CASE_ID,ACCIDENT_YEAR,PROC_DATE,JURIS,COLLISION_DATE,COLLISION_TIME,OFFICER_ID,REPORTING_DISTRICT,DAY_OF_WEEK,CHP_SHIFT,POPULATION,CNTY_CITY_LOC,SPECIAL_COND,BEAT_TYPE,CHP_BEAT_TYPE,CITY_DIVISION_LAPD,CHP_BEAT_CLASS,BEAT_NUMBER,PRIMARY_RD,SECONDARY_RD,DISTANCE,DIRECTION,INTERSECTION,WEATHER_1,WEATHER_2,STATE_HWY_IND,CALTRANS_COUNTY,CALTRANS_DISTRICT,STATE_ROUTE,ROUTE_SUFFIX,POSTMILE_PREFIX,POSTMILE,LOCATION_TYPE,RAMP_INTERSECTION,SIDE_OF_HWY,TOW_AWAY,COLLISION_SEVERITY,NUMBER_KILLED,NUMBER_INJURED,PARTY_COUNT,PRIMARY_COLL_FACTOR,PCF_CODE_OF_VIOL,PCF_VIOL_CATEGORY,PCF_VIOLATION,PCF_VIOL_SUBSECTION,HIT_AND_RUN,TYPE_OF_COLLISION,MVIW,PED_ACTION,ROAD_SURFACE,ROAD_COND_1,ROAD_COND_2,LIGHTING,CONTROL_DEVICE,CHP_ROAD_TYPE,PEDESTRIAN_ACCIDENT,BICYCLE_ACCIDENT,MOTORCYCLE_ACCIDENT,TRUCK_ACCIDENT,NOT_PRIVATE_PROPERTY,ALCOHOL_INVOLVED,STWD_VEHTYPE_AT_FAULT,CHP_VEHTYPE_AT_FAULT,COUNT_SEVERE_INJ,COUNT_VISIBLE_INJ,COUNT_COMPLAINT_PAIN,COUNT_PED_KILLED,COUNT_PED_INJURED,COUNT_BICYCLIST_KILLED,COUNT_BICYCLIST_INJURED,COUNT_MC_KILLED,COUNT_MC_INJURED,PRIMARY_RAMP,SECONDARY_RAMP,LATITUDE,LONGITUDE,COUNTY,CITY,POINT_X,POINT_Y
6069407,2013,2014-02-21,9745,2013-05-03,0935,011277,,5,1,9,4000,0,1,3,,2,023,"RT 1","DAIRY CREEK RD",3168.00,S,N,A,-,Y,SLO,5,1,-,-,21.610,H,-,N,Y,3,0,1,2,A,-,08,22107,,N,A,C,A,A,H,-,A,D,1,,,,,Y,,A,01,0,1,0,0,0,0,0,0,0,"- ","- ",35.32593,-120.72674000000001,"SAN LUIS OBISPO",UNINCORPORATED,-120.7263729,35.325865700000001
6097786,2013,2014-02-28,4006,2013-05-31,1555,32625,,5,5,4,4006,0,0,0,,0,,"S HIGUERA",MARGARITA,0.00,,Y,A,-,N,,,,,,,,,,Y,3,0,1,2,A,-,12,21453,A,N,D,C,A,A,H,-,A,A,0,,,,,Y,,D,22,0,1,0,0,0,0,0,0,0,"- ","- ",,,"SAN LUIS OBISPO","SAN LUIS OBISPO",-120.6687125,35.257074899999999
5038822,2011,2012-03-16,9745,2011-01-13,0035,017017,,4,3,9,4000,0,3,5,,2,004,"S HALCYON RD","MOUNTAIN VIEW RD",587.00,N,N,A,-,N,,,,,,,,,,Y,3,0,3,1,A,-,01,23152,A,N,F,I,A,A,H,-,D,D,0,,,,,Y,Y,A,07,0,3,0,0,0,0,0,0,0,"- ","- ",35.289059999999999,-120.65777,"SAN LUIS OBISPO",UNINCORPORATED,-120.59086847,35.085032920000003
5179794,2011,2012-10-08,4008,2011-05-01,1516,3027,,7,5,4,4008,0,0,0,,0,,"RT 41","CURBARIL AV",345.00,W,N,A,-,Y,SLO,5,41,-,-,15.040,H,-,N,Y,3,0,5,3,A,-,03,22350,,N,C,C,A,A,H,-,A,A,0,,,,,Y,,A,01,0,1,4,0,0,0,0,0,0,"- ","- ",,,"SAN LUIS OBISPO",ATASCADERO,-120.66862913999999,35.473338290000001
5430095,2011,2013-04-19,9740,2011-12-09,1155,11452,,5,1,4,4008,0,1,2,,2,002,"RT 101","DEL RIO RD",2112.00,N,N,A,-,Y,SLO,5,101,-,-,48.730,H,-,N,N,4,0,3,2,A,-,03,22350,,N,C,C,A,A,H,-,A,D,1,,,,,Y,,A,01,0,0,3,0,0,0,0,0,0,"- ","- ",35.518650000000001,-120.70325,"SAN LUIS OBISPO",ATASCADERO,-120.70272063,35.518114969999999
5941891,2013,2014-10-31,9745,2013-02-25,1052,18021,,1,1,9,4000,0,1,3,,1,041,"RT 1","OLIVERA AV",3.00,N,N,A,-,Y,SLO,5,1,-,-,4.580,H,-,N,Y,2,0,1,2,A,-,09,21802,A,N,A,C,A,A,H,-,A,D,0,,,,,Y,,A,01,1,0,0,0,0,0,0,0,0,"- ","- ",35.040289999999999,-120.56788,"SAN LUIS OBISPO",UNINCORPORATED,-120.5675675,35.039687600000001
6021218,2013,2014-10-31,4002,2013-03-29,1209,476,114,5,5,3,4002,0,0,0,,0,,"W GRAND AV","RT 1",30.00,E,N,A,-,Y,SLO,5,1,-,-,14.100,I,6,N,N,4,0,2,2,A,-,03,22350,,N,C,C,A,A,H,-,A,A,0,,,,,Y,,D,22,0,0,2,0,0,0,0,0,0,"- ","- ",,,"SAN LUIS OBISPO","GROVER BEACH",-120.62990259999999,35.121974899999998
6141465,2013,2014-03-07,4006,2013-06-30,1309,10140,,7,5,4,4006,0,0,0,,0,,"MADONNA RD","MADONNA RD 200",0.00,W,N,A,-,N,,,,,,,,,,N,4,0,2,2,A,-,07,21658,A,N,C,C,A,A,H,-,A,D,0,,,,,Y,,A,01,0,0,2,0,0,0,0,0,0,"- ","- ",,,"SAN LUIS OBISPO","SAN LUIS OBISPO",-120.67572266000001,35.264477290000002
91374297,2020,2020-12-23,9745,2020-12-16,1300,20229,,3,1,9,4000,0,3,5,,2,004,"DIVISION ST","BONITA SCHOOL RD",0.00,,Y,A,-,N,,,,,,,,,,Y,4,0,1,1,A,-,01,23152,F,M,E,I,A,A,H,-,A,A,0,,,,,Y,,A,01,0,0,1,0,0,0,0,0,0,"- ","- ",35.00360107421875,-120.51894378662109,"SAN LUIS OBISPO",UNINCORPORATED,-120.51895141601562,35.003551483154297
90514105,2017,2017-08-01,9745,2017-07-24,1828,016390,,1,2,3,4001,0,1,2,,2,402,"US-101 S/B","GRAND AVE.",80.00,N,N,A,-,Y,,,101,,,,,,S,Y,2,0,1,1,A,-,08,22107,,N,E,I,A,A,H,-,A,D,0,,,Y,,Y,,C,02,1,0,0,0,0,0,0,0,1,"- ","- ",35.121009999999998,-120.58562999999999,"SAN LUIS OBISPO","ARROYO GRANDE",-120.58540143,35.121771289999998
90634808,2017,2018-01-08,9740,2017-12-29,1140,013733,,5,1,9,4000,0,3,5,,2,019,"N. MONTEREY ROAD","EXLINE ROAD",528.00,N,N,A,-,N,,,,,,,,,,Y,3,0,1,2,A,-,09,21801,A,N,D,C,A,A,H,-,A,D,0,,,,,Y,,D,22,0,1,0,0,0,0,0,0,0,"- ","- ",35.684629999999999,-120.69529,"SAN LUIS OBISPO",UNINCORPORATED,-120.69553895999999,35.684058489999998
90739544,2018,2018-06-01,9745,2018-05-30,1755,016068,,3,2,9,4000,0,1,2,,1,101,"US-101 NORTHBOUND","RYAN'S GATE",1056.00,N,N,A,-,Y,,,101,,,,,,N,Y,4,0,2,2,A,-,03,22350,,N,C,C,A,A,H,-,A,D,0,,,,,Y,,A,01,0,0,2,0,0,0,0,0,0,"- ","- ",35.339000701904297,-120.62740325927734,"SAN LUIS OBISPO",UNINCORPORATED,-120.62743377685547,35.338993072509766
90855596,2018,2018-11-07,9745,2018-10-30,1010,015144,,2,1,9,4000,0,1,3,,1,043,SR-1,"GRACIA WAY",0.00,,Y,A,-,Y,,,1,,,,,,,N,3,0,1,2,A,-,08,22107,,N,B,G,A,A,H,-,A,D,0,,Y,,,Y,,E,22,0,1,0,0,0,0,1,0,0,"- ","- ",35.094440460205078,-120.58200073242188,"SAN LUIS OBISPO",UNINCORPORATED,-120.58184051513672,35.094413757324219
90960548,2019,2019-04-03,9740,2019-03-27,2022,019700,,3,2,9,4000,0,1,2,,2,004,"US-101 SOUTHBOUND","MISSION STREET",320.00,N,N,C,-,Y,,,101,,,,,,S,Y,3,0,1,1,A,-,08,22107,,N,E,I,A,B,H,-,D,D,0,,,,,Y,,A,07,0,1,0,0,0,0,0,0,0,"- ","- ",35.775661468505859,-120.71315002441406,"SAN LUIS OBISPO",UNINCORPORATED,-120.71315765380859,35.775646209716797
91361985,2020,2020-12-09,9740,2020-12-05,0855,019800,,6,1,9,4000,0,3,5,,2,022,"NACIMIENTO LAKE DR","CHIMNEY ROCK RD",5808.00,N,N,A,-,N,,,,,,,,,,Y,3,0,1,2,A,-,07,21658,A,F,B,C,A,A,H,-,A,A,0,,,,,Y,,D,22,0,1,0,0,0,0,0,0,0,"- ","- ",35.699440002441406,-120.80928039550781,"SAN LUIS OBISPO",UNINCORPORATED,-120.77886962890625,35.688388824462891
9071962,2020,2020-05-21,4004,2020-02-08,1810,1383,,6,5,3,4004,0,0,0,,0,,"SPRING ST","7TH ST",0.00,,Y,A,-,N,,,,,,,,,,N,4,0,1,2,A,-,09,21804,A,N,D,C,A,A,H,-,C,D,0,,,,,Y,,A,01,0,0,1,0,0,0,0,0,0,"- ","- ",35.621479034423828,-120.69093322753906,"SAN LUIS OBISPO","PASO ROBLES",-120.69095611572266,35.621509552001953
9120352,2020,2020-10-02,4008,2020-05-26,2300,3113,,2,5,4,4008,0,0,0,,0,,"MORRO RD","OLD MORRO RD EAST",1900.00,E,N,A,-,Y,SLO,5,41,-,-,14.100,H,-,N,Y,4,0,1,1,C,-,18,,,N,H,H,A,A,H,-,D,D,0,,,,,Y,,-,"- ",0,0,1,0,0,0,0,0,0,"- ","- ",,,"SAN LUIS OBISPO",ATASCADERO,-120.67697143554688,35.4617919921875
9194880,2020,2021-01-21,4004,2020-11-27,1438,1383,,5,5,3,4004,0,0,0,,0,,"CRESTON RD","ROLLING HILLS RD",51.00,W,N,A,-,N,,,,,,,,,,,4,0,1,2,A,-,09,21802,A,N,B,C,A,A,H,-,A,D,0,,,,,Y,,A,01,0,0,1,0,0,0,0,0,0,"- ","- ",35.623600006103516,-120.66426849365234,"SAN LUIS OBISPO","PASO ROBLES",-120.66436767578125,35.62359619140625
90038318,2015,2015-10-26,9745,2015-10-15,1112,012876,,4,1,9,4000,0,1,2,,1,101,"US-101 SOUTHBOUND","RESERVOIR CANYON RD",1584.00,N,N,B,-,Y,,,101,,,,,,S,Y,3,0,1,1,A,-,01,23152,A,M,F,A,A,A,H,-,A,D,0,,,,,Y,Y,A,01,0,1,0,0,0,0,0,0,0,"- ","- ",35.299599999999998,-120.62642,"SAN LUIS OBISPO",UNINCORPORATED,-120.62636431,35.299571309999997
90420181,2017,2017-03-24,9745,2017-03-15,0945,016773,,3,1,9,4000,0,1,3,,2,023,"SR-1 SOUTHBOUND","CANET RD",0.00,,Y,B,C,Y,,,1,,,,,,S,Y,4,0,2,2,A,-,09,21801,A,N,D,C,A,B,H,-,A,D,0,,,,,Y,,A,07,0,0,2,0,0,0,0,0,0,"- ","- ",35.35454,-120.78480999999999,"SAN LUIS OBISPO",UNINCORPORATED,-120.78478841,35.35461909
90494440,2017,2017-07-05,9745,2017-06-26,2015,017151,,1,2,9,4000,0,1,3,,1,021,SR-1,"SAN GERONIMO RD",100.00,S,N,A,-,Y,,,1,,,,,,,Y,3,0,1,1,A,-,08,22107,,N,F,A,A,A,H,-,A,D,0,,,,,Y,,A,01,0,1,0,0,0,0,0,0,0,"- ","- ",35.449800000000003,-120.93219999999999,"SAN LUIS OBISPO",UNINCORPORATED,-120.93218544,35.449953870000002
8072471,2016,2017-02-04,4008,2016-06-07,2000,4125,,2,5,4,4008,0,0,0,,0,,"RT 101","CURBARIL AV",0.00,,Y,A,-,Y,SLO,5,101,-,-,45.020,R,4,S,Y,3,0,1,1,A,-,03,22350,,N,E,I,A,A,H,-,B,A,0,,,,,Y,,A,01,0,1,0,0,0,0,0,0,0,SF,"- ",,,"SAN LUIS OBISPO",ATASCADERO,-120.65971355000001,35.47891087
8202401,2016,2017-01-06,4004,2016-12-20,1157,1189,02,2,5,3,4004,0,0,0,,0,021,SPRING,9TH,90.00,S,N,A,-,N,,,,,,,,,,Y,4,0,1,3,A,-,03,22350,,N,C,C,A,A,H,-,A,A,0,,,,,Y,,A,01,0,0,1,0,0,0,0,0,0,"- ","- ",,,"SAN LUIS OBISPO","PASO ROBLES",-120.69112803,35.623303440000001
8375663,2017,2017-06-24,4006,2017-05-29,1114,15935,4006,1,5,4,4006,0,0,0,,0,ZONE2,"SOUTH HIGUERA",ELKS,34.00,W,N,A,-,N,,,,,,,,,,Y,3,0,2,2,A,-,05,21460,A,N,A,C,A,A,H,-,A,D,0,,,,,Y,Y,A,01,0,1,1,0,0,0,0,0,0,"- ","- ",35.158320000000003,-120.4032,"SAN LUIS OBISPO","SAN LUIS OBISPO",-120.67046042,35.263801880000003
8504373,2017,2018-06-07,4005,2017-11-24,0928,P090,5,5,5,2,4005,0,0,0,,0,,"PRICE ST","FRANKLIN AV",0.00,,Y,A,-,N,,,,,,,,,,Y,4,0,1,2,A,-,03,22350,,N,C,C,A,A,H,-,A,D,0,,,,,Y,,A,01,0,0,1,0,0,0,0,0,0,"- ","- ",,,"SAN LUIS OBISPO","PISMO BEACH",-120.64751099999999,35.147970000000001
8698436,2018,2018-10-18,4006,2018-07-05,2305,64920,,4,5,4,4006,0,0,0,,0,,BROAD,ORCUTT,0.00,,N,A,-,N,,,,,,,,,,Y,3,0,1,1,A,-,01,23152,,N,E,I,A,A,H,-,C,A,0,,,,,Y,Y,A,07,0,1,0,0,0,0,0,0,0,"- ","- ",35.150001525878906,-120.37999725341797,"SAN LUIS OBISPO","SAN LUIS OBISPO",-120.64994812011719,35.261280059814453
8913635,2019,2019-11-14,4005,2019-07-03,1825,P093,5,3,5,2,4005,0,0,0,,0,,"PRICE ST","DOLLIVER ST",93.00,N,N,A,-,Y,SLO,5,1,-,-,16.047,I,6,N,N,4,0,1,2,A,-,03,22350,,N,C,C,A,A,H,-,A,A,0,,,,,Y,,A,01,0,0,1,0,0,0,0,0,0,"- ","- ",,,"SAN LUIS OBISPO","PISMO BEACH",-120.64488983154297,35.146324157714844
6768179,2014,2015-02-04,4003,2014-11-21,1025,L3701,3,5,5,2,4003,0,0,0,,0,001,"MAIN ST","DUNES ST",0.00,,Y,A,-,N,,,,,,,,,,Y,4,0,1,2,A,-,09,21801,A,N,A,C,A,A,H,-,A,A,0,,,,,Y,,A,01,0,0,1,0,0,0,0,0,0,"- ","- ",,,"SAN LUIS OBISPO","MORRO BAY",-120.85002987,35.367830089999998
6842218,2015,2016-10-19,9740,2015-03-14,1710,016089,,6,2,9,4000,0,1,2,,2,001,"RT 101","SAN RAMON RD",50.00,S,N,A,-,Y,SLO,5,101,-,-,49.310,H,-,N,N,4,0,1,2,A,-,07,21658,A,N,B,C,A,A,H,-,A,A,1,,,,,Y,,A,07,0,0,1,0,0,0,0,0,0,"- ","- ",35.529240000000001,-120.7068,"SAN LUIS OBISPO",UNINCORPORATED,-120.70437644,35.526457090000001
6879933,2015,2016-10-19,9745,2015-03-30,1630,15734,,1,2,2,4005,0,1,2,,2,404,"RT 101","AVILA BEACH DR",75.00,S,N,A,-,Y,SLO,5,101,-,R,21.100,H,-,S,Y,4,0,2,2,A,-,03,22350,,N,C,C,A,A,H,-,A,D,1,,,,,Y,,A,01,0,0,2,0,0,0,0,0,0,"- ","- ",35.179369999999999,-120.69926,"SAN LUIS OBISPO","PISMO BEACH",-120.69934708,35.179517050000001
6928763,2015,2015-06-09,9745,2015-05-13,0720,12601,,3,1,9,4000,0,2,4,,1,025,"LOS OSOS VLY RD","TURRI RD",11088.00,E,N,A,-,N,,,,,,,,,,Y,4,0,2,2,A,-,03,22350,,N,C,C,A,A,H,-,A,D,0,,,,,Y,,A,07,0,0,2,0,0,0,0,0,0,"- ","- ",35.287959999999998,-120.74239,"SAN LUIS OBISPO",UNINCORPORATED,-120.74254381999999,35.288040100000003
7026910,2015,2017-01-13,9745,2015-07-29,0520,013212,,3,3,3,4001,0,1,2,,2,402,"RT 101","OAK PARK BL",1584.00,S,N,B,-,Y,SLO,5,101,-,-,14.310,H,-,N,Y,4,0,1,1,C,-,18,,,N,H,H,A,A,H,-,D,D,1,,,Y,,Y,,-,"- ",0,0,1,0,0,0,0,0,1,"- ","- ",35.127949999999998,-120.60062000000001,"SAN LUIS OBISPO","ARROYO GRANDE",-120.60177018,35.12860878
7187289,2016,2016-03-04,4006,2016-02-07,0732,80908,,7,5,4,4006,0,0,0,,0,,"SANTA ROSA",MONTEREY,0.00,,Y,A,-,N,,,,,,,,,,Y,4,0,1,2,A,-,12,21453,A,N,D,C,A,A,H,-,A,A,0,,,,,Y,,A,01,0,0,1,0,0,0,0,0,0,"- ","- ",,,"SAN LUIS OBISPO","SAN LUIS OBISPO",-120.65995992000001,35.282600080000002
6306198,2013,2014-04-23,4002,2013-09-29,1529,338,103,7,5,3,4002,0,0,0,,0,001,"S 13TH ST","LONGBRANCH AV",0.00,,Y,A,-,N,,,,,,,,,,N,3,0,1,2,A,-,01,23152,A,F,B,C,A,A,H,-,A,A,0,,,,,Y,Y,A,01,0,1,0,0,0,0,0,0,0,"- ","- ",,,"SAN LUIS OBISPO","GROVER BEACH",-120.6154626,35.119174800000003
6420190,2014,2014-06-10,4006,2014-01-06,1747,16380,,1,5,4,4006,0,0,0,,0,,"LOS OSOS VALLEY","CALLE JOAQUIN",190.00,N,N,A,-,N,,,,,,,,,,Y,4,0,2,2,A,-,03,22350,,N,C,C,A,A,H,-,C,D,0,,,,,Y,,A,01,0,0,2,0,0,0,0,0,0,"- ","- ",,,"SAN LUIS OBISPO","SAN LUIS OBISPO",-120.68327143,35.247212869999998
6630270,2014,2014-11-05,9745,2014-09-10,1330,017017,,3,1,3,4001,0,2,4,,1,051,"LOS BERROS RD","FALCON CREST DR",1056.00,N,N,A,-,N,,,,,,,,,,Y,3,0,1,1,A,-,01,23152,A,N,E,I,A,A,H,-,A,D,0,,,,,Y,Y,D,22,0,1,0,0,0,0,0,0,0,"- ","- ",,,"SAN LUIS OBISPO","ARROYO GRANDE",-120.57528899,35.101691959999997
6712903,2014,2016-02-16,4001,2014-10-17,1718,P090,1,5,5,3,4001,0,0,0,,0,,"EAST GRAND AV","EL CAMINO REAL",0.00,,Y,A,-,N,,,,,,,,,,Y,4,0,2,2,A,-,09,21802,A,N,D,C,A,A,H,-,A,A,0,,,Y,,Y,,C,02,0,0,2,0,0,0,0,0,1,"- ","- ",,,"SAN LUIS OBISPO","ARROYO GRANDE",-120.58388650000001,35.121317050000002
6721329,2014,2016-06-18,9745,2014-11-12,1300,12601,,3,1,9,4000,0,1,3,,2,023,"RT 1","EDUCATION DR",0.00,,Y,A,-,Y,SLO,5,1,-,-,22.653,I,5,S,N,4,0,2,2,A,-,12,21453,A,N,D,C,A,A,H,-,A,A,1,,,,,Y,,A,01,0,0,2,0,0,0,0,0,0,"- ","- ",35.332769999999996,-120.74341,"SAN LUIS OBISPO",UNINCORPORATED,-120.74273307999999,35.333177480000003
6749092,2014,2015-02-03,9740,2014-12-15,0115,015167,,1,3,9,4000,0,1,3,,2,008,"RT 46","RT 41",1584.00,W,N,A,-,Y,,,,,,,,,,Y,2,0,4,2,A,-,05,21460,A,N,A,C,A,A,H,-,D,D,0,,,,,Y,,A,01,1,1,2,0,0,0,0,0,0,"- ","- ",,,"SAN LUIS OBISPO",UNINCORPORATED,-120.36306765,35.663041560000003
5137296,2011,2012-04-18,4006,2011-03-04,1446,54160,,5,5,4,4006,0,0,0,,0,,MADONNA,"EL MERCADO",0.00,,Y,A,-,N,,,,,,,,,,Y,4,0,1,3,A,-,12,21453,A,N,D,C,A,A,H,-,A,A,0,,,,,Y,,D,22,0,0,1,0,0,0,0,0,0,"- ","- ",,,"SAN LUIS OBISPO","SAN LUIS OBISPO",-120.67859,35.262569999999997
5801529,2012,2013-12-10,9740,2012-09-12,1805,013583,,3,2,9,4000,0,3,5,,2,017,"LA PANZA RD","RT 41",3168.00,E,N,A,-,N,,,,,,,,,,Y,3,0,1,1,A,-,08,22107,,N,E,I,A,A,H,-,A,D,0,,,,,Y,,A,01,0,1,0,0,0,0,0,0,0,"- ","- ",35.530520000000003,-120.51667999999999,"SAN LUIS OBISPO",UNINCORPORATED,-120.51542406,35.529767790000001
5870456,2012,2013-12-28,9745,2012-10-26,0943,011721,,5,1,9,4000,0,2,4,,2,047,"LOPEZ DR","ORCUTT RD",0.00,,N,A,-,N,,,,,,,,,,Y,2,0,2,2,A,-,01,23152,A,N,A,C,A,A,H,-,A,D,0,,,,,Y,Y,A,01,1,1,0,0,0,0,0,0,0,"- ","- ",35.174390000000002,-120.52798,"SAN LUIS OBISPO",UNINCORPORATED,-120.53011264,35.172584839999999
6012155,2013,2014-10-31,4006,2013-03-15,1728,88907,,5,5,4,4006,0,0,0,,0,0Z1,"RT 1",OAK,0.00,,Y,A,-,Y,SLO,5,1,-,-,16.990,I,5,N,Y,4,0,1,2,A,-,09,21801,,N,D,C,A,A,H,-,A,A,0,,,,,Y,,A,08,0,0,1,0,0,0,0,0,0,"- ","- ",,,"SAN LUIS OBISPO","SAN LUIS OBISPO",-120.6647207,35.287950799999997
6061442,2013,2014-02-22,9745,2013-05-15,0825,013531,,3,1,9,4000,0,3,5,,2,005,"HUTTON RD","VISTA DEL RIO",2112.00,N,N,A,-,N,,,,,,,,,,Y,2,0,1,2,A,-,03,22350,,N,C,C,A,A,H,-,A,D,0,,,Y,,Y,,C,02,1,0,0,0,0,0,0,0,1,"- ","- ",35.00714,-120.44632,"SAN LUIS OBISPO",UNINCORPORATED,-120.44635266,35.007096410000003
6087939,2013,2014-02-26,4006,2013-05-11,0808,64920,,6,5,4,4006,0,0,0,,0,,"SANTA BARBARA",ROUNDHOUSE,45.00,N,N,A,-,N,,,,,,,,,,N,4,0,1,2,A,-,08,22107,,N,B,C,A,A,H,-,A,D,0,,,,,Y,,D,22,0,0,1,0,0,0,0,0,0,"- ","- ",,,"SAN LUIS OBISPO","SAN LUIS OBISPO",-120.6564297,35.270617999999999
90895998,2018,2019-01-02,9745,2018-12-19,1722,016773,,3,2,9,4000,0,1,3,,1,011,SR-41,"MORRO CREEK RANCH RD",792.00,N,N,A,-,Y,,,41,,,,,,,Y,2,0,1,2,A,-,08,22107,,N,B,C,A,A,H,-,B,D,0,,,,,Y,,A,08,1,0,0,0,0,0,0,0,0,"- ","- ",35.400989532470703,-120.82462310791016,"SAN LUIS OBISPO",UNINCORPORATED,-120.82464599609375,35.401050567626953
90940074,2019,2019-03-05,9740,2019-02-23,1945,016816,,6,2,9,4000,0,3,5,,2,019,"ESTRELLA RD","AIRPORT RD",3696.00,W,N,A,-,N,,,,,,,,,,Y,4,0,1,1,A,-,01,23152,A,N,E,I,A,A,H,-,D,D,0,,,,,Y,Y,D,22,0,0,1,0,0,0,0,0,0,"- ","- ",35.721450805664062,-120.64946746826172,"SAN LUIS OBISPO",UNINCORPORATED,-120.64947509765625,35.721260070800781
90964618,2019,2019-04-09,9745,2019-04-05,1710,020417,,5,2,9,4000,0,1,2,,2,505,"US-101 SOUTHBOUND","LOS BERROS RD",1056.00,N,N,B,-,Y,,,101,,,,,,S,Y,4,0,1,2,A,-,03,22350,,N,C,C,A,A,H,-,A,D,0,,,,,Y,,A,07,0,0,1,0,0,0,0,0,0,"- ","- ",35.074069976806641,-120.51902770996094,"SAN LUIS OBISPO",UNINCORPORATED,-120.51905059814453,35.074047088623047
91200208,2020,2020-03-02,9740,2020-02-29,1725,019800,,6,2,9,4000,0,3,5,,2,022,"LYNCH CANYON DR","TIERRA REDONDA RD",1584.00,W,N,A,-,N,,,,,,,,,,Y,3,0,1,1,A,-,08,22107,,N,E,I,A,A,H,-,A,D,0,,,,,Y,,A,01,0,1,0,0,0,0,0,0,0,"- ","- ",35.783000946044922,-120.97943115234375,"SAN LUIS OBISPO",UNINCORPORATED,-120.97688293457031,35.7830810546875
91325487,2020,2020-10-16,9740,2020-10-10,2232,017952,,6,3,9,4000,0,1,3,,2,011,"SR-46 (WEST)","GREEN VALLEY RD",528.00,W,N,A,-,Y,,,46,,,,,,,Y,2,0,1,2,A,-,03,22350,,N,C,C,A,A,H,-,D,D,0,,,,,Y,,A,01,1,0,0,0,0,0,0,0,0,"- ","- ",35.539180755615234,-121.01358795166016,"SAN LUIS OBISPO",UNINCORPORATED,-121.01361846923828,35.539249420166016
90547996,2017,2017-09-14,9745,2017-09-13,0800,014713,,3,1,9,4000,0,1,2,,1,101,"US-101 SOUTHBOUND","RESERVOIR CANYON RD",4752.00,N,N,B,-,Y,,,101,,,,,,S,N,4,0,1,2,A,-,03,22350,,N,C,C,A,A,H,-,A,D,0,,,,,Y,,D,22,0,0,1,0,0,0,0,0,0,"- ","- ",35.308529999999998,-120.62499,"SAN LUIS OBISPO",UNINCORPORATED,-120.62494217,35.308515530000001
90553934,2017,2017-09-22,9745,2017-09-19,1550,014910,,2,2,9,4000,0,3,5,,2,002,"OLD CREEK RD","RICHARD AVE",2112.00,W,N,A,-,N,,,,,,,,,,N,3,0,1,1,C,-,18,,,N,E,H,A,A,H,-,A,D,0,,,,,Y,,-,"- ",0,1,0,0,0,0,0,0,0,"- ","- ",35.434199999999997,-120.87793000000001,"SAN LUIS OBISPO",UNINCORPORATED,-120.88202,35.428840000000001
90712358,2018,2018-04-24,9740,2018-04-14,1356,017952,,6,1,4,4008,0,1,2,,2,001,"US-101 N/B TO EL CAMINO REAL","EL CAMINO REAL",50.00,S,N,A,-,Y,,,101,,,,R,,N,N,4,0,1,1,A,-,08,22107,,N,E,I,A,A,H,-,A,D,0,,,Y,,Y,,C,02,0,0,1,0,0,0,0,0,1,"- ","- ",35.484859466552734,-120.66323089599609,"SAN LUIS OBISPO",ATASCADERO,-120.66323089599609,35.484859466552734
90755772,2018,2018-06-26,9745,2018-06-25,1820,020229,,1,2,9,4000,0,3,5,,2,002,"NIPOMO AVE","MOUNTAIN VIEW DR",0.00,,Y,A,-,N,,,,,,,,,,N,4,0,1,2,A,-,09,21802,A,N,D,C,A,A,H,-,A,A,0,,,,,Y,,A,01,0,0,1,0,0,0,0,0,0,"- ","- ",35.316928863525391,-120.82427978515625,"SAN LUIS OBISPO",UNINCORPORATED,-120.82443237304688,35.316879272460938
90765294,2018,2018-07-09,9740,2018-07-06,1300,015854,,5,1,3,4004,0,1,2,,2,003,"US-101 NORTHBOUND","13TH ST",180.00,N,N,A,-,Y,,,101,,,,,,N,Y,4,0,1,2,A,-,03,22350,,N,C,C,A,A,H,-,A,D,0,,,,Y,Y,,A,01,0,0,1,0,0,0,0,0,0,"- ","- ",35.628589630126953,-120.68647003173828,"SAN LUIS OBISPO","PASO ROBLES",-120.6865234375,35.628585815429688
90848029,2018,2018-10-29,9745,2018-10-18,1907,017151,,4,2,9,4000,0,1,2,,1,101,"US-101 NORTHBOUND","STAGE COACH RD",5280.00,N,N,A,-,Y,,,101,,,,,,N,Y,2,0,1,2,A,-,03,22350,,N,C,C,A,A,H,-,D,D,0,,,,Y,Y,Y,A,07,1,0,0,0,0,0,0,0,0,"- ","- ",35.332199096679688,-120.62329864501953,"SAN LUIS OBISPO",UNINCORPORATED,-120.62338256835938,35.332138061523438
9210465,2020,2021-02-18,4008,2020-12-15,1310,5155,,2,5,4,4008,0,0,0,,0,,"EL BORDO AV","EL CAMINO REAL",325.00,E,N,A,-,N,,,,,,,,,,Y,4,0,1,4,A,-,01,23152,F,N,A,E,A,A,H,-,A,D,0,,,,,Y,,A,01,0,0,1,0,0,0,0,0,0,"- ","- ",35.464038848876953,-120.64681243896484,"SAN LUIS OBISPO",ATASCADERO,-120.64598083496094,35.464485168457031
90020024,2015,2015-10-19,9750,2015-09-08,1745,017379,,2,2,9,4000,0,1,3,,1,066,"SR-166 (STATE ROUTE 166)","SR-33 (STATE ROUTE 33)",5280.00,E,N,A,-,Y,,,,,,,,,,Y,1,1,0,1,A,-,08,22107,,N,E,I,A,A,H,-,A,D,0,,,,,Y,,A,07,0,0,0,0,0,0,0,0,0,"- ","- ",34.938180000000003,-119.49055,"SAN LUIS OBISPO",UNINCORPORATED,,