CASE_ID,ACCIDENT_YEAR,PROC_DATE,JURIS,COLLISION_DATE,COLLISION_TIME,OFFICER_ID,REPORTING_DISTRICT,DAY_OF_WEEK,CHP_SHIFT,POPULATION,CNTY_CITY_LOC,SPECIAL_COND,BEAT_TYPE,CHP_BEAT_TYPE,CITY_DIVISION_LAPD,CHP_BEAT_CLASS,BEAT_NUMBER,PRIMARY_RD,SECONDARY_RD,DISTANCE,DIRECTION,INTERSECTION,WEATHER_1,WEATHER_2,STATE_HWY_IND,CALTRANS_COUNTY,CALTRANS_DISTRICT,STATE_ROUTE,ROUTE_SUFFIX,POSTMILE_PREFIX,POSTMILE,LOCATION_TYPE,RAMP_INTERSECTION,SIDE_OF_HWY,TOW_AWAY,COLLISION_SEVERITY,NUMBER_KILLED,NUMBER_INJURED,PARTY_COUNT,PRIMARY_COLL_FACTOR,PCF_CODE_OF_VIOL,PCF_VIOL_CATEGORY,PCF_VIOLATION,PCF_VIOL_SUBSECTION,HIT_AND_RUN,TYPE_OF_COLLISION,MVIW,PED_ACTION,ROAD_SURFACE,ROAD_COND_1,ROAD_COND_2,LIGHTING,CONTROL_DEVICE,CHP_ROAD_TYPE,PEDESTRIAN_ACCIDENT,BICYCLE_ACCIDENT,MOTORCYCLE_ACCIDENT,TRUCK_ACCIDENT,NOT_PRIVATE_PROPERTY,ALCOHOL_INVOLVED,STWD_VEHTYPE_AT_FAULT,CHP_VEHTYPE_AT_FAULT,COUNT_SEVERE_INJ,COUNT_VISIBLE_INJ,COUNT_COMPLAINT_PAIN,COUNT_PED_KILLED,COUNT_PED_INJURED,COUNT_BICYCLIST_KILLED,COUNT_BICYCLIST_INJURED,COUNT_MC_KILLED,COUNT_MC_INJURED,PRIMARY_RAMP,SECONDARY_RAMP,LATITUDE,LONGITUDE,COUNTY,CITY,POINT_X,POINT_Y
90102842,2016,2016-01-26,9740,2016-01-13,0650,014465,,3,1,9,4000,0,1,3,,2,005,SR-58,"WILHELMINA AVE.",0.00,,Y,B,C,Y,,,58,,,,,,,Y,4,0,1,2,A,-,12,22450,A,N,D,C,A,B,H,-,B,A,0,,,,,Y,Y,A,01,0,0,1,0,0,0,0,0,0,"- ","- ",35.386279999999999,-120.61752,"SAN LUIS OBISPO",UNINCORPORATED,-120.61754963,35.386333260000001
90159821,2016,2016-04-18,9745,2016-04-08,1130,013206,9745,5,1,9,4000,0,1,3,,1,021,SR-1,"SAN GERONIMO RD",3100.00,N,N,B,C,Y,,,1,,,,,,,Y,4,0,2,1,A,-,08,22107,,N,F,A,A,B,H,-,A,D,0,,,,,Y,,A,01,0,0,2,0,0,0,0,0,0,"- ","- ",35.451079999999997,-120.94275,"SAN LUIS OBISPO",UNINCORPORATED,-120.94275604000001,35.451045620000002
90220387,2016,2016-07-11,9745,2016-07-05,0148,020144,,2,3,9,4000,0,1,2,,2,303,"US-101 SOUTHBOUND","SAN LUIS BAY DR",2112.00,S,N,A,-,Y,,,101,,,,,,S,Y,3,0,2,1,A,-,08,22107,,N,E,I,A,A,H,-,D,D,0,,,,Y,Y,,F,26,0,1,1,0,0,0,0,0,0,"- ","- ",35.192480000000003,-120.70083,"SAN LUIS OBISPO",UNINCORPORATED,-120.70080769,35.19247361
90362814,2016,2017-01-06,9740,2016-12-30,1545,014662,,5,2,3,4004,0,1,2,,2,003,"US 101 S/B","NIBLICK RD",1056.00,S,N,B,C,Y,,,,,,,,,,N,4,0,2,3,A,-,03,22350,,N,C,C,A,B,H,-,A,D,0,,,,,Y,,D,22,0,0,2,0,0,0,0,0,0,"- ","- ",35.609999999999999,-120.6918,"SAN LUIS OBISPO","PASO ROBLES",-120.69058552,35.612703099999997
8567482,2018,2018-03-13,4006,2018-02-18,0842,15913,,7,5,4,4006,0,0,0,,0,,OSOS,LEFF,30.00,S,N,A,-,N,,,,,,,,,,Y,4,0,1,1,A,-,08,22107,,N,E,I,A,A,H,-,A,D,0,,,,,Y,,A,01,0,0,1,0,0,0,0,0,0,"- ","- ",35.276409149169922,-120.65653228759766,"SAN LUIS OBISPO","SAN LUIS OBISPO",-120.65664672851562,35.276485443115234
8599996,2018,2018-08-23,4004,2018-06-10,1613,0890,03,7,5,3,4004,0,0,0,,0,039,"RT 46 E","UNION RD",0.00,,Y,A,-,Y,SLO,5,46,-,-,38.610,I,6,W,Y,4,0,1,2,A,-,09,21802,B,N,D,C,A,A,H,-,A,A,0,,,,,Y,,A,01,0,0,1,0,0,0,0,0,0,"- ","- ",,,"SAN LUIS OBISPO","PASO ROBLES",-120.53399658203125,35.655387878417969
8673260,2018,2018-08-27,4006,2018-06-15,1736,67256,4006,5,5,4,4006,0,0,0,,0,,"LOS OSOS VALLEY","CALLE JOAQUIN",0.00,,Y,A,-,N,,,,,,,,,,N,4,0,1,2,A,-,03,22350,,N,C,C,A,A,H,-,A,D,0,,,,,Y,,A,01,0,0,1,0,0,0,0,0,0,"- ","- ",35.246719360351562,-120.68515014648438,"SAN LUIS OBISPO","SAN LUIS OBISPO",-120.68302917480469,35.246730804443359
8718278,2018,2018-11-27,4004,2018-09-28,1654,1353,03,5,5,3,4004,0,0,0,,0,038,"RT 46","GOLDEN HILL",858.00,W,N,A,-,Y,SLO,5,46,-,-,31.150,H,-,E,Y,4,0,3,2,A,-,03,22350,,N,C,C,A,A,H,-,A,A,0,,,,,Y,,A,01,0,0,3,0,0,0,0,0,0,"- ","- ",,,"SAN LUIS OBISPO","PASO ROBLES",-120.66083526611328,35.644416809082031
8980791,2019,2020-01-27,4008,2019-11-06,2228,1145,,3,5,4,4008,0,0,0,,0,,"CURBARIL AV","SINALOA AV",186.00,E,N,A,-,N,,,,,,,,,,Y,3,0,1,1,A,-,01,23152,G,N,E,I,A,A,H,-,D,D,0,,,,,Y,Y,D,22,0,1,0,0,0,0,0,0,0,"- ","- ",35.478279113769531,-120.6552734375,"SAN LUIS OBISPO",ATASCADERO,-120.65476989746094,35.478626251220703
9112555,2020,2020-11-12,4001,2020-05-31,1232,P0123,461,7,5,3,4001,0,0,0,,0,OPERAT,"E CHERRY AV","E CHERRY AV 603",0.00,,Y,B,-,N,,,,,,,,,,Y,4,0,1,2,A,-,08,22107,,N,B,E,A,A,H,-,A,D,0,,,,,Y,,A,01,0,0,1,0,0,0,0,0,0,"- ","- ",,,"SAN LUIS OBISPO","ARROYO GRANDE",,
6172998,2013,2014-04-04,4006,2013-07-22,1648,25950,,1,5,4,4006,0,0,0,,0,,HIGH,HIGUERA,103.00,E,N,A,-,N,,,,,,,,,,N,4,0,1,2,A,-,03,22350,,N,C,C,A,A,H,-,A,A,0,,,,,Y,,A,01,0,0,1,0,0,0,0,0,0,"- ","- ",,,"SAN LUIS OBISPO","SAN LUIS OBISPO",-120.6695277,35.272165899999997
6237358,2013,2014-11-06,4001,2013-09-22,1628,P0107,4,7,5,3,4001,0,0,0,,0,,"WEST BRANCH ST","RODEO DR",239.00,W,N,A,-,Y,,,,,,,,,,N,4,0,1,2,A,-,06,21755,,N,B,C,A,A,H,-,A,D,0,,,,,Y,,A,01,0,0,1,0,0,0,0,0,0,"- ","- ",,,"SAN LUIS OBISPO","ARROYO GRANDE",-120.5919109,35.124405000000003
6453986,2014,2014-08-06,4004,2014-04-11,0852,0476,04,5,5,3,4004,0,0,0,,0,048,SHERWOOD,CRESTON,18.00,E,N,B,-,N,,,,,,,,,,N,4,0,1,2,A,-,03,22350,,N,C,C,A,A,H,-,A,A,0,,,,,Y,,A,01,0,0,1,0,0,0,0,0,0,"- ","- ",,,"SAN LUIS OBISPO","PASO ROBLES",-120.65905945,35.615750319999997
6922323,2015,2016-11-03,9745,2015-05-04,2255,016514,,1,3,9,4000,0,1,3,,1,011,"RT 41","TORO CREEK RD",1056.00,N,N,A,-,Y,SLO,5,41,-,-,9.500,H,-,S,Y,4,0,1,1,A,-,08,22107,,N,E,I,A,A,H,-,D,D,0,,,,,Y,,A,01,0,0,1,0,0,0,0,0,0,"- ","- ",35.460340000000002,-120.74684000000001,"SAN LUIS OBISPO",UNINCORPORATED,-120.74689927,35.460219270000003
8018326,2016,2017-02-18,4008,2016-04-03,1214,3054,PRSC,7,5,4,4008,0,0,0,,0,,"DEL RIO RD","RT 101",0.00,,Y,A,-,Y,SLO,5,101,-,-,48.430,R,4,N,N,4,0,2,2,A,-,03,22350,,N,C,-,A,A,H,-,A,A,0,,,,,Y,,-,,0,0,2,0,0,0,0,0,0,"- ",NO,,,"SAN LUIS OBISPO",ATASCADERO,-120.70019154000001,35.514466740000003
8202049,2016,2017-01-19,4008,2016-12-20,1456,3013,,2,5,4,4008,0,0,0,,0,,"CURBARIL AV","VALLE AV",0.00,,Y,A,-,N,,,,,,,,,,N,4,0,2,2,A,-,03,22350,,N,C,C,A,A,H,-,A,A,0,,,,,Y,,D,22,0,0,2,0,0,0,0,0,0,"- ","- ",35.484259999999999,-120.65131,"SAN LUIS OBISPO",ATASCADERO,-120.65153995999999,35.484200059999999
5355509,2011,2013-03-19,9740,2011-09-25,2150,11615,,7,2,9,4000,0,1,3,,2,005,"RT 58","POZO RD",230.00,W,N,A,-,Y,SLO,5,58,-,-,3.100,H,-,W,N,4,0,1,2,A,-,03,22350,,N,C,C,A,A,H,-,D,D,0,,,,,Y,,A,07,0,0,1,0,0,0,0,0,0,"- ","- ",35.391129999999997,-120.60109,"SAN LUIS OBISPO",UNINCORPORATED,-120.58169562,35.38876441
5368117,2011,2012-12-10,9745,2011-09-28,1515,14610,,3,2,9,4000,0,3,5,,2,004,"22ND ST","WARNER ST",0.00,,Y,A,-,N,,,,,,,,,,N,3,0,1,2,A,-,09,21802,A,F,D,G,A,A,H,-,A,A,0,,Y,,,Y,,A,01,0,1,0,0,0,0,1,0,0,"- ","- ",35.10201,-120.60733999999999,"SAN LUIS OBISPO",UNINCORPORATED,-120.60737,35.102119999999999
5397952,2011,2013-01-16,9745,2011-11-06,1540,015366,,7,2,9,4000,0,3,5,,2,002,"LOS OSOS VALLEY RD","BRODERSON AV",0.00,,Y,A,-,N,,,,,,,,,,,4,0,2,3,A,-,09,21801,A,N,D,C,-,A,H,-,A,D,0,Y,,,,Y,,A,01,0,0,2,0,1,0,0,0,0,"- ","- ",35.312550000000002,-120.84307,"SAN LUIS OBISPO",UNINCORPORATED,-120.84318,35.31259
5410992,2011,2012-12-12,4005,2011-08-27,1503,P068,,6,5,2,4005,0,0,0,,0,,"PRICE ST","MATTIE RD",70.00,S,N,A,-,N,,,,,,,,,,N,3,0,1,2,A,-,08,22107,,N,B,G,A,A,H,-,A,D,0,,Y,,,Y,,-,"- ",0,1,0,0,0,0,1,0,0,"- ","- ",,,"SAN LUIS OBISPO","PISMO BEACH",-120.65458563999999,35.150300950000002
5464209,2012,2013-06-07,9740,2012-01-05,1010,011452,,4,1,9,4000,0,3,5,,2,021,"VINEYARD DR","BETHEL RD",0.00,,Y,A,-,N,,,,,,,,,,Y,3,0,2,2,A,-,12,22450,A,N,D,C,A,A,H,-,A,A,0,,,,,Y,,D,22,0,1,1,0,0,0,0,0,0,"- ","- ",35.54325,-120.73119,"SAN LUIS OBISPO",UNINCORPORATED,-120.73126271,35.543304929999998
5506104,2012,2013-07-06,4006,2012-01-29,1520,55155,,7,5,4,4006,0,0,0,,0,,JOHNSON,HIGUERA,0.00,,Y,A,-,N,,,,,,,,,,N,4,0,2,2,A,-,09,21801,A,N,B,C,A,A,H,-,A,D,0,,,,,Y,,A,01,0,0,2,0,0,0,0,0,0,"- ","- ",,,"SAN LUIS OBISPO","SAN LUIS OBISPO",-120.65662259,35.283644870000003
91332627,2020,2020-10-27,9740,2020-10-19,2125,019259,,1,2,9,4000,0,3,5,,2,018,"GENESEO RD","LONE PINE PL",45.00,N,N,A,-,N,,,,,,,,,,Y,2,0,2,1,A,-,01,23152,A,N,E,I,A,A,H,-,D,D,0,,,,,Y,Y,A,01,1,1,0,0,0,0,0,0,0,"- ","- ",35.626560211181641,-120.55142211914062,"SAN LUIS OBISPO",UNINCORPORATED,-120.55140686035156,35.626628875732422
90890821,2018,2018-12-27,9740,2018-12-16,1734,014622,,7,2,9,4000,0,1,3,,2,011,SR-46,SR-1,940.00,E,N,B,-,Y,,,46,,,,,,,Y,3,0,1,2,A,-,01,23152,A,N,C,C,A,A,H,-,C,D,0,,,,,Y,Y,D,22,0,1,0,0,0,0,0,0,0,"- ","- ",35.528541564941406,-121.04276275634766,"SAN LUIS OBISPO",UNINCORPORATED,-121.04273986816406,35.52850341796875
90939612,2019,2019-03-05,9745,2019-03-03,1805,019809,,7,2,9,4000,0,2,4,,1,052,"THOMPSON AVE","WILLOW RD",2112.00,N,N,B,-,N,,,,,,,,,,N,3,0,1,1,A,-,01,23152,F,N,E,I,A,A,H,-,B,D,0,,,,,Y,,A,07,0,1,0,0,0,0,0,0,0,"- ","- ",35.063499450683594,-120.49846649169922,"SAN LUIS OBISPO",UNINCORPORATED,-120.49878692626953,35.063800811767578
90957686,2019,2019-03-29,9745,2019-03-21,1207,014543,,4,1,9,4000,0,1,2,,2,202,"US-101 NORTHBOUND","PRADO RD",2112.00,S,N,A,-,Y,,,101,,,,,,N,Y,2,0,1,4,A,-,03,22350,,N,C,C,A,A,H,-,A,D,0,,,,,Y,,A,07,1,0,0,0,0,0,0,0,0,"- ","- ",35.251331329345703,-120.67807006835938,"SAN LUIS OBISPO",UNINCORPORATED,-120.67805480957031,35.251319885253906
91074598,2019,2019-09-13,9740,2019-09-12,1550,014716,,4,2,9,4000,0,3,5,,2,018,"WEST CENTRE ST.",SR-41,0.00,,Y,A,-,N,,,,,,,,,,Y,4,0,1,2,A,-,03,22350,,N,C,C,A,A,H,-,A,D,0,,,,,Y,,A,01,0,0,1,0,0,0,0,0,0,"- ","- ",35.655529022216797,-120.39959716796875,"SAN LUIS OBISPO",UNINCORPORATED,-120.41413879394531,35.661388397216797
91253791,2020,2020-06-18,9740,2020-06-12,1405,016849,,5,2,9,4000,0,1,3,,2,005,SR-58,"PARKHILL ROAD",1442.00,W,N,A,-,Y,,,58,,,,,,,N,3,0,1,1,C,-,18,,,N,E,I,A,A,H,-,A,D,0,,,Y,,Y,,-,"- ",0,1,0,0,0,0,0,0,1,"- ","- ",35.411411285400391,-120.56423187255859,"SAN LUIS OBISPO",UNINCORPORATED,-120.56423187255859,35.411445617675781
91257286,2020,2020-06-25,9745,2020-06-23,1110,016390,,2,1,3,4001,0,2,S,,2,901,"TALLY HO ROAD",SR-227,0.00,,Y,A,-,N,,,,,,,,,,Y,3,0,1,1,A,-,03,22350,,M,E,I,A,A,H,-,A,A,0,,,Y,,Y,,C,02,0,1,0,0,0,0,0,0,1,"- ","- ",35.134429931640625,-120.57041168212891,"SAN LUIS OBISPO","ARROYO GRANDE",,
90297632,2016,2016-10-20,9745,2016-10-14,0830,016390,,5,1,9,4000,0,1,2,,2,303,"US-101 S/B","SAN LUIS BAY DR.",3696.00,N,N,A,-,Y,,,101,,,,,,S,Y,3,0,2,1,A,-,08,22107,,N,E,I,A,A,H,-,A,D,0,,,,,Y,,A,07,0,2,0,0,0,0,0,0,0,"- ","- ",35.206380000000003,-120.69698,"SAN LUIS OBISPO",UNINCORPORATED,-120.69702361,35.206377279999998
90392793,2017,2017-03-01,9745,2017-02-07,1357,014910,,2,1,9,4000,0,1,2,,1,101,"US-101 NORTHBOUND","TASSAJARA CREEK ROAD",1584.00,S,N,B,C,Y,,,101,,,,,,N,Y,3,0,1,1,A,-,03,22350,,N,E,I,A,B,H,-,A,D,0,,,,,Y,Y,A,01,0,1,0,0,0,0,0,0,0,"- ","- ",35.363590000000002,-120.63821,"SAN LUIS OBISPO",UNINCORPORATED,-120.63814125,35.363593729999998
90479117,2017,2017-06-15,9745,2017-06-09,1825,019809,,5,2,9,4000,0,1,2,,2,505,"US 101 N/B","HEMI RD",910.00,S,N,A,-,Y,,,,,,,,,,Y,4,0,1,2,A,-,08,22107,,N,C,C,A,A,H,-,A,D,0,,,,,Y,,A,07,0,0,1,0,0,0,0,0,0,"- ","- ",35.082349999999998,-120.52829,"SAN LUIS OBISPO",UNINCORPORATED,-120.52845705,35.08240387
90481069,2017,2017-06-19,9740,2017-04-30,1530,018069,,7,2,9,4000,0,1,3,,1,009,SR-46,"ANTELOPE ROAD",1056.00,E,N,A,-,Y,,,46,,,,,,,Y,1,1,2,3,A,-,08,22107,,N,A,C,A,A,H,-,A,D,0,,,,Y,Y,,A,01,0,0,2,0,0,0,0,0,0,"- ","- ",35.744010000000003,-120.22447,"SAN LUIS OBISPO",UNINCORPORATED,-120.22447025,35.744066320000002
4756277,2011,2012-05-08,4006,2011-04-25,2245,15084,,1,5,4,4006,0,0,0,,0,,"TORRANCE BL","EARL ST",0.00,,Y,A,-,N,,,,,,,,,,Y,4,0,1,3,A,-,01,23152,A,N,D,C,A,A,H,-,C,A,0,,,,,Y,Y,A,07,0,0,1,0,0,0,0,0,0,"- ","- ",,,"SAN LUIS OBISPO","SAN LUIS OBISPO",,
4757237,2011,2012-04-20,4008,2011-03-26,1735,2023,,6,5,4,4008,0,0,0,,0,,"TRAFFIC WY","OLMEDA AV",0.00,,Y,C,-,N,,,,,,,,,,Y,4,0,1,2,A,-,09,21802,A,N,D,C,A,B,H,-,A,A,0,,,,,Y,,-,"- ",0,0,1,0,0,0,0,0,0,"- ","- ",,,"SAN LUIS OBISPO",ATASCADERO,-120.66828,35.492550000000001
4757261,2011,2012-04-20,4008,2011-03-31,2156,3027,,4,5,4,4008,0,0,0,,0,,"SAN JACINTO AV","HERMOSILLA AV",110.00,E,N,A,-,N,,,,,,,,,,Y,3,0,1,1,A,-,01,23152,A,N,E,I,A,A,H,-,D,A,0,,,,,Y,Y,-,"- ",0,1,0,0,0,0,0,0,0,"- ","- ",,,"SAN LUIS OBISPO",ATASCADERO,-120.67703423,35.49674821
4990630,2011,2013-03-22,4008,2011-03-01,2310,4050,,2,5,4,4008,0,0,0,,0,,"PORTOLA RD","CARMELITA RD",855.00,N,N,A,-,N,,,,,,,,,,Y,1,1,0,1,A,-,03,22350,,N,E,I,A,A,H,-,D,D,0,,,Y,,Y,Y,C,02,0,0,0,0,0,0,0,1,0,"- ","- ",,,"SAN LUIS OBISPO",ATASCADERO,-120.67581676,35.471612530000002
5042961,2011,2012-09-12,4006,2011-01-27,0127,62657,,4,5,4,4006,0,0,0,,0,,"SANTA BARBARA",LEFF,173.00,S,N,A,-,N,,,,,,,,,,Y,4,0,1,3,A,-,01,23153,A,N,C,E,A,A,H,-,C,A,0,,,,,Y,Y,A,01,0,0,1,0,0,0,0,0,0,"- ","- ",,,"SAN LUIS OBISPO","SAN LUIS OBISPO",-120.65657674000001,35.276074919999999
5057161,2011,2012-03-16,4006,2011-01-14,1416,25285,,5,5,4,4006,0,0,0,,0,,"RT 227",ORCUTT,219.00,S,N,A,-,N,,,,,,,,,,Y,4,0,1,2,A,-,03,22350,,N,C,C,A,A,H,-,A,A,0,,,,,Y,,A,08,0,0,1,0,0,0,0,0,0,"- ","- ",,,"SAN LUIS OBISPO","SAN LUIS OBISPO",-120.64963912,35.260767299999998
5057165,2011,2012-03-08,4006,2011-01-13,1611,16380,,4,5,4,4006,0,0,0,,0,,"SANTA BARBARA",HIGH,183.00,N,N,A,-,N,,,,,,,,,,N,4,0,2,3,A,-,10,21952,,N,G,B,D,A,H,-,A,D,0,Y,,,,Y,,A,01,0,0,2,0,2,0,0,0,0,"- ","- ",,,"SAN LUIS OBISPO","SAN LUIS OBISPO",-120.65625263,35.272727549999999
5074019,2011,2012-03-14,4006,2011-01-22,0815,68823,,6,5,4,4006,0,0,0,,0,,"HIGH ST","PRICE ST",0.00,,Y,A,-,N,,,,,,,,,,Y,4,0,1,2,A,-,09,21801,A,N,A,C,A,A,H,-,A,D,0,,,,,Y,,A,07,0,0,1,0,0,0,0,0,0,"- ","- ",,,"SAN LUIS OBISPO","SAN LUIS OBISPO",-120.66471,35.272170000000003
5083931,2011,2012-03-08,9745,2011-01-30,1345,015366,,7,1,9,4000,0,3,5,,2,002,"7TH ST","RAMONA AV",400.00,N,N,B,-,N,,,,,,,,,,N,3,0,1,1,C,-,18,,,N,F,G,A,A,H,-,A,D,0,,Y,,,Y,,-,"- ",0,1,0,0,0,0,1,0,0,"- ","- ",35.321570000000001,-120.83540000000001,"SAN LUIS OBISPO",UNINCORPORATED,-120.83549678999999,35.321763679999997
5083935,2011,2012-04-09,9745,2011-01-27,1714,010522,,4,2,9,4000,0,1,2,,2,505,"RT 101","THOMPSON RD",6336.00,N,N,A,-,Y,SLO,5,101,-,-,9.140,H,-,N,N,4,0,1,2,A,-,01,23152,A,M,B,C,A,A,H,-,A,D,0,,,,,Y,,A,01,0,0,1,0,0,0,0,0,0,"- ","- ",35.084650000000003,-120.53059,"SAN LUIS OBISPO",UNINCORPORATED,-120.53242387,35.086064270000001
5096463,2011,2012-03-26,4006,2011-02-08,1621,89650,,2,5,4,4006,0,0,0,,0,,PACIFIC,GARDEN,0.00,,Y,A,-,N,,,,,,,,,,Y,3,0,1,2,A,-,09,21802,A,N,D,C,A,A,H,-,A,A,0,,,Y,,Y,,D,22,0,1,0,0,0,0,0,0,1,"- ","- ",,,"SAN LUIS OBISPO","SAN LUIS OBISPO",-120.66222,35.277990000000003
5130118,2011,2012-04-19,4006,2011-03-26,1632,89650,,6,5,4,4006,0,0,0,,0,,OSOS,ISLAY,0.00,,Y,C,-,N,,,,,,,,,,Y,4,0,1,2,A,-,09,21802,A,N,D,C,A,B,H,-,A,A,0,,,,,Y,,A,07,0,0,1,0,0,0,0,0,0,"- ","- ",,,"SAN LUIS OBISPO","SAN LUIS OBISPO",-120.6574,35.277340000000002
5132352,2011,2012-06-01,9745,2011-03-02,1615,011620,,3,2,4,4006,0,1,2,,2,202,"RT 101","CALIFORNIA BL",350.00,S,N,B,C,Y,SLO,5,101,-,-,39.330,H,-,S,N,4,0,1,2,A,-,07,21658,A,N,F,A,A,B,H,-,A,D,0,,,Y,,Y,,A,01,0,0,1,0,0,0,0,0,1,"- ","- ",35.288600000000002,-120.66132,"SAN LUIS OBISPO","SAN LUIS OBISPO",-120.62366086999999,35.403193000000002
5141806,2011,2012-06-01,9740,2011-03-24,2125,012113,,4,2,3,4004,0,1,2,,2,003,"RT 101","RT 46",300.00,N,N,B,-,Y,SLO,5,101,-,-,54.190,H,-,S,Y,4,0,2,2,A,-,03,22350,,N,C,C,A,B,H,-,C,D,1,,,,,Y,,A,01,0,0,2,0,0,0,0,0,0,"- ","- ",35.653919999999999,-120.68613000000001,"SAN LUIS OBISPO","PASO ROBLES",-120.69556759,35.591239809999998
5194916,2011,2012-07-27,4008,2011-05-06,1302,2023,,5,5,4,4008,0,0,0,,0,,"EL CAMINO REAL","ENTRADA AV",70.00,N,N,A,-,N,,,,,,,,,,N,4,0,1,2,A,-,17,22517,,N,B,C,A,A,H,-,A,A,0,,,,,Y,,-,,0,0,1,0,0,0,0,0,0,"- ","- ",,,"SAN LUIS OBISPO",ATASCADERO,-120.66972263,35.489025990000002
5207100,2011,2012-08-10,9745,2011-05-22,0935,015144,,7,1,9,4000,0,3,5,,2,004,"25TH ST","WILMAR AV",0.00,,Y,B,-,N,,,,,,,,,,Y,3,0,1,1,A,-,01,23152,A,N,F,A,A,A,H,-,A,D,0,,,Y,,Y,Y,C,02,0,1,0,0,0,0,0,0,1,"- ","- ",35.104199999999999,-120.60235,"SAN LUIS OBISPO",UNINCORPORATED,-120.60223000000001,35.104179999999999
5229803,2011,2012-11-30,4006,2011-07-07,0845,36190,,4,5,4,4006,0,0,0,,0,,HIGUERA,"TANK FARM",636.00,N,N,A,-,N,,,,,,,,,,N,3,0,1,2,A,-,03,22350,,N,C,G,A,A,H,-,A,D,0,,Y,,,Y,,L,04,0,1,0,0,0,0,1,0,0,"- ","- ",,,"SAN LUIS OBISPO","SAN LUIS OBISPO",-120.67274451,35.248370430000001
5243066,2011,2013-04-12,9745,2011-07-10,0235,018556,,7,3,4,4006,0,1,2,,2,202,"RT 101","HIGUERA ST",2064.00,N,N,A,-,Y,SLO,5,101,-,R,24.710,H,-,S,Y,3,0,1,1,C,-,18,,,N,H,H,A,A,H,-,A,D,1,,,,,Y,Y,-,"- ",0,1,0,0,0,0,0,0,0,"- ","- ",35.229649999999999,-120.69127,"SAN LUIS OBISPO","SAN LUIS OBISPO",-120.69099251,35.2305548
5247581,2011,2012-10-16,9745,2011-06-25,0625,17144,,6,1,9,4000,0,1,2,,2,505,"RT 101","LAETITIA WINERY RD",1056.00,N,N,B,-,Y,SLO,5,101,-,-,11.530,H,-,N,Y,4,0,1,1,A,-,08,22107,,N,F,A,A,A,H,-,A,D,0,,,,,Y,,A,01,0,0,1,0,0,0,0,0,0,"- ","- ",35.086080000000003,-120.53252999999999,"SAN LUIS OBISPO",UNINCORPORATED,-120.55887509,35.109398679999998
5260785,2011,2013-04-12,9745,2011-07-30,1555,018786,,6,2,4,4006,0,1,2,,2,202,"RT 101","LOS OSOS VALLEY RD",4224.00,S,N,A,-,Y,SLO,5,101,-,R,25.020,H,-,N,Y,3,0,1,1,A,-,17,21711,,N,F,A,A,A,H,-,A,D,1,,,,,Y,,E,22,0,1,0,0,0,0,0,0,0,"- ","- ",35.233510000000003,-120.68809,"SAN LUIS OBISPO","SAN LUIS OBISPO",-120.68744255999999,35.233794920000001
5280250,2011,2013-03-18,9745,2011-08-16,1725,18786,,2,2,2,4005,0,1,2,,2,404,"RT 101","OCEAN VIEW AV",258.00,S,N,A,-,Y,SLO,5,101,-,-,16.320,R,2,N,Y,4,0,1,1,A,-,08,22107,,N,E,I,A,A,H,-,A,D,1,,,,,Y,,A,07,0,0,1,0,0,0,0,0,0,TO,"- ",35.139629999999997,-120.63668,"SAN LUIS OBISPO","PISMO BEACH",-120.63306262,35.13882486
5310861,2011,2013-04-11,9745,2011-08-16,1550,16514,,2,2,9,4000,0,1,3,,1,011,"RT 41","CERRO ALTO RD",2112.00,S,N,A,-,Y,SLO,5,41,-,-,6.830,H,-,S,Y,3,0,1,1,A,-,08,22107,,N,F,A,A,A,H,-,A,D,0,,,Y,,Y,,C,02,0,1,0,0,0,0,0,0,1,"- ","- ",35.428570000000001,-120.75772000000001,"SAN LUIS OBISPO",UNINCORPORATED,-120.75817266,35.428404880000002
5314901,2011,2012-12-04,9740,2011-08-26,0955,12113,,5,1,9,4000,0,3,5,,2,022,"INTERLAKE RD","NACIMIENTO LAKE DR",35.00,N,N,A,-,N,,,,,,,,,,Y,4,0,1,1,A,-,08,22107,,N,E,I,A,A,H,-,A,A,0,,,,,Y,,A,08,0,0,1,0,0,0,0,0,0,"- ","- ",35.774839999999998,-120.89134,"SAN LUIS OBISPO",UNINCORPORATED,-120.89134924,35.774879949999999
5340665,2011,2012-12-11,4006,2011-09-28,0514,59350,,3,5,4,4006,0,0,0,,0,,HIGUERA,GARDEN,54.00,E,N,A,-,N,,,,,,,,,,N,3,0,1,1,A,-,08,22107,,N,E,I,A,A,H,-,C,D,0,,Y,,,Y,,L,04,0,1,0,0,0,0,1,0,0,"- ","- ",,,"SAN LUIS OBISPO","SAN LUIS OBISPO",-120.66345244999999,35.279550440000001
5342816,2011,2013-01-30,4003,2011-07-07,1511,S6616,11,4,5,2,4003,0,0,0,,0,001,"MORRO BAY BL","RT 1",0.00,,Y,A,-,Y,SLO,5,1,-,-,29.720,R,4,N,Y,4,0,2,2,A,-,03,22350,,N,A,C,A,A,H,-,A,D,0,,,,,Y,,-,"- ",0,0,2,0,0,0,0,0,0,"- ",NF,,,"SAN LUIS OBISPO","MORRO BAY",-120.85188266999999,35.373834870000003
5343402,2011,2012-12-14,4006,2011-09-06,0922,36190,,2,5,4,4006,0,0,0,,0,,"SANTA ROSA",PALM,32.00,N,N,A,-,N,,,,,,,,,,Y,4,0,1,2,A,-,03,22350,,N,C,C,A,A,H,-,A,A,0,,,,,Y,,A,01,0,0,1,0,0,0,0,0,0,"- ","- ",,,"SAN LUIS OBISPO","SAN LUIS OBISPO",-120.66086577999999,35.283585909999999