CASE_ID,ACCIDENT_YEAR,PROC_DATE,JURIS,COLLISION_DATE,COLLISION_TIME,OFFICER_ID,REPORTING_DISTRICT,DAY_OF_WEEK,CHP_SHIFT,POPULATION,CNTY_CITY_LOC,SPECIAL_COND,BEAT_TYPE,CHP_BEAT_TYPE,CITY_DIVISION_LAPD,CHP_BEAT_CLASS,BEAT_NUMBER,PRIMARY_RD,SECONDARY_RD,DISTANCE,DIRECTION,INTERSECTION,WEATHER_1,WEATHER_2,STATE_HWY_IND,CALTRANS_COUNTY,CALTRANS_DISTRICT,STATE_ROUTE,ROUTE_SUFFIX,POSTMILE_PREFIX,POSTMILE,LOCATION_TYPE,RAMP_INTERSECTION,SIDE_OF_HWY,TOW_AWAY,COLLISION_SEVERITY,NUMBER_KILLED,NUMBER_INJURED,PARTY_COUNT,PRIMARY_COLL_FACTOR,PCF_CODE_OF_VIOL,PCF_VIOL_CATEGORY,PCF_VIOLATION,PCF_VIOL_SUBSECTION,HIT_AND_RUN,TYPE_OF_COLLISION,MVIW,PED_ACTION,ROAD_SURFACE,ROAD_COND_1,ROAD_COND_2,LIGHTING,CONTROL_DEVICE,CHP_ROAD_TYPE,PEDESTRIAN_ACCIDENT,BICYCLE_ACCIDENT,MOTORCYCLE_ACCIDENT,TRUCK_ACCIDENT,NOT_PRIVATE_PROPERTY,ALCOHOL_INVOLVED,STWD_VEHTYPE_AT_FAULT,CHP_VEHTYPE_AT_FAULT,COUNT_SEVERE_INJ,COUNT_VISIBLE_INJ,COUNT_COMPLAINT_PAIN,COUNT_PED_KILLED,COUNT_PED_INJURED,COUNT_BICYCLIST_KILLED,COUNT_BICYCLIST_INJURED,COUNT_MC_KILLED,COUNT_MC_INJURED,PRIMARY_RAMP,SECONDARY_RAMP,LATITUDE,LONGITUDE,COUNTY,CITY,POINT_X,POINT_Y
5356446,2011,2013-04-16,9740,2011-09-10,1715,013952,,6,2,4,4008,0,1,2,,2,002,"RT 101","DEL RIO RD",3696.00,N,N,A,-,Y,SLO,5,101,-,-,48.810,H,-,N,Y,3,0,3,2,A,-,08,22107,,N,C,C,A,A,H,-,A,D,1,,,,,Y,,A,01,0,2,1,0,0,0,0,0,0,"- ","- ",35.521030000000003,-120.70361,"SAN LUIS OBISPO",ATASCADERO,-120.70325029999999,35.518920950000002
5378593,2011,2012-12-11,4008,2011-09-13,0811,1053,,2,5,4,4008,0,0,0,,0,,"SAN GABRIEL RD","ATASCADERO AV",2640.00,W,N,A,-,N,,,,,,,,,,Y,4,0,1,1,C,-,18,,,N,E,I,A,A,H,-,A,A,0,,,,,Y,,-,"- ",0,0,1,0,0,0,0,0,0,"- ","- ",,,"SAN LUIS OBISPO",ATASCADERO,-120.66158184,35.458074529999998
5378634,2011,2012-12-12,4008,2011-09-26,0038,2023,,1,5,4,4008,0,0,0,,0,,"BAJADA AV","TRAFFIC WY",341.00,W,N,A,-,N,,,,,,,,,,Y,3,0,2,3,A,-,01,23152,A,N,A,E,A,A,H,-,D,A,0,,,,,Y,,-,,0,1,1,0,0,0,0,0,0,"- ","- ",,,"SAN LUIS OBISPO",ATASCADERO,-120.66878948999999,35.49676307
5378793,2011,2013-05-07,4008,2011-10-04,0810,1053,,2,5,4,4008,0,0,0,,0,,"MORRO RD","OLD MORRO RD",191.00,E,N,A,-,Y,SLO,5,41,-,-,12.630,H,-,N,Y,4,0,1,1,A,-,03,22350,,N,E,I,A,B,H,-,A,A,0,,,,,Y,,-,"- ",0,0,1,0,0,0,0,0,0,"- ","- ",,,"SAN LUIS OBISPO",ATASCADERO,-120.69660985,35.450924630000003
5393332,2011,2013-01-25,4004,2011-11-06,2135,0901,4-8,7,5,3,4004,0,0,0,,0,004,CRESTON,CEDARWOOD,0.00,,Y,B,-,N,,,,,,,,,,Y,3,0,1,2,A,-,01,23152,A,N,D,C,A,B,H,-,C,A,0,,,,,Y,Y,A,07,0,1,0,0,0,0,0,0,0,"- ","- ",,,"SAN LUIS OBISPO","PASO ROBLES",-120.6589905,35.607384000000003
5410789,2011,2013-05-16,9740,2011-11-15,1755,15167,,2,2,9,4000,0,1,3,,2,007,"RT 41","CRIPPLE CREEK RD",1584.00,S,N,A,-,Y,SLO,5,41,-,-,25.900,H,-,S,Y,3,0,1,1,A,-,08,22107,,N,E,I,A,A,H,-,D,D,0,,,,,Y,,A,01,0,1,0,0,0,0,0,0,0,"- ","- ",35.531829999999999,-120.55844999999999,"SAN LUIS OBISPO",UNINCORPORATED,-120.55916109,35.529989540000003
5410797,2011,2013-04-19,9740,2011-11-18,1735,19259,,5,2,4,4008,0,1,2,,2,002,"RT 101","TRAFFIC WY",200.00,S,N,B,-,Y,SLO,5,101,-,-,45.920,H,-,N,Y,3,0,1,2,A,-,03,22350,,N,C,C,A,A,H,-,D,D,1,,,,,Y,,A,08,0,1,0,0,0,0,0,0,0,"- ","- ",35.486170000000001,-120.66628,"SAN LUIS OBISPO",ATASCADERO,-120.66946464,35.487834790000001
5433585,2011,2013-07-10,9745,2011-11-23,2330,017146,,3,3,9,4000,0,1,3,,1,041,"HALCYON RD","RT 1",100.00,N,N,A,-,Y,SLO,5,1,-,-,10.900,I,5,N,Y,3,0,1,1,A,-,12,22450,A,N,E,J,A,A,H,-,C,A,0,,,,,Y,,A,01,0,1,0,0,0,0,0,0,0,"- ","- ",35.098230000000001,-120.59099000000001,"SAN LUIS OBISPO",UNINCORPORATED,-120.59174695,35.09819486
5433599,2011,2013-04-19,9745,2011-11-27,1240,15734,,7,1,2,4005,0,1,2,,2,404,"RT 101","SPYGLASS DR",5280.00,S,N,A,-,Y,SLO,5,101,-,-,18.810,H,-,N,N,4,0,3,2,A,-,03,22350,,N,C,C,A,A,H,-,A,D,1,,,,,Y,,A,01,0,0,3,0,0,0,0,0,0,"- ","- ",35.15692,-120.66891,"SAN LUIS OBISPO","PISMO BEACH",-120.6723444,35.15814494
5442997,2011,2013-04-30,4003,2011-11-26,1028,S4392,11,6,5,2,4003,0,0,0,,0,001,"RT 1","MAIN ST",0.00,,Y,A,-,Y,SLO,5,1,-,-,29.750,R,1,S,N,4,0,1,2,A,-,21,22106,,N,C,C,A,A,H,-,A,A,0,,,,,Y,,-,"- ",0,0,1,0,0,0,0,0,0,"- ","- ",,,"SAN LUIS OBISPO","MORRO BAY",-120.85373267,35.375534870000003
5449578,2011,2013-05-06,4006,2011-11-17,1545,27940,,4,5,4,4006,0,0,0,,0,,"RT 1",MONTALBAN,0.00,,Y,A,-,Y,SLO,5,1,-,-,16.920,I,5,N,N,3,0,1,2,A,-,08,22107,,N,D,G,A,A,H,-,A,A,0,,Y,,,Y,,A,01,0,1,0,0,0,0,1,0,0,"- ","- ",,,"SAN LUIS OBISPO","SAN LUIS OBISPO",-120.66376738,35.286851830000003
5462220,2011,2013-05-16,9740,2011-12-17,1000,013246,,6,1,9,4000,0,1,3,,2,007,"RT 41","YOSEMITE PL",71.00,N,N,A,-,Y,SLO,5,41,-,-,32.340,H,-,S,Y,3,0,1,2,A,-,08,22107,,N,E,I,A,A,H,-,A,D,0,,,,,Y,,A,07,0,1,0,0,0,0,0,0,0,"- ","- ",35.570120000000003,-120.47229,"SAN LUIS OBISPO",UNINCORPORATED,-120.47253372999999,35.570817669999997
5468171,2011,2013-02-01,4004,2011-12-31,0118,0476,,6,5,3,4004,0,0,0,,0,,UNION,PROSPECT,143.00,E,N,E,-,N,,,,,,,,,,Y,3,0,1,1,A,-,01,23152,A,N,E,I,A,A,E,-,C,D,0,,,,,Y,Y,-,,0,1,0,0,0,0,0,0,0,"- ","- ",,,"SAN LUIS OBISPO","PASO ROBLES",-120.66047722,35.638782599999999
5468220,2012,2013-06-12,4004,2012-01-15,1716,0682,31,7,5,3,4004,0,0,0,,0,001,SPRING,32ND,250.00,N,N,A,-,N,,,,,,,,,,Y,4,0,1,1,C,-,18,,,N,E,I,A,A,H,-,B,D,0,,,,,Y,,-,"- ",0,0,1,0,0,0,0,0,0,"- ","- ",,,"SAN LUIS OBISPO","PASO ROBLES",-120.69322316,35.648199779999999
5474857,2011,2013-02-02,9745,2011-12-26,1318,15734,,1,1,9,4000,0,2,4,,1,049,"CORBETT CANYON RD","HIRSCHER LN",27.00,N,N,A,-,N,,,,,,,,,,N,3,0,1,2,A,-,17,22109,,M,F,A,A,A,H,-,A,D,0,,Y,,,Y,,D,22,0,1,0,0,0,0,1,0,0,"- ","- ",35.159140000000001,-120.55808,"SAN LUIS OBISPO",UNINCORPORATED,-120.55800498000001,35.159282699999999
5477733,2011,2013-01-30,4005,2011-12-06,0845,P068,,2,5,2,4005,0,0,0,,0,,"SHELL BEACH RD","TERRACE AV",650.00,N,N,A,-,N,,,,,,,,,,N,4,0,1,2,A,-,08,22107,,N,B,C,A,A,H,-,A,D,0,,,,,Y,,-,"- ",0,0,1,0,0,0,0,0,0,"- ","- ",,,"SAN LUIS OBISPO","PISMO BEACH",-120.67927294,35.160457110000003
5517967,2012,2013-06-15,9740,2012-01-28,0125,019259,,6,3,9,4000,0,3,5,,2,017,"RAMADA DR","CALLE PROPANO",286.00,S,N,A,-,N,,,,,,,,,,Y,2,0,1,1,A,-,01,23152,A,N,E,I,A,A,H,-,D,D,0,,,,,Y,Y,A,01,1,0,0,0,0,0,0,0,0,"- ","- ",35.587949999999999,-120.69512,"SAN LUIS OBISPO",UNINCORPORATED,-120.6952706,35.58776039
5518077,2012,2013-06-28,4006,2012-02-04,1246,34110,,6,5,4,4006,0,0,0,,0,,GRAVES,SLACK,24.00,S,N,A,-,N,,,,,,,,,,N,4,0,1,1,A,-,03,22350,,N,E,I,A,A,H,-,A,D,0,,,Y,,Y,,C,03,0,0,1,0,0,0,0,0,1,"- ","- ",,,"SAN LUIS OBISPO","SAN LUIS OBISPO",-120.65190269,35.295948920000001
5555468,2012,2013-07-23,9745,2012-03-21,0650,16574,,3,1,9,4000,0,3,5,,2,005,"DIVISION ST","BONITA PL",0.00,,Y,A,-,N,,,,,,,,,,Y,4,0,1,2,A,-,09,21801,A,N,D,C,A,A,H,-,A,A,0,,,,,Y,,A,08,0,0,1,0,0,0,0,0,0,"- ","- ",35.003450000000001,-120.51889,"SAN LUIS OBISPO",UNINCORPORATED,-120.5189505,35.003546999999998
5580169,2012,2013-10-17,9745,2012-03-13,0805,16574,,2,1,9,4000,0,1,2,,2,303,"RT 101","SAN LUIS BAY DR",1930.00,S,N,A,-,Y,SLO,5,101,-,R,21.920,H,-,S,Y,4,0,1,1,A,-,01,23152,A,N,E,I,A,A,H,-,A,D,1,,,,,Y,Y,A,01,0,0,1,0,0,0,0,0,0,"- ","- ",35.190719999999999,-120.70108999999999,"SAN LUIS OBISPO",UNINCORPORATED,-120.7010398,35.191061380000001
5587413,2012,2013-08-24,4006,2012-04-07,1440,68823,,6,5,4,4006,0,0,0,,0,,"MCMILLAN ST","ORCUTT RD",285.00,N,N,A,-,N,,,,,,,,,,N,3,0,1,1,A,-,03,22350,,N,E,I,A,A,H,-,A,D,0,,,Y,,Y,,C,02,0,1,0,0,0,0,0,0,1,"- ","- ",,,"SAN LUIS OBISPO","SAN LUIS OBISPO",-120.64813002,35.26212769
5589135,2012,2013-08-21,9745,2012-04-23,1409,17017,,1,2,9,4000,0,3,5,,2,003,"SOUTH HIGUERA ST","RT 101",424.00,S,N,A,-,N,,,,,,,,,,Y,4,0,1,1,A,-,01,23152,A,N,E,I,A,A,H,-,A,D,0,,,,,Y,Y,D,22,0,0,1,0,0,0,0,0,0,"- ",NO,35.230060000000002,-120.69061000000001,"SAN LUIS OBISPO",UNINCORPORATED,-120.69277243000001,35.223280150000001
5603751,2012,2013-07-22,4004,2012-03-17,1416,1062,,6,5,3,4004,0,0,0,,0,004,"PIONEER TRL","WINTER WHEAT",200.00,E,N,C,-,N,,,,,,,,,,N,3,0,1,4,A,-,01,23152,B,M,A,E,A,B,H,-,A,D,0,,,,,Y,,A,01,0,1,0,0,0,0,0,0,0,"- ","- ",,,"SAN LUIS OBISPO","PASO ROBLES",-120.6415987,35.605383619999998
5609964,2012,2014-01-08,9745,2012-04-30,1321,015366,,1,1,9,4000,0,1,3,,1,011,"RT 41","CERRO ALTO CMPGRD",1056.00,N,N,A,-,Y,SLO,5,41,-,-,9.230,H,-,S,Y,4,0,1,1,A,-,08,22107,,N,E,I,A,A,H,-,A,D,0,,,,,Y,,A,01,0,0,1,0,0,0,0,0,0,"- ","- ",35.426029999999997,-120.78369000000001,"SAN LUIS OBISPO",UNINCORPORATED,-120.75051616,35.457165670000002
5610160,2012,2014-01-24,9745,2012-04-25,0830,11620,,3,1,4,4006,0,1,2,,2,202,"RT 101","CALIFORNIA BL",120.00,N,N,B,C,Y,SLO,5,101,-,-,29.420,H,-,S,Y,4,0,1,2,A,-,07,21658,A,M,E,I,A,B,H,-,A,D,1,,,,,Y,,-,99,0,0,1,0,0,0,0,0,0,"- ","- ",35.290300000000002,-120.65918000000001,"SAN LUIS OBISPO","SAN LUIS OBISPO",-120.65945429,35.290046349999997
5679400,2012,2014-04-03,9745,2012-06-06,2113,017541,,3,2,9,4000,0,1,3,,1,041,"RT 1","CALLENDER RD",2112.00,N,N,A,-,Y,SLO,5,1,-,R,7.410,H,-,N,Y,2,0,1,1,C,-,18,,,N,E,H,A,A,H,-,D,D,0,,,Y,,Y,Y,-,"- ",1,0,0,0,0,0,0,0,1,"- ","- ",35.069200000000002,-120.59705,"SAN LUIS OBISPO",UNINCORPORATED,-120.59710684,35.061132479999998
5683514,2012,2014-01-09,9740,2012-06-05,1510,13583,,2,2,9,4000,0,1,3,,2,007,"RT 41","RT 229",0.00,,Y,A,-,Y,SLO,5,41,-,-,27.975,I,5,N,Y,3,0,2,2,A,-,09,21801,A,N,D,C,A,A,H,-,A,D,0,,,,,Y,,D,22,0,2,0,0,0,0,0,0,0,"- ","- ",35.53425,-120.52614,"SAN LUIS OBISPO",UNINCORPORATED,-120.52619264,35.534344910000002
5687380,2012,2014-01-13,4004,2012-06-07,2059,0575,01,4,5,3,4004,0,0,0,,0,017,"13TH ST","PASO ROBLES ST",50.00,E,N,A,-,N,,,,,,,,,,N,4,0,1,2,A,-,03,22350,,N,C,C,A,A,H,-,C,A,0,,,,,Y,,A,01,0,0,1,0,0,0,0,0,0,"- ","- ",,,"SAN LUIS OBISPO","PASO ROBLES",-120.68558563000001,35.628038670000002
5723468,2012,2013-10-14,4008,2012-06-15,2500,3013,,5,5,4,4008,0,0,0,,0,,"LINDA VISTA AV","NAVARETTE AV",2112.00,N,N,A,-,N,,,,,,,,,,N,3,0,1,1,A,-,21,22106,,M,E,I,A,A,H,-,A,D,0,,,,,Y,,A,01,0,1,0,0,0,0,0,0,0,"- ","- ",,,"SAN LUIS OBISPO",ATASCADERO,,
5723769,2012,2013-11-04,4008,2012-07-01,0723,2024,,7,5,4,4008,0,0,0,,0,,"RT 41","ATASCADERO AV",932.00,E,N,A,-,Y,SLO,5,41,-,-,15.750,H,-,S,Y,3,0,1,2,A,-,08,22107,,F,G,B,E,A,H,-,C,D,0,Y,,,,Y,,-,"- ",0,1,0,0,1,0,0,0,0,"- ","- ",,,"SAN LUIS OBISPO",ATASCADERO,-120.6656977,35.483368579999997
5754925,2012,2013-10-26,4006,2012-07-31,1820,27940,,2,5,4,4006,0,0,0,,0,,"LOS OSOS VALLEY","CALLE JOAQUIN",0.00,,Y,A,-,N,,,,,,,,,,Y,3,0,1,2,A,-,09,21801,A,N,D,C,A,A,H,-,A,A,0,,,,,Y,,A,01,0,1,0,0,0,0,0,0,0,"- ","- ",,,"SAN LUIS OBISPO","SAN LUIS OBISPO",-120.6830526,35.246764939999998
5757210,2012,2013-10-26,9745,2012-07-20,1715,016574,,5,2,4,4006,0,1,2,,2,202,"RT 101","GRAND AV",150.00,N,N,A,-,Y,SLO,5,101,-,-,29.830,H,-,N,Y,4,0,3,4,A,-,03,22350,,N,C,C,A,A,H,-,A,D,1,,,,,Y,,A,01,0,0,3,0,0,0,0,0,0,"- ","- ",35.28895,-120.65792,"SAN LUIS OBISPO","SAN LUIS OBISPO",-120.65376478,35.29182488
5768733,2012,2013-12-10,4006,2012-09-24,1541,27940,,1,5,4,4006,0,0,0,,0,,MADONNA,"RT 101",0.00,,Y,A,-,Y,SLO,5,101,-,-,27.180,R,4,S,Y,4,0,3,3,A,-,03,22350,,N,C,C,A,A,H,-,A,A,0,,,,,Y,,A,01,0,0,3,0,0,0,0,0,0,"- ","- ",,,"SAN LUIS OBISPO","SAN LUIS OBISPO",-120.67365263000001,35.26046487
5773790,2012,2013-12-12,9745,2012-09-23,0825,015144,,7,1,4,4006,0,3,5,,2,003,"ONTARIO RD","HIGUERA ST",2112.00,S,N,B,-,N,,,,,,,,,,N,4,0,1,1,D,-,00,,,N,F,A,A,A,H,-,A,D,0,,Y,,,Y,,-,"- ",0,0,1,0,0,0,1,0,0,"- ","- ",35.217359999999999,-120.68573000000001,"SAN LUIS OBISPO","SAN LUIS OBISPO",-120.69513202,35.21801748
5783686,2012,2013-11-30,9740,2012-08-08,1540,15675,,3,2,9,4000,0,1,3,,2,005,"RT 58","RED HILL RD",5808.00,E,N,A,-,Y,SLO,5,58,-,-,27.440,H,-,E,Y,3,0,1,1,A,-,08,22107,,N,F,A,A,A,H,-,A,D,0,,,,,Y,,A,07,0,1,0,0,0,0,0,0,0,"- ","- ",35.405180000000001,-120.2603,"SAN LUIS OBISPO",UNINCORPORATED,-120.26021749,35.40508698
5790320,2012,2014-03-25,9740,2012-08-11,2125,14662,,6,2,9,4000,0,1,3,,1,014,"RT 1","CAMBRIA PINES RD",2112.00,N,N,A,-,Y,SLO,5,1,-,-,51.790,H,-,N,Y,3,0,1,1,A,-,01,23152,A,N,F,A,A,A,H,-,D,D,0,,,,,Y,Y,A,01,0,1,0,0,0,0,0,0,0,"- ","- ",35.580599999999997,-121.166,"SAN LUIS OBISPO",UNINCORPORATED,-121.11648249,35.580589420000003
5812731,2012,2013-11-12,9745,2012-08-24,1722,017144,,5,2,9,4000,0,3,5,,2,002,"CANYON RD","SKYVIEW TRL",1056.00,N,N,A,-,N,,,,,,,,,,N,2,0,1,2,A,-,08,22107,,N,D,C,A,A,H,-,A,D,0,,,Y,,Y,,C,02,1,0,0,0,0,0,0,0,1,"- ","- ",35.207850000000001,-120.7188,"SAN LUIS OBISPO",UNINCORPORATED,-120.71873724,35.207747820000002
5827300,2012,2013-12-04,9745,2012-09-02,1749,17541,,7,2,9,4000,0,1,2,,2,404,"RT 101","ARROYO GRANDE CRK",200.00,S,N,A,-,Y,SLO,5,101,-,-,12.980,H,-,N,Y,4,0,1,1,A,-,08,22107,,N,E,I,A,A,H,-,D,D,1,,,,,Y,Y,A,01,0,0,1,0,0,0,0,0,0,"- ","- ",35.710000000000001,-120.3455,"SAN LUIS OBISPO",UNINCORPORATED,-120.58009369,35.120257209999998
5834672,2012,2013-12-26,9740,2012-10-13,1025,13246,,6,1,9,4000,0,1,3,,2,010,"RT 41","RT 46",26928.00,N,N,A,-,Y,SLO,5,41,-,-,49.010,H,-,S,Y,3,0,1,1,A,-,08,22107,,N,E,I,A,A,H,-,A,D,0,,,,,Y,,A,01,0,1,0,0,0,0,0,0,0,"- ","- ",35.780479999999997,-120.21678,"SAN LUIS OBISPO",UNINCORPORATED,-120.21634589,35.780396150000001
5848145,2012,2013-12-10,4006,2012-09-25,0800,54160,,2,5,4,4006,0,0,0,,0,,"RT 1",OLIVE,0.00,,Y,A,-,Y,SLO,5,1,-,-,16.840,H,-,N,N,3,0,1,2,A,-,08,21717,,N,B,G,A,A,H,-,A,A,0,,Y,,,Y,,A,08,0,1,0,0,0,0,1,0,0,"- ","- ",,,"SAN LUIS OBISPO","SAN LUIS OBISPO",-120.66335563,35.285698029999999
5848919,2012,2014-01-07,9745,2012-11-06,1730,16068,,2,2,9,4000,0,1,3,,1,032,"RT 227","BUCKLEY RD",528.00,N,N,A,-,Y,SLO,5,227,-,R,9.920,H,-,S,N,4,0,1,2,A,-,03,22350,,N,C,C,A,A,H,-,B,A,0,,,,,Y,,A,01,0,0,1,0,0,0,0,0,0,"- ","- ",35.232410000000002,-120.63052999999999,"SAN LUIS OBISPO",UNINCORPORATED,-120.63058282,35.232475270000002
5865323,2012,2014-01-07,4008,2012-09-14,0847,4080,,5,5,4,4008,0,0,0,,0,,"RT 41","CURBARIL AV",802.00,E,N,A,-,Y,SLO,5,41,-,-,15.260,H,-,N,Y,2,0,1,1,C,-,18,,,N,H,I,A,A,H,-,A,D,0,,,,,Y,,-,"- ",1,0,0,0,0,0,0,0,0,"- ","- ",,,"SAN LUIS OBISPO",ATASCADERO,-120.66772331999999,35.476446660000001
5880585,2012,2014-01-03,9745,2012-11-20,1800,017238,,2,2,4,4006,0,1,2,,2,202,"RT 101","MARSH ST",528.00,N,N,B,-,Y,SLO,5,101,-,-,28.200,H,-,S,Y,4,0,1,2,A,-,03,22350,,N,C,C,A,A,H,-,C,D,1,,,,,Y,,A,01,0,0,1,0,0,0,0,0,0,"- ","- ",,,"SAN LUIS OBISPO","SAN LUIS OBISPO",-120.67079123000001,35.27676349
5892735,2013,2014-01-17,9745,2013-01-09,1309,12768,,3,1,9,4000,0,2,4,,1,048,"AVILA BEACH DR","SAN LUIS BAY DR",15.00,E,N,B,-,N,,,,,,,,,,N,4,0,1,2,A,-,03,22350,,N,C,C,A,A,H,-,A,A,0,,,,,Y,,A,01,0,0,1,0,0,0,0,0,0,"- ","- ",35.187910000000002,-120.71917000000001,"SAN LUIS OBISPO",UNINCORPORATED,-120.71899380000001,35.187835399999997
5903326,2013,2014-12-02,4008,2013-01-10,1058,2032,,4,5,4,4008,0,0,0,,0,,"RT 41","SANTA YSABEL AV",178.00,W,N,A,-,Y,SLO,5,41,-,R,16.030,H,-,N,N,4,0,1,2,A,-,05,21650,,N,H,G,A,A,H,-,A,A,0,,Y,,,Y,,L,04,0,0,1,0,0,0,1,0,0,"- ","- ",,,"SAN LUIS OBISPO",ATASCADERO,-120.6681588,35.488241500000001
5929110,2012,2014-01-13,9745,2012-12-25,1948,16719,,2,2,9,4000,0,2,4,,1,051,"LOS BERROS RD","DALE AV",0.00,,Y,C,-,N,,,,,,,,,,Y,4,0,1,2,A,-,03,22350,,N,C,C,A,B,H,-,D,D,0,,,,,Y,,A,01,0,0,1,0,0,0,0,0,0,"- ","- ",35.072940000000003,-120.52145,"SAN LUIS OBISPO",UNINCORPORATED,-120.5214225,35.072954920000001
5952479,2012,2014-01-23,9740,2012-12-29,2320,011066,,6,3,3,4004,0,1,2,,2,003,"RT 101","RT 46",3168.00,N,N,A,-,Y,SLO,5,101,-,-,58.530,H,-,S,Y,3,0,2,2,A,-,01,23152,A,N,A,C,A,B,H,-,D,D,1,,,,,Y,Y,A,01,0,2,0,0,0,0,0,0,0,"- ","- ",,,"SAN LUIS OBISPO","PASO ROBLES",-120.69032057,35.651326519999998
5954770,2012,2014-01-09,4008,2012-12-19,1815,4014,,3,5,4,4008,0,0,0,,0,,"EL CAMINO REAL","JORNADA LN",169.00,N,N,A,-,N,,,,,,,,,,N,4,0,1,2,A,-,05,21650,,N,A,G,A,A,H,-,C,D,0,,Y,,,Y,,L,04,0,0,1,0,0,0,1,0,0,"- ","- ",,,"SAN LUIS OBISPO",ATASCADERO,-120.64243014,35.45870395
5955733,2012,2013-12-16,4003,2012-09-22,1321,4566,3,6,5,2,4003,0,0,0,,0,001,"QUINTANA RD","KENNEDY WY",284.00,N,N,A,-,N,,,,,,,,,,N,2,0,1,2,C,-,18,,,N,G,B,E,A,D,-,A,A,0,Y,,,,Y,,-,"- ",1,0,0,0,1,0,0,0,0,"- ","- ",,,"SAN LUIS OBISPO","MORRO BAY",-120.84556402,35.369999079999999
5960175,2013,2014-02-13,4005,2013-03-16,1630,P085,3,6,5,2,4005,0,0,0,,0,,PRICE,DOLLIVER,0.00,,N,A,-,N,,,,,,,,,,Y,4,0,1,2,A,-,01,23153,B,N,C,C,A,A,H,-,A,A,0,,,,,Y,Y,A,01,0,0,1,0,0,0,0,0,0,"- ","- ",,,"SAN LUIS OBISPO","PISMO BEACH",-120.6449325,35.1463149
5961496,2012,2014-01-04,9745,2012-11-02,1135,11589,,5,1,9,4000,0,3,5,,2,002,"SUNSET DR","LOS OSOS VALLEY RD",3.00,S,N,A,-,N,,,,,,,,,,N,4,0,1,2,A,-,10,21950,A,N,G,B,D,A,H,-,A,A,0,Y,,,,Y,,A,01,0,0,1,0,1,0,0,0,0,"- ","- ",35.310699999999997,-120.83025000000001,"SAN LUIS OBISPO",UNINCORPORATED,-120.83014415,35.310806679999999
5971227,2012,2013-12-14,9740,2012-10-07,0216,017283,,7,3,9,4000,0,1,2,,2,001,"RT 101","SANTA ROSA RD",1584.00,S,N,A,-,Y,SLO,5,101,-,-,43.710,H,-,S,Y,3,0,4,2,A,-,01,23152,A,N,E,I,A,A,H,-,C,D,1,,,,,Y,Y,A,07,0,2,2,0,0,0,0,0,0,"- ","- ",35.465009999999999,-120.65036000000001,"SAN LUIS OBISPO",UNINCORPORATED,-120.64848091,35.462090869999997
5971235,2012,2013-12-14,9740,2012-10-20,0725,14662,,6,1,9,4000,0,1,3,,2,005,"RT 58","LA PANZA RD",3696.00,E,N,B,E,Y,SLO,5,58,-,-,19.040,H,-,W,Y,4,0,1,1,A,-,08,22107,,N,F,A,A,A,H,-,A,D,0,,,,,Y,,A,07,0,0,1,0,0,0,0,0,0,"- ","- ",35.464100000000002,-120.3678,"SAN LUIS OBISPO",UNINCORPORATED,-120.36755366,35.46411252
5976292,2013,2014-01-25,4004,2013-02-21,1552,1186,04,4,5,3,4004,0,0,0,,0,045,"SOUTH RIVER RD","OAK HILL",402.00,S,N,A,-,N,,,,,,,,,,Y,3,0,1,2,A,-,09,21801,A,N,D,C,A,A,H,-,A,D,0,,,,,Y,,A,01,0,1,0,0,0,0,0,0,0,"- ","- ",,,"SAN LUIS OBISPO","PASO ROBLES",-120.6826099,35.604236100000001
5992824,2013,2014-12-02,9740,2013-03-08,1320,016620,,5,1,9,4000,0,1,2,,2,002,"RT 101","MAIN ST",20.00,S,N,B,-,Y,SLO,5,101,-,-,52.350,R,1,N,Y,4,0,2,2,A,-,01,23152,A,N,C,C,A,A,H,-,A,A,1,,,,,Y,,A,07,0,0,2,0,0,0,0,0,0,"- ","- ",35.565269999999998,-120.70156,"SAN LUIS OBISPO",UNINCORPORATED,-120.7022084,35.565403600000003
6001318,2013,2014-12-02,9740,2013-01-11,2000,14622,,5,2,9,4000,0,3,5,,2,017,"LAS TABLAS RD","RT 101",0.00,,Y,A,-,Y,SLO,5,101,-,-,51.350,R,4,N,Y,4,0,1,2,A,-,01,23152,A,N,A,C,A,A,H,-,C,A,1,,,,,Y,Y,A,01,0,0,1,0,0,0,0,0,0,"- ","- ",35.554459999999999,-120.71145,"SAN LUIS OBISPO",UNINCORPORATED,-120.71390270000001,35.552194900000003
6002504,2013,2014-01-23,4002,2013-01-18,1032,145,102,5,5,3,4002,0,0,0,,0,001,"GRAND AV","9TH ST",0.00,,Y,A,-,N,,,,,,,,,,N,3,0,1,2,A,-,10,21950,A,N,G,B,B,A,H,-,A,A,0,Y,,,,Y,,A,01,0,1,0,0,1,0,0,0,0,"- ","- ",,,"SAN LUIS OBISPO","GROVER BEACH",-120.62027260000001,35.121434899999997
6011880,2013,2014-02-12,9745,2013-03-21,1040,012876,,4,1,9,4000,0,2,4,,1,046,"PRICE CANYON RD","LEMOORE ST",3696.00,E,N,A,-,N,,,,,,,,,,Y,3,0,2,2,A,-,05,21460,A,N,A,C,A,A,H,-,A,D,0,,,,,Y,,D,22,0,1,1,0,0,0,0,0,0,"- ","- ",,,"SAN LUIS OBISPO",UNINCORPORATED,-120.6312327,35.154646300000003
6016125,2013,2014-02-06,9740,2013-03-22,1750,019259,,5,2,9,4000,0,3,5,,2,019,"JARDINE RD","WEEPING WILLOW WY",112.00,N,N,A,-,N,,,,,,,,,,N,4,0,1,2,A,-,03,22350,,N,C,C,A,A,H,-,B,D,0,,,,,Y,,D,22,0,0,1,0,0,0,0,0,0,"- ","- ",35.667119999999997,-120.60552,"SAN LUIS OBISPO",UNINCORPORATED,-120.60560510000001,35.667092400000001