CASE_ID,ACCIDENT_YEAR,PROC_DATE,JURIS,COLLISION_DATE,COLLISION_TIME,OFFICER_ID,REPORTING_DISTRICT,DAY_OF_WEEK,CHP_SHIFT,POPULATION,CNTY_CITY_LOC,SPECIAL_COND,BEAT_TYPE,CHP_BEAT_TYPE,CITY_DIVISION_LAPD,CHP_BEAT_CLASS,BEAT_NUMBER,PRIMARY_RD,SECONDARY_RD,DISTANCE,DIRECTION,INTERSECTION,WEATHER_1,WEATHER_2,STATE_HWY_IND,CALTRANS_COUNTY,CALTRANS_DISTRICT,STATE_ROUTE,ROUTE_SUFFIX,POSTMILE_PREFIX,POSTMILE,LOCATION_TYPE,RAMP_INTERSECTION,SIDE_OF_HWY,TOW_AWAY,COLLISION_SEVERITY,NUMBER_KILLED,NUMBER_INJURED,PARTY_COUNT,PRIMARY_COLL_FACTOR,PCF_CODE_OF_VIOL,PCF_VIOL_CATEGORY,PCF_VIOLATION,PCF_VIOL_SUBSECTION,HIT_AND_RUN,TYPE_OF_COLLISION,MVIW,PED_ACTION,ROAD_SURFACE,ROAD_COND_1,ROAD_COND_2,LIGHTING,CONTROL_DEVICE,CHP_ROAD_TYPE,PEDESTRIAN_ACCIDENT,BICYCLE_ACCIDENT,MOTORCYCLE_ACCIDENT,TRUCK_ACCIDENT,NOT_PRIVATE_PROPERTY,ALCOHOL_INVOLVED,STWD_VEHTYPE_AT_FAULT,CHP_VEHTYPE_AT_FAULT,COUNT_SEVERE_INJ,COUNT_VISIBLE_INJ,COUNT_COMPLAINT_PAIN,COUNT_PED_KILLED,COUNT_PED_INJURED,COUNT_BICYCLIST_KILLED,COUNT_BICYCLIST_INJURED,COUNT_MC_KILLED,COUNT_MC_INJURED,PRIMARY_RAMP,SECONDARY_RAMP,LATITUDE,LONGITUDE,COUNTY,CITY,POINT_X,POINT_Y
6628672,2014,2016-05-09,9740,2014-09-05,1910,014543,,5,2,9,4000,0,1,3,,2,008,"RT 46","JARDINE RD",2112.00,E,N,A,-,Y,SLO,5,46,-,-,35.040,H,-,E,N,3,0,1,1,C,-,18,,,N,E,H,A,A,H,-,B,D,0,,,,,Y,,-,"- ",0,1,0,0,0,0,0,0,0,"- ","- ",35.659179999999999,-120.59483,"SAN LUIS OBISPO",UNINCORPORATED,-120.59663467999999,35.659306579999999
6637447,2014,2016-05-04,9745,2014-09-23,1325,013531,,2,1,9,4000,0,1,2,,2,505,"RT 101","WILLOW RD",1925.00,N,N,A,-,Y,SLO,5,101,-,-,6.810,H,-,N,Y,3,0,1,1,A,-,08,22107,,N,E,I,A,A,H,-,A,D,1,,,,,Y,,A,01,0,1,0,0,0,0,0,0,0,"- ","- ",35.060639999999999,-120.50599,"SAN LUIS OBISPO",UNINCORPORATED,-120.50509289,35.059798440000002
6650540,2014,2015-05-01,4001,2014-08-10,1120,P057,3,7,5,3,4001,0,0,0,,0,CITY,"VIA VAQUERO","VIA BANDOLERO",170.00,E,N,A,-,N,,,,,,,,,,N,3,0,1,2,C,-,18,,,N,C,E,A,A,H,-,A,A,0,,,,,Y,,-,"- ",0,1,0,0,0,0,0,0,0,"- ","- ",,,"SAN LUIS OBISPO","ARROYO GRANDE",-120.592207,35.127624079999997
6661413,2014,2014-12-10,4001,2014-09-17,1845,P0101,1,3,5,3,4001,0,0,0,,0,CITY,"EAST GRAND AV",COURTLAND,0.00,,Y,A,-,N,,,,,,,,,,Y,4,0,1,2,A,-,12,21453,A,N,D,C,A,A,H,-,A,A,0,,,,,Y,,A,01,0,0,1,0,0,0,0,0,0,"- ","- ",,,"SAN LUIS OBISPO","ARROYO GRANDE",-120.60665998,35.120840059999999
6681924,2014,2014-11-07,4008,2014-09-26,1459,3013,,5,5,4,4008,0,0,0,,0,,"EL CAMINO REAL","EL BORDO AV",0.00,,Y,A,-,N,,,,,,,,,,N,3,0,1,2,A,-,09,21804,A,N,D,G,A,A,H,-,A,D,0,,Y,,,Y,,L,04,0,1,0,0,0,0,1,0,0,"- ","- ",,,"SAN LUIS OBISPO",ATASCADERO,-120.6468799,35.46398001
6689170,2014,2014-12-23,9740,2014-10-11,1554,013952,,6,2,9,4000,0,2,4,,2,012,"NACIMIENTO LAKE DR","OAK FLAT RD",0.00,,Y,A,-,N,,,,,,,,,,Y,3,0,3,3,A,-,03,22350,,N,C,C,A,A,H,-,A,D,0,,,,,Y,,A,01,0,1,2,0,0,0,0,0,0,"- ","- ",35.665840000000003,-120.72557999999999,"SAN LUIS OBISPO",UNINCORPORATED,-120.74263990999999,35.679210019999999
6702322,2014,2014-12-03,4004,2014-10-17,1046,0430,02,5,5,3,4004,0,0,0,,0,"2 6",NIBLICK,"SOUTH RIVER",528.00,W,N,A,-,N,,,,,,,,,,N,2,0,1,1,C,-,18,,,N,H,J,A,A,A,B,A,D,0,,Y,,,Y,,-,"- ",1,0,0,0,0,0,1,0,0,"- ","- ",,,"SAN LUIS OBISPO","PASO ROBLES",-120.68204590000001,35.615039750000001
6714521,2014,2015-01-13,4004,2014-11-11,1814,1187,03,2,5,3,4004,0,0,0,,0,"3 12",CRESTON,"GOLDEN HILL",0.00,,Y,A,-,N,,,,,,,,,,Y,4,0,1,2,A,-,09,21801,A,N,D,C,A,A,H,-,C,A,0,,,,,Y,,I,11,0,0,1,0,0,0,0,0,0,"- ","- ",,,"SAN LUIS OBISPO","PASO ROBLES",-120.65968995,35.622280029999999
6714588,2014,2015-01-13,9740,2014-11-14,1602,015854,,5,2,4,4008,0,1,2,,2,001,"RT 101","CURBARIL AV",270.00,N,N,A,-,Y,,,101,,,,,,,Y,4,0,1,2,A,-,03,22350,,N,C,C,A,A,H,-,A,A,0,,,,,Y,,A,01,0,0,1,0,0,0,0,0,0,TO,"- ",35.477159999999998,-120.65919,"SAN LUIS OBISPO",ATASCADERO,-120.65890558,35.47730292
6718045,2014,2016-01-13,9745,2014-12-01,0829,14910,,1,1,4,4006,0,1,2,,2,202,"RT 101","PRADO RD",868.00,N,N,A,-,Y,SLO,5,101,-,-,26.890,H,-,N,Y,1,1,0,1,A,-,08,22107,,N,E,I,A,A,H,-,A,D,1,,,,,Y,,A,07,0,0,0,0,0,0,0,0,0,"- ","- ",35.258850000000002,-120.67357,"SAN LUIS OBISPO","SAN LUIS OBISPO",-120.6744904,35.257278650000003
6718558,2014,2015-06-23,9740,2014-12-24,1815,14691,,3,2,9,4000,0,1,2,,2,004,"RT 101","WELLSONA RD",0.00,,Y,B,-,Y,SLO,5,101,-,-,61.880,I,5,S,Y,1,4,0,2,A,-,09,21804,A,N,D,C,A,A,H,-,C,D,5,,,,Y,Y,,G,25,0,0,0,0,0,0,0,0,0,"- ","- ",,,"SAN LUIS OBISPO",UNINCORPORATED,-120.69679653999999,35.69584107
6721209,2014,2015-01-09,9750,2014-11-20,2058,17548,,4,2,9,4000,0,3,5,,2,030,"BULL CANYON RD","DONOVAN RD",7920.00,N,N,B,-,N,,,,,,,,,,Y,2,0,1,1,A,-,01,23152,A,N,F,A,A,B,H,-,D,D,0,,,,,Y,Y,A,01,1,0,0,0,0,0,0,0,0,"- ","- ",34.982599999999998,-120.39288999999999,"SAN LUIS OBISPO",UNINCORPORATED,-120.39024532000001,34.98399079
6738161,2014,2015-01-21,9745,2014-11-26,1400,016514,,3,2,9,4000,0,2,4,,1,046,"PRICE CANYON RD","RT 227",80.00,W,N,A,-,Y,,,,,,,,,,Y,3,0,3,4,A,-,03,22350,,N,C,C,A,A,H,-,A,A,0,,,,,Y,,D,22,0,1,2,0,0,0,0,0,0,"- ","- ",35.200229999999998,-120.6091,"SAN LUIS OBISPO",UNINCORPORATED,-120.60902513000001,35.200505339999999
6738365,2014,2015-01-20,9740,2014-11-26,1740,13133,,3,2,4,4008,0,1,2,,2,002,"RT 101","DEL RIO RD",1584.00,N,N,A,-,Y,,,101,,,,,,,N,3,0,1,4,A,-,03,22350,,N,C,C,A,A,H,-,D,D,0,,,,,Y,,A,01,0,1,0,0,0,0,0,0,0,"- ","- ",35.517130000000002,-120.70271,"SAN LUIS OBISPO",ATASCADERO,-120.70243818,35.517314579999997
6738642,2014,2015-01-29,9740,2014-12-01,0625,014543,,1,1,9,4000,0,1,2,,2,003,"RT 101","S PASO ROBLES ST",37.00,N,N,B,-,Y,,,,,,,,,,Y,3,0,1,1,A,-,08,22107,,N,E,I,A,B,H,-,B,D,0,,,,,Y,,A,01,0,1,0,0,0,0,0,0,0,"- ","- ",35.613810000000001,-120.68980999999999,"SAN LUIS OBISPO",UNINCORPORATED,,
6763123,2014,2015-02-23,4006,2014-12-02,1325,69585,,2,5,4,4006,0,0,0,,0,,PALM,CHORRO,0.00,,Y,C,-,N,,,,,,,,,,Y,4,0,2,3,A,-,12,21453,A,N,D,C,A,B,H,-,A,A,0,,,,,Y,,D,22,0,0,2,0,0,0,0,0,0,"- ","- ",,,"SAN LUIS OBISPO","SAN LUIS OBISPO",-120.66429991,35.281450040000003
6773357,2014,2015-02-12,9745,2014-12-29,1444,014910,,1,2,9,4000,0,3,5,,2,002,"OCONNOR WY","FOOTHILL BL",10560.00,W,N,A,-,N,,,,,,,,,,Y,3,0,1,1,A,-,08,22107,,N,F,A,A,A,H,-,A,D,0,,,Y,,Y,,C,02,0,1,0,0,0,0,0,0,1,"- ","- ",35.306510000000003,-120.7347,"SAN LUIS OBISPO",UNINCORPORATED,-120.73067880000001,35.303945159999998
6805812,2014,2016-02-16,9740,2014-12-29,1048,013984,,1,1,9,4000,0,3,5,,2,022,"ADELAIDA RD","NACIMIENTO LAKE DR",5280.00,S,N,A,-,N,,,,,,,,,,Y,4,0,1,1,A,-,03,22350,,N,E,I,A,C,H,-,A,D,0,,,,,Y,,D,22,0,0,1,0,0,0,0,0,0,"- ","- ",35.650910000000003,-120.74850000000001,"SAN LUIS OBISPO",UNINCORPORATED,-120.73648362,35.65111297
6806199,2015,2015-02-24,9740,2015-01-11,1535,011615,,7,2,9,4000,0,3,5,,2,023,"SAN SIMEON CREEK RD","RED MOUNTAIN RD",5.79,E,N,A,-,N,,,,,,,,,,Y,2,0,1,1,A,-,01,23152,A,N,E,I,A,A,B,-,A,D,0,,,,,Y,Y,A,01,1,0,0,0,0,0,0,0,0,"- ","- ",35.653950000000002,-121.04391,"SAN LUIS OBISPO",UNINCORPORATED,-121.09160122999999,35.607214259999999
6825887,2015,2015-08-18,9740,2015-02-24,1450,14622,,2,2,9,4000,0,3,5,,2,017,"RAMADA DR","VOLPI YSABEL RD",528.00,S,N,A,-,N,,,,,,,,,,Y,4,0,1,2,A,-,03,22350,,N,C,C,A,A,H,-,A,D,0,,,,,Y,,A,01,0,0,1,0,0,0,0,0,0,"- ","- ",35.578040000000001,-120.69672,"SAN LUIS OBISPO",UNINCORPORATED,-120.69665111,35.579369210000003
6859563,2015,2015-04-21,9745,2015-03-09,1910,020229,,1,2,9,4000,0,3,5,,2,005,"EL CAMPO RD","LOS BERROS RD",0.00,,Y,A,-,N,,,,,,,,,,Y,3,0,1,3,A,-,09,21802,A,N,B,C,A,A,H,-,B,A,0,,,,,Y,,A,07,0,1,0,0,0,0,0,0,0,"- ","- ",35.093209999999999,-120.56274000000001,"SAN LUIS OBISPO",UNINCORPORATED,-120.56279986,35.093320089999999
6871653,2015,2016-09-08,4003,2015-02-13,1619,G0288,8,5,5,2,4003,0,0,0,,0,002,"RT 1","SAN JACINTO",0.00,,Y,A,-,Y,SLO,5,1,-,-,31.130,I,5,S,N,4,0,1,2,A,-,01,23152,B,N,C,C,A,A,H,-,A,A,0,,,,,Y,Y,A,01,0,0,1,0,0,0,0,0,0,"- ","- ",,,"SAN LUIS OBISPO","MORRO BAY",-120.86063763,35.39378774
6880349,2015,2015-04-28,4001,2015-03-03,1436,P0106,"46 3",2,5,3,4001,0,0,0,,0,OPERAT,"EL CAMINO REAL","ROBLES RD",520.00,W,N,A,-,N,,,,,,,,,,Y,4,0,1,3,A,-,03,22350,,N,C,C,A,A,H,-,A,D,0,,,,Y,Y,,F,26,0,0,1,0,0,0,0,0,0,"- ","- ",,,"SAN LUIS OBISPO","ARROYO GRANDE",-120.60332132000001,35.128910560000001
6883922,2015,2016-09-29,9745,2015-04-02,1520,17541,,4,2,9,4000,0,1,3,,1,041,"RT 1","25TH ST",28.00,S,N,A,-,Y,SLO,5,1,-,-,11.530,H,-,S,Y,4,0,1,2,A,-,01,23152,A,F,C,E,A,A,H,-,A,D,0,,,,,Y,,A,07,0,0,1,0,0,0,0,0,0,"- ","- ",35.098230000000001,-120.60195,"SAN LUIS OBISPO",UNINCORPORATED,-120.60214429,35.098135560000003
6888029,2015,2015-05-02,9740,2015-04-07,1824,016089,,2,2,9,4000,0,3,5,,2,016,"TEMPLETON RD","EL POMAR RD",4752.00,S,N,A,-,N,,,,,,,,,,Y,3,0,1,1,A,-,01,23152,A,N,F,A,A,A,H,-,A,A,0,,,,,Y,Y,D,22,0,1,0,0,0,0,0,0,0,"- ","- ",35.53304,-120.68938,"SAN LUIS OBISPO",UNINCORPORATED,-120.65444220000001,35.514076350000003
6889885,2015,2016-10-19,4008,2015-03-31,0720,3013,,2,5,4,4008,0,0,0,,0,,"SANTA ROSA RD","SANTA ROSA",0.00,,Y,A,-,Y,SLO,5,101,-,-,43.860,R,4,S,Y,4,0,1,2,A,-,09,21801,A,N,A,C,A,-,H,-,A,A,0,,,,,Y,,D,23,0,0,1,0,0,0,0,0,0,"- ",SO,,,"SAN LUIS OBISPO",ATASCADERO,-120.65002241000001,35.464062570000003
6890237,2015,2015-06-03,4008,2015-03-28,1135,3543,,6,5,4,4008,0,0,0,,0,,"EL CAMINO REAL","W MALL",0.00,,Y,A,-,N,,,,,,,,,,Y,4,0,3,2,A,-,12,21453,A,N,D,C,A,A,H,-,A,A,0,,,,,Y,,A,01,0,0,3,0,0,0,0,0,0,"- ","- ",,,"SAN LUIS OBISPO",ATASCADERO,-120.66860998,35.488480019999997
6899667,2015,2016-10-26,4008,2015-04-24,1143,3543,,5,5,4,4008,0,0,0,,0,,"MORRO RD",CURBARIL,250.00,W,N,A,-,Y,SLO,5,41,-,-,15.060,H,-,S,Y,4,0,1,2,A,-,04,21703,,N,C,C,A,A,H,-,A,A,0,,,,,Y,,D,22,0,0,1,0,0,0,0,0,0,"- ","- ",,,"SAN LUIS OBISPO",ATASCADERO,-120.66856244,35.473369890000001
6907682,2015,2015-05-15,9745,2015-04-30,0735,013531,,4,1,9,4000,0,2,4,,1,055,"TEFFT ST","SOUTH FRONTAGE RD",70.00,W,N,A,-,N,,,,,,,,,,N,4,0,1,3,A,-,03,22350,,N,C,C,A,A,H,-,A,D,0,,,,,Y,,E,22,0,0,1,0,0,0,0,0,0,"- ","- ",,,"SAN LUIS OBISPO",UNINCORPORATED,-120.48544424000001,35.036393029999999
6907710,2015,2015-08-19,4006,2015-04-15,1504,69585,,3,5,4,4006,0,0,0,,0,,CALIFORNIA,"TAFT AV",0.00,,Y,A,-,N,,,,,,,,,,Y,4,0,1,2,A,-,09,21801,A,N,D,C,A,A,H,-,A,A,0,,,,,Y,,D,22,0,0,1,0,0,0,0,0,0,"- ","- ",,,"SAN LUIS OBISPO","SAN LUIS OBISPO",-120.66029998,35.29090008
6910231,2015,2015-05-13,4005,2015-04-03,1145,P097,3,5,5,2,4005,0,0,0,,0,,CYPRESS,HINDS,65.00,N,N,A,-,N,,,,,,,,,,N,4,0,1,2,D,-,00,,,N,G,B,E,A,H,-,A,D,0,Y,,,,Y,,-,"- ",0,0,1,0,1,0,0,0,0,"- ","- ",,,"SAN LUIS OBISPO","PISMO BEACH",-120.64161055,35.139448780000002
6930389,2015,2017-01-05,9745,2015-05-18,0824,020228,,1,1,9,4000,0,1,2,,2,404,"RT 101","4TH ST",140.00,N,N,A,-,Y,SLO,5,101,-,-,15.610,H,-,N,Y,4,0,2,2,A,-,03,22350,,N,C,C,A,A,H,-,A,D,1,,,,,Y,,A,07,0,0,2,0,0,0,0,0,0,"- ","- ",35.136479999999999,-120.62239,"SAN LUIS OBISPO",UNINCORPORATED,-120.62238948,35.136438609999999
6935328,2015,2015-07-16,4002,2015-06-06,2030,368,111,6,5,3,4002,0,0,0,,0,001,"N 12TH ST","N 12TH ST 600",0.00,,N,A,-,N,,,,,,,,,,N,4,0,2,2,A,-,21,22106,,N,C,C,A,A,H,-,B,A,0,,,,,Y,,A,01,0,0,2,0,0,0,0,0,0,"- ","- ",,,"SAN LUIS OBISPO","GROVER BEACH",-120.61611861,35.127156200000002
6943882,2015,2016-09-29,9740,2015-05-23,2036,16089,,6,2,9,4000,0,1,3,,1,014,"RT 1","BURTON DR",3696.00,N,N,A,-,Y,SLO,5,1,-,-,48.980,H,-,S,Y,4,0,1,1,A,-,08,22107,,N,F,A,A,A,H,-,A,A,0,,,,,Y,,A,07,0,0,1,0,0,0,0,0,0,"- ","- ",35.558680000000003,-121.09371,"SAN LUIS OBISPO",UNINCORPORATED,-121.08221817,35.555372920000003
6944321,2015,2015-06-15,4001,2015-04-09,1355,P0106,463,4,5,3,4001,0,0,0,,0,OPERAT,"N OAK PARK BL","EL CAMINO REAL",0.00,,Y,A,-,N,,,,,,,,,,Y,2,0,2,2,A,-,12,21453,A,N,D,C,A,A,H,-,A,A,0,,,,,Y,,D,22,1,0,1,0,0,0,0,0,0,"- ","- ",,,"SAN LUIS OBISPO","ARROYO GRANDE",-120.60685986999999,35.129500040000003
6956009,2015,2015-10-28,4004,2015-06-01,1532,1260,01,1,5,3,4004,0,0,0,,0,1-3,VINE,24TH,0.00,,Y,A,-,N,,,,,,,,,,Y,4,0,2,2,A,-,08,22107,,N,A,C,A,A,H,-,A,A,0,,,,,Y,,A,01,0,0,2,0,0,0,0,0,0,"- ","- ",,,"SAN LUIS OBISPO","PASO ROBLES",-120.6950599,35.639040029999997
6963171,2015,2017-10-02,9745,2015-05-29,0805,017930,,5,1,9,4000,0,3,5,,2,005,"OSO FLACO LAKE RD","RT 1",528.00,E,N,B,-,N,,,,,,,,,,Y,4,0,1,2,A,-,06,21750,,N,B,C,A,A,H,-,A,D,0,,,,,Y,,A,01,0,0,1,0,0,0,0,0,0,"- ","- ",35.005830000000003,-120.54997,"SAN LUIS OBISPO",UNINCORPORATED,-120.5659057,35.010316279999998
6969115,2015,2015-07-14,9745,2015-06-21,0120,20144,,7,3,9,4000,0,2,4,,1,048,"AVILA BEACH DR","SAN LUIS BAY DR",681.00,E,N,A,-,N,,,,,,,,,,Y,3,0,2,1,A,-,01,23152,A,N,E,I,A,A,H,-,D,D,0,,,,,Y,Y,D,22,0,2,0,0,0,0,0,0,0,"- ","- ",35.187260000000002,-120.71683,"SAN LUIS OBISPO",UNINCORPORATED,-120.7168403,35.187287079999997
6969625,2015,2015-07-13,4006,2015-06-15,2201,76984,,1,5,4,4006,0,0,0,,0,,CALIFORNIA,MILL,0.00,,Y,A,-,N,,,,,,,,,,Y,4,0,1,2,A,-,09,21801,A,N,A,C,A,A,H,-,C,A,0,,,,,Y,,A,07,0,0,1,0,0,0,0,0,0,"- ","- ",,,"SAN LUIS OBISPO","SAN LUIS OBISPO",-120.6559499,35.287610110000003
6971986,2015,2017-01-05,9740,2015-05-28,2350,13733,,4,3,9,4000,0,1,2,,2,001,"RT 101","SANTA BARBARA RD",3696.00,S,N,A,-,Y,SLO,5,101,-,-,41.570,H,-,N,Y,3,0,1,1,A,-,01,23152,A,N,E,I,A,A,H,-,D,D,1,,,,,Y,Y,A,01,0,1,0,0,0,0,0,0,0,"- ","- ",35.434699999999999,-120.63674,"SAN LUIS OBISPO",UNINCORPORATED,-120.63646258999999,35.433397810000002
6974233,2015,2015-07-03,9745,2015-06-17,1400,17541,,3,2,9,4000,0,2,4,,1,052,"THOMPSON RD","MEHLSCHAU RD",1000.00,N,N,A,-,N,,,,,,,,,,Y,4,0,1,2,A,-,21,22106,,N,H,C,A,A,H,-,A,D,0,,,,,Y,,A,01,0,0,1,0,0,0,0,0,0,"- ","- ",35.057400000000001,-120.50288999999999,"SAN LUIS OBISPO",UNINCORPORATED,-120.4888632,35.054699919999997
6976183,2015,2016-11-03,9740,2015-06-12,0820,13733,,5,1,9,4000,0,1,3,,2,011,"RT 46","JACK CREEK RD",1584.00,W,N,B,-,Y,SLO,5,46,-,R,15.230,H,-,W,N,3,0,1,1,C,-,18,,,N,E,J,A,A,G,-,A,D,0,,,,,Y,,-,"- ",0,1,0,0,0,0,0,0,0,"- ","- ",35.545290000000001,-120.79697,"SAN LUIS OBISPO",UNINCORPORATED,-120.79726277,35.54511128
6983539,2015,2016-11-03,9740,2015-06-29,1147,14460,,1,1,9,4000,0,1,3,,1,009,"RT 46","RT 41",0.00,,Y,A,-,Y,SLO,5,46,-,-,55.110,R,4,E,Y,2,0,3,2,A,-,09,21801,A,N,D,C,A,A,H,-,A,D,0,,,,,Y,,A,01,1,2,0,0,0,0,0,0,0,"- ","- ",35.734549999999999,-120.28425,"SAN LUIS OBISPO",UNINCORPORATED,-120.28439939,35.734479290000003
6984936,2015,2017-01-04,4006,2015-06-23,1345,14848,,2,5,4,4006,0,0,0,,0,,MADONNA,"RT 101",52.00,W,N,A,-,Y,SLO,5,101,-,-,27.180,R,1,S,N,4,0,1,2,A,-,03,22350,,N,C,C,A,A,H,-,A,A,0,,,,,Y,,D,22,0,0,1,0,0,0,0,0,0,"- ",SO,,,"SAN LUIS OBISPO","SAN LUIS OBISPO",-120.67359712,35.261360740000001
7002642,2015,2017-01-13,9745,2015-07-05,2207,020229,,7,3,9,4000,0,1,2,,2,505,"RT 101","WILLOW RD",2640.00,N,N,A,-,Y,SLO,5,101,-,-,6.950,H,-,S,Y,3,0,2,2,A,-,04,21703,,N,C,C,A,A,H,-,C,D,1,,,,,Y,,A,01,0,1,1,0,0,0,0,0,0,"- ","- ",35.061509999999998,-120.50700000000001,"SAN LUIS OBISPO",UNINCORPORATED,-120.50681301,35.061316499999997
7002648,2015,2015-08-12,4005,2015-07-03,0846,P104,4,5,5,2,4005,0,0,0,,0,,"COSTA DEL SOL",CORRALITOS,338.00,N,N,A,-,N,,,,,,,,,,N,4,0,1,2,A,-,13,22515,,N,G,B,E,A,H,-,A,D,0,Y,,,,Y,,E,22,0,0,1,0,1,0,0,0,0,"- ","- ",,,"SAN LUIS OBISPO","PISMO BEACH",-120.66993142,35.158261830000001
7003348,2015,2015-07-31,9745,2015-07-12,1010,017238,,7,1,9,4000,0,2,4,,1,052,"THOMPSON AV","OAK GROVE LN",133.00,S,N,A,-,N,,,,,,,,,,N,3,0,1,2,A,-,03,22350,,N,C,C,A,A,H,-,A,D,0,,,Y,,Y,,C,02,0,1,0,0,0,0,0,0,1,"- ","- ",35.071010000000001,-120.51087,"SAN LUIS OBISPO",UNINCORPORATED,-120.51091863000001,35.071104030000001
7020897,2015,2015-08-19,4006,2015-07-18,1016,80908,,6,5,4,4006,0,0,0,,0,,MONTEREY,"SANTA ROSA",0.00,,Y,A,-,N,,,,,,,,,,Y,4,0,2,2,A,-,09,21801,A,N,D,C,A,A,H,-,A,A,0,,,,,Y,,A,01,0,0,2,0,0,0,0,0,0,"- ","- ",,,"SAN LUIS OBISPO","SAN LUIS OBISPO",-120.65995992000001,35.282600080000002
7033279,2015,2017-01-14,9745,2015-07-30,1940,17151,,4,2,9,4000,0,3,5,,2,004,"NOYES RD","RT 227",80.00,W,N,A,-,Y,SLO,5,227,-,-,4.280,I,6,S,N,3,0,1,1,A,-,08,22107,,N,F,A,A,A,H,-,A,D,0,,,,,Y,,A,07,0,1,0,0,0,0,0,0,0,"- ","- ",35.168579999999999,-120.58266,"SAN LUIS OBISPO",UNINCORPORATED,-120.58233776,35.168871959999997
7052147,2015,2015-09-18,4004,2015-08-07,2017,0476,01,5,5,3,4004,0,0,0,,0,1-7,PINE,14TH,171.00,S,N,A,-,N,,,,,,,,,,N,4,0,1,2,A,-,05,21650,,N,A,G,A,A,H,-,C,D,0,,Y,,,Y,,L,04,0,0,1,0,0,0,1,0,0,"- ","- ",,,"SAN LUIS OBISPO","PASO ROBLES",-120.68899454,35.628421779999996
7063050,2015,2015-10-23,4003,2015-08-26,1500,S6616,2,3,5,2,4003,0,0,0,,0,001,"PACIFIC ST W","MORRO AV",75.00,E,N,A,-,N,,,,,,,,,,N,4,0,1,2,A,-,02,21211,B,N,E,G,A,A,H,-,A,D,0,,Y,,,Y,,A,01,0,0,1,0,0,0,1,0,0,"- ","- ",,,"SAN LUIS OBISPO","MORRO BAY",-120.85089849000001,35.364962210000002
7064601,2015,2017-01-21,4008,2015-09-05,1755,2032,,6,5,4,4008,0,0,0,,0,,"EL CAMINO REAL",MORRO,0.00,,Y,A,-,Y,SLO,5,101,-,-,45.430,R,4,N,Y,4,0,1,2,A,-,12,21453,A,N,D,C,A,A,H,-,A,A,0,,,,,Y,,A,01,0,0,1,0,0,0,0,0,0,"- ",NF,,,"SAN LUIS OBISPO",ATASCADERO,-120.66317871,35.484217860000001
7064602,2015,2015-09-29,4005,2015-09-07,1100,P085,6,1,5,2,4005,0,0,0,,0,,"SHAMROCK LN","IRISH WY",0.00,,Y,A,-,N,,,,,,,,,,N,3,0,1,1,A,-,03,22350,,N,H,A,A,A,H,-,A,D,0,,,Y,,Y,,C,02,0,1,0,0,0,0,0,0,1,"- ","- ",,,"SAN LUIS OBISPO","PISMO BEACH",-120.62006989,35.13687006
7097236,2015,2015-10-22,4006,2015-09-25,1016,16380,,5,5,4,4006,0,0,0,,0,,BRANCH,KING,0.00,,N,A,F,N,,,,,,,,,,N,4,0,1,2,A,-,03,22350,,N,G,B,D,A,H,-,A,D,0,Y,,,,Y,,A,01,0,0,1,0,1,0,0,0,0,"- ","- ",,,"SAN LUIS OBISPO","SAN LUIS OBISPO",-120.66243993000001,35.270230069999997
7105691,2015,2017-02-03,4002,2015-10-04,2119,555,213,7,5,3,4002,0,0,0,,0,002,"RT 1","W GRAND AV",1056.00,S,N,B,-,Y,SLO,5,1,-,-,13.910,H,-,N,N,4,0,1,2,A,-,05,21650,,F,G,B,E,A,H,-,D,A,0,Y,,,,Y,,A,01,0,0,1,0,1,0,0,0,0,"- ","- ",,,"SAN LUIS OBISPO","GROVER BEACH",-120.62896118,35.119366849999999
7107387,2015,2017-01-21,4008,2015-09-30,0754,3013,,3,5,4,4008,0,0,0,,0,,"EL CAMINO REAL","ROSARIO AV",0.00,,Y,A,-,Y,SLO,5,101,-,-,46.200,R,4,N,N,3,0,1,2,A,-,05,21650,1,N,D,G,A,A,H,-,A,A,0,,Y,,,Y,,L,04,0,1,0,0,0,0,1,0,0,"- ","- ",,,"SAN LUIS OBISPO",ATASCADERO,-120.67410575,35.490915000000001
7140617,2015,2015-12-22,4006,2015-11-23,1731,69585,,1,5,4,4006,0,0,0,,0,,FOOTHILL,CASA,0.00,,Y,A,-,N,,,,,,,,,,,4,0,1,2,A,-,09,21801,A,N,D,C,A,A,H,-,C,A,0,,,,,Y,,A,01,0,0,1,0,0,0,0,0,0,"- ","- ",,,"SAN LUIS OBISPO","SAN LUIS OBISPO",-120.66582990000001,35.29431005
7164677,2015,2016-01-29,4004,2015-12-03,0756,0890,03,4,5,3,4004,0,0,0,,0,"3 11","ROLLING HILLS",CRESTON,0.00,,Y,A,-,N,,,,,,,,,,Y,4,0,1,2,A,-,09,21801,A,N,D,C,A,A,H,-,A,A,0,,,,,Y,,D,22,0,0,1,0,0,0,0,0,0,"- ","- ",,,"SAN LUIS OBISPO","PASO ROBLES",-120.66419997,35.623560079999997
7174912,2016,2016-03-07,4004,2016-01-19,0642,1208,01,2,5,3,4004,0,0,0,,0,1-1,SPRING,"32ND ST",105.00,S,N,C,-,N,,,,,,,,,,Y,4,0,1,2,A,-,05,21460,C,N,D,C,A,B,H,-,B,D,0,,,,,Y,,A,01,0,0,1,0,0,0,0,0,0,"- ","- ",,,"SAN LUIS OBISPO","PASO ROBLES",-120.69311398000001,35.647242380000002
7182679,2016,2016-03-28,4008,2016-02-29,1621,3152,,1,5,4,4008,0,0,0,,0,,"CAPISTRANO AV","SANTA YSABEL AV",521.00,N,N,A,-,N,,,,,,,,,,N,4,0,1,2,A,-,03,22350,,N,C,C,A,A,H,-,A,D,0,,,,,Y,,J,43,0,0,1,0,0,0,0,0,0,"- ","- ",35.48742,-120.66401999999999,"SAN LUIS OBISPO",ATASCADERO,-120.66460613,35.488802200000002