CASE_ID,ACCIDENT_YEAR,PROC_DATE,JURIS,COLLISION_DATE,COLLISION_TIME,OFFICER_ID,REPORTING_DISTRICT,DAY_OF_WEEK,CHP_SHIFT,POPULATION,CNTY_CITY_LOC,SPECIAL_COND,BEAT_TYPE,CHP_BEAT_TYPE,CITY_DIVISION_LAPD,CHP_BEAT_CLASS,BEAT_NUMBER,PRIMARY_RD,SECONDARY_RD,DISTANCE,DIRECTION,INTERSECTION,WEATHER_1,WEATHER_2,STATE_HWY_IND,CALTRANS_COUNTY,CALTRANS_DISTRICT,STATE_ROUTE,ROUTE_SUFFIX,POSTMILE_PREFIX,POSTMILE,LOCATION_TYPE,RAMP_INTERSECTION,SIDE_OF_HWY,TOW_AWAY,COLLISION_SEVERITY,NUMBER_KILLED,NUMBER_INJURED,PARTY_COUNT,PRIMARY_COLL_FACTOR,PCF_CODE_OF_VIOL,PCF_VIOL_CATEGORY,PCF_VIOLATION,PCF_VIOL_SUBSECTION,HIT_AND_RUN,TYPE_OF_COLLISION,MVIW,PED_ACTION,ROAD_SURFACE,ROAD_COND_1,ROAD_COND_2,LIGHTING,CONTROL_DEVICE,CHP_ROAD_TYPE,PEDESTRIAN_ACCIDENT,BICYCLE_ACCIDENT,MOTORCYCLE_ACCIDENT,TRUCK_ACCIDENT,NOT_PRIVATE_PROPERTY,ALCOHOL_INVOLVED,STWD_VEHTYPE_AT_FAULT,CHP_VEHTYPE_AT_FAULT,COUNT_SEVERE_INJ,COUNT_VISIBLE_INJ,COUNT_COMPLAINT_PAIN,COUNT_PED_KILLED,COUNT_PED_INJURED,COUNT_BICYCLIST_KILLED,COUNT_BICYCLIST_INJURED,COUNT_MC_KILLED,COUNT_MC_INJURED,PRIMARY_RAMP,SECONDARY_RAMP,LATITUDE,LONGITUDE,COUNTY,CITY,POINT_X,POINT_Y
7183678,2016,2016-02-18,4006,2016-01-08,2036,32625,,5,5,4,4006,0,0,0,,0,,JOHNSON,SOUTHWOOD,528.00,N,N,A,-,N,,,,,,,,,,N,3,0,1,2,A,-,08,22107,,N,B,E,A,A,H,-,C,A,0,,Y,,,Y,Y,L,04,0,1,0,0,0,0,1,0,0,"- ","- ",,,"SAN LUIS OBISPO","SAN LUIS OBISPO",-120.63618141000001,35.266351350000001
8034649,2016,2016-05-04,4006,2016-04-14,1336,69585,,4,5,4,4006,0,0,0,,0,,"SANTA ROSA",PEACH,0.00,,Y,A,-,N,,,,,,,,,,,4,0,1,3,A,-,03,22350,,N,C,C,A,A,H,-,A,D,0,,,,,Y,,A,01,0,0,1,0,0,0,0,0,0,"- ","- ",,,"SAN LUIS OBISPO","SAN LUIS OBISPO",-120.66217992,35.285130010000003
8041555,2016,2017-02-18,4004,2016-04-28,1522,0901,01,4,5,3,4004,0,0,0,,0,014,"24TH ST","RT 101",0.00,,Y,A,-,Y,SLO,5,101,-,-,57.790,R,4,S,N,3,0,3,3,A,-,03,22350,,M,C,C,A,A,H,-,A,D,0,,,,,Y,,A,07,0,1,2,0,0,0,0,0,0,"- ",SO,,,"SAN LUIS OBISPO","PASO ROBLES",-120.684505,35.640779170000002
8074230,2016,2016-08-10,4004,2016-07-27,1840,0901,01,3,5,3,4004,0,0,0,,0,"1 3",SPRING,"28TH ST",20.00,S,N,A,-,N,,,,,,,,,,Y,4,0,2,2,A,-,03,22350,,N,C,C,A,A,H,-,A,D,0,,,,,Y,,A,01,0,0,2,0,0,0,0,0,0,"- ","- ",,,"SAN LUIS OBISPO","PASO ROBLES",-120.69278543,35.643275189999997
8086181,2016,2017-02-04,4002,2016-06-18,1105,478,101,6,5,3,4002,0,0,0,,0,001,"RT 1","W GRAND AV",0.00,,Y,A,-,Y,SLO,5,1,-,-,14.110,H,-,S,N,4,0,2,2,A,-,08,22102,,N,D,C,A,A,H,-,A,D,0,,,,,Y,,A,01,0,0,2,0,0,0,0,0,0,"- ","- ",,,"SAN LUIS OBISPO","GROVER BEACH",-120.62993427000001,35.122115270000002
8109986,2016,2016-08-29,4006,2016-08-05,2230,30105,,5,5,4,4006,0,0,0,,0,,WESTMONT,"SANTA ROSA N",0.00,,Y,A,-,N,,,,,,,,,,Y,3,0,1,1,A,-,01,23152,A,N,E,I,A,A,H,-,C,D,0,,,,,Y,Y,A,01,0,1,0,0,0,0,0,0,0,"- ","- ",35.184690000000003,-120.40349000000001,"SAN LUIS OBISPO","SAN LUIS OBISPO",-120.67615986,35.301370089999999
8149150,2016,2016-10-25,4006,2016-09-23,1628,16380,,5,5,4,4006,0,0,0,,0,,MADONNA,"EL MERCADO",20.00,E,N,A,-,N,,,,,,,,,,N,4,0,2,2,A,-,03,22350,,N,C,C,A,A,H,-,A,A,0,,,,,Y,,D,22,0,0,2,0,0,0,0,0,0,"- ","- ",,,"SAN LUIS OBISPO","SAN LUIS OBISPO",-120.67846996,35.262586519999999
8149337,2016,2016-10-28,4006,2016-09-14,2113,82350,,3,5,4,4006,0,0,0,,0,,JOHNSON,PISMO,0.00,,Y,A,-,N,,,,,,,,,,N,3,0,1,2,A,-,09,21801,,N,D,G,A,-,H,-,C,D,0,,Y,,,Y,,A,01,0,1,0,0,0,0,1,0,0,"- ","- ",,,"SAN LUIS OBISPO","SAN LUIS OBISPO",-120.65443987,35.281490040000001
8158181,2016,2017-02-28,4008,2016-10-26,1458,3013,,3,5,4,4008,0,0,0,,0,,"EL CAMINO REAL","ROSARIO AV",0.00,,Y,A,-,Y,SLO,5,101,-,-,45.740,R,4,N,Y,3,0,1,2,A,-,01,23152,E,N,A,C,A,A,H,-,A,D,0,,,,,Y,,A,01,0,1,0,0,0,0,0,0,0,"- ","- ",35.49098,-120.67348,"SAN LUIS OBISPO",ATASCADERO,-120.66759844000001,35.486844439999999
8165237,2016,2017-02-28,4006,2016-10-12,0900,16380,,3,5,4,4006,0,0,0,,0,,MADONNA,"RT 101",80.00,E,N,A,-,Y,SLO,5,101,-,-,27.400,R,4,N,Y,4,0,1,4,A,-,03,22350,,N,C,C,A,A,H,-,A,D,0,,,,,Y,,A,01,0,0,1,0,0,0,0,0,0,"- ",NF,,,"SAN LUIS OBISPO","SAN LUIS OBISPO",-120.67359021999999,35.264634729999997
8165430,2016,2016-11-10,4006,2016-10-28,1312,62657,,5,5,4,4006,0,0,0,,0,,"LOS OSOS VALLEY RD",ROYAL,10.00,E,N,A,-,N,,,,,,,,,,Y,4,0,1,2,A,-,03,22350,,N,C,C,A,A,H,-,A,-,0,,,,,Y,,A,01,0,0,1,0,0,0,0,0,0,"- ","- ",35.153399999999998,-124.13200000000001,"SAN LUIS OBISPO","SAN LUIS OBISPO",-120.69253746,35.25858968
8165434,2016,2016-11-10,4006,2016-10-23,1318,53500,,7,5,4,4006,0,0,0,,0,,"LOS OSOS VALLEY RD","CALLE JOAQUIN",46.00,W,N,A,-,N,,,,,,,,,,N,4,0,1,3,A,-,21,22106,,N,C,C,A,A,H,-,A,A,0,,,,,Y,,-,,0,0,1,0,0,0,0,0,0,"- ","- ",35.246859999999998,-120.68333,"SAN LUIS OBISPO","SAN LUIS OBISPO",-120.68308845,35.246846910000002
8281951,2016,2017-01-24,4006,2016-12-14,1719,16380,,3,5,4,4006,0,0,0,,0,,MADONNA,DALIDIO,442.00,E,N,A,-,N,,,,,,,,,,Y,4,0,2,3,A,-,03,22350,,N,C,C,A,A,H,-,C,A,0,,,,,Y,,A,01,0,0,2,0,0,0,0,0,0,"- ","- ",,,"SAN LUIS OBISPO","SAN LUIS OBISPO",-120.67895315,35.262026380000002
8288796,2017,2017-04-14,4006,2017-02-23,1816,67850,,4,5,4,4006,0,0,0,,0,,RAMONA,VERDE,9.00,W,N,A,-,N,,,,,,,,,,N,4,0,1,2,A,-,03,22350,,N,C,G,A,A,H,-,D,D,0,,Y,,,Y,,A,01,0,0,1,0,0,0,1,0,0,"- ","- ",35.175739999999998,-120.40585,"SAN LUIS OBISPO","SAN LUIS OBISPO",-120.67651015,35.292930390000002
8341213,2017,2017-04-24,4002,2017-03-06,0730,338,103,1,5,3,4002,0,0,0,,0,,"N 10TH ST","N 10TH ST 200",0.00,,N,A,-,N,,,,,,,,,,N,3,0,1,2,A,-,11,21954,A,N,G,B,E,A,H,-,A,A,0,Y,,,,Y,,N,60,0,1,0,0,1,0,0,0,0,"- ","- ",,,"SAN LUIS OBISPO","GROVER BEACH",-120.61889648,35.122700639999998
8346253,2017,2017-04-19,4006,2017-03-09,1512,80908,,4,5,4,4006,0,0,0,,0,,FOOTHILL,"SANTA ROSA",277.00,W,N,A,-,N,,,,,,,,,,N,4,0,1,2,A,-,08,21717,,N,B,G,A,A,H,-,A,A,0,,Y,,,Y,,A,01,0,0,1,0,0,0,1,0,0,"- ","- ",35.294150000000002,-120.66913,"SAN LUIS OBISPO","SAN LUIS OBISPO",-120.66898802999999,35.294076410000002
8360985,2017,2018-03-16,4008,2017-05-02,1414,3152,,2,5,4,4008,0,0,0,,0,,"MORRO RD","SAN GABRIEL RD",1127.00,W,N,A,-,Y,SLO,5,41,-,-,14.000,H,-,S,Y,3,0,2,2,A,-,09,21801,A,N,D,C,A,A,H,-,A,D,0,,,,,Y,,A,01,0,1,1,0,0,0,0,0,0,"- ","- ",35.462760000000003,-120.67505,"SAN LUIS OBISPO",ATASCADERO,-120.67839648,35.46090864
8362404,2017,2018-03-16,4004,2017-05-05,1507,0476,01,5,5,3,4004,0,0,0,,0,1-1,"RT 101","36TH ST",282.00,N,N,A,-,Y,SLO,5,101,-,-,59.020,R,1,S,Y,3,0,1,2,A,-,03,22350,,N,C,C,A,A,H,-,A,A,0,,,,,Y,,A,01,0,1,0,0,0,0,0,0,0,SF,"- ",,,"SAN LUIS OBISPO","PASO ROBLES",-120.69619514999999,35.65455686
8371634,2017,2018-03-16,4006,2017-04-28,1143,16380,,5,5,4,4006,0,0,0,,0,,"RT 1",MURRAY,150.00,N,N,A,-,Y,SLO,5,1,-,-,17.140,H,-,S,Y,4,0,1,2,A,-,03,22350,,N,C,C,A,A,H,-,A,A,0,,,,,Y,,A,01,0,0,1,0,0,0,0,0,0,"- ","- ",35.172899999999998,-120.40513,"SAN LUIS OBISPO","SAN LUIS OBISPO",-120.66714340999999,35.29126419
8378984,2017,2017-06-12,4006,2017-05-17,0954,80908,,3,5,4,4006,0,0,0,,0,,LAUREL,AUGUSTA,0.00,,Y,A,-,N,,,,,,,,,,N,3,0,1,2,A,-,10,21950,A,N,-,B,B,A,H,-,A,A,0,Y,,,,Y,,A,01,0,1,0,0,1,0,0,0,0,"- ","- ",35.266889999999997,-120.63942,"SAN LUIS OBISPO","SAN LUIS OBISPO",-120.63950997000001,35.266860010000002
8386940,2017,2018-03-16,4008,2017-06-20,1743,2030,,2,5,4,4008,0,0,0,,0,,"MORRO RD","SAN GABRIEL RD",0.00,,Y,A,-,Y,SLO,5,41,-,-,4.210,I,5,N,Y,4,0,2,2,A,-,12,21453,A,N,A,C,A,A,-,-,A,A,0,,,,,Y,,A,01,0,0,2,0,0,0,0,0,0,"- ","- ",,,"SAN LUIS OBISPO",ATASCADERO,-120.79666739,35.416053290000001
8407264,2017,2017-07-18,4005,2017-06-14,0723,P107,1,3,5,2,4005,0,0,0,,0,,"SHELL BEACH",ENCANTO,20.00,N,N,A,-,N,,,,,,,,,,Y,4,0,1,1,A,-,01,23152,E,N,E,I,A,A,H,-,A,D,0,,,,,Y,,A,07,0,0,1,0,0,0,0,0,0,"- ","- ",,,"SAN LUIS OBISPO","PISMO BEACH",-120.69721903999999,35.173394620000003
8423669,2017,2017-08-30,4006,2017-07-07,2106,88911,,5,5,4,4006,0,0,0,,0,,"S HIGUERA","LOS OSOS VALLEY RD",560.00,S,N,A,-,N,,,,,,,,,,Y,3,0,2,2,A,-,07,21658,A,N,E,-,A,A,H,-,C,D,0,,,,Y,Y,,A,01,0,2,0,0,0,0,0,0,0,"- ","- ",35.142580000000002,-120.40391,"SAN LUIS OBISPO","SAN LUIS OBISPO",-120.67756614,35.240645700000002
8438995,2017,2017-08-28,4004,2017-08-11,1218,1208,02,5,5,3,4004,0,0,0,,0,022,11TH,SPRING,0.00,,Y,A,-,N,,,,,,,,,,Y,4,0,1,2,A,-,03,22350,,N,C,C,A,A,H,-,A,D,0,,,,,Y,,A,01,0,0,1,0,0,0,0,0,0,"- ","- ",,,"SAN LUIS OBISPO","PASO ROBLES",-120.69130989,35.625610049999999
8452976,2017,2017-09-27,4008,2017-08-18,0851,3152,,5,5,4,4008,0,0,0,,0,,"SANTA LUCIA RD","LAUREL RD",0.00,,Y,A,-,N,,,,,,,,,,Y,3,0,1,2,A,-,09,21801,A,N,D,C,A,A,H,-,A,D,0,,,Y,,Y,,D,22,0,1,0,0,0,0,0,0,1,"- ","- ",35.475430000000003,-120.70567,"SAN LUIS OBISPO",ATASCADERO,-120.70554991,35.475259999999999
8458665,2017,2017-09-29,4004,2017-09-15,2150,0376,02,5,5,3,4004,0,0,0,,0,041,"CRESTON RD",BOLEN,55.00,W,N,A,-,N,,,,,,,,,,Y,4,0,4,3,A,-,03,22350,,N,C,C,A,A,H,-,C,A,0,,,,,Y,,A,01,0,0,4,0,0,0,0,0,0,"- ","- ",,,"SAN LUIS OBISPO","PASO ROBLES",-120.67392073000001,35.627418089999999
8467794,2017,2017-11-21,4006,2017-09-20,1544,10817,,3,5,4,4006,0,0,0,,0,,MADONNA,PEREIRA,27.00,N,N,A,-,N,,,,,,,,,,Y,4,0,1,1,-,-,"- ",,,N,F,A,A,A,D,-,A,D,0,,,Y,,Y,,-,"- ",0,0,1,0,0,0,0,0,1,"- ","- ",,,"SAN LUIS OBISPO","SAN LUIS OBISPO",-120.68942959,35.257193919999999
8472469,2017,2017-10-27,4001,2017-09-18,1958,P0123,"46 3",1,5,3,4001,0,0,0,,0,OPERAT,"EAST GRAND AV","JUNIPER ST",0.00,,Y,A,-,N,,,,,,,,,,N,3,0,1,2,A,-,10,21950,A,N,G,B,B,A,H,-,C,D,0,Y,,,,Y,,A,01,0,1,0,0,1,0,0,0,0,"- ","- ",,,"SAN LUIS OBISPO","ARROYO GRANDE",-120.60408991,35.1207201
8473391,2017,2017-11-06,4004,2017-09-29,2007,1305,02,5,5,3,4004,0,0,0,,0,2-4,"SPRING ST","3RD ST",10.00,N,N,A,-,N,,,,,,,,,,N,4,0,1,2,A,-,09,21802,A,N,B,C,A,A,H,-,C,D,0,,,,,Y,,A,08,0,0,1,0,0,0,0,0,0,"- ","- ",35.622169999999997,-120.69061000000001,"SAN LUIS OBISPO","PASO ROBLES",-120.69061254,35.617457389999998
8481595,2017,2017-11-14,4006,2017-10-16,1746,80908,,1,5,4,4006,0,0,0,,0,,MORRO,PACIFIC,0.00,,Y,A,-,N,,,,,,,,,,N,3,0,1,2,A,-,09,21801,A,N,A,G,A,A,H,-,A,A,0,,Y,,,Y,,A,01,0,1,0,0,0,0,1,0,0,"- ","- ",35.279089999999997,-120.66034999999999,"SAN LUIS OBISPO","SAN LUIS OBISPO",-120.66035991,35.279090019999998
8510689,2017,2018-01-20,4004,2017-11-30,0751,1062,04,4,5,3,4004,0,0,0,,0,042,NIBLICK,MELODY,0.00,,Y,A,-,N,,,,,,,,,,N,4,0,2,2,A,-,08,22107,,N,B,C,A,A,H,-,A,A,0,,,,,Y,,A,01,0,0,2,0,0,0,0,0,0,"- ","- ",,,"SAN LUIS OBISPO","PASO ROBLES",-120.66622989,35.615750089999999
8512913,2017,2018-06-08,4005,2017-10-28,1315,P090,5,6,5,2,4005,0,0,0,,0,,"PRICE ST","MATTIE RD",572.00,S,N,A,-,N,,,,,,,,,,N,4,0,1,2,A,-,03,22350,,N,C,C,A,A,H,-,A,D,0,,,,,Y,,A,01,0,0,1,0,0,0,0,0,0,"- ","- ",,,"SAN LUIS OBISPO","PISMO BEACH",-120.6530875,35.149552800000002
8517251,2017,2018-01-04,4006,2017-12-08,1752,10817,SLO,5,5,4,4006,0,0,0,,0,,MONTEREY,"SANTA ROSA",0.00,,Y,A,-,N,,,,,,,,,,N,3,0,2,3,A,-,10,21950,A,N,G,B,B,A,H,-,C,A,0,Y,,,,Y,,D,22,0,1,1,0,2,0,0,0,0,"- ","- ",35.282539999999997,-120.65989999999999,"SAN LUIS OBISPO","SAN LUIS OBISPO",-120.65995992000001,35.282600080000002
8525232,2017,2018-01-27,4004,2017-12-21,2241,1306,04,4,5,3,4004,0,0,0,,0,048,CRESTON,"STONEY CREEK",180.00,N,N,A,-,N,,,,,,,,,,Y,4,0,1,2,A,-,01,23152,A,M,C,C,A,A,H,-,C,D,0,,,,,Y,Y,D,22,0,0,1,0,0,0,0,0,0,"- ","- ",,,"SAN LUIS OBISPO","PASO ROBLES",-120.65898794,35.605754310000002
8546255,2018,2018-02-08,4006,2018-01-20,1623,80908,,6,5,4,4006,0,0,0,,0,,FOOTHILL,BROAD,215.00,W,N,A,-,N,,,,,,,,,,N,4,0,1,2,A,-,03,22350,,N,C,C,A,A,H,-,C,D,0,,,,,Y,,A,01,0,0,1,0,0,0,0,0,0,"- ","- ",35.294109344482422,-120.67234039306641,"SAN LUIS OBISPO","SAN LUIS OBISPO",-120.67241668701172,35.294101715087891
8567490,2018,2018-03-14,4006,2018-02-10,1410,1515,,6,5,4,4006,0,0,0,,0,554,"OCEANO DUNES SVRA","POST ST",5.00,E,N,A,-,N,,,,,,,,,,N,3,0,1,1,A,-,03,38305,,N,E,J,A,A,H,-,A,D,0,,,Y,,Y,,-,"- ",0,1,0,0,0,0,0,0,1,"- ","- ",,,"SAN LUIS OBISPO","SAN LUIS OBISPO",,
8583813,2018,2018-07-27,4006,2018-03-13,1624,80908,,2,5,4,4006,0,0,0,,0,,MADONNA,"RT 101",100.00,W,N,C,-,Y,SLO,5,101,-,-,27.180,R,4,S,N,3,0,1,2,A,-,03,22350,,N,C,C,A,B,H,-,A,A,0,,,,,Y,,A,01,0,1,0,0,0,0,0,0,0,"- ",SO,35.264179229736328,-120.67595672607422,"SAN LUIS OBISPO","SAN LUIS OBISPO",-120.67359924316406,35.261360168457031
8643152,2018,2018-06-28,4008,2018-03-17,1419,2030,,6,5,4,4008,0,0,0,,0,,"EL CAMINO REAL","SAN JACINTO AV",0.00,,Y,A,-,N,,,,,,,,,,Y,2,0,3,4,A,-,09,21801,A,N,A,C,A,A,H,-,A,D,0,,,,,Y,,A,01,1,0,2,0,0,0,0,0,0,"- ","- ",35.495361328125,-120.67964935302734,"SAN LUIS OBISPO",ATASCADERO,-120.67967224121094,35.495410919189453
8651923,2018,2018-10-19,4003,2018-09-05,1850,F2780,5,3,5,2,4003,0,0,0,,0,001,"KINGS AV","FAIRWAY AV",237.00,S,N,A,-,N,,,,,,,,,,N,3,0,1,2,A,-,11,21954,A,N,H,A,E,A,H,-,A,D,0,Y,,,,Y,,N,60,0,1,0,0,1,0,0,0,0,"- ","- ",,,"SAN LUIS OBISPO","MORRO BAY",,
8665791,2018,2018-08-10,4002,2018-07-12,1621,311,102,4,5,3,4002,0,0,0,,0,,"GRAND AV","9TH ST",50.00,W,N,A,-,N,,,,,,,,,,N,4,0,1,2,A,-,05,21650,1,N,A,D,A,A,H,-,A,A,0,,Y,,,Y,,L,04,0,0,1,0,0,0,1,0,0,"- ","- ",,,"SAN LUIS OBISPO","GROVER BEACH",-120.62039947509766,35.121498107910156
8705532,2018,2018-11-13,4006,2018-09-14,2028,30311,,5,5,4,4006,0,0,0,,0,,"LOS OSOS VALLEY RD","CALLE JOAQUIN",0.00,,Y,A,-,N,,,,,,,,,,Y,4,0,1,2,A,-,09,21801,A,N,D,C,A,A,H,-,C,A,0,,,,,Y,,A,01,0,0,1,0,0,0,0,0,0,"- ","- ",35.144809722900391,-120.40595245361328,"SAN LUIS OBISPO","SAN LUIS OBISPO",-120.68302917480469,35.246730804443359
8744377,2018,2019-01-24,4008,2018-11-07,1450,3125,,3,5,4,4008,0,0,0,,0,,"EL CAMINO REAL",MORRO,0.00,,Y,A,-,Y,SLO,5,101,-,-,45.430,R,4,N,Y,4,0,1,2,A,-,12,21453,A,N,D,C,A,A,H,-,A,A,0,,,,,Y,,A,01,0,0,1,0,0,0,0,0,0,"- ",NF,35.485130310058594,-120.66352844238281,"SAN LUIS OBISPO",ATASCADERO,-120.66317749023438,35.484218597412109
8767669,2018,2019-01-07,4006,2018-11-28,1736,49251,SLO,3,5,4,4006,0,0,0,,0,ZONE2,MADONNA,OCEANAIRE,142.00,W,N,C,-,N,,,,,,,,,,Y,4,0,3,3,A,-,03,22350,,N,C,C,A,B,H,-,C,A,0,,,,,Y,,A,01,0,0,3,0,0,0,0,0,0,"- ","- ",35.259250640869141,-120.68418121337891,"SAN LUIS OBISPO","SAN LUIS OBISPO",-120.68470764160156,35.259208679199219
8783380,2018,2019-01-26,4006,2018-12-31,1344,88911,,1,5,4,4006,0,0,0,,0,,FOOTHILL,"SANTA ROSA",120.00,W,N,A,-,N,,,,,,,,,,Y,4,0,1,2,A,-,09,21801,A,N,D,C,A,A,H,-,A,A,0,,,Y,,Y,,A,01,0,0,1,0,0,0,0,0,1,"- ","- ",35.17388916015625,-120.40070343017578,"SAN LUIS OBISPO","SAN LUIS OBISPO",-120.66846466064453,35.294071197509766
8789481,2018,2019-02-01,4002,2018-11-22,1213,470,,4,5,3,4002,0,0,0,,0,,"S OAK PARK BL","FARROLL RD",0.00,,Y,A,-,N,,,,,,,,,,N,3,0,1,1,A,-,03,22350,,N,E,I,A,A,H,-,A,A,0,,,Y,,Y,,C,02,0,1,0,0,0,0,0,0,1,"- ","- ",,,"SAN LUIS OBISPO","GROVER BEACH",-120.60736083984375,35.110691070556641
8819393,2019,2019-05-08,4008,2019-02-17,1320,3114,,7,5,4,4008,0,0,0,,0,,"MORRO RD","SAN MIGUEL RD",2209.00,E,N,B,C,Y,SLO,5,41,-,-,11.930,H,-,N,Y,4,0,5,2,A,-,01,23152,F,N,A,C,A,-,-,-,-,D,0,,,,,Y,,A,01,0,0,5,0,0,0,0,0,0,"- ","- ",35.454479217529297,-120.714599609375,"SAN LUIS OBISPO",ATASCADERO,-120.70828247070312,35.451755523681641
8828727,2019,2019-04-11,4008,2019-03-08,0544,4044,,5,5,4,4008,0,0,0,,0,,"SANTA ROSA RD","SANTA ROSA",0.00,,Y,A,-,N,,,,,,,,,,N,4,0,1,2,A,-,12,21453,A,N,D,C,A,A,H,-,B,A,0,,,,,Y,,A,01,0,0,1,0,0,0,0,0,0,"- ",NF,35.466098785400391,-120.6510009765625,"SAN LUIS OBISPO",ATASCADERO,-120.67162322998047,35.466018676757812
8833180,2019,2019-04-12,4006,2019-03-08,0902,65419,,5,5,4,4006,0,0,0,,0,,CALIFORNIA,HIGUERA,0.00,,Y,B,-,N,,,,,,,,,,Y,3,0,1,2,A,-,09,21802,A,N,D,C,A,A,H,-,A,D,0,,,Y,,Y,,A,01,0,1,0,0,0,0,0,0,1,"- ","- ",35.165500640869141,-120.39337921142578,"SAN LUIS OBISPO","SAN LUIS OBISPO",-120.65396881103516,35.285411834716797
8838071,2019,2019-08-22,4005,2019-01-24,1351,P090,6,4,5,2,4005,0,0,0,,0,,"DOLLIVER ST","STIMSON AV",25.00,N,N,A,-,Y,SLO,5,1,-,-,15.460,H,-,S,N,4,0,1,2,A,-,03,22350,,N,C,C,A,A,H,-,A,D,0,,,,,Y,,A,07,0,0,1,0,0,0,0,0,0,"- ","- ",,,"SAN LUIS OBISPO","PISMO BEACH",-120.63993835449219,35.139328002929688
8851946,2019,2019-05-03,4003,2019-02-06,1639,C4566,2,3,5,2,4003,0,0,0,,0,001,"HARBOR ST","PINE WY",246.00,E,N,A,-,N,,,,,,,,,,N,3,0,1,2,A,-,00,21954,,N,G,B,D,A,H,-,A,A,0,Y,,,,Y,,N,60,0,1,0,0,1,0,0,0,0,"- ","- ",,,"SAN LUIS OBISPO","MORRO BAY",-120.84470367431641,35.366611480712891
8861395,2019,2019-06-06,4008,2019-05-02,1604,3125,,4,5,4,4008,0,0,0,,0,,"EL CAMINO REAL","TRAFFIC WY",562.00,N,N,A,-,N,,,,,,,,,,Y,3,0,2,3,A,-,03,22350,,N,C,C,A,A,H,-,A,D,0,,,,,Y,,A,08,0,1,1,0,0,0,0,0,0,"- ","- ",35.489368438720703,-120.67031097412109,"SAN LUIS OBISPO",ATASCADERO,-120.67201995849609,35.490161895751953
8882977,2019,2019-07-08,4006,2019-05-29,1247,80908,,3,5,4,4006,0,0,0,,0,,TANKFARM,BROAD,403.00,E,N,A,-,N,,,,,,,,,,Y,4,0,1,3,A,-,09,21801,A,N,-,C,A,-,H,-,A,A,0,,,,,Y,,A,01,0,0,1,0,0,0,0,0,0,"- ","- ",35.248958587646484,-120.64163208007812,"SAN LUIS OBISPO","SAN LUIS OBISPO",-120.64179229736328,35.248813629150391
8886412,2019,2019-07-29,4008,2019-06-20,1725,3125,,4,5,4,4008,0,0,0,,0,,"EL CAMINO REAL","SAN ANSELMO RD",20.00,N,N,B,-,N,,,,,,,,,,Y,2,0,2,3,A,-,01,23153,F,N,C,C,A,A,D,-,A,A,0,,,,,Y,,A,08,1,0,1,0,0,0,0,0,0,"- ","- ",35.498119354248047,-120.68196105957031,"SAN LUIS OBISPO",ATASCADERO,-120.68327331542969,35.499526977539062
8897202,2019,2019-07-19,4006,2019-06-27,1214,80908,,4,5,4,4006,0,0,0,,0,,MARSH,MORRO,144.00,W,N,A,-,N,,,,,,,,,,N,2,0,1,2,A,-,06,21951,,N,B,B,C,A,H,-,A,A,0,Y,,,,Y,,A,01,1,0,0,0,1,0,0,0,0,"- ","- ",35.279571533203125,-120.66140747070312,"SAN LUIS OBISPO","SAN LUIS OBISPO",-120.66140747070312,35.279575347900391
8932246,2019,2019-09-26,4006,2019-08-20,1527,98137,,2,5,4,4006,0,0,0,,0,,JOHNSON,LIZZIE,95.00,S,N,A,-,N,,,,,,,,,,N,4,0,1,2,A,-,03,22350,,N,C,C,A,A,H,-,A,D,0,,,,,Y,,A,01,0,0,1,0,0,0,0,0,0,"- ","- ",35.278709411621094,-120.65025329589844,"SAN LUIS OBISPO","SAN LUIS OBISPO",-120.65029907226562,35.278774261474609
8937139,2019,2020-01-31,4008,2019-08-04,1128,3543,,7,5,4,4008,0,0,0,,0,,"MORRO RD","CURBARIL AV",431.00,E,N,A,-,Y,SLO,5,41,-,-,15.190,H,-,S,N,4,0,1,3,A,-,03,22350,,N,C,C,A,A,H,-,A,A,0,,,,,Y,,E,22,0,0,1,0,0,0,0,0,0,"- ","- ",35.474220275878906,-120.66832733154297,"SAN LUIS OBISPO",ATASCADERO,-120.66802215576172,35.475231170654297
8953496,2019,2019-10-18,4008,2019-09-09,1321,3125,,1,5,4,4008,0,0,0,,0,,"EL CAMINO REAL","SAN RAFAEL RD",35.00,S,N,A,-,N,,,,,,,,,,Y,4,0,1,2,A,-,03,22350,,N,C,C,A,A,H,-,A,A,0,,,,,Y,,A,01,0,0,1,0,0,0,0,0,0,"- ","- ",35.460048675537109,-120.64363098144531,"SAN LUIS OBISPO",ATASCADERO,-120.64348602294922,35.459949493408203
8980378,2019,2019-12-05,4006,2019-10-04,1013,77891,,5,5,4,4006,0,0,0,,0,,"TANK FARM",BROAD,0.00,,Y,A,-,N,,,,,,,,,,N,4,0,1,2,A,-,03,22350,,M,C,C,A,A,H,-,A,A,0,,,,,Y,,A,01,0,0,1,0,0,0,0,0,0,"- ","- ",35.248310089111328,-120.64305114746094,"SAN LUIS OBISPO","SAN LUIS OBISPO",-120.64302062988281,35.248348236083984
8980398,2019,2019-12-05,4006,2019-10-21,0915,80908,,1,5,4,4006,0,0,0,,0,,JOHNSON,LIZZIE,50.00,N,N,A,-,N,,,,,,,,,,Y,3,0,1,3,A,-,03,22350,,N,C,C,A,A,H,-,A,A,0,,,,,Y,,A,01,0,1,0,0,0,0,0,0,0,"- ","- ",35.279140472412109,-120.65057373046875,"SAN LUIS OBISPO","SAN LUIS OBISPO",-120.65058135986328,35.279102325439453