CASE_ID,ACCIDENT_YEAR,PROC_DATE,JURIS,COLLISION_DATE,COLLISION_TIME,OFFICER_ID,REPORTING_DISTRICT,DAY_OF_WEEK,CHP_SHIFT,POPULATION,CNTY_CITY_LOC,SPECIAL_COND,BEAT_TYPE,CHP_BEAT_TYPE,CITY_DIVISION_LAPD,CHP_BEAT_CLASS,BEAT_NUMBER,PRIMARY_RD,SECONDARY_RD,DISTANCE,DIRECTION,INTERSECTION,WEATHER_1,WEATHER_2,STATE_HWY_IND,CALTRANS_COUNTY,CALTRANS_DISTRICT,STATE_ROUTE,ROUTE_SUFFIX,POSTMILE_PREFIX,POSTMILE,LOCATION_TYPE,RAMP_INTERSECTION,SIDE_OF_HWY,TOW_AWAY,COLLISION_SEVERITY,NUMBER_KILLED,NUMBER_INJURED,PARTY_COUNT,PRIMARY_COLL_FACTOR,PCF_CODE_OF_VIOL,PCF_VIOL_CATEGORY,PCF_VIOLATION,PCF_VIOL_SUBSECTION,HIT_AND_RUN,TYPE_OF_COLLISION,MVIW,PED_ACTION,ROAD_SURFACE,ROAD_COND_1,ROAD_COND_2,LIGHTING,CONTROL_DEVICE,CHP_ROAD_TYPE,PEDESTRIAN_ACCIDENT,BICYCLE_ACCIDENT,MOTORCYCLE_ACCIDENT,TRUCK_ACCIDENT,NOT_PRIVATE_PROPERTY,ALCOHOL_INVOLVED,STWD_VEHTYPE_AT_FAULT,CHP_VEHTYPE_AT_FAULT,COUNT_SEVERE_INJ,COUNT_VISIBLE_INJ,COUNT_COMPLAINT_PAIN,COUNT_PED_KILLED,COUNT_PED_INJURED,COUNT_BICYCLIST_KILLED,COUNT_BICYCLIST_INJURED,COUNT_MC_KILLED,COUNT_MC_INJURED,PRIMARY_RAMP,SECONDARY_RAMP,LATITUDE,LONGITUDE,COUNTY,CITY,POINT_X,POINT_Y
90016696,2015,2015-10-19,9745,2015-09-05,1520,018021,,6,2,9,4000,0,3,5,,2,005,"DIVISION STREET","OSO FLACO LAKE RD",2112.00,W,N,A,-,N,,,,,,,,,,Y,3,0,3,1,A,-,08,22107,,N,E,J,A,A,H,-,A,D,0,,,,,Y,,A,01,0,2,1,0,0,0,0,0,0,"- ","- ",34.997959999999999,-120.53635,"SAN LUIS OBISPO",UNINCORPORATED,-120.53697034,34.997699730000001
90017539,2015,2015-10-19,9745,2015-09-09,2030,016514,,3,2,9,4000,0,1,2,,2,303,"US-101 SOUTHBOUND","SAN LUIS BAY DR",5280.00,N,N,A,-,Y,,,101,,,,,,S,Y,3,0,2,3,A,-,03,22350,,N,C,C,A,A,H,-,D,D,0,,,,,Y,,A,01,0,1,1,0,0,0,0,0,0,"- ","- ",35.21387,-120.69682,"SAN LUIS OBISPO",UNINCORPORATED,-120.69685819999999,35.213873720000002
90022515,2015,2015-10-19,9745,2015-09-24,0725,013531,,4,1,9,4000,0,1,2,,2,505,"US-101 NORTHBOUND","LOS BERROS ROAD",200.00,N,N,A,-,Y,,,101,,,,,,N,Y,4,0,1,2,A,-,03,22350,,N,C,C,A,A,H,-,A,D,0,,,,,Y,,A,01,0,0,1,0,0,0,0,0,0,"- ","- ",35.072969999999998,-120.51724,"SAN LUIS OBISPO",UNINCORPORATED,-120.51719063,35.07301554
90022889,2015,2015-10-19,9745,2015-09-25,1445,013206,9745,5,2,9,4000,0,3,5,,2,002,"PINE AVE","MITCHELL DRIVE",0.00,,Y,A,-,N,,,,,,,,,,N,4,0,1,2,A,-,05,21460,A,N,F,A,A,A,H,-,A,D,0,,,Y,,Y,,A,07,0,0,1,0,0,0,0,0,1,"- ","- ",35.319130000000001,-120.84497,"SAN LUIS OBISPO",UNINCORPORATED,-120.84481989,35.319090099999997
90026644,2015,2015-10-19,9745,2015-09-28,1607,020228,,1,2,9,4000,0,1,2,,2,505,"US-101 SOUTHBOUND","TEFFT STREET",9504.00,S,N,B,-,Y,,,101,,,,,,S,N,4,0,2,2,A,-,03,22350,,N,C,C,A,A,H,-,A,D,0,,,,,Y,,A,01,0,0,2,0,0,0,0,0,0,"- ","- ",35.016979999999997,-120.46331000000001,"SAN LUIS OBISPO",UNINCORPORATED,-120.46328959,35.017002140000002
9005322,2019,2020-09-02,4001,2019-11-02,2020,P0148,463,6,5,3,4001,0,0,0,,0,OPERAT,"EL CAMINO REAL","EL CAMINO REAL 1000",0.00,,Y,A,-,N,,,,,,,,,,Y,4,0,2,2,A,-,17,21451,A,N,A,C,A,A,H,-,C,A,0,,,,,Y,,A,01,0,0,2,0,0,0,0,0,0,"- ","- ",,,"SAN LUIS OBISPO","ARROYO GRANDE",,
90068520,2015,2015-12-09,9745,2015-12-06,1554,017151,,7,2,9,4000,0,1,2,,2,505,"US-101 SOUTHBOUND","SANDYDALE DR",98.00,S,N,A,-,Y,,,101,,,,,,S,Y,3,0,1,1,A,-,01,23152,A,N,E,I,A,A,H,-,A,D,0,,,,,Y,Y,A,01,0,1,0,0,0,0,0,0,0,"- ","- ",35.045290000000001,-120.49225,"SAN LUIS OBISPO",UNINCORPORATED,-120.49229637000001,35.045247349999997
9007512,2019,2020-02-26,4004,2019-12-06,2137,1384,,5,5,3,4004,0,0,0,,0,,"RIVER RD","NIBLICK RD",0.00,,Y,A,-,N,,,,,,,,,,Y,4,0,1,2,D,-,00,,,N,A,C,A,A,H,-,C,A,0,,,,,Y,,-,"- ",0,0,1,0,0,0,0,0,0,"- ","- ",35.615009307861328,-120.68020629882812,"SAN LUIS OBISPO","PASO ROBLES",-120.68026733398438,35.615020751953125
90080068,2015,2015-12-22,9740,2015-12-10,1342,014662,,4,1,9,4000,0,3,5,,2,017,"EL POMAR RD","VAQUERO DR",1056.00,W,N,B,C,N,,,,,,,,,,Y,3,0,1,1,A,-,08,22107,,N,E,I,A,B,H,-,A,D,0,,,,,Y,,A,01,0,1,0,0,0,0,0,0,0,"- ","- ",35.121200000000002,-120.53,"SAN LUIS OBISPO",UNINCORPORATED,-120.68984609,35.556160900000002
90084594,2015,2015-12-29,9740,2015-12-22,2355,017791,,2,3,4,4008,0,1,2,,2,001,"U.S. 101 NORTHBOUND","SANTA ROSA ROAD",645.00,N,N,B,-,Y,,,,,,,,,,Y,3,0,1,2,A,-,03,22350,,N,A,C,A,A,H,-,C,D,0,,,,,Y,,A,07,0,1,0,0,0,0,0,0,0,"- ","- ",35.467579999999998,-120.65255000000001,"SAN LUIS OBISPO",ATASCADERO,-120.65238268,35.467469389999998
90088142,2016,2016-01-05,9745,2016-01-04,0120,013937,,1,3,9,4000,0,1,2,,2,505,"US-101 NORTHBOUND","TEFFT STREET",528.00,N,N,B,-,Y,,,101,,,,,,N,Y,3,0,1,1,A,-,08,22107,,N,E,I,A,A,H,-,D,D,0,,,,,Y,,A,01,0,1,0,0,0,0,0,0,0,"- ","- ",35.038260000000001,-120.48587999999999,"SAN LUIS OBISPO",UNINCORPORATED,-120.48580294999999,35.038327350000003
90093725,2015,2016-01-12,9740,2015-12-12,1400,017426,,6,2,9,4000,0,3,5,,2,017,"EL CAMINO REAL","RANDOM OAKS DR",500.00,N,N,A,-,N,,,,,,,,,,Y,1,1,3,2,A,-,09,21801,A,N,A,C,A,A,H,-,A,D,0,,,,,Y,,A,07,0,1,2,0,0,0,0,0,0,"- ","- ",35.435949999999998,-120.62146,"SAN LUIS OBISPO",UNINCORPORATED,-120.62106493,35.435807390000001
90100317,2016,2016-01-21,9745,2016-01-19,1258,016068,,2,1,9,4000,0,1,2,,1,101,"US-101 SOUTHBOUND","TASSAJARA CREEK ROAD",1584.00,S,N,B,C,Y,,,101,,,,,,S,Y,4,0,1,1,A,-,03,22350,,N,F,A,A,B,H,-,A,D,0,,,,,Y,,D,22,0,0,1,0,0,0,0,0,0,"- ","- ",35.363039999999998,-120.63863000000001,"SAN LUIS OBISPO",UNINCORPORATED,-120.63859209,35.363040789999999
90103687,2016,2016-01-27,9745,2016-01-19,1315,013212,,2,1,9,4000,0,1,2,,1,101,"US-101 NORTHBOUND","OLD STAGE COACH",528.00,N,N,B,C,Y,,,,,,,,,,Y,3,0,1,1,A,-,03,22350,,N,F,A,A,B,F,-,A,D,0,,,,,Y,,D,22,0,1,0,0,0,0,0,0,0,"- ","- ",35.32,-120.61450000000001,"SAN LUIS OBISPO",UNINCORPORATED,-120.62122572,35.318753469999997
90105694,2016,2016-01-29,9745,2016-01-21,1755,017238,,4,2,9,4000,0,1,3,,1,032,"SR-227 SOUTHBOUND","AIRPORT DR",1056.00,S,N,B,-,Y,,,,,,,,,,Y,4,0,1,3,A,-,03,22350,,N,C,C,A,A,H,-,D,D,0,,,,,Y,,A,07,0,0,1,0,0,0,0,0,0,"- ","- ",35.239019999999996,-120.63619,"SAN LUIS OBISPO",UNINCORPORATED,,
90126527,2016,2016-03-01,9740,2016-02-27,2215,013417,,6,3,9,4000,0,1,3,,2,011,"SR-46 W/B","YORK MOUNTAIN RD. (EAST)",2112.00,W,N,A,-,Y,,,,,,,,,,Y,4,0,1,2,A,-,01,23152,A,N,B,C,A,A,H,-,D,A,0,,,,,Y,Y,A,01,0,0,1,0,0,0,0,0,0,"- ","- ",35.538510000000002,-120.08938000000001,"SAN LUIS OBISPO",UNINCORPORATED,-120.83681532999999,35.537785790000001
90126655,2016,2016-03-01,9745,2016-02-24,0730,017097,,3,1,2,4005,0,1,2,,2,404,"US-101 N/B","AVILA BEACH DRIVE",1056.00,S,N,A,-,Y,,,101,,,,,,N,N,4,0,2,2,A,-,04,21703,,N,C,C,A,A,H,-,A,D,0,,,,,Y,,A,01,0,0,2,0,0,0,0,0,0,"- ","- ",35.17474,-120.6968,"SAN LUIS OBISPO","PISMO BEACH",-120.69678036000001,35.174751800000003
90127033,2016,2016-03-01,9745,2016-02-25,1649,020229,,4,2,9,4000,0,2,4,,1,052,"THOMPSON AVE","DAY ST",16.00,S,N,A,-,N,,,,,,,,,,Y,4,0,1,2,A,-,03,22350,,N,C,C,A,A,H,-,A,D,0,,,,,Y,,A,08,0,0,1,0,0,0,0,0,0,"- ","- ",35.047350000000002,-120.48098,"SAN LUIS OBISPO",UNINCORPORATED,-120.48105388,35.047527610000003
90140611,2016,2016-03-21,9745,2016-03-18,1800,016514,,5,2,4,4006,0,1,2,,2,202,"US-101 SOUTHBOUND","LOS OSOS VALLEY RD",651.00,N,N,A,-,Y,,,,,,,,,,Y,3,0,1,3,A,-,03,22350,,N,C,C,A,A,H,-,A,D,0,,,,,Y,,A,01,0,1,0,0,0,0,0,0,0,"- ","- ",35.246319999999997,-120.64079,"SAN LUIS OBISPO","SAN LUIS OBISPO",-120.681252,35.246438079999997
90160838,2016,2016-04-19,9745,2016-04-12,0810,017151,,2,1,3,4001,0,1,2,,2,402,"US-101 NORTHBOUND","BRISCO RD",500.00,N,N,A,-,Y,,,101,,,,,,N,Y,3,0,1,2,A,-,03,22350,,N,C,C,A,A,H,-,A,D,0,,,,,Y,,A,01,0,1,0,0,0,0,0,0,0,"- ","- ",35.124789999999997,-120.59463,"SAN LUIS OBISPO","ARROYO GRANDE",-120.59458068000001,35.124885720000002
90179888,2016,2016-05-16,9745,2016-05-15,1515,016068,,7,2,9,4000,0,2,4,,1,025,"LOS OSOS VALLEY ROAD","CIMARRON WAY",30.00,W,N,A,-,N,,,,,,,,,,Y,4,0,1,2,A,-,03,22350,,N,C,C,A,A,H,-,A,D,0,,,,,Y,,A,01,0,0,1,0,0,0,0,0,0,"- ","- ",35.304850000000002,-120.80701000000001,"SAN LUIS OBISPO",UNINCORPORATED,-120.80688598,35.304854519999999
90180955,2016,2016-05-17,9745,2016-05-14,2008,015734,,6,2,9,4000,0,3,5,,2,002,"BINSCARTH RD","NANCY AVE",0.00,,Y,A,-,N,,,,,,,,,,N,3,0,1,2,A,-,12,22450,A,N,D,G,A,A,H,-,B,A,0,,Y,,,Y,,L,04,0,1,0,0,0,0,1,0,0,"- ","- ",35.318489999999997,-120.85046,"SAN LUIS OBISPO",UNINCORPORATED,-120.85045986,35.318500110000002
90191598,2016,2016-05-31,9745,2016-04-15,0833,020144,,5,1,9,4000,0,3,5,,2,004,"W. EL CAMPO ROAD","PAR VIEW LANE",475.00,N,N,A,-,N,,,,,,,,,,N,2,0,1,2,A,-,03,22350,,F,G,B,E,A,H,-,A,D,0,Y,,,,Y,,-,99,1,0,0,0,1,0,0,0,0,"- ","- ",35.078200000000002,-120.57474000000001,"SAN LUIS OBISPO",UNINCORPORATED,-120.57479189999999,35.078146400000001
90196261,2016,2016-06-07,9740,2016-06-01,1343,019096,,3,1,9,4000,0,1,2,,2,004,"US-101 NORTHBOUND","MONTEREY RD",651.00,S,N,A,-,Y,,,101,,,,,,N,Y,2,0,3,1,A,-,08,22107,,N,F,I,A,A,H,-,A,D,0,,,,,Y,,A,01,1,1,1,0,0,0,0,0,0,"- ","- ",35.664879999999997,-120.69646,"SAN LUIS OBISPO",UNINCORPORATED,-120.69649592,35.66488931
90206418,2016,2016-06-21,9740,2016-06-13,1520,011615,,1,2,9,4000,0,2,4,,2,012,"G-14 (INTERLAKE RD)","BEE ROCK RD",93.00,E,N,A,-,N,,,,,,,,,,Y,2,0,1,1,A,-,00,22017,,N,E,I,A,A,H,-,A,D,0,,,,,Y,,D,22,1,0,0,0,0,0,0,0,0,"- ","- ",35.788080000000001,-120.93893,"SAN LUIS OBISPO",UNINCORPORATED,-120.93888938000001,35.788112949999999
90208555,2016,2016-06-23,9745,2016-06-23,0756,013531,,4,1,9,4000,0,3,5,,2,004,"WILLOW ROAD","BLACK LAKE CANYON ROAD",0.00,,Y,A,-,N,,,,,,,,,,Y,2,0,1,2,A,-,09,21801,A,N,A,C,A,A,H,-,A,D,0,,,,,Y,,D,22,1,0,0,0,0,0,0,0,0,"- ","- ",35.047249999999998,-120.53534000000001,"SAN LUIS OBISPO",UNINCORPORATED,-120.53520998,35.047400060000001
90215257,2016,2016-07-04,9745,2016-06-30,1725,017097,,4,2,4,4006,0,1,2,,2,202,"US-101 N/B","CALIFORNIA BLVD",500.00,S,N,A,-,Y,,,101,,,,,,N,Y,4,0,1,2,A,-,03,22350,,N,C,C,A,A,H,-,A,D,0,,,,,Y,,A,01,0,0,1,0,0,0,0,0,0,"- ","- ",35.288910000000001,-120.66055,"SAN LUIS OBISPO","SAN LUIS OBISPO",-120.66054874,35.288908360000001
90217957,2016,2016-07-07,9740,2016-07-01,1645,014662,,5,2,9,4000,0,3,5,,2,021,"N BETHEL RD",SR-46W,1584.00,S,N,A,-,N,,,,,,,,,,Y,4,0,2,2,A,-,09,21804,A,N,D,C,A,A,H,-,A,D,0,,,,,Y,Y,A,01,0,0,2,0,0,0,0,0,0,"- ","- ",35.576900000000002,-120.20099999999999,"SAN LUIS OBISPO",UNINCORPORATED,-120.72029114,35.57595955
90218119,2016,2016-07-07,9740,2016-07-02,1340,015167,,6,1,9,4000,0,1,3,,1,014,"STATE ROUTE 1","JULIAN ROAD",250.00,N,N,A,-,Y,,,,,,,,,,Y,3,0,1,1,A,-,03,22350,,N,F,A,A,A,H,-,A,D,0,,,Y,,Y,,C,02,0,1,0,0,0,0,0,0,1,"- ","- ",,,"SAN LUIS OBISPO",UNINCORPORATED,,
90219177,2016,2016-07-08,9745,2016-07-04,0750,012876,,1,1,9,4000,0,1,2,,1,101,"WILLOW DR","NIPOMO AVE",239.00,S,N,A,-,N,,,,,,,,,,Y,4,0,1,1,A,-,08,22107,,N,E,I,A,A,H,-,A,D,0,,,,,Y,,A,01,0,0,1,0,0,0,0,0,0,"- ","- ",35.313780000000001,-120.81959999999999,"SAN LUIS OBISPO",UNINCORPORATED,-120.81951818,35.313855099999998
90219632,2016,2016-07-11,9740,2016-06-25,0350,014543,,6,3,9,4000,0,1,2,,2,002,"US-101 NORTHBOUND","MAIN ST",2112.00,S,N,A,-,Y,,,101,,,,,,N,Y,3,0,1,1,A,-,08,22107,,N,E,I,A,A,H,-,D,D,0,,,,,Y,,A,01,0,1,0,0,0,0,0,0,0,"- ","- ",35.561079999999997,-120.70621,"SAN LUIS OBISPO",UNINCORPORATED,-120.70598382999999,35.560876790000002
90244390,2016,2016-08-15,9740,2016-07-31,1505,011615,,7,2,9,4000,0,1,2,,2,003,"US-101 N/B","NIBLICK RD",230.00,S,N,A,-,Y,,,,,,,,,,N,4,0,1,2,A,-,03,22350,,N,C,C,A,A,H,-,A,D,0,,,,,Y,,A,01,0,0,1,0,0,0,0,0,0,"- ","- ",35.614530000000002,-120.68891000000001,"SAN LUIS OBISPO",UNINCORPORATED,-120.68886664999999,35.614653699999998
90256854,2016,2016-08-30,9740,2016-08-26,2000,016089,,5,2,3,4004,0,1,2,,2,003,"US-101 SOUTHBOUND","S. SPRING ON RAMP",528.00,S,N,A,-,Y,,,101,,,,,,S,Y,4,0,1,3,A,-,03,22350,,N,C,C,A,A,H,-,A,A,0,,,,,Y,,A,01,0,0,1,0,0,0,0,0,0,"- ","- ",35.610550000000003,-120.69175,"SAN LUIS OBISPO","PASO ROBLES",-120.69168474999999,35.610530730000001
90266825,2016,2016-09-13,9740,2016-09-05,1152,018323,,1,1,9,4000,0,1,3,,2,011,SR-46,"DEL SOL PL",567.00,W,N,A,-,Y,,,46,,,,,,,Y,4,0,1,3,A,-,03,22350,,N,C,C,A,A,H,-,A,D,0,,,,,Y,,A,07,0,0,1,0,0,0,0,0,0,"- ","- ",35.585909999999998,-120.70743,"SAN LUIS OBISPO",UNINCORPORATED,-120.70744456,35.58595511
90277206,2016,2016-09-27,9745,2016-09-03,0215,020229,,6,3,9,4000,0,2,4,,1,049,"CORBETT CANYON RD","ROYAL OAK PL",817.00,N,N,A,-,N,,,,,,,,,,Y,1,1,0,1,A,-,08,22107,,N,E,I,A,A,H,-,D,D,0,,,,,Y,,A,01,0,0,0,0,0,0,0,0,0,"- ","- ",35.1434,-120.56207000000001,"SAN LUIS OBISPO",UNINCORPORATED,-120.56182754,35.14404648
90285844,2016,2016-10-13,9740,2016-09-30,1505,014662,,5,2,9,4000,0,1,3,,2,011,SR-46W,"ANDERSON RD",528.00,W,N,A,-,Y,,,46,,,,,,,Y,2,0,2,2,A,-,09,21801,A,N,D,C,A,A,H,-,A,D,0,,,,,Y,,A,01,1,0,1,0,0,0,0,0,0,"- ","- ",35.572400000000002,-120.73480000000001,"SAN LUIS OBISPO",UNINCORPORATED,-120.73483929,35.57247924
90287708,2016,2016-10-10,9745,2016-10-07,0805,016390,,5,1,9,4000,0,1,3,,1,041,"SR-1 NORTHBOUND","RAILROAD ST.",10.00,S,N,A,-,Y,,,1,,,,,,N,Y,4,0,1,2,A,-,03,22350,,N,C,C,A,A,H,-,A,D,0,,,,Y,Y,,D,22,0,0,1,0,0,0,0,0,0,"- ","- ",35.098999999999997,-120.6127,"SAN LUIS OBISPO",UNINCORPORATED,-120.61270641999999,35.098991210000001
90290148,2016,2016-10-12,9740,2016-09-30,1652,018323,,5,2,9,4000,0,1,2,,2,002,"US-101 NORTHBOUND","VINEYARD DR",4224.00,S,N,A,-,Y,,,101,,,,,,N,Y,3,0,1,4,A,-,03,22350,,N,C,C,A,A,H,-,A,D,0,,,,,Y,,D,22,0,1,0,0,0,0,0,0,0,"- ","- ",35.532739999999997,-120.70997,"SAN LUIS OBISPO",UNINCORPORATED,-120.70996415,35.53274296
90302713,2016,2016-10-27,9745,2016-10-21,1027,013531,,5,1,9,4000,0,3,5,,2,005,"WILLOW ROAD","HETRICK AVENUE",0.00,,Y,A,-,N,,,,,,,,,,Y,4,0,1,2,A,-,09,21801,A,M,A,C,A,A,H,-,A,D,0,,,,,Y,,D,22,0,0,1,0,0,0,0,0,0,"- ","- ",35.04795,-120.51227,"SAN LUIS OBISPO",UNINCORPORATED,-120.51290991,35.04792003
90321054,2016,2016-11-16,9745,2016-11-05,1115,016390,,6,1,2,4005,0,1,2,,2,404,"US 101 N/B","FRADY LN. U/C",70.00,S,N,A,-,Y,,,,,,,,,,Y,2,0,2,3,A,-,03,22350,,N,C,C,A,A,H,-,A,D,0,,,Y,,Y,,A,07,2,0,0,0,0,0,0,0,2,"- ","- ",35.138500000000001,-120.6319,"SAN LUIS OBISPO","PISMO BEACH",-120.63245606,35.138694020000003
90339740,2016,2016-12-07,9745,2016-11-26,1015,017061,,6,1,9,4000,0,2,4,,1,025,"W. FOOTHILL BLVD","JOHE LN",30.00,E,N,B,C,N,,,,,,,,,,Y,3,0,1,1,A,-,03,22350,,N,E,I,A,B,H,-,A,D,0,,,,,Y,,A,07,0,1,0,0,0,0,0,0,0,"- ","- ",35.284840000000003,-120.70235,"SAN LUIS OBISPO",UNINCORPORATED,-120.70414164,35.283729270000002
90352877,2016,2017-02-28,9740,2016-12-21,1340,011615,,3,1,9,4000,0,1,2,,2,004,"US-101 S/B","N. MISSION ST",340.00,N,N,B,-,Y,,,101,,,,,,S,Y,4,0,1,1,A,-,08,22107,,N,F,A,A,A,H,-,A,D,0,,,,,Y,,A,07,0,0,1,0,0,0,0,0,0,"- ","- ",35.771560000000001,-120.70686000000001,"SAN LUIS OBISPO",UNINCORPORATED,-120.70699985,35.771423079999998
90361271,2016,2017-01-04,9740,2016-12-29,1330,014662,,4,1,9,4000,0,3,5,,2,016,"PARKHILL RD",SR-58,5808.00,S,N,B,-,N,,,,,,,,,,Y,4,0,2,2,A,-,06,21750,,N,C,C,A,A,H,-,A,D,0,,,,,Y,,D,22,0,0,2,0,0,0,0,0,0,"- ","- ",35.406100000000002,-120.5407,"SAN LUIS OBISPO",UNINCORPORATED,-120.54462297000001,35.40616387
90362806,2016,2017-01-06,9740,2016-12-28,1137,014465,,3,1,4,4008,0,1,2,,2,002,"US 101 N/B","SAN ANSELMO RD O/C",1200.00,S,N,A,-,Y,,,,,,,,,,Y,4,0,1,1,A,-,08,22107,,N,F,A,A,A,H,-,A,D,0,,,,,Y,,A,07,0,0,1,0,0,0,0,0,0,"- ","- ",35.49503,-120.67979,"SAN LUIS OBISPO",ATASCADERO,-120.67984781,35.494966470000001
90385152,2017,2017-02-02,9740,2017-01-25,0725,013246,,3,1,4,4008,0,1,2,,2,001,"U.S. 101 N/B","SANTA BARBARA RD.",2640.00,N,N,A,-,Y,,,,,,,,,,Y,4,0,2,3,C,-,18,,,N,B,C,A,C,H,-,B,D,0,,,,Y,Y,,-,"- ",0,0,2,0,0,0,0,0,0,"- ","- ",35.451900000000002,-120.64019999999999,"SAN LUIS OBISPO",ATASCADERO,-120.6396312,35.450706869999998
90397448,2017,2017-02-21,9740,2017-02-07,1315,019096,,2,1,4,4008,0,1,2,,2,002,"US-101 SOUTHBOUND","TRAFFIC WAY",300.00,N,N,C,-,Y,,,101,,,,,,S,Y,4,0,1,1,A,-,03,22350,,N,E,I,A,B,H,-,A,D,0,,,,,Y,,A,01,0,0,1,0,0,0,0,0,0,"- ","- ",35.488700000000001,-120.67140000000001,"SAN LUIS OBISPO",ATASCADERO,-120.67136211,35.488765219999998
90404083,2017,2017-03-02,9740,2017-02-16,2115,013246,,4,2,4,4008,0,1,2,,2,001,"U.S. 101 S/B CURBARIL AVE. OFF-RAMP","CURBARIL AVE",471.00,N,N,C,-,Y,,,,,,,,,,Y,3,0,1,1,A,-,08,22107,,N,E,I,A,B,H,-,D,D,0,,,,,Y,,D,22,0,1,0,0,0,0,0,0,0,"- ","- ",35.477499999999999,-120.6592,"SAN LUIS OBISPO",ATASCADERO,,
90405170,2017,2017-03-14,9745,2017-02-27,0739,014713,,1,1,9,4000,0,1,2,,1,101,"US-101 SOUTHBOUND","TASSAJARA CREEK ROAD",1056.00,N,N,A,-,Y,,,101,,,,,,S,Y,4,0,1,2,A,-,03,22350,,N,C,C,A,A,H,-,A,D,0,,,,,Y,,A,01,0,0,1,0,0,0,0,0,0,"- ","- ",35.373489999999997,-120.63939000000001,"SAN LUIS OBISPO",UNINCORPORATED,-120.63940037,35.373499430000003
90412691,2017,2017-03-15,9740,2017-03-04,0635,013733,,6,1,9,4000,0,1,3,,2,007,"SR-41 S/B","STARKEY RD",1056.00,N,N,B,-,Y,,,41,,,,,,S,Y,3,0,2,1,A,-,08,22107,,N,E,I,A,A,H,-,A,D,0,,,,,Y,,A,01,0,1,1,0,0,0,0,0,0,"- ","- ",35.647680000000001,-120.39982000000001,"SAN LUIS OBISPO",UNINCORPORATED,-120.39980944,35.647679930000002
90413797,2017,2017-03-16,9745,2017-03-13,1145,016068,,1,1,9,4000,0,1,2,,2,404,"US-101 NORTHBOUND","SPYGLASS DR",3960.00,S,N,A,-,Y,,,101,,,,,,N,Y,4,0,1,2,A,-,08,22107,,N,D,C,A,A,H,-,A,D,0,,,,,Y,,A,01,0,0,1,0,0,0,0,0,0,"- ","- ",35.1556,-120.6657,"SAN LUIS OBISPO",UNINCORPORATED,-120.66572209,35.155543530000003
90414038,2017,2017-03-16,9745,2017-03-15,0850,016390,,3,1,2,4005,0,1,2,,2,404,"US-101 N/B","PRICE CANYON RD.",2112.00,S,N,A,-,Y,,,101,,,,,,N,Y,4,0,1,3,A,-,03,22350,,N,C,C,A,A,H,-,A,D,0,,,,,Y,,A,01,0,0,1,0,0,0,0,0,0,"- ","- ",35.138509999999997,-120.63133000000001,"SAN LUIS OBISPO","PISMO BEACH",-120.63134411999999,35.13845276
90442445,2017,2017-04-26,9740,2017-04-17,0740,014543,,1,1,9,4000,0,1,2,,2,004,"US-101 SOUTHBOUND","S. CAMP ROBERTS GATE",528.00,S,N,B,-,Y,,,101,,,,,,S,Y,4,0,1,1,A,-,08,22107,,N,F,A,A,A,H,-,A,D,0,,,,,Y,,A,07,0,0,1,0,0,0,0,0,0,"- ","- ",35.771450000000002,-120.70690999999999,"SAN LUIS OBISPO",UNINCORPORATED,-120.70696933000001,35.771391909999998
90467023,2017,2017-05-30,9745,2017-05-20,1223,017857,,6,1,9,4000,0,3,5,,2,004,"OSO FLACO LAKE RD",SR-1,7920.00,W,N,A,-,N,,,,,,,,,,Y,3,0,1,2,A,-,09,21804,A,N,D,C,A,A,H,-,A,D,0,,,,,Y,,A,01,0,1,0,0,0,0,0,0,0,"- ","- ",35.018039999999999,-120.59313,"SAN LUIS OBISPO",UNINCORPORATED,-120.59258174,35.017847150000001
90471546,2017,2017-06-06,9745,2017-05-21,1015,017238,,7,1,9,4000,0,1,3,,2,023,"SR-1 SOUTHBOUND","STUDIO DR",1056.00,N,N,B,-,Y,,,1,,,,,,S,Y,3,0,1,1,A,-,01,23152,A,N,E,I,A,A,H,-,A,D,0,,,,,Y,Y,A,01,0,1,0,0,0,0,0,0,0,"- ","- ",35.43479,-120.88632,"SAN LUIS OBISPO",UNINCORPORATED,-120.88630159,35.434797250000003
90500871,2017,2017-07-14,9750,2017-07-09,0100,020511,,7,3,9,4000,0,1,2,,2,001,"US-101 S/B (EL CAMINO REAL)",SR-166,150.00,S,N,A,-,Y,,,,,,,,,,Y,4,0,1,1,A,-,08,22107,,N,E,I,A,A,H,-,D,D,0,,,,,Y,Y,D,22,0,0,1,0,0,0,0,0,0,"- ","- ",34.990920000000003,-120.44394,"SAN LUIS OBISPO",UNINCORPORATED,,
90501616,2017,2017-07-17,9740,2017-07-08,2245,018069,,6,3,9,4000,0,3,5,,2,024,"WINDSOR BLVD","MOONSTONE BEACH DRIVE",1584.00,W,N,A,-,N,,,,,,,,,,Y,4,0,1,2,A,-,03,22350,,N,D,E,A,A,H,-,C,D,0,,,,,Y,,A,01,0,0,1,0,0,0,0,0,0,"- ","- ",35.566009999999999,-121.10754,"SAN LUIS OBISPO",UNINCORPORATED,-121.10413,35.568530000000003