CASE_ID,ACCIDENT_YEAR,PROC_DATE,JURIS,COLLISION_DATE,COLLISION_TIME,OFFICER_ID,REPORTING_DISTRICT,DAY_OF_WEEK,CHP_SHIFT,POPULATION,CNTY_CITY_LOC,SPECIAL_COND,BEAT_TYPE,CHP_BEAT_TYPE,CITY_DIVISION_LAPD,CHP_BEAT_CLASS,BEAT_NUMBER,PRIMARY_RD,SECONDARY_RD,DISTANCE,DIRECTION,INTERSECTION,WEATHER_1,WEATHER_2,STATE_HWY_IND,CALTRANS_COUNTY,CALTRANS_DISTRICT,STATE_ROUTE,ROUTE_SUFFIX,POSTMILE_PREFIX,POSTMILE,LOCATION_TYPE,RAMP_INTERSECTION,SIDE_OF_HWY,TOW_AWAY,COLLISION_SEVERITY,NUMBER_KILLED,NUMBER_INJURED,PARTY_COUNT,PRIMARY_COLL_FACTOR,PCF_CODE_OF_VIOL,PCF_VIOL_CATEGORY,PCF_VIOLATION,PCF_VIOL_SUBSECTION,HIT_AND_RUN,TYPE_OF_COLLISION,MVIW,PED_ACTION,ROAD_SURFACE,ROAD_COND_1,ROAD_COND_2,LIGHTING,CONTROL_DEVICE,CHP_ROAD_TYPE,PEDESTRIAN_ACCIDENT,BICYCLE_ACCIDENT,MOTORCYCLE_ACCIDENT,TRUCK_ACCIDENT,NOT_PRIVATE_PROPERTY,ALCOHOL_INVOLVED,STWD_VEHTYPE_AT_FAULT,CHP_VEHTYPE_AT_FAULT,COUNT_SEVERE_INJ,COUNT_VISIBLE_INJ,COUNT_COMPLAINT_PAIN,COUNT_PED_KILLED,COUNT_PED_INJURED,COUNT_BICYCLIST_KILLED,COUNT_BICYCLIST_INJURED,COUNT_MC_KILLED,COUNT_MC_INJURED,PRIMARY_RAMP,SECONDARY_RAMP,LATITUDE,LONGITUDE,COUNTY,CITY,POINT_X,POINT_Y
9050340,2020,2020-06-05,4006,2020-02-07,1937,19810,,5,5,4,4006,0,0,0,,0,,MADONNA,"EL MERCADO",701.00,E,N,A,-,N,,,,,,,,,,N,3,0,1,2,A,-,21,22106,,F,E,G,D,A,H,-,C,D,0,Y,,,,Y,Y,A,01,0,1,0,0,1,0,0,0,0,"- ","- ",35.263469696044922,-120.67604064941406,"SAN LUIS OBISPO","SAN LUIS OBISPO",-120.67677307128906,35.263835906982422
90507453,2017,2017-07-25,9740,2017-07-21,1525,018995,,5,2,4,4008,0,1,2,,2,001,"US-101 NORTHBOUND","CURBARIL AVE",528.00,N,N,A,-,Y,,,101,,,,,,N,Y,4,0,1,2,A,-,03,22350,,N,C,C,A,A,H,-,A,A,0,,,Y,,Y,,C,02,0,0,1,0,0,0,0,0,1,"- ","- ",35.478990000000003,-120.65947,"SAN LUIS OBISPO",ATASCADERO,-120.65949472,35.478977720000003
90513402,2017,2017-07-31,9745,2017-07-23,2200,017238,,7,3,9,4000,0,3,5,,2,004,"20TH COURT","20TH STREET",1584.00,E,N,A,-,N,,,,,,,,,,N,4,0,1,1,A,-,08,22107,,N,E,I,A,A,H,-,C,D,0,,,,,Y,,A,01,0,0,1,0,0,0,0,0,0,"- ","- ",35.105939999999997,-120.60914,"SAN LUIS OBISPO",UNINCORPORATED,-120.60912,35.10613
90519880,2017,2017-08-09,9745,2017-08-01,0940,015144,,2,1,9,4000,0,1,2,,2,505,"US-101 SOUTHBOUND","EL CAMPO RD",0.00,,Y,B,-,Y,,,101,,,,,,S,Y,4,0,1,2,A,-,09,21802,A,N,D,C,A,A,H,-,A,A,0,,,,,Y,,A,01,0,0,1,0,0,0,0,0,0,"- ","- ",35.111190000000001,-120.56356,"SAN LUIS OBISPO",UNINCORPORATED,-120.56357263,35.11115298
90524022,2017,2017-08-15,9740,2017-08-11,1745,018069,,5,2,9,4000,0,1,3,,2,011,SR-46,"ARBOR ROAD",0.00,,Y,A,-,Y,,,46,,,,,,,Y,4,0,2,3,A,-,03,22350,,N,C,C,A,A,H,-,A,D,0,,,,,Y,,A,08,0,0,2,0,0,0,0,0,0,"- ","- ",35.58379,-120.7145,"SAN LUIS OBISPO",UNINCORPORATED,-120.71447087999999,35.583707910000001
9052785,2019,2020-03-04,4004,2019-11-07,1622,1306,,4,5,3,4004,0,0,0,,0,,"24TH ST","BLACK OAK DR",0.00,,Y,A,-,N,,,,,,,,,,N,3,0,1,2,A,-,05,21650,1,N,A,G,A,A,H,-,A,D,0,,Y,,,Y,,L,04,0,1,0,0,0,0,1,0,0,"- ","- ",35.642208099365234,-120.68596649169922,"SAN LUIS OBISPO","PASO ROBLES",-120.68608856201172,35.642238616943359
90544782,2017,2017-09-11,9740,2017-09-05,2034,014622,,2,2,9,4000,0,1,3,,2,011,SR-46,"VINEYARD DRIVE",1056.00,W,N,A,-,Y,,,46,,,,,,,Y,4,0,1,2,C,-,18,,,N,H,H,A,A,H,-,D,D,0,,,,,Y,,-,"- ",0,0,1,0,0,0,0,0,0,"- ","- ",35.551769999999998,-120.76438,"SAN LUIS OBISPO",UNINCORPORATED,-120.76440379,35.551816709999997
90546724,2017,2017-09-13,9745,2017-09-09,1955,016514,,6,2,9,4000,0,1,3,,1,021,SR-1,"STUDIO DR",0.00,,Y,A,-,Y,,,1,,,,,,,Y,4,0,1,2,A,-,01,23152,A,N,D,C,A,A,H,-,C,D,0,,,,,Y,Y,A,01,0,0,1,0,0,0,0,0,0,"- ","- ",35.433610000000002,-120.88579,"SAN LUIS OBISPO",UNINCORPORATED,-120.88582637,35.433592640000001
90564574,2017,2017-10-06,9745,2017-10-01,2140,017097,,7,2,9,4000,0,2,4,,1,051,"LOS BERROS RD","QUAILWOOD LN",50.00,E,N,A,-,N,,,,,,,,,,Y,2,0,1,1,A,-,03,22350,,N,F,A,A,A,H,-,D,D,0,,,Y,,Y,,C,02,1,0,0,0,0,0,0,0,1,"- ","- ",35.076700000000002,-120.52468,"SAN LUIS OBISPO",UNINCORPORATED,-120.52448197,35.076542799999999
9059273,2020,2020-03-17,4003,2020-01-21,1137,M5895,4,2,5,2,4003,0,0,0,,0,001,"ANCHOR ST","PINEY WY",0.00,,Y,A,-,N,,,,,,,,,,Y,4,0,1,2,A,-,08,22100,B,N,A,C,A,A,H,-,A,A,0,,,,,Y,,A,01,0,0,1,0,0,0,0,0,0,"- ","- ",,,"SAN LUIS OBISPO","MORRO BAY",-120.84542846679688,35.362220764160156
90602499,2017,2017-11-27,9745,2017-11-23,1700,017097,,4,2,9,4000,0,3,5,,2,004,"WILLOW RD",SR-1,200.00,E,N,A,-,N,,,,,,,,,,Y,3,0,1,1,A,-,01,23152,A,N,F,A,A,A,H,-,B,D,0,,,Y,,Y,Y,C,02,0,1,0,0,0,0,0,0,1,"- ","- ",35.047229999999999,-120.56935,"SAN LUIS OBISPO",UNINCORPORATED,-120.57625197,35.047300010000001
90619504,2017,2017-12-18,9740,2017-12-13,1550,013952,,3,2,9,4000,0,3,5,,2,018,"LINNE RD","LONG HILL PLACE",260.00,E,N,A,-,N,,,,,,,,,,Y,3,0,1,1,A,-,08,22107,,N,E,I,A,A,H,-,A,D,0,,,,,Y,,A,01,0,1,0,0,0,0,0,0,0,"- ","- ",35.598410000000001,-120.57222,"SAN LUIS OBISPO",UNINCORPORATED,-120.57222,35.598410000000001
90644393,2018,2018-01-22,9750,2018-01-19,1340,016469,,5,1,9,4000,0,1,3,,2,061,SR-166,"BULL CANYON RD",0.00,,Y,A,-,Y,,,166,,,,,,,Y,3,0,4,2,A,-,09,21802,A,N,D,C,A,A,H,-,A,A,0,,,,,Y,,A,01,0,1,3,0,0,0,0,0,0,"- ","- ",34.997638702392578,-120.38001251220703,"SAN LUIS OBISPO",UNINCORPORATED,-120.38001251220703,34.997646331787109
90683210,2018,2018-03-15,9740,2018-03-10,2025,018069,,6,2,9,4000,0,3,5,,2,019,"N STREET","RIVER ROAD",51.00,N,N,B,-,N,,,,,,,,,,N,2,0,1,2,A,-,11,21954,A,N,G,B,D,B,H,-,D,D,0,Y,,,,Y,Y,N,60,1,0,0,0,1,0,0,0,0,"- ","- ",35.752780914306641,-120.69493103027344,"SAN LUIS OBISPO",UNINCORPORATED,-120.6949462890625,35.752819061279297
90689482,2018,2018-03-26,9750,2018-03-20,2004,017379,,2,2,9,4000,0,1,2,,2,111,"US-101 N/B TO SR-166 E/B",SR-166,19.00,S,N,B,C,Y,,,,,,,,,,Y,4,0,1,2,A,-,01,23152,A,N,C,C,A,B,H,-,D,D,0,,,,,Y,Y,A,08,0,0,1,0,0,0,0,0,0,"- ","- ",34.594600677490234,-120.26029968261719,"SAN LUIS OBISPO",UNINCORPORATED,-120.43460083007812,34.996219635009766
90727541,2018,2018-05-16,9740,2018-05-05,0950,019259,,6,1,9,4000,0,1,3,,2,005,SR-58,"SEVEN MILE RD",2112.00,E,N,A,-,Y,,,58,,,,,,,Y,3,0,1,1,A,-,08,22107,,N,E,I,A,A,B,-,A,D,0,,,Y,,Y,,C,02,0,1,0,0,0,0,0,0,1,"- ","- ",35.325691223144531,-119.84851837158203,"SAN LUIS OBISPO",UNINCORPORATED,-119.84852600097656,35.325695037841797
90730795,2018,2018-05-21,9740,2018-05-16,1910,016816,,3,2,9,4000,0,1,3,,2,011,SR-46,"YORK MOUNTAIN ROAD",2640.00,W,N,A,-,Y,,,46,,,,,,,Y,4,0,1,1,C,-,18,,,N,E,H,A,A,H,-,A,D,0,,,,,Y,,-,"- ",0,0,1,0,0,0,0,0,0,"- ","- ",35.538181304931641,-120.83447265625,"SAN LUIS OBISPO",UNINCORPORATED,-120.83447265625,35.538131713867188
90731165,2018,2018-05-22,9745,2018-05-10,1520,014713,,4,2,9,4000,0,1,2,,1,101,"US-101 SOUTHBOUND","OLD STAGECOACH ROAD",3136.00,N,N,A,-,Y,,,101,,,,,,S,Y,3,0,2,1,C,-,18,,,N,F,A,A,A,H,-,A,D,0,,,Y,,Y,,-,"- ",0,2,0,0,0,0,0,0,2,"- ","- ",35.325218200683594,-120.62053680419922,"SAN LUIS OBISPO",UNINCORPORATED,-120.62046813964844,35.325199127197266
90738366,2018,2018-05-31,9745,2018-05-30,1437,014713,,3,2,9,4000,0,2,4,,1,025,"LOS OSOS VALLEY RD","SOMBRERO DR",16.00,E,N,B,-,N,,,,,,,,,,Y,4,0,2,3,A,-,03,22350,,N,C,C,A,A,H,-,A,D,0,,,,,Y,,A,07,0,0,2,0,0,0,0,0,0,"- ","- ",35.304660797119141,-120.80610656738281,"SAN LUIS OBISPO",UNINCORPORATED,-120.80606079101562,35.304649353027344
9076803,2020,2020-05-19,4006,2020-02-20,1242,62657,,4,5,4,4006,0,0,0,,0,,CARMEL,HIGUERA,11.00,S,N,A,-,N,,,,,,,,,,N,4,0,1,2,D,-,00,,,N,G,B,B,A,H,-,A,A,0,Y,,,,Y,,-,"- ",0,0,1,0,1,0,0,0,0,"- ","- ",35.276199340820312,-120.66844940185547,"SAN LUIS OBISPO","SAN LUIS OBISPO",-120.66847991943359,35.276222229003906
90769466,2018,2018-07-16,9740,2018-07-07,0330,013984,,6,3,9,4000,0,3,5,,2,018,"UNION ROAD","PENMAN SPRINGS ROAD",3696.00,W,N,A,-,N,,,,,,,,,,Y,2,0,1,1,A,-,01,23152,G,M,E,I,A,A,H,-,D,D,0,,,,,Y,Y,D,22,1,0,0,0,0,0,0,0,0,"- ","- ",35.630031585693359,-120.61830902099609,"SAN LUIS OBISPO",UNINCORPORATED,-120.62616729736328,35.631797790527344
90786693,2018,2018-08-08,9745,2018-07-31,1320,016514,,2,1,9,4000,0,3,5,,2,003,"SAN LUIS BAY DR","AVILA BEACH DRIVE",0.00,,N,A,-,N,,,,,,,,,,Y,4,0,1,1,A,-,08,22107,,N,E,I,A,A,H,-,A,D,0,,,,,Y,,A,01,0,0,1,0,0,0,0,0,0,"- ","- ",35.188999176025391,-120.71869659423828,"SAN LUIS OBISPO",UNINCORPORATED,-120.71900939941406,35.187850952148438
90794747,2018,2018-08-21,9740,2018-08-11,1200,016816,,6,1,9,4000,0,1,3,,2,007,SR-41,"LA PANZA ROAD",0.00,,Y,A,-,Y,,,41,,,,,,,Y,4,0,1,3,A,-,09,21802,A,N,D,C,A,A,H,-,A,D,0,,,,,Y,,A,07,0,0,1,0,0,0,0,0,0,"- ","- ",35.534881591796875,-120.52416229248047,"SAN LUIS OBISPO",UNINCORPORATED,-120.52415466308594,35.534355163574219
90798307,2018,2018-08-27,9740,2018-08-18,1345,018069,,6,1,9,4000,0,1,3,,2,005,SR-58,"PARKHILL RD",1584.00,E,N,A,-,Y,,,58,,,,,,,N,3,0,1,1,A,-,03,22350,,N,F,A,A,A,H,-,A,D,0,,,Y,,Y,,C,02,0,1,0,0,0,0,0,0,1,"- ","- ",35.415229797363281,-120.55722808837891,"SAN LUIS OBISPO",UNINCORPORATED,-120.55725860595703,35.415233612060547
90798683,2018,2018-08-27,9740,2018-08-21,0620,013733,,2,1,9,4000,0,3,5,,2,017,"CRESTON RD","CRIPPLE CREEK RD",1584.00,E,N,B,-,N,,,,,,,,,,Y,3,0,1,1,A,-,08,22107,,N,E,I,A,A,H,-,A,D,0,,,,,Y,,A,01,0,1,0,0,0,0,0,0,0,"- ","- ",35.571548461914062,-120.55269622802734,"SAN LUIS OBISPO",UNINCORPORATED,-120.55537414550781,35.571498870849609
90805841,2018,2018-09-05,9745,2018-08-26,1122,017930,,7,1,9,4000,0,3,5,,2,005,"WILLOW RD",US-101,235.00,W,N,A,-,N,,,,,,,,,,Y,3,0,2,2,A,-,08,22107,,N,D,C,A,A,H,-,A,D,0,,,,,Y,,A,01,0,1,1,0,0,0,0,0,0,"- ","- ",35.054851531982422,-120.50177001953125,"SAN LUIS OBISPO",UNINCORPORATED,-120.50182342529297,35.054752349853516
90817099,2018,2018-09-19,9740,2018-09-15,1745,016849,,6,2,9,4000,0,1,3,,2,007,SR-41,"IRON GATE ROAD",630.00,W,N,A,-,Y,,,41,,,,,,,Y,3,0,2,2,A,-,05,21460,A,N,B,C,A,A,H,-,A,D,0,,,,,Y,,D,22,0,1,1,0,0,0,0,0,0,"- ","- ",35.534290313720703,-120.53684997558594,"SAN LUIS OBISPO",UNINCORPORATED,-120.53684997558594,35.534309387207031
90820189,2018,2018-09-24,9740,2018-09-19,2205,014460,,3,3,9,4000,0,3,5,,2,022,"ADELAIDA RD","VINE HILL LANE",2640.00,E,N,A,-,N,,,,,,,,,,Y,4,0,1,1,A,-,01,23152,A,N,E,I,A,A,H,-,D,D,0,,,,,Y,Y,A,01,0,0,1,0,0,0,0,0,0,"- ","- ",35.647830963134766,-120.72933959960938,"SAN LUIS OBISPO",UNINCORPORATED,-120.72878265380859,35.647789001464844
90825811,2018,2018-10-01,9740,2018-09-26,0135,017426,,3,3,9,4000,0,3,5,,2,019,"ESTRELLA RD.","PLEASANT RD",2000.00,E,N,A,-,N,,,,,,,,,,Y,4,0,1,1,A,-,08,22107,,N,F,A,A,A,H,-,D,D,0,,,,Y,Y,,G,25,0,0,1,0,0,0,0,0,0,"- ","- ",35.717781066894531,-120.62336730957031,"SAN LUIS OBISPO",UNINCORPORATED,-120.62480163574219,35.717800140380859
90833189,2018,2018-10-10,9740,2018-10-09,1050,014460,,2,1,9,4000,0,3,5,,2,021,"OLD CREEK RD","COTTONTAIL CREEK RD",5280.00,E,N,E,-,N,,,,,,,,,,Y,4,0,1,1,A,-,08,22107,,N,E,I,A,A,H,-,A,D,0,,,,,Y,,D,22,0,0,1,0,0,0,0,0,0,"- ","- ",35.488658905029297,-120.84971618652344,"SAN LUIS OBISPO",UNINCORPORATED,-120.8511962890625,35.486537933349609
90844995,2018,2018-10-25,9745,2018-10-20,2057,013531,,6,2,4,4006,0,1,2,,2,202,"US-101 S/B TO CALIFORNIA BLVD.","KENTUCKY ST",167.00,E,N,A,-,Y,,,101,,,,R,,S,Y,2,0,2,1,A,-,03,22350,,N,E,I,A,A,H,-,D,D,0,,,Y,,Y,,C,02,1,1,0,0,0,0,0,0,2,"- ","- ",35.290878295898438,-120.65865325927734,"SAN LUIS OBISPO","SAN LUIS OBISPO",-120.65865325927734,35.290878295898438
90853016,2018,2018-11-05,9745,2018-11-02,2015,020689,,5,2,9,4000,0,3,5,,2,005,"POMEROY RD","CAMINO CABALLO",210.00,S,N,A,-,N,,,,,,,,,,Y,2,0,1,1,A,-,01,23152,A,N,E,I,A,A,H,-,D,D,0,,,Y,,Y,Y,C,02,1,0,0,0,0,0,0,0,1,"- ","- ",35.034000396728516,-120.50039672851562,"SAN LUIS OBISPO",UNINCORPORATED,-120.50054931640625,35.034317016601562
90863331,2018,2018-11-19,9740,2018-11-09,1500,019486,,5,2,9,4000,0,3,5,,2,022,"VINEYARD DR","WILLOW CREEK RD",7392.00,N,N,A,-,N,,,,,,,,,,Y,3,0,3,2,A,-,09,21801,A,N,D,C,A,A,H,-,E,D,0,,,,,Y,,A,01,0,1,2,0,0,0,0,0,0,"- ","- ",35.571041107177734,-120.79080963134766,"SAN LUIS OBISPO",UNINCORPORATED,-120.79120635986328,35.571548461914062
90870216,2018,2018-11-29,9745,2018-11-26,1050,014543,,1,1,4,4006,0,1,2,,2,202,"US-101 NORTHBOUND","MADONNA ROAD",2034.00,N,N,A,-,Y,,,101,,,,,,N,Y,3,0,1,2,A,-,04,21703,,N,C,E,A,A,H,-,A,D,0,,,,,Y,,D,22,0,1,0,0,0,0,0,0,0,"- ","- ",35.271530151367188,-120.67233276367188,"SAN LUIS OBISPO","SAN LUIS OBISPO",-120.67227172851562,35.271511077880859
90887259,2018,2018-12-20,9740,2018-11-20,1817,016154,,2,2,9,4000,0,1,3,,2,008,"SR-46 E/B","LUCY BROWN RD.",4224.00,W,N,B,-,Y,,,,,,,,,,Y,2,0,1,1,A,-,21,22106,,N,E,I,A,A,D,-,D,D,0,,,,,Y,,A,07,1,0,0,0,0,0,0,0,0,"- ","- ",35.498439788818359,-120.68489074707031,"SAN LUIS OBISPO",UNINCORPORATED,,
90899021,2019,2019-01-07,9745,2019-01-03,1727,018253,,4,2,3,4001,0,1,2,,2,402,"US-101 SOUTHBOUND","GRAND AVE",528.00,N,N,A,-,Y,,,101,,,,,,S,N,4,0,1,2,A,-,03,22350,,N,C,C,A,A,H,-,A,D,0,,,,,Y,,A,07,0,0,1,0,0,0,0,0,0,"- ","- ",35.122589111328125,-120.58809661865234,"SAN LUIS OBISPO","ARROYO GRANDE",-120.58810424804688,35.122581481933594
90901037,2019,2019-01-09,9740,2019-01-02,1000,017426,,3,1,3,4004,0,1,2,,2,003,"US-101 NORTHBOUND",SR-46,2640.00,S,N,A,-,Y,,,101,,,,,,N,Y,4,0,1,2,A,-,03,22350,,N,C,C,A,A,H,-,A,D,0,,,,,Y,,E,22,0,0,1,0,0,0,0,0,0,"- ","- ",35.634620666503906,-120.68544769287109,"SAN LUIS OBISPO","PASO ROBLES",-120.68543243408203,35.634609222412109
90904529,2019,2019-01-15,9745,2019-01-13,0756,020417,,7,1,9,4000,0,2,4,,1,025,"LOS OSOS VALLEY RD","OAK RIDGE DR",289.00,E,N,B,-,N,,,,,,,,,,Y,4,0,1,1,A,-,08,22107,,N,E,I,A,A,H,-,A,D,0,,,,,Y,,A,07,0,0,1,0,0,0,0,0,0,"- ","- ",35.308940887451172,-120.82350158691406,"SAN LUIS OBISPO",UNINCORPORATED,-120.82310485839844,35.308834075927734
90913534,2019,2019-01-28,9745,2019-01-25,1436,018253,,5,2,9,4000,0,2,4,,1,058,"ORCHARD AVENUE","THEODORA ST",0.00,,Y,A,-,N,,,,,,,,,,Y,2,0,2,2,A,-,01,23152,A,N,D,C,A,A,H,-,A,D,0,,,Y,,Y,Y,A,07,2,0,0,0,0,0,0,0,2,"- ","- ",35.027980804443359,-120.49404907226562,"SAN LUIS OBISPO",UNINCORPORATED,-120.49401092529297,35.027931213378906
90919790,2019,2019-02-05,9745,2019-02-01,0650,017144,,5,1,9,4000,0,1,3,,1,041,SR-1,"BEACH ST",0.00,,Y,B,-,Y,,,1,,,,,,,Y,3,0,1,2,A,-,03,22350,,N,C,C,A,A,H,-,A,D,0,,,,,Y,,D,22,0,1,0,0,0,0,0,0,0,"- ","- ",35.099170684814453,-120.61299133300781,"SAN LUIS OBISPO",UNINCORPORATED,-120.61297607421875,35.099189758300781
90923369,2019,2019-02-11,9745,2019-02-01,0000,016773,,5,3,2,4005,0,1,2,,2,404,"US-101 SOUTHBOUND","4TH STREET",350.00,N,N,C,-,Y,,,101,,,,,,S,N,2,0,1,1,A,-,03,22350,,N,E,I,A,B,H,-,C,D,0,,,,,Y,Y,A,01,1,0,0,0,0,0,0,0,0,"- ","- ",35.136371612548828,-120.62319946289062,"SAN LUIS OBISPO","PISMO BEACH",-120.6231689453125,35.136470794677734
90924051,2019,2019-04-11,9740,2019-02-08,1805,016849,,5,2,4,4008,0,1,2,,2,002,"US-101 NORTHBOUND","DEL RIO ROAD",3758.00,S,N,B,C,Y,,,101,,,,,,N,Y,4,0,1,2,A,-,01,23152,A,N,C,C,A,B,H,-,D,D,0,,,,,Y,Y,D,22,0,0,1,0,0,0,0,0,0,"- ","- ",35.504531860351562,-120.69248962402344,"SAN LUIS OBISPO",ATASCADERO,-120.69252014160156,35.504501342773438
90927570,2019,2019-02-15,9745,2019-02-12,1705,016390,,2,2,9,4000,0,1,3,,1,045,SR-1,"VIA CONCHA RD",0.00,,Y,A,-,Y,,,1,,,,,,,Y,3,0,1,2,A,-,09,21801,A,N,D,C,A,A,H,-,B,D,0,,,Y,,Y,,A,01,0,1,0,0,0,0,0,0,1,"- ","- ",35.026630401611328,-120.56108856201172,"SAN LUIS OBISPO",UNINCORPORATED,-120.56124114990234,35.026668548583984
90935277,2019,2019-02-27,9745,2019-02-25,1210,014543,,1,1,9,4000,0,1,3,,2,023,"SR-1 SOUTHBOUND","EDUCATION DR",21.00,N,N,A,-,Y,,,1,,,,,,S,Y,3,0,3,3,A,-,03,22350,,N,C,C,A,A,H,-,A,A,0,,,,,Y,,A,07,0,1,2,0,0,0,0,0,0,"- ","- ",35.333240509033203,-120.74294281005859,"SAN LUIS OBISPO",UNINCORPORATED,-120.74294281005859,35.333225250244141
9095040,2020,2020-10-30,4008,2020-05-06,1556,3125,,3,5,4,4008,0,0,0,,0,,"EL CAMINO REAL","CURBARIL AV",178.00,S,N,A,-,N,,,,,,,,,,N,3,0,1,2,A,-,05,21650,1,N,H,G,A,A,H,-,A,D,0,,Y,,,Y,,L,04,0,1,0,0,0,0,1,0,0,"- ","- ",35.477569580078125,-120.65640258789062,"SAN LUIS OBISPO",ATASCADERO,-120.65599060058594,35.477088928222656
90968200,2019,2019-04-15,9750,2019-04-07,1440,018009,,7,2,9,4000,0,2,4,,1,024,"CLARK AVE","GRAY ST",0.00,,Y,A,-,Y,,,,,,,,,,N,2,0,1,2,A,-,11,21950,B,N,G,B,B,A,H,-,A,A,0,Y,,,,Y,,N,60,1,0,0,0,1,0,0,0,0,"- ","- ",34.865169525146484,-120.44332885742188,"SAN LUIS OBISPO",UNINCORPORATED,,
90982947,2019,2019-05-06,9745,2019-05-03,1528,018253,,5,2,9,4000,0,2,4,,1,048,"AVILA BEACH DRIVE","BABE LANE",1056.00,E,N,A,-,N,,,,,,,,,,Y,4,0,1,2,A,-,03,22350,,N,A,E,A,A,H,-,A,D,0,,,Y,,Y,,C,02,0,0,1,0,0,0,0,0,1,"- ","- ",35.177860260009766,-120.74980163574219,"SAN LUIS OBISPO",UNINCORPORATED,-120.74873352050781,35.178058624267578
90988232,2019,2019-05-14,9745,2019-04-26,1610,018253,,5,2,4,4006,1,1,2,,2,303,"US-101 NORTHBOUND","LOS OSOS VALLEY RD",1056.00,N,N,A,-,Y,,,101,,,,,,N,Y,3,0,1,3,A,-,03,22350,,N,C,C,A,A,H,-,A,D,0,,,,,Y,,H,13,0,1,0,0,0,0,0,0,0,"- ","- ",35.246570587158203,-120.68123626708984,"SAN LUIS OBISPO","SAN LUIS OBISPO",-120.68099975585938,35.246425628662109
90991079,2019,2019-05-17,9745,2019-05-15,1047,016514,,3,1,9,4000,0,2,4,,1,024,"SOUTH BAY BLVD.","NIPOMO AVE",0.00,,Y,B,-,N,,,,,,,,,,Y,3,0,1,2,A,-,09,21802,A,N,D,C,A,A,H,-,A,D,0,,,,,Y,,A,01,0,1,0,0,0,0,0,0,0,"- ","- ",35.316501617431641,-120.82340240478516,"SAN LUIS OBISPO",UNINCORPORATED,-120.82347869873047,35.316551208496094
90991272,2019,2019-06-10,9740,2019-04-18,1242,014662,,4,1,3,4004,0,1,2,,2,003,"US 101 NORTHBOUND",SR-46E,2640.00,S,N,B,-,Y,,,,,,,,,,Y,2,0,7,5,A,-,03,22350,,N,C,C,A,A,D,E,A,A,0,,,,Y,Y,,F,27,1,3,3,0,0,0,0,0,0,"- ","- ",35.635078430175781,-120.68525695800781,"SAN LUIS OBISPO","PASO ROBLES",-120.69647216796875,35.582145690917969
90991677,2019,2019-05-20,9740,2019-05-02,1247,010820,,4,1,9,4000,0,1,3,,2,007,SR-41,SR-229,0.00,,Y,A,-,Y,,,41,,,,,,,Y,4,0,1,2,A,-,09,21802,A,N,D,C,A,A,H,-,A,A,0,,,,,Y,,A,01,0,0,1,0,0,0,0,0,0,"- ","- ",35.534450531005859,-120.52626800537109,"SAN LUIS OBISPO",UNINCORPORATED,-120.52626800537109,35.534347534179688
9099169,2020,2020-11-12,4004,2020-05-17,1425,1418,,7,5,3,4004,0,0,0,,0,,"GOLDEN HILL RD","RT 46 E",0.00,,Y,A,-,Y,SLO,5,46,-,-,31.310,I,5,E,Y,4,0,1,2,A,-,09,21800,A,N,B,C,A,A,H,-,A,A,0,,,,,Y,,D,22,0,0,1,0,0,0,0,0,0,"- ","- ",35.644428253173828,-120.657958984375,"SAN LUIS OBISPO","PASO ROBLES",-120.65808868408203,35.644428253173828
90991720,2019,2019-05-20,9740,2019-05-03,0725,010820,,5,1,9,4000,0,3,5,,2,017,"MAIN ST","5TH STREET",144.00,N,N,A,-,N,,,,,,,,,,N,4,0,3,2,A,-,03,22350,,N,C,C,A,A,H,-,A,A,0,,,,,Y,,A,01,0,0,3,0,0,0,0,0,0,"- ","- ",35.549388885498047,-120.70535278320312,"SAN LUIS OBISPO",UNINCORPORATED,-120.70535278320312,35.549308776855469
91003812,2019,2019-06-05,9745,2019-06-01,1735,019400,,6,2,9,4000,0,1,3,,1,043,SR-1,"TIENDA PL",528.00,S,N,A,-,Y,,,1,,,,,,,Y,3,0,2,1,A,-,01,23152,A,N,E,I,A,A,H,-,A,D,0,,,,,Y,Y,A,01,0,2,0,0,0,0,0,0,0,"- ","- ",35.062690734863281,-120.59723663330078,"SAN LUIS OBISPO",UNINCORPORATED,-120.59732818603516,35.062694549560547
91007747,2019,2019-06-11,9740,2019-06-10,0625,013984,,1,1,9,4000,0,3,5,,2,017,"LA PANZA RD","LITTLE FARM RD",3168.00,E,N,A,-,N,,,,,,,,,,Y,4,0,1,1,A,-,03,22350,,N,F,I,A,A,H,-,A,D,0,,,,,Y,,A,01,0,0,1,0,0,0,0,0,0,"- ","- ",35.526798248291016,-120.50295257568359,"SAN LUIS OBISPO",UNINCORPORATED,-120.50316619873047,35.526779174804688