CASE_ID,ACCIDENT_YEAR,PROC_DATE,JURIS,COLLISION_DATE,COLLISION_TIME,OFFICER_ID,REPORTING_DISTRICT,DAY_OF_WEEK,CHP_SHIFT,POPULATION,CNTY_CITY_LOC,SPECIAL_COND,BEAT_TYPE,CHP_BEAT_TYPE,CITY_DIVISION_LAPD,CHP_BEAT_CLASS,BEAT_NUMBER,PRIMARY_RD,SECONDARY_RD,DISTANCE,DIRECTION,INTERSECTION,WEATHER_1,WEATHER_2,STATE_HWY_IND,CALTRANS_COUNTY,CALTRANS_DISTRICT,STATE_ROUTE,ROUTE_SUFFIX,POSTMILE_PREFIX,POSTMILE,LOCATION_TYPE,RAMP_INTERSECTION,SIDE_OF_HWY,TOW_AWAY,COLLISION_SEVERITY,NUMBER_KILLED,NUMBER_INJURED,PARTY_COUNT,PRIMARY_COLL_FACTOR,PCF_CODE_OF_VIOL,PCF_VIOL_CATEGORY,PCF_VIOLATION,PCF_VIOL_SUBSECTION,HIT_AND_RUN,TYPE_OF_COLLISION,MVIW,PED_ACTION,ROAD_SURFACE,ROAD_COND_1,ROAD_COND_2,LIGHTING,CONTROL_DEVICE,CHP_ROAD_TYPE,PEDESTRIAN_ACCIDENT,BICYCLE_ACCIDENT,MOTORCYCLE_ACCIDENT,TRUCK_ACCIDENT,NOT_PRIVATE_PROPERTY,ALCOHOL_INVOLVED,STWD_VEHTYPE_AT_FAULT,CHP_VEHTYPE_AT_FAULT,COUNT_SEVERE_INJ,COUNT_VISIBLE_INJ,COUNT_COMPLAINT_PAIN,COUNT_PED_KILLED,COUNT_PED_INJURED,COUNT_BICYCLIST_KILLED,COUNT_BICYCLIST_INJURED,COUNT_MC_KILLED,COUNT_MC_INJURED,PRIMARY_RAMP,SECONDARY_RAMP,LATITUDE,LONGITUDE,COUNTY,CITY,POINT_X,POINT_Y
91013311,2019,2019-06-19,9740,2019-06-16,0200,019486,,7,3,3,4004,0,1,2,,2,003,"US-101 NORTHBOUND","NIBLICK RD",1743.00,S,N,A,-,Y,,,101,,,,,,N,Y,2,0,1,1,A,-,01,23152,F,N,E,I,A,A,H,-,D,A,0,,,,,Y,,A,08,1,0,0,0,0,0,0,0,0,"- ","- ",35.610969543457031,-120.69127655029297,"SAN LUIS OBISPO","PASO ROBLES",-120.69112396240234,35.610908508300781
91029264,2019,2019-07-11,9745,2019-06-29,2150,019809,,6,2,9,4000,0,3,5,,2,005,SR-1,"OSO FLACO LAKE RD",3696.00,S,N,A,-,Y,,,1,,,,,,,Y,3,0,1,2,A,-,01,23152,A,N,E,J,A,A,H,-,C,D,0,,,,,Y,Y,A,01,0,1,0,0,0,0,0,0,0,"- ","- ",35.001518249511719,-120.57050323486328,"SAN LUIS OBISPO",UNINCORPORATED,-120.57052612304688,35.001518249511719
91029809,2019,2019-07-12,9745,2019-07-06,1509,020211,,6,2,9,4000,0,3,5,,2,003,"MONTE ROAD","US-101 N/B FROM MONTE RD.",30.00,E,N,A,-,N,,,,,,,,,,Y,4,0,1,1,A,-,08,22107,,N,E,I,A,A,H,-,A,D,0,,,,,Y,,A,01,0,0,1,0,0,0,0,0,0,"- ","- ",35.182670593261719,-120.70078277587891,"SAN LUIS OBISPO",UNINCORPORATED,-120.70078277587891,35.182670593261719
91040954,2019,2019-07-29,9745,2019-07-25,0550,017541,,4,3,9,4000,0,3,5,,2,005,"MESA RD","OSAGE ST",0.00,,Y,A,-,N,,,,,,,,,,Y,4,0,1,2,A,-,09,21802,A,N,D,C,A,A,H,-,D,A,0,,,,,Y,,D,22,0,0,1,0,0,0,0,0,0,"- ","- ",35.027889251708984,-120.50776672363281,"SAN LUIS OBISPO",UNINCORPORATED,-120.50788116455078,35.027820587158203
91066258,2019,2019-09-03,9745,2019-08-26,0923,014713,,1,1,9,4000,0,3,5,,2,004,"24TH STREET","WILMAR AVENUE",0.00,,Y,A,-,N,,,,,,,,,,N,3,0,1,2,A,-,12,22450,A,N,D,G,A,A,H,-,A,A,0,,Y,,,Y,,L,04,0,1,0,0,0,0,1,0,0,"- ","- ",35.101291656494141,-120.61591339111328,"SAN LUIS OBISPO",UNINCORPORATED,-120.60394287109375,35.104221343994141
91074279,2019,2019-09-13,9745,2019-09-12,2145,017541,,4,2,9,4000,0,1,3,,1,041,"SR-1 (FRONT ST)","17TH STREET",240.00,S,N,A,-,Y,,,1,,,,,,,Y,3,0,2,1,A,-,08,22107,,N,F,A,A,A,H,-,C,D,0,,,Y,,Y,,C,02,0,2,0,0,0,0,0,0,2,"- ","- ",35.098541259765625,-120.61177825927734,"SAN LUIS OBISPO",UNINCORPORATED,-120.61188507080078,35.098392486572266
91087210,2019,2019-09-30,9745,2019-09-24,1805,019400,,2,2,2,4005,0,1,2,,2,404,"US-101 SOUTHBOUND","4TH STREET",1584.00,N,N,A,-,Y,,,101,,,,,,S,Y,3,0,2,2,A,-,03,22350,,N,C,C,A,A,H,-,A,D,0,,,,,Y,,A,01,0,1,1,0,0,0,0,0,0,"- ","- ",35.1380615234375,-120.63043212890625,"SAN LUIS OBISPO","PISMO BEACH",-120.63043975830078,35.138023376464844
91089598,2019,2019-10-03,9740,2019-09-14,0940,010820,,6,1,9,4000,0,1,3,,2,005,SR-58,"RED HILL ROAD",153.00,W,N,A,-,Y,,,58,,,,,,,Y,2,0,1,1,A,-,03,22350,,N,E,I,A,A,H,-,A,A,0,,,Y,,Y,,C,02,1,0,0,0,0,0,0,0,1,"- ","- ",35.404258728027344,-120.280517578125,"SAN LUIS OBISPO",UNINCORPORATED,-120.28050994873047,35.404270172119141
91130924,2019,2019-11-27,9745,2019-11-20,1040,016773,,3,1,9,4000,0,1,2,,2,505,"US-101 NORTHBOUND","WILLOW RD",20.00,N,N,B,-,Y,,,101,,,,,,N,Y,3,0,1,1,A,-,08,22107,,N,E,I,A,A,H,-,A,D,0,,,,,Y,,A,07,0,1,0,0,0,0,0,0,0,"- ","- ",35.055301666259766,-120.50106811523438,"SAN LUIS OBISPO",UNINCORPORATED,-120.50102996826172,35.055335998535156
91145187,2019,2019-12-17,9740,2019-12-15,1006,020057,,7,1,9,4000,0,3,5,,2,019,"NORTH RIVER ROAD","WELLSONA ROAD",3168.00,N,N,A,-,N,,,,,,,,,,Y,2,0,1,1,A,-,01,23152,A,N,E,I,A,A,H,-,A,D,0,,,Y,,Y,Y,C,02,1,0,0,0,0,0,0,0,1,"- ","- ",35.704280853271484,-120.681640625,"SAN LUIS OBISPO",UNINCORPORATED,-120.68374633789062,35.688682556152344
91146603,2019,2019-12-18,9745,2019-12-18,0400,018454,,3,3,9,4000,0,1,2,,2,303,"US-101 N/B","SAN LUIS BAY DR",800.00,S,N,B,C,Y,,,101,,,,,,N,Y,4,0,1,1,A,-,08,22107,,N,E,I,A,B,H,-,D,D,0,,,,,Y,,A,01,0,0,1,0,0,0,0,0,0,"- ","- ",35.193061828613281,-120.70049285888672,"SAN LUIS OBISPO",UNINCORPORATED,-120.70040893554688,35.193027496337891
9115182,2020,2020-09-09,4008,2020-06-17,1525,3125,A,3,5,4,4008,0,0,0,,0,,"CURBARIL AV","SANTA YSABEL AV",33.00,E,N,A,-,N,,,,,,,,,,Y,3,0,3,2,A,-,01,23152,F,N,A,C,A,A,H,-,A,B,0,,,,,Y,,A,01,0,1,2,0,0,0,0,0,0,"- ","- ",35.479259490966797,-120.65450286865234,"SAN LUIS OBISPO",ATASCADERO,-120.65438079833984,35.479286193847656
91152155,2019,2019-12-24,9745,2019-12-18,1800,019280,,3,2,9,4000,0,1,2,,2,505,"US101 SOUTHBOUND","EL CAMPO ROAD",1056.00,S,N,A,-,Y,,,101,,,,,,S,Y,4,0,3,2,A,-,03,22350,,N,C,C,A,A,H,-,D,D,0,,,,,Y,,D,22,0,0,3,0,0,0,0,0,0,"- ","- ",35.109989166259766,-120.56070709228516,"SAN LUIS OBISPO",UNINCORPORATED,-120.56071472167969,35.109973907470703
91181702,2020,2020-02-06,9745,2020-02-03,1542,017857,,1,2,9,4000,0,2,4,,1,025,"LOS OSOS VALLEY ROAD","VALLE VISTA PLACE",58.00,W,N,A,-,N,,,,,,,,,,Y,3,0,1,2,A,-,03,22350,,N,C,C,A,A,H,-,A,D,0,,,Y,,Y,,C,02,0,1,0,0,0,0,0,0,1,"- ","- ",35.274299621582031,-120.70939636230469,"SAN LUIS OBISPO",UNINCORPORATED,-120.70946502685547,35.274391174316406
91181999,2019,2020-02-06,9740,2019-11-23,1745,019486,,6,2,9,4000,0,1,3,,2,005,SR-58,"PARKHILL RD",3168.00,E,N,A,-,Y,,,58,,,,,,,Y,2,0,1,2,A,-,05,21460,A,F,A,C,A,A,H,-,D,A,0,,,Y,,Y,,A,07,1,0,0,0,0,0,0,0,1,"- ","- ",35.419109344482422,-120.55438995361328,"SAN LUIS OBISPO",UNINCORPORATED,-120.55438232421875,35.419075012207031
91201647,2020,2020-03-04,9745,2020-02-29,1151,020211,,6,1,9,4000,0,3,5,,2,005,"ORCHARD ROAD","RANGE PL.",845.00,S,N,A,-,N,,,,,,,,,,Y,3,0,3,2,A,-,03,22350,,N,C,C,A,A,H,-,A,D,0,,,,,Y,,D,22,0,1,2,0,0,0,0,0,0,"- ","- ",35.013248443603516,-120.47509002685547,"SAN LUIS OBISPO",UNINCORPORATED,-120.47518920898438,35.013263702392578
91204113,2020,2020-03-09,9745,2020-03-03,2117,018253,,2,2,9,4000,0,1,3,,2,023,SR-1,"BRIDAL RIDGE TRAIL",0.00,,Y,A,-,Y,,,1,,,,,,,Y,4,0,1,2,A,-,09,21802,A,N,F,A,A,A,H,-,D,A,0,,,Y,,Y,,D,22,0,0,1,0,0,0,0,0,1,"- ","- ",35.316619873046875,-120.69219970703125,"SAN LUIS OBISPO",UNINCORPORATED,-120.69216918945312,35.316650390625
91209392,2020,2020-03-16,9745,2020-03-12,0033,019070,,4,3,9,4000,0,3,5,,2,002,"FOOTHILL BLVD","BLUE GRANITE LN",1584.00,E,N,A,-,N,,,,,,,,,,Y,2,0,1,1,A,-,01,23152,A,N,E,I,A,A,H,-,D,D,0,,,,,Y,Y,A,07,1,0,0,0,0,0,0,0,0,"- ","- ",35.287738800048828,-120.69677734375,"SAN LUIS OBISPO",UNINCORPORATED,-120.69697570800781,35.287689208984375
91217787,2020,2020-03-27,9740,2020-03-26,1345,016849,,4,1,9,4000,0,1,2,,2,002,"US-101 SOUTHBOUND","SAN RAMON ROAD OVERCROSSING",10.00,N,N,F,-,Y,,,101,,,,,,S,N,4,0,1,2,A,-,03,22350,,N,C,C,A,C,F,-,A,D,0,,,,,Y,,D,22,0,0,1,0,0,0,0,0,0,"- ","- ",35.526569366455078,-120.70469665527344,"SAN LUIS OBISPO",UNINCORPORATED,-120.70472717285156,35.526554107666016
91233529,2020,2020-05-04,9745,2020-04-29,2020,020689,,3,2,9,4000,0,3,5,,2,005,"LAS FLORES DR","TEFFT ST.",100.00,E,N,A,-,N,,,,,,,,,,Y,2,0,1,1,A,-,01,23152,A,N,F,A,A,A,H,-,C,D,0,,,Y,,Y,Y,C,02,1,0,0,0,0,0,0,0,1,"- ","- ",35.014301300048828,-120.50360107421875,"SAN LUIS OBISPO",UNINCORPORATED,-120.50364685058594,35.014339447021484
91234877,2020,2020-05-07,9740,2020-05-05,0555,015167,,2,3,9,4000,0,3,5,,2,016,"PARK HILL RD","HUER HUERO RD",2640.00,N,N,A,-,N,,,,,,,,,,Y,3,0,1,1,A,-,08,22107,,N,E,I,A,A,B,-,B,D,0,,,,,Y,,A,01,0,1,0,0,0,0,0,0,0,"- ","- ",35.380409240722656,-120.44686126708984,"SAN LUIS OBISPO",UNINCORPORATED,-120.44622802734375,35.380344390869141
91242170,2020,2020-05-26,9745,2020-05-17,2310,020029,,7,3,9,4000,0,2,4,,1,055,"W. TEFFT ST","OAKGLEN AVE",100.00,W,N,B,C,N,,,,,,,,,,N,3,0,1,2,A,-,08,22107,,N,G,B,D,B,H,-,C,D,0,Y,,,,Y,,A,07,0,1,0,0,1,0,0,0,0,"- ","- ",35.037418365478516,-120.48361968994141,"SAN LUIS OBISPO",UNINCORPORATED,-120.48326110839844,35.037631988525391
91250462,2020,2020-06-10,9745,2020-05-29,0014,014910,,5,3,4,4006,0,3,5,,2,005,"ORCHARD RD","NELSON WAY",100.00,S,N,A,-,N,,,,,,,,,,Y,2,0,1,1,A,-,08,22107,,M,E,I,A,A,H,-,C,D,0,,,,,Y,,D,22,1,0,0,0,0,0,0,0,0,"- ","- ",35.015041351318359,-120.47798919677734,"SAN LUIS OBISPO","SAN LUIS OBISPO",-120.47801208496094,35.015033721923828
91265344,2020,2020-07-08,9750,2020-06-30,1626,016469,,2,2,9,4000,0,1,3,,1,065,SR-166,SR-33,1584.00,E,N,A,-,Y,,,,,,,,,,Y,2,0,1,2,A,-,08,22107,,N,D,C,A,A,H,-,A,D,0,,,,Y,Y,,A,08,1,0,0,0,0,0,0,0,0,"- ","- ",34.936870574951172,-119.50621032714844,"SAN LUIS OBISPO",UNINCORPORATED,-119.50676727294922,34.936752319335938
9127154,2020,2021-02-22,4008,2020-09-30,1919,3113,,3,5,4,4008,0,0,0,,0,,"RT 41","SERENA CT",47.00,S,N,A,-,Y,SLO,5,41,-,R,16.420,H,-,N,Y,4,0,3,2,A,-,03,22350,,N,C,C,A,A,H,-,D,D,0,,,,,Y,,A,01,0,0,3,0,0,0,0,0,0,"- ","- ",,,"SAN LUIS OBISPO",ATASCADERO,-120.66236114501953,35.492702484130859
91287174,2020,2020-08-17,9740,2020-08-01,1610,017952,,6,2,9,4000,0,1,3,,1,014,SR-1,"MOONSTONE BEACH DR",528.00,N,N,A,-,Y,,,1,,,,,,,Y,4,0,1,1,A,-,03,22350,,N,F,A,A,A,H,-,A,D,0,,,Y,,Y,,C,02,0,0,1,0,0,0,0,0,1,"- ","- ",35.588748931884766,-121.12284088134766,"SAN LUIS OBISPO",UNINCORPORATED,-121.12298583984375,35.588687896728516
91287492,2020,2020-08-21,9745,2020-08-13,1414,020211,,4,2,9,4000,0,1,2,,2,303,"US-101 SOUTHBOUND","AVILA BEACH DRIVE",2746.00,N,N,B,-,Y,,,101,,,,,,S,Y,4,0,1,3,A,-,03,22350,,N,C,C,A,A,H,-,A,D,0,,,,,Y,,A,01,0,0,1,0,0,0,0,0,0,"- ","- ",35.187099456787109,-120.70130157470703,"SAN LUIS OBISPO",UNINCORPORATED,-120.70134735107422,35.187103271484375
91309931,2020,2020-10-27,9740,2020-09-21,1400,018988,,1,2,9,4000,0,1,3,,2,010,SR-41,SR-46,27456.00,N,N,A,-,Y,,,41,,,,,,,N,4,0,1,3,A,-,07,21658,A,N,B,C,A,A,H,-,A,D,0,,,,Y,Y,,G,25,0,0,1,0,0,0,0,0,0,"- ","- ",35.780231475830078,-120.21536254882812,"SAN LUIS OBISPO",UNINCORPORATED,-120.21535491943359,35.780254364013672
91316780,2020,2020-10-02,9740,2020-09-27,0450,020057,,7,3,9,4000,0,1,3,,2,005,SR-58,"LA PANZA RD",10032.00,E,N,A,-,Y,,,58,,,,,,,Y,3,0,1,1,A,-,01,23152,A,N,F,A,A,A,H,-,D,D,0,,,,,Y,Y,A,01,0,1,0,0,0,0,0,0,0,"- ","- ",35.461528778076172,-120.35141754150391,"SAN LUIS OBISPO",UNINCORPORATED,-120.35141754150391,35.461528778076172
91327252,2020,2020-10-20,9745,2020-10-13,1435,020029,,2,2,9,4000,0,1,2,,2,303,"US-101 SOUTHBOUND","LOS OSOS VALLEY RD",2000.00,S,N,A,-,Y,,,101,,,,,,S,Y,4,0,1,2,A,-,08,22107,,M,B,C,A,A,H,-,A,D,0,,,,,Y,,A,01,0,0,1,0,0,0,0,0,0,"- ","- ",35.238948822021484,-120.68383026123047,"SAN LUIS OBISPO",UNINCORPORATED,-120.68379211425781,35.238948822021484
91329754,2020,2020-10-22,9740,2020-10-14,1825,019648,,3,2,9,4000,0,3,5,,2,024,"SANTA ROSA CREEK ROAD","MAIN STREET",1056.00,N,N,A,-,N,,,,,,,,,,N,4,0,1,1,C,-,18,,,N,E,H,A,A,H,-,B,D,0,,,Y,,Y,,-,"- ",0,0,1,0,0,0,0,0,1,"- ","- ",35.569259643554688,-121.07301330566406,"SAN LUIS OBISPO",UNINCORPORATED,-121.07344055175781,35.568710327148438
91340361,2020,2020-11-05,9745,2020-10-29,0815,014713,,4,1,2,4005,0,1,2,,2,404,"US-101 NORTHBOUND","4TH STREET",830.00,S,N,A,-,Y,,,101,,,,,,N,Y,4,0,2,2,A,-,07,21658,A,N,B,C,A,A,H,-,A,D,0,,,,,Y,,A,01,0,0,2,0,0,0,0,0,0,"- ","- ",35.135139465332031,-120.61940002441406,"SAN LUIS OBISPO","PISMO BEACH",-120.61939239501953,35.135150909423828
91364596,2020,2020-12-11,9745,2020-12-04,1746,020689,,5,2,2,4005,0,1,2,,2,404,"US-101 SOUTHBOUND","SPYGLASS DR",300.00,N,N,A,-,Y,,,101,,,,,,S,Y,4,0,2,4,A,-,03,22350,,N,C,C,A,A,H,-,C,D,0,,,,,Y,,A,07,0,0,2,0,0,0,0,0,0,"- ","- ",35.166801452636719,-120.68990325927734,"SAN LUIS OBISPO","PISMO BEACH",-120.68996429443359,35.166744232177734
91375847,2020,2020-12-28,9745,2020-12-22,1522,017151,,2,2,4,4006,0,1,2,,2,202,"US-101 SOUTHBOUND TO SANTA ROSA ST.","OLIVE ST",50.00,E,N,A,-,Y,,,101,,,,R,,S,Y,3,0,1,1,A,-,01,23152,F,M,E,I,A,A,H,-,A,D,0,,,,,Y,,A,07,0,1,0,0,0,0,0,0,0,"- ","- ",35.28607177734375,-120.66500854492188,"SAN LUIS OBISPO","SAN LUIS OBISPO",-120.66500854492188,35.28607177734375
91404663,2020,2021-02-08,9745,2020-12-03,1422,017968,,4,2,3,4001,0,1,2,,2,402,"US-101 S/B","N. HALCYON ROAD",300.00,S,N,A,-,Y,,,101,,,,,,S,Y,1,1,0,2,A,-,17,21200,,N,H,G,A,A,H,-,A,D,0,,Y,,,Y,,L,04,0,0,0,0,0,1,0,0,0,"- ","- ",35.123310089111328,-120.59037780761719,"SAN LUIS OBISPO","ARROYO GRANDE",-120.59039306640625,35.123271942138672
9141907,2020,2020-11-04,4008,2020-07-27,2332,2133,,1,5,4,4008,0,0,0,,0,,"MORGAN LN","LOS ALTOS RD",1708.00,N,N,A,-,Y,SLO,5,41,-,-,11.770,H,-,N,Y,4,0,1,2,A,-,01,23152,,N,C,C,A,A,D,-,D,A,0,,,,,Y,,A,01,0,0,1,0,0,0,0,0,0,"- ","- ",35.455398559570312,-120.71537017822266,"SAN LUIS OBISPO",ATASCADERO,-120.71059417724609,35.452964782714844
9157913,2020,2021-01-12,4006,2020-10-08,1354,59870,,4,5,4,4006,0,0,0,,0,,"SANTA ROSA",FOOTHILL,0.00,,Y,A,-,N,,,,,,,,,,Y,3,0,5,2,A,-,01,23153,A,N,D,C,A,A,H,-,A,A,0,,,,,Y,Y,D,22,0,4,1,0,0,0,0,0,0,"- ","- ",35.294078826904297,-120.66790008544922,"SAN LUIS OBISPO","SAN LUIS OBISPO",-120.66806030273438,35.294071197509766
9162631,2020,2020-11-25,4006,2020-09-07,1054,89870,,1,5,4,4006,0,0,0,,0,,GRAND,LOOMIS,0.00,,Y,A,-,N,,,,,,,,,,N,3,0,1,2,A,-,09,21802,A,N,D,G,A,A,H,-,A,A,0,,Y,,,Y,,D,22,0,1,0,0,0,0,1,0,0,"- ","- ",35.173198699951172,-120.39109802246094,"SAN LUIS OBISPO","SAN LUIS OBISPO",-120.65328979492188,35.292381286621094
4757038,2011,2012-05-11,4008,2011-04-06,2038,4050,,3,5,4,4008,0,0,0,,0,,"CAPISTRANO AV","LEWIS AV",0.00,,Y,A,-,N,,,,,,,,,,N,4,0,1,2,A,-,10,21950,A,N,G,B,B,A,H,-,D,A,0,Y,,,,Y,,-,"- ",0,0,1,0,1,0,0,0,0,"- ","- ",,,"SAN LUIS OBISPO",ATASCADERO,-120.66501150000001,35.489384999999999
4757273,2011,2012-04-20,4008,2011-03-31,1106,1053,,4,5,4,4008,0,0,0,,0,,"TRAFFIC WY","DOLORES AV",30.00,S,N,A,-,N,,,,,,,,,,Y,4,0,1,2,A,-,03,22350,,N,C,C,A,A,H,-,A,A,0,,,,,Y,,-,"- ",0,0,1,0,0,0,0,0,0,"- ","- ",,,"SAN LUIS OBISPO",ATASCADERO,-120.66729871,35.506060740000002
4757864,2011,2012-05-16,4005,2011-03-03,1849,P088,6,4,5,2,4005,0,0,0,,0,,"OAK PARK BL","RT 101",0.00,,Y,A,-,Y,SLO,5,101,-,-,14.730,R,4,N,Y,4,0,1,2,A,-,17,21451,A,N,D,C,A,A,H,-,C,A,0,,,,,Y,,-,"- ",0,0,1,0,0,0,0,0,0,"- ",NO,,,"SAN LUIS OBISPO","PISMO BEACH",-120.60968260999999,35.130874859999999
4757880,2011,2012-04-24,4005,2011-03-20,1550,P085,5,7,5,2,4005,0,0,0,,0,,"4TH ST","FIVE CITIES DR",0.00,,Y,A,-,N,,,,,,,,,,N,4,0,1,2,A,-,03,22350,,N,C,C,A,A,H,-,A,A,0,,,,,Y,,-,"- ",0,0,1,0,0,0,0,0,0,"- ","- ",,,"SAN LUIS OBISPO","PISMO BEACH",-120.62224999999999,35.135730000000002
4990533,2011,2011-03-10,9750,2011-02-17,1809,018009,,4,2,9,4000,0,1,3,,1,063,"RT 166","GIFFORD RANCHO RD",3.60,E,N,B,-,Y,SLO,5,166,-,-,43.900,H,-,W,Y,1,1,1,2,A,-,08,22107,,N,A,C,A,A,H,-,D,D,0,,,,Y,Y,,A,01,1,0,0,0,0,0,0,0,0,"- ","- ",35.075279999999999,-120.00246,"SAN LUIS OBISPO",UNINCORPORATED,-119.97626108,35.064045020000002
5057122,2011,2012-03-16,4006,2011-01-09,1607,32625,,7,5,4,4006,0,0,0,,0,,"LOS OSOS VALLEY","RT 101",0.00,,Y,A,-,Y,SLO,5,101,-,-,26.070,R,4,S,Y,4,0,1,2,A,-,03,22350,,N,C,C,A,A,H,-,A,A,0,,,,,Y,,A,01,0,0,1,0,0,0,0,0,0,"- ",SF,,,"SAN LUIS OBISPO","SAN LUIS OBISPO",-120.68055262999999,35.247674869999997
5073992,2011,2012-03-16,4006,2011-01-15,1048,10817,SLO,6,5,4,4006,0,0,0,,0,,HIGUERA,BRIDGE,300.00,S,N,A,-,N,,,,,,,,,,N,3,0,1,2,A,-,03,22350,,N,D,G,A,A,H,-,A,D,0,,Y,,,Y,,L,04,0,1,0,0,0,0,1,0,0,"- ","- ",,,"SAN LUIS OBISPO","SAN LUIS OBISPO",-120.67053604,35.266411580000003
5074011,2011,2012-04-24,4006,2011-01-18,1716,16380,,2,5,4,4006,0,0,0,,0,,"RT 1",WALNUT,0.00,,Y,A,-,Y,SLO,5,1,-,L,16.702,I,5,N,N,4,0,1,2,A,-,08,22107,,N,D,G,A,A,H,-,A,A,0,,Y,,,Y,,A,01,0,0,1,0,0,0,1,0,0,"- ","- ",,,"SAN LUIS OBISPO","SAN LUIS OBISPO",-120.57081091000001,34.978420120000003
5083150,2011,2012-02-21,4004,2011-01-21,1802,0830,4-6,5,5,3,4004,0,0,0,,0,004,NIBLICK,RAMBOUILLET,5.00,E,N,A,-,N,,,,,,,,,,Y,4,0,1,2,A,-,05,21650,,N,A,C,A,A,H,-,C,A,0,,,,,Y,Y,-,,0,0,1,0,0,0,0,0,0,"- ","- ",,,"SAN LUIS OBISPO","PASO ROBLES",-120.66914585000001,35.615804619999999
5089095,2011,2012-04-03,9745,2011-02-08,1840,017541,,2,2,9,4000,0,2,4,,1,046,"PRICE CANYON RD","THOUSAND HILLS RD",4752.00,W,N,A,-,N,,,,,,,,,,Y,4,0,2,2,A,-,08,22107,,N,D,C,A,A,H,-,D,D,0,,,,,Y,Y,A,01,0,0,2,0,0,0,0,0,0,"- ","- ",35.152299999999997,-120.63287,"SAN LUIS OBISPO",UNINCORPORATED,-120.63285648999999,35.152287209999997
5096148,2011,2012-04-24,4004,2011-02-11,1622,0830,34,5,5,3,4004,0,0,0,,0,003,"RT 46","PASO ROBLES BL",26.00,W,N,A,-,Y,SLO,5,46,-,-,31.790,H,-,E,Y,4,0,1,2,A,-,09,21801,A,N,D,C,A,A,H,-,A,D,0,,,,,Y,,A,01,0,0,1,0,0,0,0,0,0,"- ","- ",,,"SAN LUIS OBISPO","PASO ROBLES",-120.64962174999999,35.64447491
5099945,2011,2012-05-17,9745,2011-02-19,0927,015716,,6,1,9,4000,0,1,3,,1,021,"RT 1","24TH ST",400.00,N,N,B,C,Y,SLO,5,1,-,-,34.610,H,-,N,N,4,0,1,1,A,-,08,22107,,N,E,I,A,C,H,-,A,D,1,,,,,Y,,A,01,0,0,1,0,0,0,0,0,0,"- ","- ",35.438969999999998,-120.88822,"SAN LUIS OBISPO",UNINCORPORATED,-120.88902867,35.440406189999997
5100178,2011,2012-05-17,9740,2011-02-12,2130,017426,,6,2,9,4000,0,1,3,,2,007,"RT 41","CRIPPLE CREEK RD",7392.00,S,N,A,-,Y,SLO,5,41,-,-,24.820,H,-,S,Y,4,0,1,1,A,-,08,22107,,N,E,I,A,A,H,-,D,D,0,,,,,Y,,A,07,0,0,1,0,0,0,0,0,0,"- ","- ",35.519820000000003,-120.57478,"SAN LUIS OBISPO",UNINCORPORATED,-120.57334487,35.520707029999997
5100308,2011,2012-05-17,9740,2011-02-16,1715,13733,,3,2,9,4000,0,1,3,,1,015,"RT 1","SAN CARPOFORO CREEK",2112.00,S,N,C,-,Y,SLO,5,1,-,-,70.940,H,-,N,Y,4,0,2,2,A,-,05,21460,A,N,B,C,A,B,H,-,A,D,0,,,,,Y,,A,01,0,0,2,0,0,0,0,0,0,"- ","- ",35.765709999999999,-121.32141,"SAN LUIS OBISPO",UNINCORPORATED,-121.32164278,35.760436079999998
5110299,2011,2012-04-12,9740,2011-02-16,1420,13733,,3,2,9,4000,0,3,5,,2,022,"ADELAIDA RD","HIDDEN MOUNTAIN RD",7392.00,W,N,B,-,N,,,,,,,,,,Y,3,0,4,2,A,-,03,22350,,N,A,C,A,A,H,-,A,D,0,,,,,Y,,A,01,0,2,2,0,0,0,0,0,0,"- ","- ",35.650599999999997,-120.81121,"SAN LUIS OBISPO",UNINCORPORATED,-120.80734068,35.650525000000002
5126929,2011,2012-06-04,9745,2011-04-20,0750,016068,,3,1,9,4000,0,2,4,,1,025,"LOS OSOS VALLEY RD","FOOTHILL BL",50.00,W,N,A,-,N,,,,,,,,,,Y,4,0,2,2,A,-,03,22350,,N,C,C,A,A,H,-,A,A,0,,,,,Y,,D,22,0,0,2,0,0,0,0,0,0,"- ","- ",35.27675,-120.71208,"SAN LUIS OBISPO",UNINCORPORATED,-120.71172132,35.276706089999998
5130526,2011,2012-04-13,9745,2011-03-14,1645,012768,,1,2,9,4000,0,3,5,,2,004,"BONITA SCHOOL RD","DIVISION ST",3168.00,S,N,A,-,N,,,,,,,,,,Y,3,0,1,1,A,-,01,23152,A,N,E,I,A,A,H,-,A,D,0,,,,,Y,Y,A,01,0,1,0,0,0,0,0,0,0,"- ","- ",34.996870000000001,-120.51488999999999,"SAN LUIS OBISPO",UNINCORPORATED,-120.51424557,34.99575926