CASE_ID,ACCIDENT_YEAR,PROC_DATE,JURIS,COLLISION_DATE,COLLISION_TIME,OFFICER_ID,REPORTING_DISTRICT,DAY_OF_WEEK,CHP_SHIFT,POPULATION,CNTY_CITY_LOC,SPECIAL_COND,BEAT_TYPE,CHP_BEAT_TYPE,CITY_DIVISION_LAPD,CHP_BEAT_CLASS,BEAT_NUMBER,PRIMARY_RD,SECONDARY_RD,DISTANCE,DIRECTION,INTERSECTION,WEATHER_1,WEATHER_2,STATE_HWY_IND,CALTRANS_COUNTY,CALTRANS_DISTRICT,STATE_ROUTE,ROUTE_SUFFIX,POSTMILE_PREFIX,POSTMILE,LOCATION_TYPE,RAMP_INTERSECTION,SIDE_OF_HWY,TOW_AWAY,COLLISION_SEVERITY,NUMBER_KILLED,NUMBER_INJURED,PARTY_COUNT,PRIMARY_COLL_FACTOR,PCF_CODE_OF_VIOL,PCF_VIOL_CATEGORY,PCF_VIOLATION,PCF_VIOL_SUBSECTION,HIT_AND_RUN,TYPE_OF_COLLISION,MVIW,PED_ACTION,ROAD_SURFACE,ROAD_COND_1,ROAD_COND_2,LIGHTING,CONTROL_DEVICE,CHP_ROAD_TYPE,PEDESTRIAN_ACCIDENT,BICYCLE_ACCIDENT,MOTORCYCLE_ACCIDENT,TRUCK_ACCIDENT,NOT_PRIVATE_PROPERTY,ALCOHOL_INVOLVED,STWD_VEHTYPE_AT_FAULT,CHP_VEHTYPE_AT_FAULT,COUNT_SEVERE_INJ,COUNT_VISIBLE_INJ,COUNT_COMPLAINT_PAIN,COUNT_PED_KILLED,COUNT_PED_INJURED,COUNT_BICYCLIST_KILLED,COUNT_BICYCLIST_INJURED,COUNT_MC_KILLED,COUNT_MC_INJURED,PRIMARY_RAMP,SECONDARY_RAMP,LATITUDE,LONGITUDE,COUNTY,CITY,POINT_X,POINT_Y
6396603,2014,2014-06-20,4006,2014-02-22,0055,55155,,6,5,4,4006,0,0,0,,0,,BROAD,UPHAM,0.00,,Y,A,-,N,,,,,,,,,,Y,3,0,1,2,A,-,01,23152,B,N,B,C,A,A,H,-,C,A,0,,,,,Y,Y,-,"- ",0,1,0,0,0,0,0,0,0,"- ","- ",,,"SAN LUIS OBISPO","SAN LUIS OBISPO",-120.65897986,35.272750049999999
6417491,2014,2014-06-19,4006,2014-02-22,1914,64920,,6,5,4,4006,0,0,0,,0,,"RAMONA DR","PALOMAR AV",257.00,E,N,A,-,N,,,,,,,,,,N,3,0,1,2,A,-,"- ",,,N,D,G,A,A,H,-,C,D,0,,Y,,,Y,,L,04,0,1,0,0,0,0,1,0,0,"- ","- ",,,"SAN LUIS OBISPO","SAN LUIS OBISPO",-120.67344897,35.292793289999999
6418999,2014,2015-11-16,9745,2014-03-19,2000,16068,,3,2,9,4000,0,1,2,,2,303,"RT 101","SAN LUIS BAY DR",5280.00,N,N,A,-,Y,SLO,5,101,-,R,23.290,H,-,S,Y,4,0,1,1,A,-,08,22107,,N,E,I,A,A,H,-,D,D,1,,,,,Y,,A,01,0,0,1,0,0,0,0,0,0,"- ","- ",35.215139999999998,-120.69632,"SAN LUIS OBISPO",UNINCORPORATED,-120.6970515,35.210377979999997
6422623,2014,2014-11-24,9745,2014-03-29,0920,15565,,6,1,9,4000,0,1,2,,1,101,"RT 101","OLD 101",59.00,S,N,A,-,Y,SLO,5,101,-,-,32.710,H,-,S,Y,3,0,2,2,A,-,03,22350,,N,E,I,A,A,H,-,A,D,5,,,,,Y,,A,01,0,1,1,0,0,0,0,0,0,"- ","- ",35.327399999999997,-120.62035,"SAN LUIS OBISPO",UNINCORPORATED,-120.62159183999999,35.316609409999998
6422982,2014,2015-11-16,9740,2014-02-21,1251,13246,,5,1,9,4000,0,1,2,,2,002,"RT 101","MAIN ST",2640.00,S,N,A,-,Y,SLO,5,101,-,-,51.500,H,-,N,Y,3,0,2,2,A,-,03,22350,,N,C,C,A,A,C,-,A,D,1,,,,,Y,,A,01,0,1,1,0,0,0,0,0,0,"- ","- ",35.559040000000003,-120.7076,"SAN LUIS OBISPO",UNINCORPORATED,-120.71145523,35.554877619999999
6439498,2014,2014-07-01,9745,2014-03-18,0800,012876,,2,1,9,4000,0,3,5,,2,001,"17TH ST","PISMO AV",0.00,,Y,A,-,N,,,,,,,,,,Y,4,0,1,2,A,-,09,21802,A,N,D,C,A,A,A,-,A,A,0,,,,,Y,,A,01,0,0,1,0,0,0,0,0,0,"- ","- ",35.322749999999999,-120.82438,"SAN LUIS OBISPO",UNINCORPORATED,-120.82438992,35.322470060000001
6445121,2014,2014-07-09,9740,2014-03-19,1600,013952,,3,2,9,4000,0,3,5,,2,019,"MISSION ST","MONTEREY RD",0.00,,Y,A,-,N,,,,,,,,,,Y,4,0,1,2,A,-,09,21801,A,N,D,C,A,A,H,-,A,D,0,,,,,Y,,A,01,0,0,1,0,0,0,0,0,0,"- ","- ",35.741860000000003,-120.69831000000001,"SAN LUIS OBISPO",UNINCORPORATED,-120.69880996000001,35.741500010000003
6455188,2014,2014-07-21,9745,2014-04-01,1600,12876,,2,2,9,4000,0,2,4,,1,048,"AVILA BEACH DR","SAN LUIS BAY DR",1056.00,E,N,B,-,N,,,,,,,,,,Y,3,0,1,2,A,-,09,21801,A,N,D,C,A,A,H,-,A,D,0,,,Y,,Y,,A,01,0,1,0,0,0,0,0,0,1,"- ","- ",35.187049999999999,-120.71471,"SAN LUIS OBISPO",UNINCORPORATED,-120.71562892,35.187060750000001
6468317,2014,2014-07-24,9740,2014-04-26,2150,14543,,6,2,9,4000,0,3,5,,2,017,"LUPINE LN","TEMPLETON RD",1214.00,E,N,A,-,N,,,,,,,,,,Y,4,0,1,1,A,-,08,22107,,N,E,I,A,A,H,-,D,D,0,,,,,Y,,D,22,0,0,1,0,0,0,0,0,0,"- ","- ",35.530189999999997,-120.6631,"SAN LUIS OBISPO",UNINCORPORATED,-120.66231000000001,35.526710000000001
6470993,2014,2014-07-11,4006,2014-04-25,2040,68327,,5,5,4,4006,0,0,0,,0,,FOOTHILL,CHORRO,298.00,E,N,B,C,N,,,,,,,,,,Y,4,0,2,2,A,-,09,21801,A,N,B,C,A,B,H,-,C,D,0,,,,,Y,,A,01,0,0,2,0,0,0,0,0,0,"- ","- ",,,"SAN LUIS OBISPO","SAN LUIS OBISPO",-120.66996162,35.294083120000003
6471001,2014,2014-07-11,4006,2014-04-06,1535,80908,,7,5,4,4006,0,0,0,,0,,HIGUERA,GARDEN,50.00,E,N,A,-,N,,,,,,,,,,N,4,0,1,2,A,-,17,22517,,N,E,G,A,A,H,-,A,A,0,,Y,,,Y,,A,01,0,0,1,0,0,0,1,0,0,"- ","- ",,,"SAN LUIS OBISPO","SAN LUIS OBISPO",-120.66345694,35.279543410000002
6471354,2014,2015-12-10,9745,2014-04-25,0830,013531,,5,1,9,4000,0,3,5,,2,005,"SUEY CREEK","RT 166",5280.00,N,N,A,B,N,,,,,,,,,,Y,4,0,1,3,A,-,05,21460,A,N,A,C,A,A,H,-,A,D,0,,,,,Y,,A,01,0,0,1,0,0,0,0,0,0,"- ","- ",35.022100000000002,-120.36565,"SAN LUIS OBISPO",UNINCORPORATED,-120.36284375,35.017019660000003
6484982,2014,2014-07-16,4008,2014-04-17,2010,1053,,4,5,4,4008,0,0,0,,0,,"MORRO RD","ATASCADERO AV",450.00,E,N,A,-,N,,,41,,,,,,,N,2,0,1,2,A,-,11,21955,,N,G,B,D,A,H,-,D,A,0,Y,,,,Y,Y,N,60,1,0,0,0,1,0,0,0,0,"- ","- ",35.481969999999997,-120.66616999999999,"SAN LUIS OBISPO",ATASCADERO,-120.66607878000001,35.481943559999998
6493870,2014,2016-03-09,9740,2014-05-12,0630,14662,,1,1,9,4000,0,3,5,,2,021,"BOOKER RD","RT 46",275.00,S,N,A,-,N,,,,,,,,,,Y,4,0,1,2,A,-,05,21650,,N,B,C,A,A,H,-,A,D,0,,,,,Y,,-,"- ",0,0,1,0,0,0,0,0,0,"- ","- ",35.564,-120.7473,"SAN LUIS OBISPO",UNINCORPORATED,-120.74730861,35.564126180000002
6498525,2014,2016-04-09,9745,2014-04-30,2205,13937,,3,3,9,4000,0,1,2,,2,505,"RT 101","TEFFT ST",225.00,S,N,A,-,Y,SLO,5,101,-,-,4.810,H,-,S,Y,4,0,2,1,A,-,08,22107,,N,E,I,A,A,H,-,D,D,1,,,,,Y,,A,07,0,0,2,0,0,0,0,0,0,"- ","- ",35.03586,-120.48396,"SAN LUIS OBISPO",UNINCORPORATED,-120.48425820999999,35.036372909999997
6512412,2013,2014-06-20,4003,2013-12-01,1142,T3714,3,7,5,2,4003,0,0,0,,0,001,"NAPA AV","HARBOR ST",51.00,S,N,A,-,N,,,,,,,,,,N,3,0,1,3,A,-,08,22107,,N,C,E,A,A,H,-,A,A,0,,Y,,,Y,,L,04,0,1,0,0,0,0,1,0,0,"- ","- ",,,"SAN LUIS OBISPO","MORRO BAY",-120.8477427,35.366774700000001
6514231,2014,2014-06-30,4003,2014-01-14,1034,J5086,3,2,5,2,4003,0,0,0,,0,001,"MAIN ST","MARINA ST",0.00,,Y,A,-,N,,,,,,,,,,Y,4,0,1,2,A,-,09,21800,A,N,D,C,A,A,H,-,A,A,0,,,,,Y,,A,01,0,0,1,0,0,0,0,0,0,"- ","- ",,,"SAN LUIS OBISPO","MORRO BAY",-120.85001,35.364050050000003
6516821,2014,2014-08-20,4004,2014-06-04,1615,1054,04,3,5,3,4004,0,0,0,,0,048,CRESTON,MYRTLEWOOD,4.00,S,N,A,-,N,,,,,,,,,,N,3,0,1,2,A,-,10,21950,A,M,B,B,B,A,H,-,A,A,0,Y,,,,Y,Y,-,99,0,1,0,0,1,0,0,0,0,"- ","- ",,,"SAN LUIS OBISPO","PASO ROBLES",-120.65898027,35.60606902
6530487,2014,2014-08-09,9740,2014-06-24,1652,14622,,2,2,9,4000,0,3,5,,2,016,"PARKHILL RD","LA ENTRADA",1584.00,E,N,A,-,N,,,,,,,,,,Y,4,0,1,1,A,-,08,22107,,N,E,I,A,A,H,-,A,D,0,,,,,Y,,A,01,0,0,1,0,0,0,0,0,0,"- ","- ",35.392629999999997,-120.48846,"SAN LUIS OBISPO",UNINCORPORATED,-120.48894869,35.392817780000001
6531233,2014,2014-07-17,4001,2014-03-20,1300,P069,1,4,5,3,4001,0,0,0,,0,CITY,"EAST GRAND AV","BRISCO RD",335.00,E,N,A,-,N,,,,,,,,,,Y,4,0,1,2,A,-,09,21804,A,N,D,C,A,A,H,-,A,A,0,,,,,Y,,A,01,0,0,1,0,0,0,0,0,0,"- ","- ",,,"SAN LUIS OBISPO","ARROYO GRANDE",-120.5984326,35.120134270000001
6546488,2014,2014-08-12,4001,2014-06-18,0620,P0121,11,3,5,3,4001,0,0,0,,0,CITY,"FARROLL AV","SOUTH ELM ST",0.00,,Y,A,-,N,,,,,,,,,,N,3,0,1,2,A,-,10,21950,A,N,G,B,B,A,H,-,A,A,0,Y,,,,Y,,D,22,0,1,0,0,1,0,0,0,0,"- ","- ",,,"SAN LUIS OBISPO","ARROYO GRANDE",-120.60057988,35.110700029999997
6548397,2014,2014-08-21,9745,2014-06-24,1318,017151,,2,1,9,4000,0,3,5,,2,005,"DANA FOOTHILL RD","TEFFT ST",2112.00,S,N,A,-,N,,,,,,,,,,Y,3,0,4,1,A,-,08,22107,,N,E,I,A,A,H,-,A,D,0,,,,,Y,,A,01,0,1,3,0,0,0,0,0,0,"- ","- ",35.050759999999997,-120.45438,"SAN LUIS OBISPO",UNINCORPORATED,-120.45817,35.055810000000001
6550060,2014,2014-08-19,4001,2014-06-05,2045,P089,11,4,5,3,4001,0,0,0,,0,CITY,"ASH ST","ELM ST PARK",0.00,,N,A,-,N,,,,,,,,,,N,4,0,1,2,A,-,09,21804,A,F,G,B,F,A,H,-,C,D,0,Y,,,,Y,,-,,0,0,1,0,1,0,0,0,0,"- ","- ",,,"SAN LUIS OBISPO","ARROYO GRANDE",-120.60057987,35.114730049999999
6558732,2014,2016-05-04,9745,2014-07-16,1725,016068,,3,2,4,4006,0,1,2,,2,202,"RT 101","BUENA VISTA AV",528.00,N,N,A,-,Y,SLO,5,101,-,-,30.090,H,-,N,N,4,0,1,2,A,-,03,22350,,N,C,C,A,A,H,-,A,D,1,,,,,Y,,A,07,0,0,1,0,0,0,0,0,0,"- ","- ",35.291789999999999,-120.64798999999999,"SAN LUIS OBISPO","SAN LUIS OBISPO",-120.64789275,35.291678240000003
6561658,2014,2016-02-16,9745,2014-07-15,1540,017151,,2,2,9,4000,0,3,5,,2,002,"STENNER CREEK RD","RT 1",15840.00,N,N,A,-,N,,,,,,,,,,Y,3,0,3,1,A,-,08,22107,,N,E,I,A,A,H,-,A,D,0,,,,,Y,,A,07,0,3,0,0,0,0,0,0,0,"- ","- ",35.328180000000003,-120.66521,"SAN LUIS OBISPO",UNINCORPORATED,-120.66521913,35.328189600000002
6561674,2014,2016-05-04,9745,2014-07-13,1630,014910,,7,2,9,4000,0,1,2,,2,303,"RT 101","SAN LUIS BAY DR",0.00,,Y,A,-,Y,SLO,5,101,-,-,22.460,R,4,S,N,3,0,2,2,A,-,09,21802,A,N,D,C,A,A,H,-,A,A,1,,,,,Y,,A,08,0,1,1,0,0,0,0,0,0,TO,"- ",35.196089999999998,-120.70011,"SAN LUIS OBISPO",UNINCORPORATED,-120.69871814,35.198494869999998
6581666,2014,2014-08-20,4006,2014-07-11,1340,30105,,5,5,4,4006,0,0,0,,0,,"S HIGUERA",MADONNA,0.00,,Y,A,-,N,,,,,,,,,,N,4,0,1,2,A,-,04,21703,,N,C,C,A,A,H,-,A,A,0,,,,Y,Y,,F,55,0,0,1,0,0,0,0,0,0,"- ","- ",,,"SAN LUIS OBISPO","SAN LUIS OBISPO",-120.670461,35.268273000000001
6592638,2014,2014-09-04,4006,2014-08-07,2049,59350,,4,5,4,4006,0,0,0,,0,,MADONNA,DALIDIO,610.00,W,N,A,-,N,,,,,,,,,,Y,2,0,1,1,C,-,18,,,N,H,H,A,A,H,-,D,D,0,,,Y,,Y,,-,"- ",1,0,0,0,0,0,0,0,1,"- ","- ",,,"SAN LUIS OBISPO","SAN LUIS OBISPO",-120.68188279,35.260476539999999
6596021,2014,2016-05-04,9740,2014-08-09,1245,017283,,6,1,9,4000,0,1,2,,2,002,"RT 101","VINEYARD DR",528.00,N,N,A,-,Y,SLO,5,101,-,-,50.740,H,-,S,Y,4,0,2,3,A,-,01,23152,A,F,E,I,A,A,H,-,A,D,1,,,,,Y,,A,01,0,0,2,0,0,0,0,0,0,"- ","- ",35.545819999999999,-120.71534,"SAN LUIS OBISPO",UNINCORPORATED,-120.71518355000001,35.545041259999998
6596152,2014,2014-09-10,4006,2014-08-09,1420,32625,,6,5,4,4006,0,0,0,,0,,MONTEREY,"GRAND AV",59.00,E,N,A,-,N,,,,,,,,,,N,4,0,3,2,A,-,03,22350,,N,C,C,A,A,H,-,A,A,0,,,,,Y,,A,01,0,0,3,0,0,0,0,0,0,"- ","- ",,,"SAN LUIS OBISPO","SAN LUIS OBISPO",-120.65157468,35.288705319999998
6597305,2014,2016-05-02,9745,2014-08-13,0334,013937,,3,3,9,4000,0,1,3,,1,043,"RT 1","HALCYON RD",167.00,N,N,B,-,Y,SLO,5,1,-,-,9.030,H,-,N,Y,4,0,1,2,A,-,03,22350,,N,D,C,A,A,H,-,D,D,0,,,,Y,Y,,A,01,0,0,1,0,0,0,0,0,0,"- ","- ",35.08108,-120.58632,"SAN LUIS OBISPO",UNINCORPORATED,-120.58636962,35.081073689999997
6600241,2014,2014-09-12,9740,2014-08-30,1635,014622,,6,2,9,4000,0,2,4,,2,012,"NACIMIENTO LAKE DR","NACIMIENTO LAKE DAM",2112.00,N,N,A,-,N,,,,,,,,,,Y,3,0,1,1,A,-,08,22107,,N,F,A,A,A,H,-,A,D,0,,,Y,,Y,,C,02,0,1,0,0,0,0,0,0,1,"- ","- ",35.763820000000003,-120.88587,"SAN LUIS OBISPO",UNINCORPORATED,-120.88810741,35.780067379999998
6606947,2014,2014-09-24,4006,2014-08-17,1622,10140,4006,7,5,4,4006,0,0,0,,0,,CHORRO,HIGUERA,0.00,,Y,A,-,N,,,,,,,,,,N,4,0,1,2,A,-,10,21950,A,N,G,B,B,A,H,-,A,A,0,Y,,,,Y,,A,01,0,0,1,0,1,0,0,0,0,"- ","- ",,,"SAN LUIS OBISPO","SAN LUIS OBISPO",-120.66291998,35.27988002
6607268,2014,2014-09-08,4006,2014-08-21,1442,27940,,4,5,4,4006,0,0,0,,0,,"LOS OSOS VALLEY","CALLE JOAQUIN",0.00,,Y,A,-,N,,,,,,,,,,,3,0,1,2,A,-,01,23152,A,N,D,C,A,A,H,-,A,A,0,,,,,Y,Y,A,07,0,1,0,0,0,0,0,0,0,"- ","- ",,,"SAN LUIS OBISPO","SAN LUIS OBISPO",-120.68302994,35.24673009
6614735,2014,2014-09-17,4005,2014-07-29,1002,P094,3,2,5,2,4005,0,0,0,,0,03C,DOLLIVER,HINDS,4.00,W,N,A,-,N,,,,,,,,,,N,4,0,1,2,A,-,08,22107,,N,D,G,A,A,H,-,A,A,0,,Y,,,Y,,A,01,0,0,1,0,0,0,1,0,0,"- ","- ",,,"SAN LUIS OBISPO","PISMO BEACH",-120.64063221000001,35.139998669999997
6617442,2014,2014-09-18,4008,2014-08-08,1952,4125,,5,5,4,4008,0,0,0,,0,,"CURBARIL AV","SANTA YSABEL AV",210.00,E,N,A,-,N,,,,,,,,,,N,3,0,1,3,A,-,10,21952,,N,A,B,F,A,H,-,A,D,0,Y,,,,Y,,A,01,0,1,0,0,1,0,0,0,0,"- ","- ",,,"SAN LUIS OBISPO",ATASCADERO,-120.65425355000001,35.479762090000001
6617992,2014,2014-09-18,4004,2014-08-05,1450,1200,01,2,5,3,4004,0,0,0,,0,017,RIVERSIDE,"16TH ST",0.00,,Y,A,-,N,,,,,,,,,,Y,2,0,1,2,A,-,09,21800,A,N,D,C,A,A,H,-,A,D,0,,,Y,,Y,,A,01,1,0,0,0,0,0,0,0,1,"- ","- ",,,"SAN LUIS OBISPO","PASO ROBLES",-120.68726992000001,35.631120029999998
6621490,2014,2014-11-03,9745,2014-09-02,1043,017968,,2,1,9,4000,0,3,5,,2,004,"SAN LUIS BAY DR","ONTARIO RD",0.00,,Y,A,-,N,,,,,,,,,,Y,2,0,1,2,A,-,09,21802,A,N,D,C,A,A,H,-,A,D,0,,,,,Y,,D,22,1,0,0,0,0,0,0,0,0,"- ","- ",35.19614,-120.70052,"SAN LUIS OBISPO",UNINCORPORATED,-120.70057988000001,35.19611003
6630055,2014,2016-04-09,4003,2014-06-22,2253,C1132,11,7,5,2,4003,0,0,0,,0,002,"RT 1","CITY LIMIT SIGN",1058.00,N,N,A,-,Y,SLO,5,1,-,-,32.340,H,-,N,Y,3,0,1,1,A,-,01,23152,A,N,F,I,A,A,H,-,D,A,0,,,,,Y,Y,A,01,0,1,0,0,0,0,0,0,0,"- ","- ",,,"SAN LUIS OBISPO","MORRO BAY",-120.87152818,35.408595509999998
6630318,2014,2016-05-09,9745,2014-09-05,2240,017541,,5,3,9,4000,0,1,3,,1,041,"RT 1","PASO ROBLES ST",150.00,S,N,A,-,Y,SLO,5,1,-,-,12.350,H,-,S,Y,4,0,1,2,A,-,01,23152,A,N,C,C,A,A,H,-,D,D,0,,,,,Y,Y,D,22,0,0,1,0,0,0,0,0,0,"- ","- ",35.10087,-120.61523,"SAN LUIS OBISPO",UNINCORPORATED,-120.61535424,35.100890739999997
6630804,2014,2016-05-09,9740,2014-09-19,1640,017283,,5,2,9,4000,0,1,3,,2,005,"RT 58","LA PANZA RD",10032.00,W,N,A,-,Y,SLO,5,58,-,-,16.440,H,-,E,Y,4,0,1,1,A,-,08,22107,,N,F,A,A,A,H,-,A,D,0,,,,,Y,,A,01,0,0,1,0,0,0,0,0,0,"- ","- ",35.455069999999999,-120.4025,"SAN LUIS OBISPO",UNINCORPORATED,-120.40347335,35.455034560000001
6631062,2014,2014-10-02,9740,2014-08-22,1630,13952,,5,2,9,4000,0,3,5,,2,018,"UNION RD","PENMAN SPRINGS RD",528.00,W,N,A,-,N,,,,,,,,,,Y,3,0,1,1,A,-,08,22107,,N,E,I,A,A,H,-,A,D,0,,,,,Y,,A,01,0,1,0,0,0,0,0,0,0,"- ","- ",35.630139999999997,-120.61766,"SAN LUIS OBISPO",UNINCORPORATED,-120.61607601999999,35.630112189999998
6632298,2014,2014-10-03,9745,2014-09-04,1715,014996,,4,2,9,4000,0,2,4,,1,055,"TEFFT ST","POMEROY RD",10.00,W,N,A,-,N,,,,,,,,,,N,4,0,1,2,A,-,03,22350,,M,C,C,A,A,H,-,A,A,0,,,,,Y,,A,01,0,0,1,0,0,0,0,0,0,"- ","- ",35.031010000000002,-120.49494,"SAN LUIS OBISPO",UNINCORPORATED,-120.49510873,35.030807260000003
6637172,2014,2016-05-04,9745,2014-09-22,0845,017017,,1,1,2,4005,0,1,2,,2,404,"RT 101","OAK PARK BL",100.00,N,N,A,-,Y,SLO,5,101,-,-,14.630,H,-,N,Y,4,0,1,3,A,-,03,22350,,N,C,C,A,A,H,-,A,D,1,,,,,Y,,A,07,0,0,1,0,0,0,0,0,0,"- ","- ",35.130549999999999,-120.60853,"SAN LUIS OBISPO","PISMO BEACH",-120.6069103,35.130275210000001
6648072,2014,2014-10-16,4006,2014-09-10,2120,68823,,3,5,4,4006,0,0,0,,0,,"LOS OSOS VALLEY","CALLE JOAQUIN",0.00,,Y,A,-,N,,,,,,,,,,Y,4,0,2,2,A,-,12,21453,A,N,D,C,A,A,H,-,C,A,0,,,,,Y,,A,01,0,0,2,0,0,0,0,0,0,"- ","- ",,,"SAN LUIS OBISPO","SAN LUIS OBISPO",-120.68302994,35.24673009
6650483,2014,2015-05-01,4001,2014-08-31,1510,P0106,4,7,5,3,4001,0,0,0,,0,CITY,"EL CAMINO REAL","BRISCO RD",0.00,,Y,A,-,N,,,,,,,,,,N,3,0,1,2,A,-,10,21950,A,N,G,B,B,A,H,-,A,A,0,Y,,,,Y,,A,01,0,1,0,0,1,0,0,0,0,"- ","- ",,,"SAN LUIS OBISPO","ARROYO GRANDE",-120.59359990999999,35.12387004
6666290,2014,2014-12-16,9745,2014-10-08,1415,13531,,3,2,9,4000,0,1,2,,2,303,"RT 101","SAN LUIS BAY DR",1056.00,N,N,A,-,Y,,,101,,,,,,,Y,4,0,1,1,A,-,08,22107,,N,E,I,A,A,H,-,A,D,0,,,,,Y,,A,01,0,0,1,0,0,0,0,0,0,"- ","- ",35.198279999999997,-120.69819,"SAN LUIS OBISPO",UNINCORPORATED,-120.69833856,35.198338759999999
6686002,2014,2014-12-08,9745,2014-10-22,1705,12876,,3,2,9,4000,0,1,2,,2,505,"RT 101","TEFFT ST",2640.00,S,N,A,-,Y,,,101,,,,,,,Y,4,0,1,2,A,-,03,22350,,N,C,C,A,A,H,-,A,D,0,,,,,Y,,D,22,0,0,1,0,0,0,0,0,0,"- ","- ",35.031660000000002,-120.47911000000001,"SAN LUIS OBISPO",UNINCORPORATED,-120.47913318000001,35.031634920000002
6692774,2014,2014-12-05,9745,2014-10-19,2058,18021,,7,2,9,4000,0,2,4,,1,058,"HUTTON RD","VISTA DEL RIO",890.00,N,N,A,-,N,,,,,,,,,,Y,3,0,3,3,A,-,01,23152,A,F,A,C,A,A,H,-,D,D,0,,,,,Y,Y,D,22,0,1,2,0,0,0,0,0,0,"- ","- ",35.005780000000001,-120.444,"SAN LUIS OBISPO",UNINCORPORATED,-120.44399679,35.005797999999999
6702174,2014,2014-12-10,9745,2014-10-29,1452,013531,,3,2,9,4000,0,2,4,,1,052,"THOMPSON AV","TITON WY",0.00,,Y,A,-,N,,,,,,,,,,Y,4,0,1,2,A,-,09,21802,A,N,D,C,A,A,H,-,A,A,0,,,,,Y,,A,08,0,0,1,0,0,0,0,0,0,"- ","- ",35.052230000000002,-120.48614999999999,"SAN LUIS OBISPO",UNINCORPORATED,-120.48611283,35.052149960000001
6702334,2014,2014-12-03,4004,2014-10-02,1213,0901,01,4,5,3,4004,0,0,0,,0,"1 3",RIVERSIDE,24TH,0.00,,Y,A,-,N,,,,,,,,,,Y,3,0,1,2,A,-,09,21801,A,F,H,A,A,A,H,-,A,D,0,,,Y,,Y,,-,99,0,1,0,0,0,0,0,0,1,"- ","- ",,,"SAN LUIS OBISPO","PASO ROBLES",-120.68809996,35.63979003
6709502,2014,2015-01-09,9745,2014-11-03,1732,016089,,1,2,3,4002,0,1,2,,2,404,"RT 101","SPYGLASS DR",1056.00,N,N,A,-,Y,,,,,,,,,,Y,4,0,1,2,A,-,03,22350,,F,C,C,A,A,H,-,A,D,0,,,,,Y,,-,99,0,0,1,0,0,0,0,0,0,"- ","- ",35.100259999999999,-120.41258000000001,"SAN LUIS OBISPO","GROVER BEACH",-120.68956712000001,35.166276029999999
6709797,2014,2015-01-23,9740,2014-11-03,0800,13952,,1,1,9,4000,0,3,5,,2,021,"SAN MARCOS RD","MAHONEY RD",2640.00,E,N,-,-,N,,,,,,,,,,Y,4,0,1,1,A,-,08,22107,,N,-,-,A,-,-,-,-,-,0,,,,,Y,,D,22,0,0,1,0,0,0,0,0,0,"- ","- ",35.696890000000003,-120.72689,"SAN LUIS OBISPO",UNINCORPORATED,-120.73053356,35.697531820000002
6710744,2014,2016-06-18,9745,2014-10-31,1110,013206,9745,5,1,9,4000,0,1,3,,1,041,"RT 1","VALLEY RD",0.00,,Y,B,-,Y,SLO,5,1,-,-,10.380,I,5,N,Y,4,0,1,2,A,-,09,21802,A,N,D,C,A,A,H,-,A,A,0,,,,,Y,,A,01,0,0,1,0,0,0,0,0,0,"- ","- ",35.098140000000001,-120.58212,"SAN LUIS OBISPO",UNINCORPORATED,-120.58183820000001,35.098056069999998
6712579,2014,2015-01-06,4001,2014-10-31,0730,P069,,5,5,3,4001,0,0,0,,0,CITY,"VALLEY RD","VIA BERROS",60.00,N,N,B,-,N,,,,,,,,,,Y,4,0,1,2,A,-,08,22107,,N,C,E,A,A,H,-,A,A,0,,,,,Y,,A,01,0,0,1,0,0,0,0,0,0,"- ","- ",,,"SAN LUIS OBISPO","ARROYO GRANDE",-120.58152,35.104854809999999
6714589,2014,2015-01-13,9740,2014-11-10,1415,014622,,1,2,9,4000,0,3,5,,2,017,"LA PANZA RD","QUAIL VALLEY LN",189.00,S,N,A,-,N,,,,,,,,,,Y,3,0,5,1,A,-,08,22107,,N,F,A,A,A,H,-,A,D,0,,,,,Y,,A,01,0,5,0,0,0,0,0,0,0,"- ","- ",35.478870000000001,-120.41399,"SAN LUIS OBISPO",UNINCORPORATED,-120.41409104,35.478822100000002
6718494,2014,2014-12-18,9745,2014-11-11,0218,17541,,2,3,9,4000,0,1,3,,2,023,"RT 1","SAN LUISITO CREEK RD",4752.00,N,N,B,-,Y,SLO,5,1,-,-,26.320,H,-,N,Y,1,1,0,1,A,-,01,23152,A,N,E,I,A,A,H,-,D,D,1,,,,,Y,Y,A,01,0,0,0,0,0,0,0,0,0,"- ","- ",35.359029999999997,-120.79939,"SAN LUIS OBISPO",UNINCORPORATED,-120.79696482,35.358036159999997
6719054,2014,2016-06-18,9740,2014-10-28,1345,11615,,2,1,9,4000,0,1,3,,1,015,"RT 1","ARROYO LAGUNA",12144.00,N,N,A,-,Y,SLO,5,1,-,-,62.210,H,-,S,Y,4,0,1,2,A,-,09,21802,A,N,F,A,A,A,H,-,A,A,0,,,Y,,Y,,A,07,0,0,1,0,0,0,0,0,1,"- ","- ",35.663089999999997,-121.25668,"SAN LUIS OBISPO",UNINCORPORATED,-121.25408065000001,35.661279110000002
6721262,2014,2015-01-08,4004,2014-11-07,1753,1189,01,5,5,3,4004,0,0,0,,0,015,"16TH ST","PINE AV",2.00,W,N,A,-,N,,,,,,,,,,N,4,0,1,2,A,-,03,22350,,N,G,B,D,A,H,-,C,A,0,Y,,,,Y,,A,01,0,0,1,0,1,0,0,0,0,"- ","- ",,,"SAN LUIS OBISPO","PASO ROBLES",-120.68921672,35.630989679999999
6723828,2014,2015-06-30,4002,2014-11-16,1316,368,102,7,5,3,4002,0,0,0,,0,001,"W GRAND AV","9TH ST",30.00,N,N,A,-,N,,,,,,,,,,N,4,0,1,2,A,-,12,21453,A,N,D,D,A,A,H,-,A,A,0,,,,,Y,,A,07,0,0,1,0,0,0,0,0,0,"- ","- ",,,"SAN LUIS OBISPO","GROVER BEACH",-120.62023000000001,35.121490000000001