CASE_ID,ACCIDENT_YEAR,PROC_DATE,JURIS,COLLISION_DATE,COLLISION_TIME,OFFICER_ID,REPORTING_DISTRICT,DAY_OF_WEEK,CHP_SHIFT,POPULATION,CNTY_CITY_LOC,SPECIAL_COND,BEAT_TYPE,CHP_BEAT_TYPE,CITY_DIVISION_LAPD,CHP_BEAT_CLASS,BEAT_NUMBER,PRIMARY_RD,SECONDARY_RD,DISTANCE,DIRECTION,INTERSECTION,WEATHER_1,WEATHER_2,STATE_HWY_IND,CALTRANS_COUNTY,CALTRANS_DISTRICT,STATE_ROUTE,ROUTE_SUFFIX,POSTMILE_PREFIX,POSTMILE,LOCATION_TYPE,RAMP_INTERSECTION,SIDE_OF_HWY,TOW_AWAY,COLLISION_SEVERITY,NUMBER_KILLED,NUMBER_INJURED,PARTY_COUNT,PRIMARY_COLL_FACTOR,PCF_CODE_OF_VIOL,PCF_VIOL_CATEGORY,PCF_VIOLATION,PCF_VIOL_SUBSECTION,HIT_AND_RUN,TYPE_OF_COLLISION,MVIW,PED_ACTION,ROAD_SURFACE,ROAD_COND_1,ROAD_COND_2,LIGHTING,CONTROL_DEVICE,CHP_ROAD_TYPE,PEDESTRIAN_ACCIDENT,BICYCLE_ACCIDENT,MOTORCYCLE_ACCIDENT,TRUCK_ACCIDENT,NOT_PRIVATE_PROPERTY,ALCOHOL_INVOLVED,STWD_VEHTYPE_AT_FAULT,CHP_VEHTYPE_AT_FAULT,COUNT_SEVERE_INJ,COUNT_VISIBLE_INJ,COUNT_COMPLAINT_PAIN,COUNT_PED_KILLED,COUNT_PED_INJURED,COUNT_BICYCLIST_KILLED,COUNT_BICYCLIST_INJURED,COUNT_MC_KILLED,COUNT_MC_INJURED,PRIMARY_RAMP,SECONDARY_RAMP,LATITUDE,LONGITUDE,COUNTY,CITY,POINT_X,POINT_Y
6749399,2014,2016-06-18,9745,2014-12-10,1655,16068,,3,2,9,4000,0,1,3,,2,023,"RT 1","SAN BERNARDO CREEK RD",2640.00,S,N,A,-,Y,SLO,5,1,-,-,26.470,H,-,N,Y,4,0,1,1,A,-,08,22107,,N,F,A,A,A,H,-,D,D,1,,,,,Y,,A,01,0,0,1,0,0,0,0,0,0,"- ","- ",35.359479999999998,-120.79969,"SAN LUIS OBISPO",UNINCORPORATED,-120.79938699,35.358974660000001
6763316,2014,2016-06-18,9745,2014-12-19,0735,13206,9745,5,1,9,4000,0,1,3,,1,041,"RT 1","PERSHING DR",360.00,S,N,B,-,Y,SLO,5,1,-,-,12.810,H,-,S,Y,2,0,2,2,A,-,01,23152,E,N,A,C,A,A,H,-,A,D,0,,,,,Y,,A,01,1,0,1,0,0,0,0,0,0,"- ","- ",35.104939999999999,-120.62148000000001,"SAN LUIS OBISPO",UNINCORPORATED,-120.62152818,35.104912259999999
6802864,2015,2016-10-19,9745,2015-01-20,1300,012876,,2,1,9,4000,0,1,2,,2,303,"RT 101","SAN LUIS BAY DR",1059.00,N,N,A,-,Y,SLO,5,101,-,R,22.490,H,-,N,Y,4,0,3,3,A,-,04,21703,,N,C,C,A,A,H,-,A,D,1,,,,,Y,,A,01,0,0,3,0,0,0,0,0,0,"- ","- ",35.199109999999997,-120.69837,"SAN LUIS OBISPO",UNINCORPORATED,-120.69814286,35.19884665
6817250,2015,2015-02-27,9745,2015-01-30,2002,17144,,5,2,9,4000,0,3,5,,2,002,"FEARN AV","BINSCARTH RD",0.00,,Y,A,-,N,,,,,,,,,,Y,3,0,1,2,A,-,12,22450,A,N,D,C,A,A,H,-,C,D,0,,,,,Y,Y,D,22,0,1,0,0,0,0,0,0,0,"- ","- ",35.3185,-120.84644,"SAN LUIS OBISPO",UNINCORPORATED,-120.84642991,35.318480090000001
6823748,2015,2015-08-20,4002,2015-02-10,1433,138,101,2,5,3,4002,0,0,0,,0,001,"W GRAND AV","S 4TH ST",68.00,W,N,A,-,N,,,,,,,,,,N,4,0,1,2,A,-,09,21804,A,N,D,C,A,A,H,-,A,D,0,,,,,Y,,D,22,0,0,1,0,0,0,0,0,0,"- ","- ",,,"SAN LUIS OBISPO","GROVER BEACH",-120.62666704999999,35.121809460000001
6838300,2014,2015-03-14,4004,2014-12-24,0915,0901,09,3,5,3,4004,0,0,0,,0,,LINNE,WINDWOOD,1056.00,E,N,B,-,N,,,,,,,,,,Y,4,0,1,1,A,-,01,23152,E,N,E,I,A,A,H,-,A,D,0,,,,,Y,,A,07,0,0,1,0,0,0,0,0,0,"- ","- ",,,"SAN LUIS OBISPO","PASO ROBLES",-120.58440077,35.59244297
6842177,2015,2015-03-26,9740,2015-03-15,1556,016089,,7,2,9,4000,0,3,5,,2,016,"PARKHILL RD","BLACK MOUNTAIN RD",7920.00,W,N,A,-,N,,,,,,,,,,,3,0,1,1,A,-,03,22350,,N,F,A,A,A,H,-,A,D,0,,,Y,,Y,,C,02,0,1,0,0,0,0,0,0,1,"- ","- ",35.347709999999999,-120.3768,"SAN LUIS OBISPO",UNINCORPORATED,-120.37596344000001,35.347047449999998
6844993,2015,2015-09-08,4002,2015-03-02,1950,015,104,1,5,3,4002,0,0,0,,0,001,"W GRAND AV","OAK PARK BL",0.00,,Y,A,-,N,,,,,,,,,,Y,4,0,1,2,A,-,01,23152,B,N,C,C,A,A,H,-,C,A,0,,,,,Y,Y,A,01,0,0,1,0,0,0,0,0,0,"- ","- ",,,"SAN LUIS OBISPO","GROVER BEACH",-120.60917994,35.12096004
6848857,2015,2016-09-08,9745,2015-03-03,1755,016068,,2,2,9,4000,0,1,2,,2,303,"RT 101","HIGUERA ST",1056.00,S,N,A,-,Y,SLO,5,101,-,R,24.100,H,-,N,Y,2,0,1,1,A,-,01,23152,A,N,E,I,A,A,H,-,B,D,1,,,,,Y,Y,A,07,1,0,0,0,0,0,0,0,0,"- ","- ",35.217419999999997,-120.69471,"SAN LUIS OBISPO",UNINCORPORATED,-120.69224401,35.221216519999999
6849700,2015,2015-03-27,4006,2015-02-18,1927,59980,,3,5,4,4006,0,0,0,,0,,"JOHNSON AV","IRIS ST",168.00,N,N,A,-,N,,,,,,,,,,N,4,0,1,2,A,-,17,21209,A,F,C,G,A,A,H,-,C,A,0,,Y,,,Y,,A,01,0,0,1,0,0,0,1,0,0,"- ","- ",,,"SAN LUIS OBISPO","SAN LUIS OBISPO",-120.65012179,35.278568579999998
6849712,2015,2015-03-25,4006,2015-02-20,0954,80908,,5,5,4,4006,0,0,0,,0,,BROAD,ALPHONSO,0.00,,Y,A,-,N,,,,,,,,,,N,4,0,1,2,A,-,09,21801,A,N,D,G,A,A,H,-,A,D,0,,Y,,,Y,,A,07,0,0,1,0,0,0,1,0,0,"- ","- ",,,"SAN LUIS OBISPO","SAN LUIS OBISPO",-120.65520988999999,35.268120080000003
6875665,2015,2015-04-13,4006,2015-03-30,1732,69585,,1,5,4,4006,0,0,0,,0,,"MADONNA LN","EL MERCADO",556.00,E,N,A,-,N,,,,,,,,,,N,3,0,1,2,A,-,03,22350,,N,C,C,A,A,H,-,A,A,0,,,Y,,Y,,C,02,0,1,0,0,0,0,0,0,1,"- ","- ",,,"SAN LUIS OBISPO","SAN LUIS OBISPO",-120.67713818999999,35.263573739999998
6875756,2015,2015-06-03,4006,2015-03-09,0841,64920,,1,5,4,4006,0,0,0,,0,,"SUBURBAN RD","HORIZON LN",464.00,E,N,A,-,N,,,,,,,,,,N,3,0,1,1,A,-,08,22107,,N,E,I,A,A,H,-,A,D,0,,,,,Y,,A,01,0,1,0,0,0,0,0,0,0,"- ","- ",,,"SAN LUIS OBISPO","SAN LUIS OBISPO",-120.66615,35.243989999999997
6879602,2015,2016-09-08,4005,2015-03-03,0947,P099,5,2,5,2,4005,0,0,0,,0,,"RT 1","LE SAGE DR",1557.00,N,N,A,-,Y,SLO,5,1,-,-,14.850,H,-,N,N,4,0,1,2,A,-,03,22350,,N,C,C,A,A,H,-,A,D,0,,,,,Y,,A,01,0,0,1,0,0,0,0,0,0,"- ","- ",,,"SAN LUIS OBISPO","PISMO BEACH",-120.63368275000001,35.132287040000001
6880406,2015,2015-04-22,9745,2015-03-29,1605,015734,,7,2,9,4000,0,3,5,,2,002,"FOOTHILL BL","LOS CERROS DR",1584.00,S,N,A,-,N,,,,,,,,,,Y,4,0,1,2,A,-,04,21703,,N,C,C,A,A,H,-,A,D,0,,,,,Y,,A,01,0,0,1,0,0,0,0,0,0,"- ","- ",35.291550000000001,-120.68979,"SAN LUIS OBISPO",UNINCORPORATED,-120.68850999999999,35.292149999999999
6889321,2015,2017-01-09,9750,2015-04-03,1625,016354,,5,2,9,4000,0,1,3,,2,061,"RT 166","ALAMO CREEK RD",14678.00,E,N,A,-,Y,SLO,5,166,-,-,20.030,H,-,W,Y,3,0,1,1,A,-,04,21703,,N,E,I,A,A,H,-,A,D,0,,,,,Y,,A,07,0,1,0,0,0,0,0,0,0,"- ","- ",,,"SAN LUIS OBISPO",UNINCORPORATED,-120.27251457,35.026612620000002
6889532,2015,2015-04-29,4006,2015-04-03,0828,16380,,5,5,4,4006,0,0,0,,0,,"SANTA ROSA",PALM,0.00,,Y,A,-,N,,,,,,,,,,Y,4,0,2,2,A,-,12,21453,A,N,D,C,A,A,H,-,A,A,0,,,,,Y,,A,01,0,0,2,0,0,0,0,0,0,"- ","- ",,,"SAN LUIS OBISPO","SAN LUIS OBISPO",-120.66075987000001,35.283540000000002
6891739,2015,2015-04-30,9740,2015-03-26,1335,016089,,4,1,9,4000,0,3,5,,2,017,"ADELAIDA RD","STAGS LEAP WY",0.00,,Y,A,-,N,,,,,,,,,,Y,4,0,1,2,A,-,09,21804,A,N,A,C,A,A,H,-,A,D,0,,,,,Y,,A,07,0,0,1,0,0,0,0,0,0,"- ","- ",35.656640000000003,-120.7573,"SAN LUIS OBISPO",UNINCORPORATED,-120.75699994999999,35.65634009
6913211,2015,2017-01-06,9745,2015-04-27,2000,017017,,1,2,9,4000,0,1,3,,1,040,"RT 227","VIA CHULA ROBLES",681.00,S,N,A,-,Y,SLO,5,227,-,-,3.770,H,-,S,Y,2,0,1,1,A,-,01,23152,A,N,E,I,A,A,H,-,D,D,0,,,Y,,Y,Y,C,02,1,0,0,0,0,0,0,0,1,"- ","- ",35.166919999999998,-120.57844,"SAN LUIS OBISPO",UNINCORPORATED,-120.5773174,35.163723449999999
6913512,2015,2017-01-05,9745,2015-05-02,0755,013212,,6,1,3,4001,0,1,2,,2,402,"RT 101","FAIR OAKS AV",3168.00,S,N,A,-,Y,SLO,5,101,-,-,11.480,H,-,N,Y,4,0,1,1,A,-,08,22107,,N,E,I,A,A,H,-,A,D,0,,,,,Y,,A,01,0,0,1,0,0,0,0,0,0,"- ","- ",35.11327,-120.56847999999999,"SAN LUIS OBISPO","ARROYO GRANDE",-120.5583881,35.109190220000002
6913520,2015,2017-01-05,9745,2015-05-02,1300,016514,,6,1,9,4000,0,1,2,,2,303,"RT 101","SAN LUIS BAY DR",4752.00,N,N,A,-,Y,SLO,5,101,-,R,23.190,H,-,N,Y,2,0,1,1,A,-,08,22107,,N,E,J,A,A,H,-,A,D,1,,,Y,,Y,,C,02,1,0,0,0,0,0,0,0,1,"- ","- ",35.209560000000003,-120.69694,"SAN LUIS OBISPO",UNINCORPORATED,-120.69687688,35.20896656
6925428,2015,2015-06-18,9740,2015-05-24,1525,16849,,7,2,9,4000,0,3,5,,2,017,"EL POMAR DR","MOSS LN",68.00,E,N,A,-,N,,,,,,,,,,Y,3,0,3,1,A,-,08,22107,,N,E,J,A,A,H,-,A,D,0,,,,,Y,,D,22,0,3,0,0,0,0,0,0,0,"- ","- ",35.543559999999999,-120.70095000000001,"SAN LUIS OBISPO",UNINCORPORATED,-120.70093481000001,35.543616870000001
6925892,2015,2015-10-14,4004,2015-05-08,1632,1208,02,5,5,3,4004,0,0,0,,0,024,5TH,SPRING,0.00,,Y,A,-,N,,,,,,,,,,Y,4,0,1,3,A,-,03,22350,,N,C,C,A,A,H,-,A,D,0,,,,,Y,,A,01,0,0,1,0,0,0,0,0,0,"- ","- ",,,"SAN LUIS OBISPO","PASO ROBLES",-120.69078986,35.619420009999999
6926487,2015,2015-06-01,4004,2015-05-08,1704,0890,02,5,5,3,4004,0,0,0,,0,022,24TH,SPRING,0.00,,Y,A,-,N,,,,,,,,,,Y,4,0,1,2,A,-,09,21801,A,N,D,C,A,A,D,-,A,A,0,,,,,Y,,A,01,0,0,1,0,0,0,0,0,0,"- ","- ",,,"SAN LUIS OBISPO","PASO ROBLES",-120.69243987999999,35.639130020000003
6929650,2015,2015-10-09,4004,2015-05-11,1832,1189,04,1,5,3,4004,0,0,0,,0,045,RIVER,"OAK HILL",70.00,,N,A,-,N,,,,,,,,,,N,3,0,1,2,A,-,03,22350,,N,C,C,A,A,H,-,A,A,0,,,Y,,Y,,C,02,0,1,0,0,0,0,0,0,1,"- ","- ",,,"SAN LUIS OBISPO","PASO ROBLES",-120.6800999,35.613840009999997
6934793,2015,2015-07-13,9745,2015-06-23,2010,14996,,2,2,9,4000,0,2,4,,1,052,"THOMPSON AV","WINEMAN RD",1584.00,N,N,A,-,N,,,,,,,,,,Y,3,0,4,2,A,-,08,22107,,N,A,C,A,A,H,-,B,D,0,,,,,Y,,A,07,0,1,3,0,0,0,0,0,0,"- ","- ",35.002600000000001,-120.43839,"SAN LUIS OBISPO",UNINCORPORATED,-120.43838357,35.002544640000004
6935375,2015,2016-06-14,4008,2015-07-01,1639,3013,,3,5,4,4008,0,0,0,,0,,"TRAFFIC WY","LOLITA ST",0.00,,Y,A,-,N,,,,,,,,,,Y,3,0,1,2,A,-,03,22350,,N,C,C,A,A,-,-,-,D,0,,,Y,,Y,,C,02,0,1,0,0,0,0,0,0,1,"- ","- ",,,"SAN LUIS OBISPO",ATASCADERO,-120.66694990000001,35.50552004
6936373,2015,2015-06-17,4006,2015-05-01,1048,16380,,5,5,4,4006,0,0,0,,0,,CHORRO,PEACH,0.00,,Y,A,-,N,,,,,,,,,,N,4,0,1,2,A,-,09,21802,B,N,D,C,A,A,H,-,A,D,0,,,,,Y,,D,22,0,0,1,0,0,0,0,0,0,"- ","- ",,,"SAN LUIS OBISPO","SAN LUIS OBISPO",-120.66568989,35.283060030000001
6948873,2015,2016-09-30,9745,2015-05-26,1405,015144,,2,2,9,4000,0,1,3,,1,043,"RT 1","SHERIDAN RD",0.00,,Y,A,-,Y,SLO,5,1,-,-,5.570,H,-,N,Y,2,0,3,2,A,-,09,21802,A,N,D,C,A,A,H,-,A,A,0,,,,,Y,,A,01,1,0,2,0,0,0,0,0,0,"- ","- ",35.047359999999998,-120.57664,"SAN LUIS OBISPO",UNINCORPORATED,-120.5769264,35.047302700000003
6953103,2015,2016-11-03,9740,2015-05-16,0001,13246,,6,3,9,4000,0,1,3,,2,005,"RT 58","SUNSTORM LN",1320.00,W,N,A,-,Y,SLO,5,58,-,-,9.690,H,-,E,Y,4,0,1,1,A,-,08,22107,,N,E,I,A,A,H,-,D,D,0,,,,,Y,,A,01,0,0,1,0,0,0,0,0,0,"- ","- ",35.437399999999997,-120.5034,"SAN LUIS OBISPO",UNINCORPORATED,-120.50638084000001,35.436516419999997
6953165,2015,2015-06-17,4006,2015-05-19,1433,69585,,2,5,4,4006,0,0,0,,0,,"SANTA ROSA","MURRAY AV",57.00,S,N,A,-,N,,,,,,,,,,N,4,0,1,2,A,-,03,22350,,N,C,C,A,A,H,-,A,A,0,,,,,Y,,A,07,0,0,1,0,0,0,0,0,0,"- ","- ",,,"SAN LUIS OBISPO","SAN LUIS OBISPO",-120.66683292,35.290742960000003
6958992,2015,2017-01-05,9745,2015-06-12,1330,013937,,5,1,2,4005,0,1,2,,2,404,"RT 101","SPYGLASS DR",1584.00,S,N,B,-,Y,SLO,5,101,-,R,19.510,H,-,N,Y,4,0,1,3,A,-,03,22350,,N,C,C,A,A,H,-,A,D,1,,,,,Y,,A,01,0,0,1,0,0,0,0,0,0,"- ","- ",35.162190000000002,-120.68279,"SAN LUIS OBISPO","PISMO BEACH",-120.68221217999999,35.162000380000002
6972901,2015,2015-07-17,4006,2015-06-12,1603,16380,,5,5,4,4006,0,0,0,,0,,BROAD,AEROVISTA,0.00,,Y,A,-,N,,,,,,,,,,N,4,0,2,2,A,-,09,21802,A,N,D,C,A,A,H,-,A,D,0,,,Y,,Y,,A,01,0,0,2,0,0,0,0,0,2,"- ","- ",,,"SAN LUIS OBISPO","SAN LUIS OBISPO",-120.63991994,35.24311007
6972905,2015,2015-07-17,4006,2015-06-05,1447,80908,,5,5,4,4006,0,0,0,,0,,HATHWAY,"FREDERICKS ST",0.00,,Y,A,-,N,,,,,,,,,,N,3,0,2,3,A,-,08,22107,,N,A,C,A,A,B,-,A,D,0,,,,,Y,,A,07,0,1,1,0,0,0,0,0,0,"- ","- ",,,"SAN LUIS OBISPO","SAN LUIS OBISPO",-120.66147992,35.293149999999997
6974235,2015,2017-01-04,9745,2015-06-20,1713,17541,,6,2,9,4000,0,1,2,,2,404,"RT 101","SPYGLASS DR",1584.00,N,N,A,-,Y,SLO,5,101,-,R,20.130,H,-,S,Y,4,0,1,2,A,-,03,22350,,N,C,C,A,A,H,-,A,D,1,,,,,Y,,A,07,0,0,1,0,0,0,0,0,0,"- ","- ",35.166029999999999,-120.68953999999999,"SAN LUIS OBISPO",UNINCORPORATED,-120.69064117000001,35.167561560000003
6974354,2015,2015-07-13,9745,2015-06-20,1210,013531,,6,1,9,4000,0,2,4,,1,058,"ORCHARD AV","FAITH PL",0.00,,Y,A,-,N,,,,,,,,,,Y,4,0,1,2,A,-,09,21801,A,N,A,A,A,A,H,-,A,D,0,,,,,Y,,A,07,0,0,1,0,0,0,0,0,0,"- ","- ",35.008049999999997,-120.46692,"SAN LUIS OBISPO",UNINCORPORATED,-120.46689991,35.008070050000001
6977456,2015,2015-07-14,4006,2015-06-19,1327,14848,,5,5,4,4006,0,0,0,,0,,"TANK FARM",BROAD,550.00,W,N,A,-,N,,,,,,,,,,Y,4,0,1,3,A,-,03,22350,,N,C,C,A,A,H,-,A,A,0,,,,,Y,,D,22,0,0,1,0,0,0,0,0,0,"- ","- ",,,"SAN LUIS OBISPO","SAN LUIS OBISPO",-120.64469009,35.247713259999998
6983543,2015,2016-11-03,9740,2015-06-20,2215,16089,,6,3,9,4000,0,1,3,,2,005,"RT 58","PINAL AV",100.00,E,N,A,-,Y,SLO,5,58,-,-,1.560,H,-,W,Y,4,0,1,2,A,-,08,22107,,N,C,E,A,A,H,-,A,A,0,,,,,Y,,A,07,0,0,1,0,0,0,0,0,0,"- ","- ",35.392940000000003,-120.60557,"SAN LUIS OBISPO",UNINCORPORATED,-120.60569235,35.392787269999999
6987966,2015,2016-11-03,4004,2015-06-12,1926,1187,03,5,5,3,4004,0,0,0,,0,"3 4",AIRPORT,"RT 46",10.00,N,N,A,-,Y,SLO,5,46,-,-,32.145,I,6,W,N,4,0,1,2,A,-,03,22350,,N,C,C,A,A,G,-,A,A,0,,,,,Y,,A,01,0,0,1,0,0,0,0,0,0,"- ","- ",,,"SAN LUIS OBISPO","PASO ROBLES",-120.64331996999999,35.644619630000001
6990057,2015,2015-08-04,9745,2015-07-09,1520,016068,,4,2,9,4000,0,3,5,,2,002,"9TH ST","FERRELL AV",150.00,N,N,A,-,N,,,,,,,,,,Y,4,0,1,3,A,-,01,23152,A,N,C,E,A,A,H,-,A,D,0,,,,,Y,Y,A,01,0,0,1,0,0,0,0,0,0,"- ","- ",35.21228,-120.83320000000001,"SAN LUIS OBISPO",UNINCORPORATED,-120.83326042,35.312333160000001
6994165,2015,2017-01-13,9745,2015-07-19,0940,017238,,7,1,9,4000,0,1,2,,2,404,"RT 101","GRAND AV",1056.00,N,N,B,C,Y,SLO,5,101,-,-,29.970,H,-,S,Y,3,0,1,1,A,-,03,22350,,N,E,I,A,B,H,-,A,D,1,,,,,Y,,A,01,0,1,0,0,0,0,0,0,0,"- ","- ",35.123359999999998,-120.59043,"SAN LUIS OBISPO",UNINCORPORATED,-120.64987108,35.291903120000001
6994220,2015,2015-07-30,9740,2015-07-12,1200,13952,,7,1,9,4000,0,3,5,,2,022,"VINEYARD DR","JACK CREEK RD",13200.00,N,N,A,-,N,,,,,,,,,,Y,4,0,1,1,C,-,18,,,N,E,H,A,A,H,-,A,D,0,,,Y,,Y,,-,"- ",0,0,1,0,0,0,0,0,1,"- ","- ",,,"SAN LUIS OBISPO",UNINCORPORATED,-120.80324532,35.581714849999997
7014656,2015,2017-01-21,9740,2015-07-29,2005,15854,,3,2,9,4000,0,1,3,,2,007,"RT 41","HOMESTEAD RD",250.00,S,N,A,-,Y,SLO,5,41,-,-,20.020,H,-,S,Y,3,0,1,1,A,-,03,22350,,N,E,J,A,A,H,-,D,D,0,,,,,Y,,D,22,0,1,0,0,0,0,0,0,0,"- ","- ",35.510100000000001,-120.63890000000001,"SAN LUIS OBISPO",UNINCORPORATED,-120.63884168,35.510154020000002
7016688,2015,2015-08-17,4004,2015-07-09,2025,0901,02,4,5,3,4004,0,0,0,,0,028,"THEATER DR","THEATRE DR 2000 BLK",0.00,,N,A,-,N,,,,,,,,,,N,3,0,1,3,A,-,09,21804,A,M,H,A,A,A,H,-,A,D,0,,,Y,,Y,,A,01,0,1,0,0,0,0,0,0,1,"- ","- ",35.587130000000002,-120.69635,"SAN LUIS OBISPO","PASO ROBLES",-120.69635,35.587130000000002
7022151,2015,2015-08-20,4002,2015-07-24,2158,100,104,5,5,3,4002,0,0,0,,0,001,"W GRAND AV","S 16TH ST",0.00,,Y,A,-,N,,,,,,,,,,N,3,0,1,2,A,-,09,21801,A,N,G,G,A,A,H,-,C,A,0,,Y,,,Y,,A,01,0,1,0,0,0,0,1,0,0,"- ","- ",,,"SAN LUIS OBISPO","GROVER BEACH",-120.61159993,35.121070029999998
7026461,2015,2017-01-21,9745,2015-08-03,1815,016514,,1,2,9,4000,0,1,3,,1,011,"RT 41","CERRO ALTO RD",2640.00,S,N,A,-,Y,SLO,5,41,-,-,6.700,H,-,N,Y,4,0,1,2,A,-,08,22107,,N,E,I,A,A,H,-,A,D,0,,,,,Y,,D,22,0,0,1,0,0,0,0,0,0,"- ","- ",35.42839,-120.76005000000001,"SAN LUIS OBISPO",UNINCORPORATED,-120.75993106999999,35.428408959999999
7032351,2015,2015-09-14,4006,2015-08-14,0806,16380,,5,5,4,4006,0,0,0,,0,,BROAD,FIERO,0.00,,Y,A,-,N,,,,,,,,,,Y,4,0,2,2,A,-,09,21801,A,N,D,C,A,A,H,-,A,D,0,,,,,Y,,A,01,0,0,2,0,0,0,0,0,0,"- ","- ",,,"SAN LUIS OBISPO","SAN LUIS OBISPO",-120.64115991,35.244680070000001
7032371,2015,2015-09-14,4006,2015-08-06,1730,80908,,4,5,4,4006,0,0,0,,0,,INDUSTRIAL,BROAD,0.00,,Y,A,-,N,,,,,,,,,,N,4,0,1,2,A,-,05,21650,1,F,G,B,F,A,H,-,A,A,0,Y,Y,,,Y,,L,04,0,0,1,0,1,0,0,0,0,"- ","- ",,,"SAN LUIS OBISPO","SAN LUIS OBISPO",-120.64458996,35.25110007
7039397,2015,2017-01-13,9745,2015-08-16,1340,020229,,7,1,4,4006,0,1,2,,2,303,"RT 101","LOS OSOS VALLEY RD",500.00,N,N,A,-,Y,SLO,5,101,-,-,26.000,H,-,S,N,4,0,2,2,A,-,03,22350,,N,C,C,A,A,H,-,A,D,1,,,,,Y,,A,07,0,0,2,0,0,0,0,0,0,"- ","- ",35.223410000000001,-120.69329,"SAN LUIS OBISPO","SAN LUIS OBISPO",-120.68155173,35.245933290000004
7040401,2015,2017-01-13,9740,2015-08-16,0240,14543,,7,3,9,4000,0,1,3,,2,008,"RT 46","GRUENHAGEN FLAT RD",2112.00,E,N,A,-,Y,SLO,5,46,-,-,41.260,H,-,E,Y,3,0,3,2,A,-,01,23152,A,N,C,C,A,A,H,-,D,D,0,,,,,Y,Y,D,22,0,1,2,0,0,0,0,0,0,"- ","- ",35.659660000000002,-120.46978,"SAN LUIS OBISPO",UNINCORPORATED,-120.486076,35.659077580000002
7050780,2015,2015-09-18,4004,2015-07-31,1910,0901,01,5,5,3,4004,0,0,0,,0,011,OAK,"34TH ST",12.00,N,N,A,-,N,,,,,,,,,,N,3,0,1,2,A,-,08,22107,,F,D,G,A,A,H,-,A,A,0,,Y,,,Y,,D,22,0,1,0,0,0,0,1,0,0,"- ","- ",,,"SAN LUIS OBISPO","PASO ROBLES",-120.69459249000001,35.649562899999999
7071910,2015,2015-09-23,4004,2015-08-19,0945,0890,04,3,5,3,4004,0,0,0,,0,041,CRESTON,NIBLICK,0.00,,Y,A,-,N,,,,,,,,,,Y,3,0,2,2,A,-,12,21453,A,N,D,C,A,A,H,-,A,A,0,,,,,Y,,D,22,0,1,1,0,0,0,0,0,0,"- ","- ",,,"SAN LUIS OBISPO","PASO ROBLES",-120.65911995,35.615750050000003
7103301,2015,2015-11-09,4006,2015-10-07,1409,69585,,3,5,4,4006,0,0,0,,0,,"SANTA ROSA AV",MURRAY,298.00,S,N,A,-,N,,,,,,,,,,,4,0,1,2,A,-,03,22350,,N,C,C,A,A,H,-,A,D,0,,,,,Y,,A,01,0,0,1,0,0,0,0,0,0,"- ","- ",,,"SAN LUIS OBISPO","SAN LUIS OBISPO",-120.66656381,35.290139439999997
7108844,2015,2016-01-27,4004,2015-10-19,1708,1189,04,1,5,3,4004,0,0,0,,0,045,1ST,NIBLICK,0.00,,Y,A,-,N,,,,,,,,,,N,4,0,2,3,A,-,03,22350,,N,C,C,A,A,H,-,A,D,0,,,,,Y,,A,01,0,0,2,0,0,0,0,0,0,"- ","- ",,,"SAN LUIS OBISPO","PASO ROBLES",-120.69045996,35.615250109999998
7120010,2015,2015-11-20,4004,2015-11-01,2315,1277,02,7,5,3,4004,0,0,0,,0,027,"SOUTH VINE","KILER CANYON",1125.00,S,N,A,-,N,,,,,,,,,,Y,4,0,1,1,A,-,01,23152,A,N,E,I,A,A,H,-,C,D,0,,,,,Y,Y,A,01,0,0,1,0,0,0,0,0,0,"- ","- ",,,"SAN LUIS OBISPO","PASO ROBLES",-120.69283837,35.611094039999998
7122589,2015,2015-12-01,4006,2015-10-26,0849,88908,,1,5,4,4006,0,0,0,,0,,CALIFORNIA,FOOTHILL,444.00,S,N,A,-,N,,,,,,,,,,N,3,0,1,2,A,-,17,21209,A,N,D,C,A,A,H,-,A,D,0,,,Y,,Y,,C,02,0,1,0,0,0,0,0,0,1,"- ","- ",,,"SAN LUIS OBISPO","SAN LUIS OBISPO",-120.66301348,35.294038669999999
7124797,2015,2016-02-03,4001,2015-10-20,1437,P0106,"46 3",2,5,3,4001,0,0,0,,0,OPS,"ALDER ST","FAIR OAKS AV",12.00,N,N,A,-,N,,,,,,,,,,N,4,0,1,2,A,-,03,22350,,N,C,E,A,A,H,-,A,D,0,,,,,Y,,A,01,0,0,1,0,0,0,0,0,0,"- ","- ",,,"SAN LUIS OBISPO","ARROYO GRANDE",-120.59372983,35.112782959999997
7140621,2015,2015-12-21,4006,2015-11-28,1901,10030,,6,5,4,4006,0,0,0,,0,,"BROAD ST","LEFF ST",0.00,,Y,A,-,N,,,,,,,,,,N,4,0,1,2,A,-,09,21801,A,N,D,G,A,A,H,-,C,D,0,,Y,,,Y,,A,01,0,0,1,0,0,0,1,0,0,"- ","- ",,,"SAN LUIS OBISPO","SAN LUIS OBISPO",-120.66037987,35.274300029999999
7158503,2015,2016-02-18,4004,2015-12-31,1743,1208,3,4,5,3,4004,0,0,0,,0,312,CRESTON,"GOLDEN HILL",0.00,,Y,A,-,N,,,,,,,,,,Y,4,0,1,2,A,-,09,21801,A,N,D,C,A,A,H,-,C,A,0,,,,,Y,,A,01,0,0,1,0,0,0,0,0,0,"- ","- ",,,"SAN LUIS OBISPO","PASO ROBLES",-120.65968995,35.622280029999999
7170715,2015,2016-02-23,4001,2015-12-15,0830,P0106,46-3,2,5,3,4001,0,0,0,,0,OPERAT,"FARROLL AV","S HALCYON RD",45.00,W,N,A,-,N,,,,,,,,,,N,3,0,1,2,A,-,03,22350,,N,C,C,A,A,H,-,A,D,0,,,,,Y,,D,22,0,1,0,0,0,0,0,0,0,"- ","- ",,,"SAN LUIS OBISPO","ARROYO GRANDE",-120.59177042,35.11074