CASE_ID,ACCIDENT_YEAR,PROC_DATE,JURIS,COLLISION_DATE,COLLISION_TIME,OFFICER_ID,REPORTING_DISTRICT,DAY_OF_WEEK,CHP_SHIFT,POPULATION,CNTY_CITY_LOC,SPECIAL_COND,BEAT_TYPE,CHP_BEAT_TYPE,CITY_DIVISION_LAPD,CHP_BEAT_CLASS,BEAT_NUMBER,PRIMARY_RD,SECONDARY_RD,DISTANCE,DIRECTION,INTERSECTION,WEATHER_1,WEATHER_2,STATE_HWY_IND,CALTRANS_COUNTY,CALTRANS_DISTRICT,STATE_ROUTE,ROUTE_SUFFIX,POSTMILE_PREFIX,POSTMILE,LOCATION_TYPE,RAMP_INTERSECTION,SIDE_OF_HWY,TOW_AWAY,COLLISION_SEVERITY,NUMBER_KILLED,NUMBER_INJURED,PARTY_COUNT,PRIMARY_COLL_FACTOR,PCF_CODE_OF_VIOL,PCF_VIOL_CATEGORY,PCF_VIOLATION,PCF_VIOL_SUBSECTION,HIT_AND_RUN,TYPE_OF_COLLISION,MVIW,PED_ACTION,ROAD_SURFACE,ROAD_COND_1,ROAD_COND_2,LIGHTING,CONTROL_DEVICE,CHP_ROAD_TYPE,PEDESTRIAN_ACCIDENT,BICYCLE_ACCIDENT,MOTORCYCLE_ACCIDENT,TRUCK_ACCIDENT,NOT_PRIVATE_PROPERTY,ALCOHOL_INVOLVED,STWD_VEHTYPE_AT_FAULT,CHP_VEHTYPE_AT_FAULT,COUNT_SEVERE_INJ,COUNT_VISIBLE_INJ,COUNT_COMPLAINT_PAIN,COUNT_PED_KILLED,COUNT_PED_INJURED,COUNT_BICYCLIST_KILLED,COUNT_BICYCLIST_INJURED,COUNT_MC_KILLED,COUNT_MC_INJURED,PRIMARY_RAMP,SECONDARY_RAMP,LATITUDE,LONGITUDE,COUNTY,CITY,POINT_X,POINT_Y
7174884,2016,2016-03-07,4004,2016-01-21,0921,1208,03,4,5,3,4004,0,0,0,,0,3-10,CRESTON,"SHANNON HILL DR",150.00,W,N,B,-,N,,,,,,,,,,Y,4,0,1,2,A,-,09,21801,A,N,B,C,A,A,H,-,A,D,0,,,,,Y,,A,01,0,0,1,0,0,0,0,0,0,"- ","- ",,,"SAN LUIS OBISPO","PASO ROBLES",-120.67733862999999,35.628923460000003
7183639,2016,2017-02-07,4001,2016-01-17,1747,P090,463,7,5,3,4001,0,0,0,,0,OPERAT,"EL CAMINO REAL","EL CAMINO REAL 800",0.00,,Y,A,-,Y,SLO,5,101,-,-,13.680,R,4,S,N,4,0,2,2,A,-,03,22350,,F,C,C,A,A,H,-,C,A,0,,,,,Y,,A,01,0,0,2,0,0,0,0,0,0,"- ","- ",,,"SAN LUIS OBISPO","ARROYO GRANDE",-120.59227315,35.123837999999999
7196576,2016,2016-03-10,4006,2016-01-29,2326,76984,,5,5,4,4006,0,0,0,,0,,ELKS,"S HIGUERA",0.00,,Y,A,-,N,,,,,,,,,,N,3,0,1,2,A,-,21,22106,,N,D,G,A,A,H,-,C,A,0,,Y,,,Y,,A,01,0,1,0,0,0,0,1,0,0,"- ","- ",,,"SAN LUIS OBISPO","SAN LUIS OBISPO",-120.67043993999999,35.263710060000001
7203869,2016,2016-03-11,4006,2016-02-05,1305,16380,,5,5,4,4006,0,0,0,,0,,LAUREL,ORCUTT,146.00,N,N,A,-,N,,,,,,,,,,Y,4,0,2,2,A,-,03,22350,,N,C,C,A,A,H,-,A,D,0,,,,,Y,,A,07,0,0,2,0,0,0,0,0,0,"- ","- ",,,"SAN LUIS OBISPO","SAN LUIS OBISPO",-120.64327702,35.261723189999998
7203873,2016,2016-03-11,4006,2016-02-18,1544,55155,,4,5,4,4006,0,0,0,,0,,OSOS,PACIFIC,130.00,N,N,A,-,N,,,,,,,,,,N,3,0,1,2,A,-,08,22107,,N,B,G,A,A,H,-,A,D,0,,Y,,,Y,,A,01,0,1,0,0,0,0,1,0,0,"- ","- ",,,"SAN LUIS OBISPO","SAN LUIS OBISPO",-120.65971885,35.27992716
8003419,2016,2016-03-28,4006,2016-03-17,1752,15913,,4,5,4,4006,0,0,0,,0,,"LOS OSOS VALLEY",DESCANSO,0.00,,Y,A,-,N,,,,,,,,,,Y,3,0,3,2,A,-,01,23152,A,N,D,C,A,A,H,-,A,A,0,,,,,Y,Y,A,01,0,2,1,0,0,0,0,0,0,"- ","- ",,,"SAN LUIS OBISPO","SAN LUIS OBISPO",-120.70000992999999,35.264899999999997
8011646,2016,2016-04-11,4002,2016-04-01,1950,025,104,5,5,3,4002,0,0,0,,0,002,"W GRAND AV","S 16TH ST",21.00,E,N,A,-,N,,,,,,,,,,N,2,0,1,2,A,-,05,21650,1,N,D,G,A,A,H,-,C,A,0,,Y,,,Y,,L,04,1,0,0,0,0,0,1,0,0,"- ","- ",,,"SAN LUIS OBISPO","GROVER BEACH",-120.61152991,35.121066730000003
8013100,2016,2016-04-12,4005,2016-02-15,0139,P081,3,1,5,2,4005,0,0,0,,0,,POMEROY,CYPRESS,34.00,E,N,A,-,N,,,,,,,,,,N,3,0,1,2,A,-,03,22350,,N,G,B,E,A,H,-,C,D,0,Y,,,,Y,Y,A,01,0,1,0,0,1,0,0,0,0,"- ","- ",,,"SAN LUIS OBISPO","PISMO BEACH",-120.64220648,35.140093370000002
8018255,2016,2016-04-26,4008,2016-04-06,0758,3013,,3,5,4,4008,0,0,0,,0,,"CORONA RD","SANTA ANA RD",1360.00,S,N,A,-,N,,,,,,,,,,Y,3,0,1,2,A,-,05,21650,,N,A,C,A,-,H,-,A,D,0,,,,,Y,,A,01,0,1,0,0,0,0,0,0,0,"- ","- ",35.502920000000003,-120.72257999999999,"SAN LUIS OBISPO",ATASCADERO,-120.72571266,35.500684870000001
8031606,2016,2016-05-09,4006,2016-04-21,1215,69585,,4,5,4,4006,0,0,0,,0,,FOOTHILL,CRANDALL,39.00,W,N,A,-,N,,,,,,,,,,N,3,0,1,2,A,-,03,22350,,N,C,C,A,A,H,-,A,A,0,,Y,,,Y,,L,04,0,1,0,0,0,0,1,0,0,"- ","- ",,,"SAN LUIS OBISPO","SAN LUIS OBISPO",-120.66185120999999,35.296348399999999
8031608,2016,2016-05-09,4003,2016-02-12,1225,P1281,7,5,5,2,4003,0,0,0,,0,001,"NAPA AV","MORRO BAY BL",208.00,S,N,A,-,N,,,,,,,,,,N,3,0,1,2,A,-,13,22515,A,N,C,E,A,A,H,-,A,A,0,,,,,Y,,A,01,0,1,0,0,0,0,0,0,0,"- ","- ",,,"SAN LUIS OBISPO","MORRO BAY",-120.84768386,35.365368629999999
8043962,2016,2016-05-24,4008,2016-04-19,1530,3013,,2,5,4,4008,0,0,0,,0,,"TECORIDA AV","SAN ANDRES AV",412.00,N,N,A,-,N,,,,,,,,,,N,2,0,1,1,A,-,03,22350,,N,E,I,A,A,H,-,A,D,0,,,,,Y,,M,96,1,0,0,0,0,0,0,0,0,"- ","- ",35.480789999999999,-120.66529,"SAN LUIS OBISPO",ATASCADERO,-120.66530784,35.481903709999997
8046172,2016,2016-05-24,4001,2016-04-19,1220,P0106,462,2,5,3,4001,0,0,0,,0,,"RANCHO PKWY","WEST BRANCH ST",0.00,,Y,A,-,N,,,,,,,,,,N,4,0,1,2,A,-,03,22350,,F,C,C,A,A,H,-,A,A,0,,,,,Y,,A,01,0,0,1,0,0,0,0,0,0,"- ","- ",,,"SAN LUIS OBISPO","ARROYO GRANDE",-120.59560990999999,35.125820050000002
8053550,2016,2016-06-09,4006,2016-05-22,1835,80908,,7,5,4,4006,0,0,0,,0,,OCEANAIRE,AVALON,0.00,,Y,A,-,N,,,,,,,,,,Y,4,0,1,3,A,-,01,23152,A,N,B,E,A,A,H,-,A,D,0,,,,,Y,Y,D,22,0,0,1,0,0,0,0,0,0,"- ","- ",,,"SAN LUIS OBISPO","SAN LUIS OBISPO",-120.68907992,35.26412011
8059212,2016,2017-02-04,4005,2016-06-01,2225,P104,5,3,5,2,4005,0,0,0,,0,,"FIVE CITIES","RT 101",0.00,,Y,A,-,Y,SLO,5,101,-,-,16.110,R,4,S,N,3,0,1,2,A,-,12,21453,A,N,G,B,D,A,H,-,C,A,0,Y,,,,Y,,A,01,0,1,0,0,1,0,0,0,0,"- ",SF,,,"SAN LUIS OBISPO","PISMO BEACH",-120.63094072,35.138127920000002
8062094,2016,2016-06-30,4006,2016-05-31,1516,69585,,2,5,4,4006,0,0,0,,0,,HIGUERA,PRADO,0.00,,Y,A,-,N,,,,,,,,,,Y,3,0,1,2,A,-,12,21453,A,N,D,C,A,A,H,-,A,A,0,,,,,Y,,A,01,0,1,0,0,0,0,0,0,0,"- ","- ",,,"SAN LUIS OBISPO","SAN LUIS OBISPO",-120.66901993,35.254620060000001
8072284,2016,2017-02-04,4008,2016-06-18,1242,4080,,6,5,4,4008,0,0,0,,0,,"MORRO RD","MERCEDES AV",0.00,,Y,A,-,Y,SLO,5,41,-,R,16.925,I,5,S,Y,4,0,1,2,A,-,09,21804,B,N,D,C,A,A,H,-,A,D,0,,,Y,,Y,,A,01,0,0,1,0,0,0,0,0,1,"- ","- ",,,"SAN LUIS OBISPO",ATASCADERO,-120.65912548,35.499235149999997
8084656,2016,2016-07-25,4004,2016-06-25,1030,0657,01,6,5,3,4004,0,0,0,,0,"2    2",13TH,RIVERSIDE,3.00,E,N,A,-,N,,,,,,,,,,N,4,0,1,2,A,-,17,22109,,N,C,C,A,A,H,-,A,A,0,,,,,Y,,A,01,0,0,1,0,0,0,0,0,0,"- ","- ",35.636879999999998,-120.6545,"SAN LUIS OBISPO","PASO ROBLES",-120.68700994,35.627970650000002
8084719,2016,2016-07-25,4006,2016-07-11,1718,69585,,1,5,4,4006,0,0,0,,0,,"INDUSTRIAL AV",BROAD,38.00,E,N,A,-,N,,,,,,,,,,,4,0,1,2,A,-,03,22350,,N,C,C,A,A,H,-,A,A,0,,,,,Y,,D,22,0,0,1,0,0,0,0,0,0,"- ","- ",,,"SAN LUIS OBISPO","SAN LUIS OBISPO",-120.64447484,35.251144400000001
8104313,2016,2016-10-11,4006,2016-07-27,2010,48750,,3,5,4,4006,0,0,0,,0,,"S HIGUERA",MARGARITA,411.00,S,N,A,-,N,,,,,,,,,,Y,2,0,1,1,A,-,01,23152,E,N,E,I,A,A,H,-,B,D,0,,,Y,,Y,,C,03,1,0,0,0,0,0,0,0,1,"- ","- ",,,"SAN LUIS OBISPO","SAN LUIS OBISPO",-120.66874574000001,35.255933229999997
8115917,2016,2017-02-24,4006,2016-08-15,1630,16380,,1,5,4,4006,0,0,0,,0,,"LOS OSOS VALLEY","RT 101",59.00,N,N,A,-,Y,SLO,5,101,-,-,25.900,R,4,N,N,4,0,4,3,C,-,18,,,N,C,C,A,A,H,-,A,A,0,,,,,Y,,-,"- ",0,0,4,0,0,0,0,0,0,"- ",NO,34.143729999999998,-120.40543,"SAN LUIS OBISPO","SAN LUIS OBISPO",-120.68219791,35.244425630000002
8145361,2016,2016-11-01,4006,2016-09-14,0758,14848,,3,5,4,4006,0,0,0,,0,,MONTEREY,JOHNSON,31.00,W,N,A,-,N,,,,,,,,,,N,4,0,1,2,A,-,03,22350,,N,C,C,A,A,H,-,A,A,0,,,,,Y,,D,22,0,0,1,0,0,0,0,0,0,"- ","- ",35.284199999999998,-120.6574,"SAN LUIS OBISPO","SAN LUIS OBISPO",-120.65734997,35.284235680000002
8148052,2016,2016-10-18,4002,2016-09-16,1600,478,108,5,5,3,4002,0,0,0,,0,001,"N 4TH ST","OCEANVIEW AV",0.00,,Y,A,-,N,,,,,,,,,,N,4,0,1,2,D,-,00,,,N,D,G,A,A,H,-,A,A,0,,Y,,,Y,,-,"- ",0,0,1,0,0,0,1,0,0,"- ","- ",,,"SAN LUIS OBISPO","GROVER BEACH",-120.62588986,35.1292501
8149357,2016,2016-10-28,4006,2016-09-21,0904,69585,,3,5,4,4006,0,0,0,,0,,HIGUERA,VACHELL,0.00,,Y,A,-,N,,,,,,,,,,,3,0,1,2,A,-,09,21801,A,N,D,G,A,A,H,-,A,A,0,,Y,,,Y,,A,07,0,1,0,0,0,0,1,0,0,"- ","- ",35.143470000000001,-120.40331,"SAN LUIS OBISPO","SAN LUIS OBISPO",-120.67598999000001,35.243110080000001
8161905,2016,2016-11-15,4006,2016-10-26,1236,16380,,3,5,4,4006,0,0,0,,0,,OSOS,ISLAY,0.00,,Y,A,-,N,,,,,,,,,,Y,4,0,2,2,A,-,09,21802,A,N,D,C,A,A,H,-,A,A,0,,,,,Y,,A,07,0,0,2,0,0,0,0,0,0,"- ","- ",35.163530000000002,-120.39263,"SAN LUIS OBISPO","SAN LUIS OBISPO",-120.65736991999999,35.27733009
8172407,2016,2016-11-23,4001,2016-10-05,1726,P0131,463,3,5,3,4001,0,0,0,,0,OPERAT,GRAND,FAIRVIEW,0.00,,Y,A,-,N,,,,,,,,,,Y,4,0,2,2,A,-,09,21802,A,F,D,C,A,A,H,-,A,D,0,,,,,Y,,A,01,0,0,2,0,0,0,0,0,0,"- ","- ",,,"SAN LUIS OBISPO","ARROYO GRANDE",-120.60363986999999,35.12070009
8176516,2016,2016-12-01,4006,2016-10-12,0917,69585,,3,5,4,4006,0,0,0,,0,,GRAND,LOOMIS,0.00,,Y,A,-,N,,,,,,,,,,Y,4,0,1,2,A,-,09,21802,A,N,D,C,A,A,H,-,A,A,0,,,,,Y,,A,01,0,0,1,0,0,0,0,0,0,"- ","- ",35.173259999999999,-120.39116,"SAN LUIS OBISPO","SAN LUIS OBISPO",-120.65328992000001,35.292380110000003
8176831,2016,2016-12-01,4008,2016-11-08,0750,3013,,2,5,4,4008,0,0,0,,0,,"TRAFFIC WY","EL CAMINO REAL",0.00,,Y,A,-,N,,,,,,,,,,Y,4,0,1,2,A,-,03,22350,,N,C,C,A,A,H,-,A,A,0,,,,,Y,,D,22,0,0,1,0,0,0,0,0,0,"- ","- ",35.489370000000001,-120.67031,"SAN LUIS OBISPO",ATASCADERO,-120.67039987,35.489370100000002
8186595,2016,2016-12-21,4006,2016-11-10,1150,16380,,4,5,4,4006,0,0,0,,0,,FOOTHILL,ROSITA,87.00,E,N,A,-,N,,,,,,,,,,Y,4,0,2,2,A,-,21,22106,,N,B,C,A,A,H,-,A,D,0,,,,,Y,,A,01,0,0,2,0,0,0,0,0,0,"- ","- ",,,"SAN LUIS OBISPO","SAN LUIS OBISPO",-120.68431853,35.294147279999997
8193177,2016,2016-12-27,4004,2016-12-15,1942,0376,01,4,5,3,4004,0,0,0,,0,015,"VINE ST","17TH ST",5.00,S,N,C,-,N,,,,,,,,,,Y,4,0,2,2,A,-,03,22350,,N,C,C,A,B,H,-,C,A,0,,,,,Y,Y,A,01,0,0,2,0,0,0,0,0,0,"- ","- ",,,"SAN LUIS OBISPO","PASO ROBLES",-120.69436895,35.63171629
8281935,2016,2017-03-06,4006,2016-12-12,0957,69585,,1,5,4,4006,0,0,0,,0,,"SANTA ROSA",FOOTHILL,90.00,N,N,A,-,Y,SLO,5,1,-,-,17.350,H,-,S,Y,3,0,1,2,A,-,09,21802,A,N,D,C,A,A,H,-,A,A,0,,,,,Y,,A,01,0,1,0,0,0,0,0,0,0,"- ","- ",35.173969999999997,-120.40056,"SAN LUIS OBISPO","SAN LUIS OBISPO",-120.66812098,35.294155310000001
8308592,2017,2017-02-17,4006,2017-01-17,2009,66493,,2,5,4,4006,0,0,0,,0,,BROAD,ORCUTT,480.00,S,N,A,-,N,,,,,,,,,,N,3,0,1,2,A,-,09,21804,A,N,D,G,A,A,H,-,C,D,0,,Y,,,Y,,A,01,0,1,0,0,0,0,1,0,0,"- ","- ",35.155909999999999,-120.33929000000001,"SAN LUIS OBISPO","SAN LUIS OBISPO",-120.64911739,35.260152230000003
8311638,2017,2017-03-06,4001,2017-01-13,1518,P0134,463,5,5,3,4001,0,0,0,,0,OPERAT,"S HALCYON RD","THE PIKE",0.00,,Y,B,-,N,,,,,,,,,,Y,3,0,1,3,A,-,03,22350,,N,C,C,A,A,H,-,A,D,0,,,,,Y,,A,01,0,1,0,0,0,0,0,0,0,"- ","- ",,,"SAN LUIS OBISPO","ARROYO GRANDE",-120.59164994,35.106350069999998
8328851,2017,2017-04-03,4006,2017-02-15,1414,80908,,3,5,4,4006,0,0,0,,0,,BROAD,AEROVISTA,0.00,,Y,A,-,N,,,,,,,,,,Y,4,0,1,2,A,-,09,21802,A,N,D,C,A,A,H,-,A,A,0,,,,,Y,,A,01,0,0,1,0,0,0,0,0,0,"- ","- ",35.243070000000003,-120.63992,"SAN LUIS OBISPO","SAN LUIS OBISPO",-120.63991994,35.24311007
8338700,2017,2017-04-07,4006,2017-03-14,2352,67850,,2,5,4,4006,0,0,0,,0,,MADONNA,"MADONNA INN ENTRANCE",187.00,W,N,A,-,N,,,,,,,,,,Y,4,0,1,2,A,-,21,22106,,N,H,C,A,A,H,-,C,A,0,,,,,Y,,A,01,0,0,1,0,0,0,0,0,0,"- ","- ",35.264189999999999,-120.67635,"SAN LUIS OBISPO","SAN LUIS OBISPO",-120.67625284,35.264217410000001
8353193,2017,2017-06-10,4006,2017-03-29,1645,80908,,3,5,4,4006,0,0,0,,0,,MARSH,BROAD,0.00,,Y,A,-,N,,,,,,,,,,N,3,0,1,2,A,-,03,22350,,N,B,G,A,A,H,-,A,A,0,,Y,,Y,Y,,L,04,0,1,0,0,0,0,1,0,0,"- ","- ",35.276020000000003,-120.66386,"SAN LUIS OBISPO","SAN LUIS OBISPO",-120.66380993999999,35.278109999999998
8353896,2017,2017-05-01,4001,2017-03-12,2130,P0110,462,7,5,3,4001,0,0,0,,0,OPERAT,"RODEO DR","GRACE LN",450.00,S,N,A,-,N,,,,,,,,,,Y,3,0,1,1,A,-,01,23152,F,N,E,I,A,A,H,-,C,D,0,,,,,Y,Y,A,01,0,1,0,0,0,0,0,0,0,"- ","- ",,,"SAN LUIS OBISPO","ARROYO GRANDE",-120.58952970999999,35.126798809999997
8353908,2017,2017-05-01,4001,2017-03-27,1459,P0136,463,1,5,3,4001,0,0,0,,0,OPERAT,"ASH ST","COURTLAND ST",0.00,,Y,A,-,N,,,,,,,,,,Y,4,0,1,2,A,-,09,21801,A,N,D,C,A,A,H,-,A,A,0,,,,,Y,,A,01,0,0,1,0,0,0,0,0,0,"- ","- ",,,"SAN LUIS OBISPO","ARROYO GRANDE",-120.60704997000001,35.114730000000002
8362469,2017,2018-03-16,4006,2017-04-20,2319,49251,SLO,4,5,4,4006,0,0,0,,0,ZONE1,"RT 1",FOOTHILL,0.00,,Y,A,-,Y,SLO,5,1,-,-,17.341,I,5,N,Y,3,0,2,2,A,-,12,21453,A,N,D,C,A,A,H,-,C,-,0,,,,,Y,,A,07,0,1,1,0,0,0,0,0,0,"- ","- ",35.294040000000003,-120.66779,"SAN LUIS OBISPO","SAN LUIS OBISPO",-120.66788317,35.294112079999998
8375639,2017,2017-06-13,4006,2017-05-21,1011,60235,,7,5,4,4006,0,0,0,,0,,FOOTHILL,CASA,0.00,,Y,A,-,N,,,,,,,,,,N,3,0,1,2,A,-,09,21802,A,N,D,C,A,A,H,-,A,A,0,,,Y,,Y,,A,01,0,1,0,0,0,0,0,0,1,"- ","- ",35.294310000000003,-120.66580999999999,"SAN LUIS OBISPO","SAN LUIS OBISPO",-120.66582990000001,35.29431005
8380753,2017,2017-06-06,4006,2017-05-11,1515,80908,,4,5,4,4006,0,0,0,,0,,FOOTHILL,CASA,0.00,,Y,A,-,N,,,,,,,,,,Y,4,0,1,2,A,-,09,21802,A,N,D,C,A,A,H,-,A,A,0,,,,,Y,,A,01,0,0,1,0,0,0,0,0,0,"- ","- ",35.294319999999999,-120.66584,"SAN LUIS OBISPO","SAN LUIS OBISPO",-120.66582990000001,35.29431005
8394240,2017,2017-07-14,4006,2017-05-05,1626,65419,SLO,5,5,4,4006,0,0,0,,0,,MADONNA,"SOUTH HIGUERA",225.00,W,N,A,-,N,,,,,,,,,,Y,3,0,1,2,A,-,09,21801,A,N,B,C,A,A,H,-,A,D,0,,,,,Y,,A,01,0,1,0,0,0,0,0,0,0,"- ","- ",35.160029999999999,-120.4021,"SAN LUIS OBISPO","SAN LUIS OBISPO",-120.67104845999999,35.26784473
8404821,2018,2018-06-19,4004,2018-01-26,1242,1208,01,5,5,3,4004,0,0,0,,0,"1 4",21ST,SPRING,0.00,,Y,A,-,N,,,,,,,,,,Y,1,1,0,2,A,-,03,22350,,N,G,B,B,A,H,-,A,D,0,Y,,,,Y,,D,22,0,0,0,1,0,0,0,0,0,"- ","- ",,,"SAN LUIS OBISPO","PASO ROBLES",-120.69217681884766,35.636039733886719
8408578,2017,2017-07-31,4002,2017-07-08,1018,338,104,6,5,3,4002,0,0,0,,0,,"1800 E BLOCK GRAND AV","GRAND AV",0.00,,Y,A,-,N,,,,,,,,,,N,4,0,1,2,A,-,03,22350,,N,C,C,A,A,H,-,A,A,0,,,,,Y,,A,01,0,0,1,0,0,0,0,0,0,"- ","- ",,,"SAN LUIS OBISPO","GROVER BEACH",,
8465559,2018,2020-05-26,4004,2018-05-26,0222,1349,02,6,5,3,4004,0,0,0,,0,"3 12",CRESTON,"GOLDEN HILL",0.00,,Y,A,-,N,,,,,,,,,,Y,1,1,0,1,A,-,01,23152,A,N,E,I,A,A,H,-,C,A,0,,,,,Y,Y,A,01,0,0,0,0,0,0,0,0,0,"- ","- ",,,"SAN LUIS OBISPO","PASO ROBLES",-120.65969085693359,35.622280120849609
8465917,2018,2019-07-12,4004,2018-12-05,1854,1208,,3,5,3,4004,0,0,0,,0,,"RIVER RD","RIVER OAKS DR",493.00,S,N,B,-,N,,,,,,,,,,Y,1,1,0,2,A,-,11,21956,A,N,G,B,E,B,H,-,D,D,0,Y,,,,Y,,N,60,0,0,0,1,0,0,0,0,0,"- ","- ",,,"SAN LUIS OBISPO","PASO ROBLES",-120.68228149414062,35.643650054931641
8478576,2017,2017-11-15,4001,2017-09-07,0822,P082,461,4,5,3,4001,0,0,0,,0,OPERAT,"FAIR OAKS AV","VALLEY RD",478.00,W,N,A,-,N,,,,,,,,,,Y,4,0,1,2,A,-,09,21804,,N,B,C,A,A,H,-,A,D,0,,,,,Y,,A,01,0,0,1,0,0,0,0,0,0,"- ","- ",,,"SAN LUIS OBISPO","ARROYO GRANDE",-120.58368238,35.115357260000003
8479692,2017,2017-11-09,4004,2017-10-16,1604,0657,024-2,1,5,3,4004,0,0,0,,0,173497,CRESTON,CEDARWOOD,8.00,S,N,A,-,N,,,,,,,,,,N,3,0,1,2,A,-,10,21950,A,N,G,B,B,A,H,-,A,A,0,Y,,,,Y,,A,01,0,1,0,0,1,0,0,0,0,"- ","- ",,,"SAN LUIS OBISPO","PASO ROBLES",-120.65898983,35.607368030000004
8484046,2017,2017-11-16,4008,2017-10-08,0930,4012,,7,5,4,4008,0,0,0,,0,,"PORTOLA RD","SAN MARCOS RD",180.00,N,N,A,-,N,,,,,,,,,,Y,3,0,1,2,A,-,09,21801,A,N,D,C,A,A,H,-,A,D,0,,,Y,,Y,,A,01,0,1,0,0,0,0,0,0,1,"- ","- ",35.475679999999997,-120.67944,"SAN LUIS OBISPO",ATASCADERO,-120.67965601,35.476176010000003
8486922,2017,2017-12-04,4006,2017-10-17,0743,14848,,2,5,4,4006,0,0,0,,0,,JOHNSON,ORCUTT,269.00,N,N,A,-,N,,,,,,,,,,Y,4,0,2,2,A,-,09,21804,A,N,B,C,A,A,H,-,A,A,0,,,,,Y,,A,07,0,0,2,0,0,0,0,0,0,"- ","- ",35.262300000000003,-120.3659,"SAN LUIS OBISPO","SAN LUIS OBISPO",-120.63585967,35.262208710000003
8491579,2017,2017-12-05,4006,2017-10-30,1712,62657,,1,5,4,4006,0,0,0,,0,,BROAD,BRANCH,0.00,,Y,A,-,N,,,,,,,,,,Y,2,0,1,2,A,-,03,22350,,N,D,C,A,A,H,-,A,A,0,,,Y,,Y,,C,02,1,0,0,0,0,0,0,0,1,"- ","- ",35.270249999999997,-120.657,"SAN LUIS OBISPO","SAN LUIS OBISPO",-120.65699997999999,35.270269999999996
8500732,2017,2017-12-06,4003,2017-10-02,1227,F2780,5,1,5,2,4003,0,0,0,,0,001,"SOUTH BAY BL","STATE PARK RD",0.00,,Y,A,-,N,,,,,,,,,,Y,2,0,4,2,A,-,01,23153,A,N,F,C,A,A,H,-,A,A,0,,,,,Y,Y,A,07,1,1,2,0,0,0,0,0,0,"- ","- ",,,"SAN LUIS OBISPO","MORRO BAY",-120.82808,35.355050110000001
8504665,2018,2018-08-01,4008,2018-01-07,1918,2032,,7,5,4,4008,0,0,0,,0,,"SANTA ROSA RD","E FRONT RD",0.00,,Y,B,-,Y,SLO,5,101,-,-,44.160,R,4,N,Y,2,0,1,2,A,-,01,23153,A,N,A,C,A,A,H,-,C,A,0,,,,,Y,Y,A,01,1,0,0,0,0,0,0,0,0,"- ","- ",35.466098785400391,-120.6510009765625,"SAN LUIS OBISPO",ATASCADERO,-120.65269470214844,35.467830657958984
8506542,2017,2018-06-19,4008,2017-11-20,1644,3125,,1,5,4,4008,0,0,0,,0,,"MORRO RD","SANTA YSABEL AV",37.00,W,N,A,-,Y,SLO,5,41,-,R,16.050,H,-,N,N,4,0,2,2,A,-,03,22350,,N,C,C,A,A,H,-,B,A,0,,,,,Y,,A,01,0,0,2,0,0,0,0,0,0,"- ","- ",35.4861,-120.66485,"SAN LUIS OBISPO",ATASCADERO,-120.66413063,35.487431489999999
8508531,2017,2018-01-27,4004,2017-11-15,1834,0376,02,3,5,3,4004,0,0,0,,0,,"SOUTH RIVER RD","NIBLICK RD",114.00,S,N,A,-,N,,,,,,,,,,N,4,0,1,2,A,-,03,22350,,M,C,C,A,A,H,-,C,A,0,,,,,Y,,A,01,0,0,1,0,0,0,0,0,0,"- ","- ",,,"SAN LUIS OBISPO","PASO ROBLES",-120.6802252,35.614709019999999
8510956,2017,2017-12-26,4006,2017-11-28,0958,16380,,2,5,4,4006,0,0,0,,0,,"LOS OSOS VALLEY","FROOM RANCH",0.00,,Y,A,-,N,,,,,,,,,,N,4,0,1,2,A,-,08,21717,,N,D,G,A,A,H,-,A,D,0,,Y,,,Y,,D,22,0,0,1,0,0,0,1,0,0,"- ","- ",35.150939999999999,-120.41162,"SAN LUIS OBISPO","SAN LUIS OBISPO",-120.68763998,35.252530020000002
8524711,2017,2018-01-03,4001,2017-11-24,1233,P0114,463,5,5,3,4001,0,0,0,,0,OPERAT,"EAST GRAND AV","EL CAMINO REAL",136.00,W,N,A,-,N,,,,,,,,,,Y,3,0,1,1,A,-,08,22107,,N,E,I,A,A,H,-,A,D,0,,,,,Y,,A,01,0,1,0,0,0,0,0,0,0,"- ","- ",,,"SAN LUIS OBISPO","ARROYO GRANDE",-120.58430851,35.121182490000002
8526961,2017,2018-01-12,4002,2017-12-21,1733,338,108,4,5,3,4002,0,0,0,,0,,"N OAK PARK BL","ATLANTIC CITY AV",0.00,,Y,A,-,N,,,,,,,,,,Y,3,0,1,2,A,-,09,21802,A,N,B,C,A,A,H,-,C,A,0,,,,,Y,,A,07,0,1,0,0,0,0,0,0,0,"- ","- ",,,"SAN LUIS OBISPO","GROVER BEACH",-120.60872988,35.126779999999997
8537776,2017,2018-02-10,4004,2017-12-11,1732,1201,4,1,5,3,4004,0,0,0,,0,041,CRESTON,"ROLLING HILLS",450.00,W,N,A,-,N,,,,,,,,,,N,4,0,1,3,A,-,03,22350,,N,C,C,A,A,H,-,D,D,0,,,,,Y,,A,01,0,0,1,0,0,0,0,0,0,"- ","- ",,,"SAN LUIS OBISPO","PASO ROBLES",-120.66564592,35.623924700000003
8538771,2018,2018-08-01,4004,2018-01-16,1035,1208,1,2,5,3,4004,0,0,0,,0,013,"RT 46 E","RT 101",0.00,,Y,B,-,Y,SLO,5,101,-,-,57.800,R,4,N,Y,4,0,1,2,A,-,12,21453,A,N,D,C,A,A,H,-,A,A,0,,,,,Y,,A,01,0,0,1,0,0,0,0,0,0,"- ",NF,,,"SAN LUIS OBISPO","PASO ROBLES",-120.68431091308594,35.6409912109375
8549654,2018,2018-08-01,4006,2018-01-23,0755,89870,,2,5,4,4006,0,0,0,,0,,"LOS OSOS VALLEY OVERPASS","RT 101",369.00,W,N,A,-,Y,SLO,5,101,-,-,25.830,R,4,N,Y,3,0,1,2,A,-,03,22350,,N,C,C,A,A,H,-,A,D,0,,,,,Y,,A,01,0,1,0,0,0,0,0,0,0,"- ","- ",35.143970489501953,-120.45558166503906,"SAN LUIS OBISPO","SAN LUIS OBISPO",-120.6827392578125,35.243526458740234