CASE_ID,ACCIDENT_YEAR,PROC_DATE,JURIS,COLLISION_DATE,COLLISION_TIME,OFFICER_ID,REPORTING_DISTRICT,DAY_OF_WEEK,CHP_SHIFT,POPULATION,CNTY_CITY_LOC,SPECIAL_COND,BEAT_TYPE,CHP_BEAT_TYPE,CITY_DIVISION_LAPD,CHP_BEAT_CLASS,BEAT_NUMBER,PRIMARY_RD,SECONDARY_RD,DISTANCE,DIRECTION,INTERSECTION,WEATHER_1,WEATHER_2,STATE_HWY_IND,CALTRANS_COUNTY,CALTRANS_DISTRICT,STATE_ROUTE,ROUTE_SUFFIX,POSTMILE_PREFIX,POSTMILE,LOCATION_TYPE,RAMP_INTERSECTION,SIDE_OF_HWY,TOW_AWAY,COLLISION_SEVERITY,NUMBER_KILLED,NUMBER_INJURED,PARTY_COUNT,PRIMARY_COLL_FACTOR,PCF_CODE_OF_VIOL,PCF_VIOL_CATEGORY,PCF_VIOLATION,PCF_VIOL_SUBSECTION,HIT_AND_RUN,TYPE_OF_COLLISION,MVIW,PED_ACTION,ROAD_SURFACE,ROAD_COND_1,ROAD_COND_2,LIGHTING,CONTROL_DEVICE,CHP_ROAD_TYPE,PEDESTRIAN_ACCIDENT,BICYCLE_ACCIDENT,MOTORCYCLE_ACCIDENT,TRUCK_ACCIDENT,NOT_PRIVATE_PROPERTY,ALCOHOL_INVOLVED,STWD_VEHTYPE_AT_FAULT,CHP_VEHTYPE_AT_FAULT,COUNT_SEVERE_INJ,COUNT_VISIBLE_INJ,COUNT_COMPLAINT_PAIN,COUNT_PED_KILLED,COUNT_PED_INJURED,COUNT_BICYCLIST_KILLED,COUNT_BICYCLIST_INJURED,COUNT_MC_KILLED,COUNT_MC_INJURED,PRIMARY_RAMP,SECONDARY_RAMP,LATITUDE,LONGITUDE,COUNTY,CITY,POINT_X,POINT_Y
8560549,2018,2018-02-28,4006,2018-02-02,0916,16380,,5,5,4,4006,0,0,0,,0,,ORCUTT,BULLOCK,6.00,E,N,A,-,N,,,,,,,,,,N,3,0,1,2,A,-,10,21950,A,N,G,B,B,A,H,-,A,A,0,Y,,,,Y,,A,01,0,1,0,0,1,0,0,0,0,"- ","- ",35.154079437255859,-120.38365173339844,"SAN LUIS OBISPO","SAN LUIS OBISPO",-120.64373779296875,35.261314392089844
8561201,2018,2018-02-23,4001,2018-01-07,1457,P0138,46-1,7,5,3,4001,0,0,0,,0,OPERAT,"ORO DR","HUASNA RD",0.00,,Y,A,-,N,,,,,,,,,,Y,4,0,1,3,A,-,09,21801,A,N,D,C,A,A,H,-,A,D,0,,,,,Y,,A,01,0,0,1,0,0,0,0,0,0,"- ","- ",,,"SAN LUIS OBISPO","ARROYO GRANDE",-120.56687927246094,35.127639770507812
8581190,2018,2018-03-29,4006,2018-02-18,1230,67850,,7,5,4,4006,0,0,0,,0,,"LOS OSOS VALLEY RD","CALLE JOAQUIN",242.00,N,N,A,-,N,,,,,,,,,,,4,0,1,2,A,-,03,22350,,N,C,C,A,A,H,-,A,D,0,,,,,Y,,D,22,0,0,1,0,0,0,0,0,0,"- ","- ",35.247398376464844,-120.68350219726562,"SAN LUIS OBISPO","SAN LUIS OBISPO",-120.68333435058594,35.247344970703125
8582907,2018,2018-03-26,4006,2018-03-08,1157,80908,,4,5,4,4006,0,0,0,,0,,HIGUERA,SUBURBAN,0.00,,Y,A,-,N,,,,,,,,,,Y,2,0,2,2,A,-,08,22102,,N,D,C,A,A,H,-,A,A,0,,,,,Y,,A,01,1,1,0,0,0,0,0,0,0,"- ","- ",35.243961334228516,-120.67534637451172,"SAN LUIS OBISPO","SAN LUIS OBISPO",-120.67539978027344,35.244029998779297
8588591,2018,2018-04-06,4004,2018-03-21,1447,1208,01,3,5,3,4004,0,0,0,,0,014,21ST,SPRING,0.00,,Y,C,-,N,,,,,,,,,,Y,4,0,1,2,A,-,09,21802,A,N,D,C,A,B,H,-,A,A,0,,,,,Y,,D,22,0,0,1,0,0,0,0,0,0,"- ","- ",,,"SAN LUIS OBISPO","PASO ROBLES",-120.69217681884766,35.636039733886719
8609022,2018,2018-05-04,4006,2018-04-03,1430,16382,,2,5,4,4006,0,0,0,,0,,"SANTA BARBARA",BROAD,0.00,,Y,A,-,N,,,,,,,,,,Y,2,0,1,2,A,-,12,21453,A,N,G,G,A,A,H,-,A,A,0,,Y,,,Y,,L,04,1,0,0,0,0,0,1,0,0,"- ","- ",,,"SAN LUIS OBISPO","SAN LUIS OBISPO",-120.65653991699219,35.269809722900391
8611010,2018,2018-05-11,4006,2018-04-17,0544,20008,SLD,2,5,4,4006,0,0,0,,0,,"SANTA ROSA",HIGUERA,9.00,S,N,A,-,N,,,,,,,,,,Y,4,0,1,1,A,-,07,21658,A,N,A,I,A,A,H,-,B,A,0,,,,,Y,,-,,0,0,1,0,0,0,0,0,0,"- ","- ",35.165451049804688,-120.39337921142578,"SAN LUIS OBISPO","SAN LUIS OBISPO",-120.65937805175781,35.281951904296875
8615617,2018,2018-07-27,4001,2018-03-08,1151,P0106,462,4,5,3,4001,0,0,0,,0,OPERAT,"N OAK PARK BL","WEST BRANCH ST",0.00,,Y,A,-,Y,SLO,5,101,-,-,14.304,R,4,N,N,3,0,1,1,B,-,22,,,N,H,A,A,A,B,-,A,A,0,,,Y,,Y,,O,05,0,1,0,0,0,0,0,0,1,"- ","- ",,,"SAN LUIS OBISPO","ARROYO GRANDE",-120.60167694091797,35.128562927246094
8631699,2018,2018-06-07,4006,2018-05-07,1523,32625,,1,5,4,4006,0,0,0,,0,,"SANTA ROSA",MILL,0.00,,Y,A,-,N,,,,,,,,,,N,3,0,1,2,A,-,05,21650,1,N,D,G,A,A,H,-,A,A,0,,Y,,,Y,,L,04,0,1,0,0,0,0,1,0,0,"- ","- ",35.284400939941406,-120.66140747070312,"SAN LUIS OBISPO","SAN LUIS OBISPO",-120.66146850585938,35.284320831298828
8632894,2018,2018-06-12,4006,2018-05-13,1015,77891,,7,5,4,4006,0,0,0,,0,,HIGUERA,CHORRO,0.00,,Y,A,-,N,,,,,,,,,,N,4,0,1,2,D,-,00,,,F,G,B,B,A,H,-,A,A,0,Y,,,,Y,,-,"- ",0,0,1,0,1,0,0,0,0,"- ","- ",,,"SAN LUIS OBISPO","SAN LUIS OBISPO",-120.66291809082031,35.279880523681641
8634914,2018,2018-06-15,4008,2018-05-26,1545,4080,,6,5,4,4008,0,0,0,,0,,"EL CAMINO REAL","SAN ANSELMO RD",0.00,,Y,A,-,N,,,,,,,,,,Y,4,0,1,2,A,-,12,21453,A,N,D,C,A,A,H,-,A,A,0,,,,,Y,,A,01,0,0,1,0,0,0,0,0,0,"- ","- ",35.499519348144531,-120.68318176269531,"SAN LUIS OBISPO",ATASCADERO,-120.68321990966797,35.499488830566406
8635744,2018,2018-06-26,4006,2018-05-26,1259,65419,SLO,6,5,4,4006,0,0,0,,0,,ORCUTT,SACRAMENTO,0.00,,Y,A,-,N,,,,,,,,,,Y,4,0,4,3,A,-,08,22107,,N,B,C,A,A,H,-,A,D,0,,,,,Y,,A,01,0,0,4,0,0,0,0,0,0,"- ","- ",35.757038116455078,-120.38482666015625,"SAN LUIS OBISPO","SAN LUIS OBISPO",-120.64613342285156,35.261280059814453
8656205,2018,2018-07-30,4006,2018-06-21,1656,16380,,4,5,4,4006,0,0,0,,0,,"FROOM RANCH","LOS OSOS VALLEY",0.00,,Y,A,-,N,,,,,,,,,,Y,4,0,3,2,A,-,12,21453,A,N,A,C,A,A,H,-,A,A,0,,,,,Y,,A,01,0,0,3,0,0,0,0,0,0,"- ","- ",35.252620697021484,-120.6876220703125,"SAN LUIS OBISPO","SAN LUIS OBISPO",-120.68763732910156,35.252529144287109
8662477,2018,2018-07-31,4005,2018-06-02,1124,P105,4,6,5,2,4005,0,0,0,,0,,"PRICE ST","MATTIE RD",968.00,N,N,A,-,N,,,,,,,,,,Y,4,0,2,2,A,-,03,22350,,N,C,C,A,A,H,-,A,D,0,,,,,Y,,A,01,0,0,2,0,0,0,0,0,0,"- ","- ",,,"SAN LUIS OBISPO","PISMO BEACH",-120.65764617919922,35.151615142822266
8665542,2018,2018-07-26,4001,2018-06-22,1743,P0114,46-2,5,5,3,4001,0,0,0,,0,OPERAT,"WEST BRANCH ST","RANCHO PKWY",230.00,E,N,A,-,N,,,,,,,,,,Y,4,0,1,3,A,-,03,22350,,N,C,C,A,A,H,-,A,A,0,,,,,Y,,A,07,0,0,1,0,0,0,0,0,0,"- ","- ",,,"SAN LUIS OBISPO","ARROYO GRANDE",-120.59492492675781,35.125530242919922
8667329,2018,2018-10-25,4004,2018-07-18,0131,1307,01,3,5,3,4004,0,0,0,,0,1-4,"24TH ST","RT 101",75.00,W,N,A,-,Y,SLO,5,101,-,-,58.060,R,4,S,Y,4,0,1,1,A,-,03,22350,,N,E,J,A,A,H,-,C,A,0,,,,,Y,,A,07,0,0,1,0,0,0,0,0,0,"- ",SO,35.638500213623047,-120.68401336669922,"SAN LUIS OBISPO","PASO ROBLES",-120.68632507324219,35.644462585449219
8668825,2018,2018-08-09,4004,2018-06-30,1706,0430,02,6,5,3,4004,0,0,0,,0,023,13TH,"S RIVER",18.00,W,N,A,-,N,,,,,,,,,,N,4,0,1,2,A,-,03,22350,,N,C,C,A,A,H,-,A,A,0,,,,,Y,,D,22,0,0,1,0,0,0,0,0,0,"- ","- ",35.636878967285156,-120.65450286865234,"SAN LUIS OBISPO","PASO ROBLES",-120.68323516845703,35.62908935546875
8668837,2018,2018-08-08,4004,2018-07-13,2215,1189,03,5,5,3,4004,0,0,0,,0,311,"GOLDEN HILL","ROLLING HILL",0.00,,Y,A,-,N,,,,,,,,,,Y,4,0,1,2,A,-,12,22450,A,N,D,C,A,A,H,-,C,D,0,,,,,Y,,A,01,0,0,1,0,0,0,0,0,0,"- ","- ",,,"SAN LUIS OBISPO","PASO ROBLES",-120.65799713134766,35.634239196777344
8673224,2018,2018-07-30,4006,2018-06-18,0912,62657,,1,5,4,4006,0,0,0,,0,,"SANTA ROSA ST","PISMO ST",0.00,,Y,A,-,N,,,,,,,,,,N,4,0,1,2,D,-,00,,,N,D,G,A,A,H,-,A,A,0,,Y,,,Y,,-,"- ",0,0,1,0,0,0,1,0,0,"- ","- ",35.279659271240234,-120.65734100341797,"SAN LUIS OBISPO","SAN LUIS OBISPO",-120.65741729736328,35.279670715332031
8676594,2018,2018-10-19,4006,2018-07-16,1325,59980,,1,5,4,4006,0,0,0,,0,,"RT 227",AEROVISTA,0.00,,Y,A,-,N,,,,,,,,,,N,4,0,1,2,A,-,09,21802,A,N,D,C,A,A,H,-,A,A,0,,,,,Y,,A,01,0,0,1,0,0,0,0,0,0,"- ","- ",35.145679473876953,-120.38384246826172,"SAN LUIS OBISPO","SAN LUIS OBISPO",-120.63992,35.243110000000001
8679452,2018,2018-08-14,4003,2018-05-02,1640,N9704,2,3,5,2,4003,0,0,0,,0,001,"MAIN ST","PACIFIC ST",0.00,,Y,A,-,N,,,,,,,,,,Y,3,0,1,2,A,-,09,21802,A,N,D,C,A,A,H,-,A,A,0,,,,,Y,,A,01,0,1,0,0,0,0,0,0,0,"- ","- ",,,"SAN LUIS OBISPO","MORRO BAY",-120.85000610351562,35.364971160888672
8687880,2018,2018-10-16,4008,2018-08-02,2200,3113,,4,5,4,4008,0,0,0,,0,,"OLD MORRO RD","SAN MIGUEL RD",1259.00,N,N,A,-,N,,,,,,,,,,Y,3,0,1,1,A,-,03,22350,,N,F,A,A,A,H,-,D,D,0,,,,,Y,,A,01,0,1,0,0,0,0,0,0,0,"- ","- ",35.454238891601562,-120.71479034423828,"SAN LUIS OBISPO",ATASCADERO,-120.71098327636719,35.453163146972656
8687992,2018,2018-08-29,4008,2018-07-20,2003,3113,,5,5,4,4008,0,0,0,,0,,"SYCAMORE RD","CAPISTRANO AV",916.00,S,N,A,-,N,,,,,,,,,,N,3,0,1,1,A,-,03,22350,,N,F,A,A,A,H,-,A,D,0,,Y,,,Y,,L,04,0,1,0,0,0,0,1,0,0,"- ","- ",35.501300811767578,-120.662109375,"SAN LUIS OBISPO",ATASCADERO,-120.65972900390625,35.499832153320312
8688000,2018,2018-08-29,4008,2018-07-01,1557,3543,,7,5,4,4008,0,0,0,,0,,"SAN ANDRES AV","MIRA FLORES AV",40.00,S,N,A,-,N,,,,,,,,,,Y,3,0,1,1,A,-,03,22350,,N,E,I,A,A,H,-,A,D,0,,,,,Y,Y,A,01,0,1,0,0,0,0,0,0,0,"- ","- ",35.483341217041016,-120.67630004882812,"SAN LUIS OBISPO",ATASCADERO,-120.67628479003906,35.483390808105469
8700562,2018,2018-11-27,4004,2018-09-02,2331,1307,02,7,5,3,4004,0,0,0,,0,2-7,"RT 46","RT 101",51.00,W,N,A,-,Y,SLO,5,46,-,R,21.955,I,5,W,Y,3,0,1,1,A,-,01,23152,B,N,E,I,A,A,H,-,C,A,0,,,,,Y,,D,22,0,1,0,0,0,0,0,0,0,"- ",SO,,,"SAN LUIS OBISPO","PASO ROBLES",-120.69610595703125,35.589431762695312
8732530,2018,2018-11-15,4008,2018-10-31,1120,3125,,3,5,4,4008,0,0,0,,0,,"WEST MALL","EL CAMINO REAL",0.00,,Y,A,-,N,,,,,,,,,,Y,4,0,1,2,A,-,12,21453,A,N,D,C,A,A,H,-,A,A,0,,,,,Y,,A,01,0,0,1,0,0,0,0,0,0,"- ","- ",35.488498687744141,-120.66857147216797,"SAN LUIS OBISPO",ATASCADERO,-120.66860961914062,35.488479614257812
8732868,2018,2018-11-20,4008,2018-11-05,0805,3125,,1,5,4,4008,0,0,0,,0,,"COROMAR AV","MONTURA LN",134.00,N,N,A,-,N,,,,,,,,,,N,3,0,1,2,A,-,06,21760,C,F,H,G,A,A,H,-,A,D,0,,Y,,,Y,,-,99,0,1,0,0,0,0,1,0,0,"- ","- ",35.472511291503906,-120.65825653076172,"SAN LUIS OBISPO",ATASCADERO,-120.65867614746094,35.472675323486328
8732989,2018,2019-01-10,4008,2018-10-13,1200,5011,,6,5,4,4008,0,0,0,,0,,"MORRO RD","SAN GABRIEL RD",1592.00,W,N,A,-,Y,SLO,5,41,-,-,13.910,H,-,S,N,4,0,1,1,C,-,18,,,N,H,H,A,A,H,-,A,D,0,,,Y,,Y,,-,"- ",0,0,1,0,0,0,0,0,1,"- ","- ",35.462760925292969,-120.675048828125,"SAN LUIS OBISPO",ATASCADERO,-120.67945861816406,35.459888458251953
8741014,2018,2018-11-19,4006,2018-10-21,1924,67256,4006,7,5,4,4006,0,0,0,,0,,HIGUERA,NIPOMO,0.00,,Y,A,-,N,,,,,,,,,,Y,4,0,2,2,A,-,01,23153,A,N,C,C,A,A,H,-,C,A,0,,,,,Y,Y,A,01,0,0,2,0,0,0,0,0,0,"- ","- ",35.278148651123047,-120.66510772705078,"SAN LUIS OBISPO","SAN LUIS OBISPO",-120.66573333740234,35.278129577636719
8760184,2018,2019-01-11,4008,2018-12-03,0813,3125,,1,5,4,4008,0,0,0,,0,,"MORRO RD","RT 101",190.00,W,N,A,-,N,,,41,,,,,,,Y,4,0,1,2,A,-,09,21804,A,N,D,C,A,A,D,-,A,D,0,,,,,Y,,A,01,0,0,1,0,0,0,0,0,0,"- ",SO,35.484859466552734,-120.66522216796875,"SAN LUIS OBISPO",ATASCADERO,-120.66522979736328,35.48486328125
8765506,2018,2019-01-04,4006,2018-11-12,1320,55155,,1,5,4,4006,0,0,0,,0,,JOHNSON,MONTEREY,0.00,,Y,A,-,N,,,,,,,,,,N,3,0,2,3,A,-,08,22107,,N,G,B,B,A,H,-,A,A,0,Y,,,,Y,,D,22,0,1,1,0,2,0,0,0,0,"- ","- ",35.284221649169922,-120.65718841552734,"SAN LUIS OBISPO","SAN LUIS OBISPO",-120.65727233886719,35.284290313720703
8783800,2018,2019-01-29,4006,2018-12-09,1018,62657,,7,5,4,4006,0,0,0,,0,,CALIFORNIA,PALM,8.00,N,N,A,-,N,,,,,,,,,,N,4,0,1,2,A,-,03,22350,,N,D,G,A,A,H,-,A,A,0,,Y,,,Y,,L,04,0,0,1,0,0,0,1,0,0,"- ","- ",35.286811828613281,-120.65532684326172,"SAN LUIS OBISPO","SAN LUIS OBISPO",-120.65524291992188,35.286819458007812
8786892,2019,2019-02-08,4004,2019-01-10,0741,1305,,4,5,3,4004,0,0,0,,0,,"16TH ST","PARK ST",9.00,E,N,B,-,N,,,,,,,,,,,4,0,2,3,A,-,10,21950,A,N,G,B,B,B,H,-,A,A,0,Y,,,,Y,,A,01,0,0,2,0,2,0,0,0,0,"- ","- ",,,"SAN LUIS OBISPO","PASO ROBLES",-120.69043731689453,35.630931854248047
8803288,2019,2019-02-22,4006,2019-01-31,1640,68370,,4,5,4,4006,0,0,0,,0,,"TORO BTW MONTEREY AND PALM",TORO,18.00,E,N,A,-,N,,,,,,,,,,N,4,0,1,2,A,-,11,21954,A,F,G,B,D,A,H,-,A,D,0,Y,,,,Y,,N,60,0,0,1,0,1,0,0,0,0,"- ","- ",35.283859252929688,-120.65898132324219,"SAN LUIS OBISPO","SAN LUIS OBISPO",-120.65898132324219,35.283859252929688
8803300,2019,2019-02-22,4006,2019-01-16,0821,62657,,3,5,4,4006,0,0,0,,0,,MONTALBAN,"SANTA ROSA",2.00,E,N,A,-,N,,,,,,,,,,N,3,0,1,2,A,-,10,21950,A,N,G,B,B,B,H,-,A,A,0,Y,,,,Y,,A,01,0,1,0,0,1,0,0,0,0,"- ","- ",35.288341522216797,-120.66487121582031,"SAN LUIS OBISPO","SAN LUIS OBISPO",-120.66495513916016,35.288337707519531
8803459,2019,2019-02-27,4001,2019-01-24,0735,P0123,"46  1",4,5,3,4001,0,0,0,,0,OPERAT,"FAIR OAKS AV","VALLEY RD",375.00,E,N,A,-,N,,,,,,,,,,N,4,0,1,2,A,-,09,21804,A,N,D,C,A,A,H,-,A,D,0,,,,,Y,,A,01,0,0,1,0,0,0,0,0,0,"- ","- ",,,"SAN LUIS OBISPO","ARROYO GRANDE",-120.58165740966797,35.116947174072266
8803467,2019,2019-05-08,4001,2019-01-28,1421,P0146,"46  3",1,5,3,4001,0,0,0,,0,OPERAT,"RT 101","EAST GRAND AV",0.00,,Y,A,-,Y,SLO,5,101,-,-,13.060,R,4,N,Y,4,0,1,2,A,-,12,21453,A,N,D,C,A,A,H,-,A,A,0,,,,,Y,,A,01,0,0,1,0,0,0,0,0,0,"- ","- ",,,"SAN LUIS OBISPO","ARROYO GRANDE",-120.581787109375,35.120914459228516
8814889,2019,2019-03-07,4008,2019-02-15,0939,3125,,5,5,4,4008,0,0,0,,0,,"EL CAMINO REAL","PUEBLO AV",0.00,,Y,B,-,N,,,,,,,,,,Y,4,0,2,2,A,-,09,21802,A,N,D,C,A,B,H,-,A,A,0,,,,,Y,,A,01,0,0,2,0,0,0,0,0,0,"- ","- ",35.4805908203125,-120.65827941894531,"SAN LUIS OBISPO",ATASCADERO,-120.658203125,35.480461120605469
8815700,2019,2019-03-13,4008,2019-02-25,1105,3125,,1,5,4,4008,0,0,0,,0,,"ATASCADERO AV","NAVAJOA AV",222.00,S,N,A,-,N,,,,,,,,,,N,4,0,1,2,A,-,03,22350,,N,G,B,E,A,H,-,A,D,0,Y,,,,Y,,A,07,0,0,1,0,1,0,0,0,0,"- ","- ",35.482521057128906,-120.66770935058594,"SAN LUIS OBISPO",ATASCADERO,-120.66721343994141,35.481983184814453
8829436,2019,2019-04-03,4008,2019-03-13,1258,2030,,3,5,4,4008,0,0,0,,0,,"CURBARIL AV","EL CAMINO REAL",66.00,E,N,A,-,N,,,,,,,,,,Y,4,0,1,2,A,-,01,23152,G,N,C,C,A,A,H,-,A,A,0,,,,,Y,Y,A,01,0,0,1,0,0,0,0,0,0,"- ","- ",35.477569580078125,-120.65640258789062,"SAN LUIS OBISPO",ATASCADERO,-120.65608215332031,35.477615356445312
8833113,2019,2019-04-10,4006,2019-02-11,1138," 62657",,1,5,4,4006,0,0,0,,0,,UPHAM,"BROAD ST",8.00,E,N,A,-,N,,,,,,,,,,N,4,0,1,2,A,-,10,21950,A,N,G,B,B,A,H,-,A,A,0,Y,,,,Y,,A,01,0,0,1,0,1,0,0,0,0,"- ","- ",35.271999359130859,-120.65799713134766,"SAN LUIS OBISPO","SAN LUIS OBISPO",-120.65895843505859,35.272762298583984
8833117,2019,2019-04-10,4006,2019-02-19,2122,60659,,2,5,4,4006,0,0,0,,0,,MARSH,GARDEN,0.00,,Y,A,-,N,,,,,,,,,,Y,4,0,1,2,A,-,07,21658,A,N,B,C,A,A,H,-,C,D,0,,,,,Y,,A,01,0,0,1,0,0,0,0,0,0,"- ","- ",35.278701782226562,-120.66280364990234,"SAN LUIS OBISPO","SAN LUIS OBISPO",-120.66287231445312,35.278701782226562
8846800,2019,2019-08-27,4008,2019-04-27,1445,5151,,6,5,4,4008,0,0,0,,0,,"MORRO RD","OLD MORRO RD",153.00,E,N,A,-,Y,SLO,5,41,-,-,12.620,H,-,N,Y,2,0,1,1,A,-,08,22107,,N,E,I,A,A,H,-,A,D,0,,,,,Y,,A,01,1,0,0,0,0,0,0,0,0,"- ","- ",35.451229095458984,-120.69732666015625,"SAN LUIS OBISPO",ATASCADERO,-120.69705963134766,35.450721740722656
8856656,2019,2019-05-16,4008,2019-04-24,1242,5151,,3,5,4,4008,0,0,0,,0,,"EL CAMINO REAL","PUEBLO AV",400.00,N,N,A,-,N,,,,,,,,,,Y,4,0,1,2,A,-,09,21804,A,N,D,C,A,A,H,-,A,D,0,,,,,Y,,A,01,0,0,1,0,0,0,0,0,0,"- ","- ",35.4805908203125,-120.65827941894531,"SAN LUIS OBISPO",ATASCADERO,-120.65885162353516,35.481418609619141
8861529,2019,2019-05-23,4008,2019-05-02,1540,3125,,4,5,4,4008,0,0,0,,0,,"EL CAMINO REAL","EAST MALL",19.00,N,N,A,-,N,,,,,,,,,,N,4,0,1,2,A,-,09,21804,A,N,H,G,A,A,H,-,A,D,0,,Y,,,Y,,L,04,0,0,1,0,0,0,1,0,0,"- ","- ",35.488079071044922,-120.66783905029297,"SAN LUIS OBISPO",ATASCADERO,-120.66791534423828,35.488128662109375
8882771,2019,2019-07-10,4006,2019-05-03,0822,22467,,5,5,4,4006,0,0,0,,0,,"SANTA ROSA",MONTALBAN,0.00,,Y,A,-,N,,,,,,,,,,N,4,0,1,2,A,-,05,21650,1,N,D,G,A,A,H,-,A,A,0,,Y,,,Y,,L,04,0,0,1,0,0,0,1,0,0,"- ","- ",,,"SAN LUIS OBISPO","SAN LUIS OBISPO",-120.66498,35.288330000000002
8882969,2019,2019-07-23,4006,2019-05-22,1705,69585,,3,5,4,4006,0,0,0,,0,,HIGUERA,"LOS OSOS VALLEY RD",0.00,,Y,-,-,N,,,,,,,,,,Y,4,0,2,2,A,-,12,21453,A,N,A,C,A,-,-,-,-,A,0,,,,,Y,,A,07,0,0,2,0,0,0,0,0,0,"- ","- ",35.143199920654297,-120.40360260009766,"SAN LUIS OBISPO","SAN LUIS OBISPO",-120.67669677734375,35.242008209228516
8888177,2019,2019-07-08,4004,2019-05-18,1523,575,,6,5,3,4004,0,0,0,,0,,"13TH ST","SPRING ST",135.00,E,N,B,-,N,,,,,,,,,,Y,3,0,1,2,A,-,08,22107,,N,D,C,A,A,D,-,A,A,0,,,Y,,Y,,A,01,0,1,0,0,0,0,0,0,1,"- ","- ",35.627731323242188,-120.69155883789062,"SAN LUIS OBISPO","PASO ROBLES",-120.6910400390625,35.627758026123047
8897210,2019,2019-07-19,4006,2019-06-08,1913,65419,,6,5,4,4006,0,0,0,,0,,HIGUERA,OSOS,177.00,W,N,A,-,N,,,,,,,,,,Y,3,0,1,2,A,-,08,22100,B,N,B,C,A,A,H,-,A,D,0,,,Y,,Y,,A,01,0,1,0,0,0,0,0,0,1,"- ","- ",35.163101196289062,-120.39402008056641,"SAN LUIS OBISPO","SAN LUIS OBISPO",-120.66127014160156,35.2808837890625
8911071,2020,2022-06-18,4002,2020-01-21,1859,368,,2,5,3,4002,0,0,0,,0,,"N OAK PARK BL","BRIGHTON AV",0.00,,N,A,-,N,,,,,,,,,,Y,1,1,0,2,A,-,11,21954,A,N,-,B,D,A,H,-,C,D,0,Y,,,,Y,Y,N,60,0,0,0,1,0,0,0,0,0,"- ","- ",,,"SAN LUIS OBISPO","GROVER BEACH",-120.60897827148438,35.123359680175781
8914287,2019,2019-08-19,4001,2019-07-05,1725,P0139,46-3,5,5,3,4001,0,0,0,,0,OPERAT,"EAST GRAND AV","N ELM ST",80.00,W,N,A,-,N,,,,,,,,,,Y,4,0,1,5,A,-,03,22350,,N,C,C,A,A,H,-,A,A,0,,,,,Y,,E,22,0,0,1,0,0,0,0,0,0,"- ","- ",,,"SAN LUIS OBISPO","ARROYO GRANDE",-120.60071563720703,35.12054443359375
8915789,2019,2019-08-14,4003,2019-03-07,1254,S6616,8,4,5,2,4003,0,0,0,,0,002,BONITA,GREENWOOD,25.00,W,N,A,-,N,,,,,,,,,,N,2,0,1,1,A,-,13,22515,A,N,E,I,A,A,H,-,A,D,0,,,,,Y,,A,07,1,0,0,0,0,0,0,0,0,"- ","- ",,,"SAN LUIS OBISPO","MORRO BAY",-120.85443878173828,35.387241363525391
8915975,2019,2019-08-19,4005,2019-06-12,1737,P090,6,3,5,2,4005,0,0,0,,0,,"DOLLIVER ST","STIMSON AV",75.00,N,N,B,-,N,,,,,,,,,,N,4,0,1,3,A,-,03,22350,,N,C,C,A,A,H,-,A,D,0,,,,,Y,,A,07,0,0,1,0,0,0,0,0,0,"- ","- ",,,"SAN LUIS OBISPO","PISMO BEACH",-120.64004516601562,35.139476776123047
8924416,2019,2019-10-28,4004,2019-08-03,1601,1307,4004,6,5,3,4004,0,0,0,,0,3-12,"GOLDEN HILL RD","RED RIVER DR",143.00,S,N,A,-,N,,,,,,,,,,Y,4,0,1,2,A,-,09,21800,A,N,D,C,A,A,H,-,A,D,0,,,,,Y,,A,01,0,0,1,0,0,0,0,0,0,"- ","- ",35.623760223388672,-120.65915679931641,"SAN LUIS OBISPO","PASO ROBLES",-120.65923309326172,35.623355865478516
8931917,2019,2019-09-19,4004,2019-08-12,1856,1351,,1,5,3,4004,0,0,0,,0,,"RIVER RD","NAVAJO AV",122.00,N,N,A,-,N,,,,,,,,,,Y,3,0,2,2,A,-,08,22107,,N,D,C,A,A,H,-,A,D,0,,,,,Y,,D,22,0,1,1,0,0,0,0,0,0,"- ","- ",35.618011474609375,-120.68028259277344,"SAN LUIS OBISPO","PASO ROBLES",-120.68028259277344,35.618366241455078
8939547,2019,2021-05-20,4008,2019-07-06,2157,2113,,6,5,4,4008,0,0,0,,0,,"MORRO RD","OLD MORRO RD",100.00,E,N,A,-,Y,SLO,5,41,-,-,12.570,H,-,N,Y,1,1,0,2,A,-,03,22350,,N,E,I,A,A,H,-,D,D,0,,,Y,,Y,Y,C,02,0,0,0,0,0,0,0,1,0,"- ","- ",35.451229095458984,-120.69732666015625,"SAN LUIS OBISPO",ATASCADERO,-120.69792938232422,35.450702667236328
8942265,2019,2019-10-16,4004,2019-09-20,0835,1208,,5,5,3,4004,0,0,0,,0,,"COMMERCE WY","SHERWOOD RD",0.00,,Y,A,-,N,,,,,,,,,,N,3,0,1,2,A,-,10,21950,A,N,G,B,B,A,H,-,A,A,0,Y,,,,Y,,A,01,0,1,0,0,1,0,0,0,0,"- ","- ",35.6156005859375,-120.65239715576172,"SAN LUIS OBISPO","PASO ROBLES",-120.65232086181641,35.615779876708984