CASE_ID,ACCIDENT_YEAR,PROC_DATE,JURIS,COLLISION_DATE,COLLISION_TIME,OFFICER_ID,REPORTING_DISTRICT,DAY_OF_WEEK,CHP_SHIFT,POPULATION,CNTY_CITY_LOC,SPECIAL_COND,BEAT_TYPE,CHP_BEAT_TYPE,CITY_DIVISION_LAPD,CHP_BEAT_CLASS,BEAT_NUMBER,PRIMARY_RD,SECONDARY_RD,DISTANCE,DIRECTION,INTERSECTION,WEATHER_1,WEATHER_2,STATE_HWY_IND,CALTRANS_COUNTY,CALTRANS_DISTRICT,STATE_ROUTE,ROUTE_SUFFIX,POSTMILE_PREFIX,POSTMILE,LOCATION_TYPE,RAMP_INTERSECTION,SIDE_OF_HWY,TOW_AWAY,COLLISION_SEVERITY,NUMBER_KILLED,NUMBER_INJURED,PARTY_COUNT,PRIMARY_COLL_FACTOR,PCF_CODE_OF_VIOL,PCF_VIOL_CATEGORY,PCF_VIOLATION,PCF_VIOL_SUBSECTION,HIT_AND_RUN,TYPE_OF_COLLISION,MVIW,PED_ACTION,ROAD_SURFACE,ROAD_COND_1,ROAD_COND_2,LIGHTING,CONTROL_DEVICE,CHP_ROAD_TYPE,PEDESTRIAN_ACCIDENT,BICYCLE_ACCIDENT,MOTORCYCLE_ACCIDENT,TRUCK_ACCIDENT,NOT_PRIVATE_PROPERTY,ALCOHOL_INVOLVED,STWD_VEHTYPE_AT_FAULT,CHP_VEHTYPE_AT_FAULT,COUNT_SEVERE_INJ,COUNT_VISIBLE_INJ,COUNT_COMPLAINT_PAIN,COUNT_PED_KILLED,COUNT_PED_INJURED,COUNT_BICYCLIST_KILLED,COUNT_BICYCLIST_INJURED,COUNT_MC_KILLED,COUNT_MC_INJURED,PRIMARY_RAMP,SECONDARY_RAMP,LATITUDE,LONGITUDE,COUNTY,CITY,POINT_X,POINT_Y
8947725,2019,2019-10-25,4004,2019-09-24,0902,1349,,2,5,3,4004,0,0,0,,0,,"RIVERSIDE AV","24TH ST",300.00,N,N,A,-,N,,,,,,,,,,N,3,0,1,2,A,-,08,22107,,N,C,E,A,A,H,-,A,D,0,,,,Y,Y,,A,07,0,1,0,0,0,0,0,0,0,"- ","- ",35.639801025390625,-120.68814849853516,"SAN LUIS OBISPO","PASO ROBLES",-120.68827819824219,35.640602111816406
8949325,2019,2019-10-28,4004,2019-09-10,1615,1208,,2,5,3,4004,0,0,0,,0,,"NIBLICK RD","RIVER RD",0.00,,Y,A,-,N,,,,,,,,,,Y,4,0,1,2,A,-,12,21453,A,N,D,C,A,A,H,-,A,A,0,,,,,Y,,A,01,0,0,1,0,0,0,0,0,0,"- ","- ",35.614509582519531,-120.68048095703125,"SAN LUIS OBISPO","PASO ROBLES",-120.68026733398438,35.615020751953125
8958742,2019,2019-11-01,4008,2019-10-02,1844,5011,,3,5,4,4008,0,0,0,,0,,"TRAFFIC WY","EL CAMINO REAL",0.00,,Y,A,-,N,,,,,,,,,,N,3,0,1,2,A,-,12,21453,A,N,G,G,A,A,H,-,A,A,0,,Y,,,Y,,L,04,0,1,0,0,0,0,1,0,0,"- ","- ",35.489368438720703,-120.67031097412109,"SAN LUIS OBISPO",ATASCADERO,-120.67040252685547,35.489368438720703
8964224,2019,2020-09-24,4005,2019-08-31,1450,P085,11,6,5,2,4005,0,0,0,,0,,"4TH ST","RT 101",27.00,W,N,A,-,Y,SLO,5,101,-,-,15.760,R,4,N,N,4,0,2,2,A,-,08,22107,,N,B,C,A,A,H,-,A,A,0,,,,,Y,,A,01,0,0,2,0,0,0,0,0,0,"- ",NO,,,"SAN LUIS OBISPO","PISMO BEACH",-120.62493133544922,35.137107849121094
8967907,2019,2019-11-15,4004,2019-10-15,1201,1349,,2,5,3,4004,0,0,0,,0,,"PASO ROBLES ST","13TH ST",1847.00,S,N,A,-,N,,,,,,,,,,Y,3,0,1,2,A,-,09,21801,A,N,D,C,A,A,H,-,A,D,0,,,,,Y,,D,22,0,1,0,0,0,0,0,0,0,"- ","- ",35.628070831298828,-120.68580627441406,"SAN LUIS OBISPO","PASO ROBLES",-120.68529510498047,35.623008728027344
8972654,2019,2019-11-18,4006,2019-09-30,1743,65419,2,1,5,4,4006,0,0,0,,0,,"LOS OSOS VALLEY RD","CALLE JOAQUIN",125.00,N,N,A,-,N,,,,,,,,,,N,4,0,1,2,A,-,04,21703,,N,C,C,A,A,H,-,A,A,0,,,,,Y,,A,07,0,0,1,0,0,0,0,0,0,"- ","- ",35.144760131835938,-120.40585327148438,"SAN LUIS OBISPO","SAN LUIS OBISPO",-120.68318939208984,35.247047424316406
8977370,2019,2019-11-26,4006,2019-08-21,0240,97574,,3,5,4,4006,0,0,0,,0,,LUNETA,"TASSAJARA S",142.00,E,-,A,-,N,,,,,,,,,,Y,3,0,1,2,A,-,01,23152,A,N,F,E,A,A,H,-,C,D,0,,,,,Y,Y,A,01,0,1,0,0,0,0,0,0,0,"- ","- ",35.291339874267578,-120.67759704589844,"SAN LUIS OBISPO","SAN LUIS OBISPO",-120.67759704589844,35.291336059570312
8985571,2019,2020-09-14,4003,2019-11-16,1750,H9596,11,6,5,2,4003,0,0,0,,0,002,"RT 1","SAN JACINTO",0.00,,Y,A,-,Y,SLO,5,1,-,-,31.170,H,-,S,Y,4,0,1,4,A,-,01,23152,A,N,C,C,A,A,H,-,C,A,0,,,,,Y,Y,A,07,0,0,1,0,0,0,0,0,0,"- ","- ",,,"SAN LUIS OBISPO","MORRO BAY",-120.86084747314453,35.39434814453125
8998028,2019,2019-12-18,4006,2019-10-29,1842,98137,,2,5,4,4006,0,0,0,,0,,"LOS OSOS VALLEY",DESCANSO,0.00,,Y,A,-,N,,,,,,,,,,Y,4,0,1,2,A,-,09,21801,A,N,A,C,A,A,H,-,C,A,0,,,,,Y,,A,01,0,0,1,0,0,0,0,0,0,"- ","- ",35.264778137207031,-120.69998931884766,"SAN LUIS OBISPO","SAN LUIS OBISPO",-120.70001220703125,35.264900207519531
8998176,2019,2020-01-13,4006,2019-11-15,1858,68045,,5,5,4,4006,0,0,0,,0,,"LOS OSOS VALLEY","CALLE JOAQUIN",18.00,N,N,A,-,N,,,,,,,,,,Y,4,0,1,2,A,-,09,21801,A,N,D,C,A,A,H,-,C,A,0,,,,,Y,,A,08,0,0,1,0,0,0,0,0,0,"- ","- ",35.246650695800781,-120.68316650390625,"SAN LUIS OBISPO","SAN LUIS OBISPO",-120.68305206298828,35.246776580810547
90015000,2015,2015-10-19,9740,2015-08-16,1235,013952,,7,1,9,4000,0,1,3,,2,011,"STATE ROUTE 46W","OLD CREEK RD",0.00,,Y,A,-,Y,,,46,,,,,,,Y,3,0,3,2,A,-,09,21802,A,N,D,C,A,A,H,-,A,A,0,,,,,Y,,D,22,0,2,1,0,0,0,0,0,0,"- ","- ",35.533990000000003,-120.8595,"SAN LUIS OBISPO",UNINCORPORATED,-120.8594755,35.533943649999998
90015730,2015,2015-10-19,9745,2015-09-04,1750,014996,,5,2,2,4005,0,1,2,,2,404,US-101,"PRICE ST",3696.00,N,N,A,-,Y,,,101,,,,,,,Y,4,0,2,4,A,-,03,22350,,N,C,C,A,A,H,-,A,D,0,,,,,Y,,A,01,0,0,2,0,0,0,0,0,0,"- ","- ",35.154949999999999,-120.66452,"SAN LUIS OBISPO","PISMO BEACH",-120.66453586999999,35.154909400000001
90015837,2015,2015-12-03,9740,2015-09-04,1602,15854,,5,2,9,4000,0,3,5,,2,017,"RAMADA DR","MAIN ST",75.00,N,N,A,-,N,,,,,,,,,,N,4,0,1,2,A,-,03,22350,,M,C,C,A,A,H,-,A,A,0,,,,,Y,,A,01,0,0,1,0,0,0,0,0,0,"- ","- ",35.564250000000001,-120.70079,"SAN LUIS OBISPO",UNINCORPORATED,-120.70105968999999,35.565378580000001
90017135,2015,2015-10-19,9740,2015-09-06,1437,016089,,7,2,9,4000,0,1,3,,2,005,SR-41,"VIA VISTA WAY",1584.00,S,N,A,-,Y,,,41,,,,,,,N,4,0,1,2,A,-,08,22107,,N,B,C,A,A,H,-,A,D,0,,,Y,,Y,,C,02,0,0,1,0,0,0,0,0,1,"- ","- ",35.510429999999999,-120.6237,"SAN LUIS OBISPO",UNINCORPORATED,-120.62365952,35.510461139999997
90021063,2015,2015-10-19,9745,2015-09-18,1630,014996,,5,2,3,4001,0,1,2,,2,402,US-101,"GRAND AVE",0.00,,N,A,-,Y,,,101,,,,,,,Y,4,0,1,2,A,-,03,22350,,N,C,C,A,A,H,-,A,D,0,,,,,Y,,D,22,0,0,1,0,0,0,0,0,0,"- ","- ",35.120820000000002,-120.58202,"SAN LUIS OBISPO","ARROYO GRANDE",-120.58203761,35.120761340000001
90023632,2015,2015-10-19,9740,2015-09-16,0825,013417,,3,1,9,4000,0,2,4,,2,012,"NACIMIENTO LAKE DR","ADELAIDA RD",0.00,,Y,A,-,N,,,,,,,,,,Y,4,0,2,1,A,-,03,22350,,N,E,I,A,A,H,-,A,D,0,,,,,Y,,A,01,0,0,2,0,0,0,0,0,0,"- ","- ",35.649810000000002,-120.72045,"SAN LUIS OBISPO",UNINCORPORATED,-120.72054993,35.649770029999999
90023939,2015,2015-10-19,9740,2015-09-22,0750,014543,,2,1,9,4000,0,3,5,,2,022,"VINEYARD DR","BENNETT WAY",85.00,W,N,A,-,N,,,,,,,,,,Y,4,0,1,2,A,-,03,22350,,N,C,C,A,A,H,-,A,D,0,,,,,Y,,A,07,0,0,1,0,0,0,0,0,0,"- ","- ",35.543230000000001,-120.71841999999999,"SAN LUIS OBISPO",UNINCORPORATED,-120.71844561,35.543335159999998
90024330,2015,2015-10-19,9745,2015-09-26,1130,012876,,6,1,9,4000,0,3,5,,2,003,"HIGUERA ST","CLOVER RIDGE LN",2640.00,N,N,A,-,N,,,,,,,,,,Y,4,0,2,2,A,-,03,22350,,N,C,C,A,A,H,-,A,D,0,,,,,Y,,A,08,0,0,2,0,0,0,0,0,0,"- ","- ",35.231259999999999,-120.69013,"SAN LUIS OBISPO",UNINCORPORATED,-120.6898295,35.231276999999999
90025207,2015,2015-10-19,9750,2015-09-28,1259,016170,,1,1,9,4000,0,1,3,,2,061,SR-166,"ALAMO CREEK",16896.00,E,N,A,-,Y,,,166,,,,,,,Y,4,0,1,1,A,-,08,22107,,N,E,I,A,A,H,-,A,D,0,,,,,Y,,A,01,0,0,1,0,0,0,0,0,0,"- ","- ",35.025550000000003,-120.26452999999999,"SAN LUIS OBISPO",UNINCORPORATED,-120.2645306,35.025607340000001
90026495,2015,2015-10-19,9745,2015-09-07,2035,020689,,1,2,9,4000,0,3,5,,2,004,"DIVISION STREET","OSO FLACO LAKE RD",1090.00,E,N,A,-,N,,,,,,,,,,Y,2,0,1,1,A,-,08,22107,,F,E,I,A,A,H,-,D,D,0,,,,,Y,,A,01,1,0,0,0,0,0,0,0,0,"- ","- ",35.001849999999997,-120.52735,"SAN LUIS OBISPO",UNINCORPORATED,-120.52753027,35.001824650000003
90026801,2015,2015-10-19,9740,2015-09-24,1530,014662,,4,2,9,4000,0,3,5,,2,017,"F ST","MARGARITA AVE",26.00,W,N,A,-,N,,,,,,,,,,N,3,0,1,2,A,-,05,21202,A,N,A,G,A,A,H,-,A,D,0,,Y,,,Y,,L,04,0,1,0,0,0,0,1,0,0,"- ","- ",35.392000000000003,-120.60939999999999,"SAN LUIS OBISPO",UNINCORPORATED,-120.60939324,35.392081230000002
90027313,2015,2015-10-19,9740,2015-09-30,1425,015167,,3,2,9,4000,0,2,4,,2,012,"LAKE NACIMIENTO DRIVE  (G14)","ANTHONY WAY",0.00,,Y,A,-,N,,,,,,,,,,Y,4,0,2,2,A,-,03,22350,,N,C,C,A,A,H,-,A,D,0,,,,,Y,,A,01,0,0,2,0,0,0,0,0,0,"- ","- ",35.654229999999998,-120.72530999999999,"SAN LUIS OBISPO",UNINCORPORATED,-120.72537,35.654139000000001
90028022,2015,2015-10-19,9740,2015-10-05,1615,016849,,1,2,9,4000,0,1,2,,2,004,"US-101 NORTHBOUND","10TH STREET",45.00,S,N,A,-,Y,,,101,,,,,,N,Y,3,0,1,1,A,-,08,22107,,N,E,I,A,A,H,-,A,D,0,,,,,Y,,A,08,0,1,0,0,0,0,0,0,0,"- ","- ",35.747689999999999,-120.70048,"SAN LUIS OBISPO",UNINCORPORATED,-120.7003441,35.747676720000001
90035627,2015,2015-10-21,9745,2015-10-16,1403,017151,,5,2,9,4000,0,1,2,,1,101,"US-101 SOUTHBOUND","OLD STAGE COACH RD",528.00,N,N,A,-,Y,,,101,,,,,,S,Y,4,0,1,2,A,-,03,22350,,N,C,C,A,A,H,-,A,D,0,,,,,Y,,A,07,0,0,1,0,0,0,0,0,0,"- ","- ",35.319659999999999,-120.62188,"SAN LUIS OBISPO",UNINCORPORATED,-120.62138919,35.319738020000003
90039574,2015,2015-10-29,9740,2015-10-15,0755,013733,,4,1,9,4000,0,3,5,,2,018,"LINNE RD","DRESSER RANCH PL",7.00,W,N,B,-,N,,,,,,,,,,N,3,0,1,2,A,-,09,21804,A,N,D,G,A,A,H,-,A,D,0,,Y,,,Y,,A,07,0,1,0,0,0,0,1,0,0,"- ","- ",35.6004,-120.60354,"SAN LUIS OBISPO",UNINCORPORATED,-120.60365202,35.600333470000002
90043820,2015,2015-11-03,9745,2015-10-18,1615,017061,,7,2,9,4000,0,1,3,,1,041,"SR-1 (CIENEGA ST) SOUTHBOUND","22ND STREET",0.00,,Y,A,-,Y,,,1,,,,,,S,Y,4,0,2,2,A,-,09,21802,A,N,D,C,A,A,H,-,A,A,0,,,,,Y,,A,01,0,0,2,0,0,0,0,0,0,"- ","- ",35.098170000000003,-120.60708,"SAN LUIS OBISPO",UNINCORPORATED,-120.60708026,35.09812256
90047245,2015,2015-11-09,9745,2015-11-04,0200,017144,,3,3,9,4000,0,1,2,,2,505,"US-101 NORTHBOUND","LAETITIA VINEYARD DR.",600.00,N,N,A,-,Y,,,101,,,,,,N,Y,3,0,1,1,A,-,01,23152,A,N,E,I,A,A,H,-,A,D,0,,,,,Y,Y,A,01,0,1,0,0,0,0,0,0,0,"- ","- ",35.090389999999999,-120.53870999999999,"SAN LUIS OBISPO",UNINCORPORATED,-120.53874505,35.090338129999999
90056829,2015,2015-11-23,9740,2015-11-13,2040,016849,,5,2,9,4000,0,3,5,,2,018,"SANTA ROSA CREEK ROAD","MAIN STREET",1197.00,E,N,A,-,N,,,,,,,,,,Y,4,0,1,2,A,-,08,22107,,N,C,C,A,A,H,-,C,D,0,,,,,Y,,D,22,0,0,1,0,0,0,0,0,0,"- ","- ",35.569139999999997,-121.0731,"SAN LUIS OBISPO",UNINCORPORATED,-121.07324362,35.569062350000003
90059858,2015,2015-11-25,9745,2015-11-23,1639,015144,,1,2,9,4000,0,1,2,,2,303,"US-101 NORTHBOUND","SAN LUIS BAY DR",1584.00,N,N,A,-,Y,,,101,,,,,,N,Y,3,0,4,1,A,-,08,22107,,N,F,A,A,A,H,-,A,D,0,,,,,Y,,A,08,0,4,0,0,0,0,0,0,0,"- ","- ",35.202829999999999,-120.69682,"SAN LUIS OBISPO",UNINCORPORATED,-120.69690319999999,35.202840960000003
90063837,2015,2015-12-02,9740,2015-11-20,1300,016849,,5,1,9,4000,0,1,3,,2,005,SR-58,"HORSESHOE CANYON ROAD",1056.00,E,N,A,-,Y,,,58,,,,,,,Y,2,0,1,1,A,-,08,22107,,N,E,I,A,A,H,-,A,D,0,,,,,Y,,A,01,1,0,0,0,0,0,0,0,0,"- ","- ",35.436430000000001,-120.50653,"SAN LUIS OBISPO",UNINCORPORATED,-120.50653942,35.436453890000003
90064755,2015,2015-12-03,9740,2015-11-22,1551,017791,,7,2,9,4000,0,1,3,,2,011,"STATE ROUTE 46W","GAHAN PLACE",42.00,W,N,A,-,Y,,,46,,,,,,,Y,4,0,1,1,A,-,01,23152,A,N,F,A,A,A,H,-,A,D,0,,,Y,,Y,Y,C,02,0,0,1,0,0,0,0,0,1,"- ","- ",35.587310000000002,-120.70323,"SAN LUIS OBISPO",UNINCORPORATED,-120.70324199,35.587340679999997
90065244,2015,2015-12-03,9745,2015-11-25,1223,017151,,3,1,9,4000,0,1,2,,2,202,"LOS OSOS VALLEY RD","FAIRCHILD WAY",50.00,E,N,A,-,N,,,,,,,,,,Y,4,0,1,2,A,-,03,22350,,N,C,C,A,A,H,-,A,D,0,,,,,Y,,A,01,0,0,1,0,0,0,0,0,0,"- ","- ",35.310470000000002,-120.82914,"SAN LUIS OBISPO",UNINCORPORATED,-120.82841301000001,35.310718639999997
90065503,2015,2015-12-22,9745,2015-11-27,1550,020229,,5,2,9,4000,0,2,4,,1,055,"TEFFT STREET","MARY AVE",0.00,,Y,A,-,N,,,,,,,,,,Y,4,0,3,3,A,-,12,21453,A,N,D,C,A,A,H,-,A,A,0,,,,,Y,,A,01,0,0,3,0,0,0,0,0,0,"- ","- ",35.035699999999999,-120.48668000000001,"SAN LUIS OBISPO",UNINCORPORATED,-120.48662993000001,35.035740070000003
90066957,2015,2015-12-07,9745,2015-11-23,1535,017151,,1,2,9,4000,0,1,3,,1,011,SR-41,"BEAR RIDGE RD.",8976.00,S,N,A,-,Y,,,41,,,,,,,Y,1,1,2,2,A,-,06,21751,,N,A,C,A,A,H,-,A,D,0,,,Y,,Y,,C,02,0,0,2,0,0,0,0,1,0,"- ","- ",35.411470000000001,-120.80713,"SAN LUIS OBISPO",UNINCORPORATED,-120.80715291,35.411545699999998
90068171,2015,2015-12-08,9740,2015-11-29,1720,016089,,7,2,9,4000,0,3,5,,2,017,"VINEYARD DR","S. BETHEL RD",2640.00,S,N,A,-,N,,,,,,,,,,N,3,0,1,1,C,-,18,,,N,E,H,A,A,H,-,C,A,0,,,,,Y,,-,"- ",0,1,0,0,0,0,0,0,0,"- ","- ",35.54298,-120.74269,"SAN LUIS OBISPO",UNINCORPORATED,-120.73128,35.543320000000001
90068685,2015,2015-12-09,9745,2015-12-07,1457,015144,,1,2,3,4001,0,1,2,,2,402,"US-101 NORTHBOUND","ARROYO GRANDE CREEK",235.00,S,N,A,-,Y,,,101,,,,,,N,N,4,0,1,2,A,-,07,21658,A,N,B,C,A,A,H,-,A,D,0,,,,,Y,,A,01,0,0,1,0,0,0,0,0,0,"- ","- ",35.117829999999998,-120.57643,"SAN LUIS OBISPO","ARROYO GRANDE",-120.57629178000001,35.118068020000003
9009089,2019,2020-01-15,4006,2019-11-24,1000,92874,,7,5,4,4006,0,0,0,,0,,"SANTA ROSA",BOYSEN,0.00,,Y,A,-,N,,,,,,,,,,Y,3,0,1,2,A,-,08,22107,,N,D,C,A,A,H,-,C,D,0,,,,,Y,Y,A,07,0,1,0,0,0,0,0,0,0,"- ","- ",35.295791625976562,-120.66956329345703,"SAN LUIS OBISPO","SAN LUIS OBISPO",-120.66957092285156,35.295791625976562
90091472,2015,2016-01-08,9745,2015-12-31,1030,020229,,4,1,9,4000,0,1,2,,2,505,"US-101 NORTHBOUND","WILLOW RD",2019.00,S,N,A,-,Y,,,101,,,,,,N,Y,3,0,2,2,A,-,07,21658,A,N,B,C,A,A,H,-,A,D,0,,,,,Y,,D,22,0,2,0,0,0,0,0,0,0,"- ","- ",35.048670000000001,-120.49508,"SAN LUIS OBISPO",UNINCORPORATED,-120.49507152,35.048677599999998
90092402,2015,2016-01-11,9745,2015-12-31,1247,020689,,4,1,9,4000,0,1,2,,2,505,"US-101 NB TO LOS BERROS RD OFF RAMP","LOS BERROS RD",5.00,N,N,A,-,Y,,,101,,,,R,,N,Y,2,0,1,1,A,-,01,23152,E,N,E,I,A,A,H,-,A,D,0,,,Y,,Y,,C,02,1,0,0,0,0,0,0,0,1,"- ","- ",35.072139999999997,-120.51515999999999,"SAN LUIS OBISPO",UNINCORPORATED,-120.51515999999999,35.072139999999997
90108531,2016,2016-02-03,9740,2016-01-24,1633,015644,,7,2,9,4000,0,3,5,,2,019,"RIVER RD.","ESTRELLA RD.",0.00,,Y,A,-,N,,,,,,,,,,Y,2,0,4,2,A,-,09,21801,A,N,A,C,A,A,H,-,A,D,0,,,,,Y,,A,01,2,0,2,0,0,0,0,0,0,"- ","- ",35.72316,-120.57271,"SAN LUIS OBISPO",UNINCORPORATED,-120.68537994,35.736420090000003
90109055,2016,2016-02-04,9740,2016-01-27,1633,014460,,3,2,9,4000,0,3,5,,2,019,"HOG CANYON ROAD","PINE HAWK WAY",3168.00,N,N,A,-,N,,,,,,,,,,Y,3,0,1,1,A,-,08,22107,,N,F,A,A,A,H,-,A,D,0,,,Y,,Y,,C,02,0,1,0,0,0,0,0,0,1,"- ","- ",35.432299999999998,-120.3451,"SAN LUIS OBISPO",UNINCORPORATED,-120.58114626,35.72308014
90111097,2016,2016-02-08,9740,2016-01-17,0200,016849,,7,3,9,4000,0,3,5,,2,019,"NORTH RIVER ROAD","WELLSONA RD",5808.00,S,N,E,-,N,,,,,,,,,,Y,4,0,1,1,A,-,08,22107,,M,E,I,A,B,H,-,D,D,0,,,,,Y,,A,01,0,0,1,0,0,0,0,0,0,"- ","- ",35.679630000000003,-120.68647,"SAN LUIS OBISPO",UNINCORPORATED,-120.68095,35.69585
90123016,2016,2016-02-24,9745,2016-02-21,1125,017541,,7,1,9,4000,0,1,2,,2,505,"US-101 NORTHBOUND","TEFFT STREET",500.00,S,N,A,-,Y,,,,,,,,,,Y,4,0,1,2,A,-,03,22350,,N,C,C,A,A,H,-,A,D,0,,,,,Y,,A,01,0,0,1,0,0,0,0,0,0,"- ","- ",35.229999999999997,-120.28530000000001,"SAN LUIS OBISPO",UNINCORPORATED,-120.48344049000001,35.035879280000003
9013245,2019,2020-02-13,4006,2019-12-17,2010,15913,,2,5,4,4006,0,0,0,,0,,MADONNA,"RT 101",340.00,W,N,A,-,N,,,,,,,,,,N,3,0,1,1,A,-,03,22350,,N,F,I,A,A,H,-,C,D,0,,,Y,,Y,,C,02,0,1,0,0,0,0,0,0,1,"- ",SF,35.263778686523438,-120.67662811279297,"SAN LUIS OBISPO","SAN LUIS OBISPO",-120.67658233642578,35.263748168945312
90136071,2016,2016-03-14,9745,2016-03-05,1145,017144,,6,1,4,4006,0,1,2,,2,202,"US-101 SOUTHBOUND","CHORRO ST",400.00,N,N,C,-,Y,,,101,,,,,,S,Y,4,0,1,1,A,-,08,22107,,N,E,I,A,B,H,-,A,D,0,,,,,Y,,D,22,0,0,1,0,0,0,0,0,0,"- ","- ",35.285359999999997,-120.66558000000001,"SAN LUIS OBISPO","SAN LUIS OBISPO",-120.66557382000001,35.285351929999997
90145905,2016,2016-03-28,9745,2016-03-15,1600,017097,,2,2,9,4000,0,2,4,,1,025,"LOS OSOS VALLEY RD","VALLE VISTA PL",50.00,W,N,A,-,N,,,,,,,,,,Y,3,0,4,4,A,-,03,22350,,N,C,C,A,A,H,-,A,D,0,,,,,Y,,A,01,0,1,3,0,0,0,0,0,0,"- ","- ",35.274329999999999,-120.70937000000001,"SAN LUIS OBISPO",UNINCORPORATED,-120.70944733,35.274371780000003
90146818,2016,2016-04-15,9745,2016-03-26,1332,017541,,6,1,4,4006,0,2,4,,1,055,"TEFFT STREET","US 101 NORTHBOUND TO TEFFT ST",0.00,,Y,A,-,N,,,,,,,,,,Y,3,0,1,2,A,-,12,21453,A,N,D,C,A,A,H,-,A,A,0,,,,,Y,,A,01,0,1,0,0,0,0,0,0,0,"- ","- ",35.037059999999997,-120.48421999999999,"SAN LUIS OBISPO","SAN LUIS OBISPO",-120.48474312,35.03679666
90152829,2016,2016-04-07,9740,2016-04-02,1455,019096,,6,2,3,4004,0,1,2,,2,003,"US-101 NORTHBOUND","SPRING STREET",1056.00,S,N,A,-,Y,,,,,,,,,,Y,3,0,1,1,A,-,08,22107,,N,F,A,A,A,H,-,A,D,0,,,Y,,Y,,C,02,0,1,0,0,0,0,0,0,1,"- ","- ",35.610300000000002,-120.68149,"SAN LUIS OBISPO","PASO ROBLES",-120.69081928999999,35.652124659999998
90153722,2016,2016-04-08,9745,2016-03-25,1240,017238,,5,1,9,4000,0,3,5,,2,002,"FOOTHILL ROAD","BLUE GRANITE LN",4.00,W,N,A,-,N,,,,,,,,,,Y,4,0,1,1,A,-,08,22107,,N,E,I,A,A,H,-,A,D,0,,,,,Y,,A,01,0,0,1,0,0,0,0,0,0,"- ","- ",35.2851,-120.70211,"SAN LUIS OBISPO",UNINCORPORATED,-120.70147952000001,35.28545227
90158702,2016,2016-04-15,9745,2016-04-07,1322,013531,,4,1,9,4000,0,1,2,,2,505,"US-101 NORTHBOUND","EL CAMPO RD",350.00,N,N,B,-,Y,,,101,,,,,,N,Y,3,0,2,2,A,-,03,22350,,N,C,C,A,A,H,-,A,D,0,,,,,Y,,A,01,0,2,0,0,0,0,0,0,0,"- ","- ",35.11157,-120.5646,"SAN LUIS OBISPO",UNINCORPORATED,-120.56458338,35.111632040000003
90159857,2016,2016-04-18,9740,2016-04-03,1615,019259,,7,2,9,4000,0,1,3,,2,011,SR-46,"JACK CREEK ROAD",2640.00,E,N,A,-,Y,,,46,,,,,,,Y,3,0,5,3,A,-,01,23153,A,N,C,C,A,A,H,-,A,D,0,,,,,Y,Y,A,07,0,3,2,0,0,0,0,0,0,"- ","- ",35.548879999999997,-120.78588999999999,"SAN LUIS OBISPO",UNINCORPORATED,-120.78590023,35.548914029999999
90159979,2016,2016-04-18,9745,2016-04-09,2045,017930,,6,2,9,4000,0,1,2,,2,505,"US-101 NORTHBOUND","LOS BERROS RD",1056.00,N,N,B,-,Y,,,101,,,,,,N,Y,4,0,1,1,A,-,08,22107,,N,E,I,A,B,H,-,C,D,0,,,,,Y,,A,07,0,0,1,0,0,0,0,0,0,"- ","- ",35.075510000000001,-120.52014,"SAN LUIS OBISPO",UNINCORPORATED,-120.52018606,35.075448399999999
90161163,2016,2016-05-19,9745,2016-04-14,1615,016514,,4,2,9,4000,0,2,4,,1,025,"LOS OSOS VALLEY RD","VALLE VISTA PL",528.00,E,N,A,-,N,,,,,,,,,,Y,4,0,2,2,A,-,08,22107,,N,B,C,A,A,H,-,A,D,0,,,,,Y,,A,01,0,0,2,0,0,0,0,0,0,"- ","- ",35.273159999999997,-120.70836,"SAN LUIS OBISPO",UNINCORPORATED,-120.70831164000001,35.273085909999999
90161912,2016,2016-04-20,9740,2016-04-13,2325,013133,,3,3,3,4004,0,1,2,,2,003,"US-101 SOUTH BOUND","NIBLICK RD",50.00,S,N,A,-,Y,,,101,,,,,,,Y,3,0,1,2,A,-,01,23152,A,N,C,C,A,A,H,-,D,D,0,,,,Y,Y,Y,A,07,0,1,0,0,0,0,0,0,0,"- ","- ",35.614910000000002,-120.68906,"SAN LUIS OBISPO","PASO ROBLES",-120.68904556,35.614899940000001
90171530,2016,2016-05-03,9745,2016-05-01,1325,020144,,7,1,9,4000,0,1,2,,2,505,"US-101 NORTHBOUND","TEFFT STREET",1584.00,S,N,A,-,Y,,,101,,,,,,N,Y,3,0,2,1,A,-,01,23152,A,N,E,I,A,A,H,-,A,D,0,,,,,Y,Y,A,01,0,2,0,0,0,0,0,0,0,"- ","- ",35.030099999999997,-120.47712,"SAN LUIS OBISPO",UNINCORPORATED,-120.47713467,35.030084080000002
90172571,2016,2016-05-04,9740,2016-04-25,1540,013984,,1,2,9,4000,0,2,4,,2,012,"NACIMIENTO LAKE DRIVE","SAN MARCOS ROAD",800.00,E,N,A,-,N,,,,,,,,,,Y,4,0,1,1,A,-,08,22107,,N,E,I,A,A,H,-,A,D,0,,,,Y,Y,,F,55,0,0,1,0,0,0,0,0,0,"- ","- ",35.68121,-121.75593000000001,"SAN LUIS OBISPO",UNINCORPORATED,-120.76194606999999,35.687250900000002