CASE_ID,ACCIDENT_YEAR,PROC_DATE,JURIS,COLLISION_DATE,COLLISION_TIME,OFFICER_ID,REPORTING_DISTRICT,DAY_OF_WEEK,CHP_SHIFT,POPULATION,CNTY_CITY_LOC,SPECIAL_COND,BEAT_TYPE,CHP_BEAT_TYPE,CITY_DIVISION_LAPD,CHP_BEAT_CLASS,BEAT_NUMBER,PRIMARY_RD,SECONDARY_RD,DISTANCE,DIRECTION,INTERSECTION,WEATHER_1,WEATHER_2,STATE_HWY_IND,CALTRANS_COUNTY,CALTRANS_DISTRICT,STATE_ROUTE,ROUTE_SUFFIX,POSTMILE_PREFIX,POSTMILE,LOCATION_TYPE,RAMP_INTERSECTION,SIDE_OF_HWY,TOW_AWAY,COLLISION_SEVERITY,NUMBER_KILLED,NUMBER_INJURED,PARTY_COUNT,PRIMARY_COLL_FACTOR,PCF_CODE_OF_VIOL,PCF_VIOL_CATEGORY,PCF_VIOLATION,PCF_VIOL_SUBSECTION,HIT_AND_RUN,TYPE_OF_COLLISION,MVIW,PED_ACTION,ROAD_SURFACE,ROAD_COND_1,ROAD_COND_2,LIGHTING,CONTROL_DEVICE,CHP_ROAD_TYPE,PEDESTRIAN_ACCIDENT,BICYCLE_ACCIDENT,MOTORCYCLE_ACCIDENT,TRUCK_ACCIDENT,NOT_PRIVATE_PROPERTY,ALCOHOL_INVOLVED,STWD_VEHTYPE_AT_FAULT,CHP_VEHTYPE_AT_FAULT,COUNT_SEVERE_INJ,COUNT_VISIBLE_INJ,COUNT_COMPLAINT_PAIN,COUNT_PED_KILLED,COUNT_PED_INJURED,COUNT_BICYCLIST_KILLED,COUNT_BICYCLIST_INJURED,COUNT_MC_KILLED,COUNT_MC_INJURED,PRIMARY_RAMP,SECONDARY_RAMP,LATITUDE,LONGITUDE,COUNTY,CITY,POINT_X,POINT_Y
90174173,2016,2016-05-06,9745,2016-04-09,0240,020689,,6,3,3,4001,0,1,2,,2,402,"US-101 SOUTHBOUND","OAK PARK BLVD",760.00,N,N,A,-,Y,,,101,,,,,,S,Y,1,1,1,2,A,-,11,21956,,N,G,B,E,A,H,-,D,D,0,Y,,,,Y,,N,60,0,1,0,1,0,0,0,0,0,"- ","- ",35.130360000000003,-120.60813,"SAN LUIS OBISPO","ARROYO GRANDE",-120.60813597000001,35.130332789999997
90176498,2016,2016-05-10,9745,2016-05-07,1800,017238,,6,2,9,4000,0,1,2,,2,303,"US-101 SOUTHBOUND","LOS OSOS VALLEY ROAD",2640.00,S,N,A,-,Y,,,101,,,,,,S,Y,4,0,1,1,A,-,08,22107,,N,E,I,A,A,H,-,A,D,0,,,,,Y,,A,07,0,0,1,0,0,0,0,0,0,"- ","- ",35.241729999999997,-120.68369,"SAN LUIS OBISPO",UNINCORPORATED,-120.68365352000001,35.241723700000001
90177943,2016,2016-05-12,9740,2016-05-06,1445,015854,,5,2,4,4008,0,1,2,,2,001,"US-101 NORTHBOUND","SANTA ROSA RD",468.00,S,N,B,-,Y,,,101,,,,,,N,Y,2,0,2,2,A,-,08,22107,,N,E,I,A,A,H,-,A,D,0,,,,,Y,,D,22,1,1,0,0,0,0,0,0,0,"- ","- ",35.464919999999999,-120.65022999999999,"SAN LUIS OBISPO",ATASCADERO,-120.65034761,35.464828070000003
90180159,2016,2016-05-16,9740,2016-05-07,1355,015854,,6,1,9,4000,0,3,5,,2,017,"OLD ADOBE WAY","KINGSBURY RD",3168.00,S,N,B,-,N,,,,,,,,,,Y,3,0,1,1,A,-,08,22107,,N,E,I,A,A,G,-,A,D,0,,,,,Y,,A,01,0,1,0,0,0,0,0,0,0,"- ","- ",35.491439999999997,-120.60645,"SAN LUIS OBISPO",UNINCORPORATED,-120.60656143,35.49120387
9018645,2020,2020-03-10,4002,2020-01-10,1731,575,,5,5,3,4002,0,0,0,,0,,"S OAK PARK BL","W GRAND AV",64.00,S,N,A,-,N,,,,,,,,,,Y,4,0,1,2,A,-,09,21804,A,N,A,C,A,A,H,-,C,A,0,,,,,Y,,A,01,0,0,1,0,0,0,0,0,0,"- ","- ",,,"SAN LUIS OBISPO","GROVER BEACH",-120.60919189453125,35.120784759521484
90193536,2016,2016-06-02,9740,2016-05-25,1420,011615,,3,2,9,4000,0,1,3,,1,015,SR-1,"ARROYO DE LA CRUZ",1584.00,N,N,A,-,Y,,,1,,,,,,,Y,1,1,4,2,A,-,08,22107,,N,A,C,A,A,H,-,A,D,0,,,,,Y,,A,01,1,1,2,0,0,0,0,0,0,"- ","- ",35.713839999999998,-121.30503,"SAN LUIS OBISPO",UNINCORPORATED,-121.30502502,35.713842900000003
90194293,2016,2016-06-03,9745,2016-05-27,0150,016773,,5,3,4,4006,0,1,2,,2,202,"US-101 SOUTHBOUND","MARSH ST",300.00,S,N,A,-,Y,,,101,,,,,,S,Y,2,0,1,2,A,-,08,22107,,N,D,G,A,A,H,-,D,D,0,,Y,,,Y,Y,L,04,1,0,0,0,0,0,1,0,0,"- ","- ",35.271740000000001,-120.67247,"SAN LUIS OBISPO","SAN LUIS OBISPO",-120.6723937,35.271715409999999
90207650,2016,2016-06-22,9745,2016-06-17,1705,017238,,5,2,9,4000,0,1,2,,2,303,"US-101 SOUTHBOUND","LOS OSOS VALLEY RD",300.00,S,N,A,-,Y,,,101,,,,,,S,Y,4,0,1,2,A,-,03,22350,,N,C,C,A,A,H,-,A,D,0,,,,,Y,,A,01,0,0,1,0,0,0,0,0,0,"- ","- ",35.243819999999999,-120.6828,"SAN LUIS OBISPO",UNINCORPORATED,-120.68281588000001,35.243829529999999
90214745,2016,2016-07-01,9740,2016-06-19,1900,016068,,7,2,9,4000,0,2,S,,2,904,"OLD CREEK ROAD",SR-1,36960.00,E,N,A,-,N,,,,,,,,,,Y,3,0,1,1,A,-,01,23152,A,N,E,I,A,A,H,-,A,D,0,,,,,Y,Y,A,01,0,1,0,0,0,0,0,0,0,"- ","- ",35.507129999999997,-120.84475999999999,"SAN LUIS OBISPO",UNINCORPORATED,-120.88135,35.428780000000003
90215391,2016,2016-07-04,9745,2016-07-02,1900,017930,,6,2,9,4000,0,1,2,,2,404,"US-101 SOUTHBOUND","AVILA BEACH DRIVE",3168.00,S,N,A,-,Y,,,101,,,,,,S,Y,4,0,1,2,A,-,01,23152,A,N,C,C,A,A,H,-,A,D,0,,,,,Y,Y,A,08,0,0,1,0,0,0,0,0,0,"- ","- ",35.171720000000001,-120.69471,"SAN LUIS OBISPO",UNINCORPORATED,-120.69467477000001,35.171761140000001
90217921,2016,2016-07-07,9740,2016-06-30,1945,016089,,4,2,9,4000,0,3,5,,2,017,"CRESTON RD","FEENSTRA RD",500.00,N,N,A,-,N,,,,,,,,,,Y,3,0,1,1,A,-,01,23152,A,N,E,I,A,A,H,-,A,D,0,,,,,Y,Y,D,22,0,1,0,0,0,0,0,0,0,"- ","- ",35.568860000000001,-120.54299,"SAN LUIS OBISPO",UNINCORPORATED,-120.54329409,35.569289519999998
90223610,2016,2016-07-15,9745,2016-04-15,2030,020229,,5,2,9,4000,0,1,2,,1,101,"US-101 SOUTHBOUND","TV TOWER RD",5808.00,S,N,A,-,Y,,,101,,,,,,S,Y,1,1,4,3,A,-,01,23152,A,F,E,I,A,A,H,-,D,D,0,,,,Y,Y,Y,A,01,2,2,0,0,0,0,0,0,0,"- ","- ",35.331389999999999,-120.62299,"SAN LUIS OBISPO",UNINCORPORATED,-120.62297196,35.331403029999997
90223787,2016,2016-07-15,9745,2016-07-09,1305,016514,,6,1,9,4000,0,2,4,,1,024,"SOUTH BAY BLVD","TURRI RD",0.00,,Y,A,-,N,,,,,,,,,,Y,4,0,2,3,A,-,03,22350,,N,C,C,A,A,H,-,A,D,0,,,,,Y,,D,22,0,0,2,0,0,0,0,0,0,"- ","- ",35.336599999999997,-120.82262,"SAN LUIS OBISPO",UNINCORPORATED,-120.82331994,35.336620029999999
90226795,2016,2016-07-20,9740,2016-01-17,1203,014465,,7,1,9,4000,0,3,5,,2,016,"PARKHILL ROAD","SEVEN OAKS WAY",2640.00,S,N,B,-,N,,,,,,,,,,Y,1,1,1,2,A,-,03,22350,,N,A,C,A,B,H,-,A,D,0,,,,,Y,,A,01,1,0,0,0,0,0,0,0,0,"- ","- ",35.387819999999998,-120.51437,"SAN LUIS OBISPO",UNINCORPORATED,-120.51547855,35.397509630000002
90230507,2016,2016-07-26,9745,2016-07-19,1610,016068,,2,2,9,4000,0,3,5,,2,002,"FOOTHILL BLVD","LOS CERROS DR",1584.00,S,N,A,-,N,,,,,,,,,,N,4,0,1,2,A,-,03,22350,,N,C,C,A,A,H,-,A,D,0,,,,,Y,,A,01,0,0,1,0,0,0,0,0,0,"- ","- ",35.291510000000002,-120.68965,"SAN LUIS OBISPO",UNINCORPORATED,-120.68850999999999,35.292149999999999
90237821,2016,2016-08-04,9745,2016-07-02,0237,017151,,6,3,9,4000,0,1,2,,2,505,"US-101 NORTHBOUND","TEFFT STREET",6864.00,S,N,B,-,Y,,,101,,,,,,N,Y,1,1,0,1,A,-,08,22107,,N,F,A,A,A,H,-,D,D,0,,,,,Y,,A,07,0,0,0,0,0,0,0,0,0,"- ","- ",35.02243,-120.46874,"SAN LUIS OBISPO",UNINCORPORATED,-120.46879351,35.022371970000002
90240233,2016,2016-08-08,9745,2016-07-31,0230,017061,,7,3,9,4000,0,1,2,,2,505,"US-101 SOUTHBOUND","TEFFT STREET",10560.00,S,N,B,-,Y,,,101,,,,,,S,Y,4,0,1,1,A,-,08,22107,,N,E,I,A,A,H,-,D,D,0,,,,,Y,,D,22,0,0,1,0,0,0,0,0,0,"- ","- ",35.014830000000003,-120.46043,"SAN LUIS OBISPO",UNINCORPORATED,-120.46041971,35.014848489999999
90245317,2016,2016-08-15,9745,2016-08-05,1710,018021,,5,2,9,4000,0,1,2,,2,505,"US-101 SOUTHBOUND","LOS BERROS ROAD",5280.00,N,N,A,-,Y,,,101,,,,,,S,Y,4,0,2,2,A,-,03,22350,,N,C,C,A,A,H,-,A,D,0,,,,,Y,,A,01,0,0,2,0,0,0,0,0,0,"- ","- ",35.082090000000001,-120.52883,"SAN LUIS OBISPO",UNINCORPORATED,-120.52882396,35.082095610000003
90252698,2016,2016-08-25,9740,2016-08-17,1815,014662,,3,2,3,4004,0,2,S,,2,901,"15TH ST","PARK ST",0.00,,Y,F,-,N,,,,,,,,,,Y,4,0,1,2,A,-,12,22450,A,N,D,C,A,A,H,-,A,A,0,,,,,Y,,J,43,0,0,1,0,0,0,0,0,0,"- ","- ",35.630000000000003,-120.69029999999999,"SAN LUIS OBISPO","PASO ROBLES",-120.69038989000001,35.629860010000002
90254325,2016,2016-08-26,9745,2016-08-13,1306,017817,,6,1,4,4006,0,1,2,,2,202,"US-101 SOUTHBOUND","MARSH ST.",1200.00,N,N,A,-,Y,,,101,,,,,,S,Y,4,0,1,2,A,-,03,22350,,N,C,C,A,A,H,-,A,D,0,,,,,Y,,A,07,0,0,1,0,0,0,0,0,0,"- ","- ",35.278550000000003,-120.67016,"SAN LUIS OBISPO","SAN LUIS OBISPO",-120.67009548999999,35.27852704
90257135,2016,2016-08-30,9740,2016-08-19,0615,017426,,5,1,9,4000,0,1,2,,2,001,"US-101 NORTHBOUND","SANTA BARBARA RD",3168.00,S,N,A,-,Y,,,101,,,,,,N,Y,4,0,1,2,A,-,03,22350,,N,C,C,A,A,H,-,B,D,0,,,,,Y,,D,22,0,0,1,0,0,0,0,0,0,"- ","- ",35.432290000000002,-120.63590000000001,"SAN LUIS OBISPO",UNINCORPORATED,-120.63597676000001,35.432252339999998
90257287,2016,2016-08-30,9745,2016-08-19,0420,013212,,5,3,9,4000,0,2,4,,1,024,"SOUTH BAY BLVD","TURRI RD",3696.00,N,N,A,-,N,,,,,,,,,,Y,3,0,1,1,A,-,01,23152,A,N,E,I,A,A,H,-,D,D,0,,,,,Y,Y,A,01,0,1,0,0,0,0,0,0,0,"- ","- ",35.346899999999998,-120.82571,"SAN LUIS OBISPO",UNINCORPORATED,-120.82573529,35.346407640000002
90263084,2016,2016-09-07,9740,2016-07-10,1300,011615,,7,1,9,4000,0,1,3,,1,014,SR-1,"PICO CREEK",174.00,S,N,A,-,Y,,,,,,,,,,N,1,1,7,7,A,-,03,22350,,N,F,A,A,A,H,-,A,D,0,,,Y,,Y,,C,02,3,3,1,0,0,0,0,1,7,"- ","- ",36.615229999999997,-121.14673999999999,"SAN LUIS OBISPO",UNINCORPORATED,-121.14599690999999,35.614633339999997
90271612,2016,2016-09-20,9745,2016-09-16,1555,017097,,5,2,4,4006,0,1,2,,2,202,"US-101 S/B","MADONNA RD.",2640.00,S,N,A,-,Y,,,101,,,,,,S,Y,4,0,1,3,A,-,03,22350,,N,C,C,A,A,H,-,A,D,0,,,,,Y,,A,01,0,0,1,0,0,0,0,0,0,"- ","- ",35.256279999999997,-120.67531,"SAN LUIS OBISPO","SAN LUIS OBISPO",-120.67532815,35.256290900000003
90276947,2016,2016-09-27,9745,2016-09-21,0525,013531,,3,3,9,4000,0,3,5,,2,005,"DIVISION STREET","OSO FLACO LAKE RD",850.00,W,N,B,E,N,,,,,,,,,,Y,4,0,1,2,A,-,09,21801,A,N,D,C,A,A,H,-,D,D,0,,,,,Y,,A,01,0,0,1,0,0,0,0,0,0,"- ","- ",34.999310000000001,-120.53348,"SAN LUIS OBISPO",UNINCORPORATED,-120.53326054999999,34.9993421
90287921,2016,2016-10-10,9745,2016-09-29,0715,012876,,4,1,9,4000,0,1,2,,1,101,"US-101 SOUTHBOUND","OLD STAGE COACH RD",0.00,,Y,A,-,Y,,,101,,,,,,S,Y,3,0,1,2,A,-,09,21801,A,N,D,C,A,A,H,-,A,D,0,,,,Y,Y,,G,25,0,1,0,0,0,0,0,0,0,"- ","- ",35.317309999999999,-120.62130000000001,"SAN LUIS OBISPO",UNINCORPORATED,-120.62133584999999,35.317316849999997
90293947,2016,2016-10-17,9745,2016-10-14,2215,020689,,5,3,9,4000,0,3,5,,2,005,"ORCHARD RD","PRIMAVERA LN",40.00,N,N,B,-,N,,,,,,,,,,N,3,0,1,2,A,-,08,22107,,N,G,B,E,A,H,-,C,D,0,Y,,,,Y,,A,01,0,1,0,0,1,0,0,0,0,"- ","- ",35.018000000000001,-120.48251999999999,"SAN LUIS OBISPO",UNINCORPORATED,-120.48247600000001,35.017936829999996
90294053,2016,2016-10-17,9745,2016-10-06,1620,017968,,4,2,9,4000,0,2,4,,1,058,"HUTTON ROAD","WINDING WAY",20.00,S,N,A,-,N,,,,,,,,,,Y,3,0,1,2,A,-,09,21801,A,N,D,C,A,A,H,-,A,D,0,,,,,Y,,A,01,0,1,0,0,0,0,0,0,0,"- ","- ",34.999749999999999,-120.43691,"SAN LUIS OBISPO",UNINCORPORATED,-120.43696224,34.999880040000001
90297589,2016,2016-10-20,9750,2016-10-20,0653,014820,,4,1,9,4000,0,1,2,,2,111,"US-101 N/B (EL CAMINO REAL)",BROADWAY,3168.00,N,N,A,-,Y,,,101,,,,,,N,Y,4,0,3,2,A,-,03,22350,,N,C,C,A,A,H,-,B,D,0,,,,,Y,,D,22,0,0,3,0,0,0,0,0,0,"- ","- ",34.988900000000001,-120.43344,"SAN LUIS OBISPO",UNINCORPORATED,-120.43348913,34.988893500000003
90307605,2016,2016-10-31,9745,2016-10-28,1005,016390,,5,1,9,4000,0,3,5,,2,004,"HUASNA ROAD","APPY WAY",80.00,W,N,C,-,N,,,,,,,,,,Y,4,0,1,1,A,-,08,22107,,N,F,A,A,B,H,-,A,D,0,,,,,Y,,A,07,0,0,1,0,0,0,0,0,0,"- ","- ",35.138199999999998,-120.5483,"SAN LUIS OBISPO",UNINCORPORATED,-120.54820431,35.137905430000004
90310808,2016,2016-11-03,9745,2016-10-23,1844,017968,,7,2,9,4000,0,1,2,,1,101,"US-101 S/B","STAGECOACH ROAD",1584.00,N,N,A,-,Y,,,101,,,,,,S,Y,3,0,1,1,A,-,03,22350,,N,F,A,A,A,H,-,D,D,0,,,Y,,Y,,C,02,0,1,0,0,0,0,0,0,1,"- ","- ",35.328560000000003,-120.62075,"SAN LUIS OBISPO",UNINCORPORATED,-120.62077692,35.328545869999999
90330535,2016,2016-11-28,9740,2016-11-23,0320,014662,,3,3,4,4008,0,1,2,,2,002,"US 101 S/B","SAN RAMON RD",2112.00,N,N,A,-,Y,,,,,,,,,,Y,3,0,1,1,A,-,01,23152,A,N,E,I,A,A,H,-,D,D,0,,,,,Y,Y,A,01,0,1,0,0,0,0,0,0,0,"- ","- ",35.531019999999998,-120.70921,"SAN LUIS OBISPO",ATASCADERO,-120.70907888000001,35.531008040000003
90332113,2016,2017-02-06,9745,2016-11-21,1453,014713,,1,2,9,4000,0,1,2,,1,101,"US-101 SOUTHBOUND","TASSAJARA CREEK ROAD",3696.00,S,N,A,-,Y,,,101,,,,,,S,Y,3,0,1,3,A,-,03,22350,,N,C,C,A,A,H,-,A,D,0,,,,,Y,,A,01,0,1,0,0,0,0,0,0,0,"- ","- ",35.36074,-120.63818999999999,"SAN LUIS OBISPO",UNINCORPORATED,-120.63823661000001,35.360723350000001
90343264,2016,2016-12-13,9740,2016-12-01,1806,014622,,4,2,4,4008,0,1,2,,2,001,"US-101 SOUTHBOUND","SANTA BARBARA ROAD",1584.00,N,N,A,-,Y,,,101,,,,,,S,Y,4,0,1,1,C,-,18,,,N,H,H,A,A,H,-,D,D,0,,,,,Y,,-,"- ",0,0,1,0,0,0,0,0,0,"- ","- ",35.447699999999998,-120.63911,"SAN LUIS OBISPO",ATASCADERO,-120.63906488000001,35.447706760000003
90343918,2016,2016-12-13,9745,2016-12-02,1201,013531,,5,1,9,4000,0,2,4,,1,055,"TEFFT STREET","MARY AVENUE",126.00,E,N,A,-,N,,,,,,,,,,N,4,0,1,2,A,-,05,21650,,N,D,G,A,A,H,-,A,D,0,,Y,,,Y,,L,04,0,0,1,0,0,0,1,0,0,"- ","- ",35.035649999999997,-120.4866,"SAN LUIS OBISPO",UNINCORPORATED,-120.48628035999999,35.035932559999999
90344891,2016,2016-12-14,9745,2016-12-08,1600,020229,,4,2,2,4005,0,1,2,,2,404,"US-101 S/B TO 5 CITIES DR.","4TH STREET",1600.00,N,N,C,-,Y,,,101,,,,R,,S,N,4,0,1,2,A,-,03,22350,,N,C,C,A,B,H,-,A,D,0,,,,,Y,,A,01,0,0,1,0,0,0,0,0,0,"- ","- ",35.137180000000001,-120.62765,"SAN LUIS OBISPO","PISMO BEACH",-120.62765,35.137180000000001
90345825,2016,2016-12-15,9740,2016-11-29,1629,014622,,2,2,9,4000,0,3,5,,2,017,"6TH STREET","MAIN STREET",0.00,,Y,A,-,N,,,,,,,,,,Y,4,0,1,2,A,-,09,21802,A,N,D,C,A,A,H,-,A,A,0,,,,,Y,,A,01,0,0,1,0,0,0,0,0,0,"- ","- ",35.548029999999997,-120.70659999999999,"SAN LUIS OBISPO",UNINCORPORATED,-120.70638988,35.548160029999998
90355080,2016,2016-12-27,9745,2016-12-22,0900,015144,,4,1,2,4005,0,1,2,,2,404,"US-101 NORTHBOUND","MATTIE RD",150.00,S,N,A,-,Y,,,101,,,,,,N,Y,4,0,1,3,A,-,03,22350,,N,C,C,A,A,H,-,A,D,0,,,,,Y,,A,01,0,0,1,0,0,0,0,0,0,"- ","- ",35.150750000000002,-120.65331999999999,"SAN LUIS OBISPO","PISMO BEACH",-120.65333622999999,35.15069553
90355106,2016,2016-12-27,9745,2016-12-24,0425,016714,,6,3,9,4000,0,1,2,,2,505,"US-101 S/B",SR-166,12144.00,N,N,A,-,Y,,,101,,,,,,S,Y,2,0,1,2,A,-,03,22350,,N,C,C,A,A,H,-,D,D,0,,,,,Y,,A,01,1,0,0,0,0,0,0,0,0,"- ","- ",35.017429999999997,-120.46382,"SAN LUIS OBISPO",UNINCORPORATED,-120.46378948,35.017463100000001
90355527,2016,2016-12-27,9745,2016-12-23,1610,017097,,5,2,9,4000,0,1,2,,1,101,"US-101 N/B","TV TOWER RD",528.00,S,N,B,C,Y,,,101,,,,,,N,Y,3,0,7,2,A,-,03,22350,,N,A,C,A,B,H,-,B,D,0,,,,,Y,,D,22,0,1,6,0,0,0,0,0,0,"- ","- ",35.345370000000003,-120.62877,"SAN LUIS OBISPO",UNINCORPORATED,-120.62875975999999,35.345374620000001
90357436,2016,2016-12-29,9745,2016-12-27,1900,017097,,2,2,4,4006,0,1,2,,2,202,"US-101 S/B","MADONNA RD",528.00,S,N,A,-,Y,,,101,,,,,,S,Y,4,0,1,2,A,-,03,22350,,N,C,C,A,A,H,-,D,D,0,,,,,Y,,A,01,0,0,1,0,0,0,0,0,0,"- ","- ",35.265239999999999,-120.67368,"SAN LUIS OBISPO","SAN LUIS OBISPO",-120.67370877,35.265243310000002
90357446,2016,2016-12-29,9750,2016-12-27,2045,017379,,2,2,9,4000,0,1,3,,1,063,"SR-166 (STATE ROUTE 166)","1008 SR-166",108.00,W,N,A,-,Y,,,166,,,,,,,Y,3,0,1,1,A,-,01,23152,A,N,E,I,A,A,H,-,D,D,0,,,,,Y,Y,A,01,0,1,0,0,0,0,0,0,0,"- ","- ",35.057760000000002,-119.93602,"SAN LUIS OBISPO",UNINCORPORATED,-119.93602708,35.05799494
90364432,2017,2017-01-09,9745,2017-01-08,1453,017151,,7,2,9,4000,0,2,S,,2,054,"LOPEZ DR","GRIEB RANCH WAY",3168.00,E,N,B,-,N,,,,,,,,,,Y,3,0,4,2,A,-,01,23152,A,N,E,I,A,A,H,-,A,D,0,,,,,Y,Y,A,01,0,1,3,0,0,0,0,0,0,"- ","- ",35.188119999999998,-120.49066999999999,"SAN LUIS OBISPO",UNINCORPORATED,-120.49067795000001,35.188138430000002
90367224,2016,2017-02-06,9740,2016-12-15,1943,014662,,4,2,9,4000,0,1,3,,2,010,"SR-41 N/B","46/41 CHOLAME Y",19008.00,N,N,B,C,Y,,,41,,,,,,N,Y,1,1,0,1,A,-,01,23152,A,N,E,I,A,B,H,-,D,D,0,,,,,Y,Y,A,07,0,0,0,0,0,0,0,0,0,"- ","- ",35.771700000000003,-120.23739999999999,"SAN LUIS OBISPO",UNINCORPORATED,-120.23740071,35.771669539999998
90370679,2017,2017-01-17,9745,2017-01-16,0340,017930,,1,3,9,4000,0,2,4,,1,052,"THOMPSON AVE","POAGUE RD",528.00,N,N,A,-,N,,,,,,,,,,Y,4,0,1,1,A,-,08,22107,,N,E,I,A,A,H,-,D,D,0,,,,,Y,,A,01,0,0,1,0,0,0,0,0,0,"- ","- ",35.01914,-120.45268,"SAN LUIS OBISPO",UNINCORPORATED,-120.45230409,35.018141700000001
90372843,2017,2017-01-19,9745,2017-01-18,0725,015144,,3,1,2,4005,0,1,2,,2,404,"US-101 NORTHBOUND","PISMO OVERHEAD RAILROAD BRIDGE",0.00,,Y,B,-,Y,,,101,,,,,,N,Y,4,0,1,3,A,-,04,21703,,N,C,C,A,A,H,-,A,D,0,,,,,Y,,A,01,0,0,1,0,0,0,0,0,0,"- ","- ",35.138689999999997,-120.63238,"SAN LUIS OBISPO","PISMO BEACH",-120.63237518,35.138709470000002
90380186,2016,2017-02-14,9750,2016-09-05,1655,016170,,1,2,9,4000,0,1,3,,1,063,SR-166,"COTTONWOOD CYN",36960.00,W,N,A,-,Y,,,166,,,,,,,Y,1,2,6,2,A,-,01,23152,A,N,D,C,A,A,H,-,A,D,0,,,,,Y,Y,A,01,0,5,1,0,0,0,0,0,0,"- ","- ",35.062240000000003,-119.97295,"SAN LUIS OBISPO",UNINCORPORATED,-119.97292966000001,35.062277430000002
90387719,2017,2017-02-07,9745,2017-02-03,1805,017238,,5,2,9,4000,0,3,5,,2,004,"ORMONDE RD","PRICE CANYON RD",1584.00,E,N,B,-,N,,,,,,,,,,Y,3,0,1,1,A,-,08,22107,,N,E,I,A,B,H,-,A,D,0,,,,,Y,,A,07,0,1,0,0,0,0,0,0,0,"- ","- ",35.181049999999999,-120.61584000000001,"SAN LUIS OBISPO",UNINCORPORATED,-120.61931,35.177109999999999
9039293,2020,2020-02-20,4008,2020-01-23,1454,2133,,4,5,4,4008,0,0,0,,0,,"MARIQUITA AV","ROSARIO AV",115.00,W,N,A,-,N,,,,,,,,,,N,3,0,1,2,A,-,21,22106,,N,H,C,A,A,H,-,A,D,0,,,,,Y,,D,22,0,1,0,0,0,0,0,0,0,"- ","- ",35.494029998779297,-120.67021179199219,"SAN LUIS OBISPO",ATASCADERO,-120.67064666748047,35.493930816650391
90395652,2017,2017-02-17,9740,2017-01-27,0909,013984,,5,1,9,4000,0,3,5,,2,022,"ADELAIDA RD","NACIMIENTO LAKE DR",10560.00,W,N,A,-,N,,,,,,,,,,Y,3,0,1,1,A,-,03,22350,,N,E,I,A,C,G,H,A,D,0,,,,,Y,,A,07,0,1,0,0,0,0,0,0,0,"- ","- ",35.651649999999997,-120.73951,"SAN LUIS OBISPO",UNINCORPORATED,-120.7531068,35.652928989999999
90397414,2017,2017-02-21,9740,2017-02-07,1155,014543,,2,1,9,4000,0,1,2,,2,001,"US-101 NORTHBOUND",SR-58,4752.00,N,N,B,C,Y,,,101,,,,,,N,Y,4,0,1,1,A,-,03,22350,,N,E,I,A,B,H,-,A,D,0,,,,,Y,,A,01,0,0,1,0,0,0,0,0,0,"- ","- ",35.394950000000001,-120.62311,"SAN LUIS OBISPO",UNINCORPORATED,-120.62305028999999,35.394932820000001
90399683,2017,2017-02-24,9740,2017-02-12,1415,019259,,7,2,9,4000,0,3,5,,2,017,"S. EL POMAR ROAD","ALMOND DRIVE",1056.00,S,N,A,-,N,,,,,,,,,,N,3,0,1,1,C,-,18,,,N,E,J,A,A,H,-,A,D,0,,,Y,,Y,,-,"- ",0,1,0,0,0,0,0,0,1,"- ","- ",,,"SAN LUIS OBISPO",UNINCORPORATED,-120.61255453,35.536608579999999
90403961,2017,2017-03-01,9745,2017-02-19,1955,020229,,7,2,9,4000,0,1,3,,1,041,SR-1,"22ND STREET",0.00,,Y,B,C,Y,,,1,,,,,,,N,4,0,1,2,A,-,09,21802,A,N,D,G,A,B,H,-,C,A,0,,Y,,,Y,,A,01,0,0,1,0,0,0,1,0,0,"- ","- ",35.098219999999998,-120.60737,"SAN LUIS OBISPO",UNINCORPORATED,-120.60737052,35.098124149999997
90404983,2017,2017-03-02,9740,2017-02-20,1445,015854,,1,2,9,4000,0,1,2,,2,002,"US-101 SOUTHBOUND","MAIN ST",760.00,N,N,B,C,Y,,,101,,,,,,S,Y,3,0,4,3,A,-,03,22350,,N,C,C,A,B,H,-,A,D,0,,,,,Y,,A,07,0,2,2,0,0,0,0,0,0,"- ","- ",35.567349999999998,-120.70121,"SAN LUIS OBISPO",UNINCORPORATED,-120.70129548,35.567395769999997
90408784,2017,2017-03-09,9745,2017-03-06,1739,015144,,1,2,9,4000,0,1,2,,2,303,"US-101 SOUTHBOUND","AVILA BEACH DRIVE",1056.00,S,N,A,-,Y,,,101,,,,,,S,Y,4,0,1,3,A,-,03,22350,,N,C,C,A,A,H,-,A,D,0,,,,,Y,,A,07,0,0,1,0,0,0,0,0,0,"- ","- ",35.177100000000003,-120.6979,"SAN LUIS OBISPO",UNINCORPORATED,-120.69799736,35.177072070000001