CASE_ID,ACCIDENT_YEAR,PROC_DATE,JURIS,COLLISION_DATE,COLLISION_TIME,OFFICER_ID,REPORTING_DISTRICT,DAY_OF_WEEK,CHP_SHIFT,POPULATION,CNTY_CITY_LOC,SPECIAL_COND,BEAT_TYPE,CHP_BEAT_TYPE,CITY_DIVISION_LAPD,CHP_BEAT_CLASS,BEAT_NUMBER,PRIMARY_RD,SECONDARY_RD,DISTANCE,DIRECTION,INTERSECTION,WEATHER_1,WEATHER_2,STATE_HWY_IND,CALTRANS_COUNTY,CALTRANS_DISTRICT,STATE_ROUTE,ROUTE_SUFFIX,POSTMILE_PREFIX,POSTMILE,LOCATION_TYPE,RAMP_INTERSECTION,SIDE_OF_HWY,TOW_AWAY,COLLISION_SEVERITY,NUMBER_KILLED,NUMBER_INJURED,PARTY_COUNT,PRIMARY_COLL_FACTOR,PCF_CODE_OF_VIOL,PCF_VIOL_CATEGORY,PCF_VIOLATION,PCF_VIOL_SUBSECTION,HIT_AND_RUN,TYPE_OF_COLLISION,MVIW,PED_ACTION,ROAD_SURFACE,ROAD_COND_1,ROAD_COND_2,LIGHTING,CONTROL_DEVICE,CHP_ROAD_TYPE,PEDESTRIAN_ACCIDENT,BICYCLE_ACCIDENT,MOTORCYCLE_ACCIDENT,TRUCK_ACCIDENT,NOT_PRIVATE_PROPERTY,ALCOHOL_INVOLVED,STWD_VEHTYPE_AT_FAULT,CHP_VEHTYPE_AT_FAULT,COUNT_SEVERE_INJ,COUNT_VISIBLE_INJ,COUNT_COMPLAINT_PAIN,COUNT_PED_KILLED,COUNT_PED_INJURED,COUNT_BICYCLIST_KILLED,COUNT_BICYCLIST_INJURED,COUNT_MC_KILLED,COUNT_MC_INJURED,PRIMARY_RAMP,SECONDARY_RAMP,LATITUDE,LONGITUDE,COUNTY,CITY,POINT_X,POINT_Y
9041212,2019,2020-02-24,4006,2019-12-26,1203,77891,,4,5,4,4006,0,0,0,,0,,"LOS OSOS VALLEY","FROOM RANCH",0.00,,Y,A,-,N,,,,,,,,,,N,4,0,1,2,D,-,00,,,N,G,B,B,A,H,-,A,A,0,Y,,,,Y,,-,"- ",0,0,1,0,1,0,0,0,0,"- ","- ",35.252540588378906,-120.68769836425781,"SAN LUIS OBISPO","SAN LUIS OBISPO",-120.68763732910156,35.252529144287109
90428183,2017,2017-04-05,9745,2017-03-31,1220,013212,,5,1,9,4000,0,1,3,,2,023,"SR-1 NORTHBOUND","STENNER CREEK",0.00,,Y,A,-,Y,,,1,,,,,,N,Y,4,0,1,2,A,-,08,22100,B,N,D,C,A,A,H,-,A,D,0,,,,,Y,,A,07,0,0,1,0,0,0,0,0,0,"- ","- ",35.307969999999997,-120.68076000000001,"SAN LUIS OBISPO",UNINCORPORATED,-120.68076678,35.307961689999999
90431130,2017,2017-04-10,9740,2017-03-17,2117,014465,,5,2,9,4000,0,1,3,,2,010,"STATE ROUTE 41",SR-46,21120.00,N,N,A,-,Y,,,41,,,,,,,Y,1,1,2,2,A,-,01,23152,A,N,A,C,A,A,H,-,D,D,0,,,,,Y,Y,A,01,2,0,0,0,0,0,0,0,0,"- ","- ",35.77205,-120.23282,"SAN LUIS OBISPO",UNINCORPORATED,-120.23279721,35.772011079999999
90437848,2017,2017-04-19,9745,2017-04-14,1435,016714,,5,2,4,4006,0,1,2,,2,202,"US-101 S/B","MARSH ST.",118.00,N,N,A,-,Y,,,101,,,,,,S,Y,4,0,1,3,A,-,03,22350,,N,C,C,A,A,H,-,A,D,0,,,,,Y,,A,07,0,0,1,0,0,0,0,0,0,"- ","- ",35.275060000000003,-120.67118000000001,"SAN LUIS OBISPO","SAN LUIS OBISPO",-120.67127044999999,35.275091310000001
90438744,2017,2017-04-20,9740,2017-04-12,2212,015644,,3,3,9,4000,0,1,3,,2,008,"SR-46 E/B","WEST JCT. RTE. SR-41/ EAST CENTRE DR.",5280.00,E,N,B,-,Y,,,46,,,,,,E,Y,4,0,3,3,A,-,03,22350,,N,C,C,A,A,D,-,D,A,0,,,,,Y,,A,01,0,0,3,0,0,0,0,0,0,"- ","- ",35.673699999999997,-120.3498,"SAN LUIS OBISPO",UNINCORPORATED,-120.35002631,35.674065779999999
90440340,2017,2017-04-24,9740,2017-04-12,1735,018995,,3,2,9,4000,0,1,3,,2,008,"SR-46 (E/B)","CENTRE ST",0.00,,Y,B,-,Y,,,46,,,,,,,Y,4,0,2,2,A,-,09,21802,A,N,D,C,A,A,H,-,A,D,0,,,,,Y,,A,07,0,0,2,0,0,0,0,0,0,"- ","- ",35.661679999999997,-120.4141,"SAN LUIS OBISPO",UNINCORPORATED,-120.41409744000001,35.661406820000003
90442537,2017,2017-04-26,9740,2017-04-19,0040,018323,,3,3,9,4000,0,1,2,,2,003,"US-101 NORTHBOUND","SR-46 (WEST)",1584.00,N,N,A,-,Y,,,101,,,,,,N,Y,4,0,1,2,A,-,03,22350,,N,C,C,A,A,H,-,D,D,0,,,,,Y,,A,01,0,0,1,0,0,0,0,0,0,"- ","- ",35.595019999999998,-120.69533,"SAN LUIS OBISPO",UNINCORPORATED,-120.69524383,35.595017980000002
90454792,2017,2017-05-12,9745,2017-05-05,1159,017968,,5,1,9,4000,0,3,5,,2,002,"FOOTHILL BLVD","JOHE LANE",40.00,S,N,A,-,N,,,,,,,,,,Y,4,0,1,2,A,-,03,22350,,N,C,C,A,A,H,-,A,D,0,,,,,Y,,A,07,0,0,1,0,0,0,0,0,0,"- ","- ",35.283650000000002,-120.70435000000001,"SAN LUIS OBISPO",UNINCORPORATED,-120.70434787000001,35.283637740000003
90454939,2017,2017-05-12,9745,2017-05-08,1116,017151,,1,1,9,4000,0,1,2,,2,505,"US-101 SOUTHBOUND","LOS BERROS RD",3168.00,N,N,A,-,Y,,,101,,,,,,S,N,3,0,2,2,A,-,17,21658,,N,B,C,A,A,H,-,A,D,0,,,Y,,Y,,C,02,0,2,0,0,0,0,0,0,2,"- ","- ",35.079439999999998,-120.52628,"SAN LUIS OBISPO",UNINCORPORATED,-120.52626626,35.079455600000003
90457342,2017,2017-05-16,9740,2017-05-05,1110,014662,,5,1,9,4000,0,1,2,,2,004,"US 101 N/B","MONTEREY RD",135.00,S,N,A,-,Y,,,,,,,,,,Y,3,0,1,2,A,-,07,21658,A,N,C,C,A,A,H,-,A,D,0,,,Y,,Y,,C,02,0,1,0,0,0,0,0,0,1,"- ","- ",35.666600000000003,-120.6962,"SAN LUIS OBISPO",UNINCORPORATED,-120.69605552,35.666843069999999
90458721,2017,2017-05-18,9745,2017-05-12,0845,020144,,5,1,9,4000,0,2,4,,1,046,"PRICE CANYON RD",SR-227,528.00,W,N,B,-,N,,,,,,,,,,N,4,0,1,2,A,-,03,22350,,N,C,C,A,A,H,-,A,D,0,,,,,Y,,A,08,0,0,1,0,0,0,0,0,0,"- ","- ",35.198950000000004,-120.6101,"SAN LUIS OBISPO",UNINCORPORATED,-120.60983783,35.199471269999997
90458838,2017,2017-05-18,9745,2017-05-15,1534,015734,,1,2,9,4000,0,1,2,,2,303,"US-101 NORTHBOUND","SAN LUIS BAY DR",5280.00,N,N,B,-,Y,,,101,,,,,,N,Y,4,0,1,1,A,-,08,22107,,N,F,A,A,A,H,-,A,D,0,,,,,Y,,A,07,0,0,1,0,0,0,0,0,0,"- ","- ",35.215440000000001,-120.69634000000001,"SAN LUIS OBISPO",UNINCORPORATED,-120.69624776000001,35.215404630000002
90461771,2017,2017-05-23,9745,2017-05-21,1205,017238,,7,1,9,4000,0,1,2,,1,101,"US-101 NORTHBOUND","TASSAJARA CREEK ROAD",2112.00,S,N,A,-,Y,,,101,,,,,,N,N,3,0,2,2,A,-,03,22350,,N,C,C,A,A,H,-,A,D,0,,,Y,,Y,,C,02,0,1,1,0,0,0,0,0,2,"- ","- ",35.3491,-120.63096,"SAN LUIS OBISPO",UNINCORPORATED,-120.63098304,35.349076889999999
90467027,2017,2017-05-30,9740,2017-05-16,1628,013952,,2,2,3,4004,0,1,2,,2,003,"US 101 N/B","SR 46E",1056.00,S,N,A,-,Y,,,,,,,,,,Y,4,0,1,2,A,-,07,21658,A,N,B,C,A,A,H,-,A,D,0,,,,Y,Y,,D,22,0,0,1,0,0,0,0,0,0,"- ","- ",35.641030000000001,-120.684,"SAN LUIS OBISPO","PASO ROBLES",-120.69586449000001,35.5864683
90468414,2017,2017-05-31,9745,2017-05-26,0910,017144,,5,1,9,4000,0,1,3,,1,032,SR-227,"LOS RANCHOS RD",200.00,S,N,B,-,Y,,,227,,,,,,,N,4,0,1,2,A,-,03,22350,,N,C,C,A,A,H,-,A,D,0,,,,,Y,,A,07,0,0,1,0,0,0,0,0,0,"- ","- ",35.223379999999999,-120.62454,"SAN LUIS OBISPO",UNINCORPORATED,-120.62462463999999,35.223267849999999
90471304,2017,2017-06-05,9745,2017-05-29,1905,017817,,1,2,2,4005,0,1,2,,2,404,"US-101 NORTHBOUND","HINDS AVE.",850.00,S,N,A,-,Y,,,101,,,,,,N,Y,3,0,2,1,A,-,08,22107,,N,E,I,A,A,H,-,A,D,0,,,,,Y,,A,01,0,2,0,0,0,0,0,0,0,"- ","- ",35.139580000000002,-120.63630999999999,"SAN LUIS OBISPO","PISMO BEACH",-120.63620658000001,35.13977551
90481782,2017,2017-06-20,9745,2017-06-18,1434,017930,,7,2,9,4000,0,3,5,,2,004,"VALLEY RD","CIENAGA ST",114.00,N,N,A,-,N,,,,,,,,,,N,4,0,1,2,A,-,03,22350,,N,C,C,A,A,H,-,A,D,0,,,,,Y,,D,22,0,0,1,0,0,0,0,0,0,"- ","- ",35.098390000000002,-120.5821,"SAN LUIS OBISPO",UNINCORPORATED,-120.58197856,35.098459519999999
90501293,2017,2017-08-09,9740,2017-07-05,1518,014662,,3,2,4,4008,0,1,2,,2,002,"US 101 SB TO DEL RIO RD","DEL RIO RD",0.00,,Y,A,-,Y,,,,,,,,,,Y,4,0,1,2,A,-,12,21453,A,N,D,C,A,A,H,-,A,A,0,,,,,Y,,A,01,0,0,1,0,0,0,0,0,0,"- ","- ",35.512799999999999,-120.6998,"SAN LUIS OBISPO",ATASCADERO,-120.69949990000001,35.513200070000003
90506624,2017,2017-07-24,9740,2017-07-17,1820,013952,,1,2,9,4000,0,1,3,,1,015,"STATE ROUTE 1","RAGGED POINT INN",6864.00,N,N,A,-,Y,,,1,,,,,,,Y,2,0,1,1,A,-,08,22107,,N,E,I,A,A,H,-,A,D,0,,,Y,,Y,,C,02,1,0,0,0,0,0,0,0,1,"- ","- ",35.794829999999997,-121.34496,"SAN LUIS OBISPO",UNINCORPORATED,-121.34495287999999,35.794848209999998
90507681,2017,2017-07-25,9745,2017-07-14,0937,016773,,5,1,4,4006,0,1,3,,1,045,"SR-1 NORTHBOUND","VIA CONCHA RD",2904.00,N,N,A,-,Y,,,,,,,,,,Y,4,0,1,1,A,-,01,23152,F,N,E,I,A,A,H,-,A,D,0,,,,,Y,,A,01,0,0,1,0,0,0,0,0,0,"- ","- ",35.034019999999998,-120.56126,"SAN LUIS OBISPO","SAN LUIS OBISPO",-120.56171388,35.034673300000001
90513146,2017,2017-07-31,9745,2017-07-19,0105,019809,,3,3,9,4000,0,1,2,,2,505,"US 101 S/B","LOS BERROS RD",1700.00,N,N,A,-,Y,,,,,,,,,,Y,3,0,1,1,A,-,08,22107,,N,E,I,A,A,H,-,C,D,0,,,,,Y,,A,01,0,1,0,0,0,0,0,0,0,"- ","- ",35.075769999999999,-120.52141,"SAN LUIS OBISPO",UNINCORPORATED,,
90515858,2017,2017-08-03,9745,2017-07-30,1640,017151,,7,2,9,4000,0,3,5,,2,002,"CAYUCOS CREEK RD","PICACHIO RD",3696.00,W,N,A,-,N,,,,,,,,,,Y,3,0,1,1,A,-,01,23152,A,M,E,I,A,A,H,-,A,D,0,,,,,Y,Y,A,01,0,1,0,0,0,0,0,0,0,"- ","- ",35.463149999999999,-120.90842000000001,"SAN LUIS OBISPO",UNINCORPORATED,,
90523875,2017,2017-08-15,9745,2017-08-10,1805,019809,,4,2,9,4000,0,1,2,,2,505,"US 101 S/B","TEFFT STREET",440.00,N,N,A,-,Y,,,,,,,,,,Y,3,0,2,2,A,-,03,22350,,N,C,C,A,A,H,-,A,D,0,,,,,Y,,A,01,0,1,1,0,0,0,0,0,0,"- ","- ",35.038080000000001,-120.48577,"SAN LUIS OBISPO",UNINCORPORATED,,
90523946,2017,2017-08-15,9745,2017-08-11,1735,017097,,5,2,9,4000,0,3,5,,2,003,"SQUIRE CANYON RD","VIA VENADO",0.00,,Y,A,-,N,,,,,,,,,,N,3,0,1,2,A,-,09,21804,A,N,D,G,A,A,H,-,A,D,0,,Y,,,Y,,L,04,0,1,0,0,0,0,1,0,0,"- ","- ",35.193240000000003,-120.69212,"SAN LUIS OBISPO",UNINCORPORATED,-120.69208992,35.193190029999997
90530244,2017,2017-08-24,9745,2017-08-19,1730,017817,,6,2,2,4005,0,1,2,,2,404,"US-101 SOUTHBOUND","AVILA BEACH DR.",550.00,S,N,A,-,Y,,,101,,,,,,S,N,4,0,2,2,A,-,03,22350,,N,C,C,A,A,H,-,A,D,0,,,,,Y,,A,01,0,0,2,0,0,0,0,0,0,"- ","- ",35.178080000000001,-120.69808,"SAN LUIS OBISPO","PISMO BEACH",-120.69829382,35.177978109999998
90541146,2017,2017-09-05,9745,2017-09-05,1120,013531,,2,1,9,4000,0,3,5,,2,004,"VIA CONCHA ROAD","WILLOW ROAD",800.00,S,N,A,-,N,,,,,,,,,,Y,4,0,2,2,A,-,03,22350,,N,C,C,A,A,H,-,A,D,0,,,,,Y,,D,22,0,0,2,0,0,0,0,0,0,"- ","- ",35.044800000000002,-120.55046,"SAN LUIS OBISPO",UNINCORPORATED,-120.55047662,35.045152729999998
90542109,2017,2017-09-06,9740,2017-09-03,1834,017952,,7,2,9,4000,0,1,3,,1,009,SR-46,SR-41,262.00,W,N,A,-,Y,,,46,,,,,,,N,4,0,1,3,A,-,03,22350,,N,C,C,A,A,H,-,A,D,0,,,,,Y,,A,07,0,0,1,0,0,0,0,0,0,"- ","- ",35.73415,-120.28570999999999,"SAN LUIS OBISPO",UNINCORPORATED,-120.28572728,35.734250580000001
90545111,2017,2017-09-11,9745,2017-09-08,0818,017541,,5,1,9,4000,0,1,2,,2,505,"US-101 NORTHBOUND","WILLOW RD",2640.00,S,N,A,-,Y,,,101,,,,,,N,N,4,0,3,2,A,-,03,22350,,N,C,C,A,A,H,-,A,D,0,,,,,Y,,D,22,0,0,3,0,0,0,0,0,0,"- ","- ",35.049680000000002,-120.496,"SAN LUIS OBISPO",UNINCORPORATED,-120.49598269000001,35.049695489999998
90554450,2017,2017-09-25,9750,2017-09-02,1803,017496,,6,2,9,4000,0,1,3,,1,063,"SR-166 W/B","SIERRA MADRE RD",4500.00,E,N,A,-,Y,,,166,,,,,,W,Y,4,0,1,1,A,-,01,23152,A,N,F,A,A,A,H,-,A,D,0,,,,,Y,Y,A,07,0,0,1,0,0,0,0,0,0,"- ","- ",35.105930000000001,-120.07358000000001,"SAN LUIS OBISPO",UNINCORPORATED,-120.07358204000001,35.105927250000001
90555433,2017,2017-09-25,9740,2017-09-18,2245,016816,,1,3,9,4000,0,3,5,,2,018,"W. CENTRE ST.",SR-41,1056.00,E,N,A,-,N,,,,,,,,,,Y,4,0,1,1,C,-,18,,,N,E,H,A,A,H,-,D,D,0,,,,,Y,,-,"- ",0,0,1,0,0,0,0,0,0,"- ","- ",35.655459999999998,-120.39722999999999,"SAN LUIS OBISPO",UNINCORPORATED,-120.41288771000001,35.658816450000003
90564760,2017,2017-10-06,9745,2017-10-02,1427,014713,,1,2,9,4000,0,1,2,,1,101,"US-101 SOUTHBOUND","CUESTA SPRINGS ROAD",930.00,S,N,A,-,Y,,,101,,,,,,S,N,2,0,1,1,A,-,03,22350,,N,E,J,A,A,H,-,A,D,0,,Y,,,Y,,L,04,1,0,0,0,0,0,1,0,0,"- ","- ",35.348439999999997,-120.63081,"SAN LUIS OBISPO",UNINCORPORATED,-120.63070015,35.348525909999999
90572586,2017,2017-10-18,9740,2017-10-11,1817,014465,,3,2,9,4000,0,2,4,,2,012,"NACIMIENTO LAKE DR","FRAZIER RD",2112.00,E,N,A,-,N,,,,,,,,,,Y,3,0,1,1,A,-,08,22107,,N,F,A,A,A,H,-,B,D,0,,,,,Y,,A,07,0,1,0,0,0,0,0,0,0,"- ","- ",35.70523,-120.81685,"SAN LUIS OBISPO",UNINCORPORATED,-120.81698493,35.705175689999997
90581507,2017,2017-10-27,9745,2017-10-27,0800,013937,,5,1,9,4000,0,1,2,,2,505,"US-101 NORTHBOUND","WILLOW RD",2640.00,S,N,A,-,Y,,,101,,,,,,N,N,4,0,1,2,A,-,03,22350,,N,C,C,A,A,H,-,A,D,0,,,,,Y,,A,01,0,0,1,0,0,0,0,0,0,"- ","- ",35.048670000000001,-120.49522,"SAN LUIS OBISPO",UNINCORPORATED,-120.49513386,35.048747179999999
90590247,2017,2017-11-08,9745,2017-11-06,0800,013937,,1,1,9,4000,0,3,5,,2,005,"DIVISION STREET","BONITA SCHOOL ROAD",832.00,E,N,A,-,N,,,,,,,,,,Y,4,0,2,2,A,-,06,21750,,N,D,C,A,A,H,-,A,D,0,,,,,Y,,D,22,0,0,2,0,0,0,0,0,0,"- ","- ",35.004049999999999,-120.51611,"SAN LUIS OBISPO",UNINCORPORATED,-120.51623888,35.004046369999998
90594511,2017,2017-11-15,9740,2017-10-28,2325,014662,,6,3,9,4000,0,3,5,,2,017,"SOUTH EL POMAR RD","EL POMAR RD",792.00,N,N,A,-,N,,,,,,,,,,Y,3,0,2,1,A,-,01,23152,A,M,E,I,A,A,H,-,D,A,0,,,,,Y,Y,A,07,0,2,0,0,0,0,0,0,0,"- ","- ",35.555500000000002,-120.6126,"SAN LUIS OBISPO",UNINCORPORATED,-120.65897,35.52393
90595821,2017,2017-11-16,9745,2017-11-15,1406,013531,,3,2,9,4000,0,1,2,,2,505,"US-101 NORTHBOUND","WILLOW ROAD",2000.00,S,N,A,-,Y,,,101,,,,,,N,Y,3,0,3,2,A,-,03,22350,,N,C,C,A,A,C,-,A,D,0,,,,,Y,,A,01,0,1,2,0,0,0,0,0,0,"- ","- ",35.048729999999999,-120.49518,"SAN LUIS OBISPO",UNINCORPORATED,-120.49514587,35.04876058
90599696,2017,2017-11-21,9745,2017-11-17,1853,016002,,5,2,3,4001,0,1,2,,2,402,"US-101 SOUTHBOUND","OAK PARK BLVD",528.00,S,N,A,-,Y,,,101,,,,,,S,Y,4,0,1,2,A,-,03,22350,,N,C,C,A,A,H,-,C,D,0,,,,,Y,,A,01,0,0,1,0,0,0,0,0,0,"- ","- ",35.129109999999997,-120.6032,"SAN LUIS OBISPO","ARROYO GRANDE",-120.60321243999999,35.129081960000001
90609996,2017,2017-12-05,9740,2017-11-26,1430,014662,,7,2,4,4008,0,1,2,,2,002,"US-101 NORTHBOUND","DEL RIO RD",250.00,N,N,B,-,Y,,,,,,,,,,Y,3,0,2,2,A,-,04,21703,,N,C,C,A,A,H,-,A,D,0,,,,,Y,,A,07,0,2,0,0,0,0,0,0,0,"- ","- ",35.512,-120.608,"SAN LUIS OBISPO",ATASCADERO,-120.69973143,35.513848660000001
90612656,2017,2017-12-07,9745,2017-11-27,0756,016773,,1,1,9,4000,0,1,2,,1,101,"US-101 NORTHBOUND",SR-58,1500.00,S,N,A,-,Y,,,101,,,,,,N,N,4,0,1,1,A,-,08,22107,,N,E,I,A,A,H,-,A,D,0,,,,,Y,,A,01,0,0,1,0,0,0,0,0,0,"- ","- ",35.377989999999997,-120.63507,"SAN LUIS OBISPO",UNINCORPORATED,-120.63503652999999,35.377959449999999
90612886,2017,2018-02-15,9745,2017-10-06,0725,016390,,5,1,9,4000,0,2,4,,1,049,"CORBETT CANYON ROAD",SR-227,2640.00,E,N,A,-,N,,,,,,,,,,Y,1,1,0,2,A,-,03,22350,,N,H,G,A,A,H,-,B,D,0,,Y,,,Y,,A,01,0,0,0,0,0,1,0,0,0,"- ","- ",35.196219999999997,-120.59408000000001,"SAN LUIS OBISPO",UNINCORPORATED,-120.59425228000001,35.196265250000003
90618236,2017,2017-12-15,9745,2017-12-14,1328,016714,,4,1,9,4000,0,2,4,,1,025,"LOS OSOS VALLEY RD. (2800 BLOCK)","JACARANDA LN",1584.00,W,N,A,-,N,,,,,,,,,,Y,4,0,1,1,A,-,08,22107,,N,E,I,A,A,H,-,A,D,0,,,,,Y,,A,07,0,0,1,0,0,0,0,0,0,"- ","- ",35.301789999999997,-120.79303,"SAN LUIS OBISPO",UNINCORPORATED,-120.79496454,35.302231239999998
90631736,2017,2018-01-03,9740,2017-12-29,0005,014543,,5,3,9,4000,0,3,5,,2,022,"INTERLAKE RD","BEE ROCK RD",299.00,E,N,A,-,N,,,,,,,,,,Y,2,0,1,1,A,-,01,23152,A,N,E,I,A,A,H,-,D,D,0,,,,,Y,Y,A,01,1,0,0,0,0,0,0,0,0,"- ","- ",35.788600000000002,-120.9384,"SAN LUIS OBISPO",UNINCORPORATED,-120.93841854,35.788518770000003
90635285,2018,2018-01-08,9745,2018-01-04,1803,016714,,4,2,9,4000,0,2,4,,1,025,"LOS OSOS VALLEY RD. (1000 BLOCK)","BAYVIEW HEIGHTS DR.",4.00,E,N,C,-,N,,,,,,,,,,N,4,0,1,2,A,-,10,21950,A,N,G,B,B,B,H,-,C,A,0,Y,,,,Y,,A,01,0,0,1,0,1,0,0,0,0,"- ","- ",35.311229705810547,-120.83302307128906,"SAN LUIS OBISPO",UNINCORPORATED,-120.83313751220703,35.311237335205078
90644073,2018,2018-01-22,9750,2018-01-15,1203,014820,,1,1,9,4000,0,1,3,,1,063,SR-166,"SIERRA MADRE RD",30096.00,E,N,A,-,Y,,,166,,,,,,,Y,3,0,1,1,A,-,08,22107,,N,F,A,A,A,H,-,A,D,0,,,,Y,Y,,F,26,0,1,0,0,0,0,0,0,0,"- ","- ",35.076969146728516,-120.00399017333984,"SAN LUIS OBISPO",UNINCORPORATED,-120.00405120849609,35.076915740966797
90644627,2018,2018-01-22,9745,2018-01-14,1210,016773,,7,1,9,4000,0,1,2,,2,402,"US-101 SOUTHBOUND","EL CAMPO RD",200.00,N,N,A,-,Y,,,101,,,,,,S,Y,2,0,1,1,A,-,01,23152,A,N,E,J,A,A,H,-,A,D,0,,,,,Y,Y,A,01,1,0,0,0,0,0,0,0,0,"- ","- ",35.112571716308594,-120.56790924072266,"SAN LUIS OBISPO",UNINCORPORATED,-120.56790161132812,35.112586975097656
90650121,2018,2018-01-29,9745,2018-01-25,1603,016714,,4,2,2,4003,0,1,3,,2,022,"SR-1 S/B TO SOUTH BAY BLVD. OFF-RAMP","SOUTH BAY BLVD.",218.00,N,N,A,-,Y,,,1,,,,R,,S,Y,3,0,1,1,A,-,08,22107,,N,F,I,A,A,H,-,A,D,0,,,,,Y,,D,22,0,1,0,0,0,0,0,0,0,"- ","- ",35.364028930664062,-120.82431793212891,"SAN LUIS OBISPO","MORRO BAY",-120.82431793212891,35.364028930664062
90650279,2018,2018-01-29,9740,2018-01-27,0022,016849,,6,3,3,4004,0,1,2,,2,003,"US-101 NORTHBOUND","NORTH SPRING STREET",515.00,S,N,A,-,Y,,,101,,,,,,N,Y,3,0,1,1,A,-,01,23152,A,N,E,I,A,A,H,-,D,D,0,,,,,Y,Y,A,01,0,1,0,0,0,0,0,0,0,"- ","- ",35.652999877929688,-120.69239807128906,"SAN LUIS OBISPO","PASO ROBLES",-120.6923828125,35.653034210205078
90654753,2018,2018-02-05,9740,2018-02-01,1900,015854,,4,2,9,4000,0,1,2,,2,001,"US-101 NORTHBOUND","SANTA BARBARA RD",8448.00,S,N,A,-,Y,,,101,,,,,,N,Y,4,0,1,2,A,-,07,21658,A,N,C,C,A,A,H,-,D,D,0,,,,Y,Y,,F,55,0,0,1,0,0,0,0,0,0,"- ","- ",35.422451019287109,-120.63108825683594,"SAN LUIS OBISPO",UNINCORPORATED,-120.63101959228516,35.4224853515625
90655568,2018,2018-02-06,9740,2018-01-27,0245,018995,,6,3,3,4004,0,2,S,,2,901,"DERBY LN","MAPLE ST",458.00,W,N,A,-,N,,,,,,,,,,Y,4,0,1,1,A,-,08,22107,,N,F,A,A,A,H,-,D,D,0,,,,,Y,,A,07,0,0,1,0,0,0,0,0,0,"- ","- ",35.619579315185547,-120.69985961914062,"SAN LUIS OBISPO","PASO ROBLES",-120.69979858398438,35.619609832763672
90657255,2018,2018-02-08,9740,2018-02-04,1755,015854,,7,2,9,4000,0,3,5,,2,016,"WEST POZO RD",SR-58,8976.00,S,N,A,-,N,,,,,,,,,,Y,2,0,1,1,A,-,01,23152,A,N,E,I,A,A,H,-,D,D,0,,,,,Y,Y,A,01,1,0,0,0,0,0,0,0,0,"- ","- ",35.369560241699219,-120.56099700927734,"SAN LUIS OBISPO",UNINCORPORATED,-120.56168365478516,35.370082855224609
90661151,2018,2018-02-14,9745,2018-02-11,1820,019809,,7,2,9,4000,0,1,2,,2,505,"US 101 N/B","TEFFT STREET",2800.00,N,N,B,-,Y,,,,,,,,,,Y,3,0,4,1,A,-,08,22107,,N,E,I,A,A,H,-,D,D,0,,,,,Y,,A,01,0,3,1,0,0,0,0,0,0,"- ","- ",35.043670654296875,-120.4901123046875,"SAN LUIS OBISPO",UNINCORPORATED,-120.49009704589844,35.043098449707031
90662162,2018,2018-02-15,9745,2018-01-23,1146,014910,,2,1,9,4000,0,1,2,,2,303,US-101,"SAN LUIS BAY DR",528.00,N,N,A,-,Y,,,101,,,,,,,Y,3,0,1,2,A,-,07,21658,A,F,E,I,A,A,H,-,A,D,0,,,,,Y,,A,01,0,1,0,0,0,0,0,0,0,"- ","- ",35.198631286621094,-120.69873046875,"SAN LUIS OBISPO",UNINCORPORATED,-120.69867706298828,35.1986083984375
90663276,2018,2018-02-16,9745,2018-02-15,1512,020144,,4,2,9,4000,0,1,2,,2,303,"US-101 SOUTHBOUND","HIGUERA ST",300.00,S,N,A,-,Y,,,101,,,,,,S,Y,3,0,1,2,A,-,03,22350,,N,C,C,A,A,H,-,A,D,0,,,,,Y,,A,07,0,1,0,0,0,0,0,0,0,"- ","- ",35.223049163818359,-120.69184112548828,"SAN LUIS OBISPO",UNINCORPORATED,-120.69183349609375,35.223049163818359
90678311,2018,2018-03-08,9740,2018-03-06,0825,013733,,2,1,9,4000,0,1,2,,2,001,"US-101 SOUTHBOUND","SANTA BARBARA ROAD",5280.00,S,N,B,-,Y,,,101,,,,,,S,Y,3,0,1,2,A,-,03,22350,,N,C,C,A,A,H,-,A,D,0,,,,,Y,,A,01,0,1,0,0,0,0,0,0,0,"- ","- ",35.423740386962891,-120.63178253173828,"SAN LUIS OBISPO",UNINCORPORATED,-120.63187408447266,35.423690795898438
90678900,2018,2018-03-09,9745,2018-03-08,1640,020689,,4,2,9,4000,0,1,3,,1,032,SR-227,"BIDDLE RANCH RD",0.00,,Y,A,-,Y,,,227,,,,,,,Y,4,0,4,3,A,-,12,22450,A,F,D,C,A,A,H,-,A,A,0,,,,,Y,,A,01,0,0,4,0,0,0,0,0,0,"- ","- ",35.214988708496094,-120.61627960205078,"SAN LUIS OBISPO",UNINCORPORATED,-120.61637878417969,35.214977264404297