CASE_ID,ACCIDENT_YEAR,PROC_DATE,JURIS,COLLISION_DATE,COLLISION_TIME,OFFICER_ID,REPORTING_DISTRICT,DAY_OF_WEEK,CHP_SHIFT,POPULATION,CNTY_CITY_LOC,SPECIAL_COND,BEAT_TYPE,CHP_BEAT_TYPE,CITY_DIVISION_LAPD,CHP_BEAT_CLASS,BEAT_NUMBER,PRIMARY_RD,SECONDARY_RD,DISTANCE,DIRECTION,INTERSECTION,WEATHER_1,WEATHER_2,STATE_HWY_IND,CALTRANS_COUNTY,CALTRANS_DISTRICT,STATE_ROUTE,ROUTE_SUFFIX,POSTMILE_PREFIX,POSTMILE,LOCATION_TYPE,RAMP_INTERSECTION,SIDE_OF_HWY,TOW_AWAY,COLLISION_SEVERITY,NUMBER_KILLED,NUMBER_INJURED,PARTY_COUNT,PRIMARY_COLL_FACTOR,PCF_CODE_OF_VIOL,PCF_VIOL_CATEGORY,PCF_VIOLATION,PCF_VIOL_SUBSECTION,HIT_AND_RUN,TYPE_OF_COLLISION,MVIW,PED_ACTION,ROAD_SURFACE,ROAD_COND_1,ROAD_COND_2,LIGHTING,CONTROL_DEVICE,CHP_ROAD_TYPE,PEDESTRIAN_ACCIDENT,BICYCLE_ACCIDENT,MOTORCYCLE_ACCIDENT,TRUCK_ACCIDENT,NOT_PRIVATE_PROPERTY,ALCOHOL_INVOLVED,STWD_VEHTYPE_AT_FAULT,CHP_VEHTYPE_AT_FAULT,COUNT_SEVERE_INJ,COUNT_VISIBLE_INJ,COUNT_COMPLAINT_PAIN,COUNT_PED_KILLED,COUNT_PED_INJURED,COUNT_BICYCLIST_KILLED,COUNT_BICYCLIST_INJURED,COUNT_MC_KILLED,COUNT_MC_INJURED,PRIMARY_RAMP,SECONDARY_RAMP,LATITUDE,LONGITUDE,COUNTY,CITY,POINT_X,POINT_Y
90680051,2018,2018-03-12,9745,2018-02-27,0755,017541,,2,1,9,4000,0,3,5,,2,004,"RAILROAD ST","PERSHING DR",125.00,E,N,A,-,N,,,,,,,,,,N,4,0,1,1,A,-,03,22350,,N,E,I,A,B,H,-,A,D,0,,,,,Y,,D,22,0,0,1,0,0,0,0,0,0,"- ","- ",35.105609893798828,-120.62261199951172,"SAN LUIS OBISPO",UNINCORPORATED,-120.62270355224609,35.105701446533203
90683150,2018,2018-03-15,9745,2018-03-13,0715,013212,,2,1,9,4000,0,3,5,,2,004,"HALCYON RD","MOUNTAIN VIEW RD",15.00,S,N,B,C,N,,,,,,,,,,N,4,0,1,2,A,-,03,22350,,N,C,C,A,B,H,-,A,D,0,,,,,Y,,A,01,0,0,1,0,0,0,0,0,0,"- ","- ",35.083660125732422,-120.58953094482422,"SAN LUIS OBISPO",UNINCORPORATED,-120.589599609375,35.083717346191406
90690172,2018,2018-03-26,9740,2018-03-13,0915,013133,,2,1,9,4000,0,1,3,,2,008,SR-46,"BRANCH ROAD",2112.00,E,N,C,-,Y,,,46,,,,,,,Y,4,0,1,1,A,-,08,22107,,M,E,I,A,B,H,-,A,D,0,,,,,Y,,A,01,0,0,1,0,0,0,0,0,0,"- ","- ",35.659099578857422,-120.57076263427734,"SAN LUIS OBISPO",UNINCORPORATED,-120.57076263427734,35.659290313720703
90691976,2018,2018-03-28,9745,2018-03-24,1150,020229,,6,1,9,4000,0,2,4,,1,025,"LOS OSOS VALLEY RD","PARADISE LN",124.00,E,N,A,-,N,,,,,,,,,,Y,3,0,1,2,A,-,03,22350,,N,C,C,A,A,H,-,A,D,0,,,,,Y,,A,07,0,1,0,0,0,0,0,0,0,"- ","- ",35.301658630371094,-120.79297637939453,"SAN LUIS OBISPO",UNINCORPORATED,-120.79279327392578,35.301513671875
9071865,2020,2020-05-20,4004,2020-02-14,1800,1427,,5,5,3,4004,0,0,0,,0,,"NIBLICK RD","RIVER RD",417.00,W,N,A,-,N,,,,,,,,,,N,4,0,1,2,A,-,03,22350,,N,C,C,A,A,H,-,C,D,0,,,,,Y,,A,01,0,0,1,0,0,0,0,0,0,"- ","- ",35.615009307861328,-120.68020629882812,"SAN LUIS OBISPO","PASO ROBLES",-120.68167114257812,35.615036010742188
90724145,2018,2018-05-10,9745,2018-05-05,1016,016714,,6,1,9,4000,0,2,4,,1,024,"SOUTH BAY BLVD. (100 BLOCK)","TURRI RD.",229.00,N,N,A,-,N,,,,,,,,,,Y,4,0,2,2,A,-,03,22350,,N,C,C,A,A,H,-,A,D,0,,,,,Y,,A,07,0,0,2,0,0,0,0,0,0,"- ","- ",35.337299346923828,-120.82333374023438,"SAN LUIS OBISPO",UNINCORPORATED,-120.82331848144531,35.337249755859375
90728010,2018,2018-05-16,9745,2018-05-09,1656,016002,,3,2,9,4000,0,2,4,,1,055,"TEFFT STREET","S. OAK GLEN AVE.",40.00,E,N,A,-,N,,,,,,,,,,N,3,0,1,1,C,-,18,,,N,F,A,A,A,H,-,A,D,0,,Y,,,Y,,-,"- ",0,1,0,0,0,0,1,0,0,"- ","- ",35.037830352783203,-120.48268127441406,"SAN LUIS OBISPO",UNINCORPORATED,-120.48287963867188,35.037853240966797
90728831,2018,2018-05-17,9740,2018-02-18,1650,020773,,7,2,4,4008,0,1,2,,2,002,"US-101 NORTHBOUND","DEL RIO ROAD",2640.00,N,N,A,-,Y,,,101,,,,,,N,Y,1,1,1,5,A,-,01,23152,G,N,B,C,A,A,H,-,A,D,0,,,,,Y,Y,A,01,1,0,0,0,0,0,0,0,0,"- ","- ",35.519050598144531,-120.70329284667969,"SAN LUIS OBISPO",ATASCADERO,-120.70331573486328,35.519035339355469
90730537,2018,2018-05-21,9745,2018-05-20,0616,016714,,7,1,9,4000,0,1,3,,1,021,"SR-1 S/B (CABRILLO HIGHWAY)","13TH ST.",234.00,N,N,A,-,Y,,,1,,,,,,S,Y,2,0,1,2,A,-,08,22107,,N,E,I,A,A,H,-,A,D,0,,,,,Y,,A,07,1,0,0,0,0,0,0,0,0,"- ","- ",35.443069458007812,-120.89128875732422,"SAN LUIS OBISPO",UNINCORPORATED,-120.89120483398438,35.443134307861328
90740395,2018,2018-06-04,9745,2018-05-27,1019,016773,,7,1,9,4000,0,1,3,,1,032,"SR-227 NORTHBOUND","PRICE CANYON RD",528.00,N,N,A,-,Y,,,227,,,,,,N,N,4,0,1,2,A,-,03,22350,,N,C,C,A,A,H,-,A,D,0,,,,,Y,,A,01,0,0,1,0,0,0,0,0,0,"- ","- ",35.20166015625,-120.61048889160156,"SAN LUIS OBISPO",UNINCORPORATED,-120.61052703857422,35.201595306396484
9074360,2020,2020-09-01,4004,2020-03-04,1728,890,,3,5,3,4004,0,0,0,,0,,"NIBLICK RD","QUARTERHORSE LN",0.00,,Y,A,-,N,,,,,,,,,,,4,0,1,2,A,-,03,22350,,N,C,C,A,A,H,-,A,D,0,,,,,Y,,A,07,0,0,1,0,0,0,0,0,0,"- ","- ",35.615589141845703,-120.67758941650391,"SAN LUIS OBISPO","PASO ROBLES",-120.67769622802734,35.615608215332031
90748248,2018,2018-06-14,9745,2018-06-06,1317,014713,,3,1,9,4000,0,3,5,,2,003,"HIGUERA ST","OCTAGON WAY",1056.00,S,N,A,-,N,,,,,,,,,,N,3,0,1,1,C,-,18,,,N,H,A,A,A,H,-,A,D,0,,Y,,,Y,,-,"- ",0,1,0,0,0,0,1,0,0,"- ","- ",35.234729766845703,-120.68283843994141,"SAN LUIS OBISPO",UNINCORPORATED,-120.68280029296875,35.234699249267578
90749814,2018,2018-06-18,9740,2018-06-06,1010,013984,,3,1,9,4000,0,1,3,,2,011,SR-46,"GREEN VALLEY RD",34320.00,E,N,A,-,Y,,,46,,,,,,,N,2,0,1,1,A,-,03,22350,,N,F,I,A,A,H,-,A,D,0,,Y,,,Y,,L,04,1,0,0,0,0,0,1,0,0,"- ","- ",35.550041198730469,-120.93965911865234,"SAN LUIS OBISPO",UNINCORPORATED,-120.93966674804688,35.550022125244141
90752253,2018,2018-06-20,9745,2018-06-14,1740,020689,,4,2,4,4006,0,1,2,,2,202,"US-101 SOUTHBOUND","CHORRO ST",200.00,N,N,A,-,Y,,,101,,,,,,S,Y,4,0,1,4,A,-,03,22350,,N,C,C,A,A,H,-,A,D,0,,,,,Y,,D,22,0,0,1,0,0,0,0,0,0,"- ","- ",35.284530639648438,-120.66649627685547,"SAN LUIS OBISPO","SAN LUIS OBISPO",-120.66653442382812,35.284568786621094
90753078,2018,2018-06-21,9745,2018-06-18,1704,020211,,1,2,9,4000,0,1,2,,2,505,"US-101 SOUTHBOUND","EL CAMPO RD",25.00,S,N,A,-,Y,,,101,,,,,,S,Y,4,0,2,2,A,-,03,22350,,N,C,C,A,A,H,-,A,D,0,,,,,Y,,A,01,0,0,2,0,0,0,0,0,0,"- ","- ",35.111160278320312,-120.56349182128906,"SAN LUIS OBISPO",UNINCORPORATED,-120.56349945068359,35.111125946044922
90754521,2018,2018-06-25,9740,2018-06-16,2340,017952,,6,3,9,4000,0,2,4,,2,012,"NACIMIENTO LAKE DR","ADELAIDA RD",175.00,S,N,A,-,N,,,,,,,,,,Y,2,0,1,1,A,-,08,22107,,N,E,I,A,A,H,-,D,D,0,,,,,Y,,A,01,1,0,0,0,0,0,0,0,0,"- ","- ",35.649570465087891,-120.71991729736328,"SAN LUIS OBISPO",UNINCORPORATED,-120.72002410888672,35.649555206298828
90754978,2018,2018-06-25,9740,2018-06-18,1040,014460,,1,1,9,4000,0,1,3,,2,007,SR-41,"STRAW RIDGE ROAD",1584.00,N,N,A,-,Y,,,41,,,,,,,Y,2,0,2,2,A,-,05,21460,A,N,A,C,A,A,H,-,A,D,0,,,,,Y,,A,07,1,0,1,0,0,0,0,0,0,"- ","- ",35.534290313720703,-120.5367431640625,"SAN LUIS OBISPO",UNINCORPORATED,-120.5367431640625,35.534313201904297
90759753,2018,2018-06-29,9745,2018-06-22,1135,016002,,5,1,9,4000,0,1,2,,2,505,"US-101 NORTHBOUND","LOS BERROS RD",1584.00,S,N,A,-,Y,,,101,,,,,,N,Y,4,0,1,2,A,-,03,22350,,N,C,C,A,A,H,-,A,D,0,,,,,Y,,A,01,0,0,1,0,0,0,0,0,0,"- ","- ",35.068241119384766,-120.51284027099609,"SAN LUIS OBISPO",UNINCORPORATED,-120.51285552978516,35.068222045898438
90768968,2018,2018-07-13,9745,2018-07-12,1225,020211,,4,1,9,4000,0,3,5,,2,005,"DIVISION STREET","BONITA SCHOOL ROAD",528.00,E,N,A,-,N,,,,,,,,,,Y,4,0,1,2,A,-,08,22107,,N,D,C,A,A,H,-,A,D,0,,,,,Y,,M,44,0,0,1,0,0,0,0,0,0,"- ","- ",35.0040283203125,-120.51640319824219,"SAN LUIS OBISPO",UNINCORPORATED,-120.51722717285156,35.003864288330078
90781099,2018,2018-07-31,9745,2018-07-24,0757,014713,,2,1,9,4000,0,1,3,,2,023,"SR-1 SOUTHBOUND","WESTMONT AVE",750.00,N,N,A,-,Y,,,1,,,,,,S,Y,3,0,1,1,A,-,08,22107,,N,E,I,A,A,H,-,A,D,0,,,,,Y,,A,07,0,1,0,0,0,0,0,0,0,"- ","- ",35.303218841552734,-120.67711639404297,"SAN LUIS OBISPO",UNINCORPORATED,-120.67705535888672,35.303249359130859
90786845,2018,2018-08-08,9745,2018-08-01,1144,016390,,3,1,9,4000,0,3,5,,2,004,"BEVERLY DRIVE","DIVISION STREET",0.00,,Y,A,-,N,,,,,,,,,,Y,4,0,1,2,A,-,09,21802,A,N,D,C,A,A,H,-,A,A,0,,,,,Y,,A,07,0,0,1,0,0,0,0,0,0,"- ","- ",35.026611328125,-120.48255157470703,"SAN LUIS OBISPO",UNINCORPORATED,-120.48255920410156,35.026611328125
90792972,2018,2018-08-17,9745,2018-08-11,2210,020689,,6,3,9,4000,0,2,4,,1,048,"AVILA BEACH DRIVE","SAN MIGUEL ST",0.00,,Y,A,-,N,,,,,,,,,,Y,2,0,1,2,A,-,09,21801,A,N,A,C,A,A,H,-,C,D,0,,,Y,,Y,,A,01,1,0,0,0,0,0,0,0,1,"- ","- ",35.182079315185547,-120.73269653320312,"SAN LUIS OBISPO",UNINCORPORATED,-120.73268127441406,35.182121276855469
90793644,2018,2018-08-20,9740,2018-08-03,1458,018988,,5,2,3,4004,0,1,2,,2,003,"US-101 NORTHBOUND","NIBLICK RD OVERCROSSING",913.00,S,N,A,-,Y,,,101,,,,,,N,Y,4,0,2,2,A,-,08,22107,,N,E,I,A,A,H,-,A,D,0,,,,,Y,,A,01,0,0,2,0,0,0,0,0,0,"- ","- ",35.612838745117188,-120.69007110595703,"SAN LUIS OBISPO","PASO ROBLES",-120.6900634765625,35.612834930419922
90797704,2018,2018-08-27,9745,2018-08-20,1050,014713,,1,1,9,4000,0,2,4,,1,025,"LOS OSOS VALLEY RD","CLARK VALLEY RD",368.00,W,N,A,-,N,,,,,,,,,,N,3,0,1,2,A,-,08,22107,,N,C,G,A,A,H,-,A,D,0,,Y,,,Y,,A,07,0,1,0,0,0,0,1,0,0,"- ","- ",35.303791046142578,-120.80207061767578,"SAN LUIS OBISPO",UNINCORPORATED,-120.80192565917969,35.303691864013672
90797794,2018,2018-08-27,9745,2018-08-22,1830,017097,,3,2,9,4000,0,1,2,,1,101,"US-101 SB","VISTA DEL CIUDAD",250.00,N,N,A,-,Y,,,101,,,,,,S,Y,3,0,3,2,A,-,07,21658,A,N,C,C,A,A,H,-,A,D,0,,,,,Y,,A,01,0,3,0,0,0,0,0,0,0,"- ","- ",35.326301574707031,-120.62024688720703,"SAN LUIS OBISPO",UNINCORPORATED,-120.62028503417969,35.326301574707031
90799289,2018,2018-08-27,9745,2018-08-20,1202,017541,,1,1,9,4000,0,3,5,,2,005,"HETRICK AVE","SUMMIT STATION RD",875.00,S,N,A,-,N,,,,,,,,,,Y,4,0,1,1,A,-,08,22107,,N,E,I,A,A,H,-,A,D,0,,,,,Y,,A,01,0,0,1,0,0,0,0,0,0,"- ","- ",35.059158325195312,-120.52012634277344,"SAN LUIS OBISPO",UNINCORPORATED,-120.51971435546875,35.058712005615234
90809494,2018,2018-09-10,9740,2018-09-07,1603,016849,,5,2,9,4000,0,1,3,,2,007,SR-41,"RAPTOR RIDGE",150.00,E,N,A,-,Y,,,41,,,,,,,Y,4,0,1,2,A,-,03,22350,,N,B,C,A,A,H,-,A,A,0,,,,,Y,,A,01,0,0,1,0,0,0,0,0,0,"- ","- ",35.510490417480469,-120.6236572265625,"SAN LUIS OBISPO",UNINCORPORATED,-120.62367248535156,35.510478973388672
90810187,2018,2018-11-13,9745,2018-09-04,1612,020211,,2,2,9,4000,0,3,5,,2,005,"S. FRONTAGE ROAD","HILL ST",0.00,,Y,A,-,N,,,,,,,,,,N,3,0,1,2,A,-,09,21802,A,F,H,G,A,A,H,-,A,A,0,,Y,,,Y,,A,01,0,1,0,0,0,0,1,0,0,"- ","- ",35.0347900390625,-120.48300933837891,"SAN LUIS OBISPO",UNINCORPORATED,-120.48300933837891,35.034839630126953
90813261,2018,2018-09-14,9745,2018-09-07,1525,019809,,5,2,9,4000,0,1,3,,1,011,SR-41,"TORO CREEK RD",1000.00,N,N,A,-,Y,,,41,,,,,,,Y,4,0,1,1,A,-,03,22350,,N,E,I,A,A,H,-,A,D,0,,,,,Y,,D,22,0,0,1,0,0,0,0,0,0,"- ","- ",35.458160400390625,-120.74958038330078,"SAN LUIS OBISPO",UNINCORPORATED,-120.74958801269531,35.458168029785156
90817872,2018,2018-09-20,9745,2018-09-17,1520,017151,,1,2,4,4006,0,1,2,,2,202,"US-101 SOUTHBOUND","BROAD ST",20.00,S,N,A,-,Y,,,101,,,,,,S,Y,4,0,1,3,A,-,07,21658,A,F,C,C,A,A,H,-,A,D,0,,,,,Y,,A,01,0,0,1,0,0,0,0,0,0,"- ","- ",35.284099578857422,-120.66699981689453,"SAN LUIS OBISPO","SAN LUIS OBISPO",-120.66702270507812,35.284130096435547
90819898,2018,2018-09-24,9745,2018-09-21,1205,017541,,5,1,9,4000,0,3,5,,2,004,"CORBETT CANYON RD","TIFFANY RCH RD",1584.00,N,N,A,-,N,,,,,,,,,,Y,3,0,1,2,A,-,06,21750,A,N,D,C,A,A,H,-,A,D,0,,,,,Y,,A,07,0,1,0,0,0,0,0,0,0,"- ","- ",35.185321807861328,-120.57752227783203,"SAN LUIS OBISPO",UNINCORPORATED,-120.57803344726562,35.185756683349609
90821222,2018,2018-09-25,9745,2018-09-13,0953,014910,,4,1,9,4000,0,1,2,,1,101,"US-101 SOUTHBOUND","TASSAJARA CREEK ROAD",3168.00,S,N,A,-,Y,,,101,,,,,,S,Y,4,0,3,2,A,-,08,22107,,N,D,C,A,A,H,-,A,D,0,,,,,Y,,A,01,0,0,3,0,0,0,0,0,0,"- ","- ",35.360721588134766,-120.63800048828125,"SAN LUIS OBISPO",UNINCORPORATED,-120.63820648193359,35.360645294189453
90822761,2018,2018-09-27,9740,2018-09-23,0255,017426,,7,3,9,4000,0,1,2,,2,002,"US-101 SOUTHBOUND","MAIN ST.",2640.00,N,N,A,-,Y,,,101,,,,,,S,Y,4,0,1,1,A,-,03,22350,,N,F,A,A,A,H,-,D,D,0,,,,,Y,,D,22,0,0,1,0,0,0,0,0,0,"- ","- ",35.573230743408203,-120.69841003417969,"SAN LUIS OBISPO",UNINCORPORATED,-120.69831848144531,35.573188781738281
90832813,2018,2018-10-10,9745,2018-10-06,1845,020689,,6,2,9,4000,0,1,3,,1,041,SR-1,"PIER AVE",30.00,S,N,A,-,Y,,,1,,,,,,,N,4,0,1,2,A,-,03,22350,,N,C,C,A,A,H,-,B,D,0,,,,,Y,,A,01,0,0,1,0,0,0,0,0,0,"- ","- ",35.107101440429688,-120.62329864501953,"SAN LUIS OBISPO",UNINCORPORATED,-120.62329864501953,35.107101440429688
90837601,2018,2018-10-16,9740,2018-10-09,2000,019700,,2,2,3,4004,0,1,2,,2,003,"US-101 NORTHBOUND","SR-46 W/B",1584.00,N,N,A,-,Y,,,101,,,,,,N,Y,3,0,4,3,A,-,07,21658,A,N,C,C,A,A,D,-,D,D,0,,,,,Y,,A,01,0,3,1,0,0,0,0,0,0,"- ","- ",35.594509124755859,-120.69528198242188,"SAN LUIS OBISPO","PASO ROBLES",-120.69525909423828,35.594509124755859
90849896,2018,2018-10-31,9745,2018-10-23,1605,016068,,2,2,9,4000,0,1,3,,1,032,SR-227,"BUCKLEY RD",528.00,S,N,A,-,Y,,,227,,,,,,,Y,4,0,4,3,A,-,03,22350,,N,C,C,A,A,H,-,A,D,0,,,,Y,Y,,F,55,0,0,4,0,0,0,0,0,0,"- ","- ",35.230300903320312,-120.62940216064453,"SAN LUIS OBISPO",UNINCORPORATED,-120.62950897216797,35.230236053466797
90851142,2018,2018-11-01,9745,2018-10-28,1320,016514,,7,1,9,4000,0,1,3,,1,011,SR-41,"TORO CREEK RD",1056.00,N,N,A,-,Y,,,41,,,,,,,N,3,0,2,1,A,-,08,22107,,N,F,A,A,A,H,-,A,D,0,,,Y,,Y,,C,02,0,1,1,0,0,0,0,0,2,"- ","- ",35.460399627685547,-120.74639892578125,"SAN LUIS OBISPO",UNINCORPORATED,-120.7464599609375,35.460521697998047
90855193,2018,2018-11-07,9740,2018-09-06,1155,013246,,4,1,9,4000,0,1,3,,2,007,SR-41,"CRIPPLE CREEK RD",3696.00,N,N,A,-,Y,,,41,,,,,,,N,2,0,1,1,A,-,08,22107,,N,F,A,A,A,H,-,A,D,0,,,Y,,Y,,C,06,1,0,0,0,0,0,0,0,1,"- ","- ",35.534030914306641,-120.54429626464844,"SAN LUIS OBISPO",UNINCORPORATED,-120.54430389404297,35.534015655517578
90856461,2018,2018-11-08,9740,2018-11-02,0940,017426,,5,1,9,4000,0,3,5,,2,017,"NEAL SPRING RD","EL POMAR DR",500.00,N,N,A,-,N,,,,,,,,,,N,2,0,1,1,A,-,08,22107,,N,F,A,A,A,H,-,A,D,0,,Y,,,Y,,L,04,1,0,0,0,0,0,1,0,0,"- ","- ",35.564338684082031,-120.66841888427734,"SAN LUIS OBISPO",UNINCORPORATED,-120.66839599609375,35.563274383544922
90860759,2018,2018-11-15,9745,2018-11-02,0948,016390,,5,1,3,4001,0,1,2,,2,402,"US-101 SOUTHBOUND","TRAFFIC WAY",245.00,S,N,A,-,Y,,,101,,,,,,S,Y,3,0,1,2,A,-,07,21658,A,F,B,C,A,A,H,-,A,D,0,,,,,Y,,A,01,0,1,0,0,0,0,0,0,0,"- ","- ",35.116458892822266,-120.57404327392578,"SAN LUIS OBISPO","ARROYO GRANDE",-120.57406616210938,35.116420745849609
90864066,2018,2018-11-20,9740,2018-11-09,1918,020773,,5,2,9,4000,0,3,5,,2,024,"CAMBRIA DR","MAIN ST",15.00,W,N,A,-,N,,,,,,,,,,N,3,0,1,2,A,-,14,21201,D,N,D,C,A,A,H,-,C,A,0,,Y,,,Y,,L,04,0,1,0,0,0,0,1,0,0,"- ","- ",35.5643310546875,-121.09593963623047,"SAN LUIS OBISPO",UNINCORPORATED,-121.095947265625,35.564422607421875
90864645,2018,2018-11-21,9750,2018-11-15,2239,020765,,4,3,9,4000,0,1,2,,2,111,"THOMPSON AVE",SR-166,0.00,,Y,A,-,Y,,,,,,,,,,Y,3,0,1,1,A,-,01,23152,A,N,E,I,A,A,H,-,D,D,0,,,,,Y,Y,A,01,0,1,0,0,0,0,0,0,0,"- ","- ",34.996219635009766,-120.43392181396484,"SAN LUIS OBISPO",UNINCORPORATED,-120.43401336669922,34.996368408203125
90865339,2018,2018-11-21,9745,2018-11-18,0045,020168,,7,3,9,4000,0,1,3,,2,023,"SR-1 SOUTHBOUND","GILARDI RD",3168.00,N,N,A,-,Y,,,1,,,,,,S,Y,3,0,1,1,A,-,08,22107,,N,E,I,A,A,H,-,D,D,0,,,,,Y,,D,22,0,1,0,0,0,0,0,0,0,"- ","- ",35.348369598388672,-120.77104949951172,"SAN LUIS OBISPO",UNINCORPORATED,-120.77113342285156,35.3482666015625
90868604,2018,2018-11-27,9745,2018-10-21,1915,020689,,7,2,9,4000,0,1,3,,1,040,"STATE ROUTE 227 (CARPENTER CANYON RD.)","NOYES ROAD",150.00,S,N,A,-,Y,,,227,,,,,,,Y,1,1,0,1,A,-,08,22107,,N,E,I,A,A,H,-,D,D,0,,,,,Y,,D,22,0,0,0,0,0,0,0,0,0,"- ","- ",35.168498992919922,-120.58190155029297,"SAN LUIS OBISPO",UNINCORPORATED,-120.58189392089844,35.168525695800781
90872290,2018,2018-11-30,9745,2018-11-21,0325,014910,,3,3,9,4000,0,1,2,,2,303,"US-101 SOUTHBOUND","HIGUERA ST",1056.00,S,N,A,-,Y,,,101,,,,,,S,Y,3,0,1,1,A,-,08,22107,,N,E,I,A,A,H,-,C,D,0,,,,,Y,,D,22,0,1,0,0,0,0,0,0,0,"- ","- ",35.221218109130859,-120.69270324707031,"SAN LUIS OBISPO",UNINCORPORATED,-120.69257354736328,35.221157073974609
90873047,2018,2018-12-03,9745,2018-11-20,2220,016002,,2,3,9,4000,0,3,5,,2,005,"S. OAK GLEN","GROVE LN.",30.00,S,N,A,-,N,,,,,,,,,,Y,3,0,1,1,A,-,01,23152,A,N,E,I,A,A,H,-,D,D,0,,,,,Y,Y,D,22,0,1,0,0,0,0,0,0,0,"- ","- ",35.032421112060547,-120.47682952880859,"SAN LUIS OBISPO",UNINCORPORATED,-120.47690582275391,35.032493591308594
90885522,2018,2018-12-18,9740,2018-10-28,0400,019259,,7,3,9,4000,0,1,3,,2,008,SR-46,"UNION RD",4224.00,W,N,A,-,Y,,,46,,,,,,,Y,2,0,1,1,A,-,08,22107,,F,E,I,A,A,H,-,D,D,0,,,,,Y,,A,01,1,0,0,0,0,0,0,0,0,"- ","- ",35.659271240234375,-120.54708099365234,"SAN LUIS OBISPO",UNINCORPORATED,-120.54706573486328,35.659416198730469
90887467,2018,2018-12-20,9745,2018-12-12,1106,014713,,3,1,9,4000,0,1,2,,2,303,"US-101 NORTHBOUND","SAN LUIS OBISPO CREEK",55.00,N,N,A,-,Y,,,101,,,,,,N,Y,3,0,1,2,C,-,18,,,N,E,J,A,A,H,-,A,D,0,,,,Y,Y,,-,"- ",0,1,0,0,0,0,0,0,0,"- ","- ",35.186538696289062,-120.701171875,"SAN LUIS OBISPO",UNINCORPORATED,-120.701171875,35.186538696289062
90895722,2018,2019-01-02,9745,2018-12-27,2045,015716,,4,2,9,4000,0,3,5,,2,004,"S. HALCYON ROAD","MOUNTAIN VIEW ROAD",0.00,,Y,A,-,N,,,,,,,,,,Y,4,0,1,2,A,-,01,23152,A,N,D,E,A,A,H,-,D,D,0,,,,,Y,Y,A,01,0,0,1,0,0,0,0,0,0,"- ","- ",35.083740234375,-120.58963775634766,"SAN LUIS OBISPO",UNINCORPORATED,-120.58963012695312,35.083751678466797
90902742,2019,2019-01-11,9745,2019-01-10,1257,013531,,4,1,9,4000,0,3,5,,2,005,"HIGOS WAY","DIVISION STREET",0.00,,Y,A,-,N,,,,,,,,,,N,2,0,1,1,A,-,03,22350,,N,F,A,A,A,H,-,A,D,0,,,Y,,Y,,C,02,1,0,0,0,0,0,0,0,1,"- ","- ",35.025028228759766,-120.48459625244141,"SAN LUIS OBISPO",UNINCORPORATED,-120.48484802246094,35.024890899658203
90902986,2018,2019-01-14,9740,2018-11-25,0015,019259,,7,3,9,4000,0,3,5,,2,017,"EL CAMINO REAL","ASUNCION RD",500.00,S,N,B,-,N,,,,,,,,,,Y,1,1,0,1,A,-,01,23152,A,N,E,I,A,A,H,-,D,D,0,,,,,Y,Y,A,01,0,0,0,0,0,0,0,0,0,"- ","- ",35.427791595458984,-120.60472869873047,"SAN LUIS OBISPO",UNINCORPORATED,-120.60453033447266,35.427371978759766
90908813,2019,2019-01-22,9745,2019-01-15,1528,020226,,2,2,9,4000,0,1,2,,2,505,"US-101 NORTHBOUND","TEFFT STREET",5280.00,S,N,B,-,Y,,,101,,,,,,N,N,3,0,1,1,A,-,08,22107,,N,E,I,A,B,H,-,A,D,0,,,,,Y,,D,22,0,1,0,0,0,0,0,0,0,"- ","- ",35.025161743164062,-120.47189331054688,"SAN LUIS OBISPO",UNINCORPORATED,-120.47185516357422,35.025196075439453
90909137,2019,2019-01-22,9745,2019-01-15,1546,017817,,2,2,9,4000,0,2,4,,1,038,"ORCUTT RD.","CROSS CREEK RD.",650.00,N,N,B,-,N,,,,,,,,,,Y,4,0,1,2,D,-,00,,,N,B,C,A,B,H,-,A,D,0,,,,,Y,,-,"- ",0,0,1,0,0,0,0,0,0,"- ","- ",35.216758728027344,-120.59513092041016,"SAN LUIS OBISPO",UNINCORPORATED,-120.59494781494141,35.216789245605469
90912713,2019,2019-01-25,9745,2019-01-24,0305,017144,,4,3,9,4000,0,1,3,,1,011,SR-41,"OLD MORRO RD. WEST",320.00,N,N,A,G,Y,,,41,,,,,,,Y,3,0,1,1,A,-,03,22350,,N,E,I,A,A,H,-,D,D,0,,,,,Y,,A,01,0,1,0,0,0,0,0,0,0,"- ","- ",35.460670471191406,-120.73265075683594,"SAN LUIS OBISPO",UNINCORPORATED,-120.73264312744141,35.460613250732422