CASE_ID,ACCIDENT_YEAR,PROC_DATE,JURIS,COLLISION_DATE,COLLISION_TIME,OFFICER_ID,REPORTING_DISTRICT,DAY_OF_WEEK,CHP_SHIFT,POPULATION,CNTY_CITY_LOC,SPECIAL_COND,BEAT_TYPE,CHP_BEAT_TYPE,CITY_DIVISION_LAPD,CHP_BEAT_CLASS,BEAT_NUMBER,PRIMARY_RD,SECONDARY_RD,DISTANCE,DIRECTION,INTERSECTION,WEATHER_1,WEATHER_2,STATE_HWY_IND,CALTRANS_COUNTY,CALTRANS_DISTRICT,STATE_ROUTE,ROUTE_SUFFIX,POSTMILE_PREFIX,POSTMILE,LOCATION_TYPE,RAMP_INTERSECTION,SIDE_OF_HWY,TOW_AWAY,COLLISION_SEVERITY,NUMBER_KILLED,NUMBER_INJURED,PARTY_COUNT,PRIMARY_COLL_FACTOR,PCF_CODE_OF_VIOL,PCF_VIOL_CATEGORY,PCF_VIOLATION,PCF_VIOL_SUBSECTION,HIT_AND_RUN,TYPE_OF_COLLISION,MVIW,PED_ACTION,ROAD_SURFACE,ROAD_COND_1,ROAD_COND_2,LIGHTING,CONTROL_DEVICE,CHP_ROAD_TYPE,PEDESTRIAN_ACCIDENT,BICYCLE_ACCIDENT,MOTORCYCLE_ACCIDENT,TRUCK_ACCIDENT,NOT_PRIVATE_PROPERTY,ALCOHOL_INVOLVED,STWD_VEHTYPE_AT_FAULT,CHP_VEHTYPE_AT_FAULT,COUNT_SEVERE_INJ,COUNT_VISIBLE_INJ,COUNT_COMPLAINT_PAIN,COUNT_PED_KILLED,COUNT_PED_INJURED,COUNT_BICYCLIST_KILLED,COUNT_BICYCLIST_INJURED,COUNT_MC_KILLED,COUNT_MC_INJURED,PRIMARY_RAMP,SECONDARY_RAMP,LATITUDE,LONGITUDE,COUNTY,CITY,POINT_X,POINT_Y
90914537,2019,2019-01-29,9740,2019-01-21,1755,016849,,1,2,9,4000,0,1,2,,2,004,"US-101 NORTHBOUND","MONTEREY RD",0.00,,Y,A,-,Y,,,101,,,,,,N,Y,4,0,3,2,A,-,09,21802,A,N,D,C,A,A,H,-,C,A,0,,,,,Y,,D,22,0,0,3,0,0,0,0,0,0,"- ","- ",35.667179107666016,-120.69605255126953,"SAN LUIS OBISPO",UNINCORPORATED,-120.69601440429688,35.667179107666016
90924458,2019,2019-02-12,9745,2019-02-05,1810,020226,,2,2,9,4000,0,1,3,,1,032,SR-227,"BIDDLE RANCH RD",0.00,,Y,A,-,N,,,227,,,,,,,Y,4,0,1,2,A,-,09,21802,A,N,D,C,A,A,H,-,C,A,0,,,,,Y,,A,01,0,0,1,0,0,0,0,0,0,"- ","- ",35.214920043945312,-120.61627197265625,"SAN LUIS OBISPO",UNINCORPORATED,-120.61637115478516,35.214908599853516
90932773,2019,2019-02-25,9740,2019-02-15,2000,019486,,5,2,9,4000,0,1,3,,2,005,SR-58,"RED HILL RD",9504.00,E,N,C,-,Y,,,58,,,,,,,Y,2,0,2,1,A,-,08,22107,,N,E,I,A,B,H,-,D,D,0,,,,,Y,,A,08,2,0,0,0,0,0,0,0,0,"- ","- ",35.410499572753906,-120.25110626220703,"SAN LUIS OBISPO",UNINCORPORATED,-120.25112152099609,35.4105224609375
90939682,2019,2019-03-05,9745,2019-03-02,0400,020689,,6,3,3,4001,0,1,2,,2,402,"US-101 SOUTHBOUND","GRAND AVE",20.00,N,N,C,-,Y,,,101,,,,,,S,N,4,0,1,1,A,-,08,22107,,N,E,I,A,B,H,-,D,D,0,,,,,Y,,D,22,0,0,1,0,0,0,0,0,0,"- ","- ",35.12139892578125,-120.58409881591797,"SAN LUIS OBISPO","ARROYO GRANDE",-120.5841064453125,35.121383666992188
90950163,2019,2019-03-20,9750,2019-03-11,1240,015514,,1,1,9,4000,0,1,3,,2,061,"SR-166 E/B","TEPUSQUET RD",23760.00,W,N,A,-,Y,,,166,,,,,,E,Y,4,0,1,1,A,-,08,22107,,N,F,A,A,A,H,-,A,D,0,,,,Y,Y,,F,26,0,0,1,0,0,0,0,0,0,"- ","- ",35.026988983154297,-120.27883148193359,"SAN LUIS OBISPO",UNINCORPORATED,-120.27889251708984,35.027088165283203
90951139,2019,2019-03-21,9740,2019-03-14,0120,017426,,4,3,9,4000,0,1,2,,2,004,"US-101 NORTHBOUND","N. MISSION ST.",25.00,S,N,A,-,Y,,,101,,,,,,N,Y,4,0,1,1,A,-,00,2818,,N,E,I,A,A,D,-,D,A,0,,,,,Y,,A,07,0,0,1,0,0,0,0,0,0,"- ","- ",35.774551391601562,-120.71099853515625,"SAN LUIS OBISPO",UNINCORPORATED,-120.71102142333984,35.774517059326172
90960888,2019,2019-04-25,9740,2019-03-28,1230,013733,,4,1,9,4000,0,1,3,,1,015,SR-1,"MONTEREY COUNTY LINE",6336.00,S,N,A,-,Y,,,1,,,,,,,Y,4,0,1,1,A,-,03,22350,,N,E,I,A,B,H,-,A,D,0,,,Y,,Y,,C,02,0,0,1,0,0,0,0,0,1,"- ","- ",35.784111022949219,-121.33273315429688,"SAN LUIS OBISPO",UNINCORPORATED,-121.33268737792969,35.784191131591797
90963146,2019,2019-04-08,9745,2019-03-30,1748,016514,,6,2,9,4000,0,1,3,,1,021,"SR-1 SOUTHBOUND","OLD CREEK RD",79.00,N,N,A,-,Y,,,1,,,,,,S,Y,2,0,2,3,A,-,03,22350,,N,C,C,A,A,H,-,A,A,0,,,,,Y,,D,22,1,1,0,0,0,0,0,0,0,"- ","- ",35.429100036621094,-120.8822021484375,"SAN LUIS OBISPO",UNINCORPORATED,-120.88223266601562,35.429073333740234
90968573,2019,2019-04-16,9740,2019-04-08,1650,013417,,1,2,9,4000,0,2,4,,2,012,"NACIMIENTO LAKE DR","INTERLAKE RD",0.00,,Y,A,-,N,,,,,,,,,,Y,4,0,1,2,A,-,09,21801,A,N,A,C,A,A,H,-,A,D,0,,,,,Y,,D,22,0,0,1,0,0,0,0,0,0,"- ","- ",35.774879455566406,-120.89119720458984,"SAN LUIS OBISPO",UNINCORPORATED,-120.89118194580078,35.774860382080078
90985308,2019,2019-05-09,9745,2019-05-01,1430,016390,,3,2,9,4000,0,3,5,,2,005,"JOSHUA ST.","SANTA MARIA VISTA RD.",63.00,E,N,A,-,N,,,,,,,,,,Y,4,0,1,2,A,-,01,23152,A,N,C,C,A,A,H,-,A,D,0,,,,,Y,Y,A,01,0,0,1,0,0,0,0,0,0,"- ","- ",35.004600524902344,-120.45449829101562,"SAN LUIS OBISPO",UNINCORPORATED,-120.45455932617188,35.004543304443359
90986307,2019,2019-05-10,9740,2019-05-03,1000,014662,,5,1,9,4000,0,1,3,,1,014,SR-1,"WEYMOUTH ST",218.00,N,N,B,-,Y,,,,,,,,,,Y,2,0,1,2,A,-,08,22107,,N,B,C,A,A,H,-,A,D,0,,,Y,,Y,,A,01,1,0,0,0,0,0,0,0,1,"- ","- ",35.572181701660156,-120.11061096191406,"SAN LUIS OBISPO",UNINCORPORATED,-121.11039733886719,35.571979522705078
90986874,2019,2019-05-13,9750,2019-05-02,2240,016874,,4,3,9,4000,0,1,3,,2,061,SR-166,"BULL CANYON RD",5280.00,W,N,A,-,Y,,,166,,,,,,,Y,3,0,1,2,A,-,05,21460,A,M,B,C,A,A,H,-,D,D,0,,,,,Y,,A,08,0,1,0,0,0,0,0,0,0,"- ","- ",35.000518798828125,-120.39611053466797,"SAN LUIS OBISPO",UNINCORPORATED,-120.39611053466797,35.000537872314453
90987563,2019,2019-05-13,9745,2019-04-30,0120,017968,,2,3,9,4000,0,3,5,,2,005,"HUASNA ROAD","SANTA MANUELA RD",528.00,S,N,A,-,N,,,,,,,,,,Y,3,0,1,1,A,-,08,22107,,N,F,A,A,A,H,-,D,D,0,,,,,Y,,D,22,0,1,0,0,0,0,0,0,0,"- ","- ",35.136070251464844,-120.48651885986328,"SAN LUIS OBISPO",UNINCORPORATED,-120.48842620849609,35.136821746826172
90988268,2019,2019-05-14,9745,2019-05-04,1335,019809,,6,1,2,4005,0,1,2,,2,404,"US 101 N/B FROM JAMES WAY","JAMES WAY",80.00,W,N,A,-,Y,,,,,,,,,,Y,3,0,1,1,A,-,08,22107,,N,F,A,A,A,H,-,A,D,0,,,Y,,Y,,C,02,0,1,0,0,0,0,0,0,1,"- ","- ",35.138031005859375,-120.62896728515625,"SAN LUIS OBISPO","PISMO BEACH",-120.63243103027344,35.138687133789062
90994229,2019,2019-05-22,9745,2019-05-20,2211,020417,,1,3,9,4000,0,3,5,,2,002,"PREFUMO CANYON RD","CASTILLO CT.",2376.00,W,N,A,B,N,,,,,,,,,,Y,3,0,2,1,A,-,03,22350,,N,E,I,A,A,H,-,D,D,0,,,,,Y,Y,A,01,0,1,1,0,0,0,0,0,0,"- ","- ",35.262908935546875,-120.714111328125,"SAN LUIS OBISPO",UNINCORPORATED,-120.71381378173828,35.262767791748047
91002758,2019,2019-06-04,9740,2019-06-02,0142,019700,,7,3,9,4000,0,3,5,,2,018,"CRESTON ROAD","SOUTH EL POMAR ROAD",760.00,E,N,A,-,N,,,,,,,,,,Y,3,0,1,1,A,-,01,23152,A,N,E,I,A,A,H,-,D,D,0,,,,,Y,Y,A,01,0,1,0,0,0,0,0,0,0,"- ","- ",35.572780609130859,-120.606201171875,"SAN LUIS OBISPO",UNINCORPORATED,-120.60634613037109,35.572803497314453
91004387,2019,2019-06-05,9740,2019-05-31,1232,016849,,5,1,9,4000,0,3,5,,2,016,"SODA LAKE RD","BELMONT TRL",6864.00,N,N,A,-,N,,,,,,,,,,Y,4,0,1,1,C,-,18,,,N,E,I,A,A,H,-,A,D,0,,,,,Y,,-,"- ",0,0,1,0,0,0,0,0,0,"- ","- ",35.321678161621094,-120.00312805175781,"SAN LUIS OBISPO",UNINCORPORATED,-120.00302886962891,35.321735382080078
91006483,2019,2019-06-10,9740,2019-05-19,0027,019700,,7,3,3,4004,0,1,2,,2,003,"US-101 NORTHBOUND","NIBLICK RD",1478.00,S,N,C,-,Y,,,101,,,,,,N,Y,4,0,2,2,A,-,03,22350,,F,C,C,A,B,H,-,C,D,0,,,,,Y,,A,01,0,0,2,0,0,0,0,0,0,"- ","- ",35.611591339111328,-120.69080352783203,"SAN LUIS OBISPO","PASO ROBLES",-120.69081878662109,35.611598968505859
91006783,2019,2019-06-10,9740,2019-06-01,2129,019486,,6,2,9,4000,0,3,5,,2,018,"LINNE RD","SANDY CREEK RD",1056.00,E,N,A,-,N,,,,,,,,,,Y,4,0,1,1,A,-,01,23152,A,N,E,I,A,A,H,-,D,D,0,,,,,Y,Y,A,01,0,0,1,0,0,0,0,0,0,"- ","- ",35.591449737548828,-120.57794189453125,"SAN LUIS OBISPO",UNINCORPORATED,-120.57804107666016,35.591461181640625
91017113,2019,2019-06-25,9740,2019-06-16,2040,016849,,7,2,9,4000,0,1,3,,2,005,SR-58,"CAMATTA CREEK RD",2135.00,W,N,A,-,Y,,,58,,,,,,,Y,4,0,2,5,A,-,05,21460,A,F,G,C,A,A,H,-,B,D,0,,,Y,,Y,,C,02,0,0,2,0,0,0,0,0,2,"- ","- ",35.431190490722656,-120.29251098632812,"SAN LUIS OBISPO",UNINCORPORATED,-120.29251861572266,35.431179046630859
91022275,2019,2019-07-01,9740,2019-06-28,1255,016154,,5,1,9,4000,0,1,3,,1,015,SR-1,"SAN CARPOFORO CREEK",15312.00,S,N,A,-,Y,,,1,,,,,,,N,3,0,2,1,A,-,08,22107,,N,E,J,A,A,H,-,A,D,0,,,,,Y,,A,01,0,2,0,0,0,0,0,0,0,"- ","- ",35.715030670166016,-121.30545043945312,"SAN LUIS OBISPO",UNINCORPORATED,-121.30565643310547,35.71490478515625
91026473,2019,2019-07-08,9745,2019-07-05,1517,019809,,5,2,9,4000,0,3,5,,2,005,"LOS BERROS RD","EL CAMPO RD",1056.00,N,N,B,-,N,,,,,,,,,,Y,3,0,3,2,A,-,01,23152,F,N,B,C,A,A,H,-,A,D,0,,,,,Y,,A,08,0,1,2,0,0,0,0,0,0,"- ","- ",35.096141815185547,-120.56623840332031,"SAN LUIS OBISPO",UNINCORPORATED,-120.56511688232422,35.095458984375
91030529,2019,2019-07-15,9750,2019-07-03,1804,017884,,3,2,9,4000,0,1,3,,1,065,SR-166,"KIRSCHENMANN RD",7392.00,E,N,A,-,Y,,,166,,,,,,,Y,2,0,1,1,A,-,08,22107,,N,E,I,A,A,H,-,A,D,0,,,,,Y,,D,22,1,0,0,0,0,0,0,0,0,"- ","- ",34.934440612792969,-119.57183837890625,"SAN LUIS OBISPO",UNINCORPORATED,-119.57183837890625,34.934341430664062
91032905,2019,2019-07-17,9740,2019-07-14,1410,016849,,7,2,9,4000,0,3,5,,2,018,"RAMADA DR","VOLPI YSABEL RD",1241.00,N,N,A,-,N,,,,,,,,,,Y,4,0,1,2,A,-,03,22350,,N,C,C,A,A,H,-,A,D,0,,,,,Y,,A,07,0,0,1,0,0,0,0,0,0,"- ","- ",35.584209442138672,-120.69597625732422,"SAN LUIS OBISPO",UNINCORPORATED,-120.69595336914062,35.584194183349609
91037023,2019,2019-07-24,9740,2019-06-28,1320,015167,,5,1,9,4000,0,1,3,,2,011,SR-46,"OLD CREEK ROAD",29040.00,W,N,A,-,Y,,,46,,,,,,,Y,3,0,5,2,B,-,22,,,N,D,C,A,A,H,-,A,D,0,,,,,Y,,-,98,0,4,1,0,0,0,0,0,0,"- ","- ",35.549930572509766,-120.95101928710938,"SAN LUIS OBISPO",UNINCORPORATED,-120.95098876953125,35.549774169921875
91041035,2019,2019-07-29,9740,2019-07-23,2018,014716,,2,2,9,4000,0,1,3,,1,014,SR-1,"VISTA DEL MAR AVENUE",0.00,,Y,A,-,Y,,,1,,,,,,,Y,4,0,1,2,A,-,09,21802,A,N,D,C,A,A,H,-,C,A,0,,,,,Y,,D,22,0,0,1,0,0,0,0,0,0,"- ","- ",35.610530853271484,-121.14134216308594,"SAN LUIS OBISPO",UNINCORPORATED,-121.14134216308594,35.610527038574219
91048492,2019,2019-08-08,9750,2019-08-03,1348,017496,,6,1,9,4000,0,1,3,,1,063,"SR-166 W/B","MPM 166SLO46.00",2700.00,W,N,A,-,Y,,,166,,,,,,W,N,3,0,1,1,A,-,08,22107,,N,F,A,A,A,H,-,A,D,0,,,Y,,Y,,C,02,0,1,0,0,0,0,0,0,1,"- ","- ",35.064659118652344,-119.97798919677734,"SAN LUIS OBISPO",UNINCORPORATED,-119.97801971435547,35.064544677734375
91049034,2019,2019-08-09,9745,2019-08-01,1810,017817,,4,2,9,4000,0,2,4,,1,048,"US-101 SOUTHBOUND TO AVILA BEACH DR.","AVILA BEACH DR.",0.00,,Y,A,-,Y,,,101,,,,R,,S,Y,4,0,1,2,A,-,09,21802,A,N,D,C,A,A,H,-,A,A,0,,,,,Y,,A,01,0,0,1,0,0,0,0,0,0,"- ","- ",35.179710388183594,-120.700439453125,"SAN LUIS OBISPO",UNINCORPORATED,-120.700439453125,35.179710388183594
91050059,2019,2019-08-12,9740,2019-07-30,1810,016849,,2,2,9,4000,0,1,3,,2,005,SR-58,"E POZO ROAD",1639.00,W,N,A,-,Y,,,58,,,,,,,Y,3,0,1,1,A,-,08,22107,,N,E,I,A,A,H,-,A,D,0,,,,,Y,,A,01,0,1,0,0,0,0,0,0,0,"- ","- ",35.388801574707031,-120.17044067382812,"SAN LUIS OBISPO",UNINCORPORATED,-120.17041778564453,35.388851165771484
91052100,2019,2019-08-14,9745,2019-08-07,1451,017151,,3,2,4,4006,0,1,2,,1,101,"US-101 NORTHBOUND TO CALIFORNIA BLVD.","CALIFORNIA BLVD",315.00,N,N,A,-,Y,,,101,,,,R,,N,Y,3,0,3,2,A,-,05,21460,A,N,A,C,A,A,H,-,A,D,0,,,,,Y,,A,01,0,3,0,0,0,0,0,0,0,"- ","- ",35.29010009765625,-120.65809631347656,"SAN LUIS OBISPO","SAN LUIS OBISPO",-120.65809631347656,35.29010009765625
9106459,2020,2020-11-16,4006,2020-05-04,1218,62657,,1,5,4,4006,0,0,0,,0,,"LOS OSOS VALLEY RD","RT 101",20.00,W,N,A,-,Y,,,,,,,,,,N,3,0,1,2,A,-,05,21650,1,N,A,G,A,A,H,-,A,A,0,,Y,,,Y,,L,04,0,1,0,0,0,0,1,0,0,"- ",SF,35.246040344238281,-120.68267059326172,"SAN LUIS OBISPO","SAN LUIS OBISPO",-120.6822509765625,35.244892120361328
91065075,2019,2019-09-02,9740,2019-08-27,2010,016849,,2,2,9,4000,0,1,3,,2,005,SR-58,"RED HILL ROAD",115.00,W,N,A,-,Y,,,58,,,,,,,Y,4,0,1,1,A,-,08,22107,,N,E,I,A,A,H,-,D,D,0,,,,,Y,,A,01,0,0,1,0,0,0,0,0,0,"- ","- ",35.404628753662109,-120.28083038330078,"SAN LUIS OBISPO",UNINCORPORATED,-120.28079986572266,35.404644012451172
91065077,2019,2019-09-02,9740,2019-08-28,1414,016849,,3,2,3,4004,0,1,2,,2,002,"US-101 NORTHBOUND",SR-46W,1444.00,S,N,A,-,Y,,,101,,,,,,N,Y,4,0,1,2,A,-,08,22107,,N,B,C,A,A,H,-,A,D,0,,,,,Y,,A,07,0,0,1,0,0,0,0,0,0,"- ","- ",35.585330963134766,-120.69596862792969,"SAN LUIS OBISPO","PASO ROBLES",-120.69602203369141,35.585338592529297
91067552,2019,2019-09-04,9750,2019-08-28,2010,017709,,3,2,9,4000,0,1,3,,2,061,SR-166,"TWITCHELL DAM RD",7392.00,E,N,A,-,Y,,,166,,,,,,,Y,4,0,1,1,A,-,08,22107,,N,F,A,A,A,H,-,D,D,0,,,,,Y,,A,01,0,0,1,0,0,0,0,0,0,"- ","- ",35.016220092773438,-120.33390808105469,"SAN LUIS OBISPO",UNINCORPORATED,-120.33387756347656,35.016311645507812
91076543,2019,2019-09-17,9745,2019-08-16,1815,020689,,5,2,9,4000,0,2,4,,1,055,"TEFFT STREET","OAKGLEN AVE",5.00,W,N,A,-,N,,,,,,,,,,Y,1,1,0,2,A,-,10,21950,A,N,G,B,B,A,H,-,A,A,0,Y,,,,Y,,A,01,0,0,0,1,0,0,0,0,0,"- ","- ",35.037700653076172,-120.48320007324219,"SAN LUIS OBISPO",UNINCORPORATED,-120.48300170898438,35.03778076171875
91077277,2019,2019-09-18,9745,2019-09-11,1325,017857,,3,1,9,4000,0,1,2,,2,303,"MONTE ROAD","MONTE RD ON-RAMP TO N/B US-101",44.00,E,N,A,-,N,,,,,,,,,,Y,4,0,2,1,A,-,08,22107,,N,E,I,A,A,H,-,A,D,0,,,,,Y,,A,01,0,0,2,0,0,0,0,0,0,"- ","- ",35.182598114013672,-120.70079803466797,"SAN LUIS OBISPO",UNINCORPORATED,-120.70082092285156,35.182640075683594
91079631,2019,2019-09-20,9745,2019-09-14,1850,020689,,6,2,9,4000,0,3,5,,2,004,"LOPEZ DR.","CECCHETTI RD",1056.00,E,N,A,-,N,,,,,,,,,,Y,3,0,1,1,A,-,01,23152,A,N,F,A,A,A,H,-,A,D,0,,,,,Y,Y,A,01,0,1,0,0,0,0,0,0,0,"- ","- ",35.133098602294922,-120.53459930419922,"SAN LUIS OBISPO",UNINCORPORATED,-120.53482055664062,35.153011322021484
91091510,2019,2019-10-07,9740,2019-09-20,0755,017426,,5,1,9,4000,0,2,4,,2,012,"G14 (INTERLAKE RD)","LYNCH CANYON RD",0.00,,Y,A,-,N,,,,,,,,,,Y,4,0,1,2,A,-,09,21802,A,N,D,C,A,A,H,-,A,A,0,,,,,Y,,D,22,0,0,1,0,0,0,0,0,0,"- ","- ",35.786300659179688,-120.96482849121094,"SAN LUIS OBISPO",UNINCORPORATED,-120.965121,35.786166000000001
91093577,2019,2019-10-17,9740,2019-09-29,0200,013984,,7,3,9,4000,0,1,3,,2,011,SR-46,"GREEN VALLEY RD.",20592.00,E,N,A,-,Y,,,46,,,,,,,Y,2,0,2,1,A,-,01,23152,A,N,E,I,A,A,H,-,D,D,0,,,,,Y,Y,D,22,2,0,0,0,0,0,0,0,0,"- ","- ",35.550498962402344,-120.9464111328125,"SAN LUIS OBISPO",UNINCORPORATED,-120.94641876220703,35.550563812255859
91100058,2019,2019-10-17,9745,2019-10-10,1359,018253,,4,1,4,4006,0,1,2,,2,202,"US-101 NORTHBOUND","PRADO RD",150.00,S,N,A,-,Y,,,101,,,,,,N,Y,3,0,1,2,A,-,07,21658,A,N,E,I,A,A,H,-,A,D,0,,,,Y,Y,,G,25,0,1,0,0,0,0,0,0,0,"- ","- ",35.255840301513672,-120.67537689208984,"SAN LUIS OBISPO","SAN LUIS OBISPO",-120.67534637451172,35.255821228027344
91101758,2019,2019-10-21,9740,2019-10-07,0615,014662,,1,1,9,4000,0,1,3,,2,008,SR-46,"BRANCH RD",2640.00,E,N,A,-,Y,,,46,,,,,,,Y,3,0,3,2,A,-,09,21801,A,N,D,C,A,A,H,-,D,D,0,,,,Y,Y,,G,25,0,1,2,0,0,0,0,0,0,"- ","- ",35.659519195556641,-120.56983184814453,"SAN LUIS OBISPO",UNINCORPORATED,-120.56983184814453,35.659294128417969
91102211,2019,2019-10-21,9745,2019-10-15,0555,015716,,2,3,9,4000,0,2,4,,1,025,"LOS OSOS VALLEY ROAD E/B","PALISADES AVE",75.00,E,N,B,-,N,,,,,,,,,,N,3,0,1,2,A,-,11,21954,A,N,G,B,D,A,H,-,D,A,0,Y,,,,Y,,N,60,0,1,0,0,1,0,0,0,0,"- ","- ",35.311859130859375,-120.83640289306641,"SAN LUIS OBISPO",UNINCORPORATED,-120.83631134033203,35.311840057373047
91112527,2019,2019-11-04,9745,2019-10-27,2015,020211,,7,2,9,4000,0,2,4,,1,046,"PRICE CANYON RD","ORMONDE RD",178.00,W,N,A,-,N,,,,,,,,,,Y,3,0,1,1,A,-,01,23152,A,N,E,I,A,A,H,-,D,D,0,,,,,Y,Y,D,22,0,1,0,0,0,0,0,0,0,"- ","- ",35.177719116210938,-120.62120819091797,"SAN LUIS OBISPO",UNINCORPORATED,-120.62120819091797,35.177764892578125
91117279,2019,2019-11-11,9740,2019-10-11,0650,010820,,5,1,9,4000,0,3,5,,2,017,"TEMPLETON RD","MAIN STREET",0.00,,Y,A,-,N,,,,,,,,,,Y,3,0,1,2,A,-,12,21453,A,N,A,C,A,A,H,-,A,A,0,,,,,Y,,A,01,0,1,0,0,0,0,0,0,0,"- ","- ",35.543811798095703,-120.70983123779297,"SAN LUIS OBISPO",UNINCORPORATED,-120.70977783203125,35.543758392333984
91117998,2019,2019-11-12,9740,2019-11-10,2130,018988,,7,2,9,4000,0,3,5,,2,017,"O'DONOVAN RD","IRON SPRINGS RD",528.00,N,N,A,-,N,,,,,,,,,,Y,3,0,1,2,A,-,09,21804,A,N,D,C,A,A,H,-,D,D,0,,,,,Y,,A,01,0,1,0,0,0,0,0,0,0,"- ","- ",35.470081329345703,-120.501220703125,"SAN LUIS OBISPO",UNINCORPORATED,-120.5013427734375,35.470264434814453
9112144,2020,2020-08-20,4006,2020-06-09,1331,15560,"SLOV ",2,5,4,4006,0,0,0,,0,,MADONNA,"BARNVIEW DR",0.00,,Y,A,-,N,,,,,,,,,,N,3,0,1,1,A,-,03,22350,,N,H,I,A,A,B,D,A,D,0,,Y,,,Y,,L,04,0,1,0,0,0,0,1,0,0,"- ","- ",35.259899139404297,-120.68299865722656,"SAN LUIS OBISPO","SAN LUIS OBISPO",,
91128868,2019,2019-11-25,9745,2019-11-19,1732,017817,,2,2,9,4000,0,2,4,,1,038,"ORCUTT RD.","AVOCADO LN.",128.00,S,N,A,-,N,,,,,,,,,,Y,3,0,2,2,A,-,01,23152,A,N,A,C,A,A,H,-,D,D,0,,,,,Y,Y,D,22,0,2,0,0,0,0,0,0,0,"- ","- ",35.238418579101562,-120.60344696044922,"SAN LUIS OBISPO",UNINCORPORATED,-120.60357666015625,35.238613128662109
91131092,2019,2019-11-27,9745,2019-11-22,1745,020689,,5,2,9,4000,0,1,2,,2,505,"US-101 SOUTHBOUND",SR-166,6336.00,N,N,A,-,Y,,,101,,,,,,S,Y,4,0,2,3,A,-,03,22350,,N,C,C,A,A,H,-,D,D,0,,,,,Y,,A,01,0,0,2,0,0,0,0,0,0,"- ","- ",35.009601593017578,-120.45069885253906,"SAN LUIS OBISPO",UNINCORPORATED,-120.45068359375,35.009632110595703
91131724,2019,2019-11-29,9750,2019-11-15,0250,017910,,5,3,9,4000,0,1,3,,2,061,SR-166,"ALAMO CREEK RD",6864.00,E,N,B,-,Y,,,166,,,,,,,Y,4,0,1,1,A,-,08,22107,,N,F,A,A,A,H,-,D,D,0,,,,Y,Y,,G,26,0,0,1,0,0,0,0,0,0,"- ","- ",35.017669677734375,-120.29177856445312,"SAN LUIS OBISPO",UNINCORPORATED,-120.29177856445312,35.017623901367188
91133549,2019,2019-12-02,9745,2019-11-23,2350,020335,,6,3,9,4000,0,1,2,,1,101,"DIVISION STREET","S. LAS FLORES DR.",650.00,S,N,A,-,N,,,,,,,,,,Y,4,0,1,2,A,-,01,23152,A,N,E,I,A,A,H,-,D,D,0,,,,,Y,Y,A,01,0,0,1,0,0,0,0,0,0,"- ","- ",35.008899688720703,-120.49561309814453,"SAN LUIS OBISPO",UNINCORPORATED,-120.49546051025391,35.009033203125
91137170,2019,2019-12-05,9745,2019-12-04,1710,019070,,3,2,9,4000,0,2,4,,1,055,"TEFFT STREET","SUNRIDGE LN",168.00,E,N,B,-,N,,,,,,,,,,Y,2,0,1,1,A,-,08,22107,,N,E,I,A,B,H,-,D,D,0,,,,,Y,,A,07,1,0,0,0,0,0,0,0,0,"- ","- ",35.020790100097656,-120.50041961669922,"SAN LUIS OBISPO",UNINCORPORATED,-120.50067901611328,35.020267486572266
91142197,2019,2019-12-12,9745,2019-12-04,1520,017857,,3,2,9,4000,0,1,3,,1,011,SR-41,"CERRO ALTO ROAD",496.00,N,N,B,-,Y,,,41,,,,,,,Y,2,0,2,2,A,-,05,21460,A,N,A,C,A,B,H,-,A,D,0,,,,,Y,Y,D,22,1,1,0,0,0,0,0,0,0,"- ","- ",35.430301666259766,-120.75129699707031,"SAN LUIS OBISPO",UNINCORPORATED,-120.75135040283203,35.430294036865234
91147390,2019,2019-12-19,9740,2019-12-18,0645,010820,,3,1,9,4000,0,3,5,,2,017,"CRESTON ROAD","S. EL POMAR ROAD",610.00,E,N,B,-,N,,,,,,,,,,Y,4,0,1,1,A,-,03,22350,,N,F,I,A,B,H,-,D,A,0,,,,,Y,,A,01,0,0,1,0,0,0,0,0,0,"- ","- ",35.572868347167969,-120.60646820068359,"SAN LUIS OBISPO",UNINCORPORATED,-120.60678100585938,35.573017120361328
91153456,2019,2019-12-26,9745,2019-12-25,1800,020211,,3,2,9,4000,0,1,2,,2,505,"US-101 SOUTHBOUND","TEFFT STREET",60.00,N,N,C,-,Y,,,101,,,,,,S,Y,4,0,1,1,A,-,03,22350,,N,E,I,A,B,H,-,C,D,0,,,,,Y,,A,01,0,0,1,0,0,0,0,0,0,"- ","- ",35.037078857421875,-120.48494720458984,"SAN LUIS OBISPO",UNINCORPORATED,-120.48495483398438,35.037075042724609