CASE_ID,ACCIDENT_YEAR,PROC_DATE,JURIS,COLLISION_DATE,COLLISION_TIME,OFFICER_ID,REPORTING_DISTRICT,DAY_OF_WEEK,CHP_SHIFT,POPULATION,CNTY_CITY_LOC,SPECIAL_COND,BEAT_TYPE,CHP_BEAT_TYPE,CITY_DIVISION_LAPD,CHP_BEAT_CLASS,BEAT_NUMBER,PRIMARY_RD,SECONDARY_RD,DISTANCE,DIRECTION,INTERSECTION,WEATHER_1,WEATHER_2,STATE_HWY_IND,CALTRANS_COUNTY,CALTRANS_DISTRICT,STATE_ROUTE,ROUTE_SUFFIX,POSTMILE_PREFIX,POSTMILE,LOCATION_TYPE,RAMP_INTERSECTION,SIDE_OF_HWY,TOW_AWAY,COLLISION_SEVERITY,NUMBER_KILLED,NUMBER_INJURED,PARTY_COUNT,PRIMARY_COLL_FACTOR,PCF_CODE_OF_VIOL,PCF_VIOL_CATEGORY,PCF_VIOLATION,PCF_VIOL_SUBSECTION,HIT_AND_RUN,TYPE_OF_COLLISION,MVIW,PED_ACTION,ROAD_SURFACE,ROAD_COND_1,ROAD_COND_2,LIGHTING,CONTROL_DEVICE,CHP_ROAD_TYPE,PEDESTRIAN_ACCIDENT,BICYCLE_ACCIDENT,MOTORCYCLE_ACCIDENT,TRUCK_ACCIDENT,NOT_PRIVATE_PROPERTY,ALCOHOL_INVOLVED,STWD_VEHTYPE_AT_FAULT,CHP_VEHTYPE_AT_FAULT,COUNT_SEVERE_INJ,COUNT_VISIBLE_INJ,COUNT_COMPLAINT_PAIN,COUNT_PED_KILLED,COUNT_PED_INJURED,COUNT_BICYCLIST_KILLED,COUNT_BICYCLIST_INJURED,COUNT_MC_KILLED,COUNT_MC_INJURED,PRIMARY_RAMP,SECONDARY_RAMP,LATITUDE,LONGITUDE,COUNTY,CITY,POINT_X,POINT_Y
91161469,2020,2020-01-08,9745,2020-01-01,0120,018454,,3,3,9,4000,0,1,2,,2,505,"US-101 SOUTHBOUND",SR-166,5280.00,N,N,A,-,Y,,,101,,,,,,S,Y,4,0,2,2,A,-,01,23152,A,M,C,C,A,A,H,-,D,D,0,,,,,Y,Y,D,22,0,0,2,0,0,0,0,0,0,"- ","- ",35.015399932861328,-120.46150207519531,"SAN LUIS OBISPO",UNINCORPORATED,-120.46144866943359,35.015480041503906
91165585,2020,2020-01-15,9740,2020-01-11,0925,020057,,6,1,9,4000,0,1,3,,2,011,"SR-46 W E/B","HIDDEN VALLEY RD.",110.00,E,N,B,-,Y,,,46,,,,,,E,Y,2,0,1,1,A,-,08,22107,,N,E,J,A,A,H,-,A,D,0,,,,,Y,,A,07,1,0,0,0,0,0,0,0,0,"- ","- ",35.551181793212891,-120.77485656738281,"SAN LUIS OBISPO",UNINCORPORATED,-120.77484893798828,35.551280975341797
91171033,2020,2020-01-23,9745,2020-01-17,1210,015144,,5,1,9,4000,0,1,3,,1,043,SR-1,"SHERIDAN RD",0.00,,Y,A,-,Y,,,1,,,,,,,Y,2,0,1,3,A,-,09,21802,A,N,D,C,A,A,H,-,A,A,0,,,,,Y,,A,07,1,0,0,0,0,0,0,0,0,"- ","- ",35.047271728515625,-120.57688140869141,"SAN LUIS OBISPO",UNINCORPORATED,-120.57688140869141,35.047294616699219
91176869,2020,2020-01-30,9745,2020-01-20,1345,014713,,1,1,4,4006,0,1,2,,2,202,"US-101 SOUTHBOUND","CHORRO STREET",10.00,N,N,B,-,Y,,,101,,,,,,S,Y,4,0,2,3,A,-,03,22350,,N,C,C,A,A,H,-,A,D,0,,,,,Y,,A,07,0,0,2,0,0,0,0,0,0,"- ","- ",35.284358978271484,-120.66674041748047,"SAN LUIS OBISPO","SAN LUIS OBISPO",-120.66675567626953,35.284381866455078
91201462,2020,2020-03-04,9745,2020-02-27,1545,017968,,4,2,2,4005,0,1,2,,2,404,"US-101 S/B","SPYGLASS DRIVE",3000.00,S,N,A,-,Y,,,101,,,,,,S,N,4,0,1,2,A,-,03,22350,,N,C,C,A,A,H,-,A,D,0,,,,,Y,,A,07,0,0,1,0,0,0,0,0,0,"- ","- ",35.159320831298828,-120.67565155029297,"SAN LUIS OBISPO","PISMO BEACH",-120.67566680908203,35.159271240234375
91201795,2020,2020-03-04,9745,2020-03-02,1134,017541,,1,1,9,4000,0,1,2,,2,404,"US 101 NORTHBOUND","AVILA BEACH DRIVE",1800.00,S,N,A,-,Y,,,,,,,,,,N,3,0,1,1,A,-,08,22107,,N,E,I,A,A,H,-,A,D,0,,,,,Y,,A,01,0,1,0,0,0,0,0,0,0,"- ","- ",35.175159454345703,-120.69712066650391,"SAN LUIS OBISPO",UNINCORPORATED,-120.69704437255859,35.175224304199219
91202044,2020,2020-03-05,9740,2020-03-02,0139,016154,,1,3,9,4000,0,1,2,,2,002,"US-101 SOUTHBOUND","SAN RAMON RD.",2200.00,N,N,B,-,Y,,,101,,,,,,S,N,2,0,1,2,A,-,08,22107,,N,B,G,A,A,H,-,D,D,0,,Y,,,Y,,A,07,1,0,0,0,0,0,1,0,0,"- ","- ",35.531219482421875,-120.70938110351562,"SAN LUIS OBISPO",UNINCORPORATED,-120.70932769775391,35.531265258789062
91205337,2020,2020-03-10,9745,2020-03-04,0735,017541,,3,1,2,4005,0,1,2,,2,404,"US-101 NORTHBOUND","MATTIE RD.",500.00,S,N,A,-,Y,,,101,,,,,,N,N,4,0,1,3,A,-,03,22350,,N,C,C,A,A,H,-,A,D,0,,,,,Y,,A,01,0,0,1,0,0,0,0,0,0,"- ","- ",35.150760650634766,-120.65351867675781,"SAN LUIS OBISPO","PISMO BEACH",-120.65352630615234,35.150749206542969
91212897,2020,2020-03-20,9740,2020-03-19,1045,019259,,4,1,3,4004,0,1,2,,2,003,"US-101 SOUTHBOUND","PINE ST",1584.00,N,N,B,-,Y,,,101,,,,,,S,Y,4,0,1,2,A,-,08,22107,,N,B,C,A,A,H,-,A,D,0,,,,,Y,,A,07,0,0,1,0,0,0,0,0,0,"- ","- ",35.620868682861328,-120.6861572265625,"SAN LUIS OBISPO","PASO ROBLES",-120.6861572265625,35.620868682861328
91220265,2020,2020-04-03,9750,2020-03-26,1840,020510,,4,2,9,4000,0,1,3,,2,061,SR-166,"TEPUSQUET RD",14784.00,W,N,C,-,Y,,,166,,,,,,,Y,4,0,1,1,A,-,08,22107,,N,E,I,A,B,H,-,B,D,0,,,,,Y,,A,01,0,0,1,0,0,0,0,0,0,"- ","- ",35.028221130371094,-120.25351715087891,"SAN LUIS OBISPO",UNINCORPORATED,-120.25359344482422,35.028266906738281
91224824,2020,2020-04-13,9745,2020-04-10,0544,020211,,5,3,9,4000,0,1,2,,2,505,"US-101 NORTHBOUND","WILLOW ROAD",2006.00,S,N,A,-,Y,,,101,,,,,,N,Y,4,0,1,1,A,-,08,22107,,N,E,I,A,A,H,-,D,D,0,,,,,Y,,D,22,0,0,1,0,0,0,0,0,0,"- ","- ",35.050800323486328,-120.49710845947266,"SAN LUIS OBISPO",UNINCORPORATED,-120.49703216552734,35.050872802734375
91229573,2020,2020-04-27,9745,2020-04-23,0730,018454,,4,1,9,4000,0,2,4,,1,055,"TEFFT STREET","N/B US-101 TO TEFFT ST.",30.00,E,N,A,-,Y,,,,,,,,,,N,4,0,1,2,A,-,03,22350,,N,C,C,A,A,H,-,A,A,0,,,,,Y,,D,22,0,0,1,0,0,0,0,0,0,"- ","- ",35.037281036376953,-120.48394775390625,"SAN LUIS OBISPO",UNINCORPORATED,,
91234109,2020,2020-05-05,9745,2020-04-24,2010,017817,,5,2,9,4000,0,1,2,,1,101,"US-101 SOUTHBOUND","STAGE COACH RD.",20.00,S,N,A,-,Y,,,101,,,,,,S,Y,2,0,1,1,A,-,08,22107,,N,E,I,A,A,H,-,D,D,0,,,,,Y,,A,01,1,0,0,0,0,0,0,0,0,"- ","- ",35.316989898681641,-120.62145233154297,"SAN LUIS OBISPO",UNINCORPORATED,-120.6214599609375,35.316993713378906
91237146,2020,2020-05-13,9740,2020-05-11,0010,018988,,1,3,9,4000,0,2,4,,2,012,"NACIMIENTO LAKE DR","CHIMNEY ROCK RD",5808.00,N,N,A,-,N,,,,,,,,,,Y,3,0,2,2,A,-,08,22107,,N,E,I,A,A,H,-,D,D,0,,,,,Y,,A,07,0,2,0,0,0,0,0,0,0,"- ","- ",35.700370788574219,-120.81014251708984,"SAN LUIS OBISPO",UNINCORPORATED,-120.77886962890625,35.688388824462891
91246347,2020,2020-06-02,9745,2020-05-29,2022,020168,,5,2,9,4000,0,1,3,,1,045,"OSO FLACO LAKE RD",SR-1,4224.00,W,N,A,-,N,,,,,,,,,,Y,2,0,2,1,A,-,01,23152,A,N,E,I,A,A,H,-,D,D,0,,,,,Y,Y,D,22,1,1,0,0,0,0,0,0,0,"- ","- ",35.014549255371094,-120.58116912841797,"SAN LUIS OBISPO",UNINCORPORATED,-120.58090972900391,35.014549255371094
91249134,2020,2020-06-08,9745,2020-06-02,1452,016390,,2,2,9,4000,0,3,5,,2,002,"9TH STREET","FERRELL AVE.",25.00,S,N,A,-,N,,,,,,,,,,Y,4,0,1,2,A,-,09,21801,A,N,D,C,A,A,H,-,A,D,0,,,,,Y,,D,22,0,0,1,0,0,0,0,0,0,"- ","- ",35.312061309814453,-120.83319854736328,"SAN LUIS OBISPO",UNINCORPORATED,-120.83319854736328,35.311824798583984
91254035,2020,2020-06-18,9745,2020-06-15,1840,020510,,1,2,9,4000,0,2,S,,2,904,"BRANCH MILL RD","HUASNA RD",3485.00,S,N,B,-,N,,,,,,,,,,N,4,0,1,1,A,-,03,22350,,N,E,I,A,A,H,-,A,D,0,,,Y,,Y,,C,02,0,0,1,0,0,0,0,0,1,"- ","- ",35.130409240722656,-120.54959869384766,"SAN LUIS OBISPO",UNINCORPORATED,-120.54923248291016,35.130485534667969
91256391,2020,2020-06-23,9745,2020-06-21,1255,020211,,7,1,9,4000,0,2,4,,1,055,"WEST TEFFT STREET",US-101,100.00,E,N,A,-,N,,,,,,,,,,Y,4,0,1,2,A,-,03,22350,,N,B,C,A,A,H,-,A,D,0,,,,,Y,,D,22,0,0,1,0,0,0,0,0,0,"- ","- ",35.037220001220703,-120.48377227783203,"SAN LUIS OBISPO",UNINCORPORATED,-120.48452758789062,35.036918640136719
91259875,2020,2020-06-29,9740,2020-06-26,1840,020057,,5,2,9,4000,0,3,5,,2,022,"OAK SHORES DR.","SADDLE WAY",0.00,,Y,A,-,N,,,,,,,,,,N,3,0,4,1,A,-,01,23152,A,N,F,A,A,A,H,-,A,D,0,,,,,Y,Y,M,96,0,4,0,0,0,0,0,0,0,"- ","- ",35.750518798828125,-120.99530792236328,"SAN LUIS OBISPO",UNINCORPORATED,-120.99516296386719,35.749961853027344
9126724,2020,2020-10-24,4004,2020-07-15,0842,1306,,3,5,3,4004,0,0,0,,0,,"UNION RD","MONTEBELLO OAKS DR",0.00,,Y,A,-,N,,,,,,,,,,N,4,0,1,3,A,-,03,22350,,N,C,C,B,-,H,-,A,D,0,Y,,Y,,Y,,C,02,0,0,1,0,0,0,0,0,1,"- ","- ",35.636558532714844,-120.66252136230469,"SAN LUIS OBISPO","PASO ROBLES",-120.66300964355469,35.637401580810547
9126725,2020,2020-10-24,4004,2020-07-03,1453,1306,,5,5,3,4004,0,0,0,,0,,"13TH ST","RIVER RD",25.00,W,N,A,-,N,,,,,,,,,,N,4,0,1,2,A,-,03,22350,,N,C,C,A,A,H,-,A,A,0,,,,,Y,,A,07,0,0,1,0,0,0,0,0,0,"- ","- ",35.629081726074219,-120.68315887451172,"SAN LUIS OBISPO","PASO ROBLES",-120.68325805664062,35.629077911376953
91273932,2020,2020-07-24,9745,2020-07-20,1540,017968,,1,2,9,4000,0,3,5,,2,004,"CORBETT CANYON RD","TIFFANY RANCH RD",0.00,,Y,A,-,N,,,,,,,,,,Y,4,0,1,2,A,-,09,21802,A,N,D,C,A,A,H,-,A,D,0,,,,,Y,,D,22,0,0,1,0,0,0,0,0,0,"- ","- ",35.182411193847656,-120.57444000244141,"SAN LUIS OBISPO",UNINCORPORATED,-120.57453155517578,35.182498931884766
91274991,2020,2020-07-27,9745,2020-07-22,0750,016773,,3,1,9,4000,0,3,5,,2,004,"US-101 SOUTHBOUND",SR-58,1056.00,S,N,A,-,Y,,,101,,,,,,S,Y,2,0,1,1,A,-,08,22107,,N,E,I,A,A,H,-,A,D,0,,,,,Y,,A,01,1,0,0,0,0,0,0,0,0,"- ","- ",35.379901885986328,-120.63361358642578,"SAN LUIS OBISPO",UNINCORPORATED,-120.63353729248047,35.379837036132812
91276902,2020,2020-07-30,9750,2020-07-22,2100,017307,,3,2,9,4000,0,1,3,,2,061,SR-166,"ALAMO CREEK RD",26400.00,E,N,A,-,Y,,,166,,,,,,,Y,3,0,2,1,A,-,08,22107,,N,E,I,A,A,H,-,D,D,0,,,,,Y,,A,07,0,1,1,0,0,0,0,0,0,"- ","- ",35.021129608154297,-120.22128295898438,"SAN LUIS OBISPO",UNINCORPORATED,-120.22152709960938,35.020698547363281
91278821,2020,2020-07-31,9745,2020-07-27,0500,020029,,1,3,9,4000,0,2,4,,1,048,"AVILA BEACH DRIVE","CAVE LANDING RD",1000.00,S,N,B,-,N,,,,,,,,,,Y,3,0,1,1,A,-,08,22107,,N,E,I,A,A,H,-,D,D,0,,,,,Y,,A,01,0,1,0,0,0,0,0,0,0,"- ","- ",35.181289672851562,-120.72315979003906,"SAN LUIS OBISPO",UNINCORPORATED,-120.72371673583984,35.180183410644531
9128047,2020,2020-11-25,4008,2020-06-24,1259,3125,,3,5,4,4008,0,0,0,,0,,"DEL RIO RD","RT 101",40.00,E,N,A,-,Y,SLO,5,101,-,-,48.430,R,4,N,N,4,0,2,2,A,-,03,22350,,N,C,C,A,A,H,-,A,A,0,,,,,Y,,D,22,0,0,2,0,0,0,0,0,0,"- ","- ",35.513099670410156,-120.69925689697266,"SAN LUIS OBISPO",ATASCADERO,-120.7001953125,35.51446533203125
91284186,2020,2020-08-11,9745,2020-08-05,0735,016390,,3,1,9,4000,0,2,4,,1,051,"LOS BERROS ROAD","PHELAN RANCH WAY",555.00,E,N,A,-,N,,,,,,,,,,Y,2,0,1,2,A,-,09,21804,A,N,D,C,A,A,H,-,A,D,0,,,Y,,Y,,D,22,1,0,0,0,0,0,0,0,1,"- ","- ",35.085178375244141,-120.55548095703125,"SAN LUIS OBISPO",UNINCORPORATED,-120.55555725097656,35.085224151611328
91285882,2020,2020-08-13,9740,2020-08-09,2055,017952,,7,2,9,4000,0,1,3,,1,015,SR-1,"HEARST CASTLE RD",41184.00,N,N,A,B,Y,,,1,,,,,,,Y,4,0,1,1,A,-,01,23152,A,N,E,I,A,A,H,-,D,D,0,,,,,Y,Y,A,01,0,0,1,0,0,0,0,0,0,"- ","- ",35.707778930664062,-121.30406951904297,"SAN LUIS OBISPO",UNINCORPORATED,-121.30412292480469,35.707790374755859
91293666,2020,2020-08-27,9745,2020-08-22,0935,016390,,6,1,9,4000,0,2,4,,1,048,"AVILA BEACH DRIVE","WILD CHERRY CANYON",410.00,E,N,A,-,N,,,,,,,,,,N,3,0,1,2,A,-,17,22517,,N,G,G,A,A,H,-,A,D,0,,Y,,,Y,,E,22,0,1,0,0,0,0,1,0,0,"- ","- ",35.178451538085938,-120.74520111083984,"SAN LUIS OBISPO",UNINCORPORATED,-120.74520111083984,35.178451538085938
91299793,2020,2020-09-07,9740,2020-08-23,0315,019648,,7,3,9,4000,0,2,4,,2,012,"NACIEMIENTO LAKE DRIVE","OAK FLAT RD",1056.00,W,N,A,-,N,,,,,,,,,,Y,2,0,1,1,A,-,08,22107,,N,E,J,A,A,H,-,D,D,0,,,,,Y,,D,22,1,0,0,0,0,0,0,0,0,"- ","- ",35.668350219726562,-120.72550201416016,"SAN LUIS OBISPO",UNINCORPORATED,-120.74617004394531,35.679550170898438
91306448,2020,2020-09-17,9745,2020-09-08,1310,017061,,2,1,9,4000,0,2,4,,1,025,"LOS OSOS VALLEY RD","SOMBRERO DR",0.00,,Y,A,-,N,,,,,,,,,,Y,4,0,2,2,A,-,09,21801,A,N,D,C,A,A,H,-,A,D,0,,,,,Y,,A,07,0,0,2,0,0,0,0,0,0,"- ","- ",35.304859161376953,-120.80608367919922,"SAN LUIS OBISPO",UNINCORPORATED,-120.80610656738281,35.304660797119141
91307265,2020,2020-09-18,9740,2020-07-05,1400,019700,,7,2,4,4008,0,1,2,,2,002,"US-101 NORTHBOUND","DEL RIO ROAD",59.00,N,N,A,-,Y,,,101,,,,,,N,Y,1,1,3,1,A,-,08,22107,,N,F,A,A,A,H,-,A,D,0,,,,,Y,,A,07,0,3,0,0,0,0,0,0,0,"- ","- ",35.513431549072266,-120.69937896728516,"SAN LUIS OBISPO",ATASCADERO,-120.69944000244141,35.513385772705078
91318448,2020,2020-10-06,9740,2020-09-26,1715,020302,,6,2,9,4000,0,1,2,,2,004,"US-101 S/B","N. MISSION STREET",6336.00,N,N,A,-,Y,,,101,,,,,,S,Y,4,0,1,2,A,-,01,23152,A,N,C,C,A,A,H,-,A,D,0,,,,Y,Y,Y,A,01,0,0,1,0,0,0,0,0,0,"- ","- ",35.780689239501953,-120.72222900390625,"SAN LUIS OBISPO",UNINCORPORATED,-120.72225952148438,35.780624389648438
91320764,2020,2020-10-09,9740,2020-10-04,1945,019486,,7,2,9,4000,0,3,5,,2,017,"EL CAMINO REAL","PINE AVE",235.00,S,N,A,-,N,,,,,,,,,,Y,2,0,1,2,A,-,05,21460,A,N,D,C,A,A,H,-,D,D,0,,,,,Y,,D,22,1,0,0,0,0,0,0,0,0,"- ","- ",35.41748046875,-120.60443115234375,"SAN LUIS OBISPO",UNINCORPORATED,-120.60434722900391,35.417625427246094
91322841,2020,2020-10-13,9745,2020-10-06,1436,020211,,2,2,4,4006,0,1,2,,2,202,"US-101 SOUTHBOUND","MARSH ST",1162.00,S,N,A,-,Y,,,101,,,,,,S,Y,3,0,1,2,A,-,07,21658,A,N,B,C,A,A,H,-,A,D,0,,,,,Y,,A,01,0,1,0,0,0,0,0,0,0,"- ","- ",35.271251678466797,-120.67254638671875,"SAN LUIS OBISPO","SAN LUIS OBISPO",-120.67254638671875,35.271247863769531
91329604,2020,2020-10-22,9745,2020-10-18,0950,017144,,7,1,9,4000,0,3,5,,2,002,"OCEAN AVE.","7TH STREET",30.00,S,N,B,-,N,,,,,,,,,,Y,3,0,1,2,A,-,03,22350,,N,C,C,A,A,H,-,A,D,0,,,,,Y,,A,01,0,1,0,0,0,0,0,0,0,"- ","- ",35.444511413574219,-120.89555358886719,"SAN LUIS OBISPO",UNINCORPORATED,-120.89560699462891,35.444496154785156
9133092,2020,2020-11-04,4004,2020-07-22,1447,1208,,3,5,3,4004,0,0,0,,0,,"RT 46 E","GOLDEN HILL RD",330.00,E,N,A,-,Y,SLO,5,46,-,-,31.340,H,-,W,,4,0,1,2,A,-,03,22350,,N,C,C,A,A,H,-,A,D,0,,,,,Y,,A,01,0,0,1,0,0,0,0,0,0,"- ","- ",35.643470764160156,-120.65737915039062,"SAN LUIS OBISPO","PASO ROBLES",-120.65755462646484,35.644626617431641
91333660,2020,2020-10-29,9740,2020-10-24,2025,018069,,6,2,9,4000,0,1,3,,2,008,SR-46,SR-41,0.00,,Y,A,-,Y,,,46,,,,,,,Y,2,0,3,2,A,-,01,23152,A,N,A,C,A,A,H,-,C,A,0,,,,,Y,Y,D,22,3,0,0,0,0,0,0,0,0,"- ","- ",35.734580993652344,-120.28423309326172,"SAN LUIS OBISPO",UNINCORPORATED,-120.28421783447266,35.734512329101562
91338003,2020,2020-11-03,9740,2020-10-29,1505,015451,,4,2,3,4004,0,1,2,,2,003,"US 101 N/B TO S. SPRING ST/NIBLICK RD","NIBLICK RD",2112.00,S,N,A,-,Y,,,,,,,,,,Y,3,0,1,4,A,-,03,22350,,N,C,C,A,A,H,-,A,A,0,,,,,Y,,A,01,0,1,0,0,0,0,0,0,0,"- ","- ",35.607639312744141,-120.69184112548828,"SAN LUIS OBISPO","PASO ROBLES",-120.69115447998047,35.609897613525391
91342692,2020,2020-11-10,9745,2020-10-31,2035,020417,,6,2,9,4000,0,1,2,,1,101,"US-101 S/B","STAGE COACH RD.",1584.00,N,N,B,-,Y,,,101,,,,,,S,Y,4,0,1,1,A,-,01,23152,F,N,E,I,A,A,H,-,D,D,0,,,,,Y,Y,D,22,0,0,1,0,0,0,0,0,0,"- ","- ",35.3231201171875,-120.62142181396484,"SAN LUIS OBISPO",UNINCORPORATED,-120.62135314941406,35.323093414306641
91347838,2020,2020-11-18,9745,2020-10-31,1655,016773,,6,2,9,4000,0,2,4,,1,025,"LOS OSOS VALLEY RD","SOUTH BAY BLVD",0.00,,Y,A,-,N,,,,,,,,,,N,3,0,1,2,A,-,08,22107,,F,D,G,A,A,H,-,A,A,0,,Y,,,Y,,-,99,0,1,0,0,0,0,1,0,0,"- ","- ",35.310249328613281,-120.82534027099609,"SAN LUIS OBISPO",UNINCORPORATED,-120.82540893554688,35.310150146484375
91356611,2020,2020-12-01,9745,2020-11-08,1708,017061,,7,2,9,4000,0,2,4,,1,025,"LOS OSOS VALLEY RD","FOOTHILL BLVD",6864.00,W,N,G,-,N,,,,,,,,,,Y,2,0,3,2,A,-,01,23152,A,N,A,C,A,A,H,-,B,D,0,,,,,Y,Y,A,01,2,1,0,0,0,0,0,0,0,"- ","- ",35.285079956054688,-120.73432159423828,"SAN LUIS OBISPO",UNINCORPORATED,-120.73255920410156,35.284397125244141
91358392,2020,2020-12-03,9740,2020-11-28,1045,017498,,6,1,9,4000,0,1,2,,2,004,"US-101 SOUTHBOUND","SAN MARCOS RD",40.00,N,N,A,-,Y,,,101,,,,,,S,Y,4,0,1,2,A,-,04,21703,,N,C,C,A,A,H,-,A,D,0,,,,,Y,,A,07,0,0,1,0,0,0,0,0,0,"- ","- ",35.722320556640625,-120.69808197021484,"SAN LUIS OBISPO",UNINCORPORATED,-120.69812774658203,35.722301483154297
91367683,2020,2020-12-15,9740,2020-12-09,2050,021275,,3,2,4,4008,0,1,2,,2,002,"US-101 NORTHBOUND",SR-41,579.00,N,N,A,-,Y,,,101,,,,,,N,Y,2,0,1,1,A,-,01,23152,A,N,E,I,A,A,H,-,D,D,0,,,,,Y,Y,A,01,1,0,0,0,0,0,0,0,0,"- ","- ",35.486438751220703,-120.66700744628906,"SAN LUIS OBISPO",ATASCADERO,-120.66698455810547,35.486488342285156
91368368,2020,2020-12-16,9745,2020-12-14,1307,015144,,1,1,9,4000,0,1,3,,1,041,SR-1,"23RD STREET",100.00,S,N,A,-,Y,,,1,,,,,,,Y,3,0,1,2,A,-,08,22107,,N,C,E,A,A,H,-,A,D,0,,,,,Y,,A,01,0,1,0,0,0,0,0,0,0,"- ","- ",35.098171234130859,-120.6053466796875,"SAN LUIS OBISPO",UNINCORPORATED,-120.6053466796875,35.098110198974609
91373135,2020,2020-12-22,9745,2020-12-10,1748,017968,,4,2,9,4000,0,1,3,,1,045,SR-1,"OSO FLACO LAKE RD",0.00,,Y,A,-,Y,,,1,,,,,,,Y,3,0,1,2,A,-,09,21801,A,F,A,C,A,A,H,-,D,D,0,,,,,Y,,A,01,0,1,0,0,0,0,0,0,0,"- ","- ",35.010791778564453,-120.56752014160156,"SAN LUIS OBISPO",UNINCORPORATED,-120.56758117675781,35.010814666748047
91385160,2020,2021-01-11,9740,2020-12-26,0820,019259,,6,1,9,4000,0,2,4,,2,012,"NACIMIENTO LAKE DR","INTERLAKE RD",4752.00,S,N,C,-,N,,,,,,,,,,Y,3,0,1,1,A,-,08,22107,,N,E,I,A,B,H,-,A,D,0,,,,,Y,,D,22,0,1,0,0,0,0,0,0,0,"- ","- ",35.764190673828125,-120.88417816162109,"SAN LUIS OBISPO",UNINCORPORATED,-120.88426208496094,35.763534545898438
9145123,2020,2020-10-12,4006,2020-08-06,1917,67850,,4,5,4,4006,0,0,0,,0,,MURRAY,STENNER,0.00,,Y,A,-,N,,,,,,,,,,Y,4,0,1,1,A,-,01,23153,A,N,E,-,A,A,H,-,A,D,0,,,,,Y,Y,A,01,0,0,1,0,0,0,0,0,0,"- ","- ",34.290981292724609,-120.66332244873047,"SAN LUIS OBISPO","SAN LUIS OBISPO",-120.66342163085938,35.290939331054688
9154305,2020,2020-10-19,4001,2020-08-23,1751,P0152,46-,7,5,3,4001,0,0,0,,0,001,"BRANCH MILL RD","BRANCH MILL RD 825",0.00,,N,A,-,N,,,,,,,,,,Y,3,0,1,1,A,-,08,22107,,N,H,J,A,A,H,-,A,D,0,,,,,Y,Y,D,22,0,1,0,0,0,0,0,0,0,"- ","- ",,,"SAN LUIS OBISPO","ARROYO GRANDE",,
9155127,2020,2020-10-27,4001,2020-08-12,1500,P0139,"46 3",3,5,3,4001,0,0,0,,0,OPERAT,"GRANDE AV","HALCYON RD",0.00,,Y,A,-,N,,,,,,,,,,N,4,0,1,2,A,-,03,22350,,N,C,C,A,A,H,-,A,A,0,,,,,Y,,A,01,0,0,1,0,0,0,0,0,0,"- ","- ",,,"SAN LUIS OBISPO","ARROYO GRANDE",-120.59158325195312,35.118698120117188
9161419,2020,2021-01-21,4002,2020-09-01,1852,478,,2,5,3,4002,0,0,0,,0,,"W GRAND AV","N OAK PARK BL",20.00,E,N,A,-,N,,,,,,,,,,N,4,0,1,2,A,-,03,22350,,F,C,C,A,A,H,-,A,A,0,,,,,Y,,-,99,0,0,1,0,0,0,0,0,0,"- ","- ",,,"SAN LUIS OBISPO","GROVER BEACH",-120.60917663574219,35.120960235595703
9180057,2020,2020-11-30,4004,2020-10-18,1641,1373,,7,5,3,4004,0,0,0,,0,,"SPRING ST","36TH ST",795.00,N,N,A,-,Y,SLO,5,101,-,-,59.161,R,4,N,Y,4,0,2,1,A,-,03,22350,,N,E,I,A,A,H,-,A,D,0,,,,,Y,,A,07,0,0,2,0,0,0,0,0,0,"- ","- ",35.651451110839844,-120.69254302978516,"SAN LUIS OBISPO","PASO ROBLES",-120.69753265380859,35.656509399414062
9182585,2020,2020-11-24,4006,2020-09-20,2118,77891,,7,5,4,4006,0,0,0,,0,,"ARCHER ST","PISMO ST",87.00,N,N,A,-,N,,,,,,,,,,Y,3,0,1,1,A,-,03,22350,,N,E,I,A,A,H,-,C,D,0,,,,,Y,,A,01,0,1,0,0,0,0,0,0,0,"- ","- ",35.273910522460938,-120.66826629638672,"SAN LUIS OBISPO","SAN LUIS OBISPO",-120.66793823242188,35.273612976074219
9193314,2020,2020-12-15,4006,2020-10-16,1604,98137,,5,5,4,4006,0,0,0,,0,,"SANTA ROSA","FOOTHILL RD",170.00,N,N,A,-,N,,,,,,,,,,N,3,0,1,2,A,-,05,21650,1,N,D,G,A,A,H,-,A,D,0,,Y,,,Y,,L,04,0,1,0,0,0,0,1,0,0,"- ","- ",35.294399261474609,-120.66835021972656,"SAN LUIS OBISPO","SAN LUIS OBISPO",-120.66831970214844,35.294483184814453