CASE_ID,ACCIDENT_YEAR,PROC_DATE,JURIS,COLLISION_DATE,COLLISION_TIME,OFFICER_ID,REPORTING_DISTRICT,DAY_OF_WEEK,CHP_SHIFT,POPULATION,CNTY_CITY_LOC,SPECIAL_COND,BEAT_TYPE,CHP_BEAT_TYPE,CITY_DIVISION_LAPD,CHP_BEAT_CLASS,BEAT_NUMBER,PRIMARY_RD,SECONDARY_RD,DISTANCE,DIRECTION,INTERSECTION,WEATHER_1,WEATHER_2,STATE_HWY_IND,CALTRANS_COUNTY,CALTRANS_DISTRICT,STATE_ROUTE,ROUTE_SUFFIX,POSTMILE_PREFIX,POSTMILE,LOCATION_TYPE,RAMP_INTERSECTION,SIDE_OF_HWY,TOW_AWAY,COLLISION_SEVERITY,NUMBER_KILLED,NUMBER_INJURED,PARTY_COUNT,PRIMARY_COLL_FACTOR,PCF_CODE_OF_VIOL,PCF_VIOL_CATEGORY,PCF_VIOLATION,PCF_VIOL_SUBSECTION,HIT_AND_RUN,TYPE_OF_COLLISION,MVIW,PED_ACTION,ROAD_SURFACE,ROAD_COND_1,ROAD_COND_2,LIGHTING,CONTROL_DEVICE,CHP_ROAD_TYPE,PEDESTRIAN_ACCIDENT,BICYCLE_ACCIDENT,MOTORCYCLE_ACCIDENT,TRUCK_ACCIDENT,NOT_PRIVATE_PROPERTY,ALCOHOL_INVOLVED,STWD_VEHTYPE_AT_FAULT,CHP_VEHTYPE_AT_FAULT,COUNT_SEVERE_INJ,COUNT_VISIBLE_INJ,COUNT_COMPLAINT_PAIN,COUNT_PED_KILLED,COUNT_PED_INJURED,COUNT_BICYCLIST_KILLED,COUNT_BICYCLIST_INJURED,COUNT_MC_KILLED,COUNT_MC_INJURED,PRIMARY_RAMP,SECONDARY_RAMP,LATITUDE,LONGITUDE,COUNTY,CITY,POINT_X,POINT_Y
5506112,2012,2013-07-06,4006,2012-01-31,1555,25950,,2,5,4,4006,0,0,0,,0,,BROAD,WOODBRIDGE,0.00,,Y,A,-,N,,,,,,,,,,N,4,0,1,2,A,-,09,21801,A,N,D,G,A,A,H,-,A,D,0,,Y,,,Y,,A,01,0,0,1,0,0,0,1,0,0,"- ","- ",,,"SAN LUIS OBISPO","SAN LUIS OBISPO",-120.65466266,35.267334949999999
5506551,2012,2013-06-12,4006,2012-01-31,2113,30055,,2,5,4,4006,0,0,0,,0,,"SOUTH ST","BEEBEE ST",0.00,,Y,A,-,N,,,,,,,,,,Y,4,0,2,2,A,-,09,21802,A,N,A,C,A,A,H,-,C,A,0,,,,,Y,,A,01,0,0,2,0,0,0,0,0,0,"- ","- ",,,"SAN LUIS OBISPO","SAN LUIS OBISPO",-120.66796268,35.269554880000001
5513105,2012,2013-07-09,9740,2012-02-19,0258,014662,,7,3,9,4000,0,3,5,,2,017,"EDDY ST","SALINAS AV",36.00,W,N,A,-,N,,,,,,,,,,Y,3,0,1,1,A,-,01,23152,A,N,E,I,A,A,H,-,C,D,0,,,,,Y,Y,D,22,0,1,0,0,0,0,0,0,0,"- ","- ",35.551200000000001,-120.70740000000001,"SAN LUIS OBISPO",UNINCORPORATED,-120.70741384999999,35.551205189999997
5514532,2012,2013-09-13,4004,2012-01-21,1015,1184,28,6,5,3,4004,0,0,0,,0,002,"RT 46","THEATER DR",50.00,E,N,B,-,Y,SLO,5,46,-,R,21.950,H,-,W,Y,3,0,1,2,A,-,03,22350,,N,C,C,A,A,H,-,A,A,0,,,,,Y,,-,,0,1,0,0,0,0,0,0,0,"- ","- ",,,"SAN LUIS OBISPO","PASO ROBLES",-120.69593652,35.58940261
5517551,2012,2013-09-13,9740,2012-01-02,1130,11072,,1,1,9,4000,0,1,3,,2,008,"RT 46","REST AREA ENTRANCE",661.00,W,N,A,-,Y,SLO,5,46,-,-,49.410,H,-,W,Y,4,0,2,2,A,-,08,22107,,N,A,C,A,A,H,-,A,D,0,,,,,Y,,A,07,0,0,2,0,0,0,0,0,0,"- ","- ",35.67324,-120.35086,"SAN LUIS OBISPO",UNINCORPORATED,-120.34976444,35.674230190000003
5518010,2012,2013-06-29,4006,2012-02-21,0749,88907,,2,5,4,4006,0,0,0,,0,0Z1,JOHNSON,"IRIS ST",0.00,,Y,A,-,N,,,,,,,,,,N,3,0,1,2,A,-,09,21801,A,N,D,G,A,A,H,-,A,A,0,,Y,,,Y,,A,01,0,1,0,0,0,0,1,0,0,"- ","- ",,,"SAN LUIS OBISPO","SAN LUIS OBISPO",-120.64979264,35.278154899999997
5518813,2012,2013-06-20,4002,2012-01-22,0227,464,211,7,5,3,4002,0,0,0,,0,001,"S 13TH ST","S 13TH ST 1192",0.00,,-,A,-,N,,,,,,,,,,Y,3,0,1,2,A,-,08,22107,,M,E,I,A,A,H,-,C,A,0,,,,,Y,Y,A,01,0,1,0,0,0,0,0,0,0,"- ","- ",,,"SAN LUIS OBISPO","GROVER BEACH",-120.61639577,35.109570929999997
5518817,2012,2013-06-20,4002,2012-01-27,1952,464,204,5,5,3,4002,0,0,0,,0,001,"S OAK PARK BL","LONGBRANCH AV",0.00,,-,A,-,N,,,,,,,,,,N,2,0,1,2,A,-,10,21950,A,N,G,B,D,A,H,-,C,A,0,Y,,,,Y,,A,01,1,0,0,0,1,0,0,0,0,"- ","- ",,,"SAN LUIS OBISPO","GROVER BEACH",-120.60939264,35.118884860000001
5523510,2011,2013-04-19,9745,2011-12-27,1105,011620,,2,1,4,4006,0,1,2,,2,202,"RT 101","CALIFORNIA BL",325.00,S,N,A,-,Y,SLO,5,101,-,-,29.340,H,-,S,N,3,0,1,1,C,-,18,,,N,E,J,A,A,H,-,A,D,1,,,Y,,Y,,-,"- ",0,1,0,0,0,0,0,0,1,"- ","- ",35.286679999999997,-120.66531999999999,"SAN LUIS OBISPO","SAN LUIS OBISPO",-120.65991262999999,35.289704880000002
5524894,2012,2013-07-25,9740,2012-02-16,1500,13952,,4,2,4,4008,0,2,S,,2,901,"EL CAMINO REAL","ROSARIO AV",232.00,S,N,A,-,N,,,,,,,,,,N,4,0,1,2,A,-,05,21202,A,N,D,G,A,A,H,-,A,D,0,,Y,,,Y,,L,04,0,0,1,0,0,0,1,0,0,"- ","- ",35.490450000000003,-120.67245,"SAN LUIS OBISPO",ATASCADERO,-120.67280177000001,35.490527360000002
5526767,2012,2013-07-19,4006,2012-02-09,1556,15560,,4,5,4,4006,0,0,0,,0,SLOPD,"LOS OSOS VALLEY","CALLE JOAQUIN",0.00,,Y,A,-,N,,,,,,,,,,Y,4,0,2,2,A,-,09,21801,A,N,D,C,A,A,H,-,A,D,0,,,,,Y,,A,01,0,0,2,0,0,0,0,0,0,"- ","- ",,,"SAN LUIS OBISPO","SAN LUIS OBISPO",-120.6830526,35.246764939999998
5529657,2012,2014-03-06,9740,2012-02-24,1430,13733,,5,2,9,4000,0,1,3,,2,011,"RT 46","VINEYARD DR",0.00,,Y,B,-,Y,SLO,5,46,-,R,17.398,I,5,W,Y,4,0,1,2,A,-,09,21802,A,N,D,C,A,A,H,-,A,A,0,,,,,Y,,A,01,0,0,1,0,0,0,0,0,0,"- ","- ",35.553370000000001,-120.76168,"SAN LUIS OBISPO",UNINCORPORATED,-120.76168268000001,35.553254899999999
5535141,2012,2013-07-30,4006,2012-03-06,1703,25950,,2,5,4,4006,0,0,0,,0,,AUGUSTA,SYDNEY,189.00,S,N,A,-,N,,,,,,,,,,N,2,0,1,2,A,-,11,21950,B,N,G,B,D,A,H,-,A,D,0,Y,,,,Y,,N,60,1,0,0,0,1,0,0,0,0,"- ","- ",,,"SAN LUIS OBISPO","SAN LUIS OBISPO",-120.64540153999999,35.270024409999998
5535153,2012,2013-10-24,4008,2012-03-22,1530,3027,,4,5,4,4008,0,0,0,,0,,"EL CAMINO REAL","PUEBLO AV",556.00,S,N,A,-,N,,,,,,,,,,,4,0,1,2,A,-,10,21952,,N,G,B,F,A,H,-,A,A,0,Y,,,,Y,,-,"- ",0,0,1,0,1,0,0,0,0,"- ","- ",,,"SAN LUIS OBISPO",ATASCADERO,-120.65736367,35.479107540000001
5538074,2012,2013-10-03,9745,2012-03-08,1637,011721,,4,2,9,4000,0,1,2,,1,101,"RT 101","TASSAJARA CREEK RD",0.00,,Y,A,-,Y,SLO,5,101,-,-,36.800,I,5,N,Y,3,0,1,2,A,-,09,21801,A,N,D,C,A,A,H,-,A,D,5,,,,,Y,,E,22,0,1,0,0,0,0,0,0,0,"- ","- ",35.370229999999999,-120.64091999999999,"SAN LUIS OBISPO",UNINCORPORATED,-120.6410443,35.370283299999997
5539521,2012,2012-04-11,9740,2012-02-09,1910,17426,,4,2,9,4000,0,1,3,,1,014,"RT 1","CAMBRIA PINES RD",2625.00,N,N,A,-,Y,SLO,5,1,-,-,50.630,H,-,N,Y,1,1,0,2,A,-,17,21200,,N,H,G,A,A,H,-,D,D,0,,Y,,,Y,Y,L,04,0,0,0,0,0,1,0,0,0,"- ","- ",35.58182,-121.11745999999999,"SAN LUIS OBISPO",UNINCORPORATED,-121.10342925,35.56865689
5541647,2012,2013-09-12,9745,2012-03-18,0030,17541,,7,3,9,4000,0,3,5,,2,004,"HALCYON RD","RT 1",500.00,S,N,C,-,N,,,,,,,,,,Y,3,0,1,1,A,-,01,23152,A,N,F,A,A,B,H,-,D,D,0,,,,,Y,Y,D,22,0,1,0,0,0,0,0,0,0,"- ","- ",,,"SAN LUIS OBISPO",UNINCORPORATED,-120.59166575,35.096896630000003
5542691,2012,2012-05-17,9745,2012-04-18,0214,013937,,3,3,9,4000,0,1,3,,2,023,"RT 1","SOUTH BAY BL",3168.00,S,N,B,-,Y,SLO,5,1,-,-,27.280,H,-,N,Y,1,1,1,1,A,-,01,23152,A,N,E,I,A,A,H,-,D,D,1,,,,,Y,,A,01,1,0,0,0,0,0,0,0,0,"- ","- ",35.362839999999998,-120.81283999999999,"SAN LUIS OBISPO",UNINCORPORATED,-120.81178054,35.362632849999997
5547465,2012,2013-12-12,4008,2012-02-11,1410,3027,,6,5,4,4008,0,0,0,,0,,"EL CAMINO REAL","MORRO RD",160.00,N,N,A,-,Y,SLO,5,41,-,R,15.990,H,-,S,N,4,0,1,2,A,-,10,21952,,N,G,B,F,A,H,-,A,D,0,Y,,,,Y,,-,"- ",0,0,1,0,1,0,0,0,0,"- ","- ",,,"SAN LUIS OBISPO",ATASCADERO,-120.66751025000001,35.48790159
5552562,2012,2013-10-17,9740,2012-03-25,1709,15451,,7,2,9,4000,0,1,2,,2,004,"RT 101","SOUTH CAMP ROBERTS",1531.00,N,N,B,C,Y,SLO,5,101,-,R,68.100,H,-,N,Y,3,0,1,1,A,-,03,22350,,N,F,A,A,B,H,-,A,D,1,,,,,Y,,A,01,0,1,0,0,0,0,0,0,0,"- ","- ",,,"SAN LUIS OBISPO",UNINCORPORATED,-120.71749268000001,35.778496920000002
5555448,2012,2013-10-03,9745,2012-03-22,1757,17541,,4,2,9,4000,0,1,2,,2,505,"RT 101","TEFFT ST",120.00,N,N,A,-,Y,SLO,5,101,-,-,5.000,R,1,S,N,4,0,1,2,B,-,22,,,N,B,C,A,A,H,-,A,D,1,,,,,Y,,J,43,0,0,1,0,0,0,0,0,0,"- ","- ",35.03698,-120.48549,"SAN LUIS OBISPO",UNINCORPORATED,-120.48759259000001,35.039944859999999
5555723,2012,2014-01-08,9745,2012-04-02,0940,14996,,1,1,9,4000,0,1,3,,1,040,"RT 227","PATCHETT RD",1584.00,S,N,A,-,Y,SLO,5,227,-,-,4.990,H,-,S,N,3,0,1,2,A,-,05,21202,A,N,B,G,A,A,H,-,A,D,0,,Y,,,Y,,L,04,0,1,0,0,0,0,1,0,0,"- ","- ",35.176119999999997,-120.58834,"SAN LUIS OBISPO",UNINCORPORATED,-120.59010261,35.177524869999999
5563613,2012,2012-10-09,9740,2012-09-27,0109,18323,,4,3,9,4000,0,1,2,,2,002,"RT 101","SAN RAMON RD",1056.00,N,N,A,-,Y,SLO,5,101,-,-,49.520,H,-,N,Y,4,0,2,1,C,-,18,,,N,E,H,A,A,H,-,C,D,1,,,,,Y,,-,"- ",0,0,2,0,0,0,0,0,0,"- ","- ",35.52899,-120.42234999999999,"SAN LUIS OBISPO",UNINCORPORATED,-120.70677391,35.529213079999998
5575752,2012,2013-08-19,9745,2012-04-09,1640,17541,,1,2,9,4000,0,2,4,,1,048,"AVILA BEACH DR","1ST ST",1000.00,W,N,A,-,N,,,,,,,,,,Y,4,0,1,2,A,-,03,22350,,N,C,C,A,A,H,-,A,D,0,,,,,Y,,D,22,0,0,1,0,0,0,0,0,0,"- ","- ",35.736150000000002,-120.18029,"SAN LUIS OBISPO",UNINCORPORATED,-120.70291324,35.179957819999998
5579471,2012,2014-01-09,4006,2012-04-14,1235,68823,,6,5,4,4006,0,0,0,,0,,"LOS OSOS VALLEY RD","RT 101",0.00,S,N,A,-,Y,SLO,5,101,-,-,26.070,R,4,S,N,4,0,1,3,A,-,04,21703,,N,C,C,A,A,H,-,A,A,0,,,,,Y,,A,07,0,0,1,0,0,0,0,0,0,"- ",SF,,,"SAN LUIS OBISPO","SAN LUIS OBISPO",-120.68055262999999,35.247674869999997
5581195,2012,2013-08-01,4004,2012-03-09,1854,1187,13,5,5,3,4004,0,0,0,,0,001,"LAKE NACIMIENTO DR","FAIRVIEW LN",201.00,E,N,A,-,N,,,,,,,,,,Y,2,0,2,1,C,-,18,,,N,E,H,A,A,H,-,D,D,0,,,Y,,Y,,-,"- ",1,0,1,0,0,0,0,0,2,"- ","- ",,,"SAN LUIS OBISPO","PASO ROBLES",-120.70124567000001,35.642319970000003
5585605,2012,2014-01-10,9745,2012-04-13,1800,013937,,5,2,9,4000,0,1,3,,1,043,"RT 1","CALLENDER RD",3168.00,S,N,B,-,Y,SLO,5,1,-,-,6.410,H,-,S,Y,3,0,1,1,A,-,08,22107,,N,E,I,A,A,H,-,A,D,0,,,,,Y,,A,01,0,1,0,0,0,0,0,0,0,"- ","- ",35.0473,-120.59005999999999,"SAN LUIS OBISPO",UNINCORPORATED,-120.59180662,35.047558870000003
5587409,2012,2013-10-16,4006,2012-04-05,1252,25950,,4,5,4,4006,0,0,0,,0,,OSOS,PACIFIC,0.00,,Y,A,-,N,,,,,,,,,,Y,4,0,1,2,A,-,09,21802,A,N,D,C,A,A,H,-,A,D,0,,,,,Y,,A,01,0,0,1,0,0,0,0,0,0,"- ","- ",,,"SAN LUIS OBISPO","SAN LUIS OBISPO",-120.65949255,35.279674870000001
5598461,2012,2014-01-24,9740,2012-04-18,1949,13952,,3,2,4,4008,0,1,2,,2,002,"RT 101","SAN DIEGO AV",528.00,N,N,A,-,Y,SLO,5,101,-,-,42.370,H,-,N,Y,4,0,1,1,A,-,08,22107,,N,F,A,A,A,H,-,B,D,1,,,,,Y,,A,07,0,0,1,0,0,0,0,0,0,"- ","- ",35.454250000000002,-120.64194999999999,"SAN LUIS OBISPO",ATASCADERO,-120.63858632,35.445876949999999
5600217,2012,2013-08-10,4006,2012-04-19,1947,89870,,4,5,4,4006,0,0,0,,0,,HIGUERA,VACHELL,0.00,,Y,A,-,N,,,,,,,,,,Y,4,0,1,2,A,-,09,21801,A,N,D,C,A,A,H,-,B,A,0,,,,,Y,,D,22,0,0,1,0,0,0,0,0,0,"- ","- ",,,"SAN LUIS OBISPO","SAN LUIS OBISPO",-120.67580255999999,35.24327495
5616148,2012,2014-01-10,9745,2012-05-03,1705,11589,,4,2,9,4000,0,1,3,,2,023,"RT 1","COLONY DR",589.00,N,N,A,-,Y,SLO,5,1,-,-,19.910,H,-,S,Y,2,0,1,2,A,-,03,22350,,N,F,I,A,A,H,-,A,D,1,,,Y,,Y,,C,02,1,0,0,0,0,0,0,0,1,"- ","- ",35.319890000000001,-120.69861,"SAN LUIS OBISPO",UNINCORPORATED,-120.69898937000001,35.320081559999998
5616330,2012,2013-08-23,9740,2012-04-23,1720,13583,,1,2,9,4000,0,3,5,,2,019,"PLEASANT RD","ESTRELLA RD",3696.00,N,N,B,-,N,,,,,,,,,,Y,3,0,1,1,A,-,08,22107,,N,E,I,A,A,H,-,A,A,0,,,,,Y,,A,01,0,1,0,0,0,0,0,0,0,"- ","- ",35.727620000000002,-120.52781,"SAN LUIS OBISPO",UNINCORPORATED,-120.62852499,35.727248379999999
5616707,2012,2013-09-19,9745,2012-05-03,1755,17097,,4,2,9,4000,0,3,5,,2,004,"HUASNA RD","CHRISTINE LOOMIS DR",1056.00,E,N,A,-,N,,,,,,,,,,Y,3,0,1,1,A,-,08,22107,,N,F,A,A,A,H,-,A,D,0,,,Y,,Y,,C,02,0,1,0,0,0,0,0,0,1,"- ","- ",,,"SAN LUIS OBISPO",UNINCORPORATED,-120.4274681,35.133126660000002
5616715,2012,2013-09-19,9745,2012-05-05,1530,17541,,6,2,9,4000,0,2,4,,1,051,"LOS BERROS RD","FALCON CREST DR",1056.00,W,N,A,-,N,,,,,,,,,,Y,3,0,1,1,A,-,08,22107,,N,E,I,A,A,H,-,A,D,0,,,,,Y,,B,07,0,1,0,0,0,0,0,0,0,"- ","- ",35.101799999999997,-120.57461000000001,"SAN LUIS OBISPO",UNINCORPORATED,-120.57519446000001,35.101705219999999
5617197,2012,2014-01-09,4006,2012-05-10,1538,27940,,4,5,4,4006,0,0,0,,0,,"RT 1",FOOTHILL,0.00,,N,A,-,Y,SLO,5,1,-,-,17.360,H,-,S,Y,4,0,1,2,A,-,03,22350,,N,C,C,A,A,H,-,A,A,0,,,,,Y,,A,01,0,0,1,0,0,0,0,0,0,"- ","- ",,,"SAN LUIS OBISPO","SAN LUIS OBISPO",-120.66825658,35.29431744
5617759,2012,2013-09-14,9745,2012-05-07,0640,015366,,1,1,9,4000,0,3,5,,2,002,"2ND ST","MARIA AV",300.00,S,N,A,-,N,,,,,,,,,,Y,4,0,2,2,A,-,08,22107,,N,G,B,E,A,H,-,A,D,0,Y,,,,Y,,A,01,0,0,2,0,1,0,0,0,0,"- ","- ",35.326880000000003,-120.84077000000001,"SAN LUIS OBISPO",UNINCORPORATED,-120.84089398,35.32730188
5627856,2012,2014-03-04,4004,2012-05-13,1439,0430,33,7,5,3,4004,0,0,0,,0,003,"RT 46","BUENA VISTA DR",141.00,E,N,A,-,Y,SLO,5,46,-,-,30.540,H,-,W,Y,4,0,1,2,A,-,03,22350,,N,C,C,A,A,H,-,A,A,0,,,,,Y,,D,22,0,0,1,0,0,0,0,0,0,"- ","- ",,,"SAN LUIS OBISPO","PASO ROBLES",-120.67188668,35.644658200000002
5631338,2012,2013-09-17,4008,2012-05-12,0825,2030,,6,5,4,4008,0,0,0,,0,,"EL CAMINO REAL",PUEBLO,1584.00,N,N,A,-,N,,,,,,,,,,Y,4,0,1,2,A,-,03,22350,,N,C,C,A,A,H,-,A,A,0,,,,,Y,,A,01,0,0,1,0,0,0,0,0,0,"- ","- ",,,"SAN LUIS OBISPO",ATASCADERO,-120.66158975,35.483761000000001
5634499,2012,2013-09-16,4006,2012-05-15,2325,15560,SLOPD,2,5,4,4006,0,0,0,,0,,JOHNSON,SOUTHWOOD,0.00,,Y,A,-,N,,,,,,,,,,Y,3,0,3,2,A,-,12,22450,A,N,D,C,A,A,H,-,C,D,0,,,,,Y,,-,"- ",0,1,2,0,0,0,0,0,0,"- ","- ",,,"SAN LUIS OBISPO","SAN LUIS OBISPO",-120.63584263,35.264934930000003
5634536,2012,2014-02-14,9745,2012-05-07,0627,15734,,1,1,9,4000,0,1,2,,2,303,"RT 101","MONTE RD",34.00,N,N,A,-,Y,SLO,5,101,-,R,21.370,H,-,N,Y,4,0,1,1,A,-,03,22350,,N,E,I,A,A,H,-,A,D,1,,,,,Y,,A,01,0,0,1,0,0,0,0,0,0,"- ","- ",35.18327,-120.70126,"SAN LUIS OBISPO",UNINCORPORATED,-120.70136660999999,35.183804170000002
5634741,2012,2013-09-19,4008,2012-05-19,2305,3013,,6,5,4,4008,0,0,0,,0,,SYCAMORE,"CUBARIL AV",65.00,N,N,A,-,N,,,,,,,,,,N,3,0,1,1,A,-,01,23152,A,N,E,I,A,A,H,-,D,D,0,,,Y,,Y,Y,C,02,0,1,0,0,0,0,0,0,1,"- ","- ",,,"SAN LUIS OBISPO",ATASCADERO,-120.64724557,35.49278863
5635298,2012,2013-08-24,4004,2012-04-04,1637,1062,,3,5,3,4004,0,0,0,,0,001,RIVERSIDE,19TH,0.00,,Y,A,-,N,,,,,,,,,,Y,3,0,1,2,A,-,00,23103,,N,C,C,A,A,H,-,A,D,0,,,,,Y,,A,01,0,1,0,0,0,0,0,0,0,"- ","- ",,,"SAN LUIS OBISPO","PASO ROBLES",-120.68751260000001,35.634204939999996
5638016,2012,2012-08-03,9740,2012-05-08,0705,011452,,2,1,9,4000,0,1,3,,1,006,"RT 229","RT 58",3696.00,N,N,A,-,Y,SLO,5,229,-,-,0.700,H,-,S,Y,1,1,0,2,A,-,08,22107,,N,A,C,A,A,E,-,A,D,0,,,Y,,Y,,C,02,0,0,0,0,0,0,0,1,0,"- ","- ",35.43336,-120.54489,"SAN LUIS OBISPO",UNINCORPORATED,-120.54515547,35.433171360000003
5639896,2013,2013-04-15,9745,2013-02-17,0849,15366,,7,1,9,4000,0,1,3,,2,023,"RT 1","HOLLISTER AV",750.00,N,N,A,-,Y,SLO,5,1,-,-,22.290,H,-,S,Y,1,1,4,1,A,-,08,22107,,N,E,I,A,A,H,-,A,D,1,,,,,Y,,A,07,1,3,0,0,0,0,0,0,0,"- ","- ",35.331429999999997,-120.73679,"SAN LUIS OBISPO",UNINCORPORATED,-120.7366949,35.331440700000002
5639950,2013,2015-01-15,9745,2013-02-17,1453,014996,,7,2,9,4000,0,1,3,,1,040,"RT 227","VIA CHULA ROBLES",1584.00,S,N,A,-,Y,SLO,5,227,-,-,3.590,H,-,S,Y,1,1,1,1,A,-,08,22107,,N,F,A,A,A,H,-,A,D,0,,,Y,,Y,,C,02,1,0,0,0,0,0,0,1,1,"- ","- ",35.16104,-120.57791,"SAN LUIS OBISPO",UNINCORPORATED,-120.5778581,35.161879800000001
5645128,2012,2013-08-31,4006,2012-05-18,1842,55155,,5,5,4,4006,0,0,0,,0,,CALIFORNIA,HATHWAY,0.00,,Y,A,-,N,,,,,,,,,,N,3,0,1,1,C,-,18,,,N,F,A,A,A,H,-,A,D,0,,Y,,,Y,,-,"- ",0,1,0,0,0,0,1,0,0,"- ","- ",,,"SAN LUIS OBISPO","SAN LUIS OBISPO",-120.66153267999999,35.292384839999997
5667371,2012,2013-09-04,4002,2012-05-06,0145,464,212,7,5,3,4002,0,0,0,,0,001,"S OAK PARK BL","DRIFTWOOD AV",0.00,,Y,A,-,N,,,,,,,,,,Y,4,0,1,1,A,-,05,21650,,N,E,I,A,A,H,-,C,A,0,,,Y,,Y,Y,C,02,0,0,1,0,0,0,0,0,1,"- ","- ",,,"SAN LUIS OBISPO","GROVER BEACH",-120.607371,35.107371000000001
5668270,2012,2013-09-03,4003,2012-05-04,1817,D8786,3,5,5,2,4003,0,0,0,,0,001,"HARBOR ST","MARKET ST",91.00,W,N,A,-,N,,,,,,,,,,Y,4,0,2,2,C,-,18,,,N,C,C,A,A,G,-,A,A,0,,,,,Y,,-,"- ",0,0,2,0,0,0,0,0,0,"- ","- ",,,"SAN LUIS OBISPO","MORRO BAY",-120.85266772999999,35.366866360000003
5668318,2012,2013-09-03,4003,2012-05-02,1754,C1132,3,3,5,2,4003,0,0,0,,0,001,"MAIN ST","SURF ST",111.00,S,N,A,-,N,,,,,,,,,,N,3,0,2,2,A,-,05,21202,A,N,B,B,F,A,H,-,A,A,0,Y,Y,,,Y,,L,04,0,2,0,0,1,0,1,0,0,"- ","- ",,,"SAN LUIS OBISPO","MORRO BAY",-120.85006918000001,35.37029012
5668429,2012,2013-12-04,4003,2012-05-27,1552,C2644,3,7,5,2,4003,0,0,0,,0,001,"MORRO BAY BL","HARBOR ST",0.00,,N,A,-,N,,,,,,,,,,Y,4,0,1,2,A,-,04,21703,,N,C,C,A,A,H,-,A,A,0,,,,,Y,,A,07,0,0,1,0,0,0,0,0,0,"- ","- ",,,"SAN LUIS OBISPO","MORRO BAY",-120.84348272,35.3660049
5668617,2012,2013-10-05,9745,2012-06-06,2045,16514,,3,2,9,4000,0,3,5,,2,002,"13TH ST","SANTA YSABEL AV",17.00,S,N,A,-,N,,,,,,,,,,N,4,0,1,1,A,-,01,23152,A,N,F,A,A,A,H,-,D,D,0,,,Y,,Y,Y,C,03,0,0,1,0,0,0,0,0,1,"- ","- ",35.32987,-120.82884,"SAN LUIS OBISPO",UNINCORPORATED,-120.82881297,35.329918130000003
5672099,2012,2013-11-06,4006,2012-06-08,2222,15560,SLO,5,5,4,4006,0,0,0,,0,CITY,CHORRO,LINCOLN,51.00,S,N,A,-,N,,,,,,,,,,Y,4,0,2,2,A,-,01,23152,A,N,C,C,A,A,H,-,C,D,0,,,,,Y,Y,-,"- ",0,0,2,0,0,0,0,0,0,"- ","- ",,,"SAN LUIS OBISPO","SAN LUIS OBISPO",-120.66744052999999,35.285016880000001
5672907,2012,2014-01-24,9745,2012-06-19,1941,17541,,2,2,9,4000,0,1,2,,2,505,"RT 101","LOS BERROS RD",1056.00,S,N,A,-,Y,SLO,5,101,-,-,7.650,H,-,S,N,4,0,1,2,A,-,03,22350,,N,C,C,A,A,H,-,A,D,1,,,,,Y,,A,07,0,0,1,0,0,0,0,0,0,"- ","- ",35.059989999999999,-120.50555,"SAN LUIS OBISPO",UNINCORPORATED,-120.51341802,35.068455819999997
5674720,2012,2014-01-09,9740,2012-05-30,1155,11452,,3,1,3,4004,0,1,2,,2,003,"RT 101","S SPRING ST",3696.00,S,N,A,-,Y,SLO,5,101,-,-,55.190,H,-,S,Y,4,0,1,1,A,-,08,22107,,N,E,I,A,A,H,-,A,D,1,,,,,Y,,A,01,0,0,1,0,0,0,0,0,0,"- ","- ",35.605069999999998,-120.69268,"SAN LUIS OBISPO","PASO ROBLES",-120.69268873999999,35.604666829999999
5674770,2012,2013-10-16,9740,2012-06-15,0045,18323,,5,3,9,4000,0,3,5,,2,018,"LAS TABLAS RD","HORSTMAN ST",197.00,E,N,A,-,N,,,,,,,,,,Y,3,0,1,1,A,-,01,23152,A,N,E,I,A,A,H,-,C,D,0,,,,,Y,Y,A,01,0,1,0,0,0,0,0,0,0,"- ","- ",35.554380000000002,-120.70443,"SAN LUIS OBISPO",UNINCORPORATED,-120.70459055000001,35.554374860000003
5674799,2012,2014-03-04,9740,2012-06-24,1004,11072,,7,1,9,4000,0,1,3,,2,008,"RT 46","GENESEO RD",0.00,,Y,A,-,Y,SLO,5,46,-,-,37.040,I,5,E,Y,4,0,1,2,A,-,12,22450,A,N,D,C,A,A,H,-,A,A,0,,,,Y,Y,,A,01,0,0,1,0,0,0,0,0,0,"- ","- ",,,"SAN LUIS OBISPO",UNINCORPORATED,-120.56094265,35.659514919999999
5675689,2012,2013-10-05,9745,2012-06-27,0715,012601,,3,1,9,4000,0,2,4,,1,024,"SOUTH BAY BL","PISMO AV",350.00,S,N,A,-,N,,,,,,,,,,Y,3,0,1,1,A,-,08,22107,,N,F,A,A,A,H,-,A,D,0,,,,,Y,,A,07,0,1,0,0,0,0,0,0,0,"- ","- ",35.321370000000002,-120.82268000000001,"SAN LUIS OBISPO",UNINCORPORATED,-120.82254829,35.32159996
5675701,2012,2014-01-08,9745,2012-06-24,1312,015366,,7,1,9,4000,0,3,5,,2,003,"SAN LUIS BAY DR","ONTARIO RD",15.00,W,N,A,-,N,,,,,,,,,,Y,4,0,1,2,A,-,03,22350,,N,C,C,A,A,H,-,A,D,0,,,,,Y,,A,01,0,0,1,0,0,0,0,0,0,"- ","- ",35.196100000000001,-120.70053,"SAN LUIS OBISPO",UNINCORPORATED,-120.70059285000001,35.196106370000003
5676280,2012,2014-02-12,9745,2012-07-02,1415,15144,,1,2,9,4000,0,2,4,,1,058,"HUTTON RD","VISTA DEL RIO",21120.00,N,N,A,-,N,,,,,,,,,,N,3,0,1,2,A,-,05,21460,A,N,B,C,A,A,G,-,A,D,0,,,,,Y,,A,07,0,1,0,0,0,0,0,0,0,"- ","- ",35.007680000000001,-120.44736,"SAN LUIS OBISPO",UNINCORPORATED,-120.44738799,35.007647110000001