CASE_ID,ACCIDENT_YEAR,PROC_DATE,JURIS,COLLISION_DATE,COLLISION_TIME,OFFICER_ID,REPORTING_DISTRICT,DAY_OF_WEEK,CHP_SHIFT,POPULATION,CNTY_CITY_LOC,SPECIAL_COND,BEAT_TYPE,CHP_BEAT_TYPE,CITY_DIVISION_LAPD,CHP_BEAT_CLASS,BEAT_NUMBER,PRIMARY_RD,SECONDARY_RD,DISTANCE,DIRECTION,INTERSECTION,WEATHER_1,WEATHER_2,STATE_HWY_IND,CALTRANS_COUNTY,CALTRANS_DISTRICT,STATE_ROUTE,ROUTE_SUFFIX,POSTMILE_PREFIX,POSTMILE,LOCATION_TYPE,RAMP_INTERSECTION,SIDE_OF_HWY,TOW_AWAY,COLLISION_SEVERITY,NUMBER_KILLED,NUMBER_INJURED,PARTY_COUNT,PRIMARY_COLL_FACTOR,PCF_CODE_OF_VIOL,PCF_VIOL_CATEGORY,PCF_VIOLATION,PCF_VIOL_SUBSECTION,HIT_AND_RUN,TYPE_OF_COLLISION,MVIW,PED_ACTION,ROAD_SURFACE,ROAD_COND_1,ROAD_COND_2,LIGHTING,CONTROL_DEVICE,CHP_ROAD_TYPE,PEDESTRIAN_ACCIDENT,BICYCLE_ACCIDENT,MOTORCYCLE_ACCIDENT,TRUCK_ACCIDENT,NOT_PRIVATE_PROPERTY,ALCOHOL_INVOLVED,STWD_VEHTYPE_AT_FAULT,CHP_VEHTYPE_AT_FAULT,COUNT_SEVERE_INJ,COUNT_VISIBLE_INJ,COUNT_COMPLAINT_PAIN,COUNT_PED_KILLED,COUNT_PED_INJURED,COUNT_BICYCLIST_KILLED,COUNT_BICYCLIST_INJURED,COUNT_MC_KILLED,COUNT_MC_INJURED,PRIMARY_RAMP,SECONDARY_RAMP,LATITUDE,LONGITUDE,COUNTY,CITY,POINT_X,POINT_Y
6429466,2014,2014-06-20,9745,2014-02-06,1640,013212,,4,2,9,4000,0,2,4,,1,025,"LOS OSOS VALLEY RD","FOOTHILL RD",4752.00,W,N,B,C,N,,,,,,,,,,Y,4,0,1,2,A,-,08,22107,,N,D,C,A,B,H,-,A,D,0,,,,,Y,,A,01,0,0,1,0,0,0,0,0,0,"- ","- ",,,"SAN LUIS OBISPO",UNINCORPORATED,-120.72610259,35.282033259999999
6430794,2014,2014-07-02,9740,2014-03-28,1820,015167,,5,2,9,4000,0,3,5,,2,018,"CRESTON RD","BEECHWOOD DR",1584.00,E,N,A,-,N,,,,,,,,,,Y,3,0,1,2,A,-,03,22350,,N,C,C,A,A,H,-,A,D,0,,,,,Y,,A,01,0,1,0,0,0,0,0,0,0,"- ","- ",35.593409999999999,-120.65004,"SAN LUIS OBISPO",UNINCORPORATED,-120.64987898,35.593290330000002
6435260,2014,2014-07-01,4006,2014-03-04,1557,33665,,2,5,4,4006,0,0,0,,0,,PISMO,OSOS,0.00,,Y,A,-,N,,,,,,,,,,N,4,0,2,3,A,-,10,21950,A,N,-,B,B,A,H,-,A,A,0,Y,,,,Y,,D,22,0,0,2,0,2,0,0,0,0,"- ","- ",,,"SAN LUIS OBISPO","SAN LUIS OBISPO",-120.65876998,35.278860080000001
6436246,2014,2015-11-16,9740,2014-03-31,1745,015167,,1,2,9,4000,0,1,2,,2,004,"RT 101","NORTH MISSION BL",528.00,N,N,B,C,Y,SLO,5,101,-,-,67.380,H,-,N,Y,3,0,2,1,A,-,03,22350,,N,F,A,A,B,H,-,A,D,1,,,,,Y,,D,22,0,2,0,0,0,0,0,0,0,"- ","- ",35.771419999999999,-120.70585,"SAN LUIS OBISPO",UNINCORPORATED,-120.70718192,35.772032070000002
6437167,2014,2015-11-16,9745,2014-02-14,1550,013531,,5,2,2,4005,0,1,2,,2,404,"RT 101","SPYGLASS DR",4752.00,S,N,A,-,Y,SLO,5,101,-,-,18.900,H,-,S,Y,4,0,1,3,A,-,03,22350,,N,C,C,A,A,H,-,A,D,1,,,,,Y,,A,01,0,0,1,0,0,0,0,0,0,"- ","- ",35.159190000000002,-120.67528,"SAN LUIS OBISPO","PISMO BEACH",-120.67280386,35.158150839999998
6439501,2014,2016-01-11,9745,2014-03-17,1534,016832,,1,2,9,4000,0,1,3,,1,043,"RT 1","TIENDA PL",0.00,,Y,A,-,Y,SLO,5,1,-,-,7.777,I,5,S,Y,3,0,2,2,A,-,01,23152,A,N,C,C,A,A,H,-,A,D,0,,,,,Y,Y,A,08,0,1,1,0,0,0,0,0,0,"- ","- ",35.06514,-120.59605999999999,"SAN LUIS OBISPO",UNINCORPORATED,-120.59611498,35.065232330000001
6439816,2014,2014-06-27,4006,2014-03-13,1703,59350,,4,5,4,4006,0,0,0,,0,,"SANTA ROSA",ISLAY,0.00,,Y,A,-,N,,,,,,,,,,N,3,0,1,2,A,-,17,21200,,N,D,G,A,A,H,-,A,A,0,,Y,,,Y,Y,L,04,0,1,0,0,0,0,1,0,0,"- ","- ",,,"SAN LUIS OBISPO","SAN LUIS OBISPO",-120.65603987,35.278129999999997
6441373,2014,2016-01-07,9745,2014-03-13,0810,012876,,4,1,9,4000,0,1,2,,2,404,"RT 101","SPYGLASS DR",5808.00,S,N,A,-,Y,SLO,5,101,-,-,18.700,H,-,N,Y,4,0,1,1,A,-,08,22107,,N,F,A,A,A,H,-,A,D,1,,,,,Y,,A,01,0,0,1,0,0,0,0,0,0,"- ","- ",35.157110000000003,-120.66951,"SAN LUIS OBISPO",UNINCORPORATED,-120.66955299999999,35.157042130000001
6453990,2014,2014-07-08,4004,2014-03-26,0724,0901,04,3,5,3,4004,0,0,0,,0,4-8,"SANTA BELLA",COMMERCE,420.00,W,N,A,-,N,,,,,,,,,,N,2,0,1,2,A,-,11,21954,A,N,G,B,D,A,H,-,A,D,0,Y,,,,Y,,N,60,1,0,0,0,1,0,0,0,0,"- ","- ",,,"SAN LUIS OBISPO","PASO ROBLES",-120.65378257,35.611785650000002
6453998,2014,2014-07-18,4004,2014-04-20,1145,1187,02,7,5,3,4004,0,0,0,,0,021,12TH,SPRING,393.00,W,N,A,-,N,,,,,,,,,,N,3,0,1,2,C,-,18,,,N,G,B,E,A,H,-,A,A,0,Y,,,,Y,,-,"- ",0,1,0,0,1,0,0,0,0,"- ","- ",,,"SAN LUIS OBISPO","PASO ROBLES",-120.69272014000001,35.626590829999998
6454804,2014,2014-07-22,9740,2014-04-18,1145,14662,,5,1,9,4000,0,3,5,,2,016,"LAS PILITAS RD","VISTA DEL LAGO",1056.00,N,N,B,-,N,,,,,,,,,,N,4,0,1,1,A,-,03,22350,,N,F,A,A,A,H,-,A,D,0,,Y,,,Y,,L,04,0,0,1,0,0,0,1,0,0,"- ","- ",35.355600000000003,-120.4901,"SAN LUIS OBISPO",UNINCORPORATED,-120.49091734,35.354912659999997
6459026,2014,2014-07-11,9740,2014-04-27,1555,019259,,7,2,9,4000,0,3,5,,2,022,"LAS TABLAS RD","BENNETT WY",100.00,W,N,A,-,N,,,,,,,,,,N,3,0,1,1,A,-,08,22107,,N,F,-,A,A,H,-,A,D,0,,Y,,,Y,,L,04,0,1,0,0,0,0,1,0,0,"- ","- ",35.554310000000001,-120.71504,"SAN LUIS OBISPO",UNINCORPORATED,-120.71457613,35.554389999999998
6459550,2014,2016-04-06,9740,2014-05-01,1722,015854,,4,2,9,4000,0,1,3,,2,011,"RT 46","YORK MOUNTAIN RD",1584.00,E,N,A,-,Y,SLO,5,46,-,R,15.120,H,-,E,Y,3,0,1,1,C,-,18,,,N,H,H,A,A,H,-,A,D,0,,,,,Y,,-,"- ",0,1,0,0,0,0,0,0,0,"- ","- ",35.54383,-120.79882000000001,"SAN LUIS OBISPO",UNINCORPORATED,-120.79876399,35.54398948
6462769,2014,2016-04-09,9745,2014-04-05,0025,013937,,6,3,9,4000,0,1,2,,2,303,"RT 101","HIGUERA ST",3696.00,S,N,A,-,Y,SLO,5,101,-,R,23.600,H,-,N,Y,4,0,2,1,A,-,08,22107,,N,E,I,A,A,H,-,D,D,1,,,,,Y,,A,01,0,0,2,0,0,0,0,0,0,"- ","- ",35.214660000000002,-120.69646,"SAN LUIS OBISPO",UNINCORPORATED,-120.69642234,35.214898980000001
6469710,2014,2015-10-01,4008,2014-04-04,1013,2030,,5,5,4,4008,0,0,0,,0,,"EL CAMINO REAL","SAN ANSELMO RD",126.00,N,N,C,-,N,,,,,,,,,,Y,3,0,1,2,A,-,03,22350,,N,C,C,A,B,H,-,A,D,0,,,,,Y,,A,01,0,1,0,0,0,0,0,0,0,"- ","- ",35.499769999999998,-120.68347,"SAN LUIS OBISPO",ATASCADERO,-120.68354485,35.499711849999997
6470494,2014,2014-06-23,9740,2014-04-20,2155,14465,,7,2,9,4000,0,3,5,,2,016,"POZO RD","MOUNTAIN LOOKOUT RD",528.00,N,N,A,-,N,,,,,,,,,,N,4,0,3,2,A,-,03,22350,,N,C,C,A,A,H,-,D,D,0,,,,,Y,,D,22,0,0,3,0,0,0,0,0,0,"- ","- ",35.303429999999999,-120.37761999999999,"SAN LUIS OBISPO",UNINCORPORATED,-120.37852407,35.303681429999997
6471641,2014,2016-03-05,4004,2014-02-23,0124,1197,03,7,5,3,4004,0,0,0,,0,3-3,"RT 46 E","GOLDEN HILL",700.00,W,N,A,-,Y,SLO,5,46,-,-,31.180,H,-,W,Y,2,0,1,1,A,-,01,23152,A,N,E,I,A,A,H,-,D,D,0,,,,,Y,Y,A,01,1,0,0,0,0,0,0,0,0,"- ","- ",,,"SAN LUIS OBISPO","PASO ROBLES",-120.66032128000001,35.644633220000003
6476168,2014,2015-03-10,4004,2014-04-22,0541,1189,01,2,5,3,4004,0,0,0,,0,014,24TH,SPRING,109.00,W,N,A,-,N,,,,,,,,,,Y,4,0,1,2,A,-,09,21804,A,N,D,D,A,A,H,-,C,A,0,,,,,Y,,D,22,0,0,1,0,0,0,0,0,0,"- ","- ",,,"SAN LUIS OBISPO","PASO ROBLES",-120.69280636000001,35.639115910000001
6479903,2014,2016-04-07,9745,2014-04-26,0600,017541,,6,1,9,4000,0,1,2,,1,101,"RT 101","CUESTA SPRINGS RD",1584.00,S,N,A,-,Y,SLO,5,101,-,-,34.960,H,-,S,Y,3,0,3,1,A,-,08,22107,,F,E,I,A,A,H,-,B,D,5,,,,,Y,,A,01,0,2,1,0,0,0,0,0,0,"- ","- ",35.200000000000003,-120.3728,"SAN LUIS OBISPO",UNINCORPORATED,-120.62950296,35.346567139999998
6485814,2014,2014-07-26,9740,2014-05-07,2155,12113,,3,2,9,4000,0,3,5,,2,019,"JARDINE RD","ESTRELLA RD",1056.00,S,N,A,-,N,,,,,,,,,,N,2,0,1,2,A,-,03,22350,,N,F,A,A,A,H,-,A,D,0,,,Y,,Y,,C,02,1,0,0,0,0,0,0,0,1,"- ","- ",35.698770000000003,-120.60517,"SAN LUIS OBISPO",UNINCORPORATED,-120.60502282,35.699101900000002
6486161,2014,2014-08-02,4008,2014-05-02,1020,3013,,5,5,4,4008,0,0,0,,0,,"EL CAMINO REAL","SAN RAFAEL CT",33.00,S,N,A,-,N,,,,,,,,,,N,4,0,1,1,B,-,22,,,N,F,A,A,A,B,-,A,D,0,,Y,,,Y,,L,04,0,0,1,0,0,0,1,0,0,"- ","- ",,,"SAN LUIS OBISPO",ATASCADERO,-120.64348741000001,35.459955209999997
6488667,2014,2014-06-26,4003,2014-03-25,0313,S6616,5,2,5,2,4003,0,0,0,,0,001,"SOUTH BAY BL","STATE PARK RD",1320.00,S,N,A,-,N,,,,,,,,,,Y,4,0,1,1,A,-,03,22350,,N,H,J,A,A,H,-,C,A,0,,,Y,,Y,,C,02,0,0,1,0,0,0,0,0,1,"- ","- ",,,"SAN LUIS OBISPO","MORRO BAY",-120.82823542,35.351668429999997
6493554,2014,2016-04-09,9745,2014-05-24,1544,15734,,6,2,9,4000,0,1,3,,1,041,"RT 1","4TH ST",0.00,,Y,A,-,Y,SLO,5,1,-,R,12.566,I,5,N,Y,3,0,2,2,A,-,03,22350,,N,C,C,A,A,H,-,A,D,0,,,,,Y,,E,22,0,1,1,0,0,0,0,0,0,"- ","- ",35.103279999999998,-120.61846,"SAN LUIS OBISPO",UNINCORPORATED,-120.6185746,35.103177350000003
6498794,2014,2016-04-09,9745,2014-05-04,1649,015734,,7,2,3,4001,0,1,2,,2,402,"RT 101","E GRAND",45.00,S,N,A,-,Y,SLO,5,101,-,-,13.060,R,1,N,N,4,0,2,4,A,-,03,22350,,N,C,C,A,A,H,-,A,A,1,,,,,Y,,M,47,0,0,2,0,0,0,0,0,0,"- ","- ",35.121420000000001,-120.58266,"SAN LUIS OBISPO","ARROYO GRANDE",-120.58178716,35.12091547
6498876,2014,2014-07-08,4002,2014-03-11,1243,476,114,2,5,3,4002,0,0,0,,0,001,"W GRAND AV","S 3RD ST",185.00,W,N,A,-,N,,,,,,,,,,N,3,0,1,2,A,-,05,21650,1,N,D,G,A,A,H,-,A,A,0,,Y,,,Y,,L,04,0,1,0,0,0,0,1,0,0,"- ","- ",,,"SAN LUIS OBISPO","GROVER BEACH",-120.62825775,35.12187505
6499069,2014,2014-07-18,4002,2014-04-07,1111,093,101,1,5,3,4002,0,0,0,,0,001,"W GRAND AV","S 11TH ST",70.00,W,N,A,-,N,,,,,,,,,,N,4,0,1,2,A,-,17,22517,,N,H,G,A,A,H,-,A,A,0,,Y,,,Y,,A,01,0,0,1,0,0,0,1,0,0,"- ","- ",,,"SAN LUIS OBISPO","GROVER BEACH",-120.61799349,35.121382969999999
6504176,2014,2016-04-06,9745,2014-05-28,1845,014910,,3,2,4,4006,0,1,3,,1,011,"RT 41","BEAR RIDGE RD",528.00,N,N,A,-,Y,SLO,5,41,-,-,5.420,H,-,S,Y,4,0,1,1,A,-,08,22107,,N,E,I,A,A,H,-,A,D,0,,,,,Y,,A,01,0,0,1,0,0,0,0,0,0,"- ","- ",35.426220000000001,-120.77852,"SAN LUIS OBISPO","SAN LUIS OBISPO",-120.77972412,35.425542729999997
6504248,2014,2016-04-09,9745,2014-05-26,1724,015734,,1,2,2,4005,0,1,2,,2,404,"RT 101","SPYGLASS DR",800.00,N,N,A,-,Y,SLO,5,101,-,R,19.980,H,-,S,Y,3,0,1,4,A,-,03,22350,,N,C,C,A,A,H,-,A,D,1,,,,,Y,,A,07,0,1,0,0,0,0,0,0,0,"- ","- ",35.164839999999998,-120.68774000000001,"SAN LUIS OBISPO","PISMO BEACH",-120.6891493,35.165797560000001
6508484,2014,2014-08-04,9740,2014-05-02,0850,13733,,5,1,9,4000,0,3,5,,2,024,"MAIN ST","BURTON DR",1056.00,N,N,A,-,N,,,,,,,,,,Y,4,0,1,2,A,-,03,22350,,N,C,C,A,A,H,-,A,D,0,,,,,Y,,A,01,0,0,1,0,0,0,0,0,0,"- ","- ",35.563369999999999,-121.08581,"SAN LUIS OBISPO",UNINCORPORATED,-121.07989498000001,35.565659199999999
6508907,2014,2016-04-09,9745,2014-05-23,0520,013212,,5,3,9,4000,0,3,5,,2,004,"OSO FLACO LAKE RD","RT 1",0.00,,Y,A,-,Y,SLO,5,1,-,-,2.330,I,5,N,Y,3,0,2,2,A,-,12,22450,A,N,D,C,A,A,H,-,D,A,0,,,,,Y,,A,01,0,1,1,0,0,0,0,0,0,"- ","- ",35.010640000000002,-120.56715,"SAN LUIS OBISPO",UNINCORPORATED,-120.56758944000001,35.010786099999997
6508915,2014,2016-04-09,9745,2014-05-24,1455,015144,,6,2,3,4001,0,1,2,,2,402,"RT 101","HALCYON RD",34.00,S,N,A,-,Y,SLO,5,101,-,-,13.680,R,2,S,Y,3,0,1,1,A,-,08,22107,,N,E,I,A,A,H,-,A,A,1,,,,,Y,,A,01,0,1,0,0,0,0,0,0,0,"- ","- ",35.123139999999999,-120.5912,"SAN LUIS OBISPO","ARROYO GRANDE",-120.59227315,35.123837999999999
6511758,2014,2014-09-08,9740,2014-05-30,2325,014947,,5,3,4,4008,0,1,2,,2,001,"RT 101","SANTA ROSA RD",5280.00,S,N,A,-,Y,,,101,,,,,,,Y,2,0,1,2,A,-,01,23152,A,N,B,C,A,A,H,-,D,D,0,,,Y,,Y,,C,02,1,0,0,0,0,0,0,0,1,"- ","- ",35.453989999999997,-120.64178,"SAN LUIS OBISPO",ATASCADERO,-120.64183174999999,35.453949639999998
6512167,2014,2016-04-07,9740,2014-05-30,0750,013952,,5,1,9,4000,0,1,2,,2,001,"RT 101","RT 58",2640.00,N,N,A,-,Y,SLO,5,101,-,-,38.100,H,-,S,Y,3,0,1,3,A,-,03,22350,,N,C,C,A,A,H,-,A,D,1,,,,,Y,,A,01,0,1,0,0,0,0,0,0,0,"- ","- ",35.39038,-120.62569000000001,"SAN LUIS OBISPO",UNINCORPORATED,-120.62833655999999,35.386285979999997
6514242,2014,2014-08-11,4006,2014-06-16,2041,55155,,1,5,4,4006,0,0,0,,0,,FOOTHILL,CALIFORNIA,93.00,W,N,A,-,N,,,,,,,,,,N,4,0,1,3,A,-,03,22350,,F,C,C,A,A,H,-,C,A,0,,,,,Y,Y,A,07,0,0,1,0,0,0,0,0,0,"- ","- ",,,"SAN LUIS OBISPO","SAN LUIS OBISPO",-120.66416864,35.294933780000001
6517499,2014,2014-08-11,9740,2014-06-08,1715,019259,,7,2,9,4000,0,3,5,,2,019,"BUENA VISTA DR","CIRCLE B RD",15840.00,N,N,A,-,N,,,,,,,,,,Y,3,0,1,2,A,-,05,21650,,N,B,C,A,A,H,-,A,D,0,,,,,Y,,A,07,0,1,0,0,0,0,0,0,0,"- ","- ",35.669370000000001,-120.66544,"SAN LUIS OBISPO",UNINCORPORATED,-120.63935051999999,35.673846490000003
6528273,2014,2014-08-13,4006,2014-06-06,1252,10140,4006,5,5,4,4006,0,0,0,,0,,OCEANAIRE,LAKEVIEW,2971.00,S,N,A,-,N,,,,,,,,,,Y,4,0,1,2,A,-,21,22106,,N,D,C,A,A,H,-,A,D,0,,,,,Y,,A,01,0,0,1,0,0,0,0,0,0,"- ","- ",,,"SAN LUIS OBISPO","SAN LUIS OBISPO",-120.68450574000001,35.255087930000002
6530525,2014,2014-08-19,9745,2014-06-18,2100,017541,,3,2,9,4000,0,2,4,,2,047,"LOPEZ DR","CHANTERELLE LN",8448.00,W,N,A,-,N,,,,,,,,,,Y,2,0,1,1,A,-,01,23152,A,N,E,I,A,A,H,-,D,D,0,,,Y,,Y,Y,C,02,1,0,0,0,0,0,0,0,1,"- ","- ",35.106749999999998,-120.47709999999999,"SAN LUIS OBISPO",UNINCORPORATED,-120.47789276,35.186257609999998
6530557,2014,2016-04-11,9745,2014-06-18,0725,012876,,3,1,3,4001,0,1,2,,2,402,"RT 101","BRISCO RD",100.00,N,N,A,-,Y,SLO,5,101,-,-,13.780,H,-,N,N,4,0,1,2,A,-,17,22109,,M,E,I,A,A,H,-,A,D,1,,,,,Y,,A,01,0,0,1,0,0,0,0,0,0,"- ","- ",35.125129999999999,-120.59468,"SAN LUIS OBISPO","ARROYO GRANDE",-120.59380389,35.124546010000003
6531239,2014,2014-08-08,4001,2014-05-20,1214,P069,,2,5,3,4001,0,0,0,,0,CITY,"TRAFFIC WY","NELSON ST",122.00,S,N,A,-,N,,,,,,,,,,Y,4,0,1,2,A,-,03,22350,,N,C,E,A,A,H,-,A,A,0,,,,,Y,,D,22,0,0,1,0,0,0,0,0,0,"- ","- ",,,"SAN LUIS OBISPO","ARROYO GRANDE",-120.57796754,35.1212248
6532946,2014,2014-07-26,4001,2014-01-26,1319,P0115,2,7,5,3,4001,0,0,0,,0,CITY,"EAST GRAND AV","COURTLAND ST",0.00,,Y,B,-,N,,,,,,,,,,Y,4,0,1,2,A,-,12,21453,A,N,D,D,A,A,H,-,A,A,0,,,,,Y,,A,01,0,0,1,0,0,0,0,0,0,"- ","- ",,,"SAN LUIS OBISPO","ARROYO GRANDE",-120.60665998,35.120840059999999
6533333,2014,2015-02-27,4001,2014-03-31,1721,P057,5,1,5,3,4001,0,0,0,,0,CITY,"HUASNA RD","CLARENCE AV",70.00,E,N,B,-,N,,,,,,,,,,N,3,0,1,2,A,-,08,22107,,N,B,G,A,A,H,-,A,A,0,,Y,,,Y,,L,04,0,1,0,0,0,0,1,0,0,"- ","- ",,,"SAN LUIS OBISPO","ARROYO GRANDE",-120.56840939,35.127422760000002
6534526,2014,2016-04-07,4004,2014-06-08,0620,1201,01,7,5,3,4004,0,0,0,,0,014,"RT 46","RT 101",0.00,,Y,A,F,Y,SLO,5,46,-,-,29.800,H,-,E,Y,4,0,2,2,A,-,03,22350,,N,C,C,A,A,H,-,A,A,0,,,,,Y,,A,01,0,0,2,0,0,0,0,0,0,"- ","- ",,,"SAN LUIS OBISPO","PASO ROBLES",-120.68374647,35.642959040000001
6541948,2014,2016-05-02,9740,2014-07-20,1327,011615,,7,1,9,4000,0,1,3,,1,014,"RT 1","RT 46",513.00,S,N,A,-,Y,SLO,5,1,-,-,45.890,H,-,S,Y,3,0,2,2,A,-,08,22107,,N,D,C,A,A,H,-,A,D,0,,,,,Y,,A,01,0,1,1,0,0,0,0,0,0,"- ","- ",35.525939999999999,-121.04404,"SAN LUIS OBISPO",UNINCORPORATED,-121.043972,35.525895720000001
6544513,2014,2016-04-09,9740,2014-06-27,0900,014662,,5,1,9,4000,0,1,3,,1,014,"RT 1","RT 46",0.00,,Y,A,-,Y,SLO,5,1,-,-,45.991,I,5,N,Y,4,0,1,2,A,-,09,21801,A,N,D,C,A,A,H,-,A,D,0,,,,,Y,,A,07,0,0,1,0,0,0,0,0,0,"- ","- ",38.527099999999997,-121.04470000000001,"SAN LUIS OBISPO",UNINCORPORATED,-121.04480389,35.527176840000003
6544524,2014,2016-04-09,9745,2014-06-21,0105,017541,,6,3,3,4001,0,1,2,,2,402,"RT 101","GRAND AV",500.00,S,N,A,-,Y,SLO,5,101,-,-,13.080,H,-,S,Y,3,0,1,2,A,-,01,23152,A,N,F,A,A,A,H,-,D,D,1,,,,,Y,Y,A,07,0,1,0,0,0,0,0,0,0,"- ","- ",35.122230000000002,-120.5859,"SAN LUIS OBISPO","ARROYO GRANDE",-120.5823001,35.120840149999999
6544544,2014,2016-04-05,9745,2014-06-24,1435,017144,,2,2,9,4000,0,1,3,,1,032,"RT 227","BUCKLEY RD",120.00,S,N,A,-,Y,SLO,5,227,-,R,9.800,H,-,N,Y,4,0,1,2,A,-,03,22350,,N,C,C,A,A,H,-,A,D,0,,,,,Y,,A,01,0,0,1,0,0,0,0,0,0,"- ","- ",35.232680000000002,-120.63070999999999,"SAN LUIS OBISPO",UNINCORPORATED,-120.63023585000001,35.231553390000002
6546484,2014,2014-08-12,4001,2014-06-21,1223,P057,11,6,5,3,4001,0,0,0,,0,CITY,"SOUTH ELM ST","MAPLE ST",0.00,,Y,A,-,N,,,,,,,,,,Y,4,0,2,2,A,-,03,22350,,N,C,C,A,A,H,-,A,A,0,,,,,Y,,A,01,0,0,2,0,0,0,0,0,0,"- ","- ",,,"SAN LUIS OBISPO","ARROYO GRANDE",-120.60049986999999,35.116700000000002
6548209,2014,2014-08-29,9745,2014-07-03,1934,16068,,4,2,9,4000,0,3,5,,2,002,"RAMONA AV","8TH ST",110.00,E,N,A,-,N,,,,,,,,,,Y,4,0,1,2,A,-,01,23152,A,N,D,E,A,A,H,-,A,D,0,,,,,Y,Y,D,22,0,0,1,0,0,0,0,0,0,"- ","- ",35.320480000000003,-120.83399,"SAN LUIS OBISPO",UNINCORPORATED,-120.83399133,35.32066665
6548322,2014,2014-08-21,9745,2014-06-26,1630,012601,,4,2,9,4000,0,3,5,,2,002,"7TH ST","PISMO AV",250.00,N,N,A,-,N,,,,,,,,,,N,2,0,1,3,A,-,09,21801,A,N,A,C,A,A,H,-,A,D,0,,,Y,,Y,,A,07,1,0,0,0,0,0,0,0,1,"- ","- ",35.323560000000001,-120.83548999999999,"SAN LUIS OBISPO",UNINCORPORATED,-120.83545843,35.323216700000003
6548393,2014,2016-04-09,9745,2014-06-21,1804,017238,,6,2,2,4005,0,1,2,,2,404,"RT 101","SPYGLASS DR",528.00,S,N,B,-,Y,SLO,5,101,-,R,19.800,H,-,N,Y,3,0,1,1,A,-,01,23152,A,N,E,I,A,A,H,-,A,D,1,,,,,Y,Y,A,01,0,1,0,0,0,0,0,0,0,"- ","- ",35.162610000000001,-120.68374,"SAN LUIS OBISPO","PISMO BEACH",-120.68673320000001,35.163982050000001
6550434,2014,2014-08-25,9745,2014-07-04,1810,013937,,5,2,9,4000,0,2,4,,2,047,"LOPEZ DR","TROUT FARM RD",1584.00,E,N,A,-,N,,,,,,,,,,Y,3,0,1,1,A,-,08,22107,,N,E,I,A,A,H,-,A,D,0,,,,,Y,,A,07,0,1,0,0,0,0,0,0,0,"- ","- ",35.187570000000001,-120.49638,"SAN LUIS OBISPO",UNINCORPORATED,-120.49638,35.187570000000001
6565373,2014,2016-05-04,9740,2014-07-17,1949,017283,,4,2,9,4000,0,1,2,,2,002,"RT 101","LAS TABLAS RD",1056.00,S,N,A,-,Y,SLO,5,101,-,-,51.250,H,-,N,Y,4,0,1,1,C,-,18,,,N,H,H,A,A,H,-,A,D,1,,,,,Y,,-,"- ",0,0,1,0,0,0,0,0,0,"- ","- ",35.552199999999999,-120.71424,"SAN LUIS OBISPO",UNINCORPORATED,-120.71402811,35.552054220000002
6570717,2014,2016-05-04,9740,2014-07-09,1813,17283,,3,2,9,4000,0,1,3,,2,007,"RT 41","RT 229",0.00,,Y,A,-,Y,SLO,5,41,-,-,27.975,I,5,N,Y,2,0,1,2,A,-,09,21802,A,N,D,C,A,A,H,-,-,A,0,,,,,Y,Y,A,07,1,0,0,0,0,0,0,0,0,"- ","- ",35.53443,-120.52632,"SAN LUIS OBISPO",UNINCORPORATED,-120.52728697000001,35.534344249999997
6571208,2014,2014-08-27,9745,2014-07-22,2119,016068,,2,2,9,4000,0,3,5,,2,004,"HALCYON RD","THE PIKE",125.00,S,N,A,-,N,,,,,,,,,,Y,4,0,1,3,A,-,03,22350,,N,C,C,A,A,H,-,D,D,0,,,,,Y,,A,07,0,0,1,0,0,0,0,0,0,"- ","- ",35.105849999999997,-120.59161,"SAN LUIS OBISPO",UNINCORPORATED,-120.59165,35.106006649999998
6576947,2014,2016-05-09,9740,2014-07-26,1555,13133,,6,2,9,4000,0,1,3,,1,009,"RT 46","RT 41",2112.00,E,N,A,-,Y,SLO,5,46,-,-,55.510,H,-,E,Y,4,0,3,3,C,-,18,,,N,A,C,A,A,A,-,A,D,0,,,,,Y,,-,"- ",0,0,3,0,0,0,0,0,0,"- ","- ",35.7483,-120.22348,"SAN LUIS OBISPO",UNINCORPORATED,-120.27744783999999,35.735741689999998
6578034,2014,2015-05-18,4006,2014-07-02,1910,76984,,3,5,4,4006,0,0,0,,0,,"S HIGUERA","TANK FARM RD",0.00,,Y,A,-,N,,,,,,,,,,N,4,0,1,2,A,-,12,21453,A,N,D,C,A,A,H,-,A,A,0,,,,,Y,,-,"- ",0,0,1,0,0,0,0,0,0,"- ","- ",,,"SAN LUIS OBISPO","SAN LUIS OBISPO",-120.67370986,35.246800100000002
6585499,2014,2014-08-22,4004,2014-07-19,0811,1133,03,6,5,3,4004,0,0,0,,0,"3 12",CRESTON,MELODY,0.00,,Y,A,-,N,,,,,,,,,,N,3,0,2,2,A,-,09,21801,A,N,D,C,A,A,H,-,A,A,0,,,,,Y,,A,01,0,1,1,0,0,0,0,0,0,"- ","- ",,,"SAN LUIS OBISPO","PASO ROBLES",-120.66266994,35.62327003
6585841,2014,2014-08-18,4004,2014-07-25,2043,1208,01,5,5,3,4004,0,0,0,,0,013,RIVERSIDE,24TH,250.00,S,N,A,-,N,,,,,,,,,,N,4,0,1,2,A,-,11,21956,A,N,G,B,E,A,G,-,C,D,0,Y,,,,Y,,N,60,0,0,1,0,1,0,0,0,0,"- ","- ",,,"SAN LUIS OBISPO","PASO ROBLES",-120.68797741,35.639110649999999