CASE_ID,ACCIDENT_YEAR,PROC_DATE,JURIS,COLLISION_DATE,COLLISION_TIME,OFFICER_ID,REPORTING_DISTRICT,DAY_OF_WEEK,CHP_SHIFT,POPULATION,CNTY_CITY_LOC,SPECIAL_COND,BEAT_TYPE,CHP_BEAT_TYPE,CITY_DIVISION_LAPD,CHP_BEAT_CLASS,BEAT_NUMBER,PRIMARY_RD,SECONDARY_RD,DISTANCE,DIRECTION,INTERSECTION,WEATHER_1,WEATHER_2,STATE_HWY_IND,CALTRANS_COUNTY,CALTRANS_DISTRICT,STATE_ROUTE,ROUTE_SUFFIX,POSTMILE_PREFIX,POSTMILE,LOCATION_TYPE,RAMP_INTERSECTION,SIDE_OF_HWY,TOW_AWAY,COLLISION_SEVERITY,NUMBER_KILLED,NUMBER_INJURED,PARTY_COUNT,PRIMARY_COLL_FACTOR,PCF_CODE_OF_VIOL,PCF_VIOL_CATEGORY,PCF_VIOLATION,PCF_VIOL_SUBSECTION,HIT_AND_RUN,TYPE_OF_COLLISION,MVIW,PED_ACTION,ROAD_SURFACE,ROAD_COND_1,ROAD_COND_2,LIGHTING,CONTROL_DEVICE,CHP_ROAD_TYPE,PEDESTRIAN_ACCIDENT,BICYCLE_ACCIDENT,MOTORCYCLE_ACCIDENT,TRUCK_ACCIDENT,NOT_PRIVATE_PROPERTY,ALCOHOL_INVOLVED,STWD_VEHTYPE_AT_FAULT,CHP_VEHTYPE_AT_FAULT,COUNT_SEVERE_INJ,COUNT_VISIBLE_INJ,COUNT_COMPLAINT_PAIN,COUNT_PED_KILLED,COUNT_PED_INJURED,COUNT_BICYCLIST_KILLED,COUNT_BICYCLIST_INJURED,COUNT_MC_KILLED,COUNT_MC_INJURED,PRIMARY_RAMP,SECONDARY_RAMP,LATITUDE,LONGITUDE,COUNTY,CITY,POINT_X,POINT_Y
6587846,2014,2016-05-04,9745,2014-08-08,1355,12876,,5,1,2,4005,0,1,2,,2,404,"RT 101","MATTIE RD",528.00,S,N,A,-,Y,SLO,5,101,-,-,17.640,H,-,S,N,3,0,1,2,A,-,07,21658,A,N,C,C,A,A,H,-,A,D,1,,,,,Y,,A,01,0,1,0,0,0,0,0,0,0,"- ","- ",35.150539999999999,-120.6525,"SAN LUIS OBISPO","PISMO BEACH",-120.65287137999999,35.150167250000003
6588525,2014,2015-10-06,4001,2014-07-10,1617,P090,1,4,5,3,4001,0,0,0,,0,CITY,"EAST GRAND AV","EL CAMINO REAL",0.00,,Y,A,-,N,,,,,,,,,,Y,4,0,1,2,A,-,09,21802,A,M,D,C,A,A,H,-,A,A,0,,,,,Y,,A,01,0,0,1,0,0,0,0,0,0,"- ","- ",,,"SAN LUIS OBISPO","ARROYO GRANDE",-120.58388293,35.121319980000003
6592622,2014,2014-09-04,4006,2014-08-01,1418,10140,4006,5,5,4,4006,0,0,0,,0,,HIGUERA,NIPOMO,490.00,W,N,A,-,N,,,,,,,,,,N,3,0,1,2,A,-,10,21954,B,N,G,B,-,A,H,-,A,D,0,Y,,,,Y,,A,01,0,1,0,0,1,0,0,0,0,"- ","- ",,,"SAN LUIS OBISPO","SAN LUIS OBISPO",-120.66705727999999,35.27733817
6592630,2014,2014-09-04,4006,2014-08-05,0210,59350,,2,5,4,4006,0,0,0,,0,,HIGUERA,HIGH,144.00,N,N,A,-,N,,,,,,,,,,Y,4,0,1,1,A,-,08,22107,,N,E,I,A,-,H,-,C,D,0,,,,,Y,,A,01,0,0,1,0,0,0,0,0,0,"- ","- ",,,"SAN LUIS OBISPO","SAN LUIS OBISPO",-120.66972976,35.272591329999997
6596088,2014,2014-09-10,9745,2014-08-14,1040,14996,,4,1,9,4000,0,3,5,,2,002,"LOS OLIVOS AV","MOUNTAIN VIEW DR",300.00,W,N,A,-,N,,,,,,,,,,Y,4,0,1,2,A,-,09,21801,A,N,D,C,A,A,H,-,A,D,0,,,,,Y,,A,01,0,0,1,0,0,0,0,0,0,"- ","- ",35.312809999999999,-120.82585,"SAN LUIS OBISPO",UNINCORPORATED,-120.82543506,35.31276802
6596434,2014,2014-09-06,9745,2014-08-20,0819,13206,9745,3,1,9,4000,0,3,5,,2,005,"HILL ST","SOUTH FRONTAGE RD",7.00,W,N,B,-,N,,,,,,,,,,Y,4,0,1,2,A,-,03,22350,,N,B,C,A,A,H,-,A,D,0,,,,,Y,,A,01,0,0,1,0,0,0,0,0,0,"- ","- ",35.034680000000002,-120.40338,"SAN LUIS OBISPO",UNINCORPORATED,-120.48302912,35.034828930000003
6596438,2014,2016-05-04,9745,2014-08-17,1810,17146,,7,2,9,4000,0,1,2,,2,505,"RT 101","TOWER GROVE DR",150.00,N,N,A,-,Y,SLO,5,101,-,-,11.360,H,-,N,N,3,0,1,2,A,-,09,21804,A,F,E,A,A,A,H,-,A,D,0,,,,,Y,,D,22,0,1,0,0,0,0,0,0,0,"- ","- ",35.089219999999997,-120.53757,"SAN LUIS OBISPO",UNINCORPORATED,-120.55662855999999,35.10839026
6606010,2014,2015-12-21,4004,2014-02-26,1559,1208,03,3,5,3,4004,0,0,0,,0,039,"RT 46","UNION RD",0.00,,Y,B,-,Y,SLO,5,46,-,-,31.800,I,5,E,Y,1,2,0,2,A,-,01,23152,E,N,D,C,A,A,H,-,A,D,0,,,,,Y,,A,01,0,0,0,0,0,0,0,0,0,"- ","- ",,,"SAN LUIS OBISPO","PASO ROBLES",-120.64943228999999,35.644434369999999
6606217,2014,2014-09-30,9745,2014-06-18,1705,16068,,3,2,9,4000,0,2,4,,1,024,"SOUTH BAY BL","TURRI RD",898.00,S,N,A,-,N,,,,,,,,,,Y,1,1,1,3,A,-,01,23152,A,N,A,C,A,A,H,-,A,D,0,,,,,Y,,A,01,0,0,1,0,0,0,0,0,0,"- ","- ",35.332689999999999,-120.82337,"SAN LUIS OBISPO",UNINCORPORATED,-120.82332,35.33415316
6614796,2014,2014-09-12,4008,2014-07-28,0837,3143,,1,5,4,4008,0,0,0,,0,,"SAN BENITO RD","EL CAMINO REAL",395.00,E,N,B,-,N,,,,,,,,,,Y,4,0,1,1,A,-,21,22106,,N,E,I,A,A,H,-,A,D,0,,,,,Y,,A,01,0,0,1,0,0,0,0,0,0,"- ","- ",35.507939999999998,-120.69195999999999,"SAN LUIS OBISPO",ATASCADERO,-120.69201106,35.507963699999998
6618033,2014,2016-05-04,4005,2014-08-09,2032,P098,,6,5,2,4005,0,0,0,,0,,"FIVE CITIES DR","RT 101",0.00,,Y,A,-,Y,SLO,5,101,-,-,16.050,R,4,S,Y,4,0,1,2,A,-,09,21801,A,N,D,C,A,A,H,-,C,A,0,,,,,Y,,A,01,0,0,1,0,0,0,0,0,0,"- ",SO,,,"SAN LUIS OBISPO","PISMO BEACH",-120.62991877,35.137918620000001
6618045,2014,2014-09-22,4005,2014-08-14,1322,P086,5,4,5,2,4005,0,0,0,,0,,"FIVE CITIES",4TH,953.00,N,N,A,-,N,,,,,,,,,,N,3,0,1,2,A,-,03,22350,,N,B,G,A,A,H,-,A,D,0,,Y,,,Y,,L,04,0,1,0,0,0,0,1,0,0,NO,"- ",,,"SAN LUIS OBISPO","PISMO BEACH",-120.62514347,35.136140830000002
6623102,2014,2014-09-25,4003,2014-06-02,1335,P2413,3,1,5,2,4003,0,0,0,,0,001,"SOUTH BAY BL","QUINTANA RD",0.00,,Y,A,-,N,,,,,,,,,,N,4,0,2,3,A,-,03,22350,,N,C,C,A,A,H,-,A,A,0,,,,,Y,Y,D,22,0,0,2,0,0,0,0,0,0,"- ","- ",,,"SAN LUIS OBISPO","MORRO BAY",-120.8242899,35.362180010000003
6627696,2014,2016-05-04,9740,2014-09-11,1315,015644,,4,1,9,4000,0,1,2,,2,002,"RT 101","PEDESTRIAN UNDER CROSSING NO 49-159",315.00,N,N,A,-,Y,SLO,5,101,-,-,46.020,H,-,S,Y,3,0,4,2,A,-,03,22350,,N,C,C,A,A,D,H,A,A,1,,,,,Y,,A,01,0,2,2,0,0,0,0,0,0,"- ","- ",35.487079999999999,-120.6683,"SAN LUIS OBISPO",UNINCORPORATED,-120.67187079999999,35.48906693
6628676,2014,2016-05-04,9740,2014-09-04,1935,017283,,4,2,9,4000,0,1,3,,2,007,"RT 41","ROCKY CANYON RD",0.00,,Y,A,-,Y,SLO,5,41,-,R,17.501,I,5,N,Y,2,0,2,2,A,-,09,21802,A,N,D,C,A,A,H,-,B,A,0,,,,,Y,,A,01,1,1,0,0,0,0,0,0,0,"- ","- ",,,"SAN LUIS OBISPO",UNINCORPORATED,-120.65243522,35.504342970000003
6629839,2014,2016-05-04,9745,2014-09-06,1126,017968,,6,1,9,4000,0,1,2,,1,101,"RT 101","TV TOWER RD",1056.00,S,N,A,-,Y,SLO,5,101,-,-,35.010,H,-,N,Y,3,0,4,2,A,-,03,22350,,N,C,C,A,A,H,-,A,D,5,,,,,Y,,A,07,0,1,3,0,0,0,0,0,0,"- ","- ",34.341389999999997,-120.62742,"SAN LUIS OBISPO",UNINCORPORATED,-120.62968694,35.347312760000001
6630290,2014,2014-11-05,9745,2014-09-17,0615,012876,,3,1,9,4000,0,3,5,,2,004,"HUASNA RD","HUASNA TOWNSITE RD",1056.00,W,N,A,-,N,,,,,,,,,,Y,3,0,1,1,A,-,08,22107,,N,F,A,A,A,H,-,B,D,0,,,,,Y,,D,22,0,1,0,0,0,0,0,0,0,"- ","- ",35.122390000000003,-120.3976,"SAN LUIS OBISPO",UNINCORPORATED,-120.39733538999999,35.122326010000002
6630848,2014,2015-12-03,4008,2014-09-14,1700,3058,,7,5,4,4008,0,0,0,,0,,"E FRONT RD","SAN GABRIEL ST",123.00,N,N,A,-,N,,,,,,,,,,N,4,0,2,2,A,-,05,21460,,N,B,C,A,A,H,-,A,D,0,,,,,Y,,A,01,0,0,2,0,0,0,0,0,0,"- ","- ",,,"SAN LUIS OBISPO",ATASCADERO,-120.64869476,35.463051149999998
6632306,2014,2014-10-03,9745,2014-09-10,1455,012102,,3,2,9,4000,0,2,4,,1,053,"POMEROY RD","TEFFT ST",198.00,N,N,A,-,N,,,,,,,,,,Y,4,0,2,2,A,-,03,22350,,N,C,C,A,A,H,-,A,D,0,,,,,Y,,A,01,0,0,2,0,0,0,0,0,0,"- ","- ",35.03143,-120.49599000000001,"SAN LUIS OBISPO",UNINCORPORATED,-120.49559565,35.031180409999997
6634705,2014,2016-05-02,9740,2014-09-03,1627,011615,,3,2,9,4000,0,1,3,,1,014,"RT 1","WEYMOUTH ST",0.00,,Y,A,-,Y,SLO,5,1,-,-,51.050,I,5,S,Y,4,0,3,2,A,-,01,23152,A,N,D,D,A,A,H,-,A,A,0,,,,,Y,Y,A,07,0,0,3,0,0,0,0,0,0,"- ","- ",35.571510000000004,-121.10996,"SAN LUIS OBISPO",UNINCORPORATED,-121.10999006999999,35.571507680000003
6634898,2014,2015-12-03,4006,2014-09-03,2030,68823,,3,5,4,4006,0,0,0,,0,,"SANTA ROSA",FOOTHILL,50.00,S,N,A,-,N,,,,,,,,,,N,4,0,2,3,A,-,03,22350,,N,C,C,A,A,H,-,C,A,0,,,,,Y,,A,01,0,0,2,0,0,0,0,0,0,"- ","- ",,,"SAN LUIS OBISPO","SAN LUIS OBISPO",-120.66799936,35.293941969999999
6647574,2014,2014-10-16,4006,2014-09-24,1253,69585,,3,5,4,4006,0,0,0,,0,,MILL,OSOS,218.00,E,N,A,-,N,,,,,,,,,,N,3,0,1,2,A,-,17,22517,,N,B,G,A,A,H,-,-,D,0,,Y,,,Y,,D,22,0,1,0,0,0,0,1,0,0,"- ","- ",,,"SAN LUIS OBISPO","SAN LUIS OBISPO",-120.66230392999999,35.283835969999998
6647882,2014,2014-10-31,4006,2014-09-19,0146,82350,,5,5,4,4006,0,0,0,,0,,SACRAMENTO,"BAY LEAF",301.00,S,N,A,-,N,,,,,,,,,,Y,4,0,1,1,A,-,01,23152,A,N,E,I,A,A,H,-,C,D,0,,,,,Y,Y,A,01,0,0,1,0,0,0,0,0,0,"- ","- ",,,"SAN LUIS OBISPO","SAN LUIS OBISPO",-120.64671597,35.259840320000002
6647890,2014,2014-10-31,4006,2014-09-19,1209,16380,,5,5,4,4006,0,0,0,,0,,BRIDGE,HIGUERA,220.00,S,N,A,-,N,,,,,,,,,,N,4,0,2,3,A,-,09,21804,A,N,D,G,A,A,H,-,A,D,0,,Y,,,Y,,A,01,0,0,2,0,0,0,2,0,0,"- ","- ",,,"SAN LUIS OBISPO","SAN LUIS OBISPO",-120.67043,35.267220000000002
6647894,2014,2014-10-31,4006,2014-09-23,1716,69585,,2,5,4,4006,0,0,0,,0,,"GRAND AV",LOOMIS,0.00,,Y,A,-,N,,,,,,,,,,N,4,0,1,2,A,-,09,21802,A,N,D,G,A,A,H,-,A,A,0,,Y,,,Y,,A,01,0,0,1,0,0,0,1,0,0,"- ","- ",,,"SAN LUIS OBISPO","SAN LUIS OBISPO",-120.65328992000001,35.292380110000003
6648116,2014,2015-05-15,4002,2014-09-02,1513,555,107,2,5,3,4002,0,0,0,,0,001,"11TH ST","N 11TH ST",9.00,E,N,A,-,N,,,,,,,,,,N,4,0,1,2,A,-,09,21804,A,M,H,G,A,A,H,-,-,D,0,,Y,,,Y,,A,01,0,0,1,0,0,0,1,0,0,"- ","- ",,,"SAN LUIS OBISPO","GROVER BEACH",-120.61776,35.121369999999999
6648636,2014,2014-11-14,9740,2014-10-01,1310,014360,,3,1,9,4000,0,1,3,,2,005,"RT 58","DIGGER PINE RD",528.00,W,N,A,-,Y,,,58,,,,,,,Y,4,0,1,1,A,-,08,22107,,N,F,A,A,A,H,-,A,D,0,,,,,Y,,A,07,0,0,1,0,0,0,0,0,0,"- ","- ",35.403329999999997,-120.57341,"SAN LUIS OBISPO",UNINCORPORATED,-120.57338677,35.403322459999998
6649256,2014,2014-10-15,9740,2014-09-25,1710,015167,,4,2,9,4000,0,3,5,,2,019,"NORTH RIVER RD","EXPERIMENTAL STATION RD",8448.00,N,N,B,-,N,,,,,,,,,,Y,4,0,1,2,A,-,03,22350,,N,D,C,A,A,E,-,A,D,0,,,,,Y,,A,01,0,0,1,0,0,0,0,0,0,"- ","- ",35.666229999999999,-120.69028,"SAN LUIS OBISPO",UNINCORPORATED,-120.69033086,35.666236869999999
6649267,2014,2016-05-02,9740,2014-09-18,1105,013246,,4,1,9,4000,0,1,3,,1,015,"RT 1","SLO SAN SIMEON RD",5808.00,N,N,B,-,Y,SLO,5,1,-,-,60.870,H,-,S,Y,2,0,1,1,A,-,16,24002,A,N,F,A,A,A,H,-,A,D,0,,,Y,,Y,,C,02,1,0,0,0,0,0,0,0,1,"- ","- ",35.653320000000001,-121.23457000000001,"SAN LUIS OBISPO",UNINCORPORATED,-121.23437370000001,35.65331991
6652684,2014,2014-12-05,9740,2014-10-02,0110,19259,,4,3,9,4000,0,1,3,,2,010,"RT 41","RT 46",1056.00,N,N,A,-,Y,,,,,,,,,,Y,2,0,2,3,A,-,03,22350,,N,C,C,A,A,D,-,D,A,0,,,,Y,Y,,G,25,1,0,1,0,0,0,0,0,0,"- ","- ",,,"SAN LUIS OBISPO",UNINCORPORATED,-120.35739735,35.668543939999999
6653413,2014,2015-06-19,9740,2014-10-02,1900,014622,,4,2,9,4000,0,3,5,,2,017,"EL POMAR RD","CRIPPLE CREEK RD",475.00,W,N,A,-,N,,,,,,,,,,Y,3,0,1,1,A,-,01,23152,A,N,E,I,A,A,H,-,B,D,0,,,,,Y,Y,A,01,0,1,0,0,0,0,0,0,0,"- ","- ",35.5473,-120.56184,"SAN LUIS OBISPO",UNINCORPORATED,-120.56236680000001,35.547281380000001
6657215,2014,2016-05-04,9745,2014-09-28,0200,017541,,7,3,9,4000,0,1,2,,1,101,"RT 101","STAGECOACH RD",7920.00,N,N,A,-,Y,SLO,5,101,-,R,34.260,H,-,S,Y,4,0,1,1,A,-,03,22350,,N,E,I,A,A,H,-,D,D,5,,,,,Y,,A,01,0,0,1,0,0,0,0,0,0,"- ","- ",35.201999999999998,-120.373,"SAN LUIS OBISPO",UNINCORPORATED,-120.6268779,35.337421560000003
6658365,2014,2014-11-10,4002,2014-09-18,1800,311,104,4,5,3,4002,0,0,0,,0,001,"RAMONA AV","N 16TH ST",250.00,E,N,A,-,N,,,,,,,,,,N,2,0,1,2,A,-,10,21952,,N,G,B,F,A,H,-,B,D,0,Y,,,,Y,,D,22,1,0,0,0,1,0,0,0,0,"- ","- ",,,"SAN LUIS OBISPO","GROVER BEACH",-120.61069501999999,35.122109330000001
6659310,2014,2014-10-15,4001,2014-08-13,0930,P069,,3,5,3,4001,0,0,0,,0,CITY,"BRANCH MILL RD","NEWSOM SPRINGS RD",755.00,W,N,A,-,N,,,,,,,,,,Y,4,0,1,1,A,-,01,23152,E,N,F,I,A,A,H,-,A,A,0,,,,,Y,,A,01,0,0,1,0,0,0,0,0,0,"- ","- ",,,"SAN LUIS OBISPO","ARROYO GRANDE",-120.55915,35.120824730000002
6661289,2014,2015-05-16,4001,2014-09-08,0815,P085,3,1,5,3,4001,0,0,0,,0,CITY,"EAST GRAND AV","BRANCH ST",124.00,W,N,A,-,N,,,,,,,,,,N,4,0,1,2,A,-,15,21201,A,N,B,G,A,A,H,-,A,A,0,,Y,,,Y,,L,04,0,0,1,0,0,0,1,0,0,"- ","- ",,,"SAN LUIS OBISPO","ARROYO GRANDE",-120.58232596000001,35.121919640000002
6666274,2014,2014-12-16,9745,2014-10-06,1346,15716,,1,1,9,4000,0,2,4,,1,055,"TEFFT ST","MARY AV",20.00,E,N,A,-,N,,,,,,,,,,N,4,0,1,2,A,-,21,22106,,N,C,C,A,A,H,-,A,D,0,,,,,Y,,A,01,0,0,1,0,0,0,0,0,0,"- ","- ",35.036450000000002,-120.48665,"SAN LUIS OBISPO",UNINCORPORATED,-120.4865745,35.035770560000003
6666286,2014,2014-12-16,9745,2014-10-12,1930,17541,,7,2,9,4000,0,2,4,,1,048,"AVILA BEACH DR","1ST ST",700.00,W,N,A,-,N,,,,,,,,,,Y,4,0,1,3,A,-,03,22350,,N,C,C,A,A,H,-,D,D,0,,,Y,,Y,,A,01,0,0,1,0,0,0,0,0,1,"- ","- ",35.104900000000001,-120.443,"SAN LUIS OBISPO",UNINCORPORATED,-120.73800086999999,35.179420090000001
6667219,2014,2014-12-18,9745,2014-10-11,1510,17017,,6,2,9,4000,0,3,5,,2,005,"BONITA SCHOOL RD","SANTA BARBARA COUNTY LINE",152.00,N,N,A,-,N,,,,,,,,,,Y,4,0,1,2,A,-,08,22107,,N,B,C,A,A,H,-,A,D,0,,,,,Y,,I,11,0,0,1,0,0,0,0,0,0,"- ","- ",34.989600000000003,-120.51388,"SAN LUIS OBISPO",UNINCORPORATED,-120.51394254,34.989661779999999
6669286,2014,2016-01-13,4008,2014-09-26,1149,3013,,5,5,4,4008,0,0,0,,0,,"EL CAMINO REAL",MORRO,500.00,S,N,A,-,N,,,,,,,,,,N,4,0,1,2,A,-,03,22350,,N,G,B,F,A,H,-,A,D,0,Y,Y,,,Y,,L,04,0,0,1,0,1,0,0,0,0,"- ",NF,35.484169999999999,-120.66231999999999,"SAN LUIS OBISPO",ATASCADERO,-120.6622678,35.484221900000001
6671581,2014,2014-12-16,4006,2014-10-02,1253,16380,,4,5,4,4006,0,0,0,,0,,CALIFORNIA,"TAFT AV",62.00,S,N,A,-,N,,,,,,,,,,N,4,0,1,2,A,-,03,22350,,N,C,C,A,A,H,-,A,D,0,,,,,Y,,A,01,0,0,1,0,0,0,0,0,0,"- ","- ",,,"SAN LUIS OBISPO","SAN LUIS OBISPO",-120.66018056999999,35.290760659999997
6675242,2014,2014-12-03,9740,2014-10-08,1102,013246,,3,1,9,4000,0,1,3,,2,005,"RT 58","EL CAMINO REAL",164.00,W,N,A,-,Y,,,58,,,,,,,Y,3,0,1,1,C,-,18,,,N,E,I,A,A,H,-,A,D,0,,,,,Y,,-,"- ",0,1,0,0,0,0,0,0,0,"- ","- ",35.393349999999998,-120.6048,"SAN LUIS OBISPO",UNINCORPORATED,-120.6047681,35.393417399999997
6680072,2014,2014-12-29,4006,2014-10-06,2030,59000,,1,5,4,4006,0,0,0,,0,,BROAD,ROCKVIEW,226.00,S,N,A,-,N,,,,,,,,,,N,3,0,1,1,B,-,22,,,N,F,A,A,A,H,-,D,D,0,,Y,,,Y,,L,04,0,1,0,0,0,0,1,0,0,"- ","- ",,,"SAN LUIS OBISPO","SAN LUIS OBISPO",-120.64766134,35.257849589999999
6681497,2014,2014-12-26,9745,2014-10-19,1138,17017,,7,1,9,4000,0,3,5,,2,005,"MARY AV","TEFFT ST",200.00,N,N,A,-,N,,,,,,,,,,Y,4,0,3,4,A,-,03,22350,,M,C,C,A,A,H,-,A,D,0,,,,,Y,,A,01,0,0,3,0,0,0,0,0,0,"- ","- ",35.036070000000002,-120.48738,"SAN LUIS OBISPO",UNINCORPORATED,-120.48701689000001,35.03618779
6690692,2014,2014-12-29,9745,2014-10-19,1215,16089,,7,1,2,4005,0,1,2,,2,404,"RT 101","PRICE ST",20.00,S,N,A,-,Y,,,101,,,,,,,Y,3,0,4,2,A,-,07,21658,A,N,B,C,A,A,H,-,A,D,0,,,,,Y,,A,01,0,4,0,0,0,0,0,0,0,"- ","- ",35.139279999999999,-120.63449,"SAN LUIS OBISPO","PISMO BEACH",-120.63451075,35.139191349999997
6691698,2014,2014-11-24,4004,2014-09-29,1726,1197,04,1,5,3,4004,0,0,0,,0,045,NIBLICK,"SPRING ST",500.00,E,N,A,-,N,,,,,,,,,,N,4,0,3,2,A,-,03,22350,,N,C,C,A,A,H,-,A,D,0,,,,,Y,,A,01,0,0,3,0,0,0,0,0,0,"- ","- ",,,"SAN LUIS OBISPO","PASO ROBLES",-120.68882000000001,35.615220000000001
6691780,2014,2015-01-07,4002,2014-08-17,1650,063,104,7,5,3,4002,0,0,0,,0,001,"S OAK PARK BL","GRAND AV",0.00,,-,A,-,N,,,,,,,,,,N,3,0,1,2,A,-,05,21650,1,M,D,C,A,A,H,-,A,A,0,,Y,,,Y,,L,04,0,1,0,0,0,0,1,0,0,"- ","- ",,,"SAN LUIS OBISPO","GROVER BEACH",-120.60917994,35.12096004
6693554,2014,2015-01-23,4006,2014-10-17,1554,15935,4006,5,5,4,4006,0,0,0,,0,ZONE2,"BROAD ST","ORCUTT RD",200.00,S,N,A,-,N,,,,,,,,,,N,4,0,1,2,A,-,08,22107,,N,D,G,A,A,H,-,A,D,0,,Y,,Y,Y,,F,26,0,0,1,0,0,0,1,0,0,"- ","- ",,,"SAN LUIS OBISPO","SAN LUIS OBISPO",-120.64960148999999,35.260810849999999
6702262,2014,2015-01-08,9745,2014-11-05,0745,013206,9745,3,1,2,4005,0,1,2,,2,404,"RT 101","MATTIE RD",1000.00,N,N,A,-,Y,,,101,,,,,,,Y,4,0,1,3,A,-,03,22350,,N,C,C,A,A,H,-,A,D,0,,,,,Y,,A,01,0,0,1,0,0,0,0,0,0,"- ","- ",35.151400000000002,-120.65579,"SAN LUIS OBISPO","PISMO BEACH",-120.65578404,35.151420250000001
6702390,2014,2014-12-03,4004,2014-10-20,0812,1200,01,1,5,3,4004,0,0,0,,0,"1 5",SPRING,"17TH ST",5.00,S,N,B,-,N,,,,,,,,,,N,4,0,1,2,A,-,10,21950,A,N,G,G,A,A,H,-,A,A,0,,Y,,,Y,,A,01,0,0,1,0,0,0,1,0,0,"- ","- ",,,"SAN LUIS OBISPO","PASO ROBLES",-120.69182895,35.631876290000001
6707396,2014,2016-06-18,9745,2014-11-12,1200,16068,,3,1,9,4000,0,2,4,,1,042,"RT 1","RALCOA WY",0.00,,Y,A,-,Y,SLO,5,1,-,-,5.810,I,5,N,Y,4,0,1,2,A,-,09,21801,A,N,A,C,A,A,H,-,A,D,0,,,,,Y,,D,22,0,0,1,0,0,0,0,0,0,"- ","- ",35.047370000000001,-120.58143,"SAN LUIS OBISPO",UNINCORPORATED,-120.58132560999999,35.047269749999998
6710059,2014,2015-01-07,9745,2014-11-06,1033,012601,,4,1,9,4000,0,1,2,,1,101,"RT 101","STAGECOACH RD",0.00,,Y,A,-,Y,,,101,,,,,,,Y,2,0,2,2,A,-,09,21801,A,N,D,C,A,A,H,-,A,D,0,,,,,Y,,A,07,1,1,0,0,0,0,0,0,0,"- ","- ",35.317509999999999,-120.62111,"SAN LUIS OBISPO",UNINCORPORATED,-120.62109913,35.317508050000001
6716208,2014,2015-06-30,4002,2014-11-03,1119,311,210,1,5,3,4002,0,0,0,,0,002,"S 13TH ST","HIGHLAND WY",82.00,N,N,A,-,N,,,,,,,,,,N,3,0,1,2,A,-,08,22103,,N,D,C,A,A,H,-,A,D,0,,,,,Y,,I,11,0,1,0,0,0,0,0,0,0,"- ","- ",,,"SAN LUIS OBISPO","GROVER BEACH",-120.61639132000001,35.10915524
6721325,2014,2015-01-09,9745,2014-11-14,0800,16068,,5,1,9,4000,0,1,3,,1,011,"RT 41","CERRO ALTO CMPGRD",1584.00,S,N,A,-,Y,,,41,,,,,,,Y,4,0,1,1,A,-,08,22107,,N,F,A,A,A,H,-,A,D,0,,,,,Y,,A,01,0,0,1,0,0,0,0,0,0,"- ","- ",35.427990000000001,-120.75663,"SAN LUIS OBISPO",UNINCORPORATED,-120.75661766,35.428017650000001
6721607,2014,2015-01-13,4006,2014-11-05,1629,69585,,3,5,4,4006,0,0,0,,0,,MONTEREY,"BUENA VISTA",161.00,E,N,A,-,N,,,,,,,,,,Y,4,0,1,2,A,-,09,21804,A,N,D,C,A,A,H,-,A,A,0,,,Y,,Y,,A,01,0,0,1,0,0,0,0,0,1,"- ","- ",,,"SAN LUIS OBISPO","SAN LUIS OBISPO",-120.64931541999999,35.290669250000001
6721611,2014,2015-03-13,9740,2014-11-12,1045,11452,,3,1,9,4000,0,1,2,,2,001,"RT 101","SANTA BARBARA RD",1584.00,S,N,A,-,Y,,,101,,,,,,,Y,4,0,1,2,A,-,03,22350,,N,C,C,A,A,D,-,A,A,0,,,,,Y,,A,01,0,0,1,0,0,0,0,0,0,"- ","- ",35.4268,-120.63339999999999,"SAN LUIS OBISPO",UNINCORPORATED,-120.63345045,35.426774309999999
6723397,2014,2015-01-06,9745,2014-10-31,1910,015144,,5,2,9,4000,0,1,2,,2,505,"RT 101","EL CAMPO RD",6336.00,S,N,B,C,Y,,,101,,,,,,,Y,4,0,1,1,A,-,01,23152,A,N,E,I,A,B,H,-,D,D,0,,,,,Y,Y,A,01,0,0,1,0,0,0,0,0,0,"- ","- ",35.100360000000002,-120.54807,"SAN LUIS OBISPO",UNINCORPORATED,-120.54803638999999,35.100381640000002
6723443,2014,2015-06-17,4004,2014-10-31,1509,0430,04,5,5,3,4004,0,0,0,,0,042,NIBLICK,MELODY,6.00,W,N,B,-,N,,,,,,,,,,N,3,0,1,2,A,-,05,21650,,N,D,G,A,A,H,-,A,D,0,,Y,,,Y,,L,04,0,1,0,0,0,0,1,0,0,"- ","- ",,,"SAN LUIS OBISPO","PASO ROBLES",-120.66625018000001,35.615749999999998
6724749,2014,2014-12-12,4005,2014-10-22,1918,P097,2,3,5,2,4005,0,0,0,,0,,"SHELL BEACH RD","COBURN LN",73.00,N,N,A,-,N,,,,,,,,,,N,3,0,1,1,-,-,"- ",,,N,E,I,A,A,H,-,D,A,0,,Y,,,Y,,-,"- ",0,1,0,0,0,0,1,0,0,"- ","- ",,,"SAN LUIS OBISPO","PISMO BEACH",-120.68152094,35.161355380000003
6728899,2014,2015-01-21,9740,2014-11-20,1505,017283,,4,2,4,4008,0,1,2,,2,001,"RT 101","SANTA BARBARA RD",2640.00,N,N,B,-,Y,,,,,,,,,,Y,4,0,1,2,A,-,03,22350,,N,C,C,A,A,D,-,A,D,0,,,,,Y,,A,07,0,0,1,0,0,0,0,0,0,"- ","- ",,,"SAN LUIS OBISPO",ATASCADERO,-120.63985040999999,35.450625449999997
6728903,2014,2016-06-18,9740,2014-11-10,1235,013952,,1,1,9,4000,0,1,3,,1,014,"RT 1","VISTA DEL MAR AV",0.00,,Y,B,-,Y,SLO,5,1,-,-,54.337,I,5,S,Y,4,0,4,3,A,-,09,21802,A,N,D,C,A,A,H,-,A,B,0,,,,Y,Y,,D,22,0,0,4,0,0,0,0,0,0,"- ","- ",35.610750000000003,-120.14169,"SAN LUIS OBISPO",UNINCORPORATED,-121.14137422,35.610556760000001