CASE_ID,ACCIDENT_YEAR,PROC_DATE,JURIS,COLLISION_DATE,COLLISION_TIME,OFFICER_ID,REPORTING_DISTRICT,DAY_OF_WEEK,CHP_SHIFT,POPULATION,CNTY_CITY_LOC,SPECIAL_COND,BEAT_TYPE,CHP_BEAT_TYPE,CITY_DIVISION_LAPD,CHP_BEAT_CLASS,BEAT_NUMBER,PRIMARY_RD,SECONDARY_RD,DISTANCE,DIRECTION,INTERSECTION,WEATHER_1,WEATHER_2,STATE_HWY_IND,CALTRANS_COUNTY,CALTRANS_DISTRICT,STATE_ROUTE,ROUTE_SUFFIX,POSTMILE_PREFIX,POSTMILE,LOCATION_TYPE,RAMP_INTERSECTION,SIDE_OF_HWY,TOW_AWAY,COLLISION_SEVERITY,NUMBER_KILLED,NUMBER_INJURED,PARTY_COUNT,PRIMARY_COLL_FACTOR,PCF_CODE_OF_VIOL,PCF_VIOL_CATEGORY,PCF_VIOLATION,PCF_VIOL_SUBSECTION,HIT_AND_RUN,TYPE_OF_COLLISION,MVIW,PED_ACTION,ROAD_SURFACE,ROAD_COND_1,ROAD_COND_2,LIGHTING,CONTROL_DEVICE,CHP_ROAD_TYPE,PEDESTRIAN_ACCIDENT,BICYCLE_ACCIDENT,MOTORCYCLE_ACCIDENT,TRUCK_ACCIDENT,NOT_PRIVATE_PROPERTY,ALCOHOL_INVOLVED,STWD_VEHTYPE_AT_FAULT,CHP_VEHTYPE_AT_FAULT,COUNT_SEVERE_INJ,COUNT_VISIBLE_INJ,COUNT_COMPLAINT_PAIN,COUNT_PED_KILLED,COUNT_PED_INJURED,COUNT_BICYCLIST_KILLED,COUNT_BICYCLIST_INJURED,COUNT_MC_KILLED,COUNT_MC_INJURED,PRIMARY_RAMP,SECONDARY_RAMP,LATITUDE,LONGITUDE,COUNTY,CITY,POINT_X,POINT_Y
6729748,2014,2015-01-29,9745,2014-12-04,1000,012876,,4,1,9,4000,0,1,2,,2,404,"RT 101","AVILA BEACH DR",2640.00,N,N,B,C,Y,,,101,,,,,,,N,4,0,1,2,A,-,03,22350,,N,C,C,A,B,H,-,A,D,0,,,,Y,Y,,G,25,0,0,1,0,0,0,0,0,0,"- ","- ",35.186369999999997,-120.70111,"SAN LUIS OBISPO",UNINCORPORATED,-120.70118552,35.186375249999998
6731673,2014,2015-01-23,4006,2014-11-26,1051,69585,,3,5,4,4006,0,0,0,,0,,HIGUERA,MADONNA,33.00,N,N,A,-,N,,,,,,,,,,N,4,0,1,2,A,-,03,22350,,N,C,C,A,A,H,-,A,A,0,,,,,Y,,D,22,0,0,1,0,0,0,0,0,0,"- ","- ",,,"SAN LUIS OBISPO","SAN LUIS OBISPO",-120.67045659,35.268365920000001
6733687,2014,2015-01-23,9745,2014-11-30,2215,017144,,7,3,9,4000,0,1,3,,1,011,"RT 41","BEAR RIDGE RD",4224.00,N,N,B,-,Y,,,41,,,,,,,Y,3,0,1,1,A,-,01,23152,A,N,E,I,A,B,H,-,D,D,0,,,,,Y,Y,D,22,0,1,0,0,0,0,0,0,0,"- ","- ",35.427489999999999,-120.76369,"SAN LUIS OBISPO",UNINCORPORATED,-120.76366006000001,35.427664049999997
6737889,2014,2015-01-30,9745,2014-12-04,0545,012601,,4,3,9,4000,0,1,3,,1,011,"RT 41","OLD MORRO RD W",0.00,,Y,B,C,Y,,,41,,,,,,,Y,4,0,1,1,A,-,03,22350,,N,E,I,A,B,H,-,A,D,0,,,,,Y,,A,01,0,0,1,0,0,0,0,0,0,"- ","- ",35.459620000000001,-120.72888,"SAN LUIS OBISPO",UNINCORPORATED,-120.72888777999999,35.459603569999999
6738148,2014,2015-01-30,9745,2014-12-06,1355,015716,,6,1,9,4000,0,3,5,,2,004,"HALCYON RD","CAMEO WY",0.00,,Y,A,-,N,,,,,,,,,,N,4,0,2,2,A,-,03,22350,,N,C,C,A,A,H,-,A,D,0,,,,,Y,,D,22,0,0,2,0,0,0,0,0,0,"- ","- ",35.078879999999998,-120.58495000000001,"SAN LUIS OBISPO",UNINCORPORATED,-120.58480987,35.078780090000002
6745553,2014,2015-02-02,4006,2014-11-24,1009,55155,,1,5,4,4006,0,0,0,,0,,MARSH,"SANTA ROSA",0.00,,Y,A,-,N,,,,,,,,,,Y,4,0,1,2,-,-,"- ",,,N,B,C,A,A,H,-,A,A,0,,,,,Y,,-,"- ",0,0,1,0,0,0,0,0,0,"- ","- ",,,"SAN LUIS OBISPO","SAN LUIS OBISPO",-120.65868988,35.281240080000003
6748292,2014,2015-01-30,9740,2014-12-11,2155,14662,,4,2,4,4008,0,1,2,,2,002,"RT 101","CURBARIL AV",100.00,S,N,B,C,Y,,,101,,,,,,,Y,4,0,1,1,A,-,08,22107,,N,F,A,A,B,H,-,D,D,0,,,,,Y,,A,01,0,0,1,0,0,0,0,0,0,"- ","- ",35.476199999999999,-120.658,"SAN LUIS OBISPO",ATASCADERO,-120.65809698,35.476152140000003
6748976,2014,2015-01-30,9745,2014-12-12,0650,013206,9745,5,1,9,4000,0,2,4,,1,052,"THOMPSON AV","POAGUE RD",10.00,N,N,B,C,N,,,,,,,,,,Y,2,0,1,1,A,-,08,22107,,N,E,I,A,B,B,-,B,D,0,,,,,Y,,A,08,1,0,0,0,0,0,0,0,0,"- ","- ",,,"SAN LUIS OBISPO",UNINCORPORATED,-120.45152788999999,35.016873189999998
6748978,2014,2015-01-30,9745,2014-12-12,0630,012601,,5,1,9,4000,0,1,3,,1,011,"RT 41","BEAR RIDGE RD",5808.00,N,N,B,-,Y,,,,,,,,,,Y,3,0,1,1,A,-,03,22350,,N,E,J,A,B,C,-,B,D,0,,,,,Y,,A,01,0,1,0,0,0,0,0,0,0,"- ","- ",35.428750000000001,-120.65134,"SAN LUIS OBISPO",UNINCORPORATED,-120.76409891,35.427830419999999
6748979,2014,2015-02-02,9745,2014-12-13,0725,013206,9745,6,1,3,4001,0,1,2,,2,402,"RT 101","OAK PARK BL",1675.00,S,N,A,-,Y,,,,,,,,,,Y,2,0,1,2,A,-,03,22350,,N,C,C,A,A,H,-,A,D,0,,,,,Y,,A,07,1,0,0,0,0,0,0,0,0,"- ","- ",,,"SAN LUIS OBISPO","ARROYO GRANDE",-120.60157307,35.128295059999999
6749256,2014,2015-01-22,4006,2014-11-24,1334,59350,,1,5,4,4006,0,0,0,,0,,"LOS OSOS VALLEY RD","FROOM RANCH",120.00,S,N,A,-,N,,,,,,,,,,Y,4,0,1,3,A,-,03,22350,,N,C,C,A,A,H,-,A,D,0,,,,,Y,,A,01,0,0,1,0,0,0,0,0,0,"- ","- ",,,"SAN LUIS OBISPO","SAN LUIS OBISPO",-120.68740062000001,35.25226524
6749258,2014,2015-01-22,4006,2014-11-22,1617,10030,"SAN L",6,5,4,4006,0,0,0,,0,,"LOS OSOS VALLEY RD","RT 101",376.00,S,N,B,-,N,,,,,,,,,,Y,3,0,4,3,A,-,03,22350,,N,C,C,A,A,H,-,A,D,0,,,,,Y,,A,07,0,2,2,0,0,0,0,0,0,"- ",SO,,,"SAN LUIS OBISPO","SAN LUIS OBISPO",-120.68177368000001,35.243877560000001
6749261,2014,2016-06-18,4006,2014-11-13,0900,69585,,4,5,4,4006,0,0,0,,0,,"SANTA ROSA",OLIVE,0.00,,Y,C,-,Y,SLO,5,1,-,-,16.850,I,5,S,N,4,0,1,2,A,-,10,21950,A,F,G,B,B,B,H,-,A,A,0,Y,,,,Y,,-,99,0,0,1,0,1,0,0,0,0,"- ","- ",,,"SAN LUIS OBISPO","SAN LUIS OBISPO",-120.66432997,35.287483960000003
6752099,2014,2015-01-28,4004,2014-11-27,1445,0890,03,4,5,3,4004,0,0,0,,0,311,CRESTON,WALNUT,63.00,E,N,A,-,N,,,,,,,,,,Y,4,0,2,2,A,-,03,22350,,N,C,C,A,A,H,-,A,A,0,,,,,Y,,D,22,0,0,2,0,0,0,0,0,0,"- ","- ",,,"SAN LUIS OBISPO","PASO ROBLES",-120.67394880000001,35.627437649999997
6752627,2014,2015-07-29,4004,2014-12-28,2308,1201,01,7,5,3,4004,0,0,0,,0,1-5,18TH,"CHESTNUT ST",0.00,,N,A,-,N,,,,,,,,,,N,4,0,1,2,A,-,01,23152,A,N,H,B,E,A,H,-,D,D,0,Y,,,,Y,Y,A,01,0,0,1,0,1,0,0,0,0,"- ","- ",,,"SAN LUIS OBISPO","PASO ROBLES",-120.69689993,35.632630030000001
6752884,2014,2015-01-27,4004,2014-11-18,1701,1197,02,2,5,3,4004,0,0,0,,0,023,13TH,"PASO ROBLES",300.00,E,N,A,-,N,,,,,,,,,,N,4,0,3,4,A,-,03,22350,,M,C,C,A,A,H,-,A,A,0,,,,,Y,,A,01,0,0,3,0,0,0,0,0,0,"- ","- ",,,"SAN LUIS OBISPO","PASO ROBLES",-120.68481063999999,35.628375490000003
6752908,2014,2015-01-27,4004,2014-11-20,1639,1062,04,4,5,3,4004,0,0,0,,0,048,SHERWOOD,COMMERCE,120.00,E,N,A,-,N,,,,,,,,,,N,2,0,1,2,A,-,08,22102,,F,D,C,A,A,H,-,A,D,0,,,Y,,Y,Y,A,07,1,0,0,0,0,0,0,0,1,"- ","- ",,,"SAN LUIS OBISPO","PASO ROBLES",-120.65191663,35.615767849999997
6754958,2014,2015-01-30,4006,2014-12-10,1340,49251,SLO,3,5,4,4006,0,0,0,,0,002,MADONNA,HIGUERA,220.00,W,N,A,-,N,,,,,,,,,,N,4,0,2,2,A,-,03,22350,,N,C,C,A,A,H,-,A,A,0,,,,,Y,,A,01,0,0,2,0,0,0,0,0,0,"- ","- ",,,"SAN LUIS OBISPO","SAN LUIS OBISPO",-120.67103057999999,35.26785366
6754961,2014,2015-02-05,4006,2014-12-06,1956,76984,,6,5,4,4006,0,0,0,,0,,"SANTA ROSA AV",FOOTHILL,494.00,N,N,A,-,N,,,,,,,,,,N,4,0,1,2,A,-,11,21954,A,N,G,B,D,A,H,-,C,A,0,Y,,,,Y,,N,60,0,0,1,0,1,0,0,0,0,"- ","- ",,,"SAN LUIS OBISPO","SAN LUIS OBISPO",-120.66892403,35.29522403
6754963,2014,2015-02-05,4006,2014-12-03,1026,69585,,3,5,4,4006,0,0,0,,0,,BRIDGE,BEEBEE,187.00,E,N,A,-,N,,,,,,,,,,N,3,0,1,1,A,-,03,22350,,N,F,A,A,A,H,-,A,D,0,,,Y,,Y,,C,03,0,1,0,0,0,0,0,0,1,"- ","- ",,,"SAN LUIS OBISPO","SAN LUIS OBISPO",-120.66735376,35.267721690000002
6755534,2014,2015-02-05,9745,2014-12-28,1950,17151,,7,2,4,4006,0,1,2,,2,202,"RT 101","LOS OSOS VALLEY RD",2.00,N,N,A,-,Y,,,,,,,,,,N,4,0,2,2,A,-,21,22106,,N,C,C,A,A,H,-,C,D,0,,,,,Y,,A,01,0,0,2,0,0,0,0,0,0,"- ","- ",35.246020000000001,-120.6926,"SAN LUIS OBISPO","SAN LUIS OBISPO",-120.68222694000001,35.244844890000003
6761923,2014,2015-01-29,4003,2014-11-07,1226,L3701,3,5,5,2,4003,0,0,0,,0,001,"MAIN ST","MORRO BAY BL",0.00,,Y,A,-,N,,,,,,,,,,N,4,0,1,2,A,-,10,21950,A,N,G,B,B,A,H,-,A,A,0,Y,,,,Y,,D,22,0,0,1,0,1,0,0,0,0,"- ","- ",,,"SAN LUIS OBISPO","MORRO BAY",-120.85000986,35.365940070000001
6765560,2014,2016-06-18,9745,2014-12-23,1335,16514,,2,1,9,4000,0,1,3,,2,023,"RT 1","GILARDI RD",1584.00,S,N,A,-,Y,SLO,5,1,-,-,24.030,H,-,S,Y,3,0,1,1,A,-,08,22107,,N,F,A,A,A,H,-,A,D,1,,,,,Y,,D,22,0,1,0,0,0,0,0,0,0,"- ","- ",35.340969999999999,-120.76277,"SAN LUIS OBISPO",UNINCORPORATED,-120.76293636,35.341185420000002
6773754,2014,2015-02-10,4003,2014-12-14,2340,R8845,3,7,5,2,4003,0,0,0,,0,001,"SHASTA AV","MORRO BAY BL",0.00,,Y,E,-,N,,,,,,,,,,N,4,0,1,2,A,-,09,21802,A,N,D,C,A,B,H,-,C,A,0,,,,,Y,,A,01,0,0,1,0,0,0,0,0,0,"- ","- ",,,"SAN LUIS OBISPO","MORRO BAY",-120.84655995999999,35.365970009999998
6776971,2014,2015-02-17,4001,2014-12-10,1457,P069,,3,5,3,4001,0,0,0,,0,CITY,"WEST BRANCH ST","RANCHO PKWY",315.00,E,N,B,-,N,,,,,,,,,,Y,4,0,1,2,A,-,03,22350,,N,C,C,A,A,H,-,-,A,0,,,,,Y,,A,07,0,0,1,0,0,0,0,0,0,"- ","- ",,,"SAN LUIS OBISPO","ARROYO GRANDE",-120.59467476,35.125422180000001
6782472,2015,2015-02-20,9745,2015-01-07,1350,12601,,3,1,9,4000,0,2,4,,1,025,"LOS OSOS VALLEY RD","SOMBRERO DR",528.00,E,N,A,-,N,,,,,,,,,,Y,4,0,1,3,A,-,03,22350,,N,C,C,A,A,H,-,A,D,0,,,,,Y,,D,22,0,0,1,0,0,0,0,0,0,"- ","- ",35.304290000000002,-120.80432,"SAN LUIS OBISPO",UNINCORPORATED,-120.80441177,35.304252910000002
6782762,2015,2015-02-24,4006,2015-01-09,1124,33665,,5,5,4,4006,0,0,0,,0,,FOOTHILL,BROAD,80.00,W,N,A,-,N,,,,,,,,,,Y,4,0,3,3,A,-,01,23153,A,N,C,C,A,A,H,-,A,A,0,,,,,Y,Y,A,01,0,0,3,0,0,0,0,0,0,"- ","- ",,,"SAN LUIS OBISPO","SAN LUIS OBISPO",-120.67196803,35.294101300000001
6788893,2015,2015-03-04,9745,2015-02-02,0800,015734,,1,1,9,4000,0,2,4,,1,053,"POMEROY RD","LIVE OAK RIDGE RD",140.00,S,N,A,-,N,,,,,,,,,,Y,4,0,1,2,A,-,04,21703,,N,C,C,A,A,H,-,A,D,0,,,,,Y,,A,01,0,0,1,0,0,0,0,0,0,"- ","- ",35.045389999999998,-120.5241,"SAN LUIS OBISPO",UNINCORPORATED,-120.52425893,35.045105450000001
6788975,2015,2016-10-03,9745,2015-01-27,0415,017541,,2,3,9,4000,0,1,3,,1,011,"RT 41","TORO CREEK RD",5280.00,S,N,B,-,Y,SLO,5,41,-,-,8.300,H,-,S,Y,2,0,1,1,C,-,18,,,N,E,J,A,B,C,-,D,D,0,,,,,Y,,-,"- ",1,0,0,0,0,0,0,0,0,"- ","- ",35.428510000000003,-120.75955,"SAN LUIS OBISPO",UNINCORPORATED,-120.75284268999999,35.444179750000004
6789652,2014,2015-02-09,4006,2014-12-23,0946,69585,,2,5,4,4006,0,0,0,,0,,"TANK FARM",BROAD,49.00,E,N,A,-,N,,,,,,,,,,N,4,0,1,2,A,-,08,22108,,N,H,C,A,A,H,-,A,A,0,,,,,Y,,A,07,0,0,1,0,0,0,0,0,0,"- ","- ",,,"SAN LUIS OBISPO","SAN LUIS OBISPO",-120.64287105,35.248406439999997
6796926,2015,2015-02-23,4004,2015-01-07,0938,1133,03,3,5,3,4004,0,0,0,,0,"3 11","GOLDEN HILL",CRESTON,162.00,N,N,A,-,N,,,,,,,,,,Y,3,0,1,1,C,-,18,,,N,E,I,A,A,H,-,A,A,0,,,,,Y,,-,"- ",0,1,0,0,0,0,0,0,0,"- ","- ",,,"SAN LUIS OBISPO","PASO ROBLES",-120.65932748,35.622610020000003
6796934,2015,2015-02-24,4006,2015-01-14,0752,16380,,3,5,4,4006,0,0,0,,0,,JOHNSON,LIZZIE,0.00,,Y,A,-,N,,,,,,,,,,N,4,0,1,2,A,-,12,21453,A,N,C,G,A,A,H,-,A,A,0,,Y,,,Y,,A,08,0,0,1,0,0,0,1,0,0,"- ","- ",,,"SAN LUIS OBISPO","SAN LUIS OBISPO",-120.65047995,35.278990059999998
6796955,2015,2016-10-19,4004,2015-01-08,1215,0657,01,4,5,3,4004,0,0,0,,0,"1 3","24TH ST","RT 101",17.00,W,N,A,-,Y,SLO,5,101,-,-,58.060,R,4,S,Y,4,0,2,2,A,-,12,21453,A,N,D,C,A,A,H,-,A,A,0,,,,,Y,,A,07,0,0,2,0,0,0,0,0,0,"- ",SF,,,"SAN LUIS OBISPO","PASO ROBLES",-120.68632562000001,35.644461319999998
6800944,2015,2015-03-17,9745,2015-02-07,1340,016514,,6,1,9,4000,0,3,5,,2,002,"MOUNTAIN VIEW DR","SAN LUIS AV",0.00,,Y,B,C,N,,,,,,,,,,Y,3,0,1,2,A,-,12,22450,A,N,D,C,A,B,H,-,A,A,0,,,,,Y,,D,22,0,1,0,0,0,0,0,0,0,"- ","- ",35.318710000000003,-120.82438,"SAN LUIS OBISPO",UNINCORPORATED,-120.82440994,35.318750059999999
6803074,2015,2016-10-19,9745,2015-01-23,1520,013206,9745,5,2,4,4006,0,1,2,,2,202,"RT 101","CALIFORNIA BL",500.00,S,N,A,-,Y,SLO,5,101,-,-,29.310,H,-,S,Y,4,0,1,2,A,-,07,21658,A,N,B,C,A,A,H,-,A,D,1,,,,,Y,,A,01,0,0,1,0,0,0,0,0,0,"- ","- ",35.282910000000001,-120.66202,"SAN LUIS OBISPO","SAN LUIS OBISPO",-120.66053069,35.289129019999997
6805425,2015,2017-06-15,4008,2015-01-12,1918,4044,,1,5,4,4008,0,0,0,,0,,"MORRO RD","PORTOLA AV",239.00,W,N,A,-,Y,SLO,5,41,-,-,14.690,H,-,N,Y,4,0,1,2,A,-,09,21801,A,N,A,C,A,A,H,-,C,D,0,,,,,Y,,D,22,0,0,1,0,0,0,0,0,0,"- ","- ",,,"SAN LUIS OBISPO",ATASCADERO,-120.67021325,35.468134480000003
6808372,2015,2015-02-27,9740,2015-01-14,0910,011452,,3,1,9,4000,0,3,5,,2,017,"CRESTON RD","BEECHWOOD DR",3696.00,E,N,E,-,N,,,,,,,,,,Y,4,0,2,2,A,-,09,21801,A,N,D,C,A,B,H,-,A,D,0,,,,,Y,,A,01,0,0,2,0,0,0,0,0,0,"- ","- ",35.58954,-120.64258,"SAN LUIS OBISPO",UNINCORPORATED,-120.64370008,35.590430240000003
6817445,2015,2015-03-06,9745,2015-02-09,1545,013206,9745,1,2,9,4000,0,2,4,,1,046,"PRICE CANYON RD","ORMONDE RD",2150.00,N,N,A,-,N,,,,,,,,,,Y,4,0,3,3,A,-,03,22350,,N,C,C,A,A,H,-,A,D,0,,,,,Y,,A,01,0,0,3,0,0,0,0,0,0,"- ","- ",35.184750000000001,-120.61909,"SAN LUIS OBISPO",UNINCORPORATED,-120.61932356,35.183884380000002
6817449,2015,2016-10-19,9745,2015-02-11,0150,017968,,3,3,9,4000,0,1,2,,2,505,"RT 101","TEFFT ST",3696.00,S,N,G,-,Y,SLO,5,101,-,-,4.150,H,-,N,Y,4,0,1,1,A,-,08,22107,,N,E,I,A,A,H,-,D,D,1,,,,,Y,,A,01,0,0,1,0,0,0,0,0,0,"- ","- ",35.017119999999998,-120.46324,"SAN LUIS OBISPO",UNINCORPORATED,-120.47621546000001,35.029236730000001
6822102,2015,2015-03-18,4006,2015-01-23,1246,69585,,5,5,4,4006,0,0,0,,0,,"GRAND AV","FREDERICKS ST",0.00,,Y,A,-,N,,,,,,,,,,N,3,0,1,2,A,-,00,21967,,N,D,B,A,A,H,-,A,A,0,,,,,Y,,-,,0,1,0,0,0,0,0,0,0,"- ","- ",,,"SAN LUIS OBISPO","SAN LUIS OBISPO",-120.65327997999999,35.293100039999999
6826099,2015,2015-03-13,9740,2015-02-20,1535,15854,,5,2,9,4000,0,3,5,,2,021,"VINEYARD DR","OAK PARK RD",1584.00,E,N,A,-,N,,,,,,,,,,Y,4,0,1,3,A,-,08,22107,,N,D,C,A,A,H,-,A,D,0,,,,,Y,,A,01,0,0,1,0,0,0,0,0,0,"- ","- ",35.542439999999999,-120.74375000000001,"SAN LUIS OBISPO",UNINCORPORATED,-120.74363708999999,35.542941370000001
6826187,2015,2016-10-19,9745,2015-02-17,1935,17541,,2,2,4,4006,0,1,2,,2,202,"RT 101","MARSH ST",400.00,S,N,A,-,Y,SLO,5,101,-,-,27.990,H,-,N,Y,4,0,2,3,C,-,18,,,N,B,C,A,A,H,-,D,D,1,,,,,Y,,-,"- ",0,0,2,0,0,0,0,0,0,"- ","- ",35.273260000000001,-120.67164,"SAN LUIS OBISPO","SAN LUIS OBISPO",-120.67175594,35.27308034
6833655,2015,2015-03-13,4006,2015-02-05,0758,16380,,4,5,4,4006,0,0,0,,0,,CALIFORNIA,MONTEREY,0.00,,Y,A,-,N,,,,,,,,,,N,4,0,1,2,A,-,12,21453,A,N,D,G,A,A,H,-,A,A,0,,Y,,,Y,,L,04,0,0,1,0,0,0,1,0,0,"- ","- ",,,"SAN LUIS OBISPO","SAN LUIS OBISPO",-120.65460997,35.286110049999998
6837632,2015,2015-03-18,4006,2015-02-22,0641,88911,SANLU,7,5,4,4006,0,0,0,,0,,"JOHNSON AV",LAUREL,137.00,N,-,B,-,N,,,,,,,,,,Y,4,0,1,3,A,-,01,23152,A,N,C,E,A,A,H,-,A,D,0,,,,,Y,Y,A,01,0,0,1,0,0,0,0,0,0,"- ","- ",,,"SAN LUIS OBISPO","SAN LUIS OBISPO",-120.6388053,35.268509760000001
6837636,2015,2015-03-18,4006,2015-02-09,1314,69585,,1,5,4,4006,0,0,0,,0,,MARSH,CHORRO,0.00,,Y,A,-,N,,,,,,,,,,N,4,0,1,2,A,-,10,21950,A,N,G,B,B,A,H,-,A,A,0,Y,,,,Y,,A,07,0,0,1,0,1,0,0,0,0,"- ","- ",,,"SAN LUIS OBISPO","SAN LUIS OBISPO",-120.66218993,35.279100020000001
6842214,2015,2016-10-19,9740,2015-03-06,1535,016089,,5,2,9,4000,0,1,2,,2,001,"RT 101","SAN RAMON RD",1056.00,N,N,A,-,Y,SLO,5,101,-,-,49.520,H,-,N,Y,4,0,1,1,A,-,08,22107,,N,E,I,A,A,H,-,A,D,1,,,,,Y,,A,01,0,0,1,0,0,0,0,0,0,"- ","- ",35.528289999999998,-120.70578999999999,"SAN LUIS OBISPO",UNINCORPORATED,-120.70645014,35.528900999999998
6842226,2015,2016-10-03,9740,2015-03-01,1650,018323,,7,2,9,4000,0,1,3,,1,009,"RT 46","RT 41",6864.00,E,N,B,-,Y,SLO,5,46,-,-,56.420,H,-,E,Y,3,0,4,3,A,-,03,22350,,N,C,C,A,A,H,-,A,D,0,,,,,Y,,A,01,0,2,2,0,0,0,0,0,0,"- ","- ",35.741430000000001,-120.25087000000001,"SAN LUIS OBISPO",UNINCORPORATED,-120.26184593000001,35.739271559999999
6848124,2015,2015-03-20,9745,2015-03-05,0940,013212,,4,1,9,4000,0,3,5,,2,004,"HALCYON RD","THE PIKE",10.00,S,N,A,-,N,,,,,,,,,,N,4,0,1,2,A,-,11,21954,A,N,G,B,E,A,D,-,A,D,0,Y,,,,Y,,N,60,0,0,1,0,1,0,0,0,0,"- ","- ",35.106279999999998,-120.59172,"SAN LUIS OBISPO",UNINCORPORATED,-120.59165,35.10632253
6849299,2015,2015-03-23,9740,2015-03-09,2115,13133,,1,2,9,4000,0,3,5,,2,017,"LA PANZA RD","LITTLE FARM RD",3168.00,S,N,A,-,N,,,,,,,,,,Y,2,0,1,1,A,-,01,23152,A,N,E,I,A,A,H,-,D,D,0,,,,,Y,Y,A,01,1,0,0,0,0,0,0,0,0,"- ","- ",35.528820000000003,-120.50326,"SAN LUIS OBISPO",UNINCORPORATED,-120.50316463,35.526777269999997
6849696,2015,2015-03-25,4006,2015-02-12,1716,69585,,4,5,4,4006,0,0,0,,0,,PISMO,"SANTA ROSA",0.00,,Y,A,-,N,,,,,,,,,,N,4,0,1,2,A,-,10,21950,A,N,G,B,B,A,H,-,A,A,0,Y,,,,Y,,A,07,0,0,1,0,1,0,0,0,0,"- ","- ",,,"SAN LUIS OBISPO","SAN LUIS OBISPO",-120.65741994,35.279670019999998
6849705,2015,2015-03-24,4004,2015-02-15,1836,1197,04,7,5,3,4004,0,0,0,,0,042,CRESTON,MELODY,0.00,,Y,A,-,N,,,,,,,,,,N,4,0,1,2,A,-,09,21801,B,N,D,C,A,A,H,-,C,A,0,,,Y,,Y,,A,01,0,0,1,0,0,0,0,0,1,"- ","- ",,,"SAN LUIS OBISPO","PASO ROBLES",-120.66266994,35.62327003
6849716,2015,2015-03-25,4006,2015-02-28,1043,62657,,6,5,4,4006,0,0,0,,0,,"SANTA ROSA",FOOTHILL,348.00,S,N,B,-,N,,,,,,,,,,Y,4,0,2,3,A,-,03,22350,,M,C,C,A,A,H,-,A,A,0,,,,,Y,,-,,0,0,2,0,0,0,0,0,0,"- ","- ",,,"SAN LUIS OBISPO","SAN LUIS OBISPO",-120.66768684,35.293164959999999
6854069,2015,2017-04-25,9750,2015-02-20,1245,13267,,5,1,9,4000,0,1,2,,2,111,"RT 101",BROADWAY,2640.00,N,N,A,-,Y,SLO,5,101,-,-,0.350,H,-,N,Y,1,2,1,2,A,-,01,23152,A,N,A,C,A,A,H,-,A,D,1,,,,,Y,Y,D,23,1,0,0,0,0,0,0,0,0,"- ",NF,34.989669999999997,-120.43379,"SAN LUIS OBISPO",UNINCORPORATED,-120.43358469,34.989541780000003
6854511,2015,2015-07-15,9740,2015-04-24,1700,14691,,5,2,9,4000,0,1,3,,2,005,"RT 58","O DONOVAN RD",3168.00,W,N,A,-,Y,SLO,5,58,-,-,11.200,H,-,E,Y,1,1,1,1,A,-,01,23152,A,N,E,I,A,A,H,-,D,D,0,,,,,Y,Y,D,22,1,0,0,0,0,0,0,0,0,"- ","- ",35.443840000000002,-120.48242,"SAN LUIS OBISPO",UNINCORPORATED,-120.48267877000001,35.443407209999997
6854612,2015,2015-05-13,9745,2015-02-22,0100,20229,,7,3,9,4000,0,3,5,,2,005,"HIGH MOUNTAIN LOOKOUT RD","HIGH MOUNTAIN RD",11616.00,W,N,B,-,N,,,,,,,,,,Y,1,1,1,1,A,-,01,23152,A,N,E,I,A,A,H,-,D,D,0,,,,,Y,Y,D,22,0,1,0,0,0,0,0,0,0,"- ","- ",35.26146,-120.42983,"SAN LUIS OBISPO",UNINCORPORATED,-120.42875812,35.260951319999997
6859955,2015,2016-09-08,9745,2015-03-11,1715,17541,,3,2,9,4000,0,1,2,,2,404,"RT 101","SPYGLASS DR",5280.00,S,N,A,-,Y,SLO,5,101,-,-,18.830,H,-,S,Y,4,0,1,1,A,-,08,22107,,N,E,I,A,A,H,-,A,D,1,,,,,Y,,A,01,0,0,1,0,0,0,0,0,0,"- ","- ",35.920000000000002,-120.401,"SAN LUIS OBISPO",UNINCORPORATED,-120.67168805999999,35.157712840000002
6860418,2015,2016-09-08,9745,2015-03-08,2020,020229,,7,2,3,4001,0,1,2,,2,505,"RT 101","EL CAMPO RD",0.00,,Y,A,-,Y,SLO,5,101,-,-,11.830,I,5,S,Y,2,0,3,2,A,-,09,21804,A,N,D,C,A,A,H,-,C,D,0,,,,,Y,Y,A,01,1,1,1,0,0,0,0,0,0,"- ","- ",35.11121,-120.56361,"SAN LUIS OBISPO","ARROYO GRANDE",-120.56365651,35.111178010000003
6860434,2015,2016-09-08,9745,2015-03-18,0055,015144,,3,3,4,4006,0,1,2,,2,202,"RT 101","BUENA VISTA AV",1056.00,N,N,A,-,Y,SLO,5,101,-,-,30.190,H,-,N,Y,3,0,2,1,A,-,01,23152,A,N,E,I,A,A,H,-,C,D,1,,,,,Y,Y,A,01,0,2,0,0,0,0,0,0,0,"- ","- ",35.292020000000001,-120.54574,"SAN LUIS OBISPO","SAN LUIS OBISPO",-120.64616546000001,35.291744440000002
6860663,2015,2016-09-08,9750,2015-03-13,0630,013766,,5,1,9,4000,0,1,2,,2,111,"RT 101",BROADWAY,2640.00,N,N,A,-,Y,SLO,5,101,-,-,0.231,H,-,N,Y,4,0,2,2,A,-,03,22350,,N,C,C,A,A,H,-,D,D,1,,,,,Y,,D,22,0,0,2,0,0,0,0,0,0,"- ","- ",34.987830000000002,-120.43324,"SAN LUIS OBISPO",UNINCORPORATED,-120.4333274,34.987823779999999
6862245,2015,2015-08-26,4001,2015-02-04,1445,P0106,461,3,5,3,4001,0,0,0,,0,OPERAT,"EAST GRAND AV","E GRAND AV 200",0.00,,-,A,-,N,,,,,,,,,,Y,4,0,1,2,A,-,03,22350,,N,C,C,A,A,H,-,A,A,0,,,,,Y,,A,07,0,0,1,0,0,0,0,0,0,"- ","- ",,,"SAN LUIS OBISPO","ARROYO GRANDE",-120.58495581,35.120947749999999