CASE_ID,ACCIDENT_YEAR,PROC_DATE,JURIS,COLLISION_DATE,COLLISION_TIME,OFFICER_ID,REPORTING_DISTRICT,DAY_OF_WEEK,CHP_SHIFT,POPULATION,CNTY_CITY_LOC,SPECIAL_COND,BEAT_TYPE,CHP_BEAT_TYPE,CITY_DIVISION_LAPD,CHP_BEAT_CLASS,BEAT_NUMBER,PRIMARY_RD,SECONDARY_RD,DISTANCE,DIRECTION,INTERSECTION,WEATHER_1,WEATHER_2,STATE_HWY_IND,CALTRANS_COUNTY,CALTRANS_DISTRICT,STATE_ROUTE,ROUTE_SUFFIX,POSTMILE_PREFIX,POSTMILE,LOCATION_TYPE,RAMP_INTERSECTION,SIDE_OF_HWY,TOW_AWAY,COLLISION_SEVERITY,NUMBER_KILLED,NUMBER_INJURED,PARTY_COUNT,PRIMARY_COLL_FACTOR,PCF_CODE_OF_VIOL,PCF_VIOL_CATEGORY,PCF_VIOLATION,PCF_VIOL_SUBSECTION,HIT_AND_RUN,TYPE_OF_COLLISION,MVIW,PED_ACTION,ROAD_SURFACE,ROAD_COND_1,ROAD_COND_2,LIGHTING,CONTROL_DEVICE,CHP_ROAD_TYPE,PEDESTRIAN_ACCIDENT,BICYCLE_ACCIDENT,MOTORCYCLE_ACCIDENT,TRUCK_ACCIDENT,NOT_PRIVATE_PROPERTY,ALCOHOL_INVOLVED,STWD_VEHTYPE_AT_FAULT,CHP_VEHTYPE_AT_FAULT,COUNT_SEVERE_INJ,COUNT_VISIBLE_INJ,COUNT_COMPLAINT_PAIN,COUNT_PED_KILLED,COUNT_PED_INJURED,COUNT_BICYCLIST_KILLED,COUNT_BICYCLIST_INJURED,COUNT_MC_KILLED,COUNT_MC_INJURED,PRIMARY_RAMP,SECONDARY_RAMP,LATITUDE,LONGITUDE,COUNTY,CITY,POINT_X,POINT_Y
6863664,2015,2016-10-03,4004,2015-03-06,1328,0657,02,5,5,3,4004,0,0,0,,0,"3 6","RT 46",MILL,0.00,,Y,A,-,Y,SLO,5,46,-,-,32.650,I,5,E,Y,4,0,1,2,A,-,09,21801,A,N,D,C,A,A,H,-,A,D,0,,,,,Y,,A,01,0,0,1,0,0,0,0,0,0,"- ","- ",,,"SAN LUIS OBISPO","PASO ROBLES",-120.63473377,35.64507699
6864181,2015,2015-06-03,4004,2015-03-18,2021,1208,02,3,5,3,4004,0,0,0,,0,026,"SPRING ST","4TH ST",189.00,S,N,A,-,N,,,,,,,,,,Y,4,0,1,2,A,-,01,23152,E,N,C,E,A,A,H,-,C,D,0,,,,,Y,,A,07,0,0,1,0,0,0,0,0,0,"- ","- ",,,"SAN LUIS OBISPO","PASO ROBLES",-120.69065197,35.617882350000002
6864510,2015,2016-10-19,9745,2015-03-23,1740,017017,,1,2,4,4006,0,1,2,,2,202,"RT 101","MONTEREY ST",100.00,N,N,A,-,Y,SLO,5,101,-,-,30.010,H,-,N,Y,3,0,3,3,A,-,03,22350,,N,C,C,A,A,H,-,A,D,1,,,,,Y,,A,01,0,1,2,0,0,0,0,0,0,"- ","- ",35.291800000000002,-120.64931,"SAN LUIS OBISPO","SAN LUIS OBISPO",-120.64928002000001,35.291699979999997
6870825,2015,2016-10-19,9750,2015-03-24,0630,015514,,2,1,9,4000,0,1,2,,2,111,"RT 101","RT 166",2904.00,S,N,A,-,Y,SLO,5,101,-,-,0.250,H,-,N,Y,3,0,3,3,A,-,03,22350,,N,C,C,A,A,H,-,B,D,1,,,,,Y,,A,07,0,1,2,0,0,0,0,0,0,"- ","- ",34.988329999999998,-120.43335,"SAN LUIS OBISPO",UNINCORPORATED,-120.43337129,34.988097930000002
6872280,2015,2015-04-08,9745,2015-03-25,0810,012601,,3,1,9,4000,0,2,4,,1,024,"SOUTH BAY BL","NIPOMO AV",0.00,,Y,A,-,N,,,,,,,,,,Y,3,0,2,2,A,-,09,21802,A,N,D,C,A,A,H,-,A,A,0,,,,,Y,,A,01,0,1,1,0,0,0,0,0,0,"- ","- ",35.316690000000001,-120.82340000000001,"SAN LUIS OBISPO",UNINCORPORATED,-120.8234799,35.316550040000003
6875669,2015,2015-04-13,4006,2015-03-17,2323,88911,,2,5,4,4006,0,0,0,,0,,CHORRO,PALM,0.00,,Y,A,-,N,,,,,,,,,,Y,4,0,1,2,A,-,12,21453,A,N,D,C,A,A,H,-,C,A,0,,,,,Y,,A,01,0,0,1,0,0,0,0,0,0,"- ","- ",,,"SAN LUIS OBISPO","SAN LUIS OBISPO",-120.66429991,35.281450040000003
6875726,2015,2016-10-19,9740,2015-03-27,1715,15854,,5,2,4,4008,0,1,2,,2,002,"RT 101","DEL RIO RD",3696.00,S,N,A,-,Y,SLO,5,101,-,-,47.630,H,-,N,Y,4,0,1,2,A,-,03,22350,,N,C,C,A,A,H,-,A,D,1,,,,,Y,,A,07,0,0,1,0,0,0,0,0,0,"- ","- ",,,"SAN LUIS OBISPO",ATASCADERO,-120.69261845,35.504600449999998
6880227,2015,2015-04-24,4006,2015-04-02,1256,16380,,4,5,4,4006,0,0,0,,0,,BROAD,"TANK FARM RD",480.00,N,N,A,-,N,,,,,,,,,,Y,4,0,3,4,A,-,03,22350,,N,C,C,A,A,H,-,A,D,0,,,,,Y,,D,22,0,0,3,0,0,0,0,0,0,"- ","- ",,,"SAN LUIS OBISPO","SAN LUIS OBISPO",-120.64370415,35.249543080000002
6880352,2015,2015-09-14,4001,2015-03-27,1550,P0106,462,5,5,3,4001,0,0,0,,0,OPERAT,"BRANCH ST","RANCHO PKWY",106.00,W,N,A,-,N,,,,,,,,,,Y,3,0,2,4,A,-,03,22350,,N,C,C,A,A,H,-,A,D,0,,,,,Y,,D,22,0,1,1,0,0,0,0,0,0,"- ","- ",,,"SAN LUIS OBISPO","ARROYO GRANDE",-120.59592449,35.125954229999998
6880482,2015,2016-10-19,9745,2015-03-20,0150,15144,,5,3,9,4000,0,1,2,,2,505,"RT 101","WILLOW RD",2112.00,S,N,A,-,Y,SLO,5,101,-,-,5.890,H,-,S,Y,2,0,1,1,A,-,01,23152,A,N,E,I,A,A,H,-,D,D,1,,,,,Y,Y,A,01,1,0,0,0,0,0,0,0,0,"- ","- ",35.049019999999999,-120.49576,"SAN LUIS OBISPO",UNINCORPORATED,-120.49563442,35.048976639999999
6880522,2015,2015-04-23,4001,2015-03-09,1751,P089,46-3,1,5,3,4001,0,0,0,,0,CITY,"FAIR OAKS AV","ALDER ST",0.00,,Y,A,-,N,,,,,,,,,,N,4,0,1,2,A,-,12,22450,A,N,D,G,A,A,H,-,A,A,0,,Y,,,Y,,L,04,0,0,1,0,0,0,1,0,0,"- ","- ",,,"SAN LUIS OBISPO","ARROYO GRANDE",-120.59372997,35.112750089999999
6883379,2015,2016-09-29,9745,2015-04-07,2215,017144,,2,3,9,4000,0,1,3,,1,021,"RT 1","OLD CREEK RD",1584.00,S,N,A,-,Y,SLO,5,1,-,-,34.160,H,-,S,Y,3,0,1,1,A,-,08,22107,,N,F,A,A,A,H,-,D,D,5,,,,,Y,Y,A,07,0,1,0,0,0,0,0,0,0,"- ","- ",35.425089999999997,-120.87951,"SAN LUIS OBISPO",UNINCORPORATED,-120.88511745,35.43233927
6901641,2015,2017-01-04,9745,2015-04-12,1600,013212,,7,2,2,4005,0,1,2,,2,404,"RT 101","SPYGLASS DR",4224.00,S,N,A,-,Y,SLO,5,101,-,R,19.010,H,-,S,Y,4,0,1,2,A,-,03,22350,,N,C,C,A,A,H,-,A,D,1,,,,,Y,,A,07,0,0,1,0,0,0,0,0,0,"- ","- ",35.158909999999999,-120.67462,"SAN LUIS OBISPO","PISMO BEACH",-120.67431504,35.158743379999997
6906208,2015,2015-05-11,9745,2015-04-21,2219,020229,,2,3,9,4000,0,3,5,,2,005,"JOSHUA ST","ORCHARD RD",528.00,E,N,B,-,N,,,,,,,,,,Y,3,0,2,1,A,-,01,23152,A,N,E,I,A,A,H,-,D,D,0,,,,,Y,Y,A,01,0,2,0,0,0,0,0,0,0,"- ","- ",35.005850000000002,-120.45289,"SAN LUIS OBISPO",UNINCORPORATED,-120.45573649000001,35.003696249999997
6907239,2015,2015-05-20,4008,2015-04-19,1308,2030,,7,5,4,4008,0,0,0,,0,48A19,"EL CAMINO REAL","SANTA BARBARA RD",108.00,S,N,A,-,N,,,,,,,,,,Y,4,0,2,2,A,-,00,23153,E,N,C,C,A,A,H,-,A,A,0,,,,,Y,,-,,0,0,2,0,0,0,0,0,0,"- ","- ",,,"SAN LUIS OBISPO",ATASCADERO,-120.63405732,35.448120940000003
6908250,2015,2015-05-11,4006,2015-04-14,0858,16380,,2,5,4,4006,0,0,0,,0,,CAPITOLIO,SACRAMENTO,350.00,E,N,A,-,N,,,,,,,,,,Y,3,0,1,4,A,-,08,22107,,N,B,E,A,A,H,-,A,D,0,,,,,Y,,A,01,0,1,0,0,0,0,0,0,0,"- ","- ",,,"SAN LUIS OBISPO","SAN LUIS OBISPO",-120.6436245,35.257686820000004
6908262,2015,2017-01-05,9745,2015-04-28,0740,012876,,2,1,9,4000,0,1,2,,1,101,"RT 101","RESERVOIR CANYON RD",4752.00,N,N,A,-,Y,SLO,5,101,-,-,32.050,H,-,S,Y,4,0,2,4,A,-,04,21703,,N,C,C,A,A,H,-,A,D,5,,,,,Y,,A,01,0,0,2,0,0,0,0,0,0,"- ","- ",35.308329999999998,-120.62508,"SAN LUIS OBISPO",UNINCORPORATED,-120.62520211,35.30765641
6908318,2015,2015-05-11,4006,2015-04-14,1630,16380,,2,5,4,4006,0,0,0,,0,,KENTUCKY,TAFT,30.00,N,N,A,-,N,,,,,,,,,,Y,4,0,1,2,A,-,05,21650,,N,A,C,A,A,H,-,A,D,0,,,,,Y,,A,01,0,0,1,0,0,0,0,0,0,"- ","- ",,,"SAN LUIS OBISPO","SAN LUIS OBISPO",-120.65929924,35.291062400000001
6913203,2015,2017-01-05,9745,2015-04-30,0123,013937,,4,3,2,4005,0,1,2,,2,404,"RT 101","OAK PARK BL",101.00,N,N,A,-,Y,SLO,5,101,-,-,14.730,R,3,N,Y,2,0,2,1,A,-,08,22107,,N,E,I,A,A,H,-,C,D,1,,,,,Y,Y,A,01,1,1,0,0,0,0,0,0,0,"- ","- ",35.130569999999999,-120.60688,"SAN LUIS OBISPO","PISMO BEACH",-120.60858191,35.130620880000002
6913516,2015,2017-01-06,9745,2015-05-03,1335,020689,,7,1,9,4000,0,1,3,,1,040,"RT 227","MONTECITO RIDGE DR",1584.00,N,N,A,-,Y,SLO,5,227,-,-,3.650,H,-,N,Y,2,0,1,1,A,-,03,22350,,N,F,A,A,A,H,-,A,D,0,,,Y,,Y,,C,02,1,0,0,0,0,0,0,0,1,"- ","- ",35.162080000000003,-120.57774999999999,"SAN LUIS OBISPO",UNINCORPORATED,-120.57794158999999,35.16217417
6924015,2015,2015-06-03,4006,2015-04-28,1448,14848,,2,5,4,4006,0,0,0,,0,,MADONNA,OCEANAIRE,0.00,,Y,A,-,N,,,,,,,,,,N,3,0,1,2,A,-,11,21456,B,N,D,-,A,A,H,-,A,A,0,,Y,,,Y,,L,04,0,1,0,0,0,0,1,0,0,"- ","- ",,,"SAN LUIS OBISPO","SAN LUIS OBISPO",-120.68428991,35.259390080000003
6930386,2015,2017-01-04,9745,2015-05-19,0850,012876,,2,1,9,4000,0,1,2,,2,202,"RT 101","LOS OSOS VALLEY RD",1056.00,N,N,B,-,Y,SLO,5,101,-,-,26.110,H,-,S,Y,4,0,2,2,A,-,03,22350,,N,C,C,A,A,H,-,A,D,1,,,,,Y,,D,22,0,0,2,0,0,0,0,0,0,"- ","- ",35.247990000000001,-120.68040999999999,"SAN LUIS OBISPO",UNINCORPORATED,-120.68071136,35.247331039999999
6934769,2015,2017-01-05,9745,2015-06-23,0312,9745,,2,3,4,4006,0,1,2,,2,202,"RT 101","MADONNA RD",1584.00,S,N,A,-,Y,SLO,5,101,-,-,27.200,H,-,S,Y,2,0,1,1,A,-,08,22107,,N,E,I,A,A,H,-,C,D,1,,,,,Y,,A,07,1,0,0,0,0,0,0,0,0,"- ","- ",35.259909999999998,-120.67359,"SAN LUIS OBISPO","SAN LUIS OBISPO",-120.67361449000001,35.26165116
6934781,2015,2017-01-05,9745,2015-06-25,1935,17541,,4,2,9,4000,0,1,2,,1,101,"RT 101","STAGE COACH RD",2640.00,S,N,A,-,Y,SLO,5,101,-,-,34.520,H,-,S,Y,4,0,1,1,A,-,08,22107,,N,E,I,A,A,H,-,A,D,5,,,,,Y,,A,01,0,0,1,0,0,0,0,0,0,"- ","- ",35.30836,-120.62508,"SAN LUIS OBISPO",UNINCORPORATED,-120.62767756,35.34049461
6936377,2015,2015-06-17,4006,2015-05-10,1108,27940,,7,5,4,4006,0,0,0,,0,,HIGUERA,MARSH,248.00,E,N,A,-,N,,,,,,,,,,Y,4,0,1,2,A,-,07,21658,A,N,D,C,A,A,H,-,A,A,0,,,,,Y,,A,01,0,0,1,0,0,0,0,0,0,"- ","- ",,,"SAN LUIS OBISPO","SAN LUIS OBISPO",-120.66934000000001,35.27478
6939585,2015,2015-06-01,4005,2015-04-26,1405,P085,5,7,5,2,4005,0,0,0,,0,,"4TH ST","FIVE CITIES DR",0.00,,Y,A,-,N,,,,,,,,,,N,2,0,1,2,A,-,12,21453,A,N,D,G,A,A,H,-,A,A,0,,Y,,,Y,,L,04,1,0,0,0,0,0,1,0,0,"- ","- ",,,"SAN LUIS OBISPO","PISMO BEACH",-120.62207986999999,35.135720030000002
6939925,2015,2015-06-02,9740,2015-05-16,0300,014662,,6,3,9,4000,0,3,5,,2,017,"TEMPLETON RD","RT 41",2640.00,N,N,A,-,N,,,,,,,,,,Y,3,0,1,1,A,-,01,23152,A,M,E,I,A,A,H,-,D,D,0,,,,,Y,Y,A,01,0,1,0,0,0,0,0,0,0,"- ","- ",,,"SAN LUIS OBISPO",UNINCORPORATED,-120.65593205,35.510499449999998
6940955,2015,2016-09-29,9745,2015-06-28,0720,017238,,7,1,9,4000,0,1,3,,2,023,"RT 1","HARMONY VALLEY RD",1584.00,S,N,B,-,Y,SLO,5,1,-,-,43.790,H,-,S,Y,4,0,1,1,A,-,08,22107,,N,F,A,A,A,H,-,A,D,0,,,,,Y,,D,22,0,0,1,0,0,0,0,0,0,"- ","- ",35.50226,-120.01417000000001,"SAN LUIS OBISPO",UNINCORPORATED,-121.0178942,35.504620369999998
6941267,2015,2015-07-08,4006,2015-05-12,1057,69585,,2,5,4,4006,0,0,0,,0,,OSOS,"MARSH BROOK RD",0.00,,Y,A,-,N,,,,,,,,,,N,4,0,1,2,A,-,10,21950,A,N,G,B,B,A,H,-,A,A,0,Y,,,,Y,,A,01,0,0,1,0,1,0,0,0,0,"- ","- ",,,"SAN LUIS OBISPO","SAN LUIS OBISPO",-120.66010199999999,35.280351000000003
6941271,2015,2015-07-08,4006,2015-05-11,1104,14848,,1,5,4,4006,0,0,0,,0,,HIGH,LEFF,47.00,W,N,A,-,N,,,,,,,,,,N,4,0,1,2,A,-,09,21802,A,N,B,G,A,A,H,-,A,A,0,,Y,,,Y,,L,04,0,0,1,0,0,0,1,0,0,"- ","- ",,,"SAN LUIS OBISPO","SAN LUIS OBISPO",-120.66391743,35.272219999999997
6941279,2015,2015-07-08,4006,2015-05-06,0826,16380,,3,5,4,4006,0,0,0,,0,,FOOTHILL,CUESTA,467.00,E,N,A,-,N,,,,,,,,,,Y,4,0,1,2,A,-,09,21804,A,N,B,C,A,A,H,-,A,D,0,,,,,Y,,A,01,0,0,1,0,0,0,0,0,0,"- ","- ",,,"SAN LUIS OBISPO","SAN LUIS OBISPO",-120.67566557000001,35.294119999999999
6941419,2015,2015-06-30,4004,2015-05-21,1504,1208,03,4,5,3,4004,0,0,0,,0,3-10,CRESTON,"NORTH RIVER",121.00,E,N,A,-,N,,,,,,,,,,Y,4,0,1,1,A,-,01,23152,A,N,E,I,A,A,H,-,A,D,0,,,,,Y,Y,A,07,0,0,1,0,0,0,0,0,0,"- ","- ",,,"SAN LUIS OBISPO","PASO ROBLES",-120.68277786,35.629158889999999
6943841,2015,2016-11-03,9740,2015-05-26,1718,14622,,2,2,9,4000,0,1,3,,2,007,"RT 41","TEMPLETON RD",0.00,,Y,A,-,Y,SLO,5,41,-,R,17.501,I,5,N,Y,4,0,2,2,A,-,09,21802,A,N,D,C,A,A,H,-,A,A,0,,,,,Y,,A,08,0,0,2,0,0,0,0,0,0,"- ","- ",35.504370000000002,-120.65259,"SAN LUIS OBISPO",UNINCORPORATED,-120.65243522,35.504342970000003
6948621,2015,2015-06-23,9740,2015-05-19,0743,012113,,2,1,9,4000,0,3,5,,2,018,"UNION RD","BRAND RD",3168.00,E,N,A,-,N,,,,,,,,,,Y,2,0,1,1,A,-,08,22107,,N,E,I,A,A,H,-,A,D,0,,,,,Y,,A,01,1,0,0,0,0,0,0,0,0,"- ","- ",35.637659999999997,-121.5685,"SAN LUIS OBISPO",UNINCORPORATED,-120.56876421,35.637560579999999
6951379,2015,2015-06-19,9745,2015-05-21,1725,018728,,4,2,9,4000,0,2,4,,1,051,"LOS BERROS RD","EL CAMPO RD",2640.00,N,N,A,-,N,,,,,,,,,,Y,3,0,1,1,A,-,08,22107,,N,F,A,A,A,H,-,A,D,0,,,,,Y,,A,07,0,1,0,0,0,0,0,0,0,"- ","- ",35.099139999999998,-120.56898,"SAN LUIS OBISPO",UNINCORPORATED,-120.56836524000001,35.098811189999999
6952739,2015,2015-07-10,9740,2015-06-01,1715,014691,,1,2,9,4000,0,3,5,,2,022,"ADELAIDA RD","VINEYARD DR",2640.00,W,N,A,-,N,,,,,,,,,,Y,2,0,1,1,A,-,08,22107,,N,E,I,A,A,H,-,A,D,0,,,,,Y,,D,22,1,0,0,0,0,0,0,0,0,"- ","- ",35.639589999999998,-120.86056000000001,"SAN LUIS OBISPO",UNINCORPORATED,-120.86020128,35.639131040000002
6953104,2015,2016-11-03,9740,2015-05-17,0958,13246,,7,1,9,4000,0,1,3,,2,007,"RT 41","SHEDD CANYON RD",13728.00,N,N,B,-,Y,SLO,5,41,-,-,38.300,H,-,N,Y,4,0,1,1,A,-,08,22107,,N,E,J,A,A,H,-,A,D,0,,,,,Y,,A,01,0,0,1,0,0,0,0,0,0,"- ","- ",35.615900000000003,-120.404,"SAN LUIS OBISPO",UNINCORPORATED,-120.40502745000001,35.614694999999998
6958988,2015,2017-01-04,9745,2015-06-14,1550,017930,,7,2,9,4000,0,1,2,,2,505,"RT 101","TEFFT ST",2640.00,S,N,A,-,Y,SLO,5,101,-,-,4.350,H,-,S,N,4,0,1,2,A,-,03,22350,,N,C,C,A,A,H,-,A,D,1,,,,,Y,,A,07,0,0,1,0,0,0,0,0,0,"- ","- ",35.032040000000002,-120.47965000000001,"SAN LUIS OBISPO",UNINCORPORATED,-120.47877362,35.03130273
6960106,2015,2015-07-02,4008,2015-06-10,1456,3013,,3,5,4,4008,0,0,0,,0,,"EL CAMINO REAL","SAN RAFAEL RD",0.00,,Y,A,-,N,,,,,,,,,,N,4,0,1,2,A,-,12,21453,A,N,D,C,A,A,H,-,A,A,0,,,,,Y,,A,07,0,0,1,0,0,0,0,0,0,"- ","- ",,,"SAN LUIS OBISPO",ATASCADERO,-120.64354989,35.460030000000003
6960326,2015,2015-07-03,4008,2015-05-24,1406,4080,,7,5,4,4008,0,0,0,,0,,"EL CAMINO REAL","EL BORDO AV",71.00,S,N,A,-,N,,,,,,,,,,Y,4,0,1,2,A,-,09,21804,A,N,D,-,A,A,H,-,A,D,0,,,,,Y,,A,01,0,0,1,0,0,0,0,0,0,"- ","- ",,,"SAN LUIS OBISPO",ATASCADERO,-120.64674451,35.463819549999997
6964199,2015,2015-10-24,4001,2015-05-27,1036,P0106,463,3,5,3,4001,0,0,0,,0,OPERAT,"S HALCYON RD","FARROLL AV",0.00,,Y,A,-,N,,,,,,,,,,N,4,0,1,2,A,-,09,21802,A,N,D,C,A,A,H,-,A,A,0,,,,,Y,,D,22,0,0,1,0,0,0,0,0,0,"- ","- ",,,"SAN LUIS OBISPO","ARROYO GRANDE",-120.59161997,35.110740020000001
6966762,2015,2016-11-03,9740,2015-05-18,1120,013246,,1,1,9,4000,0,1,3,,2,008,"RT 46","BRANCH RD",0.00,,Y,A,-,Y,SLO,5,46,-,-,30.040,I,5,E,Y,3,0,1,2,A,-,09,21801,A,N,D,C,A,A,H,-,A,D,0,,,Y,,Y,,D,22,0,1,0,0,0,0,0,0,1,"- ","- ",35.659399999999998,-120.5788,"SAN LUIS OBISPO",UNINCORPORATED,-120.67985552,35.644256220000003
6972909,2015,2015-07-22,4006,2015-06-02,1630,77895,,2,5,4,4006,0,0,0,,0,,"HIGH ST","BUCHON ST",0.00,,Y,A,-,N,,,,,,,,,,Y,2,0,2,2,A,-,09,21801,A,N,B,C,A,A,H,-,A,A,0,,,,,Y,,-,,1,1,0,0,0,0,0,0,0,"- ","- ",,,"SAN LUIS OBISPO","SAN LUIS OBISPO",-120.66769995,35.272220079999997
6973316,2015,2015-10-23,4001,2015-05-21,0742,P0106,461,4,5,3,4001,0,0,0,,0,OPERAT,"E BRANCH ST","GARDEN ST",85.00,W,N,A,-,N,,,,,,,,,,Y,3,0,2,2,A,-,03,22350,,N,C,C,A,A,H,-,-,D,0,,,,,Y,,A,01,0,1,1,0,0,0,0,0,0,"- ","- ",35.123249999999999,-120.57049000000001,"SAN LUIS OBISPO","ARROYO GRANDE",-120.57243808,35.125401869999997
6974232,2015,2017-01-04,9745,2015-06-16,1703,17017,,2,2,9,4000,0,3,5,,2,005,"WILLOW RD","RT 101",0.00,,Y,A,-,Y,SLO,5,101,-,-,6.586,R,4,N,Y,3,0,1,2,A,-,09,21801,A,N,D,C,A,A,H,-,A,D,1,,,,,Y,,A,07,0,1,0,0,0,0,0,0,0,"- ","- ",35.055489999999999,-120.50093,"SAN LUIS OBISPO",UNINCORPORATED,-120.50272200000001,35.057202420000003
6974475,2015,2015-07-08,4006,2015-06-05,1334,14848,,5,5,4,4006,0,0,0,,0,,"S HIGUERA","LOS OSOS VALLEY RD",380.00,S,N,A,-,N,,,,,,,,,,Y,4,0,1,3,A,-,03,22350,,N,C,C,A,A,H,-,A,A,0,,,,,Y,,A,01,0,0,1,0,0,0,0,0,0,"- ","- ",,,"SAN LUIS OBISPO","SAN LUIS OBISPO",-120.67728827000001,35.241084450000002
6976618,2015,2016-11-03,9740,2015-06-14,1430,13133,,7,2,9,4000,0,1,3,,2,007,"RT 41","AMBER HILLS WY",13.00,S,N,A,-,Y,SLO,5,41,-,-,33.030,H,-,S,N,3,0,2,1,A,-,08,22107,,N,F,A,A,A,H,-,A,D,0,,,Y,,Y,,C,02,0,2,0,0,0,0,0,0,2,"- ","- ",,,"SAN LUIS OBISPO",UNINCORPORATED,-120.46687574000001,35.57552725
6981196,2015,2017-01-04,9745,2015-06-25,0600,13937,,4,1,4,4006,0,1,2,,2,202,"RT 101","MADONNA RD",528.00,S,N,B,-,Y,SLO,5,101,-,-,27.400,H,-,S,Y,4,0,2,2,A,-,03,22350,,N,C,C,A,A,H,-,A,D,1,,,,,Y,,A,01,0,0,2,0,0,0,0,0,0,"- ","- ",35.2654,-120.67375,"SAN LUIS OBISPO","SAN LUIS OBISPO",-120.67378853,35.264549930000001
6983531,2015,2016-11-03,9740,2015-06-26,2117,17791,,5,2,9,4000,0,1,3,,2,011,"RT 46","GREEN VALLEY RD",1050.00,E,N,A,-,Y,SLO,5,46,-,R,2.570,H,-,E,Y,2,0,1,1,A,-,03,22350,,N,H,H,A,A,H,-,D,D,0,,,,,Y,,A,01,1,0,0,0,0,0,0,0,0,"- ","- ",35.540140000000001,-121.00323,"SAN LUIS OBISPO",UNINCORPORATED,-121.00739305,35.540783070000003
6984818,2015,2015-07-14,4003,2015-04-20,1610,S6616,3,1,5,2,4003,0,0,0,,0,001,"DUNES ST","SHASTA AV",116.00,E,N,A,-,N,,,,,,,,,,Y,3,0,1,1,D,-,00,,,N,A,I,A,A,H,-,A,D,0,,,,,Y,Y,-,"- ",0,1,0,0,0,0,0,0,0,"- ","- ",,,"SAN LUIS OBISPO","MORRO BAY",-120.84615409,35.367887690000003
6987958,2015,2016-11-03,4004,2015-06-19,0958,1260,03,5,5,3,4004,0,0,0,,0,"3 4","RT 46 E","GOLDEN HILL",310.00,E,N,A,-,Y,SLO,5,46,-,-,31.370,H,-,W,Y,4,0,2,3,A,-,03,22350,,N,C,C,A,A,H,-,A,D,0,,,,,Y,,A,01,0,0,2,0,0,0,0,0,0,"- ","- ",,,"SAN LUIS OBISPO","PASO ROBLES",-120.65702659,35.644625789999999
6989645,2015,2015-07-18,4006,2015-06-23,1217,16380,,2,5,4,4006,0,0,0,,0,,"HIGUERA S",SUBURBAN,13.00,N,N,A,-,N,,,,,,,,,,Y,4,0,1,2,A,-,03,22350,,N,C,C,A,A,H,-,A,A,0,,,,,Y,,A,01,0,0,1,0,0,0,0,0,0,"- ","- ",,,"SAN LUIS OBISPO","SAN LUIS OBISPO",-120.67538082,35.244062059999997
6990001,2015,2017-01-13,9745,2015-07-11,1735,016514,,6,2,2,4005,0,1,2,,2,404,"RT 101","PRICE ST",3168.00,N,N,A,-,Y,SLO,5,101,-,-,18.240,H,-,S,Y,3,0,1,3,A,-,03,22350,,N,C,C,A,A,H,-,A,D,1,,,,,Y,,D,22,0,1,0,0,0,0,0,0,0,"- ","- ",35.153919999999999,-120.66224,"SAN LUIS OBISPO","PISMO BEACH",-120.66227872,35.154016009999999
6993748,2015,2015-11-12,4001,2015-06-04,1054,P0106,461,4,5,3,4001,0,0,0,,0,OPERAT,"FAIR OAKS AV","VALLEY RD",562.00,W,N,B,-,N,,,,,,,,,,Y,3,0,1,3,A,-,03,22350,,N,C,C,A,A,H,-,A,D,0,,,,,Y,,A,07,0,1,0,0,0,0,0,0,0,"- ","- ",,,"SAN LUIS OBISPO","ARROYO GRANDE",-120.58376024,35.115135789999997
6994200,2015,2015-07-30,9745,2015-07-16,1825,014996,,4,2,9,4000,0,3,5,,2,005,"MARY AV","TEFFT ST",357.00,N,N,A,-,N,,,,,,,,,,Y,4,0,2,2,A,-,09,21804,A,N,D,C,A,A,H,-,A,A,0,,,,,Y,,A,01,0,0,2,0,0,0,0,0,0,"- ","- ",,,"SAN LUIS OBISPO",UNINCORPORATED,-120.4873206,35.036539310000002
6994216,2015,2015-07-30,9740,2015-07-16,1820,15854,,4,2,9,4000,0,3,5,,2,024,"BURTON DR","RODEO GROUNDS RD",18.00,N,N,A,-,N,,,,,,,,,,Y,3,0,1,1,A,-,01,23152,A,N,E,I,A,A,H,-,A,D,0,,,,,Y,Y,A,01,0,1,0,0,0,0,0,0,0,"- ","- ",,,"SAN LUIS OBISPO",UNINCORPORATED,-121.08187088,35.56168641
7001121,2015,2017-01-14,9740,2015-07-04,2205,017791,,6,3,9,4000,0,1,3,,1,015,"RT 1","PIEDRAS BLANCAS",3168.00,S,N,A,-,Y,SLO,5,1,-,-,63.170,H,-,N,Y,3,0,1,1,A,-,01,23152,A,N,E,J,A,A,H,-,D,D,0,,,,,Y,Y,A,01,0,1,0,0,0,0,0,0,0,"- ","- ",35.666730000000001,-121.26759,"SAN LUIS OBISPO",UNINCORPORATED,-121.26884690999999,35.666953020000001
7003273,2015,2015-07-30,4006,2015-07-14,0853,16380,,2,5,4,4006,0,0,0,,0,,FOOTHILL,"SANTA ROSA",348.00,W,N,A,-,N,,,,,,,,,,Y,4,0,2,2,A,-,09,21801,A,N,D,C,A,A,H,-,A,D,0,,,,,Y,,A,07,0,0,2,0,0,0,0,0,0,"- ","- ",,,"SAN LUIS OBISPO","SAN LUIS OBISPO",-120.6692259,35.294078050000003
7006011,2015,2015-07-27,9745,2015-06-13,2120,20144,,6,2,9,4000,0,1,2,,2,505,"RT 101","TEFFT ST",7445.00,S,N,A,-,Y,SLO,5,101,-,-,3.150,H,-,S,N,1,1,0,2,A,-,11,21954,A,F,G,B,E,A,H,-,D,D,1,Y,,,,Y,,N,60,0,0,0,1,0,0,0,0,0,"- ","- ",35.021450000000002,-120.46821,"SAN LUIS OBISPO",UNINCORPORATED,-120.46446192000001,35.018083179999998