CASE_ID,ACCIDENT_YEAR,PROC_DATE,JURIS,COLLISION_DATE,COLLISION_TIME,OFFICER_ID,REPORTING_DISTRICT,DAY_OF_WEEK,CHP_SHIFT,POPULATION,CNTY_CITY_LOC,SPECIAL_COND,BEAT_TYPE,CHP_BEAT_TYPE,CITY_DIVISION_LAPD,CHP_BEAT_CLASS,BEAT_NUMBER,PRIMARY_RD,SECONDARY_RD,DISTANCE,DIRECTION,INTERSECTION,WEATHER_1,WEATHER_2,STATE_HWY_IND,CALTRANS_COUNTY,CALTRANS_DISTRICT,STATE_ROUTE,ROUTE_SUFFIX,POSTMILE_PREFIX,POSTMILE,LOCATION_TYPE,RAMP_INTERSECTION,SIDE_OF_HWY,TOW_AWAY,COLLISION_SEVERITY,NUMBER_KILLED,NUMBER_INJURED,PARTY_COUNT,PRIMARY_COLL_FACTOR,PCF_CODE_OF_VIOL,PCF_VIOL_CATEGORY,PCF_VIOLATION,PCF_VIOL_SUBSECTION,HIT_AND_RUN,TYPE_OF_COLLISION,MVIW,PED_ACTION,ROAD_SURFACE,ROAD_COND_1,ROAD_COND_2,LIGHTING,CONTROL_DEVICE,CHP_ROAD_TYPE,PEDESTRIAN_ACCIDENT,BICYCLE_ACCIDENT,MOTORCYCLE_ACCIDENT,TRUCK_ACCIDENT,NOT_PRIVATE_PROPERTY,ALCOHOL_INVOLVED,STWD_VEHTYPE_AT_FAULT,CHP_VEHTYPE_AT_FAULT,COUNT_SEVERE_INJ,COUNT_VISIBLE_INJ,COUNT_COMPLAINT_PAIN,COUNT_PED_KILLED,COUNT_PED_INJURED,COUNT_BICYCLIST_KILLED,COUNT_BICYCLIST_INJURED,COUNT_MC_KILLED,COUNT_MC_INJURED,PRIMARY_RAMP,SECONDARY_RAMP,LATITUDE,LONGITUDE,COUNTY,CITY,POINT_X,POINT_Y
7007257,2015,2017-01-13,9745,2015-07-20,0715,017238,,1,1,9,4000,0,1,2,,1,101,"RT 101","STAGE COACH RD",2112.00,N,N,A,-,Y,SLO,5,101,-,-,35.420,H,-,S,N,4,0,1,4,A,-,03,22350,,N,C,C,A,A,H,-,A,D,5,,,,,Y,,A,01,0,0,1,0,0,0,0,0,0,"- ","- ",35.329689999999999,-120.62147,"SAN LUIS OBISPO",UNINCORPORATED,-120.63408344,35.35188806
7016676,2015,2015-08-18,4004,2015-07-14,1728,1186,04,2,5,3,4004,0,0,0,,0,047,"STONEY CREEK",CRESTON,400.00,W,N,A,-,N,,,,,,,,,,N,3,0,1,2,A,-,09,21801,A,N,D,C,A,A,H,-,A,D,0,,,,,Y,,A,01,0,1,0,0,0,0,0,0,0,"- ","- ",,,"SAN LUIS OBISPO","PASO ROBLES",-120.66034524,35.605253130000001
7016986,2015,2017-01-12,9740,2015-07-24,1528,15854,,5,2,9,4000,0,1,3,,2,007,"RT 41","RT 229",0.00,,Y,A,-,Y,SLO,5,41,-,-,27.975,I,5,N,Y,3,0,2,2,A,-,09,21801,A,N,D,C,A,A,H,-,A,A,0,,,,,Y,,A,01,0,1,1,0,0,0,0,0,0,"- ","- ",35.534529999999997,-120.5262,"SAN LUIS OBISPO",UNINCORPORATED,-120.52728697000001,35.534344249999997
7017814,2015,2015-08-18,9745,2015-07-27,1245,020689,,1,1,9,4000,0,3,5,,2,005,"LIVE OAK RIDGE RD","HETRICK AV",1056.00,W,N,A,-,N,,,,,,,,,,N,3,0,1,1,C,-,18,,,N,F,A,A,A,H,-,A,D,0,,Y,,,Y,,-,"- ",0,1,0,0,0,0,1,0,0,"- ","- ",35.044530000000002,-120.51551000000001,"SAN LUIS OBISPO",UNINCORPORATED,-120.51574397,35.044589119999998
7025752,2015,2017-01-14,4002,2015-07-10,1328,555,213,5,5,3,4002,0,0,0,,0,002,"RT 1","W GRAND AV",250.00,N,N,A,-,Y,SLO,5,1,-,-,14.150,H,-,S,N,4,0,1,2,B,-,22,,,N,B,G,A,A,H,-,A,A,0,,Y,,,Y,,L,04,0,0,1,0,0,0,1,0,0,"- ","- ",,,"SAN LUIS OBISPO","GROVER BEACH",-120.63018182,35.122664069999999
7026574,2015,2017-01-13,9745,2015-08-08,1555,16514,,6,2,9,4000,0,1,2,,2,303,"RT 101","AVILA BEACH DR",528.00,S,N,A,-,Y,SLO,5,101,-,R,21.010,H,-,S,Y,3,0,1,2,A,-,03,22350,,N,C,C,A,A,H,-,A,D,1,,,,,Y,,A,01,0,1,0,0,0,0,0,0,0,"- ","- ",35.178379999999997,-120.69849000000001,"SAN LUIS OBISPO",UNINCORPORATED,-120.69849349,35.178375389999999
7032622,2015,2015-09-03,9745,2015-08-07,0330,013531,,5,3,9,4000,0,3,5,,2,004,"PASEO LADERA LN","ERHART RD",175.00,W,N,A,-,N,,,,,,,,,,Y,3,0,1,1,A,-,01,23152,A,N,E,I,A,A,H,-,D,D,0,,,,,Y,Y,A,01,0,1,0,0,0,0,0,0,0,"- ","- ",35.155630000000002,-120.60727,"SAN LUIS OBISPO",UNINCORPORATED,-120.60738401,35.155605489999999
7034819,2015,2017-01-13,9740,2015-08-14,2115,15854,,5,2,9,4000,0,1,3,,2,007,"RT 41","VIA VISTA WY",1056.00,S,N,A,-,Y,SLO,5,41,-,-,21.540,H,-,S,Y,3,0,1,1,A,-,01,23152,A,N,E,I,A,A,H,-,D,D,0,,,,,Y,Y,D,22,0,1,0,0,0,0,0,0,0,"- ","- ",35.508609999999997,-120.62309,"SAN LUIS OBISPO",UNINCORPORATED,-120.62319263000001,35.508763379999998
7039393,2015,2017-01-14,9745,2015-08-13,1850,017151,,4,2,9,4000,0,1,3,,2,023,"RT 1","COLONY DR",90.00,S,N,A,-,Y,SLO,5,1,-,-,19.780,H,-,N,Y,3,0,1,4,A,-,03,22350,,N,C,C,A,A,H,-,A,A,1,,,Y,,Y,,A,01,0,1,0,0,0,0,0,0,1,"- ","- ",35.319499999999998,-120.69683000000001,"SAN LUIS OBISPO",UNINCORPORATED,-120.69661404,35.319506859999997
7039980,2015,2015-09-02,9745,2015-07-29,0045,17061,,3,3,9,4000,0,3,5,,2,002,"W FOOTHILL BL","O CONNOR WY",2640.00,N,N,A,-,N,,,,,,,,,,N,3,0,1,1,A,-,08,22107,,N,F,A,A,A,H,-,D,D,0,,Y,,,Y,Y,L,04,0,1,0,0,0,0,1,0,0,"- ","- ",35.284640000000003,-120.70254,"SAN LUIS OBISPO",UNINCORPORATED,-120.70116108000001,35.28570388
7045218,2015,2017-01-13,9745,2015-08-20,1740,20228,,4,2,9,4000,0,1,2,,2,505,"RT 101","LAETITIA VINEYARD DR",82.00,S,N,A,-,Y,SLO,5,101,-,-,50.620,H,-,N,Y,4,0,1,2,A,-,07,21658,A,N,B,C,A,A,H,-,A,D,0,,,,,Y,,A,08,0,0,1,0,0,0,0,0,0,"- ","- ",35.089260000000003,-120.53704999999999,"SAN LUIS OBISPO",UNINCORPORATED,-120.71424555,35.543391329999999
7048115,2015,2015-09-19,4006,2015-08-21,1249,16380,,5,5,4,4006,0,0,0,,0,,"LOS OSOS VALLEY",DIABLO,0.00,,Y,A,-,N,,,,,,,,,,Y,3,0,1,2,A,-,09,21802,A,N,D,C,A,A,H,-,A,A,0,,,,,Y,,D,22,0,1,0,0,0,0,0,0,0,"- ","- ",,,"SAN LUIS OBISPO","SAN LUIS OBISPO",-120.70282994999999,35.267240049999998
7052155,2015,2017-01-13,4004,2015-08-09,1659,1186,03,7,5,3,4004,0,0,0,,0,3-3,"RT 46","GOLDEN HILL",1023.00,W,N,A,-,Y,SLO,5,46,-,-,31.120,H,-,E,Y,4,0,2,3,A,-,03,22350,,N,C,C,A,A,H,-,A,D,0,,,,,Y,,A,01,0,0,2,0,0,0,0,0,0,"- ","- ",,,"SAN LUIS OBISPO","PASO ROBLES",-120.66134695,35.644412879999997
7064975,2015,2015-09-21,4006,2015-09-08,1543,16380,,2,5,4,4006,0,0,0,,0,,TAFT,CALIFORNIA,0.00,,Y,A,-,N,,,,,,,,,,Y,4,0,2,2,A,-,09,21801,A,N,D,C,A,A,H,-,A,A,0,,,,,Y,,A,01,0,0,2,0,0,0,0,0,0,"- ","- ",,,"SAN LUIS OBISPO","SAN LUIS OBISPO",-120.66029998,35.29090008
7070408,2015,2015-09-21,4008,2015-08-26,1743,3152,,3,5,4,4008,0,0,0,,0,,"SOMBRILLA AV","ROBLES AV",231.00,S,N,A,-,N,,,,,,,,,,N,3,0,1,2,A,-,05,21650,,F,G,B,E,A,H,-,A,D,0,Y,,,,Y,,A,01,0,1,0,0,1,0,0,0,0,"- ","- ",,,"SAN LUIS OBISPO",ATASCADERO,-120.65864812,35.484877709999999
7071899,2015,2015-09-24,4004,2015-09-02,1758,0890,02,3,5,3,4004,0,0,0,,0,"2    7",THEATER,ALEXA,5280.00,S,N,A,-,N,,,,,,,,,,N,3,0,1,2,A,-,05,21650,1,N,D,G,A,A,H,-,A,A,0,,Y,,,Y,,L,04,0,1,0,0,0,0,1,0,0,"- ","- ",,,"SAN LUIS OBISPO","PASO ROBLES",-120.69875389000001,35.572805559999999
7074085,2015,2016-01-08,4001,2015-08-25,0925,P0106,46-3,2,5,3,4001,0,0,0,,0,OPERAT,"THE PIKE","S HALCYON RD",0.00,,Y,A,-,N,,,,,,,,,,N,4,0,1,2,A,-,03,22350,,F,C,C,A,A,H,-,A,A,0,,,,,Y,,-,,0,0,1,0,0,0,0,0,0,"- ","- ",,,"SAN LUIS OBISPO","ARROYO GRANDE",-120.59164994,35.106350069999998
7081085,2015,2015-10-17,4006,2015-09-02,2132,64920,,3,5,4,4006,0,0,0,,0,,"SANTA ROSA",MARSH,0.00,,Y,A,-,N,,,,,,,,,,Y,3,0,2,2,A,-,01,23152,A,F,D,D,A,A,H,-,C,A,0,,,,,Y,Y,A,01,0,1,1,0,0,0,0,0,0,"- ","- ",,,"SAN LUIS OBISPO","SAN LUIS OBISPO",-120.65868988,35.281240080000003
7097211,2015,2015-10-21,4006,2015-09-18,1553,69585,,5,5,4,4006,0,0,0,,0,,PRADO,"HIGUERA DR",399.00,W,N,A,-,N,,,,,,,,,,,3,0,1,2,A,-,03,22350,,N,C,C,A,A,H,-,A,A,0,,,,,Y,,A,01,0,1,0,0,0,0,0,0,0,"- ","- ",,,"SAN LUIS OBISPO","SAN LUIS OBISPO",-120.67022516,35.255093279999997
7103007,2015,2017-01-28,4006,2015-10-02,0925,88908,,5,5,4,4006,0,0,0,,0,,"SANTA ROSA",OLIVE,125.00,N,N,A,-,Y,SLO,5,1,-,-,16.920,I,6,N,N,3,0,1,2,A,-,08,22107,,N,B,G,A,A,H,-,A,D,0,,Y,,,Y,,A,01,0,1,0,0,0,0,1,0,0,"- ","- ",,,"SAN LUIS OBISPO","SAN LUIS OBISPO",-120.66497357999999,35.288348280000001
7110970,2015,2015-11-18,4006,2015-10-14,2040,64920,,3,5,4,4006,0,0,0,,0,,"LOS OSOS VALLEY","CALLE JOAQUIN",0.00,,Y,A,-,N,,,,,,,,,,N,4,0,1,2,A,-,09,21801,A,N,D,D,A,A,D,-,C,A,0,,,,,Y,,D,22,0,0,1,0,0,0,0,0,0,"- ","- ",,,"SAN LUIS OBISPO","SAN LUIS OBISPO",-120.68302994,35.24673009
7114573,2015,2015-11-10,4006,2015-10-20,1559,58620,,2,5,4,4006,0,0,0,,0,,"VILLAGE DR","FEED MILL RD",163.00,N,N,A,-,N,,,,,,,,,,N,4,0,1,2,A,-,11,21954,A,N,G,B,D,A,H,-,A,D,0,Y,Y,,,Y,,N,60,0,0,1,0,0,0,1,0,0,"- ","- ",,,"SAN LUIS OBISPO","SAN LUIS OBISPO",-120.66047877,35.305520860000001
7123016,2015,2015-11-24,4002,2015-10-25,2130,100,109,7,5,3,4002,0,0,0,,0,001,"4TH ST","ATLANTIC CITY AV",0.00,N,N,A,-,N,,,,,,,,,,Y,4,0,1,3,A,-,12,22450,A,N,D,C,A,A,H,-,C,A,0,,,,,Y,,A,01,0,0,1,0,0,0,0,0,0,"- ","- ",,,"SAN LUIS OBISPO","GROVER BEACH",-120.62599998,35.127660089999999
7124777,2015,2017-01-28,4001,2015-10-28,0721,P0106,"46 2",3,5,3,4001,0,0,0,,0,OPS,"N OAK PARK BL","WEST BRANCH ST",0.00,,Y,B,-,Y,SLO,5,101,-,-,14.304,R,4,S,Y,3,0,1,3,A,-,09,21801,A,N,D,C,A,A,H,-,A,A,0,,,,,Y,,A,01,0,1,0,0,0,0,0,0,0,"- ","- ",,,"SAN LUIS OBISPO","ARROYO GRANDE",-120.60175947,35.128368330000001
7132640,2015,2015-12-18,4006,2015-11-10,1331,69585,,2,5,4,4006,0,0,0,,0,,GRAND,MCCOLLUM,167.00,N,N,A,B,N,,,,,,,,,,,3,0,1,2,A,-,08,22107,,N,D,G,A,A,H,-,A,A,0,,Y,,,Y,,H,14,0,1,0,0,0,0,1,0,0,"- ","- ",,,"SAN LUIS OBISPO","SAN LUIS OBISPO",-120.65327135,35.294628670000002
7132784,2015,2015-12-24,4006,2015-11-02,1840,33665,,1,5,4,4006,0,0,0,,0,,"FROOM RANCH",LOVR,0.00,,Y,A,C,N,,,,,,,,,,N,4,0,1,3,A,-,03,22350,,N,C,C,A,B,H,-,C,A,0,,,,,Y,,A,01,0,0,1,0,0,0,0,0,0,"- ","- ",,,"SAN LUIS OBISPO","SAN LUIS OBISPO",-120.68762719999999,35.252522939999999
7133949,2015,2015-12-15,4008,2015-10-31,1341,4055,,6,5,4,4008,0,0,0,,0,,"EL CAMINO REAL","SAN JACINTO AV",372.00,S,N,A,-,N,,,,,,,,,,Y,4,0,1,3,C,-,18,,,N,B,I,A,A,H,-,A,D,0,,,,,Y,,-,"- ",0,0,1,0,0,0,0,0,0,"- ","- ",,,"SAN LUIS OBISPO",ATASCADERO,-120.67889867,35.494607109999997
7140336,2015,2015-12-31,4006,2015-11-18,1246,14848,,3,5,4,4006,0,0,0,,0,,"S HIGUERA",PRADO,50.00,N,N,A,-,N,,,,,,,,,,Y,4,0,1,2,D,-,00,,,N,B,C,A,A,H,-,A,A,0,,,,,Y,,-,"- ",0,0,1,0,0,0,0,0,0,"- ","- ",,,"SAN LUIS OBISPO","SAN LUIS OBISPO",-120.66896724,35.254750350000002
7140609,2015,2015-12-31,4006,2015-11-16,2033,55150,,1,5,4,4006,0,0,0,,0,,LOVR,"PREFUMO CANYON",0.00,,Y,A,-,N,,,,,,,,,,Y,3,0,1,2,A,-,09,21804,A,N,D,C,A,A,H,-,C,D,0,,,,,Y,,A,07,0,1,0,0,0,0,0,0,0,"- ","- ",,,"SAN LUIS OBISPO","SAN LUIS OBISPO",-120.69841862,35.263515130000002
7141648,2015,2016-01-05,4008,2015-12-06,1900,3125,,7,5,4,4008,0,0,0,,0,,"TRAFFIC WY","ORILLAS WY",643.00,N,N,A,-,N,,,,,,,,,,Y,3,0,1,1,A,-,03,22350,,N,-,I,A,A,H,-,D,D,0,,,,,Y,,D,22,0,1,0,0,0,0,0,0,0,"- ","- ",,,"SAN LUIS OBISPO",ATASCADERO,-120.67463716,35.512295199999997
7144059,2015,2016-01-05,4004,2015-12-17,1449,1277,01,4,5,3,4004,0,0,0,,0,1-7,PARK,"16TH ST",0.00,,Y,A,-,N,,,,,,,,,,N,4,0,1,2,A,-,12,22450,A,N,D,C,A,A,H,-,A,A,0,,,,,Y,,A,01,0,0,1,0,0,0,0,0,0,"- ","- ",,,"SAN LUIS OBISPO","PASO ROBLES",-120.69046987999999,35.6309301
7144986,2015,2017-02-03,4004,2015-11-18,0656,1208,03,3,5,3,4004,0,0,0,,0,"3    9","RT 46 E",UNION,0.00,,Y,A,-,Y,SLO,5,46,-,-,31.800,I,5,W,Y,4,0,1,2,A,-,09,21801,A,N,D,C,A,A,H,-,A,D,0,,,,,Y,,A,01,0,0,1,0,0,0,0,0,0,"- ","- ",,,"SAN LUIS OBISPO","PASO ROBLES",-120.64940872,35.644620879999998
7160159,2015,2016-01-21,4006,2015-12-03,1748,69585,,4,5,4,4006,0,0,0,,0,,BROAD,HIGH,0.00,,Y,B,C,N,,,,,,,,,,Y,4,0,1,2,A,-,09,21801,A,N,D,C,A,B,H,-,C,A,0,,,,,Y,,A,01,0,0,1,0,0,0,0,0,0,"- ","- ",,,"SAN LUIS OBISPO","SAN LUIS OBISPO",-120.65852995,35.27222003
7160299,2015,2016-01-20,4006,2015-12-02,1032,69585,,3,5,4,4006,0,0,0,,0,,"TANK FARM",HIGUERA,53.00,E,N,A,-,N,,,,,,,,,,Y,3,0,1,1,A,-,08,22107,,N,E,I,A,A,H,-,A,A,0,,,Y,,Y,,C,02,0,1,0,0,0,0,0,0,1,"- ","- ",,,"SAN LUIS OBISPO","SAN LUIS OBISPO",-120.67353253,35.246800690000001
7160303,2015,2016-01-20,4006,2015-12-23,1417,16380,,3,5,4,4006,0,0,0,,0,,HIGUERA,MARSH,141.00,E,N,A,-,N,,,,,,,,,,N,4,0,1,2,A,-,11,21956,,N,G,B,E,A,H,-,A,D,0,Y,,,,Y,,N,60,0,0,1,0,1,0,0,0,0,"- ","- ",,,"SAN LUIS OBISPO","SAN LUIS OBISPO",-120.66934000000001,35.27478
7160315,2015,2016-01-20,4006,2015-12-23,1541,16380,,3,5,4,4006,0,0,0,,0,,HIGUERA,BRIDGE,0.00,,Y,A,-,N,,,,,,,,,,Y,4,0,1,2,A,-,09,21801,A,N,D,C,A,A,H,-,A,D,0,,,,,Y,,A,01,0,0,1,0,0,0,0,0,0,"- ","- ",,,"SAN LUIS OBISPO","SAN LUIS OBISPO",-120.67042987000001,35.26722007
7167425,2016,2016-02-03,4006,2016-01-11,0948,55150,,1,5,4,4006,0,0,0,,0,,GARDEN,HIGUERA,20.00,S,N,A,-,N,,,,,,,,,,N,4,0,1,2,A,-,21,22106,,F,C,C,A,A,H,-,A,D,0,,,,,Y,,A,07,0,0,1,0,0,0,0,0,0,"- ","- ",,,"SAN LUIS OBISPO","SAN LUIS OBISPO",-120.6635489,35.279416619999999
7170697,2015,2016-01-29,4004,2015-12-24,0144,1062,03,4,5,3,4004,0,0,0,,0,"3 5",JARDINE,TOWER,23.00,S,N,A,-,N,,,,,,,,,,N,4,0,2,2,A,-,06,21750,A,N,C,C,A,A,H,-,D,D,0,,,,,Y,,A,01,0,0,2,0,0,0,0,0,0,"- ","- ",,,"SAN LUIS OBISPO","PASO ROBLES",-120.60554999999999,35.688696829999998
7172006,2015,2017-01-28,4001,2015-12-10,1426,P0106,462,4,5,3,4001,0,0,0,,0,OPERAT,"WEST BRANCH ST","NORTH OAK PARK BL",0.00,,Y,B,-,Y,SLO,5,101,-,-,14.304,R,4,N,Y,3,0,2,3,A,-,12,21453,A,N,C,C,A,B,H,-,A,A,0,,,,,Y,,A,01,0,1,1,0,0,0,0,0,0,"- ","- ",,,"SAN LUIS OBISPO","ARROYO GRANDE",-120.60168035,35.128562240000001
7172053,2015,2017-02-03,4001,2015-12-11,0655,P0106,462,5,5,3,4001,0,0,0,,0,OPERAT,"EAST GRAND AV","RT 101",0.00,,Y,C,-,Y,SLO,5,101,-,-,13.320,R,4,S,Y,3,0,2,2,A,-,12,21453,A,N,D,C,A,B,H,-,A,A,0,,,,,Y,,A,01,0,1,1,0,0,0,0,0,0,"- ",SF,,,"SAN LUIS OBISPO","ARROYO GRANDE",-120.58633561000001,35.12205179
7177053,2016,2016-02-12,4002,2016-01-05,2012,478,209,2,5,3,4002,0,0,0,,0,002,"S 13TH ST",HIGHLAND,182.00,N,N,B,-,N,,,,,,,,,,N,4,0,1,2,A,-,03,22350,,N,C,E,A,B,A,-,D,D,0,,Y,,,Y,,L,04,0,0,1,0,0,0,1,0,0,"- ","- ",,,"SAN LUIS OBISPO","GROVER BEACH",-120.61639292,35.109429919999997
7183488,2016,2016-03-08,4001,2016-01-11,1249,P0106,"46 3",1,5,3,4001,0,0,0,,0,OPERAT,"EAST GRAND AV","N ALPINE ST",0.00,,Y,A,-,N,,,,,,,,,,N,3,0,1,2,A,-,08,22107,,N,D,C,A,A,H,-,A,D,0,,,Y,,Y,,A,01,0,1,0,0,0,0,0,0,0,"- ","- ",,,"SAN LUIS OBISPO","ARROYO GRANDE",-120.58932986000001,35.119470069999998
7183602,2016,2016-02-18,4006,2016-01-13,0845,16380,,3,5,4,4006,0,0,0,,0,,SOUTH,EXPOSITION,0.00,,Y,C,-,N,,,,,,,,,,N,4,0,1,2,A,-,05,21650,1,N,D,G,A,B,H,-,A,D,0,,Y,,,Y,,L,04,0,0,1,0,0,0,1,0,0,"- ","- ",,,"SAN LUIS OBISPO","SAN LUIS OBISPO",-120.6646605,35.269533000000003
7183614,2016,2016-02-18,4006,2016-01-12,1352,16380,,2,5,4,4006,0,0,0,,0,,FOOTHILL,CARPENTER,0.00,,Y,A,-,N,,,,,,,,,,N,4,0,1,2,A,-,10,21950,A,F,G,B,B,A,H,-,C,D,0,Y,,,,Y,,-,,0,0,1,0,1,0,0,0,0,"- ","- ",,,"SAN LUIS OBISPO","SAN LUIS OBISPO",-120.66251999000001,35.295690100000002
7186164,2016,2016-03-02,4006,2016-01-27,1117,16380,,3,5,4,4006,0,0,0,,0,,"EL MERCADO",MADONNA,64.00,,N,A,-,N,,,,,,,,,,N,4,0,1,2,A,-,07,21658,A,N,B,G,A,A,H,-,A,D,0,,Y,,,Y,Y,L,04,0,0,1,0,0,0,1,0,0,"- ","- ",,,"SAN LUIS OBISPO","SAN LUIS OBISPO",-120.67851997,35.262550019999999
7186239,2016,2016-03-02,4006,2016-01-31,1100,80908,,7,5,4,4006,0,0,0,,0,,BROAD,HIGUERA,0.00,,Y,C,-,N,,,,,,,,,,N,4,0,1,2,A,-,10,21950,A,N,A,B,B,B,H,-,A,A,0,Y,,,,Y,Y,A,01,0,0,1,0,1,0,0,0,0,"- ","- ",,,"SAN LUIS OBISPO","SAN LUIS OBISPO",-120.66449989,35.27891004
7190132,2016,2018-09-25,4002,2016-02-15,2059,368,105,1,5,3,4002,0,0,0,,0,001,"N 4TH ST","BRIGHTON AV",4.00,S,N,A,-,N,,,,,,,,,,Y,1,1,0,2,A,-,10,21950,A,N,G,B,B,A,H,-,C,A,0,Y,,,,Y,Y,A,01,0,0,0,1,0,0,0,0,0,"- ","- ",,,"SAN LUIS OBISPO","GROVER BEACH",-120.62624080000001,35.124239029999998
7203857,2016,2016-03-11,4006,2016-02-04,1808,16380,,4,5,4,4006,0,0,0,,0,,BROAD,BRANCH,95.00,N,N,A,-,N,,,,,,,,,,N,3,0,1,2,A,-,11,21955,,N,G,B,D,A,H,-,C,D,0,Y,,,,Y,,N,60,0,1,0,0,1,0,0,0,0,"- ","- ",,,"SAN LUIS OBISPO","SAN LUIS OBISPO",-120.65717187,35.270489609999998
7203861,2016,2016-03-11,4006,2016-02-04,0740,16380,,4,5,4,4006,0,0,0,,0,,FOOTHILL,"LOS CERROS",48.00,E,N,A,-,N,,,,,,,,,,Y,4,0,1,2,A,-,03,22350,,N,C,C,A,A,H,-,A,D,0,,,Y,,Y,,C,02,0,0,1,0,0,0,0,0,1,"- ","- ",,,"SAN LUIS OBISPO","SAN LUIS OBISPO",-120.68612102,35.294089659999997
7207895,2016,2016-03-23,4008,2016-03-02,1324,3152,,3,5,4,4008,0,0,0,,0,,"MARCHANT AV","ATASCADERO AV",0.00,,Y,A,-,N,,,,,,,,,,N,4,0,1,2,A,-,09,21802,A,N,D,G,A,A,H,-,A,D,0,,Y,,,Y,,D,22,0,0,1,0,0,0,1,0,0,"- ","- ",35.47186,-120.66383999999999,"SAN LUIS OBISPO",ATASCADERO,-120.66376999000001,35.471950069999998
7207903,2016,2016-03-23,4008,2016-02-05,1602,4055,,5,5,4,4008,0,0,0,,0,,"SAN FERNANDO RD","CORRIENTE RD",0.00,,Y,A,-,N,,,,,,,,,,N,4,0,1,2,A,-,00,21760,,N,D,G,A,A,H,-,A,D,0,,Y,,,Y,,D,22,0,0,1,0,0,0,1,0,0,"- ","- ",35.500749999999996,-120.71308000000001,"SAN LUIS OBISPO",ATASCADERO,-120.7128999,35.500740039999997
7209692,2016,2016-03-23,4006,2016-02-14,1823,69585,,7,5,4,4006,0,0,0,,0,,BROAD,ISLAY,0.00,,Y,A,-,N,,,,,,,,,,N,4,0,1,2,A,-,09,21802,A,N,D,G,A,A,H,-,C,A,0,,Y,,,Y,,D,22,0,0,1,0,0,0,1,0,0,"- ","- ",,,"SAN LUIS OBISPO","SAN LUIS OBISPO",-120.66108988000001,35.275090059999997
7209777,2016,2016-03-23,4006,2016-02-09,1448,16380,,2,5,4,4006,0,0,0,,0,,CUESTA,HIGHLAND,0.00,,Y,A,-,N,,,,,,,,,,N,4,0,1,2,A,-,09,21802,B,N,A,G,A,A,H,-,A,D,0,,Y,,,Y,,A,01,0,0,1,0,0,0,1,0,0,"- ","- ",,,"SAN LUIS OBISPO","SAN LUIS OBISPO",-120.67759997,35.298280040000002
7209879,2016,2016-03-22,4006,2016-03-01,1712,55155,,2,5,4,4006,0,0,0,,0,,NIPOMO,PALM,0.00,,Y,A,-,N,,,,,,,,,,N,4,0,1,2,A,-,08,22107,,N,C,C,A,A,H,-,A,A,0,,,,,Y,,A,01,0,0,1,0,0,0,0,0,0,"- ","- ",,,"SAN LUIS OBISPO","SAN LUIS OBISPO",-120.66715988999999,35.279720019999999
7209913,2016,2016-03-23,4006,2016-02-27,1920,48750,,6,5,4,4006,0,0,0,,0,,TORO,MARSH,0.00,,Y,A,-,N,,,,,,,,,,N,4,0,1,2,A,-,12,22450,A,F,G,B,B,A,H,-,C,D,0,Y,,,,Y,,-,,0,0,1,0,1,0,0,0,0,"- ","- ",,,"SAN LUIS OBISPO","SAN LUIS OBISPO",-120.6572099,35.282170020000002
7209917,2016,2016-03-23,4006,2016-02-23,1704,98585,,2,5,4,4006,0,0,0,,0,,"ORCUTT CANYON RD",MCMILLAN,0.00,,Y,A,-,N,,,,,,,,,,Y,4,0,2,2,A,-,09,21801,A,N,D,C,A,A,H,-,A,A,0,,,,,Y,,A,01,0,0,2,0,0,0,0,0,0,"- ","- ",,,"SAN LUIS OBISPO","SAN LUIS OBISPO",-120.648141,35.261333999999998
8011664,2016,2016-04-11,4006,2016-03-23,1513,69585,,3,5,4,4006,0,0,0,,0,,"SANTA ROSA AV",MONTEREY,0.00,,Y,A,-,N,,,,,,,,,,N,4,0,1,2,A,-,10,21950,A,N,-,B,B,A,H,-,A,A,0,Y,,,,Y,,A,01,0,0,1,0,1,0,0,0,0,"- ","- ",,,"SAN LUIS OBISPO","SAN LUIS OBISPO",-120.65995992000001,35.282600080000002
8022247,2016,2016-04-19,4001,2016-03-17,1220,P0106,46-2,4,5,3,4001,0,0,0,,0,OPERAT,"WEST BRANCH ST","TOWN CENTER DR",60.00,W,N,A,-,N,,,,,,,,,,N,4,0,1,2,A,-,03,22350,,N,C,C,A,A,H,-,A,A,0,,,,,Y,,A,08,0,0,1,0,0,0,0,0,0,"- ","- ",,,"SAN LUIS OBISPO","ARROYO GRANDE",-120.59669226,35.126330629999998
8039679,2016,2016-05-17,4006,2016-04-26,1231,69585,,2,5,4,4006,0,0,0,,0,,FOOTHILL,TASSAJARA,111.00,W,N,A,-,N,,,,,,,,,,Y,3,0,1,2,A,-,05,21650,,N,E,E,A,A,H,-,A,A,0,,,,,Y,,D,22,0,1,0,0,0,0,0,0,0,"- ","- ",,,"SAN LUIS OBISPO","SAN LUIS OBISPO",-120.67843189,35.294141609999997
8040375,2016,2016-05-16,4006,2016-04-28,1205,69585,,4,5,4,4006,0,0,0,,0,,MEADOW,WOODBRIDGE,0.00,,Y,A,-,N,,,,,,,,,,Y,4,0,1,2,A,-,08,22107,,N,D,C,A,A,H,-,A,A,0,,,,,Y,,A,07,0,0,1,0,0,0,0,0,0,"- ","- ",,,"SAN LUIS OBISPO","SAN LUIS OBISPO",-120.65817989999999,35.26731006
8044012,2016,2017-02-14,4008,2016-05-14,1237,4080,,6,5,4,4008,0,0,0,,0,,"MORRO RD",LARGA,21.00,W,N,A,-,Y,SLO,5,41,-,-,14.630,H,-,S,Y,3,0,1,1,A,-,05,21650,,N,-,J,A,A,H,-,A,D,0,,,,,Y,,A,01,0,1,0,0,0,0,0,0,0,"- ","- ",,,"SAN LUIS OBISPO",ATASCADERO,-120.67068870999999,35.467347859999997
8046104,2016,2016-05-24,4002,2016-04-26,1505,687,101,2,5,3,4002,0,0,0,,0,001,"W GRAND AV","OAK PARK BL",0.00,,Y,A,-,N,,,,,,,,,,N,4,0,1,2,A,-,04,21703,,N,C,C,A,A,H,-,A,A,0,,,,,Y,,D,22,0,0,1,0,0,0,0,0,0,"- ","- ",,,"SAN LUIS OBISPO","GROVER BEACH",-120.60917994,35.12096004