CASE_ID,ACCIDENT_YEAR,PROC_DATE,JURIS,COLLISION_DATE,COLLISION_TIME,OFFICER_ID,REPORTING_DISTRICT,DAY_OF_WEEK,CHP_SHIFT,POPULATION,CNTY_CITY_LOC,SPECIAL_COND,BEAT_TYPE,CHP_BEAT_TYPE,CITY_DIVISION_LAPD,CHP_BEAT_CLASS,BEAT_NUMBER,PRIMARY_RD,SECONDARY_RD,DISTANCE,DIRECTION,INTERSECTION,WEATHER_1,WEATHER_2,STATE_HWY_IND,CALTRANS_COUNTY,CALTRANS_DISTRICT,STATE_ROUTE,ROUTE_SUFFIX,POSTMILE_PREFIX,POSTMILE,LOCATION_TYPE,RAMP_INTERSECTION,SIDE_OF_HWY,TOW_AWAY,COLLISION_SEVERITY,NUMBER_KILLED,NUMBER_INJURED,PARTY_COUNT,PRIMARY_COLL_FACTOR,PCF_CODE_OF_VIOL,PCF_VIOL_CATEGORY,PCF_VIOLATION,PCF_VIOL_SUBSECTION,HIT_AND_RUN,TYPE_OF_COLLISION,MVIW,PED_ACTION,ROAD_SURFACE,ROAD_COND_1,ROAD_COND_2,LIGHTING,CONTROL_DEVICE,CHP_ROAD_TYPE,PEDESTRIAN_ACCIDENT,BICYCLE_ACCIDENT,MOTORCYCLE_ACCIDENT,TRUCK_ACCIDENT,NOT_PRIVATE_PROPERTY,ALCOHOL_INVOLVED,STWD_VEHTYPE_AT_FAULT,CHP_VEHTYPE_AT_FAULT,COUNT_SEVERE_INJ,COUNT_VISIBLE_INJ,COUNT_COMPLAINT_PAIN,COUNT_PED_KILLED,COUNT_PED_INJURED,COUNT_BICYCLIST_KILLED,COUNT_BICYCLIST_INJURED,COUNT_MC_KILLED,COUNT_MC_INJURED,PRIMARY_RAMP,SECONDARY_RAMP,LATITUDE,LONGITUDE,COUNTY,CITY,POINT_X,POINT_Y
8048311,2016,2016-05-27,4006,2016-05-10,0150,36635,,2,5,4,4006,0,0,0,,0,,PEACH,CHORRO,125.00,W,N,A,-,N,,,,,,,,,,Y,4,0,1,3,A,-,05,21650,A,N,C,E,A,A,H,-,C,A,0,,,,,Y,,A,01,0,0,1,0,0,0,0,0,0,"- ","- ",,,"SAN LUIS OBISPO","SAN LUIS OBISPO",-120.66602905000001,35.282858490000002
8048323,2016,2016-05-26,4006,2016-05-04,1514,69585,,3,5,4,4006,0,0,0,,0,,HIGUERA,HIGH,35.00,S,N,A,-,N,,,,,,,,,,N,4,0,1,2,A,-,03,22350,,F,C,C,A,A,H,-,A,A,0,,,,,Y,,A,01,0,0,1,0,0,0,0,0,0,"- ","- ",,,"SAN LUIS OBISPO","SAN LUIS OBISPO",-120.66981862999999,35.272105080000003
8048327,2016,2016-05-26,4006,2016-05-12,1519,16380,,4,5,4,4006,0,0,0,,0,,MADONNA,"RT 101",12.00,W,N,A,-,N,,,,,,,,,,N,4,0,1,3,A,-,03,22350,,N,C,C,A,A,H,-,A,A,0,,,,,Y,,A,07,0,0,1,0,0,0,0,0,0,"- ","- ",,,"SAN LUIS OBISPO","SAN LUIS OBISPO",-120.67366093,35.266019780000001
8053712,2016,2016-06-06,4006,2016-05-17,1304,69585,,2,5,4,4006,0,0,0,,0,,"TANK FARM",LONG,0.00,,Y,A,-,N,,,,,,,,,,Y,4,0,1,2,A,-,09,21802,A,N,D,C,A,A,H,-,A,B,0,,,,,Y,,A,07,0,0,1,0,0,0,0,0,0,"- ","- ",,,"SAN LUIS OBISPO","SAN LUIS OBISPO",-120.67113994,35.246810089999997
8053720,2016,2016-06-06,4006,2016-05-22,1602,80908,,7,5,4,4006,0,0,0,,0,,ATASCADERO,GULF,402.00,W,N,A,-,N,,,,,,,,,,N,3,0,1,2,B,-,22,,,N,D,B,F,A,-,-,A,D,0,Y,Y,,,Y,,L,04,0,1,0,0,1,0,0,0,0,"- ","- ",,,"SAN LUIS OBISPO","SAN LUIS OBISPO",-120.68653990999999,35.25937854
8059107,2016,2016-06-18,4005,2016-06-02,1435,P107,4,4,5,2,4005,0,0,0,,0,,"PRICE CANYON",LEMOORE,320.00,E,N,A,-,N,,,,,,,,,,Y,4,0,1,2,A,-,09,21804,A,N,D,C,A,A,H,-,A,D,0,,,,Y,Y,,F,26,0,0,1,0,0,0,0,0,0,"- ","- ",,,"SAN LUIS OBISPO","PISMO BEACH",-120.63531884,35.146289920000001
8059324,2016,2016-06-15,4005,2016-05-28,1825,P107,5,6,5,2,4005,0,0,0,,0,,"4TH ST","FIVE CITIES DR",0.00,,Y,A,-,N,,,,,,,,,,N,4,0,1,2,A,-,03,22350,,N,C,C,A,A,H,-,A,A,0,,,,,Y,,A,07,0,0,1,0,0,0,0,0,0,"- ","- ",,,"SAN LUIS OBISPO","PISMO BEACH",-120.62207986999999,35.135720030000002
8064001,2016,2016-08-29,4001,2016-05-13,1641,P069,46-1,5,5,3,4001,0,0,0,,0,OPERAT,"E BRANCH ST","SHORT ST",41.00,E,N,A,-,N,,,,,,,,,,N,3,0,1,1,B,-,22,,,N,H,A,A,A,H,-,A,A,0,,,Y,,Y,,C,02,0,1,0,0,0,0,0,0,1,"- ","- ",,,"SAN LUIS OBISPO","ARROYO GRANDE",-120.57752877,35.124028629999998
8064879,2016,2016-08-29,4006,2016-05-03,1135,50316,CPPD,2,5,4,4006,0,0,0,,0,,"VILLAGE DR","POLY CANYON RD",203.00,,N,A,-,N,,,,,,,,,,N,3,0,1,1,A,-,03,22350,,N,F,A,A,A,H,-,A,A,0,,Y,,,Y,,L,04,0,1,0,0,0,0,1,0,0,"- ","- ",35.181629999999998,-120.3934,"SAN LUIS OBISPO","SAN LUIS OBISPO",-120.65852996,35.304390040000001
8065146,2016,2016-06-17,4002,2016-05-23,0741,555,201,1,5,3,4002,0,0,0,,0,002,"S 4TH ST","LONGBRANCH AV",31.00,S,N,A,-,N,,,,,,,,,,N,4,0,1,2,A,-,09,21802,A,N,D,C,A,A,H,-,A,A,0,,,,,Y,,A,01,0,0,1,0,0,0,0,0,0,"- ","- ",,,"SAN LUIS OBISPO","GROVER BEACH",-120.6265951,35.119634949999998
8070013,2016,2016-07-13,4004,2016-05-18,1240,0376,02,3,5,3,4004,0,0,0,,0,048,FONTANA,SHERWOOD,7.00,S,N,A,-,N,,,,,,,,,,N,4,0,1,2,A,-,08,22105,,N,D,C,A,A,H,-,A,A,0,,,,,Y,,A,01,0,0,1,0,0,0,0,0,0,"- ","- ",,,"SAN LUIS OBISPO","PASO ROBLES",-120.65016273000001,35.615650899999999
8070014,2016,2017-02-14,4004,2016-05-28,1155,1197,03,6,5,3,4004,0,0,0,,0,034,"RT 46","GOLDEN HILL",2000.00,E,N,A,-,Y,SLO,5,46,-,-,31.690,H,-,W,N,4,0,5,3,A,-,03,22350,,N,C,C,A,A,H,-,A,D,0,,,,,Y,,A,01,0,0,5,0,0,0,0,0,0,"- ","- ",,,"SAN LUIS OBISPO","PASO ROBLES",-120.65135773999999,35.644625779999998
8074221,2016,2016-08-10,4006,2016-07-14,1921,50580,,4,5,4,4006,0,0,0,,0,,PRADO,HIGUERA,450.00,W,N,A,-,N,,,,,,,,,,Y,4,0,1,1,A,-,01,23152,A,N,E,I,A,A,H,-,B,A,0,,,,,Y,,A,01,0,0,1,0,0,0,0,0,0,"- ","- ",,,"SAN LUIS OBISPO","SAN LUIS OBISPO",-120.67037916,35.255153849999999
8077801,2016,2017-02-18,4008,2016-06-07,2233,3114,48,2,5,4,4008,0,0,0,,0,,"MORRO RD","OLD MORRO RD",347.00,E,N,A,-,Y,SLO,5,41,-,-,12.660,H,-,N,Y,3,0,1,1,A,-,03,22350,,N,E,I,A,A,B,-,D,D,0,,,,,Y,,D,22,0,1,0,0,0,0,0,0,0,"- ","- ",35.451230000000002,-120.69732999999999,"SAN LUIS OBISPO",ATASCADERO,-120.69645532,35.4510328
8084716,2016,2016-07-25,4006,2016-07-13,1056,59350,,3,5,4,4006,0,0,0,,0,,PALM,"TORO ST",136.00,E,N,A,-,N,,,,,,,,,,Y,4,0,1,2,A,-,09,21804,A,N,D,C,A,A,H,-,A,D,0,,,,,Y,,A,01,0,0,1,0,0,0,0,0,0,"- ","- ",,,"SAN LUIS OBISPO","SAN LUIS OBISPO",-120.65903864000001,35.284546409999997
8084720,2016,2016-07-25,4006,2016-07-01,1225,59350,,5,5,4,4006,0,0,0,,0,,"LOS OSOS VALLEY RD","CALLE JOAQUIN",510.00,W,N,A,-,N,,,,,,,,,,N,4,0,1,2,A,-,03,22350,,N,C,C,A,A,H,-,A,D,0,,,,,Y,,A,08,0,0,1,0,0,0,0,0,0,"- ","- ",,,"SAN LUIS OBISPO","SAN LUIS OBISPO",-120.6837366,35.248004219999999
8084786,2016,2016-07-25,4004,2016-07-01,0958,1208,03,5,5,3,4004,0,0,0,,0,310,CRESTON,TRIGO,34.00,E,N,A,-,N,,,,,,,,,,Y,4,0,2,3,A,-,03,22350,,N,C,C,A,A,H,-,A,D,0,,,,,Y,,A,01,0,0,2,0,0,0,0,0,0,"- ","- ",,,"SAN LUIS OBISPO","PASO ROBLES",-120.67229158000001,35.626320749999998
8092926,2016,2017-02-24,4003,2016-07-16,1611,P1561,6,6,5,2,4003,0,0,0,,0,002,"ATASCADERO RD","HILL DR",238.00,E,N,A,-,Y,SLO,5,41,-,-,0.260,H,-,N,Y,4,0,2,2,A,-,09,21804,A,N,D,C,A,A,H,-,A,D,0,,,,,Y,,A,01,0,0,2,0,0,0,0,0,0,"- ","- ",,,"SAN LUIS OBISPO","MORRO BAY",-120.85171667,35.38189869
8097771,2016,2016-08-31,4002,2016-07-21,1828,555,109,4,5,3,4002,0,0,0,,0,001,"FRONT ST","PARK VIEW AV",72.00,S,N,A,-,N,,,,,,,,,,Y,4,0,1,2,A,-,17,21712,A,N,G,B,E,A,H,-,A,A,0,Y,,,,Y,,A,01,0,0,1,0,1,0,0,0,0,"- ","- ",,,"SAN LUIS OBISPO","GROVER BEACH",-120.63134726,35.128652500000001
8099444,2016,2016-08-11,4005,2016-07-27,1407,P107,4,3,5,2,4005,0,0,0,,0,,BELLO,WADSWORTH,0.00,,Y,A,-,N,,,,,,,,,,N,4,0,1,2,A,-,10,21950,A,N,G,B,B,A,H,-,A,D,0,Y,,,,Y,,D,23,0,0,1,0,1,0,0,0,0,"- ","- ",,,"SAN LUIS OBISPO","PISMO BEACH",-120.64137998,35.144740030000001
8104166,2016,2016-08-22,4006,2016-08-06,1611,67256,,6,5,4,4006,0,0,0,,0,,LIMA,"LIMA 1620",0.00,,-,A,-,N,,,,,,,,,,Y,3,0,2,2,A,-,01,23152,A,N,C,E,A,A,H,-,A,D,0,,,,,Y,Y,A,01,0,2,0,0,0,0,0,0,0,"- ","- ",35.1526,-120.4114,"SAN LUIS OBISPO","SAN LUIS OBISPO",-120.68688691,35.257480639999997
8104285,2016,2016-08-26,4006,2016-07-26,1445,69585,,2,5,4,4006,0,0,0,,0,,NIPOMO,DANA,0.00,,Y,A,-,N,,,,,,,,,,Y,2,0,1,2,A,-,17,23109,C,N,E,E,A,A,H,-,A,A,0,,,Y,,Y,,C,02,1,0,0,0,0,0,0,0,1,"- ","- ",35.164520000000003,-120.39597999999999,"SAN LUIS OBISPO","SAN LUIS OBISPO",-120.66669989,35.279179999999997
8104722,2016,2016-08-23,4008,2016-08-08,1640,3152,,1,5,4,4008,0,0,0,,0,,"EL CAMINO REAL","EAST MALL",13.00,N,N,A,-,N,,,,,,,,,,Y,3,0,1,2,A,-,10,21950,A,N,G,B,C,A,H,-,A,B,0,Y,,,,Y,,A,01,0,1,0,0,1,0,0,0,0,"- ","- ",35.488079999999997,-120.66784,"SAN LUIS OBISPO",ATASCADERO,-120.66789711,35.488118800000002
8110094,2016,2016-08-30,4006,2016-08-08,1250,69585,,1,5,4,4006,0,0,0,,0,,"SANTA BARBARA",BROAD,0.00,,Y,A,-,N,,,,,,,,,,N,3,0,1,2,A,-,08,22100,A,M,D,C,A,A,H,-,A,D,0,,,Y,,Y,,-,,0,1,0,0,0,0,0,0,1,"- ","- ",35.161180000000002,-120.39234999999999,"SAN LUIS OBISPO","SAN LUIS OBISPO",-120.65653994,35.269810100000001
8113896,2016,2016-09-12,4008,2016-08-29,1028,4055,,1,5,4,4008,0,0,0,,0,,"SANTA BARBARA RD","SAN ANTONIO RD",60.00,W,N,A,-,N,,,,,,,,,,N,4,0,1,2,A,-,09,21800,A,N,B,C,A,A,H,-,A,D,0,,,,,Y,,A,01,0,0,1,0,0,0,0,0,0,"- ","- ",35.443689999999997,-120.63760000000001,"SAN LUIS OBISPO",ATASCADERO,-120.63774407,35.443787110000002
8121641,2016,2016-11-19,4001,2016-08-30,0751,P0123,461,2,5,3,4001,0,0,0,,0,OPERAT,"FAIR OAKS BL","VALLEY RD",500.00,W,N,A,-,N,,,,,,,,,,N,4,0,1,2,A,-,03,22350,,N,C,C,A,A,H,-,A,A,0,,,,,Y,,-,,0,0,1,0,0,0,0,0,0,"- ","- ",,,"SAN LUIS OBISPO","ARROYO GRANDE",-120.58370489000001,35.115299729999997
8121650,2016,2016-09-21,4006,2016-08-29,1848,88908,,1,5,4,4006,0,0,0,,0,,FREDRICKS,HATHWAY,280.00,E,N,A,-,N,,,,,,,,,,N,3,0,1,2,A,-,00,21760,B,M,B,G,A,A,H,-,A,D,0,,Y,,,Y,,D,22,0,1,0,0,0,0,1,0,0,"- ","- ",35.175800000000002,-120.3963,"SAN LUIS OBISPO","SAN LUIS OBISPO",-120.66054196,35.293141519999999
8127651,2016,2016-11-16,4008,2016-09-21,1131,3013,,3,5,4,4008,0,0,0,,0,,"EL CAMINO REAL","E MALL",0.00,,Y,A,-,N,,,,,,,,,,N,3,0,1,2,A,-,11,21950,B,N,D,B,B,A,H,-,A,D,0,Y,,,,Y,,N,60,0,1,0,0,1,0,0,0,0,"- ","- ",35.488079999999997,-120.66784,"SAN LUIS OBISPO",ATASCADERO,-120.66785996,35.488100080000002
8128161,2016,2016-09-28,4002,2016-09-06,1648,338,104,2,5,3,4002,0,0,0,,0,001,"N OAK PARK BL","W GRAND AV",0.00,,Y,A,-,N,,,,,,,,,,N,4,0,1,2,A,-,04,21703,,N,C,C,A,A,H,-,A,A,0,,,,,Y,,A,01,0,0,1,0,0,0,0,0,0,"- ","- ",,,"SAN LUIS OBISPO","GROVER BEACH",-120.60917994,35.12096004
8148048,2016,2016-10-18,4002,2016-09-20,1655,295,104,2,5,3,4002,0,0,0,,0,001,"N 13TH ST","RAMONA AV",0.00,,Y,A,-,N,,,,,,,,,,N,3,0,1,2,A,-,12,22450,A,N,D,B,E,A,H,-,A,A,0,Y,,,,Y,,A,01,0,1,0,0,1,0,0,0,0,"- ","- ",,,"SAN LUIS OBISPO","GROVER BEACH",-120.61525995,35.122320049999999
8155865,2016,2016-10-28,4004,2016-10-08,2034,1201,04,6,5,3,4004,0,0,0,,0,041,"E NIBLICK",QUARTERHORSE,253.00,E,N,A,-,N,,,,,,,,,,Y,4,0,1,1,A,-,01,23152,A,N,E,I,A,A,H,-,C,D,0,,,,,Y,Y,A,01,0,0,1,0,0,0,0,0,0,"- ","- ",35.636879999999998,-120.65402,"SAN LUIS OBISPO","PASO ROBLES",-120.67687931,35.615782639999999
8160281,2016,2016-11-07,4002,2016-10-27,1951,555,101,4,5,3,4002,0,0,0,,0,001,"W GRAND AV","4TH ST",9.00,W,N,A,-,N,,,,,,,,,,N,3,0,1,2,A,-,10,21950,A,N,G,B,B,A,H,-,A,A,0,Y,,,,Y,,A,01,0,1,0,0,1,0,0,0,0,"- ","- ",,,"SAN LUIS OBISPO","GROVER BEACH",-120.62647004999999,35.121801249999997
8160289,2016,2016-11-07,4006,2016-10-01,1241,55155,,6,5,4,4006,0,0,0,,0,,"SANTA ROSA",OAK,0.00,,Y,A,-,N,,,,,,,,,,Y,4,0,1,2,A,-,21,22106,,N,B,C,A,A,H,-,A,A,0,,,,,Y,,A,01,0,0,1,0,0,0,0,0,0,"- ","- ",35.289189999999998,-120.66567000000001,"SAN LUIS OBISPO","SAN LUIS OBISPO",-120.66568315000001,35.289122859999999
8165276,2016,2016-11-14,4006,2016-10-28,1746,60235,,5,5,4,4006,0,0,0,,0,,JOHNSON,BISHOP,51.00,S,N,A,-,N,,,,,,,,,,N,4,0,1,2,A,-,03,22350,,N,C,C,A,A,H,-,A,A,0,,,,Y,Y,,A,01,0,0,1,0,0,0,0,0,0,"- ","- ",35.16469,-120.38753,"SAN LUIS OBISPO","SAN LUIS OBISPO",-120.64623026,35.274176269999998
8165277,2016,2016-11-14,4006,2016-10-07,1222,80908,,5,5,4,4006,0,0,0,,0,,"SANTA ROSA",MURRAY,0.00,,Y,A,-,N,,,,,,,,,,N,4,0,1,2,A,-,08,22100,,N,C,C,A,A,H,-,A,A,0,,,,,Y,,A,01,0,0,1,0,0,0,0,0,0,"- ","- ",35.172800000000002,-120.40143,"SAN LUIS OBISPO","SAN LUIS OBISPO",-120.66702247000001,35.29087432
8176501,2016,2017-01-18,4006,2016-11-02,1102,69585,,3,5,4,4006,0,0,0,,0,,BROAD,SWEENEY,0.00,,Y,A,-,N,,,,,,,,,,N,2,0,1,1,D,-,00,,,N,F,A,A,A,H,-,A,D,0,,,Y,,Y,,-,"- ",1,0,0,0,0,0,0,0,1,"- ","- ",35.154510000000002,-120.3903,"SAN LUIS OBISPO","SAN LUIS OBISPO",-120.65084985999999,35.26249009
8176509,2016,2016-12-01,4006,2016-11-03,1827,89870,,4,5,4,4006,0,0,0,,0,,"SANTA ROSA",MILL,0.00,,Y,A,-,N,,,,,,,,,,Y,4,0,1,2,A,-,09,21801,A,N,A,-,A,A,-,-,C,-,0,,,,,Y,,A,01,0,0,1,0,0,0,0,0,0,"- ","- ",35.284329999999997,-120.66144,"SAN LUIS OBISPO","SAN LUIS OBISPO",-120.66146996000001,35.284320090000001
8191191,2016,2016-12-20,4001,2016-11-10,1420,P0115,461,4,5,3,4001,0,0,0,,0,OPERAT,"EAST GRAND AV","CROWN HILL",0.00,,Y,A,-,N,,,,,,,,,,N,3,0,1,2,A,-,08,21717,,F,G,G,A,A,H,-,A,A,0,,Y,,,Y,,A,01,0,1,0,0,0,0,1,0,0,"- ","- ",,,"SAN LUIS OBISPO","ARROYO GRANDE",-120.57522923000001,35.125054599999999
8192707,2016,2016-12-29,4004,2016-12-01,0751,1208,02,4,5,3,4004,0,0,0,,0,026,PINE,RIVERSIDE,0.00,,Y,B,-,N,,,,,,,,,,Y,4,0,1,2,A,-,09,21802,A,N,D,C,A,A,H,-,A,A,0,,,,,Y,,D,22,0,0,1,0,0,0,0,0,0,"- ","- ",,,"SAN LUIS OBISPO","PASO ROBLES",-120.6876299,35.61768
8196242,2016,2017-03-04,4006,2016-11-20,1057,32625,,7,5,4,4006,0,0,0,,0,,"RT 1",MEINECKE,0.00,,Y,B,C,Y,SLO,5,1,-,-,17.220,I,5,N,Y,4,0,1,2,A,-,09,21802,A,N,D,C,A,B,H,-,A,A,0,,,,,Y,,A,07,0,0,1,0,0,0,0,0,0,"- ","- ",35.292400000000001,-120.66745,"SAN LUIS OBISPO","SAN LUIS OBISPO",-120.66732804,35.292425450000003
8202211,2016,2017-01-03,4008,2016-12-03,1753,3543,,6,5,4,4008,0,0,0,,0,,"EL CAMINO REAL",MORRO,0.00,,Y,A,-,N,,,,,,,,,,N,4,0,1,2,A,-,12,21453,A,N,D,G,A,A,H,-,A,A,0,,Y,,,Y,,L,04,0,0,1,0,0,0,1,0,0,"- ","- ",35.485129999999998,-120.66352999999999,"SAN LUIS OBISPO",ATASCADERO,-120.66353112,35.485150849999997
8281972,2016,2017-01-24,4006,2016-12-21,0752,16380,,3,5,4,4006,0,0,0,,0,,SOUTH,BROAD,0.00,,Y,A,-,N,,,,,,,,,,N,4,0,1,1,A,-,03,22350,,N,G,I,A,A,H,-,A,D,0,,,Y,,Y,,C,02,0,0,1,0,0,0,0,0,1,"- ","- ",35.161200000000001,-120.39234999999999,"SAN LUIS OBISPO","SAN LUIS OBISPO",-120.65655150000001,35.269784999999999
8282059,2017,2017-01-18,4008,2017-01-01,2313,2054,,7,5,4,4008,0,0,0,,0,,"EL CAMINO REAL","SAN RAFAEL CT",45.00,N,N,A,-,N,,,,,,,,,,N,3,0,1,2,A,-,11,21954,A,F,G,B,D,A,H,-,C,A,0,Y,,,,Y,,N,60,0,1,0,0,1,0,0,0,0,"- ","- ",35.460050000000003,-120.64363,"SAN LUIS OBISPO",ATASCADERO,-120.64363642000001,35.46013138
8290736,2016,2017-03-06,4001,2016-12-09,2323,P0110,"46  3",5,5,3,4001,0,0,0,,0,OPERAT,"EAST GRAND AV","EL CAMINO REAL",605.00,E,N,B,-,Y,SLO,5,227,-,-,13.320,R,4,S,Y,3,0,1,2,A,-,01,23152,A,M,C,C,A,A,H,-,C,A,0,,,,,Y,Y,A,01,0,1,0,0,0,0,0,0,0,"- ","- ",,,"SAN LUIS OBISPO","ARROYO GRANDE",,
8293951,2017,2017-02-01,4004,2017-01-17,0810,0657,01,2,5,3,4004,0,0,0,,0,026,RIVERSIDE,PINE,24.00,S,N,A,-,N,,,,,,,,,,N,4,0,1,2,A,-,09,21802,A,N,D,C,A,A,H,-,A,A,0,,,,,Y,,D,22,0,0,1,0,0,0,0,0,0,"- ","- ",,,"SAN LUIS OBISPO","PASO ROBLES",-120.68764754999999,35.617615649999998
8294228,2017,2017-02-01,4004,2017-01-19,1304,0890,02,4,5,3,4004,0,0,0,,0,024,SPRING,6TH,182.00,N,N,B,-,N,,,,,,,,,,N,4,0,1,2,A,-,03,22350,,N,C,C,A,B,H,-,A,A,0,,,,,Y,,A,01,0,0,1,0,0,0,0,0,0,"- ","- ",,,"SAN LUIS OBISPO","PASO ROBLES",-120.69091274,35.620958690000002
8298327,2017,2017-02-15,4006,2017-01-19,0755,67850,,4,5,4,4006,0,0,0,,0,,JOHNSON,LIZZIE,0.00,,Y,B,C,N,,,,,,,,,,N,3,0,1,3,A,-,08,21717,,M,B,G,A,B,H,-,A,A,0,,Y,,,Y,,A,01,0,1,0,0,0,0,1,0,0,"- ","- ",,,"SAN LUIS OBISPO","SAN LUIS OBISPO",-120.65047995,35.278990059999998
8298343,2017,2017-02-16,4006,2017-01-24,1420,16380,,2,5,4,4006,0,0,0,,0,,ORCUTT,"TANK FARM",24.00,S,N,A,-,N,,,,,,,,,,N,4,0,1,2,A,-,21,22106,,N,C,C,A,A,H,-,A,D,0,,,,,Y,,A,01,0,0,1,0,0,0,0,0,0,"- ","- ",,,"SAN LUIS OBISPO","SAN LUIS OBISPO",-120.62509,35.250329999999998
8303371,2017,2017-02-10,4004,2017-01-12,1126,0890,02,4,5,3,4004,0,0,0,,0,2-2,VINE,10TH,15.00,N,N,B,-,N,,,,,,,,,,Y,4,0,1,3,A,-,08,22107,,N,C,E,A,B,H,-,A,A,0,,,,,Y,,A,01,0,0,1,0,0,0,0,0,0,"- ","- ",,,"SAN LUIS OBISPO","PASO ROBLES",-120.69375329,35.624491110000001
8310346,2017,2017-03-30,4005,2017-01-17,1826,P105,6,2,5,2,4005,0,0,0,,0,,"STIMSON AV","DOLLIVER ST",64.00,W,N,A,-,N,,,,,,,,,,Y,4,0,1,2,A,-,03,22350,,F,B,C,A,A,H,-,C,D,0,,,,,Y,,A,07,0,0,1,0,0,0,0,0,0,"- ","- ",,,"SAN LUIS OBISPO","PISMO BEACH",-120.64003855,35.139193030000001
8311464,2017,2017-02-23,4001,2017-01-12,0958,P0133,463,4,5,3,4001,0,0,0,,0,OPERAT,"N OAK PARK BL","EL CAMINO REAL",0.00,,Y,B,-,N,,,,,,,,,,Y,4,0,1,2,A,-,03,22350,,N,C,C,A,A,H,-,A,A,0,,,,,Y,,A,07,0,0,1,0,0,0,0,0,0,"- ","- ",,,"SAN LUIS OBISPO","ARROYO GRANDE",-120.60685986999999,35.129500040000003
8328872,2017,2017-03-28,4006,2017-02-07,0250,65419,,2,5,4,4006,0,0,0,,0,,LAUREL,SOUTHWOOD,0.00,,Y,A,-,N,,,,,,,,,,Y,4,0,2,2,A,-,12,22450,A,N,D,C,A,A,H,-,A,A,0,,,,,Y,,A,01,0,0,2,0,0,0,0,0,0,"- ","- ",35.155500000000004,-120.3826,"SAN LUIS OBISPO","SAN LUIS OBISPO",-120.64068996,35.265280009999998
8328927,2017,2017-03-27,4006,2017-03-11,0125,59980,,6,5,4,4006,0,0,0,,0,,"SANTA ROSA",MONTEREY,0.00,,Y,A,-,N,,,,,,,,,,Y,2,0,6,2,A,-,01,23152,A,N,D,C,A,A,H,-,A,A,0,,,,,Y,Y,A,01,5,0,1,0,0,0,0,0,0,"- ","- ",35.282609999999998,-120.65989,"SAN LUIS OBISPO","SAN LUIS OBISPO",-120.65995992000001,35.282600080000002
8333170,2017,2017-04-04,4008,2017-03-04,0742,3114,4008,6,5,4,4008,0,0,0,,0,,"SANTA LUCIA RD","SAN GABRIEL RD",326.00,E,N,A,-,N,,,,,,,,,,Y,3,0,1,1,A,-,03,22350,,N,F,A,A,A,G,-,A,D,0,,,,,Y,,D,22,0,1,0,0,0,0,0,0,0,"- ","- ",35.481099999999998,-120.69783,"SAN LUIS OBISPO",ATASCADERO,-120.69704973,35.481737430000003
8333847,2017,2017-03-30,4004,2017-03-03,1633,1208,01,5,5,3,4004,0,0,0,,0,017,SPRING,14TH,78.00,S,N,A,-,N,,,,,,,,,,Y,4,0,1,2,A,-,03,22350,,N,C,C,A,A,H,-,A,D,0,,,,,Y,,A,01,0,0,1,0,0,0,0,0,0,"- ","- ",,,"SAN LUIS OBISPO","PASO ROBLES",-120.69156133,35.628546299999996
8333872,2017,2017-03-29,4004,2017-03-08,1835,1062,2,3,5,3,4004,0,0,0,,0,026,SPRING,3RD,54.00,N,N,A,-,N,,,,,,,,,,N,4,0,1,3,A,-,03,22350,,M,C,C,A,A,H,-,C,A,0,,,,,Y,,-,,0,0,1,0,0,0,0,0,0,"- ","- ",,,"SAN LUIS OBISPO","PASO ROBLES",-120.69062372,35.617577900000001
8336807,2017,2017-05-05,4006,2017-03-13,1600,16380,,1,5,4,4006,0,0,0,,0,,CASA,MURRAY,0.00,,Y,A,-,N,,,,,,,,,,N,4,0,1,2,D,-,00,,,N,D,G,A,A,H,-,A,A,0,,Y,,,Y,,-,"- ",0,0,1,0,0,0,1,0,0,"- ","- ",,,"SAN LUIS OBISPO","SAN LUIS OBISPO",-120.66477992,35.290930070000002
8337225,2017,2017-04-18,4006,2017-03-04,1413,15913,,6,5,4,4006,0,0,0,,0,,MADONNA,"MADONNA 253 #110",0.00,,Y,A,-,N,,,,,,,,,,N,4,0,1,2,A,-,09,21801,A,N,D,C,A,A,H,-,-,D,0,,,,,Y,,A,01,0,0,1,0,0,0,0,0,0,"- ","- ",35.263210000000001,-120.6773,"SAN LUIS OBISPO","SAN LUIS OBISPO",-120.67768692999999,35.26315451
8338716,2017,2017-04-07,4006,2017-03-21,1051,16380,,2,5,4,4006,0,0,0,,0,,BROAD,INDUSTRIAL,45.00,N,N,A,-,N,,,,,,,,,,Y,4,0,1,2,A,-,03,22350,,N,C,C,A,A,H,-,A,A,0,,,,,Y,,A,01,0,0,1,0,0,0,0,0,0,"- ","- ",,,"SAN LUIS OBISPO","SAN LUIS OBISPO",-120.6446432,35.251215649999999
8342528,2017,2017-06-27,4003,2017-02-03,2204,G4261,5,5,5,2,4003,0,0,0,,0,002,"RT 1","ATASCADERO RD",70.00,S,N,B,-,Y,SLO,5,1,-,-,29.970,R,2,S,Y,3,0,1,1,A,-,01,23152,A,N,E,I,A,B,H,-,C,A,0,,,,,Y,Y,A,01,0,1,0,0,0,0,0,0,0,SO,"- ",,,"SAN LUIS OBISPO","MORRO BAY",-120.85481854,35.377562740000002
8353250,2017,2017-04-27,4006,2017-03-30,1501,80908,,4,5,4,4006,0,0,0,,0,,MARSH,BEACH,55.00,W,N,A,-,N,,,,,,,,,,N,4,0,1,2,A,-,08,22107,,N,G,B,F,A,H,-,A,D,0,Y,,,,Y,,A,01,0,0,1,0,1,0,0,0,0,"- ","- ",35.276560000000003,-120.66658,"SAN LUIS OBISPO","SAN LUIS OBISPO",-120.66655741,35.276479369999997
8356496,2017,2017-06-13,4001,2017-04-09,1235,P0134,46-1,7,5,3,4001,0,0,0,,0,,"HUASNA RD","ORO RD",0.00,,N,A,-,N,,,,,,,,,,Y,4,0,1,1,A,-,01,23152,A,N,E,I,A,A,H,-,A,D,0,,,,,Y,Y,D,22,0,0,1,0,0,0,0,0,0,"- ","- ",,,"SAN LUIS OBISPO","ARROYO GRANDE",-120.56687991,35.127640100000001