CASE_ID,ACCIDENT_YEAR,PROC_DATE,JURIS,COLLISION_DATE,COLLISION_TIME,OFFICER_ID,REPORTING_DISTRICT,DAY_OF_WEEK,CHP_SHIFT,POPULATION,CNTY_CITY_LOC,SPECIAL_COND,BEAT_TYPE,CHP_BEAT_TYPE,CITY_DIVISION_LAPD,CHP_BEAT_CLASS,BEAT_NUMBER,PRIMARY_RD,SECONDARY_RD,DISTANCE,DIRECTION,INTERSECTION,WEATHER_1,WEATHER_2,STATE_HWY_IND,CALTRANS_COUNTY,CALTRANS_DISTRICT,STATE_ROUTE,ROUTE_SUFFIX,POSTMILE_PREFIX,POSTMILE,LOCATION_TYPE,RAMP_INTERSECTION,SIDE_OF_HWY,TOW_AWAY,COLLISION_SEVERITY,NUMBER_KILLED,NUMBER_INJURED,PARTY_COUNT,PRIMARY_COLL_FACTOR,PCF_CODE_OF_VIOL,PCF_VIOL_CATEGORY,PCF_VIOLATION,PCF_VIOL_SUBSECTION,HIT_AND_RUN,TYPE_OF_COLLISION,MVIW,PED_ACTION,ROAD_SURFACE,ROAD_COND_1,ROAD_COND_2,LIGHTING,CONTROL_DEVICE,CHP_ROAD_TYPE,PEDESTRIAN_ACCIDENT,BICYCLE_ACCIDENT,MOTORCYCLE_ACCIDENT,TRUCK_ACCIDENT,NOT_PRIVATE_PROPERTY,ALCOHOL_INVOLVED,STWD_VEHTYPE_AT_FAULT,CHP_VEHTYPE_AT_FAULT,COUNT_SEVERE_INJ,COUNT_VISIBLE_INJ,COUNT_COMPLAINT_PAIN,COUNT_PED_KILLED,COUNT_PED_INJURED,COUNT_BICYCLIST_KILLED,COUNT_BICYCLIST_INJURED,COUNT_MC_KILLED,COUNT_MC_INJURED,PRIMARY_RAMP,SECONDARY_RAMP,LATITUDE,LONGITUDE,COUNTY,CITY,POINT_X,POINT_Y
8359071,2017,2017-05-08,4006,2017-04-19,0810,89870,,3,5,4,4006,0,0,0,,0,,CALIFORNIA,TAFT,0.00,,Y,A,-,N,,,,,,,,,,N,3,0,1,2,A,-,09,21801,A,N,D,G,A,A,H,-,A,A,0,,Y,,,Y,,A,01,0,1,0,0,0,0,1,0,0,"- ","- ",,,"SAN LUIS OBISPO","SAN LUIS OBISPO",-120.66029998,35.29090008
8365217,2017,2017-05-12,4006,2017-04-05,1030,16380,,3,5,4,4006,0,0,0,,0,,HIGUERA,SOUTH,197.00,S,N,A,-,N,,,,,,,,,,N,4,0,1,1,A,-,03,22350,,N,E,I,A,A,H,-,A,D,0,,,Y,,Y,,C,02,0,0,1,0,0,0,0,0,1,"- ","- ",,,"SAN LUIS OBISPO","SAN LUIS OBISPO",-120.67036118,35.269012979999999
8366571,2017,2017-07-14,4001,2017-04-20,1022,P0127,461,4,5,3,4001,0,0,0,,0,,"E BRANCH ST","LE POINT TER",0.00,,Y,A,-,N,,,,,,,,,,Y,2,0,1,3,A,-,05,21650,,N,A,C,A,A,H,-,A,A,0,,,,,Y,,A,07,1,0,0,0,0,0,0,0,0,"- ","- ",,,"SAN LUIS OBISPO","ARROYO GRANDE",-120.57373989,35.125190070000002
8369090,2017,2017-06-01,4003,2017-03-24,2135,M1190,3,5,5,2,4003,0,0,0,,0,001,"QUINTANA RD","KENNEDY WY",320.00,S,N,C,-,N,,,,,,,,,,Y,4,0,1,2,A,-,03,22350,,N,C,C,A,B,H,-,C,A,0,,,,Y,Y,,A,01,0,0,1,0,0,0,0,0,0,"- ","- ",,,"SAN LUIS OBISPO","MORRO BAY",-120.84387022999999,35.369063930000003
8372498,2017,2018-03-16,4008,2017-05-11,0837,3152,,4,5,4,4008,0,0,0,,0,,"RT 41","MERCEDES AV",571.00,W,N,B,-,Y,SLO,5,41,-,R,16.820,H,-,N,Y,4,0,1,2,A,-,05,21460,A,N,B,C,A,A,H,-,A,D,0,,,,,Y,,A,01,0,0,1,0,0,0,0,0,0,"- ","- ",35.500770000000003,-120.65835,"SAN LUIS OBISPO",ATASCADERO,-120.65956761,35.497736209999999
8372643,2017,2017-05-30,4006,2017-05-02,1437,80908,,2,5,4,4006,0,0,0,,0,,"LOS OSOS VALLEY RD",DESCANSO,0.00,,Y,A,-,N,,,,,,,,,,Y,3,0,2,2,A,-,09,21801,A,N,D,C,A,A,H,-,A,A,0,,,,,Y,,A,01,0,1,1,0,0,0,0,0,0,"- ","- ",35.264830000000003,-120.70004,"SAN LUIS OBISPO","SAN LUIS OBISPO",-120.70000992999999,35.264899999999997
8375010,2017,2017-06-07,4006,2017-05-16,0815,16380,,2,5,4,4006,0,0,0,,0,,OCEANAIRE,LAKEVIEW,286.00,E,N,A,-,N,,,,,,,,,,Y,4,0,1,3,A,-,03,22350,,N,B,E,A,A,H,-,A,D,0,,,,,Y,,A,01,0,0,1,0,0,0,0,0,0,"- ","- ",35.154249999999998,-120.41092999999999,"SAN LUIS OBISPO","SAN LUIS OBISPO",-120.68606321,35.26196539
8375014,2017,2017-06-07,4006,2017-04-20,1045,76984,,4,5,4,4006,0,0,0,,0,,HIGUERA,MADONNA,1099.00,S,N,A,-,N,,,,,,,,,,Y,4,0,2,2,A,-,08,22102,,N,D,C,A,A,H,-,A,A,0,,,,,Y,,D,22,0,0,2,0,0,0,0,0,0,"- ","- ",,,"SAN LUIS OBISPO","SAN LUIS OBISPO",-120.6704852,35.265227009999997
8375667,2017,2017-06-13,4006,2017-05-29,1411,14848,,1,5,4,4006,0,0,0,,0,,"SANTA ROSA","HIGHLAND AV",43.00,S,N,A,-,N,,,,,,,,,,Y,3,0,1,2,A,-,03,22350,,N,C,C,A,A,H,-,A,A,0,,,,,Y,,A,01,0,1,0,0,0,0,0,0,0,"- ","- ",35.298400000000001,-120.67359999999999,"SAN LUIS OBISPO","SAN LUIS OBISPO",-120.67384348,35.298370470000002
8380036,2017,2017-05-31,4003,2017-04-10,1129,C4770,2,1,5,2,4003,0,0,0,,0,001,"DUNES ST","MORRO AV",0.00,,Y,A,-,N,,,,,,,,,,Y,3,0,3,2,A,-,12,22450,A,N,D,C,A,A,H,-,A,A,0,,,,,Y,,A,08,0,3,0,0,0,0,0,0,0,"- ","- ",,,"SAN LUIS OBISPO","MORRO BAY",-120.85117991,35.367820020000003
8388460,2017,2017-06-15,4008,2017-06-01,1653,3152,,4,5,4,4008,0,0,0,,0,,"EL CAMINO REAL","EL BORDO AV",26.00,S,N,A,-,N,,,,,,,,,,N,3,0,1,2,A,-,09,21804,A,N,H,G,A,A,H,-,A,D,0,,Y,,,Y,,L,04,0,1,0,0,0,0,1,0,0,"- ","- ",35.46405,-120.64681,"SAN LUIS OBISPO",ATASCADERO,-120.64683038,35.463921239999998
8397015,2017,2017-06-27,4001,2017-05-28,1821,P0101,46-3,7,5,3,4001,0,0,0,,0,OPERAT,"SOUTH ELM ST","MAPLE ST",0.00,,Y,A,-,N,,,,,,,,,,Y,4,0,1,2,A,-,07,21658,A,N,B,C,A,A,H,-,A,D,0,,,,,Y,,D,22,0,0,1,0,0,0,0,0,0,"- ","- ",,,"SAN LUIS OBISPO","ARROYO GRANDE",-120.60049986999999,35.116700000000002
8399457,2017,2018-02-12,4005,2017-06-01,1558,P104,2,4,5,2,4005,0,0,0,,0,,"SPYGLASS DR","SHELL BEACH RD",0.00,,Y,A,-,N,,,,,,,,,,Y,3,0,1,2,A,-,12,22450,A,N,D,C,A,A,H,-,A,A,0,,,,,Y,,D,22,0,1,0,0,0,0,0,0,0,"- ","- ",,,"SAN LUIS OBISPO","PISMO BEACH",-120.68768995000001,35.163610069999997
8408276,2017,2017-07-24,4006,2017-07-03,1500,80908,,1,5,4,4006,0,0,0,,0,,"LOS OSOS VALLEY","AUTO PARK WY",330.00,W,N,A,-,N,,,,,,,,,,N,4,0,1,2,A,-,03,22350,,N,C,C,A,A,H,-,A,A,0,,,,,Y,,A,07,0,0,1,0,0,0,0,0,0,"- ","- ",35.250709999999998,-120.68586999999999,"SAN LUIS OBISPO","SAN LUIS OBISPO",-120.68584239,35.250548430000002
8411759,2017,2017-07-28,4002,2017-06-26,1305,470,104,1,5,3,4002,0,0,0,,0,,"WEST GRAND AV","SOUTH 14TH ST",304.00,E,N,A,-,N,,,,,,,,,,N,4,0,1,3,A,-,03,22350,,N,C,C,A,A,H,-,A,A,0,,,,,Y,,A,01,0,0,1,0,0,0,0,0,0,"- ","- ",,,"SAN LUIS OBISPO","GROVER BEACH",-120.61310537,35.121141690000002
8412961,2017,2018-03-16,4005,2017-06-16,1419,P090,5,5,5,2,4005,0,0,0,,0,,DOLLIVER,WADSWORTH,0.00,,Y,A,-,Y,SLO,5,1,-,-,15.790,I,5,N,Y,4,0,2,2,A,-,09,21802,A,N,D,C,A,A,H,-,A,D,0,,,,,Y,,A,01,0,0,2,0,0,0,0,0,0,"- ","- ",,,"SAN LUIS OBISPO","PISMO BEACH",-120.64353592000001,35.143114490000002
8416774,2017,2017-08-01,4004,2017-06-24,0431,0575,04,6,5,3,4004,0,0,0,,0,046,"NIBLICK RD","CRESTON RD",0.00,,Y,A,-,N,,,,,,,,,,Y,3,0,2,2,A,-,01,23152,A,N,D,C,A,A,H,-,C,A,0,,,,,Y,Y,A,07,0,1,1,0,0,0,0,0,0,"- ","- ",,,"SAN LUIS OBISPO","PASO ROBLES",-120.65911995,35.615750050000003
8423537,2017,2018-06-11,4006,2017-07-21,1418,16380,,5,5,4,4006,0,0,0,,0,,"RT 1","MURRAY AV",84.00,S,N,A,-,Y,SLO,5,1,-,-,17.090,H,-,N,N,4,0,1,2,A,-,08,22107,,N,H,G,A,A,H,-,A,D,0,,Y,,,Y,,L,04,0,0,1,0,0,0,1,0,0,"- ","- ",35.172600000000003,-120.40003,"SAN LUIS OBISPO","SAN LUIS OBISPO",-120.66676676,35.290558070000003
8427017,2017,2017-08-22,4006,2017-07-14,1547,60235,,5,5,4,4006,0,0,0,,0,,"SANTA ROSA",FOOTHILL,43.00,S,N,A,-,N,,,,,,,,,,N,4,0,1,3,A,-,09,21453,C,N,C,C,A,A,H,-,A,A,0,,,,Y,Y,,F,26,0,0,1,0,0,0,0,0,0,"- ","- ",35.294460000000001,-120.66880999999999,"SAN LUIS OBISPO","SAN LUIS OBISPO",-120.66800785,35.293959899999997
8427272,2017,2017-08-16,4006,2017-07-11,1012,80908,,2,5,4,4006,0,0,0,,0,,"LOS OSOS VALLEY RD","AUTO PARK",0.00,,Y,A,-,N,,,,,,,,,,Y,3,0,2,2,A,-,09,21802,A,N,D,C,A,A,H,-,A,A,0,,,,,Y,,A,01,0,1,1,0,0,0,0,0,0,"- ","- ",35.249879999999997,-120.68514,"SAN LUIS OBISPO","SAN LUIS OBISPO",-120.68513996999999,35.249860030000001
8427280,2017,2017-08-16,4006,2017-07-20,1607,80908,,4,5,4,4006,0,0,0,,0,,JOHNSON,MARSH,20.00,S,N,A,-,N,,,,,,,,,,N,4,0,1,3,A,-,03,22350,,N,C,C,A,A,H,-,A,A,0,,,,,Y,,A,01,0,0,1,0,0,0,0,0,0,"- ","- ",35.165849999999999,-120.3921,"SAN LUIS OBISPO","SAN LUIS OBISPO",-120.65590715,35.282957770000003
8430034,2017,2017-08-21,4001,2017-07-17,1657,P0115,46-3,1,5,3,4001,0,0,0,,0,OPERAT,"EAST GRAND AV","BRISCO RD",1121.00,E,N,A,-,N,,,,,,,,,,N,3,0,1,2,A,-,17,21208,A,N,C,C,A,A,H,-,A,A,0,,Y,,,Y,,L,04,0,1,0,0,0,0,1,0,0,"- ","- ",,,"SAN LUIS OBISPO","ARROYO GRANDE",-120.59598358,35.119351739999999
8432335,2017,2017-08-22,4006,2017-07-29,1850,22467,,6,5,4,4006,0,0,0,,0,,"N CHORRO",FOOTHILL,0.00,,Y,A,-,N,,,,,,,,,,N,3,0,1,2,A,-,11,21956,A,F,G,B,E,A,H,-,A,A,0,Y,,,,Y,,N,60,0,1,0,0,1,0,0,0,0,"- ","- ",,,"SAN LUIS OBISPO","SAN LUIS OBISPO",-120.67095992,35.294089999999997
8435876,2017,2017-09-01,4008,2017-08-15,1755,4012,,2,5,4,4008,0,0,0,,0,,"HILDALGO AV","BUENA AV",0.00,,Y,A,-,N,,,,,,,,,,N,4,0,1,2,A,-,09,21800,E,N,D,C,A,A,H,-,A,D,0,,,,,Y,,A,01,0,0,1,0,0,0,0,0,0,"- ","- ",,,"SAN LUIS OBISPO",ATASCADERO,-120.6641205,35.505431999999999
8437922,2017,2017-08-25,4002,2017-07-24,1428,093,103,1,5,3,4002,0,0,0,,0,,"W GRAND AV","S 10TH ST",40.00,W,N,A,-,N,,,,,,,,,,N,4,0,1,2,A,-,03,22350,,N,C,C,A,A,H,-,A,A,0,,,,,Y,,A,01,0,0,1,0,0,0,0,0,0,"- ","- ",,,"SAN LUIS OBISPO","GROVER BEACH",-120.61915356,35.121445520000002
8438755,2017,2018-06-25,4008,2017-08-15,0900,4012,,2,5,4,4008,0,0,0,,0,,"MORRO RD",PORTOLA,20.00,W,N,B,-,Y,SLO,5,41,-,-,14.730,H,-,N,Y,4,0,1,2,A,-,05,21650,,N,B,C,A,A,H,-,A,A,0,,,,,Y,,A,01,0,0,1,0,0,0,0,0,0,"- ","- ",,,"SAN LUIS OBISPO",ATASCADERO,-120.66996573,35.468663970000001
8439181,2017,2017-08-30,4008,2017-08-07,1204,3013,,1,5,4,4008,0,0,0,,0,,"EL CAMINO REAL","PRINCIPAL AV",744.00,N,N,A,-,N,,,,,,,,,,N,3,0,1,2,A,-,17,22517,,N,E,G,A,A,H,-,A,D,0,,Y,,,Y,,A,01,0,1,0,0,0,0,1,0,0,"- ","- ",35.467530000000004,-120.65040999999999,"SAN LUIS OBISPO",ATASCADERO,-120.65190514,35.469179150000002
8448085,2017,2018-06-25,4004,2017-08-04,1700,1305,03,5,5,3,4004,0,0,0,,0,034,"AIRPORT RD","RT 46 E",36.00,N,N,A,-,Y,SLO,5,46,-,R,20.810,I,6,W,Y,4,0,1,2,A,-,08,22107,,N,D,C,A,A,H,-,A,A,0,,,,,Y,,A,08,0,0,1,0,0,0,0,0,0,"- ","- ",,,"SAN LUIS OBISPO","PASO ROBLES",-120.71451405000001,35.583692599999999
8449255,2017,2017-09-22,4004,2017-08-22,1901,1062,04,2,5,3,4004,0,0,0,,0,048,CRESTON,CEDARWOOD,0.00,,Y,A,-,N,,,,,,,,,,N,3,0,2,2,A,-,09,21453,B,N,D,C,A,A,H,-,A,A,0,,,,,Y,,A,01,0,1,1,0,0,0,0,0,0,"- ","- ",,,"SAN LUIS OBISPO","PASO ROBLES",-120.65898994,35.607390000000002
8466656,2017,2017-10-13,4001,2017-08-31,1942,P0106,462,4,5,3,4001,0,0,0,,0,,"CAMINO MERCADO","RANCHO PKWY",409.00,W,N,A,-,N,,,,,,,,,,Y,4,0,1,2,A,-,08,22107,,N,D,C,A,A,H,-,B,D,0,,,,,Y,,A,01,0,0,1,0,0,0,0,0,0,"- ","- ",,,"SAN LUIS OBISPO","ARROYO GRANDE",-120.5951893,35.129858550000002
8467377,2017,2018-06-01,4006,2017-09-28,1049,16380,,4,5,4,4006,0,0,0,,0,,MADONNA,"RT 101",0.00,,Y,A,-,Y,SLO,5,101,-,-,27.400,R,4,N,Y,4,0,1,2,A,-,12,21453,A,N,D,C,A,A,H,-,A,A,0,,,,,Y,,D,22,0,0,1,0,0,0,0,0,0,"- ",NF,,,"SAN LUIS OBISPO","SAN LUIS OBISPO",-120.67359021999999,35.264634729999997
8467786,2017,2017-11-21,4006,2017-09-26,1649,80908,,2,5,4,4006,0,0,0,,0,,HIGUERA,BROAD,0.00,,Y,A,-,N,,,,,,,,,,N,3,0,1,2,A,-,10,21950,A,N,G,B,B,A,H,-,A,A,0,Y,,,,Y,,A,07,0,1,0,0,1,0,0,0,0,"- ","- ",35.278970000000001,-120.66457,"SAN LUIS OBISPO","SAN LUIS OBISPO",-120.66449989,35.27891004
8467790,2017,2017-11-21,4006,2017-09-20,1745,77891,,3,5,4,4006,0,0,0,,0,,FOOTHILL,"SANTA ROSA",425.00,W,N,A,-,N,,,,,,,,,,N,3,0,1,2,A,-,09,21801,A,N,D,G,A,A,H,-,A,D,0,,Y,,,Y,,A,01,0,1,0,0,0,0,1,0,0,"- ","- ",33.17389,-120.40107,"SAN LUIS OBISPO","SAN LUIS OBISPO",-120.66948386999999,35.294079830000001
8471294,2017,2017-10-19,4008,2017-09-22,1605,4012,,5,5,4,4008,0,0,0,,0,,"EL CAMINO REAL","CURBARIL AV",60.00,S,N,A,-,N,,,,,,,,,,N,4,0,1,2,A,-,03,22350,,N,C,C,A,A,H,-,A,A,0,,,,,Y,,A,01,0,0,1,0,0,0,0,0,0,"- ","- ",35.47757,-120.6564,"SAN LUIS OBISPO",ATASCADERO,-120.65617537,35.477374500000003
8472658,2017,2018-02-02,4003,2017-08-28,0951,F2780,7,1,5,2,4003,0,0,0,,0,002,"ATASCADERO RD","PARK ST",32.00,E,N,A,-,N,,,,,,,,,,Y,3,0,2,2,A,-,03,22350,,N,C,C,A,A,H,-,A,D,0,,,,,Y,,A,01,0,1,1,0,0,0,0,0,0,"- ","- ",,,"SAN LUIS OBISPO","MORRO BAY",-120.85843315,35.380091610000001
8473329,2017,2017-11-03,4004,2017-10-04,0800,1062,04,3,5,3,4004,0,0,0,,0,"4    1","S RIVER",CRESTON,0.00,,Y,A,-,N,,,,,,,,,,N,4,0,1,2,A,-,08,22107,,N,C,C,A,A,H,-,A,A,0,,,,,Y,,A,01,0,0,1,0,0,0,0,0,0,"- ","- ",,,"SAN LUIS OBISPO","PASO ROBLES",-120.6831799,35.629110089999998
8481249,2017,2017-11-14,4002,2017-10-16,1625,338,103,1,5,3,4002,0,0,0,,0,,"W GRAND AV","N 11TH ST",103.00,E,N,A,-,N,,,,,,,,,,N,4,0,1,2,A,-,05,21650,G,N,D,G,A,A,H,-,A,A,0,,Y,,,Y,,L,04,0,0,1,0,0,0,1,0,0,"- ","- ",,,"SAN LUIS OBISPO","GROVER BEACH",-120.61741646,35.121350550000002
8481893,2017,2018-06-08,4006,2017-10-10,0732,16380,,2,5,4,4006,0,0,0,,0,,TAFT,CALIFORNIA,0.00,,Y,A,-,N,,,,,,,,,,N,4,0,1,2,A,-,03,22350,,N,C,C,A,A,H,-,A,B,0,,,,,Y,,A,01,0,0,1,0,0,0,0,0,0,"- ","- ",,,"SAN LUIS OBISPO","SAN LUIS OBISPO",-120.66029998,35.29090008
8482370,2017,2017-11-13,4006,2017-10-18,1330,80908,,3,5,4,4006,0,0,0,,0,,HIGUERA,"SANTA ROSA",0.00,,Y,A,-,N,,,,,,,,,,N,3,0,1,2,D,-,00,,,F,A,B,B,A,H,-,A,A,0,Y,,,,Y,,-,"- ",0,1,0,0,1,0,0,0,0,"- ","- ",35.281869999999998,-120.65936000000001,"SAN LUIS OBISPO","SAN LUIS OBISPO",-120.65939994999999,35.281970100000002
8484692,2017,2017-12-05,4006,2017-10-31,1647,16380,,2,5,4,4006,0,0,0,,0,,SOUTH,KING,0.00,,Y,A,-,N,,,,,,,,,,Y,4,0,1,2,A,-,09,21802,A,N,B,C,A,A,H,-,A,A,0,,,,,Y,,A,01,0,0,1,0,0,0,0,0,0,"- ","- ",35.16104,-120.39440999999999,"SAN LUIS OBISPO","SAN LUIS OBISPO",-120.6622395,35.269533000000003
8491724,2017,2018-02-13,4006,2017-11-06,2111,15913,,1,5,4,4006,0,0,0,,0,,"LOS OSOS VALLEY",ROYAL,0.00,,Y,A,-,N,,,,,,,,,,Y,3,0,1,2,A,-,09,21801,A,N,A,C,A,A,D,-,C,A,0,,,Y,,Y,Y,A,01,0,1,0,0,0,0,0,0,1,"- ","- ",35.15314,-120.41370999999999,"SAN LUIS OBISPO","SAN LUIS OBISPO",-120.69255986,35.258609999999997
8499977,2017,2017-12-07,4008,2017-11-22,1623,3125,,3,5,4,4008,0,0,0,,0,,"EL CAMINO REAL","DEL RIO RD",564.00,S,N,A,-,N,,,,,,,,,,Y,4,0,1,2,A,-,09,21804,,N,D,C,A,A,H,-,A,D,0,,,,Y,Y,,A,01,0,0,1,0,0,0,0,0,0,"- ","- ",35.513590000000001,-120.6977,"SAN LUIS OBISPO",ATASCADERO,-120.69699223000001,35.512341759999998
8500319,2017,2017-12-11,4006,2017-11-09,0823,16380,,4,5,4,4006,0,0,0,,0,,JOHNSON,"SAN LUIS DR",90.00,S,N,B,-,N,,,,,,,,,,Y,4,0,1,2,A,-,03,22350,,N,A,C,A,B,H,-,A,A,0,,,,,Y,,A,01,0,0,1,0,0,0,0,0,0,"- ","- ",,,"SAN LUIS OBISPO","SAN LUIS OBISPO",-120.65176526,35.280386309999997
8500902,2017,2018-01-18,4008,2017-11-20,1208,3058,,1,5,4,4008,0,0,0,,0,,"EL CAMINO REAL","SAN JACINTO AV",828.00,S,N,A,-,N,,,,,,,,,,Y,4,0,2,2,A,-,08,22102,,N,D,C,A,A,H,-,A,D,0,,,,,Y,,A,01,0,0,2,0,0,0,0,0,0,"- ","- ",35.495359999999998,-120.67965,"SAN LUIS OBISPO",ATASCADERO,-120.6777525,35.493778470000002
8506836,2017,2017-12-06,4008,2017-11-08,1901,3114,4008,3,5,4,4008,0,0,0,,0,,"EL CAMINO REAL","EL BORDO AV",0.00,,Y,C,-,N,,,,,,,,,,N,3,0,1,2,A,-,10,21950,A,N,G,B,B,B,H,-,C,A,0,Y,,,,Y,,A,07,0,1,0,0,1,0,0,0,0,"- ","- ",35.46405,-120.64681,"SAN LUIS OBISPO",ATASCADERO,-120.6468799,35.46398001
8510948,2017,2018-06-19,4006,2017-11-09,2126,67850,,4,5,4,4006,0,0,0,,0,,MADONNA,"RT 101",50.00,W,N,A,-,Y,SLO,5,101,-,-,27.650,R,4,N,Y,4,0,1,2,A,-,09,21453,C,N,D,C,A,A,H,-,C,A,0,,,,,Y,,A,01,0,0,1,0,0,0,0,0,0,"- ",NO,35.159869999999998,-120.40385000000001,"SAN LUIS OBISPO","SAN LUIS OBISPO",-120.67312495,35.268282120000002
8512151,2017,2018-06-19,4004,2017-11-19,0818,1305,01,7,5,3,4004,0,0,0,,0,013,"RT 46","SULPHUR SPRINGS RD",17.00,W,N,A,-,Y,SLO,5,46,-,-,29.812,I,5,W,Y,3,0,1,1,A,-,08,22107,,N,A,I,A,A,H,-,A,A,0,,,,,Y,,A,01,0,1,0,0,0,0,0,0,0,"- ","- ",,,"SAN LUIS OBISPO","PASO ROBLES",-120.68357752999999,35.6431848
8516132,2017,2018-06-07,4005,2017-11-04,1037,P090,8,6,5,2,4005,0,0,0,,0,,"PRICE CANYON RD","BELLO ST",0.00,,Y,B,-,N,,,,,,,,,,Y,4,0,1,2,A,-,09,21802,A,N,D,C,A,A,H,-,A,D,0,,,,,Y,,A,01,0,0,1,0,0,0,0,0,0,"- ","- ",,,"SAN LUIS OBISPO","PISMO BEACH",-120.63791990999999,35.141960070000003
8525421,2017,2018-01-17,4006,2017-12-14,1142,80908,,4,5,4,4006,0,0,0,,0,,TANGLEWOOD,KENTWOOD,0.00,,Y,A,-,N,,,,,,,,,,N,3,0,1,1,A,-,08,22107,,N,E,I,A,A,H,-,A,D,0,,,,,Y,,A,01,0,1,0,0,0,0,0,0,0,"- ","- ",35.26332,-120.63773,"SAN LUIS OBISPO","SAN LUIS OBISPO",-120.63790999,35.263380009999999
8528443,2018,2018-07-27,4004,2018-01-04,1756,1208,03,4,5,3,4004,0,0,0,,0,3-4,"RT 46 E",AIRPORT,0.00,,Y,C,-,Y,SLO,5,46,-,-,32.145,I,5,W,Y,2,0,2,2,A,-,09,21800,A,N,D,C,A,B,H,-,A,D,0,,,,Y,Y,,A,01,1,0,1,0,0,0,0,0,0,"- ","- ",,,"SAN LUIS OBISPO","PASO ROBLES",-120.64331817626953,35.644618988037109
8534259,2018,2018-02-01,4006,2018-01-10,1827,30153,,3,5,4,4006,0,0,0,,0,,"LAUREL LN","ORCUTT RD",0.00,,Y,A,-,N,,,,,,,,,,Y,4,0,1,2,A,-,17,21451,A,N,A,C,A,A,H,-,C,A,0,,,,,Y,,-,,0,0,1,0,0,0,0,0,0,"- ","- ",35.261341094970703,-120.64353942871094,"SAN LUIS OBISPO","SAN LUIS OBISPO",-120.64347839355469,35.261360168457031
8543989,2017,2018-01-31,4006,2017-12-21,1839,49251,SLO,4,5,4,4006,0,0,0,,0,0Z2,BROAD,FRANCIS,135.00,S,N,A,-,N,,,,,,,,,,N,2,0,1,2,A,-,00,21956,B,N,G,B,D,A,H,-,C,D,0,Y,,,,Y,Y,N,60,1,0,0,0,1,0,0,0,0,"- ","- ",35.155560000000001,-120.39109000000001,"SAN LUIS OBISPO","SAN LUIS OBISPO",-120.65310638,35.26544251
8546251,2018,2018-02-08,4006,2018-01-16,0751,80908,,2,5,4,4006,0,0,0,,0,,"SAN LUIS DR",JOHNSON,600.00,N,N,A,-,N,,,,,,,,,,N,3,0,1,2,A,-,03,22350,,N,B,G,A,A,H,-,A,D,0,,Y,,,Y,,L,04,0,1,0,0,0,0,1,0,0,"- ","- ",35.282039642333984,-120.65245056152344,"SAN LUIS OBISPO","SAN LUIS OBISPO",-120.652587890625,35.282020568847656
8550213,2018,2018-08-01,4006,2018-01-20,0431,69585,,6,5,4,4006,0,0,0,,0,,MADONNA,"RT 101",0.00,,Y,-,-,Y,SLO,5,101,-,-,27.650,R,4,N,Y,2,0,2,2,A,-,01,23153,A,N,A,C,A,-,-,-,-,A,0,,,,,Y,,A,01,1,1,0,0,0,0,0,0,0,"- ",NF,35.155941009521484,-120.40229034423828,"SAN LUIS OBISPO","SAN LUIS OBISPO",-120.67312622070312,35.268283843994141
8557146,2018,2018-03-14,4002,2018-02-16,1915,338,104,5,5,3,4002,0,0,0,,0,,"S 16TH ST","W GRAND AV",209.00,S,N,A,-,N,,,,,,,,,,N,3,0,1,2,A,-,09,21804,A,N,G,G,A,A,H,-,C,A,0,,Y,,,Y,,L,04,0,1,0,0,0,0,1,0,0,"- ","- ",,,"SAN LUIS OBISPO","GROVER BEACH",-120.61164093017578,35.120494842529297
8559199,2018,2018-02-26,4002,2018-02-05,1707,093,101,1,5,3,4002,0,0,0,,0,,"N 4TH ST","RAMONA AV",0.00,,Y,A,-,N,,,,,,,,,,N,4,0,1,2,A,-,11,21954,A,N,G,B,D,A,H,-,A,A,0,Y,,,,Y,,N,60,0,0,1,0,1,0,0,0,0,"- ","- ",,,"SAN LUIS OBISPO","GROVER BEACH",-120.6263427734375,35.122879028320312
8560486,2018,2018-03-01,4006,2018-02-17,2223,30153,,6,5,4,4006,0,0,0,,0,,FOOTHILL,CASA,0.00,,Y,A,-,N,,,,,,,,,,Y,4,0,1,2,A,-,01,23153,A,N,B,C,A,A,H,-,C,D,0,,,,,Y,Y,A,01,0,0,1,0,0,0,0,0,0,"- ","- ",35.294200897216797,-120.66584014892578,"SAN LUIS OBISPO","SAN LUIS OBISPO",-120.66583251953125,35.2943115234375
8566304,2018,2018-03-12,4006,2018-02-20,1828,80908,,2,5,4,4006,0,0,0,,0,,BROAD,MURRAY,0.00,,Y,A,-,N,,,,,,,,,,Y,2,0,1,2,A,-,09,21801,A,N,D,C,A,A,H,-,C,A,0,,,Y,,Y,,C,02,1,0,0,0,0,0,0,0,1,"- ","- ",35.292430877685547,-120.67166900634766,"SAN LUIS OBISPO","SAN LUIS OBISPO",-120.67167663574219,35.290851593017578
8567466,2018,2018-03-14,4006,2018-02-16,1108,15913,,5,5,4,4006,0,0,0,,0,,SOUTH,BEEBEE,440.00,E,N,A,-,N,,,,,,,,,,Y,4,0,1,1,A,-,08,22107,,N,E,I,A,A,H,-,A,D,0,,,,,Y,,A,07,0,0,1,0,0,0,0,0,0,"- ","- ",35.269371032714844,-120.66641998291016,"SAN LUIS OBISPO","SAN LUIS OBISPO",-120.66651153564453,35.26953125
8567494,2018,2018-03-14,4006,2018-02-10,1500,1622,554,6,5,4,4006,0,0,0,,0,OHV264,"OCEANO DUNES SVRA","CXT H",250.00,S,N,A,-,N,,,,,,,,,,N,3,0,1,2,D,-,00,,,N,C,C,A,A,G,-,A,D,0,,,Y,,Y,,-,"- ",0,1,0,0,0,0,0,0,1,"- ","- ",,,"SAN LUIS OBISPO","SAN LUIS OBISPO",,