CASE_ID,ACCIDENT_YEAR,PROC_DATE,JURIS,COLLISION_DATE,COLLISION_TIME,OFFICER_ID,REPORTING_DISTRICT,DAY_OF_WEEK,CHP_SHIFT,POPULATION,CNTY_CITY_LOC,SPECIAL_COND,BEAT_TYPE,CHP_BEAT_TYPE,CITY_DIVISION_LAPD,CHP_BEAT_CLASS,BEAT_NUMBER,PRIMARY_RD,SECONDARY_RD,DISTANCE,DIRECTION,INTERSECTION,WEATHER_1,WEATHER_2,STATE_HWY_IND,CALTRANS_COUNTY,CALTRANS_DISTRICT,STATE_ROUTE,ROUTE_SUFFIX,POSTMILE_PREFIX,POSTMILE,LOCATION_TYPE,RAMP_INTERSECTION,SIDE_OF_HWY,TOW_AWAY,COLLISION_SEVERITY,NUMBER_KILLED,NUMBER_INJURED,PARTY_COUNT,PRIMARY_COLL_FACTOR,PCF_CODE_OF_VIOL,PCF_VIOL_CATEGORY,PCF_VIOLATION,PCF_VIOL_SUBSECTION,HIT_AND_RUN,TYPE_OF_COLLISION,MVIW,PED_ACTION,ROAD_SURFACE,ROAD_COND_1,ROAD_COND_2,LIGHTING,CONTROL_DEVICE,CHP_ROAD_TYPE,PEDESTRIAN_ACCIDENT,BICYCLE_ACCIDENT,MOTORCYCLE_ACCIDENT,TRUCK_ACCIDENT,NOT_PRIVATE_PROPERTY,ALCOHOL_INVOLVED,STWD_VEHTYPE_AT_FAULT,CHP_VEHTYPE_AT_FAULT,COUNT_SEVERE_INJ,COUNT_VISIBLE_INJ,COUNT_COMPLAINT_PAIN,COUNT_PED_KILLED,COUNT_PED_INJURED,COUNT_BICYCLIST_KILLED,COUNT_BICYCLIST_INJURED,COUNT_MC_KILLED,COUNT_MC_INJURED,PRIMARY_RAMP,SECONDARY_RAMP,LATITUDE,LONGITUDE,COUNTY,CITY,POINT_X,POINT_Y
8567506,2018,2018-03-14,4006,2018-02-01,1050,1515,554,4,5,4,4006,0,0,0,,0,OHV264,"OCEANO DUNES SVRA","POST 4",25.00,E,N,A,-,N,,,,,,,,,,N,4,0,1,2,A,-,03,38305,,M,E,J,A,A,H,-,A,D,0,,,Y,,Y,,C,06,0,0,1,0,0,0,0,0,1,"- ","- ",,,"SAN LUIS OBISPO","SAN LUIS OBISPO",,
8583460,2018,2018-04-05,4008,2018-03-15,1845,2054,,4,5,4,4008,0,0,0,,0,,"PORTOLA RD","CARMELITA AV",0.00,,Y,B,-,N,,,,,,,,,,N,4,0,1,2,A,-,09,21802,A,N,D,C,A,B,H,-,A,A,0,,,,,Y,,A,08,0,0,1,0,0,0,0,0,0,"- ","- ",35.470500946044922,-120.67346954345703,"SAN LUIS OBISPO",ATASCADERO,-120.67336273193359,35.470428466796875
8586043,2018,2018-04-19,4004,2018-03-29,1613,1208,01,4,5,3,4004,0,0,0,,0,1-2,"100TH AV",SPRING,0.00,,Y,A,-,N,,,,,,,,,,Y,4,0,1,2,A,-,09,21802,A,N,D,C,A,A,H,-,A,A,0,,,,,Y,,A,01,0,0,1,0,0,0,0,0,0,"- ","- ",,,"SAN LUIS OBISPO","PASO ROBLES",-120.691259,35.625636999999998
8586277,2018,2018-04-19,4004,2018-04-01,0002,0928,04,7,5,3,4004,0,0,0,,0,"4 8","SANTA YNEZ","SAN AUGUSTINE",10.00,E,N,A,-,N,,,,,,,,,,Y,3,0,1,3,A,-,03,22350,,M,C,E,A,A,H,-,C,D,0,,,,,Y,Y,A,01,0,1,0,0,0,0,0,0,0,"- ","- ",,,"SAN LUIS OBISPO","PASO ROBLES",-120.65773773193359,35.610507965087891
8590791,2018,2018-07-27,4006,2018-03-16,1203,16380,,5,5,4,4006,0,0,0,,0,,"RT 1",BOYSEN,0.00,,Y,C,-,Y,SLO,5,1,-,-,17.490,H,-,N,N,4,0,1,5,A,-,08,22107,,M,C,C,A,B,H,-,A,D,0,,,,,Y,,-,99,0,0,1,0,0,0,0,0,0,"- ","- ",,,"SAN LUIS OBISPO","SAN LUIS OBISPO",-120.66932678222656,35.295803070068359
8598964,2018,2018-04-23,4001,2018-03-13,1232,P0106,463,2,5,3,4001,0,0,0,,0,,"S HALCYON RD","THE PIKE",0.00,,Y,C,-,N,,,,,,,,,,N,3,0,2,2,A,-,09,21802,A,N,D,C,A,B,H,-,A,A,0,,,,,Y,,A,01,0,1,1,0,0,0,0,0,0,"- ","- ",,,"SAN LUIS OBISPO","ARROYO GRANDE",-120.59165191650391,35.106349945068359
8603126,2018,2018-08-22,4006,2018-04-27,1159,60659,,5,5,4,4006,0,0,0,,0,,MADONNA,"RT 101",20.00,E,N,A,-,Y,SLO,5,101,-,-,27.430,R,4,S,Y,3,0,2,3,A,-,03,22350,,N,C,C,A,A,H,-,A,A,0,,,,,Y,,D,22,0,1,1,0,0,0,0,0,0,"- ",SF,35.755260467529297,-120.40318298339844,"SAN LUIS OBISPO","SAN LUIS OBISPO",-120.67373657226562,35.264984130859375
8609014,2018,2018-05-04,4006,2018-04-13,2135,59980,,5,5,4,4006,0,0,0,,0,,PRADO,ELKS,0.00,,Y,A,-,N,,,,,,,,,,Y,3,0,1,1,A,-,01,23152,A,N,E,I,A,A,H,-,C,A,0,,,,,Y,Y,A,01,0,1,0,0,0,0,0,0,0,"- ","- ",35.256278991699219,-120.67417144775391,"SAN LUIS OBISPO","SAN LUIS OBISPO",-120.67420959472656,35.256698608398438
8610940,2018,2018-05-09,4006,2018-04-10,1107,80908,,2,5,4,4006,0,0,0,,0,,OSOS,MARSH,0.00,,Y,A,-,N,,,,,,,,,,N,4,0,1,2,A,-,10,21950,A,F,G,B,B,A,H,-,A,A,0,Y,,,,Y,,-,99,0,0,1,0,1,0,0,0,0,"- ","- ",35.280330657958984,-120.65998077392578,"SAN LUIS OBISPO","SAN LUIS OBISPO",-120.66010284423828,35.280349731445312
8611018,2018,2018-05-15,4006,2018-04-08,2108,65419,,7,5,4,4006,0,0,0,,0,,"LOS OSOS VALLEY RD",ROYAL,0.00,,Y,A,-,N,,,,,,,,,,Y,3,0,3,4,A,-,08,22107,,N,D,C,A,A,H,-,C,A,0,,,,,Y,,A,01,0,2,1,0,0,0,0,0,0,"- ","- ",35.153049468994141,-120.413330078125,"SAN LUIS OBISPO","SAN LUIS OBISPO",-120.69255828857422,35.258609771728516
8611762,2018,2018-04-27,4006,2018-03-28,0810,59980,,3,5,4,4006,0,0,0,,0,,BEEBEE,"SANDER COCK",0.00,,Y,A,-,N,,,,,,,,,,N,3,0,1,2,A,-,12,22450,A,N,D,G,A,A,H,-,A,A,0,,Y,,,Y,,L,04,0,1,0,0,0,0,1,0,0,"- ","- ",,,"SAN LUIS OBISPO","SAN LUIS OBISPO",-120.66799926757812,35.271228790283203
8613750,2018,2018-04-23,4003,2018-02-17,1624,P1561,9,6,5,2,4003,0,0,0,,0,002,"MAIN ST","SAN JOAQUIN ST",208.00,N,N,A,-,N,,,,,,,,,,Y,3,0,1,2,A,-,01,23152,A,N,C,C,A,A,H,-,A,D,0,,,Y,,Y,Y,C,02,0,1,0,0,0,0,0,0,1,"- ","- ",,,"SAN LUIS OBISPO","MORRO BAY",-120.85979461669922,35.392429351806641
8623114,2018,2018-05-30,4006,2018-04-27,2005,15913,,5,5,4,4006,0,0,0,,0,,"TANK FARM RD",BROAD,495.00,W,N,A,-,N,,,,,,,,,,N,3,0,2,1,A,-,08,22107,,N,E,I,A,A,H,-,B,D,0,,,,,Y,Y,A,01,0,1,1,0,0,0,0,0,0,"- ","- ",35.24761962890625,-120.64446258544922,"SAN LUIS OBISPO","SAN LUIS OBISPO",-120.64452362060547,35.247776031494141
8624670,2018,2018-06-06,4006,2018-05-01,1406,27552,,2,5,4,4006,0,0,0,,0,,MEADOW,FUNSTON,0.00,,Y,A,-,N,,,,,,,,,,Y,4,0,1,2,A,-,09,21801,A,N,A,C,A,A,H,-,A,D,0,,,,,Y,,A,01,0,0,1,0,0,0,0,0,0,"- ","- ",35.268409729003906,-120.65814208984375,"SAN LUIS OBISPO","SAN LUIS OBISPO",-120.65818786621094,35.268428802490234
8630144,2018,2018-06-12,4001,2018-04-27,0825,P0136,"46 3",5,5,3,4001,0,0,0,,0,OPERAT,"EL CAMINO REAL","HALCYON RD",0.00,,Y,A,-,N,,,,,,,,,,Y,4,0,2,2,A,-,12,21453,A,N,D,C,A,A,H,-,A,A,0,,,,,Y,,-,"- ",0,0,2,0,0,0,0,0,0,"- ","- ",,,"SAN LUIS OBISPO","ARROYO GRANDE",-120.59158325195312,35.123130798339844
8630528,2018,2018-06-26,4004,2018-05-06,1754,1305,02,7,5,3,4004,0,0,0,,0,2-1,VINE,"9TH ST",28.50,N,N,A,-,N,,,,,,,,,,Y,3,0,1,1,A,-,08,22107,,N,E,I,A,A,H,-,A,D,0,,,,,Y,,A,01,0,1,0,0,0,0,0,0,0,"- ","- ",,,"SAN LUIS OBISPO","PASO ROBLES",-120.69371032714844,35.623497009277344
8643454,2018,2018-06-26,4008,2018-06-14,2300,1053,,4,5,4,4008,0,0,0,,0,,"ARDILLA RD","TRAFFIC WY",950.00,N,N,A,-,N,,,,,,,,,,Y,3,0,1,1,A,-,01,23152,A,M,E,I,A,A,H,-,D,D,0,,,,,Y,Y,A,01,0,1,0,0,0,0,0,0,0,"- ","- ",35.488140106201172,-120.67118072509766,"SAN LUIS OBISPO",ATASCADERO,-120.67115020751953,35.488090515136719
8644036,2018,2018-06-27,4006,2018-05-19,0841,60235,,6,5,4,4006,0,0,0,,0,,"OLD WINDMILL","TANK FARM",8.00,N,N,A,-,N,,,,,,,,,,Y,3,0,1,2,A,-,08,22107,,F,D,C,A,A,H,-,A,A,0,,,,,Y,,-,99,0,1,0,0,0,0,0,0,0,"- ","- ",34.246231079101562,-120.66825103759766,"SAN LUIS OBISPO","SAN LUIS OBISPO",,
8650611,2018,2018-09-28,4002,2018-08-05,1522,311,,7,5,3,4002,0,0,0,,0,,"W GRAND AV","W GRAND AV 701",0.00,,Y,A,-,N,,,,,,,,,,N,4,0,3,2,A,-,09,21804,A,N,D,C,A,A,H,-,A,A,0,,,,,Y,,A,01,0,0,3,0,0,0,0,0,0,"- ","- ",,,"SAN LUIS OBISPO","GROVER BEACH",-120.622508,35.121533999999997
8652135,2018,2018-07-31,4001,2018-05-21,1434,P0106,461,1,5,3,4001,0,0,0,,0,OPERAT,"E BRANCH ST","SHORT ST",27.00,E,N,A,-,N,,,,,,,,,,Y,3,0,1,1,A,-,08,22107,,N,E,I,A,A,H,-,A,D,0,,,,,Y,,A,01,0,1,0,0,0,0,0,0,0,"- ","- ",,,"SAN LUIS OBISPO","ARROYO GRANDE",-120.57756805419922,35.123992919921875
8652430,2017,2018-07-20,4005,2017-09-17,1559,P110,6,7,5,2,4005,0,0,0,,0,,"RT 1","FRADY LN",45.00,S,N,A,-,Y,SLO,5,1,-,-,1.504,H,-,N,Y,3,0,2,2,A,-,03,22350,,N,C,C,A,A,H,-,A,D,0,,,,,Y,,A,01,0,1,1,0,0,0,0,0,0,"- ","- ",,,"SAN LUIS OBISPO","PISMO BEACH",-120.57053188,34.99930277
8652603,2018,2018-08-21,4008,2018-06-30,0104,2030,,6,5,4,4008,0,0,0,,0,,"MORRO RD","OLD MORRO RD EAST W",182.00,E,N,A,-,Y,SLO,5,41,-,-,13.720,H,-,N,Y,4,0,1,1,A,-,03,22350,,N,E,I,A,A,H,-,D,D,0,,,,,Y,,A,01,0,0,1,0,0,0,0,0,0,"- ","- ",35.459300994873047,-120.68189239501953,"SAN LUIS OBISPO",ATASCADERO,-120.68228149414062,35.459445953369141
8665389,2018,2018-07-31,4005,2018-06-29,1436,P090,7,5,5,2,4005,0,0,0,,0,,"4TH ST","FIVE CITIES DR",180.00,W,N,A,-,N,,,,,,,,,,N,4,0,1,2,A,-,03,22350,,N,C,C,A,A,H,-,A,D,0,,,,,Y,,A,01,0,0,1,0,0,0,0,0,0,"- ","- ",,,"SAN LUIS OBISPO","PISMO BEACH",-120.62226104736328,35.13525390625
8665409,2018,2018-10-11,4001,2018-06-27,2500,P0123,461,3,5,3,4001,0,0,0,,0,OPERAT,"CORBETT CANYON RD","WILDWOOD DR",0.00,,Y,B,-,N,,,,,,,,,,Y,4,0,1,3,A,-,09,21804,A,N,D,C,A,A,H,-,A,D,0,,,Y,,Y,,A,07,0,0,1,0,0,0,0,0,1,"- ","- ",,,"SAN LUIS OBISPO","ARROYO GRANDE",-120.571478,35.129029000000003
8671170,2018,2018-10-11,4008,2018-07-25,1121,3152,,3,5,4,4008,0,0,0,,0,,"EL CAMINO REAL","SAN BENITO RD",0.00,,Y,A,-,N,,,,,,,,,,Y,3,0,3,2,A,-,09,21801,A,N,D,C,A,A,H,-,A,D,0,,,,,Y,,A,01,0,2,1,0,0,0,0,0,0,"- ","- ",35.507118225097656,-120.69281768798828,"SAN LUIS OBISPO",ATASCADERO,-120.69283294677734,35.507110595703125
8674282,2018,2018-10-25,4004,2018-07-13,1018,0430,03,5,5,3,4004,0,0,0,,0,033,"RT 46 E","BUENA VISTA",1584.00,E,N,A,-,Y,SLO,5,46,-,-,30.810,H,-,W,Y,4,0,1,2,A,-,03,22350,,N,C,C,A,A,H,-,A,D,0,,,,,Y,,D,22,0,0,1,0,0,0,0,0,0,"- ","- ",,,"SAN LUIS OBISPO","PASO ROBLES",-120.66667175292969,35.644634246826172
8675248,2018,2018-08-22,4006,2018-08-01,1531,80908,,3,5,4,4006,0,0,0,,0,,FOOTHILL,CALIFORNIA,185.00,W,N,A,-,N,,,,,,,,,,Y,4,0,2,2,A,-,03,22350,,N,C,C,A,A,H,-,A,A,0,,,,,Y,,A,01,0,0,2,0,0,0,0,0,0,"- ","- ",35.294849395751953,-120.66425323486328,"SAN LUIS OBISPO","SAN LUIS OBISPO",-120.66445159912109,35.294826507568359
8675713,2018,2018-08-23,4006,2018-07-24,1423,62657,,2,5,4,4006,0,0,0,,0,,MORRO,MARSH,10.00,S,N,A,-,N,,,,,,,,,,N,3,0,1,3,A,-,10,21950,A,N,G,B,B,A,H,-,A,A,0,Y,,,,Y,,A,07,0,1,0,0,1,0,0,0,0,"- ","- ",35.279758453369141,-120.66091156005859,"SAN LUIS OBISPO","SAN LUIS OBISPO",-120.66100311279297,35.279788970947266
8675717,2018,2018-08-23,4006,2018-07-02,1404,16380,,1,5,4,4006,0,0,0,,0,,"SANTA ROSA",HIGUERA,0.00,,Y,A,-,N,,,,,,,,,,N,4,0,1,2,A,-,09,21801,A,N,A,C,A,A,H,-,A,A,0,,,,,Y,,A,01,0,0,1,0,0,0,0,0,0,"- ","- ",35.281890869140625,-120.65940093994141,"SAN LUIS OBISPO","SAN LUIS OBISPO",-120.65940093994141,35.281970977783203
8676643,2018,2018-12-28,4004,2018-08-03,0832,1208,03,5,5,3,4004,0,0,0,,0,034,"RT 46 E",UNION,0.00,,Y,A,-,Y,SLO,5,46,-,-,38.610,I,5,W,Y,4,0,1,2,A,-,09,21801,A,N,D,C,A,A,H,-,A,D,0,,,,,Y,,A,01,0,0,1,0,0,0,0,0,0,"- ","- ",,,"SAN LUIS OBISPO","PASO ROBLES",-120.53399658203125,35.655387878417969
8685368,2018,2018-10-04,4004,2018-07-19,1216,376,2,4,5,3,4004,0,0,0,,0,037,"AVENIDA DEL SOL","VIA PROMESIA",22.00,W,N,A,-,N,,,,,,,,,,Y,4,0,6,1,A,-,03,22350,,N,E,I,A,A,H,-,A,A,0,,,,,Y,,A,01,0,0,6,0,0,0,0,0,0,"- ","- ",35.632289886474609,-120.67681121826172,"SAN LUIS OBISPO","PASO ROBLES",-120.67698669433594,35.632511138916016
8689199,2018,2018-12-28,4008,2018-08-18,1918,4044,,6,5,4,4008,0,0,0,,0,,"MORRO RD","SANTA YSABEL AV",0.00,,Y,A,-,Y,SLO,5,41,-,R,16.063,I,5,S,N,2,0,2,3,A,-,03,22350,,N,G,-,B,A,H,-,A,A,0,Y,,,,Y,,-,"- ",2,0,0,0,2,0,0,0,0,"- ","- ",35.486099243164062,-120.66484832763672,"SAN LUIS OBISPO",ATASCADERO,-120.66399383544922,35.487590789794922
8691630,2018,2018-09-20,4005,2018-08-09,0939,P090,11,4,5,2,4005,0,0,0,,0,,"4TH ST","JAMES WY",168.00,W,N,A,-,N,,,,,,,,,,N,4,0,1,2,A,-,03,22350,,N,C,C,A,A,H,-,A,D,0,,,,,Y,,A,07,0,0,1,0,0,0,0,0,0,"- ","- ",,,"SAN LUIS OBISPO","PISMO BEACH",-120.62164306640625,35.137378692626953
8693184,2018,2018-09-27,4006,2018-08-21,1101,80908,,2,5,4,4006,0,0,0,,0,,"SANTA BARBARA",ROUNDHOUSE,102.00,N,N,A,-,N,,,,,,,,,,Y,3,0,1,2,A,-,08,22107,,N,D,G,A,A,H,-,A,A,0,,Y,,,Y,,L,04,0,1,0,0,0,0,1,0,0,"- ","- ",35.270900726318359,-120.65634918212891,"SAN LUIS OBISPO","SAN LUIS OBISPO",-120.65632629394531,35.270771026611328
8695557,2018,2018-09-24,4003,2018-08-18,2022,P1561,5,6,5,2,4003,0,0,0,,0,001,"SOUTH BAY BL","QUINTANA RD",1320.00,S,N,B,-,N,,,,,,,,,,Y,2,0,1,1,D,-,00,,,N,F,I,A,A,H,-,D,D,0,,,,,Y,,-,"- ",1,0,0,0,0,0,0,0,0,"- ","- ",,,"SAN LUIS OBISPO","MORRO BAY",-120.82673645019531,35.359256744384766
8712779,2018,2018-11-15,4004,2018-10-03,1600,1277,01,3,5,3,4004,0,0,0,,0,014,"SPRING ST",21ST,198.00,S,N,A,-,N,,,,,,,,,,N,4,0,1,2,A,-,11,21954,A,N,G,B,D,A,H,-,A,D,0,Y,,,,Y,,N,60,0,0,1,0,1,0,0,0,0,"- ","- ",,,"SAN LUIS OBISPO","PASO ROBLES",-120.692138671875,35.635498046875
8719872,2018,2018-10-23,4006,2018-09-29,1929,66493,,6,5,4,4006,0,0,0,,0,,ORCUTT,BROAD,0.00,,Y,A,-,N,,,,,,,,,,N,2,0,1,2,D,-,00,,,F,A,G,A,A,H,-,C,D,0,,Y,,,Y,Y,-,"- ",1,0,0,0,0,0,1,0,0,"- ","- ",35.261371612548828,-120.64939880371094,"SAN LUIS OBISPO","SAN LUIS OBISPO",-120.64994812011719,35.261280059814453
8719876,2018,2018-10-23,4006,2018-09-19,0814,80908,,3,5,4,4006,0,0,0,,0,,BONETTI,EMPRESA,189.00,E,N,B,-,N,,,,,,,,,,N,2,0,1,2,A,-,17,22517,,N,H,G,A,A,H,-,A,D,0,,Y,,,Y,,A,01,1,0,0,0,0,0,1,0,0,"- ","- ",35.252479553222656,-120.66645050048828,"SAN LUIS OBISPO","SAN LUIS OBISPO",-120.66643524169922,35.252532958984375
8729494,2018,2019-01-09,4004,2018-10-24,0555,0890,03,3,5,3,4004,0,0,0,,0,3-4,"GOLDEN HILL RD","DALLONS RD",0.00,,Y,A,-,N,,,,,,,,,,Y,4,0,1,2,A,-,09,21802,A,N,D,C,A,A,H,-,C,A,0,,,,,Y,,D,22,0,0,1,0,0,0,0,0,0,"- ","- ",,,"SAN LUIS OBISPO","PASO ROBLES",-120.6580810546875,35.647140502929688
8735864,2019,2019-04-12,4004,2019-02-19,1533,1353,41,2,5,3,4004,0,0,0,,0,004,"SOUTH RIVER RD","NIBLICK RD",411.00,N,N,A,-,N,,,,,,,,,,,2,0,1,2,A,-,10,21950,A,N,G,B,C,A,H,-,A,D,0,Y,,,Y,Y,,F,26,1,0,0,0,1,0,0,0,0,"- ","- ",,,"SAN LUIS OBISPO","PASO ROBLES",-120.68041229248047,35.616142272949219
8737716,2018,2018-11-26,4008,2018-11-03,2141,2032,,6,5,4,4008,0,0,0,,0,,"DEL RIO RD","SAN RAMON RD",460.00,E,N,A,-,N,,,,,,,,,,Y,2,0,5,1,A,-,03,22350,,N,F,A,A,A,H,-,C,D,0,,,,,Y,,A,07,1,4,0,0,0,0,0,0,0,"- ","- ",35.512119293212891,-120.70262908935547,"SAN LUIS OBISPO",ATASCADERO,-120.70119476318359,35.512611389160156
8737720,2018,2018-11-26,4008,2018-11-02,0648,2032,,5,5,4,4008,0,0,0,,0,,"EL CAMINO REAL","MONTECITO AV",0.00,,Y,A,-,N,,,,,,,,,,N,4,0,1,2,A,-,09,21803,A,N,H,G,A,A,H,-,A,A,0,,Y,,,Y,,A,01,0,0,1,0,0,0,1,0,0,"- ","- ",35.466018676757812,-120.46891784667969,"SAN LUIS OBISPO",ATASCADERO,-120.6488037109375,35.466159820556641
8744261,2018,2019-01-11,4001,2018-10-15,1724,P0115,46-1,1,5,3,4001,0,0,0,,0,OPERAT,"WEST BRANCH ST","TRAFFIC WY",0.00,,Y,A,-,N,,,,,,,,,,Y,4,0,1,2,A,-,09,21801,A,N,A,C,A,A,H,-,A,A,0,,,,,Y,,A,01,0,0,1,0,0,0,0,0,0,"- ","- ",,,"SAN LUIS OBISPO","ARROYO GRANDE",-120.58126831054688,35.122531890869141
8758555,2018,2018-12-19,4001,2018-11-07,1502,P0131,463,3,5,3,4001,0,0,0,,0,OPERAT,"FAIR OAKS AV","S HALCYON RD",0.00,,Y,A,-,N,,,,,,,,,,Y,4,0,2,2,A,-,03,22350,,N,C,C,A,A,H,-,A,A,0,,,,,Y,,A,07,0,0,2,0,0,0,0,0,0,"- ","- ",,,"SAN LUIS OBISPO","ARROYO GRANDE",-120.59160614013672,35.11273193359375
8763933,2018,2019-01-24,4002,2018-12-05,0714,138,,3,5,3,4002,0,0,0,,0,,"W GRAND AV","RT 1",0.00,,Y,B,-,Y,SLO,5,1,-,-,14.100,I,5,N,N,3,0,1,2,A,-,10,21950,A,N,A,B,B,A,H,-,A,A,0,Y,,,,Y,,D,22,0,1,0,0,1,0,0,0,0,"- ","- ",,,"SAN LUIS OBISPO","GROVER BEACH",-120.62980651855469,35.121986389160156
8764431,2018,2019-01-07,4001,2018-11-05,1935,P0114,462,1,5,3,4001,0,0,0,,0,OPERAT,"RANCHO PKWY","BRANCH ST",108.00,N,N,A,-,N,,,,,,,,,,Y,3,0,1,1,A,-,08,22107,,N,A,I,A,A,H,-,C,D,0,,,,,Y,,A,08,0,1,0,0,0,0,0,0,0,"- ","- ",,,"SAN LUIS OBISPO","ARROYO GRANDE",-120.59542083740234,35.126071929931641
8765514,2018,2019-04-30,4006,2018-11-15,1838,78664,,4,5,4,4006,0,0,0,,0,,FOOTHILL,CHORRO,0.00,,Y,A,-,N,,,,,,,,,,Y,4,0,1,3,A,-,04,21703,,N,A,C,A,A,H,-,C,A,0,,,,Y,Y,,F,24,0,0,1,0,0,0,0,0,0,"- ","- ",35.294090270996094,-120.67037963867188,"SAN LUIS OBISPO","SAN LUIS OBISPO",-120.67095947265625,35.294090270996094
8775323,2019,2019-03-29,4004,2019-01-02,0442,890,,3,5,3,4004,0,0,0,,0,,"CRESTON RD","NIBLICK RD",18.00,N,N,A,-,N,,,,,,,,,,,3,0,1,2,A,-,"- ",,,N,A,C,A,A,H,-,C,A,0,,,,,Y,,-,"- ",0,1,0,0,0,0,0,0,0,"- ","- ",,,"SAN LUIS OBISPO","PASO ROBLES",-120.65912628173828,35.615798950195312
8778877,2019,2019-02-26,4004,2019-01-04,1611,1305,02,5,5,3,4004,0,0,0,,0,027,"SPRING ST","2ND ST",162.00,N,N,A,-,N,,,,,,,,,,Y,3,0,2,4,A,-,03,22350,,N,C,C,A,A,H,-,A,A,0,,,,,Y,,A,01,0,1,1,0,0,0,0,0,0,"- ","- ",,,"SAN LUIS OBISPO","PASO ROBLES",-120.6905517578125,35.616863250732422
8783796,2018,2019-02-08,4006,2018-12-13,1853,66493,,4,5,4,4006,0,0,0,,0,,BROAD,LEFF,0.00,,N,A,-,N,,,,,,,,,,N,4,0,1,2,A,-,11,21954,A,N,G,B,E,A,-,-,C,D,0,Y,,,,Y,,N,60,0,0,1,0,1,0,0,0,0,"- ","- ",,,"SAN LUIS OBISPO","SAN LUIS OBISPO",-120.66037750244141,35.274299621582031
8787022,2018,2019-02-28,4004,2018-11-28,1731,1373,45,3,5,3,4004,0,0,0,,0,002,"NIBLICK RD","SPRING ST",488.00,E,N,B,-,N,,,,,,,,,,Y,3,0,6,4,A,-,03,22350,,N,C,C,A,B,H,-,C,D,0,,,,,Y,,A,01,0,2,4,0,0,0,0,0,0,"- ","- ",,,"SAN LUIS OBISPO","PASO ROBLES",-120.68881988525391,35.615219116210938
8787402,2018,2019-02-15,4006,2018-12-12,1934,68099,,3,5,4,4006,0,0,0,,0,,"SANTA ROSA",MURRAY,0.00,,Y,A,-,Y,SLO,5,1,-,-,17.090,H,-,N,N,4,0,1,2,A,-,03,22350,,N,C,C,A,A,H,-,C,A,0,,,,,Y,,D,22,0,0,1,0,0,0,0,0,0,"- ","- ",35.290370941162109,-120.66668701171875,"SAN LUIS OBISPO","SAN LUIS OBISPO",-120.66676330566406,35.290557861328125
8789145,2018,2019-02-12,4004,2018-01-04,0830,0376,01,4,5,3,4004,0,0,0,,0,"1 2","NACIMIENTO LAKE RD","MUSTANG SPRINGS RD",309.00,E,N,B,-,N,,,,,,,,,,Y,4,0,2,2,A,-,03,22350,,N,A,C,A,B,H,-,A,A,0,,,,Y,Y,,F,26,0,0,2,0,0,0,0,0,0,"- ","- ",,,"SAN LUIS OBISPO","PASO ROBLES",-120.70281982421875,35.643302917480469
8803292,2019,2019-02-22,4006,2019-01-19,2009,10938,4006,6,5,4,4006,0,0,0,,0,,MONTEREY,GRAND,0.00,,Y,A,-,N,,,,,,,,,,Y,4,0,1,2,A,-,17,21457,B,N,D,C,A,A,H,-,C,A,0,,,,,Y,,A,01,0,0,1,0,0,0,0,0,0,"- ","- ",35.288631439208984,-120.65174865722656,"SAN LUIS OBISPO","SAN LUIS OBISPO",-120.65170288085938,35.288581848144531
8803296,2019,2019-02-25,4006,2019-01-18,0454,80908,,5,5,4,4006,0,0,0,,0,,HIGUERA,VACHELL,0.00,,Y,A,-,N,,,,,,,,,,Y,4,0,2,2,A,-,09,21802,A,N,D,C,A,B,H,-,A,A,0,,,,,Y,,A,07,0,0,2,0,0,0,0,0,0,"- ","- ",35.243038177490234,-120.67591094970703,"SAN LUIS OBISPO","SAN LUIS OBISPO",-120.67598724365234,35.243110656738281
8809149,2019,2019-05-21,4006,2019-01-24,1250,68370,,4,5,4,4006,0,0,0,,0,,BROAD,"BROAD 2900",0.00,,N,A,-,N,,,,,,,,,,Y,4,0,1,2,A,-,09,21804,A,N,D,C,A,A,H,-,A,D,0,,,,,Y,,A,01,0,0,1,0,0,0,0,0,0,"- ","- ",35.263080596923828,-120.65129852294922,"SAN LUIS OBISPO","SAN LUIS OBISPO",,
8809340,2019,2019-05-23,4001,2019-01-24,0832,P0127,463,4,5,3,4001,0,0,0,,0,190011,"EAST GRAND AV","E GRAND AV 300",0.00,,N,A,-,N,,,,,,,,,,N,2,0,1,2,A,-,09,21804,A,N,D,C,A,A,H,-,A,A,0,,,,,Y,,A,01,1,0,0,0,0,0,0,0,0,"- ","- ",,,"SAN LUIS OBISPO","ARROYO GRANDE",-120.58561,35.120736000000001
8810212,2019,2019-04-18,4002,2019-03-01,2125,368,,5,5,3,4002,0,0,0,,0,,"W GRAND AV","14TH ST",306.00,E,N,A,-,N,,,,,,,,,,N,3,0,1,2,D,-,00,,,N,C,E,A,A,H,-,C,A,0,,Y,,,Y,,-,"- ",0,1,0,0,0,0,1,0,0,"- ","- ",,,"SAN LUIS OBISPO","GROVER BEACH",-120.61309814453125,35.121139526367188
8813782,2019,2019-05-08,4008,2019-02-06,0658,4055,,3,5,4,4008,0,0,0,,0,,"MORRO RD","FROG HOLLOW DR",175.00,E,N,C,-,Y,SLO,5,41,-,-,10.780,H,-,S,Y,4,0,1,1,A,-,03,22350,,N,E,I,A,B,H,-,A,D,0,,,,,Y,,D,22,0,0,1,0,0,0,0,0,0,"- ","- ",35.458808898925781,-120.72644805908203,"SAN LUIS OBISPO",ATASCADERO,-120.72525024414062,35.45892333984375
8814897,2019,2019-03-07,4008,2019-02-22,0748,2112,,5,5,4,4008,0,0,0,,0,,"EL CAMINO REAL","ARCADE RD",12.00,N,N,A,-,N,,,,,,,,,,Y,4,0,2,2,A,-,08,22107,,N,D,C,A,A,H,-,A,D,0,,,,,Y,,A,01,0,0,2,0,0,0,0,0,0,"- ","- ",35.473838806152344,-120.65409851074219,"SAN LUIS OBISPO",ATASCADERO,-120.65422058105469,35.473831176757812