CASE_ID,ACCIDENT_YEAR,PROC_DATE,JURIS,COLLISION_DATE,COLLISION_TIME,OFFICER_ID,REPORTING_DISTRICT,DAY_OF_WEEK,CHP_SHIFT,POPULATION,CNTY_CITY_LOC,SPECIAL_COND,BEAT_TYPE,CHP_BEAT_TYPE,CITY_DIVISION_LAPD,CHP_BEAT_CLASS,BEAT_NUMBER,PRIMARY_RD,SECONDARY_RD,DISTANCE,DIRECTION,INTERSECTION,WEATHER_1,WEATHER_2,STATE_HWY_IND,CALTRANS_COUNTY,CALTRANS_DISTRICT,STATE_ROUTE,ROUTE_SUFFIX,POSTMILE_PREFIX,POSTMILE,LOCATION_TYPE,RAMP_INTERSECTION,SIDE_OF_HWY,TOW_AWAY,COLLISION_SEVERITY,NUMBER_KILLED,NUMBER_INJURED,PARTY_COUNT,PRIMARY_COLL_FACTOR,PCF_CODE_OF_VIOL,PCF_VIOL_CATEGORY,PCF_VIOLATION,PCF_VIOL_SUBSECTION,HIT_AND_RUN,TYPE_OF_COLLISION,MVIW,PED_ACTION,ROAD_SURFACE,ROAD_COND_1,ROAD_COND_2,LIGHTING,CONTROL_DEVICE,CHP_ROAD_TYPE,PEDESTRIAN_ACCIDENT,BICYCLE_ACCIDENT,MOTORCYCLE_ACCIDENT,TRUCK_ACCIDENT,NOT_PRIVATE_PROPERTY,ALCOHOL_INVOLVED,STWD_VEHTYPE_AT_FAULT,CHP_VEHTYPE_AT_FAULT,COUNT_SEVERE_INJ,COUNT_VISIBLE_INJ,COUNT_COMPLAINT_PAIN,COUNT_PED_KILLED,COUNT_PED_INJURED,COUNT_BICYCLIST_KILLED,COUNT_BICYCLIST_INJURED,COUNT_MC_KILLED,COUNT_MC_INJURED,PRIMARY_RAMP,SECONDARY_RAMP,LATITUDE,LONGITUDE,COUNTY,CITY,POINT_X,POINT_Y
8827387,2019,2019-04-04,4006,2019-02-28,1212,30311,,4,5,4,4006,0,0,0,,0,,GRAND,"MCCOLLUM ST",170.00,N,N,A,-,N,,,,,,,,,,N,3,0,1,2,A,-,08,22107,,N,D,G,A,A,H,-,A,D,0,,Y,,,Y,,A,08,0,1,0,0,0,0,1,0,0,"- ","- ",35.294609069824219,-120.65331268310547,"SAN LUIS OBISPO","SAN LUIS OBISPO",-120.65327453613281,35.294635772705078
8833200,2019,2019-04-12,4006,2019-03-18,1241,30311,,1,5,4,4006,0,0,0,,0,,MADONNA,DALIDIO,0.00,,Y,A,-,N,,,,,,,,,,Y,2,0,3,2,A,-,12,21453,A,N,D,C,A,A,H,-,A,A,0,,,,,Y,,A,01,1,2,0,0,0,0,0,0,0,"- ","- ",35.261348724365234,-120.68015289306641,"SAN LUIS OBISPO","SAN LUIS OBISPO",-120.68013000488281,35.261318206787109
8844417,2019,2019-04-26,4002,2019-04-09,0656,502,,2,5,3,4002,0,0,0,,0,,"S 7TH ST","TROUVILLE AV",0.00,,Y,A,-,N,,,,,,,,,,N,4,0,1,2,A,-,12,22450,A,N,D,D,A,A,H,-,A,A,0,,,,,Y,,-,,0,0,1,0,0,0,0,0,0,"- ","- ",,,"SAN LUIS OBISPO","GROVER BEACH",-120.62310028076172,35.116519927978516
8845413,2019,2019-04-26,4001,2019-03-15,1752,P0143,"46  1",5,5,3,4001,0,0,0,,0,OPERAT,"BRANCH ST","MASON ST",112.00,E,N,A,-,N,,,,,,,,,,Y,4,0,1,2,A,-,09,21804,A,N,D,C,A,A,H,-,A,D,0,,,Y,,Y,,A,07,0,0,1,0,0,0,0,0,1,"- ","- ",,,"SAN LUIS OBISPO","ARROYO GRANDE",-120.57636260986328,35.124568939208984
8848517,2019,2019-04-26,4006,2019-04-02,1059,16380,,2,5,4,4006,0,0,0,,0,,MILL,CHORRO,0.00,,Y,A,-,N,,,,,,,,,,N,4,0,1,2,A,-,09,21802,A,N,D,C,A,A,H,-,A,A,0,,,,,Y,,A,01,0,0,1,0,0,0,0,0,0,"- ","- ",35.282230377197266,-120.66497039794922,"SAN LUIS OBISPO","SAN LUIS OBISPO",-120.66497039794922,35.282249450683594
8850279,2019,2019-05-01,4008,2019-04-17,1014,4113,,3,5,4,4008,0,0,0,,0,,"TRAFFIC WY","EL CAMINO REAL",30.00,W,N,A,-,N,,,,,,,,,,N,4,0,1,2,A,-,03,22350,,N,C,C,A,A,H,-,A,A,0,,,,,Y,,A,08,0,0,1,0,0,0,0,0,0,"- ","- ",35.489368438720703,-120.67031097412109,"SAN LUIS OBISPO",ATASCADERO,-120.67044830322266,35.489299774169922
8873976,2019,2019-06-11,4006,2019-04-19,1438,68099,,5,5,4,4006,0,0,0,,0,,"TANK FARM","SANTA FE",490.00,E,N,A,-,N,,,,,,,,,,N,4,0,1,2,A,-,12,21453,A,N,D,C,A,A,H,-,A,A,0,,,Y,,Y,,A,01,0,0,1,0,0,0,0,0,1,"- ","- ",35.274280548095703,-120.64572143554688,"SAN LUIS OBISPO","SAN LUIS OBISPO",-120.64582061767578,35.247280120849609
8875770,2019,2019-11-07,4004,2019-05-12,1828,1382,,7,5,3,4004,0,0,0,,0,001,"24TH ST","RT 101",0.00,,Y,A,-,Y,SLO,5,101,-,-,58.056,R,4,N,,4,0,1,2,A,-,21,22106,,N,C,C,A,A,H,-,A,D,0,,,,,Y,,A,01,0,0,1,0,0,0,0,0,0,"- ",NO,,,"SAN LUIS OBISPO","PASO ROBLES",-120.68611145019531,35.644557952880859
8890651,2019,2020-01-02,4004,2019-06-09,1202,1306,,7,5,3,4004,0,0,0,,0,,"RT 46 E","GOLDEN HILL RD",832.00,E,N,A,-,Y,SLO,5,46,-,-,31.470,H,-,W,,4,0,1,2,A,-,04,21703,,N,C,C,A,A,H,-,A,D,0,,,,,Y,,A,07,0,0,1,0,0,0,0,0,0,"- ","- ",35.644428253173828,-120.657958984375,"SAN LUIS OBISPO","PASO ROBLES",-120.65525817871094,35.644630432128906
8890986,2019,2019-07-16,4008,2019-06-15,0130,3125,,6,5,4,4008,0,0,0,,0,,"BALBOA RD","ALTURAS RD",463.00,N,N,A,-,N,,,,,,,,,,Y,3,0,2,1,A,-,03,22350,,N,E,I,A,A,H,-,D,D,0,,,,,Y,,A,01,0,2,0,0,0,0,0,0,0,"- ","- ",35.504531860351562,-120.71839904785156,"SAN LUIS OBISPO",ATASCADERO,-120.71934509277344,35.505641937255859
8896857,2019,2019-07-29,4001,2019-06-26,1401,P0148,463,3,5,3,4001,0,0,0,,0,OPERAT,"EAST GRAND AV","E GRAND AV 611",0.00,,N,A,-,N,,,,,,,,,,N,4,0,1,2,A,-,09,21804,A,N,D,C,A,A,H,-,A,D,0,,,Y,,Y,,A,01,0,0,1,0,0,0,0,0,1,"- ","- ",,,"SAN LUIS OBISPO","ARROYO GRANDE",-120.58849600000001,35.119734999999999
8907138,2019,2019-08-09,4008,2019-06-25,1209,4044,,2,5,4,4008,0,0,0,,0,,"CHAUPLIN AV","SANTA LUCIA RD",520.00,N,N,A,-,N,,,,,,,,,,N,3,0,3,1,A,-,03,22350,,N,E,I,A,A,H,-,A,D,0,,,,,Y,,A,01,0,2,1,0,0,0,0,0,0,"- ","- ",35.483791351318359,-120.67788696289062,"SAN LUIS OBISPO",ATASCADERO,-120.67935943603516,35.484550476074219
8913722,2019,2019-11-14,4004,2019-07-20,1309,1304,,6,5,3,4004,0,0,0,,0,,"SPRING ST","NIBLICK RD",70.00,N,N,A,-,Y,SLO,5,101,-,-,55.288,R,4,N,N,4,0,1,1,A,-,08,22107,,N,E,I,A,A,H,-,A,A,0,,,Y,,Y,,C,02,0,0,1,0,0,0,0,0,1,"- ","- ",35.615200042724609,-120.69049835205078,"SAN LUIS OBISPO","PASO ROBLES",-120.69224548339844,35.605949401855469
8926595,2019,2019-08-27,4006,2019-07-12,2113,65419,,5,5,4,4006,0,0,0,,0,,CALIFORNIA,PALM,103.00,N,N,A,-,N,,,,,,,,,,N,3,0,1,2,A,-,17,21200,A,N,G,G,A,A,H,-,A,D,0,,Y,,,Y,,A,08,0,1,0,0,0,0,1,0,0,"- ","- ",35.171348571777344,-120.39193725585938,"SAN LUIS OBISPO","SAN LUIS OBISPO",-120.65543365478516,35.287029266357422
8926599,2019,2019-08-27,4006,2019-07-25,1112,80908,,4,5,4,4006,0,0,0,,0,,LAUREL,SOUTHWOOD,0.00,,Y,A,-,N,,,,,,,,,,Y,3,0,3,2,D,-,00,,,N,A,C,A,A,H,-,A,A,0,,,,,Y,,-,"- ",0,1,2,0,0,0,0,0,0,"- ","- ",35.365261077880859,-120.64070892333984,"SAN LUIS OBISPO","SAN LUIS OBISPO",-120.64069366455078,35.265281677246094
8932133,2019,2020-01-08,4006,2019-08-15,1413,80908,,4,5,4,4006,0,0,0,,0,,MODANNA,"RT 101",100.00,W,N,A,-,Y,SLO,5,101,-,-,27.180,R,4,S,N,4,0,1,2,A,-,21,22106,,N,C,C,A,A,H,-,A,A,0,,,,Y,Y,,F,25,0,0,1,0,0,0,0,0,0,"- ",SO,35.264080047607422,-120.67617797851562,"SAN LUIS OBISPO","SAN LUIS OBISPO",-120.67359924316406,35.261360168457031
8932137,2019,2019-10-03,4006,2019-08-19,1443,15935,,1,5,4,4006,0,0,0,,0,002,"LOS OSOS VALLEY RD","CALLE JOAQUIN",596.00,W,N,A,-,N,,,,,,,,,,N,4,0,2,3,A,-,03,22350,,N,C,C,A,A,H,-,A,D,0,,,,,Y,,D,22,0,0,2,0,0,0,0,0,0,"- ","- ",35.14862060546875,-120.4102783203125,"SAN LUIS OBISPO","SAN LUIS OBISPO",-120.68387603759766,35.248210906982422
8932242,2019,2019-09-17,4006,2019-08-16,2030,65419,,5,5,4,4006,0,0,0,,0,,MONTEREY,MORRO,0.00,,Y,A,-,N,,,,,,,,,,N,3,0,1,2,A,-,12,21453,A,N,G,G,A,A,H,-,B,A,0,,Y,,,Y,,A,01,0,1,0,0,0,0,1,0,0,"- ","- ",35.281238555908203,-120.66227722167969,"SAN LUIS OBISPO","SAN LUIS OBISPO",-120.66232299804688,35.281269073486328
8933616,2019,2019-09-12,4002,2019-08-19,1121,368,,1,5,3,4002,0,0,0,,0,,"S 4TH ST","S 4TH ST 100",0.00,,Y,A,-,N,,,,,,,,,,N,4,0,1,1,A,-,03,22350,,N,H,I,A,A,A,-,A,A,0,,Y,,,Y,,L,04,0,0,1,0,0,0,1,0,0,"- ","- ",,,"SAN LUIS OBISPO","GROVER BEACH",,
8934881,2019,2019-12-14,4004,2019-06-12,0929,575,,3,5,3,4004,0,0,0,,0,,"CRESTON RIDGE RD","NIBLICK RD",55.00,N,N,A,-,N,,,,,,,,,,N,3,0,1,2,A,-,08,22107,,N,B,C,A,A,H,-,A,A,0,,,,,Y,,A,01,0,1,0,0,0,0,0,0,0,"- ","- ",35.614768981933594,-120.65933227539062,"SAN LUIS OBISPO","PASO ROBLES",-120.65913391113281,35.615913391113281
8937072,2019,2019-09-20,4008,2019-08-24,0824,4080,,6,5,4,4008,0,0,0,,0,,"CURBARIL AV","SOMBRILLA AV",401.00,W,N,A,-,N,,,,,,,,,,Y,4,0,1,1,A,-,01,23152,A,N,E,I,A,A,H,-,A,D,0,,,,,Y,Y,A,01,0,0,1,0,0,0,0,0,0,"- ","- ",35.482269287109375,-120.6536865234375,"SAN LUIS OBISPO",ATASCADERO,-120.65411376953125,35.481208801269531
8939140,2019,2019-11-13,4004,2019-09-19,1028,1208,,4,5,3,4004,0,0,0,,0,,"RIVER RD","13TH ST",165.00,W,N,A,-,N,,,,,,,,,,N,1,1,0,2,B,-,22,,,N,G,B,E,A,H,-,A,D,0,Y,,,,Y,,D,22,0,0,0,1,0,0,0,0,0,"- ","- ",35.629081726074219,-120.68315887451172,"SAN LUIS OBISPO","PASO ROBLES",-120.68318176269531,35.629108428955078
8939392,2019,2021-05-24,4006,2019-10-08,2124,15913,,2,5,4,4006,0,0,0,,0,,MADONNA,"EL MERCADO",400.00,E,N,A,-,N,,,,,,,,,,Y,1,1,0,2,A,-,11,21955,,N,G,B,D,A,H,-,C,D,0,Y,,,,Y,Y,N,60,0,0,0,1,0,0,0,0,0,"- ","- ",35.263320922851562,-120.67746734619141,"SAN LUIS OBISPO","SAN LUIS OBISPO",-120.67752838134766,35.263286590576172
8948034,2019,2019-10-17,4005,2019-09-23,1508,P090,6,1,5,2,4005,0,0,0,,0,,"DOLLIVER ST","STIMSON AV",18.00,W,N,A,-,N,,,,,,,,,,N,4,0,2,2,A,-,09,21802,A,N,H,C,A,A,H,-,A,D,0,,,,,Y,,A,01,0,0,2,0,0,0,0,0,0,"- ","- ",,,"SAN LUIS OBISPO","PISMO BEACH",-120.63993072509766,35.139366149902344
8953492,2019,2019-10-18,4008,2019-09-15,2211,4044,,7,5,4,4008,0,0,0,,0,,"EL CAMINO REAL","MAPLE ST",63.00,S,N,A,-,N,,,,,,,,,,Y,3,0,1,4,A,-,03,22350,,N,C,E,A,A,H,-,C,D,0,,,,,Y,,A,01,0,1,0,0,0,0,0,0,0,"- ","- ",,,"SAN LUIS OBISPO",ATASCADERO,-120.64476013183594,35.461463928222656
8958670,2019,2019-11-04,4008,2019-09-12,2035,3013,,4,5,4,4008,0,0,0,,0,,"CAPISTRANO AV","SYCAMORE RD",125.00,S,N,A,-,N,,,,,,,,,,N,3,0,1,1,A,-,03,22350,,N,E,I,A,A,H,-,D,B,0,,,,,Y,,D,22,0,1,0,0,0,0,0,0,0,"- ","- ",35.501300811767578,-120.662109375,"SAN LUIS OBISPO",ATASCADERO,-120.66236877441406,35.500972747802734
8959184,2019,2019-10-30,4004,2019-09-25,1723,1374,,3,5,3,4004,0,0,0,,0,,"CRESTON RD","ROLLING HILLS RD",0.00,,Y,A,-,N,,,,,,,,,,,3,0,1,1,A,-,03,22350,,N,F,A,A,A,H,-,A,D,0,,,Y,,Y,,C,02,0,1,0,0,0,0,0,0,1,"- ","- ",35.623600006103516,-120.66426849365234,"SAN LUIS OBISPO","PASO ROBLES",-120.66419982910156,35.623561859130859
8962529,2019,2020-02-03,4004,2019-10-06,1319,1349,,7,5,3,4004,0,0,0,,0,,"NIBLICK RD","SPRING ST",130.00,E,N,A,-,Y,SLO,5,101,-,-,55.660,R,4,S,N,4,0,3,3,A,-,03,22350,,N,C,C,A,A,H,-,A,D,0,,,,,Y,,A,07,0,0,3,0,0,0,0,0,0,"- ","- ",35.615009307861328,-120.69071197509766,"SAN LUIS OBISPO","PASO ROBLES",-120.69141387939453,35.611312866210938
8970816,2019,2019-11-13,4005,2019-09-30,1519,P090,5,1,5,2,4005,0,0,0,,0,,"PRICE ST","MATTIE RD",210.00,S,N,A,-,N,,,,,,,,,,N,4,0,1,2,A,-,03,22350,,N,C,C,A,A,H,-,A,D,0,,,,,Y,,A,01,0,0,1,0,0,0,0,0,0,"- ","- ",,,"SAN LUIS OBISPO","PISMO BEACH",-120.65416717529297,35.150123596191406
8972242,2019,2019-12-11,4006,2019-10-03,1545,80908,,4,5,4,4006,0,0,0,,0,,JOHNSON,LAUREL,0.00,,Y,A,-,N,,,,,,,,,,N,4,0,1,2,A,-,03,22350,,N,C,C,A,A,H,-,A,A,0,,,,,Y,,D,22,0,0,1,0,0,0,0,0,0,"- ","- ",35.268241882324219,-120.63807678222656,"SAN LUIS OBISPO","SAN LUIS OBISPO",-120.63838958740234,35.268348693847656
8972583,2019,2019-11-14,4003,2019-10-09,1210,H9596,6,3,5,2,4003,0,0,0,,0,002,"MAIN ST","ERROL ST",0.00,,Y,A,-,N,,,,,,,,,,N,4,0,1,2,A,-,03,22350,,N,C,C,A,A,H,-,A,A,0,,,,,Y,,A,07,0,0,1,0,0,0,0,0,0,"- ","- ",,,"SAN LUIS OBISPO","MORRO BAY",-120.85472106933594,35.379169464111328
8975044,2019,2020-10-07,4008,2019-10-16,1833,5011,,3,5,4,4008,0,0,0,,0,,"MORRO RD","CURBARIL AV",0.00,,Y,A,-,Y,SLO,5,41,-,-,15.110,I,5,S,Y,4,0,3,2,A,-,09,21801,A,N,A,C,A,A,H,-,A,A,0,,,,,Y,,A,01,0,0,3,0,0,0,0,0,0,"- ","- ",35.474220275878906,-120.66832733154297,"SAN LUIS OBISPO",ATASCADERO,-120.66835784912109,35.474086761474609
8976564,2019,2019-12-23,4006,2019-10-07,1905,98137,,1,5,4,4006,0,0,0,,0,,HIGUERA,ELKS,0.00,,Y,A,-,N,,,,,,,,,,Y,3,0,1,2,A,-,01,23152,B,N,D,C,A,A,H,-,C,A,0,,,,,Y,Y,A,01,0,1,0,0,0,0,0,0,0,"- ","- ",35.263679504394531,-120.67044067382812,"SAN LUIS OBISPO","SAN LUIS OBISPO",-120.67044067382812,35.263710021972656
8977397,2019,2019-11-15,4006,2019-08-13,1020,15913,,2,5,4,4006,0,0,0,,0,,MARSH,OSOS,0.00,,-,A,-,N,,,,,,,,,,N,3,0,1,2,A,-,10,21950,A,N,G,B,B,A,H,-,A,A,0,Y,,,,Y,,A,01,0,1,0,0,1,0,0,0,0,"- ","- ",35.280399322509766,-120.66001892089844,"SAN LUIS OBISPO","SAN LUIS OBISPO",-120.66010284423828,35.280349731445312
8979505,2019,2020-10-07,4008,2019-10-15,2158,3113,,2,5,4,4008,0,0,0,,0,,"MORRO RD","CURBARIL AV",682.00,N,N,A,-,Y,SLO,5,41,-,-,15.240,H,-,N,N,4,0,1,2,A,-,11,21954,A,N,G,B,D,A,H,-,D,D,0,Y,,,,Y,Y,N,60,0,0,1,0,1,0,0,0,0,"- ","- ",35.474220275878906,-120.66832733154297,"SAN LUIS OBISPO",ATASCADERO,-120.66781616210938,35.475944519042969
8998064,2019,2020-01-28,4006,2019-11-16,1834,68370,,6,5,4,4006,0,0,0,,0,,"LOS OSOS VALLEY","CALLE JOAQUIN",0.00,,Y,A,-,N,,,,,,,,,,Y,3,0,2,2,A,-,09,21801,A,N,D,C,A,A,H,-,C,A,0,,,,,Y,,A,01,0,1,1,0,0,0,0,0,0,"- ","- ",35.246738433837891,-120.68314361572266,"SAN LUIS OBISPO","SAN LUIS OBISPO",-120.68302917480469,35.246730804443359
8998076,2019,2020-01-28,4006,2019-11-23,1027,16380,,6,5,4,4006,0,0,0,,0,,"LOS OSOS RD","AUTO PARK",209.00,W,N,A,-,N,,,,,,,,,,Y,4,0,2,2,A,-,09,21804,A,N,D,C,A,A,H,-,A,D,0,,,,,Y,,A,01,0,0,2,0,0,0,0,0,0,"- ","- ",35.250431060791016,-120.68562316894531,"SAN LUIS OBISPO","SAN LUIS OBISPO",-120.68559265136719,35.250442504882812
90011276,2015,2015-10-19,9745,2015-08-18,0705,013212,,2,1,9,4000,0,3,5,,2,004,"HALCYON RD","ZENON WAY",670.00,W,N,B,-,N,,,,,,,,,,N,3,0,1,1,A,-,08,22107,,N,E,I,A,A,H,-,A,D,0,,,,,Y,,A,01,0,1,0,0,0,0,0,0,0,"- ","- ",35.069189999999999,-120.56122000000001,"SAN LUIS OBISPO",UNINCORPORATED,-120.56141791,35.069184509999999
90011857,2015,2015-10-19,9745,2015-08-12,1924,018021,,3,2,9,4000,0,1,2,,1,101,"US-101 NORTHBOUND","VISTA DE LA CIUDAD",88.00,N,N,A,-,Y,,,101,,,,,,N,Y,2,0,1,3,A,-,03,22350,,N,C,C,A,A,H,-,A,D,0,,,Y,,Y,,C,02,1,0,0,0,0,0,0,0,1,"- ","- ",35.325850000000003,-120.62013,"SAN LUIS OBISPO",UNINCORPORATED,-120.62015567,35.325852380000001
90013376,2015,2015-10-19,9745,2015-08-27,1725,017930,,4,2,9,4000,0,1,2,,2,303,"US-101 SOUTHBOUND","AVILA BEACH DRIVE",800.00,S,N,A,-,Y,,,101,,,,,,S,Y,4,0,1,1,A,-,08,22107,,N,E,I,A,A,H,-,A,D,0,,,,,Y,,A,01,0,0,1,0,0,0,0,0,0,"- ","- ",35.17792,-120.69828,"SAN LUIS OBISPO",UNINCORPORATED,-120.69827214999999,35.177922950000003
9001442,2019,2020-01-08,4008,2019-11-15,1353,5151,,5,5,4,4008,0,0,0,,0,,"EL CAMINO REAL","JUNIPERO AV",0.00,,Y,A,-,N,,,,,,,,,,N,4,0,1,2,A,-,10,21950,A,N,G,B,B,A,H,-,A,A,0,Y,,,,Y,,A,01,0,0,1,0,1,0,0,0,0,"- ","- ",35.476348876953125,-120.65564727783203,"SAN LUIS OBISPO",ATASCADERO,-120.65547180175781,35.476291656494141
90017577,2015,2015-10-19,9745,2015-09-07,1023,017238,,1,1,9,4000,0,2,4,,1,046,"PRICE CANYON RD","THOUSAND HILLS ROAD",20.00,S,N,A,-,N,,,,,,,,,,N,4,0,2,2,A,-,03,22350,,N,C,C,A,A,H,-,A,D,0,,,,,Y,,D,22,0,0,2,0,0,0,0,0,0,"- ","- ",35.164259999999999,-120.63473999999999,"SAN LUIS OBISPO",UNINCORPORATED,-120.63473672000001,35.164238400000002
90019591,2015,2015-10-19,9745,2015-09-18,1830,017930,,5,2,9,4000,0,1,2,,2,404,"US-101 SOUTHBOUND","PRICE ST.",3960.00,N,N,A,-,Y,,,101,,,,,,S,Y,3,0,1,2,A,-,03,22350,,N,C,C,A,A,H,-,B,D,0,,,,,Y,,A,01,0,1,0,0,0,0,0,0,0,"- ","- ",35.155070000000002,-120.66475,"SAN LUIS OBISPO",UNINCORPORATED,-120.66477608,35.155003270000002
90020388,2015,2015-10-19,9745,2015-09-21,1000,015716,,1,1,9,4000,0,3,5,,2,004,"WILMAR AVE","16TH STREET",0.00,,Y,A,-,N,,,,,,,,,,Y,3,0,2,2,A,-,09,21802,A,N,D,C,A,A,H,-,A,D,0,,,,,Y,,A,01,0,1,1,0,0,0,0,0,0,"- ","- ",35.10416,-120.61314,"SAN LUIS OBISPO",UNINCORPORATED,-120.61332987,35.104140030000003
90020767,2015,2015-10-19,9745,2015-09-23,0825,013206,9745,3,1,2,4005,0,1,2,,2,404,"US-101 NORTHBOUND","OAK PARK BLVD",950.00,N,N,A,-,Y,,,101,,,,,,N,Y,4,0,1,2,A,-,03,22350,,N,C,C,A,A,H,-,A,D,0,,,,,Y,,A,01,0,0,1,0,0,0,0,0,0,"- ","- ",35.131030000000003,-120.61051,"SAN LUIS OBISPO","PISMO BEACH",-120.61050281999999,35.131054280000001
9002179,2019,2020-02-24,4006,2019-12-04,1145,80908,,3,5,4,4006,0,0,0,,0,,HIGUERA,SOUTH,132.00,N,N,C,-,N,,,,,,,,,,N,4,0,1,2,A,-,21,22106,,N,C,C,A,B,H,-,A,A,0,,,,,Y,,A,07,0,0,1,0,0,0,0,0,0,"- ","- ",35.269981384277344,-120.6702880859375,"SAN LUIS OBISPO","SAN LUIS OBISPO",-120.67021942138672,35.269908905029297
90022622,2015,2015-10-19,9745,2015-09-08,1755,017061,,2,2,9,4000,0,1,3,,1,011,"SR-41 SOUTHBOUND","CERRO ALTO RD.",528.00,S,N,A,-,Y,,,41,,,,,,S,Y,4,0,1,1,A,-,01,23152,A,N,E,I,A,A,H,-,A,D,0,,,,,Y,Y,A,01,0,0,1,0,0,0,0,0,0,"- ","- ",35.428179999999998,-120.7602,"SAN LUIS OBISPO",UNINCORPORATED,-120.76023702000001,35.428238829999998
90023966,2015,2015-10-19,9740,2015-09-20,2205,016849,,7,3,9,4000,0,2,4,,2,012,"NACIMIENTO LAKE DR","FAIRVIEW LN",24.00,S,N,A,-,N,,,,,,,,,,Y,4,0,1,1,C,-,18,,,N,E,H,A,A,H,-,D,D,0,,,Y,,Y,,-,"- ",0,0,1,0,0,0,0,0,1,"- ","- ",35.642560000000003,-120.7016,"SAN LUIS OBISPO",UNINCORPORATED,-120.70176207999999,35.642594340000002
90028055,2015,2015-10-19,9740,2015-09-27,1135,013733,,7,1,9,4000,0,1,3,,1,015,SR-1,"DE LA CRUZ BRIDGE",3168.00,N,N,B,-,Y,,,1,,,,,,,Y,4,0,1,2,A,-,05,21752,,N,D,C,A,A,H,-,A,D,0,,,,,Y,,D,22,0,0,1,0,0,0,0,0,0,"- ","- ",35.716990000000003,-121.30697000000001,"SAN LUIS OBISPO",UNINCORPORATED,-121.30692145,35.717019209999997
90028382,2015,2015-10-19,9745,2015-10-05,1230,015716,,1,1,9,4000,0,2,4,,1,048,"AVILA BEACH DRIVE","SAN LUIS BAY DRIVE",2112.00,E,N,A,-,N,,,,,,,,,,Y,3,0,1,2,A,-,09,21804,A,N,D,C,A,A,H,-,A,D,0,,,,,Y,,A,01,0,1,0,0,0,0,0,0,0,"- ","- ",35.185969999999998,-120.71198,"SAN LUIS OBISPO",UNINCORPORATED,-120.71362999999999,35.187040000000003
90029636,2015,2015-10-19,9740,2015-10-11,1505,016849,,7,2,9,4000,0,1,2,,2,004,"US-101 SOUTHBOUND","10TH STREET",8448.00,N,N,A,-,Y,,,101,,,,,,S,Y,2,0,1,1,A,-,08,22107,,N,E,I,A,A,H,-,A,D,0,,,,,Y,,A,01,1,0,0,0,0,0,0,0,0,"- ","- ",35.76773,-120.70352,"SAN LUIS OBISPO",UNINCORPORATED,-120.70346121,35.767782070000003
90031980,2015,2015-10-19,9745,2015-10-10,1447,017151,,6,2,9,4000,0,1,2,,2,505,"US-101 NORTHBOUND","TEFFT STREET",3168.00,S,N,A,-,Y,,,101,,,,,,N,Y,4,0,1,1,A,-,08,22107,,N,F,A,A,A,H,-,A,D,0,,,,,Y,,A,07,0,0,1,0,0,0,0,0,0,"- ","- ",35.032170000000001,-120.47935,"SAN LUIS OBISPO",UNINCORPORATED,-120.47937195,35.032146189999999
90037332,2015,2015-10-23,9745,2015-10-22,0900,015716,,4,1,9,4000,0,2,4,,1,053,"POMEROY RD","CALLE FRESA",20.00,N,N,A,-,N,,,,,,,,,,Y,4,0,1,2,A,-,03,22350,,N,C,C,A,A,H,-,A,D,0,,,,,Y,,A,01,0,0,1,0,0,0,0,0,0,"- ","- ",35.040520000000001,-120.52385,"SAN LUIS OBISPO",UNINCORPORATED,-120.52383097000001,35.04063867
90037816,2015,2015-10-26,9745,2015-10-18,0731,017151,,7,1,9,4000,0,2,4,,1,058,"JOSHUA RD","HUTTON RD",1056.00,W,N,A,-,N,,,,,,,,,,Y,4,0,1,2,A,-,03,22350,,N,C,C,A,A,H,-,A,D,0,,,,,Y,,A,01,0,0,1,0,0,0,0,0,0,"- ","- ",35.006140000000002,-120.45244,"SAN LUIS OBISPO",UNINCORPORATED,-120.45188367999999,35.006494170000003
90038879,2015,2015-10-27,9740,2015-10-09,1325,015167,,5,1,9,4000,0,1,3,,2,011,"STATE ROUTE 46 (WEST)","YORK MOUNTAIN ROAD",1584.00,W,N,A,-,Y,,,46,,,,,,,Y,4,0,1,1,A,-,08,22107,,N,F,A,A,A,H,-,A,D,0,,,,,Y,,A,01,0,0,1,0,0,0,0,0,0,"- ","- ",35.538409999999999,-120.80656999999999,"SAN LUIS OBISPO",UNINCORPORATED,-120.80656355000001,35.538367739999998
90039561,2015,2015-10-29,9740,2015-10-15,2220,013417,,4,3,9,4000,0,1,3,,1,014,"SR - 1","WEYMOUTH ST",300.00,S,N,B,-,Y,,,1,,,,,,,Y,4,0,1,2,A,-,03,22350,,N,C,C,A,A,H,-,D,D,0,,,,,Y,,A,07,0,0,1,0,0,0,0,0,0,"- ","- ",35.570880000000002,-121.1093,"SAN LUIS OBISPO",UNINCORPORATED,-121.10927903,35.570909299999997