CASE_ID,ACCIDENT_YEAR,PROC_DATE,JURIS,COLLISION_DATE,COLLISION_TIME,OFFICER_ID,REPORTING_DISTRICT,DAY_OF_WEEK,CHP_SHIFT,POPULATION,CNTY_CITY_LOC,SPECIAL_COND,BEAT_TYPE,CHP_BEAT_TYPE,CITY_DIVISION_LAPD,CHP_BEAT_CLASS,BEAT_NUMBER,PRIMARY_RD,SECONDARY_RD,DISTANCE,DIRECTION,INTERSECTION,WEATHER_1,WEATHER_2,STATE_HWY_IND,CALTRANS_COUNTY,CALTRANS_DISTRICT,STATE_ROUTE,ROUTE_SUFFIX,POSTMILE_PREFIX,POSTMILE,LOCATION_TYPE,RAMP_INTERSECTION,SIDE_OF_HWY,TOW_AWAY,COLLISION_SEVERITY,NUMBER_KILLED,NUMBER_INJURED,PARTY_COUNT,PRIMARY_COLL_FACTOR,PCF_CODE_OF_VIOL,PCF_VIOL_CATEGORY,PCF_VIOLATION,PCF_VIOL_SUBSECTION,HIT_AND_RUN,TYPE_OF_COLLISION,MVIW,PED_ACTION,ROAD_SURFACE,ROAD_COND_1,ROAD_COND_2,LIGHTING,CONTROL_DEVICE,CHP_ROAD_TYPE,PEDESTRIAN_ACCIDENT,BICYCLE_ACCIDENT,MOTORCYCLE_ACCIDENT,TRUCK_ACCIDENT,NOT_PRIVATE_PROPERTY,ALCOHOL_INVOLVED,STWD_VEHTYPE_AT_FAULT,CHP_VEHTYPE_AT_FAULT,COUNT_SEVERE_INJ,COUNT_VISIBLE_INJ,COUNT_COMPLAINT_PAIN,COUNT_PED_KILLED,COUNT_PED_INJURED,COUNT_BICYCLIST_KILLED,COUNT_BICYCLIST_INJURED,COUNT_MC_KILLED,COUNT_MC_INJURED,PRIMARY_RAMP,SECONDARY_RAMP,LATITUDE,LONGITUDE,COUNTY,CITY,POINT_X,POINT_Y
90041251,2015,2015-10-29,9750,2015-10-20,0750,013267,,2,1,9,4000,0,1,2,,2,111,"US 101 S/B FROM CUYAMA LANE W/B","CUYAMA LANE",20.00,N,N,A,-,Y,,,,,,,,,,Y,4,0,1,1,A,-,03,22350,,N,E,I,A,A,H,-,A,D,0,,,,Y,Y,,F,26,0,0,1,0,0,0,0,0,0,"- ","- ",34.995939999999997,-120.43523,"SAN LUIS OBISPO",UNINCORPORATED,,
90043576,2015,2015-11-03,9745,2015-10-27,0150,018021,,2,3,9,4000,0,3,5,,2,004,"HALCYON RD",SR-1,20.00,W,N,A,-,N,,,,,,,,,,N,3,0,1,1,A,-,01,23152,E,N,E,I,A,A,H,-,D,D,0,,,,,Y,,A,01,0,1,0,0,0,0,0,0,0,"- ","- ",35.097149999999999,-120.59159,"SAN LUIS OBISPO",UNINCORPORATED,-120.59238000000001,35.09816
90048925,2015,2015-11-11,9740,2015-11-04,1407,016849,,3,2,4,4008,0,1,2,,2,002,"US-101 NORTHBOUND","DEL RIO ROAD",3117.00,N,N,A,-,Y,,,,,,,,,,Y,3,0,1,1,A,-,07,21658,A,N,F,A,A,A,H,-,A,D,0,,,Y,,Y,,C,02,0,1,0,0,0,0,0,0,1,"- ","- ",35.441110000000002,-120.62459,"SAN LUIS OBISPO",ATASCADERO,-120.70398833,35.520871620000001
90049720,2015,2015-11-12,9745,2015-10-31,2305,018021,,6,3,9,4000,0,3,5,,2,004,"LA TEENA PL","NOYES RD",2112.00,E,N,A,-,N,,,,,,,,,,Y,3,0,1,1,A,-,01,23152,A,N,E,I,A,A,H,-,D,D,0,,,,,Y,Y,A,01,0,1,0,0,0,0,0,0,0,"- ","- ",35.150669999999998,-120.58087,"SAN LUIS OBISPO",UNINCORPORATED,-120.58087868,35.150720819999997
90050034,2015,2016-01-12,9745,2015-11-04,0820,015734,,3,1,9,4000,0,2,4,,1,024,"SOUTH BAY BLVD","STATE PARK RD",3696.00,S,N,A,-,N,,,,,,,,,,N,3,0,1,2,A,-,11,21954,A,N,G,B,E,A,H,-,A,D,0,Y,,,,Y,,N,60,0,1,0,0,1,0,0,0,0,"- ","- ",35.353900000000003,-120.82753,"SAN LUIS OBISPO",UNINCORPORATED,-120.82571022,35.345722240000001
90050056,2015,2015-11-12,9745,2015-11-07,0750,013937,,6,1,9,4000,0,3,5,,2,004,"AVOCET WAY","PLOVER CT.",528.00,S,N,A,-,N,,,,,,,,,,N,3,0,1,1,A,-,08,22107,,N,E,I,A,A,H,-,A,D,0,,,,,Y,,A,08,0,1,0,0,0,0,0,0,0,"- ","- ",35.068750000000001,-120.57415,"SAN LUIS OBISPO",UNINCORPORATED,-120.57416144,35.068773469999996
90050452,2015,2015-11-13,9745,2015-11-07,1930,020689,,6,2,4,4006,0,1,2,,2,303,"US-101 SOUTHBOUND","HIGUERA ST",1584.00,N,N,A,-,Y,,,101,,,,,,S,Y,4,0,1,1,A,-,08,22107,,N,F,A,A,A,H,-,D,D,0,,,,,Y,,A,01,0,0,1,0,0,0,0,0,0,"- ","- ",35.232050000000001,-120.69015,"SAN LUIS OBISPO","SAN LUIS OBISPO",-120.69012522,35.232029310000001
90051595,2015,2016-01-26,9745,2015-11-09,0956,015734,,1,1,9,4000,0,3,5,,2,004,"PASO ROBLES STREET","19TH STREET",0.00,,Y,A,-,N,,,,,,,,,,N,3,0,1,2,A,-,12,22450,A,F,D,G,A,A,H,-,A,A,0,,Y,,,Y,,A,01,0,1,0,0,0,0,1,0,0,"- ","- ",35.101149999999997,-120.61078000000001,"SAN LUIS OBISPO",UNINCORPORATED,-120.61074995,35.101180079999999
90052448,2015,2015-11-17,9745,2015-11-08,1320,020229,,7,1,9,4000,0,2,4,,1,025,"LOS OSOS VALLEY RD","TURRI RD",3168.00,E,N,A,-,N,,,,,,,,,,N,4,0,3,2,A,-,08,22107,,N,C,C,A,A,H,-,A,D,0,,,,,Y,,A,01,0,0,3,0,0,0,0,0,0,"- ","- ",35.298630000000003,-120.77158,"SAN LUIS OBISPO",UNINCORPORATED,-120.76674911000001,35.296954360000001
90053404,2015,2015-11-18,9745,2015-11-17,2022,016068,,2,2,4,4006,0,1,3,,2,023,"SR-1 SOUTHBOUND","WESTMONT AVE",0.00,,Y,A,-,Y,,,1,,,,,,S,Y,4,0,2,2,A,-,09,21802,A,N,D,C,A,A,H,-,D,D,0,,,,,Y,,A,01,0,0,2,0,0,0,0,0,0,"- ","- ",35.301389999999998,-120.67606000000001,"SAN LUIS OBISPO","SAN LUIS OBISPO",-120.67615336,35.301344409999999
90057305,2015,2015-11-23,9750,2015-11-16,0809,015514,,1,1,9,4000,0,1,2,,2,111,"US-101 N/B (EL CAMINO REAL)","SR-166 E/B",2112.00,S,N,A,-,Y,,,101,,,,,,N,Y,3,0,1,2,A,-,03,22350,,N,C,C,A,A,H,-,A,D,0,,,,Y,Y,,D,22,0,1,0,0,0,0,0,0,0,"- ","- ",34.990369999999999,-120.43376000000001,"SAN LUIS OBISPO",UNINCORPORATED,-120.43371173,34.990376820000002
90057642,2015,2015-11-23,9745,2015-11-21,0210,013206,9745,6,3,9,4000,0,1,2,,2,303,"US-101 SOUTHBOUND","SAN LUIS BAY DRIVE",6336.00,N,N,A,-,Y,,,,,,,,,,Y,3,0,1,1,A,-,01,23152,A,N,E,I,A,A,H,-,D,D,0,,,,,Y,Y,A,01,0,1,0,0,0,0,0,0,0,"- ","- ",35.124429999999997,-120.41485,"SAN LUIS OBISPO",UNINCORPORATED,,
90062847,2015,2015-12-03,9745,2015-11-20,1542,020229,,5,2,9,4000,0,1,3,,1,032,"SR-227 SOUTHBOUND","BUCKLEY RD",100.00,S,N,A,-,Y,,,227,,,,,,S,Y,3,0,1,4,A,-,03,22350,,N,C,C,A,A,H,-,A,D,0,,,,,Y,,A,01,0,1,0,0,0,0,0,0,0,"- ","- ",35.230780000000003,-120.62972000000001,"SAN LUIS OBISPO",UNINCORPORATED,-120.62979313,35.230738700000003
90063232,2015,2015-12-01,9745,2015-11-22,1453,015734,,7,2,9,4000,0,1,3,,1,032,"SR-227 NORTHBOUND","PRICE CANYON RD",2112.00,N,N,A,-,Y,,,227,,,,,,N,Y,3,0,2,2,A,-,08,22107,,N,A,C,A,A,H,-,A,D,0,,,,,Y,,A,01,0,1,1,0,0,0,0,0,0,"- ","- ",35.202300000000001,-120.61150000000001,"SAN LUIS OBISPO",UNINCORPORATED,-120.61153951999999,35.202245820000002
90063574,2015,2015-12-02,9740,2015-11-14,1610,017791,,6,2,3,4004,0,1,2,,2,003,"U.S. 101 NORTHBOUND","STATE ROUTE 46E",1056.00,S,N,A,-,Y,,,,,,,,,,Y,3,0,1,1,A,-,08,22107,,N,F,A,A,A,H,-,A,D,0,,,,,Y,,A,07,0,1,0,0,0,0,0,0,0,"- ","- ",35.657699999999998,-120.6842,"SAN LUIS OBISPO","PASO ROBLES",-120.69586449000001,35.5864683
90068151,2015,2015-12-08,9745,2015-12-06,0835,017061,,7,1,9,4000,0,1,2,,2,505,"US-101 SOUTHBOUND","DIVISION STREET",75.00,S,N,A,-,Y,,,,,,,,,,Y,3,0,1,1,A,-,08,22107,,N,E,I,A,A,H,-,A,D,0,,,,,Y,,A,01,0,1,0,0,0,0,0,0,0,"- ","- ",35.021239999999999,-120.29040999999999,"SAN LUIS OBISPO",UNINCORPORATED,,
90069971,2015,2015-12-10,9745,2015-12-08,0725,012876,,2,1,9,4000,0,1,3,,1,011,"SR-41 SOUTHBOUND","CERRO ALTO RD",2112.00,N,N,A,-,Y,,,41,,,,,,S,Y,3,0,3,2,A,-,09,21804,A,N,D,C,A,A,H,-,A,D,0,,,,,Y,,A,01,0,1,2,0,0,0,0,0,0,"- ","- ",35.438929999999999,-120.75411,"SAN LUIS OBISPO",UNINCORPORATED,-120.75401072,35.438973850000004
90072660,2015,2015-12-14,9745,2015-12-07,1529,017238,,1,2,9,4000,0,3,5,,2,005,"HAZEL LN","TEFFT STREET",528.00,S,N,A,-,N,,,,,,,,,,N,3,0,1,2,A,-,11,21955,,N,G,B,D,A,H,-,A,D,0,Y,,,,Y,,N,60,0,1,0,0,1,0,0,0,0,"- ","- ",35.023290000000003,-120.49717,"SAN LUIS OBISPO",UNINCORPORATED,-120.49726379000001,35.023349869999997
90084222,2015,2015-12-29,9740,2015-12-24,1530,015854,,4,2,9,4000,0,3,5,,2,017,"RAMADA DR","MAIN ST",53.00,N,N,B,-,N,,,,,,,,,,Y,3,0,1,2,A,-,01,23152,A,N,A,C,A,A,H,-,A,D,0,,,,,Y,Y,D,22,0,1,0,0,0,0,0,0,0,"- ","- ",35.565300000000001,-120.70114,"SAN LUIS OBISPO",UNINCORPORATED,-120.70110334,35.565329800000001
90085083,2015,2015-12-30,9740,2015-12-23,1406,014622,,3,2,4,4008,0,1,2,,2,001,"US-101 SOUTHBOUND","CURBARIL AVENUE",75.00,S,N,A,-,Y,,,101,,,,,,S,Y,4,0,1,2,A,-,03,22350,,N,C,C,A,A,H,-,A,D,0,,,,,Y,,A,01,0,0,1,0,0,0,0,0,0,"- ","- ",35.475659999999998,-120.6579,"SAN LUIS OBISPO",ATASCADERO,-120.65806726,35.475579119999999
90086066,2015,2016-02-03,9740,2015-12-21,1615,013133,,1,2,9,4000,0,1,3,,2,010,SR-41,"UNION ROAD",2112.00,W,N,B,-,Y,,,41,,,,,,,N,3,0,2,1,A,-,08,22107,,N,E,I,A,A,H,-,A,D,0,,,,,Y,,A,01,0,2,0,0,0,0,0,0,0,"- ","- ",35.780430000000003,-120.21726,"SAN LUIS OBISPO",UNINCORPORATED,-120.2172565,35.780390920000002
90087402,2015,2016-01-04,9745,2015-12-10,0350,016068,,4,3,9,4000,0,3,5,,2,003,"BUCKLEY ROAD","THREAD LN",30.00,W,N,B,F,N,,,,,,,,,,Y,1,1,0,1,A,-,01,23152,A,N,E,I,A,B,H,-,D,D,0,,,,,Y,Y,D,22,0,0,0,0,0,0,0,0,0,"- ","- ",35.235500000000002,-120.63986,"SAN LUIS OBISPO",UNINCORPORATED,-120.64023439,35.235674680000002
90088403,2016,2016-01-05,9740,2016-01-02,2340,013133,,6,3,9,4000,0,3,5,,2,016,"PARK HILL ROAD","POZO ROAD",1584.00,N,N,A,-,N,,,,,,,,,,Y,3,0,1,1,A,-,01,23152,A,F,E,I,A,A,H,-,C,D,0,,,,,Y,Y,A,01,0,1,0,0,0,0,0,0,0,"- ","- ",35.356059999999999,-120.35606,"SAN LUIS OBISPO",UNINCORPORATED,-120.35646031,35.314419549999997
90091090,2016,2016-01-08,9745,2016-01-03,0100,013212,,7,3,4,4006,0,1,2,,2,303,"US-101 SOUTHBOUND","HIGUERA ST",804.00,S,N,A,-,Y,,,,,,,,,,N,3,0,1,1,A,-,01,23152,A,N,F,A,A,A,H,-,D,D,0,,,,,Y,Y,A,01,0,1,0,0,0,0,0,0,0,"- ","- ",35.221800000000002,-120.69268,"SAN LUIS OBISPO","SAN LUIS OBISPO",,
90091591,2016,2016-01-08,9745,2016-01-01,1510,016773,,5,2,2,4005,0,1,2,,2,404,"US-101 SOUTHBOUND","SPYGLASS DRIVE",1056.00,S,N,A,-,Y,,,101,,,,,,S,Y,4,0,2,2,A,-,03,22350,,N,C,C,A,A,H,-,A,D,0,,,,,Y,,D,22,0,0,2,0,0,0,0,0,0,"- ","- ",35.158470000000001,-120.67344,"SAN LUIS OBISPO","PISMO BEACH",-120.67346363,35.158409800000001
90092447,2016,2016-01-11,9745,2016-01-03,0408,015734,,7,3,9,4000,0,1,2,,2,505,"US-101 NORTHBOUND","NIPOMO CREEK",2112.00,N,N,A,-,Y,,,101,,,,,,N,Y,3,0,1,1,A,-,01,23152,A,N,F,A,A,A,H,-,D,D,0,,,,,Y,Y,A,01,0,1,0,0,0,0,0,0,0,"- ","- ",35.008090000000003,-120.44745,"SAN LUIS OBISPO",UNINCORPORATED,-120.44742896,35.008129080000003
9009668,2019,2020-02-27,4006,2019-12-16,1748,55150,,1,5,4,4006,0,0,0,,0,,BROAD,ORCUTT,100.00,N,N,A,-,N,,,,,,,,,,N,4,0,1,2,A,-,04,21703,,N,C,C,A,A,H,-,D,A,0,,,,,Y,,-,,0,0,1,0,0,0,0,0,0,"- ","- ",36.154098510742188,-120.38999938964844,"SAN LUIS OBISPO","SAN LUIS OBISPO",-120.65012359619141,35.261512756347656
90097671,2016,2016-01-19,9740,2016-01-05,0625,013733,,2,1,9,4000,1,3,5,,2,016,"PARKHILL RD","LAS PILITAS RD",15312.00,S,N,C,-,N,,,,,,,,,,N,4,0,1,1,A,-,03,22350,,N,E,I,A,B,H,-,D,D,0,,,,,Y,,H,13,0,0,1,0,0,0,0,0,0,"- ","- ",35.369300000000003,-120.39976,"SAN LUIS OBISPO",UNINCORPORATED,-120.39885626,35.367141850000003
90100930,2016,2016-01-22,9740,2016-01-20,2129,014622,,3,2,9,4000,0,3,5,,2,018,"EAST CENTRE STREET",SR-46,35.00,S,N,A,-,Y,,,,,,,,,,Y,3,0,2,1,A,-,08,22107,,N,E,I,A,A,H,-,C,D,0,,,,,Y,Y,D,22,0,2,0,0,0,0,0,0,0,"- ","- ",35.666139999999999,-120.35926000000001,"SAN LUIS OBISPO",UNINCORPORATED,-120.35940823,35.666130809999999
90102838,2016,2016-01-26,9745,2016-01-22,0700,013531,,5,1,9,4000,0,3,5,,2,005,"SOUTH FRONTAGE ROAD","HILL  STREET",120.00,N,N,B,-,N,,,,,,,,,,Y,4,0,1,2,A,-,03,22350,,N,C,C,A,A,H,-,A,D,0,,,,,Y,,D,22,0,0,1,0,0,0,0,0,0,"- ","- ",35.035040000000002,-120.48335,"SAN LUIS OBISPO",UNINCORPORATED,-120.48329249,35.035073779999998
90103664,2016,2016-01-27,9745,2016-01-19,1530,020229,,2,2,2,4005,0,1,2,,2,404,"US-101 SOUTHBOUND","SPYGLASS DR",1000.00,S,N,C,-,Y,,,101,,,,,,S,Y,3,0,2,1,A,-,08,22107,,N,E,I,A,B,H,-,A,D,0,,,,,Y,,A,07,0,2,0,0,0,0,0,0,0,"- ","- ",35.161340000000003,-120.68142,"SAN LUIS OBISPO","PISMO BEACH",-120.68136224,35.16148828
90104016,2015,2016-01-27,9740,2015-12-26,2340,018323,9740,6,3,9,4000,0,1,2,,2,001,"US-101 SOUTHBOUND",SR-58,1584.00,N,N,A,-,Y,,,101,,,,,,S,Y,3,0,1,1,A,-,08,22107,,N,E,I,A,A,H,-,D,D,0,,,,,Y,,A,01,0,1,0,0,0,0,0,0,0,"- ","- ",35.387300000000003,-120.62781,"SAN LUIS OBISPO",UNINCORPORATED,-120.62773476,35.38725152
90104163,2016,2016-01-27,9745,2016-01-20,1950,017968,,3,2,9,4000,0,1,2,,2,404,"US-101 N/B","SAN LUIS BAY DRIVE",5280.00,S,N,A,-,Y,,,101,,,,,,N,Y,3,0,1,1,C,-,18,,,N,E,I,A,A,H,-,C,D,0,,,,,Y,,-,"- ",0,1,0,0,0,0,0,0,0,"- ","- ",35.175609999999999,-120.69714999999999,"SAN LUIS OBISPO",UNINCORPORATED,-120.69723315,35.175571779999999
90105751,2016,2016-01-29,9745,2016-01-21,1545,016068,,4,2,9,4000,0,1,3,,1,021,"SR-1 SOUTHBOUND","OLD CREEK RD",150.00,S,N,A,-,Y,,,1,,,,,,S,Y,3,0,1,1,A,-,08,22107,,N,E,I,A,A,H,-,A,D,0,,,,,Y,,D,22,0,1,0,0,0,0,0,0,0,"- ","- ",35.428069999999998,-120.88158,"SAN LUIS OBISPO",UNINCORPORATED,-120.88146208000001,35.428167620000004
90106666,2016,2016-02-01,9740,2016-01-01,0425,018323,,5,3,9,4000,0,1,3,,2,010,"SR-41 N/B","SAN LUIS OBISPO/KERN CONTY LINE",5280.00,S,N,E,-,Y,,,41,,,,,,N,Y,3,0,1,1,C,-,18,,,N,F,A,A,C,G,-,D,D,0,,,,,Y,,-,"- ",0,1,0,0,0,0,0,0,0,"- ","- ",35.779940000000003,-120.21004000000001,"SAN LUIS OBISPO",UNINCORPORATED,-120.21000099,35.779714630000001
9010739,2019,2020-02-10,4002,2019-12-13,1822,478,,5,5,3,4002,0,0,0,,0,,"S OAK PARK BL","MENTONE AV",0.00,,Y,A,-,N,,,,,,,,,,Y,4,0,1,2,A,-,12,22450,A,N,D,C,A,A,H,-,C,A,0,,,,,Y,,A,01,0,0,1,0,0,0,0,0,0,"- ","- ",,,"SAN LUIS OBISPO","GROVER BEACH",-120.60965728759766,35.114871978759766
90109023,2016,2016-02-04,9740,2016-01-25,2030,014662,,1,2,9,4000,0,3,5,,2,016,"PARKHILL RD","SEVEN OAKS",200.00,S,N,A,-,N,,,,,,,,,,Y,4,0,1,1,A,-,08,22107,,N,F,A,A,A,H,-,D,D,0,,,,,Y,,D,22,0,0,1,0,0,0,0,0,0,"- ","- ",,,"SAN LUIS OBISPO",UNINCORPORATED,-120.5214867,35.39306818
90111298,2016,2016-02-08,9745,2016-02-05,2101,017541,,5,2,3,4001,0,1,2,,2,402,"US 101 SOUTHBOUND TO GRAND AVE.","GRAND AVE",500.00,N,N,A,-,Y,,,,,,,,,,Y,2,0,1,1,A,-,01,23152,A,N,E,I,A,A,H,-,D,D,0,,,Y,,Y,Y,C,02,1,0,0,0,0,0,0,0,1,"- ","- ",35.716999999999999,-120.367,"SAN LUIS OBISPO","ARROYO GRANDE",,
90118657,2016,2016-02-18,9745,2016-02-11,1750,013531,,4,2,9,4000,0,3,5,,2,005,"BEVERLY DRIVE","LOIS LANE",0.00,,Y,A,-,N,,,,,,,,,,N,3,0,1,2,A,-,03,22350,,N,D,G,A,A,H,-,B,D,0,,Y,,,Y,,L,04,0,1,0,0,0,0,1,0,0,"- ","- ",35.0246,-120.48258,"SAN LUIS OBISPO",UNINCORPORATED,-120.48253999000001,35.024540029999997
90119779,2016,2016-02-22,9740,2016-02-13,1605,016849,,6,2,9,4000,0,3,5,,2,019,"BUENA VISTA ROAD","CIRCLE B ROAD",6864.00,N,N,A,-,N,,,,,,,,,,N,2,0,1,1,A,-,08,22107,,N,F,A,A,A,H,-,A,D,0,,Y,,,Y,Y,L,04,1,0,0,0,0,0,1,0,0,"- ","- ",35.66675,-120.66524,"SAN LUIS OBISPO",UNINCORPORATED,-120.66501058,35.670116589999999
90121147,2016,2016-02-22,9745,2016-02-18,1550,016514,,4,2,9,4000,0,1,3,,2,023,"SR-1 SOUTHBOUND","KANSAS AVE",320.00,N,N,A,-,Y,,,1,,,,,,S,Y,4,0,1,2,A,-,03,22350,,N,C,C,A,A,H,-,A,D,0,,,Y,,Y,,C,02,0,0,1,0,0,0,0,0,1,"- ","- ",35.320950000000003,-120.71405,"SAN LUIS OBISPO",UNINCORPORATED,-120.71430848999999,35.32014702
90121752,2016,2016-02-23,9740,2016-02-15,1146,018323,,1,1,9,4000,0,1,2,,2,003,"US-101 NORTHBOUND","13TH ST",1083.00,S,N,A,-,Y,,,,,,,,,,Y,4,0,1,2,A,-,03,22350,,N,C,C,A,A,H,-,A,D,0,,,,Y,Y,,G,25,0,0,1,0,0,0,0,0,0,"- ","- ",35.624650000000003,-120.68624,"SAN LUIS OBISPO",UNINCORPORATED,-120.68621265,35.625042149999999
90123061,2016,2016-02-24,9745,2016-02-23,1648,020229,,2,2,9,4000,0,2,4,,1,055,"TEFFT ST WEST OF FRONTAGE RD","FRONTAGE RD",177.00,W,N,A,-,N,,,,,,,,,,N,3,0,1,2,A,-,10,21950,A,N,G,B,C,A,H,-,A,D,0,Y,,,,Y,,A,01,0,1,0,0,1,0,0,0,0,"- ","- ",35.036290000000001,-120.48598,"SAN LUIS OBISPO",UNINCORPORATED,-120.48574116,35.036229509999998
90130455,2016,2016-03-07,9750,2016-02-29,0730,015514,,1,1,9,4000,0,1,3,,1,063,"SR-166 E/B","SPANISH RANCH",21120.00,W,N,A,-,Y,,,166,,,,,,E,Y,2,0,3,1,A,-,08,22107,,N,F,A,A,A,H,-,A,D,0,,,,,Y,,A,01,1,2,0,0,0,0,0,0,0,"- ","- ",35.086750000000002,-120.03052,"SAN LUIS OBISPO",UNINCORPORATED,-120.03050931999999,35.086773749999999
90136928,2016,2016-03-15,9740,2016-03-03,2040,013733,,4,2,9,4000,0,3,5,,2,024,"BURTON DR","BURTON CIR",38.00,E,N,B,-,N,,,,,,,,,,Y,4,0,1,2,A,-,03,22350,,N,E,J,A,A,H,-,D,D,0,,,,,Y,,A,01,0,0,1,0,0,0,0,0,0,"- ","- ",35.604849999999999,-121.13542,"SAN LUIS OBISPO",UNINCORPORATED,-121.08287168,35.556763359999998
90136942,2016,2016-03-15,9745,2016-03-09,1721,017968,,3,2,9,4000,0,1,2,,1,101,"US-101 S/B",SR-58,300.00,S,N,A,-,Y,,,101,,,,,,S,Y,3,0,1,2,C,-,18,,,N,E,I,A,A,H,-,A,D,0,,,,,Y,,-,"- ",0,1,0,0,0,0,0,0,0,"- ","- ",35.382289999999998,-120.63117,"SAN LUIS OBISPO",UNINCORPORATED,-120.63123766,35.382352449999999
90137222,2016,2016-03-15,9745,2016-03-10,2112,017968,,4,2,4,4006,0,1,2,,2,202,"US-101 S/B","MADONNA ROAD",800.00,S,N,A,-,Y,,,101,,,,,,S,Y,4,0,1,2,A,-,03,22350,,N,C,C,A,A,H,-,C,D,0,,,,,Y,,A,01,0,0,1,0,0,0,0,0,0,"- ","- ",35.262619999999998,-120.67374,"SAN LUIS OBISPO","SAN LUIS OBISPO",-120.67375079,35.262618699999997
90137306,2016,2016-03-15,9745,2016-03-11,1355,020689,,5,1,9,4000,0,1,2,,1,101,"US-101 SOUTHBOUND","OLD 101",1056.00,N,N,C,-,Y,,,101,,,,,,S,Y,3,0,1,1,A,-,03,22350,,N,E,I,A,B,H,-,A,D,0,,,,,Y,,A,07,0,1,0,0,0,0,0,0,0,"- ","- ",35.330030000000001,-120.62187,"SAN LUIS OBISPO",UNINCORPORATED,-120.62189562,35.330011140000003
90137779,2016,2016-03-16,9740,2016-03-04,1920,016089,,5,2,9,4000,0,2,4,,2,012,"NACIMIENTO LAKE DR","RIVER RD",75.00,S,N,B,C,N,,,,,,,,,,Y,4,0,3,1,A,-,03,22350,,N,E,I,A,B,H,-,B,A,0,,,,,Y,,A,01,0,0,3,0,0,0,0,0,0,"- ","- ",35.761099999999999,-120.88471,"SAN LUIS OBISPO",UNINCORPORATED,-120.88477761,35.760925700000001
90138129,2016,2016-03-16,9745,2016-03-14,1620,017097,,1,2,9,4000,0,1,2,,2,303,"US-101 NB","SAN LUIS BAY DR",528.00,N,N,A,-,Y,,,101,,,,,,N,Y,4,0,1,1,A,-,08,22107,,N,E,I,A,A,H,-,A,D,0,,,,,Y,,A,01,0,0,1,0,0,0,0,0,0,"- ","- ",35.19764,-120.69865,"SAN LUIS OBISPO",UNINCORPORATED,-120.69861969,35.197628010000003
90140547,2016,2016-03-21,9745,2016-03-18,1252,013531,,5,1,9,4000,0,3,5,,2,005,"EL CAMPO ROAD","FALCON CREST DRIVE",0.00,,Y,B,-,N,,,,,,,,,,Y,4,0,1,2,A,-,09,21804,A,N,D,C,A,A,H,-,A,D,0,,,,,Y,,A,01,0,0,1,0,0,0,0,0,0,"- ","- ",35.106769999999997,-120.56153,"SAN LUIS OBISPO",UNINCORPORATED,-120.56154993,35.106850110000003
90145703,2016,2016-03-28,9740,2016-03-04,1914,019259,,5,2,9,4000,0,1,2,,2,004,"US-101 NORTHBOUND","10TH ST",150.00,N,N,B,C,Y,,,101,,,,,,N,Y,3,0,1,1,A,-,08,22107,,N,E,I,A,B,H,-,C,D,0,,,,,Y,,A,07,0,1,0,0,0,0,0,0,0,"- ","- ",35.748800000000003,-120.70054,"SAN LUIS OBISPO",UNINCORPORATED,-120.70020915000001,35.748742819999997
90146340,2016,2016-03-28,9745,2016-03-18,1430,017238,,5,2,9,4000,0,3,5,,2,005,"TEFFT STREET","NORTH OAKGLEN",206.00,W,N,A,-,N,,,,,,,,,,N,3,0,1,2,A,-,08,22107,,N,C,E,A,A,H,-,A,D,0,,,Y,,Y,,C,02,0,1,0,0,0,0,0,0,1,"- ","- ",35.037410000000001,-120.4837,"SAN LUIS OBISPO",UNINCORPORATED,-120.48355049,35.037461909999998
90146371,2016,2016-03-28,9745,2016-03-18,1730,017238,,5,2,9,4000,0,3,5,,2,005,"ORCHARD AVE","GRANDE ST",0.00,,Y,A,-,N,,,,,,,,,,Y,4,0,2,2,A,-,09,21802,A,N,D,C,A,A,H,-,A,A,0,,,,,Y,,A,07,0,0,2,0,0,0,0,0,0,"- ","- ",35.026859999999999,-120.49144,"SAN LUIS OBISPO",UNINCORPORATED,-120.4913299,35.026870019999997
90150155,2016,2016-04-04,9745,2016-03-31,2130,018021,,4,2,9,4000,0,3,5,,2,005,"DIVISION STREET","LAS FLORES DR",250.00,S,N,A,-,N,,,,,,,,,,Y,3,0,1,1,A,-,01,23152,A,N,E,I,A,A,H,-,D,D,0,,,,,Y,Y,A,01,0,1,0,0,0,0,0,0,0,"- ","- ",35.009610000000002,-120.49517,"SAN LUIS OBISPO",UNINCORPORATED,-120.49488172,35.010013010000002
90150845,2016,2016-04-05,9745,2016-03-25,0654,017151,,5,1,9,4000,0,1,3,,1,041,"WILLOW RD","US-101 NORTHBOUND",0.00,,Y,A,-,N,,,,,,,,,,Y,4,0,2,2,A,-,09,21801,A,N,A,C,A,A,H,-,A,D,0,,,,,Y,,D,23,0,0,2,0,0,0,0,0,0,"- ","- ",35.055459999999997,-120.50091,"SAN LUIS OBISPO",UNINCORPORATED,-120.50124998,35.055190099999997
90151026,2016,2016-04-05,9745,2016-03-27,1552,017817,,7,2,9,4000,0,1,3,,1,040,"SR-227 SOUTHBOUND","NOYES RD",3200.00,S,N,A,-,Y,,,,,,,,,,N,3,0,1,1,A,-,08,22107,,N,E,I,A,A,H,-,A,D,0,,,,,Y,,A,01,0,1,0,0,0,0,0,0,0,"- ","- ",,,"SAN LUIS OBISPO",UNINCORPORATED,,