CASE_ID,ACCIDENT_YEAR,PROC_DATE,JURIS,COLLISION_DATE,COLLISION_TIME,OFFICER_ID,REPORTING_DISTRICT,DAY_OF_WEEK,CHP_SHIFT,POPULATION,CNTY_CITY_LOC,SPECIAL_COND,BEAT_TYPE,CHP_BEAT_TYPE,CITY_DIVISION_LAPD,CHP_BEAT_CLASS,BEAT_NUMBER,PRIMARY_RD,SECONDARY_RD,DISTANCE,DIRECTION,INTERSECTION,WEATHER_1,WEATHER_2,STATE_HWY_IND,CALTRANS_COUNTY,CALTRANS_DISTRICT,STATE_ROUTE,ROUTE_SUFFIX,POSTMILE_PREFIX,POSTMILE,LOCATION_TYPE,RAMP_INTERSECTION,SIDE_OF_HWY,TOW_AWAY,COLLISION_SEVERITY,NUMBER_KILLED,NUMBER_INJURED,PARTY_COUNT,PRIMARY_COLL_FACTOR,PCF_CODE_OF_VIOL,PCF_VIOL_CATEGORY,PCF_VIOLATION,PCF_VIOL_SUBSECTION,HIT_AND_RUN,TYPE_OF_COLLISION,MVIW,PED_ACTION,ROAD_SURFACE,ROAD_COND_1,ROAD_COND_2,LIGHTING,CONTROL_DEVICE,CHP_ROAD_TYPE,PEDESTRIAN_ACCIDENT,BICYCLE_ACCIDENT,MOTORCYCLE_ACCIDENT,TRUCK_ACCIDENT,NOT_PRIVATE_PROPERTY,ALCOHOL_INVOLVED,STWD_VEHTYPE_AT_FAULT,CHP_VEHTYPE_AT_FAULT,COUNT_SEVERE_INJ,COUNT_VISIBLE_INJ,COUNT_COMPLAINT_PAIN,COUNT_PED_KILLED,COUNT_PED_INJURED,COUNT_BICYCLIST_KILLED,COUNT_BICYCLIST_INJURED,COUNT_MC_KILLED,COUNT_MC_INJURED,PRIMARY_RAMP,SECONDARY_RAMP,LATITUDE,LONGITUDE,COUNTY,CITY,POINT_X,POINT_Y
90158554,2016,2016-04-15,9745,2016-04-12,0740,015144,,2,1,2,4005,0,1,2,,2,404,"US-101 NORTHBOUND","PISMO OVERHEAD RAILROAD BRIDGE",40.00,S,N,A,-,Y,,,101,,,,,,N,Y,4,0,1,2,A,-,03,22350,,N,C,C,A,A,H,-,A,D,0,,,,,Y,,A,01,0,0,1,0,0,0,0,0,0,"- ","- ",35.138480000000001,-120.63166,"SAN LUIS OBISPO","PISMO BEACH",-120.63164820999999,35.138527789999998
90165127,2016,2016-04-25,9745,2016-04-15,1705,016514,,5,2,9,4000,0,3,5,,2,002,"MANZANITA DR","DORIS AVE",68.00,W,N,A,-,N,,,,,,,,,,Y,4,0,1,2,A,-,08,22107,,N,E,I,A,A,H,-,A,D,0,,,,,Y,,D,22,0,0,1,0,0,0,0,0,0,"- ","- ",35.31118,-120.84823,"SAN LUIS OBISPO",UNINCORPORATED,-120.84815777999999,35.311095819999998
90168138,2016,2016-04-28,9740,2016-04-23,1045,019096,,6,1,9,4000,0,1,2,,2,002,"US-101 S/B TO VINEYARD DR","VINEYARD DR",400.00,S,N,A,-,Y,,,101,,,,R,,S,Y,2,0,3,2,A,-,03,22350,,N,E,I,A,A,H,-,A,D,0,,,,,Y,,A,01,1,1,1,0,0,0,0,0,0,"- ","- ",35.542279999999998,-120.71505000000001,"SAN LUIS OBISPO",UNINCORPORATED,-120.71505000000001,35.542279999999998
90172468,2016,2016-05-04,9750,2016-04-26,2115,017379,,2,2,9,4000,0,1,3,,1,021,SR-135,"RICE RANCH RD.",3960.00,S,N,A,-,Y,,,,,,,,,,Y,4,0,1,1,A,-,08,22107,,N,E,I,A,A,H,-,D,D,0,,,,,Y,,A,01,0,0,1,0,0,0,0,0,0,"- ","- ",34.85492,-120.45077000000001,"SAN LUIS OBISPO",UNINCORPORATED,,
90172543,2016,2016-05-04,9745,2016-05-03,1600,016068,,2,2,9,4000,0,2,4,,1,025,"LOS OSOS VALLEY ROAD","SOUTH BAY BLVD",381.00,E,N,A,-,N,,,,,,,,,,Y,4,0,2,2,A,-,07,21658,A,N,C,C,A,A,H,-,A,D,0,,,,,Y,,A,01,0,0,2,0,0,0,0,0,0,"- ","- ",35.309809999999999,-120.82474000000001,"SAN LUIS OBISPO",UNINCORPORATED,-120.82434988999999,35.309566650000001
90172545,2016,2016-05-04,9740,2016-04-30,1718,019259,,6,2,3,4004,0,1,2,,2,002,"US-101 NORTHBOUND",SR-46,300.00,S,N,A,-,Y,,,101,,,,,,N,Y,4,0,2,2,A,-,03,22350,,N,C,C,A,A,H,-,A,D,0,,,,,Y,,A,08,0,0,2,0,0,0,0,0,0,"- ","- ",35.588009999999997,-120.69569,"SAN LUIS OBISPO","PASO ROBLES",-120.69563545,35.588002039999999
90173078,2016,2016-05-04,9745,2016-04-27,1755,016514,,3,2,9,4000,0,2,4,,1,025,"LOS OSOS VALLEY RD","FOOTHILL BLVD",6336.00,W,N,A,-,N,,,,,,,,,,Y,4,0,2,3,A,-,05,21460,A,N,B,C,A,A,H,-,A,D,0,,,,,Y,,A,01,0,0,2,0,0,0,0,0,0,"- ","- ",35.282679999999999,-120.72778,"SAN LUIS OBISPO",UNINCORPORATED,-120.73094807,35.283807070000002
90173846,2016,2016-05-05,9745,2016-04-29,2300,017097,,5,3,9,4000,0,2,4,,1,025,"LOS OSOS VALLEY RD.","SOUTH BAY BLVD",300.00,W,N,A,-,N,,,,,,,,,,Y,4,0,1,2,A,-,09,21804,A,N,D,C,A,A,H,-,D,D,0,,,,,Y,,A,01,0,0,1,0,0,0,0,0,0,"- ","- ",35.310580000000002,-120.82651,"SAN LUIS OBISPO",UNINCORPORATED,-120.82633285,35.310475769999996
90173950,2016,2016-05-05,9745,2016-05-04,0810,017144,,3,1,9,4000,0,2,4,,1,055,"POMEROY AVE","CAMINO CABALLO",0.00,,Y,B,-,N,,,,,,,,,,Y,3,0,1,2,A,-,09,21801,A,N,A,C,A,A,H,-,A,D,0,,,,,Y,,A,01,0,1,0,0,0,0,0,0,0,"- ","- ",35.03481,-120.50088,"SAN LUIS OBISPO",UNINCORPORATED,-120.50083994000001,35.034840070000001
90175523,2016,2016-05-09,9745,2016-05-07,2225,017541,,6,3,9,4000,0,2,4,,1,052,"THOMPSON AVE","BRANCH ST",0.00,,Y,A,-,N,,,,,,,,,,Y,4,0,2,2,A,-,09,21802,A,N,D,C,A,A,H,-,C,D,0,,,,,Y,,A,01,0,0,2,0,0,0,0,0,0,"- ","- ",35.043750000000003,-120.47691,"SAN LUIS OBISPO",UNINCORPORATED,-120.47689998,35.043720049999997
90175734,2016,2016-05-09,9740,2016-05-02,2055,014543,,1,2,9,4000,0,1,3,,2,005,"SR-58 E/B","CAMATTA CREEK RD",17952.00,E,N,A,-,Y,,,58,,,,,,E,Y,3,0,1,1,A,-,08,22107,,N,E,I,A,A,H,-,D,D,0,,,,,Y,,D,22,0,1,0,0,0,0,0,0,0,"- ","- ",35.410530000000001,-120.25126,"SAN LUIS OBISPO",UNINCORPORATED,-120.25123884999999,35.4104758
90175879,2016,2016-05-10,9740,2016-04-28,1642,015854,,4,2,9,4000,0,1,3,,2,005,SR-58,"WILHELMINA AVE",31.00,E,N,A,-,Y,,,58,,,,,,,Y,3,0,1,3,A,-,03,22350,,N,C,C,A,A,H,-,A,D,0,,,,,Y,,A,01,0,1,0,0,0,0,0,0,0,"- ","- ",35.386400000000002,-120.61718999999999,"SAN LUIS OBISPO",UNINCORPORATED,-120.61724377,35.386500859999998
9017738,2019,2020-02-11,4005,2019-12-09,1207,P114,5,1,5,2,4005,0,0,0,,0,,"FIVE CITIES DR","4TH ST",251.00,N,N,A,-,N,,,,,,,,,,N,3,0,1,2,A,-,05,21202,A,N,D,G,A,A,H,-,A,D,0,,Y,,,Y,,L,04,0,1,0,0,0,0,1,0,0,"- ","- ",,,"SAN LUIS OBISPO","PISMO BEACH",-120.62284851074219,35.135993957519531
90180502,2016,2016-05-16,9745,2016-05-09,0830,017097,,1,1,9,4000,0,3,5,,2,005,"HETRICK AVE.","WILLOW RD.",0.00,,Y,A,-,N,,,,,,,,,,Y,4,0,4,2,A,-,12,22450,A,N,D,C,A,A,H,-,A,A,0,,,,,Y,,A,07,0,0,4,0,0,0,0,0,0,"- ","- ",35.047899999999998,-120.5127,"SAN LUIS OBISPO",UNINCORPORATED,-120.51290991,35.04792003
90183766,2016,2016-05-20,9745,2016-05-10,1320,017097,,2,1,2,4005,0,1,2,,2,404,"US-101 S/B","SPYGLASS DR",0.00,,Y,A,-,Y,,,101,,,,,,S,Y,4,0,1,2,A,-,09,21802,A,N,D,C,A,A,H,-,A,A,0,,,,,Y,,A,01,0,0,1,0,0,0,0,0,0,"- ","- ",35.163820000000001,-120.68742,"SAN LUIS OBISPO","PISMO BEACH",-120.68724561000001,35.164058830000002
90185405,2016,2016-05-23,9745,2016-05-13,1640,017151,,5,2,9,4000,0,1,3,,1,021,SR-1,"HARMONY VALLEY RD",2640.00,S,N,A,-,Y,,,,,,,,,,Y,3,0,1,1,A,-,01,23152,A,N,F,A,A,A,H,-,A,D,0,,,,,Y,Y,A,01,0,1,0,0,0,0,0,0,0,"- ","- ",35.494860000000003,-120.0052,"SAN LUIS OBISPO",UNINCORPORATED,-121.01504752,35.502794819999998
90192857,2016,2016-06-02,9740,2016-05-27,1248,016089,,5,1,9,4000,0,3,5,,2,017,"CROCKER ST","5TH ST",0.00,,Y,A,-,N,,,,,,,,,,Y,3,0,2,2,A,-,12,22450,A,N,D,C,A,A,H,-,A,A,0,,,,,Y,,A,01,0,2,0,0,0,0,0,0,0,"- ","- ",35.549689999999998,-120.70658,"SAN LUIS OBISPO",UNINCORPORATED,-120.70668990999999,35.549610059999999
90194800,2016,2016-06-06,9740,2016-05-22,1200,017426,,7,1,9,4000,0,1,3,,1,009,"SR-46 WESTBOUND","BITTERWATER RD",5280.00,E,N,A,-,Y,,,46,,,,,,W,Y,2,0,2,3,A,-,09,21801,A,N,D,C,A,A,H,-,A,D,0,,,,,Y,,A,01,1,0,1,0,0,0,0,0,0,"- ","- ",35.722619999999999,-120.29719,"SAN LUIS OBISPO",UNINCORPORATED,-120.29718736,35.722618429999997
90200186,2016,2016-06-13,9745,2016-06-03,2144,017817,,5,2,9,4000,0,2,S,,2,054,"LOPEZ DR.","CECCHETTI RD.",850.00,N,N,A,-,N,,,,,,,,,,Y,3,0,1,1,A,-,01,23152,A,N,F,I,A,A,H,-,D,D,0,,,,,Y,Y,A,07,0,1,0,0,0,0,0,0,0,"- ","- ",35.150480000000002,-120.53660000000001,"SAN LUIS OBISPO",UNINCORPORATED,-120.53498643,35.152470870000002
90205264,2016,2016-06-20,9745,2016-06-18,1650,020689,,6,2,9,4000,0,1,2,,2,505,"US-101 SOUTHBOUND","TEFFT STREET",200.00,N,N,A,-,Y,,,101,,,,,,S,Y,3,0,1,2,A,-,01,23152,A,N,C,E,A,A,H,-,A,D,0,,,,,Y,Y,D,22,0,1,0,0,0,0,0,0,0,"- ","- ",35.039250000000003,-120.48705,"SAN LUIS OBISPO",UNINCORPORATED,-120.48698025,35.03931266
90207345,2016,2016-06-22,9745,2016-06-12,1440,017238,,7,2,9,4000,0,1,2,,2,404,"US-101 SOUTHBOUND","AVILA BEACH DRIVE",0.00,,Y,A,-,Y,,,101,,,,,,S,N,4,0,1,2,A,-,03,22350,,N,C,C,A,A,H,-,A,D,0,,,,,Y,,D,22,0,0,1,0,0,0,0,0,0,"- ","- ",35.179769999999998,-120.6996,"SAN LUIS OBISPO",UNINCORPORATED,-120.69958549,35.17978402
90209003,2016,2016-06-24,9745,2016-06-24,0805,017097,,5,1,9,4000,0,2,4,,1,024,"SOUTH BAY BLVD","TURRI RD",2112.00,N,N,A,-,N,,,,,,,,,,Y,4,0,1,2,A,-,03,22350,,N,C,C,A,A,H,-,A,D,0,,,,,Y,,A,01,0,0,1,0,0,0,0,0,0,"- ","- ",35.344650000000001,-120.82555000000001,"SAN LUIS OBISPO",UNINCORPORATED,-120.82456722000001,35.342220269999999
90210910,2016,2016-06-28,9745,2016-06-25,1053,020144,,6,1,9,4000,0,1,3,,1,045,SR-1,"OSO FLACO LAKE RD",0.00,,Y,A,-,Y,,,1,,,,,,,Y,4,0,2,2,A,-,09,21801,A,N,D,C,A,A,H,-,A,D,0,,,,,Y,,A,07,0,0,2,0,0,0,0,0,0,"- ","- ",35.01079,-120.56755,"SAN LUIS OBISPO",UNINCORPORATED,-120.56758204,35.01080314
90211915,2016,2016-06-29,9745,2016-06-26,2040,017930,,7,2,9,4000,0,1,3,,1,011,SR-41,"BEAR RIDGE RD",1056.00,N,N,A,-,Y,,,41,,,,,,,Y,4,0,1,1,A,-,03,22350,,N,F,A,A,A,H,-,B,D,0,,,Y,,Y,,C,02,0,0,1,0,0,0,0,0,1,"- ","- ",35.426110000000001,-120.77867999999999,"SAN LUIS OBISPO",UNINCORPORATED,-120.77870842999999,35.42614098
90213066,2016,2016-06-30,9750,2016-06-28,0930,014358,,2,1,9,4000,0,1,2,,2,111,"US 101 NORTHBOUND","SR 166 EAST",1056.00,S,N,A,-,Y,,,,,,,,,,Y,4,0,1,2,A,-,07,21658,A,N,E,I,A,A,H,-,A,D,0,,,,,Y,,A,01,0,0,1,0,0,0,0,0,0,"- ","- ",34.987900000000003,-120.43338,"SAN LUIS OBISPO",UNINCORPORATED,,
90213100,2016,2016-06-30,9750,2016-05-20,1058,014820,,5,1,9,4000,0,1,3,,1,063,SR-166,"GIFFORD CREEK BRIDGE",403.00,W,N,B,-,Y,,,166,,,,,,,Y,1,1,0,2,A,-,05,21460,A,N,A,C,A,A,H,-,A,D,0,,,,Y,Y,,A,01,0,0,0,0,0,0,0,0,0,"- ","- ",35.075409999999998,-120.0026,"SAN LUIS OBISPO",UNINCORPORATED,-120.00260608000001,35.075402850000003
90217386,2016,2016-07-07,9750,2016-06-30,1230,016874,,4,1,9,4000,0,1,3,,1,063,"SR-166 W/B","COTTONWOOD CANYON RD",5280.00,W,N,A,-,Y,,,,,,,,,,Y,2,0,2,1,A,-,08,22107,,N,E,I,A,A,H,-,A,D,0,,,,Y,Y,,G,25,2,0,0,0,0,0,0,0,0,"- ","- ",35.033659999999998,-119.88844,"SAN LUIS OBISPO",UNINCORPORATED,,
90221862,2016,2016-07-13,9740,2016-07-09,0525,013246,,6,3,9,4000,0,3,5,,2,019,"UNION RD.","PENMAN SPRINGS RD",2112.00,W,N,A,-,N,,,,,,,,,,Y,4,0,1,1,A,-,08,22107,,N,F,I,A,A,H,-,B,D,0,,,,,Y,,D,22,0,0,1,0,0,0,0,0,0,"- ","- ",35.630499999999998,-120.6219,"SAN LUIS OBISPO",UNINCORPORATED,-120.62130670000001,35.630551539999999
90221896,2016,2016-07-13,9745,2016-07-06,1538,014713,,3,2,9,4000,0,1,3,,2,023,"SR-1 SOUTHBOUND","HOLLISTER RD.",482.00,N,N,A,-,Y,,,1,,,,,,S,Y,4,0,2,3,A,-,03,22350,,N,C,C,A,A,D,-,A,A,0,,,,,Y,,A,08,0,0,2,0,0,0,0,0,0,"- ","- ",35.331339999999997,-120.73625,"SAN LUIS OBISPO",UNINCORPORATED,-120.73624601,35.331353790000001
90225060,2016,2016-07-18,9745,2016-07-17,1343,017817,,7,1,2,4005,0,1,2,,2,404,"US-101 NORTHBOUND","WADSWORTH AVE",15.00,S,N,A,-,Y,,,101,,,,,,N,Y,4,0,4,2,A,-,03,22350,,N,C,C,A,A,H,-,A,D,0,,,,,Y,,A,07,0,0,4,0,0,0,0,0,0,"- ","- ",35.144410000000001,-120.64179,"SAN LUIS OBISPO","PISMO BEACH",-120.64180163,35.14439728
90225594,2016,2016-07-19,9740,2016-06-21,0038,014460,,2,3,9,4000,0,1,3,,2,007,SR-41,"ROCKY CANYON ROAD",1584.00,N,N,A,-,Y,,,41,,,,,,,Y,1,1,1,1,A,-,01,23152,E,F,E,J,A,A,H,-,D,D,0,,,,,Y,,D,22,1,0,0,0,0,0,0,0,0,"- ","- ",35.505470000000003,-120.64888000000001,"SAN LUIS OBISPO",UNINCORPORATED,-120.64887198,35.505443489999998
90225917,2016,2016-07-19,9745,2016-07-15,2118,017968,,5,2,9,4000,0,1,2,,1,101,"US-101 S/B","TV TOWER ROAD",30.00,S,N,A,-,Y,,,101,,,,,,S,Y,4,0,1,2,A,-,03,22350,,N,C,C,A,A,H,-,C,D,0,,,,,Y,,A,01,0,0,1,0,0,0,0,0,0,"- ","- ",35.348239999999997,-120.63046,"SAN LUIS OBISPO",UNINCORPORATED,-120.63047028,35.34823196
90232850,2016,2016-07-28,9745,2016-07-24,1310,017144,,7,1,4,4006,0,1,2,,2,202,"US-101 SOUTHBOUND","MADONNA RD",2640.00,S,N,A,-,Y,,,101,,,,,,S,Y,3,0,1,2,A,-,03,22350,,N,F,A,A,A,H,-,A,D,0,,,Y,,Y,,C,02,0,1,0,0,0,0,0,0,1,"- ","- ",35.260289999999998,-120.67337000000001,"SAN LUIS OBISPO","SAN LUIS OBISPO",-120.6735767,35.260301230000003
90235248,2016,2016-08-02,9740,2016-07-17,1820,015167,,7,2,9,4000,0,2,4,,2,012,"LAKE NACIMIENTO DR (G14)","CHIMNEY ROCK RD",5808.00,W,N,A,-,N,,,,,,,,,,Y,2,0,1,2,A,-,01,23152,A,N,B,C,A,A,H,-,A,D,0,,,,,Y,Y,D,23,1,0,0,0,0,0,0,0,0,"- ","- ",35.701169999999998,-120.81148,"SAN LUIS OBISPO",UNINCORPORATED,-120.81148,35.701169999999998
90235324,2016,2016-08-02,9740,2016-07-21,0400,018323,,4,3,9,4000,0,3,5,,2,022,"ADELAIDE ROAD","NACIMIENTO LAKE DR",2640.00,W,N,A,-,N,,,,,,,,,,Y,4,0,1,1,A,-,08,22107,,N,E,I,A,A,H,-,D,D,0,,,,,Y,,A,01,0,0,1,0,0,0,0,0,0,"- ","- ",35.647860000000001,-120.72888,"SAN LUIS OBISPO",UNINCORPORATED,-120.72885415,35.647784469999998
90242147,2016,2016-08-10,9740,2016-08-02,1400,016089,,2,2,9,4000,0,3,5,,2,017,"ROCKY CANYON RD","ADOBE CANYON ROAD",2640.00,S,N,A,-,N,,,,,,,,,,Y,4,0,2,1,A,-,08,22107,,N,E,I,A,A,H,-,A,D,0,,,,,Y,,A,01,0,0,2,0,0,0,0,0,0,"- ","- ",35.480739999999997,-120.62907,"SAN LUIS OBISPO",UNINCORPORATED,-120.62881127999999,35.480748480000003
90245943,2016,2016-08-16,9745,2016-08-03,1430,014713,,3,2,9,4000,0,2,4,,1,025,"LOS OSOS VALLEY ROAD","DIABLO DR",1212.00,W,N,A,-,N,,,,,,,,,,Y,2,0,4,3,A,-,05,21650,,N,B,C,A,A,H,-,A,D,0,,,,,Y,,A,07,2,0,2,0,0,0,0,0,0,"- ","- ",35.269919999999999,-120.70543000000001,"SAN LUIS OBISPO",UNINCORPORATED,-120.70541335,35.269799069999998
90251700,2016,2016-08-24,9745,2016-08-16,1532,017930,,2,2,9,4000,0,1,2,,2,505,"US-101 SOUTHBOUND","LOS BERROS RD",1584.00,N,N,A,-,Y,,,101,,,,,,S,Y,4,0,1,2,A,-,07,21658,A,N,C,E,A,A,H,-,A,D,0,,,,,Y,,D,22,0,0,1,0,0,0,0,0,0,"- ","- ",35.07591,-120.52155999999999,"SAN LUIS OBISPO",UNINCORPORATED,-120.52155246,35.0759203
90251732,2016,2016-08-24,9745,2016-08-09,1846,015734,,2,2,9,4000,0,1,3,,1,011,"SR-41 NORTHBOUND","BEAR RIDGE RD",4752.00,N,N,B,-,Y,,,41,,,,,,N,Y,2,0,1,1,A,-,01,23152,E,N,E,I,A,A,H,-,A,D,0,,,,,Y,,A,01,1,0,0,0,0,0,0,0,0,"- ","- ",35.428669999999997,-120.76622,"SAN LUIS OBISPO",UNINCORPORATED,-120.76622067,35.428675349999999
90256258,2016,2016-08-29,9745,2016-08-25,1246,013531,,4,1,9,4000,0,1,3,,1,045,SR-1,"DIVISION STREET",0.00,,Y,B,-,Y,,,1,,,,,,,Y,3,0,2,2,A,-,09,21802,A,N,D,C,A,A,H,-,A,D,0,,,,,Y,,A,01,0,1,1,0,0,0,0,0,0,"- ","- ",34.991280000000003,-120.57046,"SAN LUIS OBISPO",UNINCORPORATED,-120.57054994000001,34.991280000000003
90258768,2016,2016-09-01,9745,2016-08-29,2121,017930,,1,2,9,4000,0,1,3,,1,011,SR-41,"BEAR RIDGE RD",2640.00,S,N,A,-,Y,,,41,,,,,,,Y,4,0,1,2,A,-,01,23152,E,N,B,C,A,A,H,-,D,D,0,,,,,Y,,A,07,0,0,1,0,0,0,0,0,0,"- ","- ",35.422170000000001,-120.78994,"SAN LUIS OBISPO",UNINCORPORATED,-120.79001467000001,35.42226316
90263373,2016,2016-09-07,9745,2016-08-31,0935,016390,,3,1,9,4000,0,2,4,,1,048,"AVILA BEACH DRIVE","FIRST STREET",500.00,E,N,A,-,N,,,,,,,,,,N,3,0,1,2,A,-,03,22350,,N,H,G,A,A,H,-,A,D,0,,Y,,,Y,,L,04,0,1,0,0,0,0,1,0,0,"- ","- ",35.180799999999998,-120.7353,"SAN LUIS OBISPO",UNINCORPORATED,-120.73460698,35.181187799999996
90265785,2016,2016-09-12,9745,2016-09-07,1749,014713,,3,2,9,4000,0,2,4,,1,025,"LOS OSOS VALLEY ROAD","FOOTHILL BLVD.",769.00,E,N,A,-,N,,,,,,,,,,N,4,0,4,3,A,-,03,22350,,N,C,C,A,A,H,-,A,D,0,,,,,Y,,D,22,0,0,4,0,0,0,0,0,0,"- ","- ",35.274850000000001,-120.70977999999999,"SAN LUIS OBISPO",UNINCORPORATED,-120.70999117,35.274996350000002
90270448,2016,2016-09-19,9745,2016-09-11,0855,016390,,7,1,3,4001,0,1,2,,2,402,"US 101 S/B","HALCYON ROAD",16.00,S,N,B,-,Y,,,,,,,,,,Y,3,0,1,1,A,-,08,22107,,N,E,I,A,A,H,-,A,D,0,,,,,Y,,A,07,0,1,0,0,0,0,0,0,0,"- ","- ",35.1233,-120.5913,"SAN LUIS OBISPO","ARROYO GRANDE",,
90270839,2016,2016-09-19,9745,2016-09-16,1505,016714,,5,2,9,4000,0,1,3,,1,011,"SR-41, (ATASCADERO RD.)","OLD MORRO RD. W.",426.00,N,N,A,-,Y,,,41,,,,,,,Y,4,0,1,2,A,-,01,23152,A,N,B,C,A,A,H,-,A,D,0,,,,,Y,Y,D,22,0,0,1,0,0,0,0,0,0,"- ","- ",35.460639999999998,-120.7323,"SAN LUIS OBISPO",UNINCORPORATED,-120.73230642999999,35.460605739999998
90271594,2016,2016-09-20,9745,2016-09-15,1310,012876,,4,1,9,4000,0,1,2,,1,101,"US-101 SOUTHBOUND","MONTEREY ST",1584.00,N,N,A,-,Y,,,101,,,,,,S,Y,3,0,1,1,A,-,08,22107,,N,E,I,A,A,H,-,A,D,0,,,,,Y,,A,01,0,1,0,0,0,0,0,0,0,"- ","- ",35.29271,-120.64404,"SAN LUIS OBISPO",UNINCORPORATED,-120.6439985,35.292634290000002
90274125,2016,2016-09-26,9740,2016-06-28,0448,015644,,2,3,9,4000,0,1,2,,2,004,"US-101 SOUTHBOUND","WELLSONA RD",0.00,,Y,A,-,Y,,,101,,,,,,S,Y,1,1,1,2,A,-,02,22400,A,N,D,C,A,A,H,-,C,A,0,,,,Y,Y,,G,25,1,0,0,0,0,0,0,0,0,"- ","- ",35.695799999999998,-120.69687,"SAN LUIS OBISPO",UNINCORPORATED,-120.69679687999999,35.695799409999999
90274882,2016,2016-09-23,9745,2016-09-21,0705,012876,,3,1,9,4000,0,1,2,,1,101,"US-101 SOUTHBOUND","SAN LUIS BAY DR",1584.00,S,N,A,-,Y,,,101,,,,,,S,Y,3,0,1,2,A,-,07,21658,A,N,F,A,A,A,H,-,A,D,0,,,,,Y,,A,08,0,1,0,0,0,0,0,0,0,"- ","- ",35.190269999999998,-120.7011,"SAN LUIS OBISPO",UNINCORPORATED,-120.70109646,35.190269720000003
90283141,2016,2016-10-04,9745,2016-09-25,2307,020228,,7,3,4,4006,0,1,2,,1,101,"US-101 NORTHBOUND","GRAND AVE",192.00,S,N,A,-,Y,,,101,,,,,,N,Y,3,0,1,1,A,-,01,23152,A,N,E,I,A,A,H,-,C,D,0,,,,,Y,Y,D,22,0,1,0,0,0,0,0,0,0,"- ","- ",35.291789999999999,-120.65402,"SAN LUIS OBISPO","SAN LUIS OBISPO",-120.65402004000001,35.291788480000001
90284305,2016,2016-10-05,9745,2016-10-01,1625,017817,,6,2,4,4006,0,1,2,,1,101,"US-101 SOUTHBOUND","SANTA ROSA ST.",60.00,N,N,A,-,Y,,,101,,,,,,S,Y,4,0,1,2,A,-,03,22350,,N,C,C,A,A,H,-,A,D,0,,,,,Y,,A,01,0,0,1,0,0,0,0,0,0,"- ","- ",35.287010000000002,-120.66331,"SAN LUIS OBISPO","SAN LUIS OBISPO",-120.66330068000001,35.286997820000003
90284458,2016,2016-10-05,9740,2016-09-22,1644,014622,,4,2,9,4000,0,1,2,,2,002,"US-101 SOUTHBOUND","VINEYARD DRIVE",372.00,N,N,A,-,Y,,,101,,,,,,S,Y,3,0,1,1,A,-,03,22350,,N,F,A,A,A,H,-,A,D,0,,,Y,,Y,,C,02,0,1,0,0,0,0,0,0,1,"- ","- ",35.54504,-120.71511,"SAN LUIS OBISPO",UNINCORPORATED,-120.71517301999999,35.545014860000002
90285539,2016,2016-10-06,9745,2016-09-30,1640,016714,,5,2,9,4000,0,1,3,,2,023,"SR-1 S/B (CABRILLO HIGHWAY)","KANSAS AVE.",200.00,N,N,A,-,Y,,,1,,,,,,S,Y,4,0,1,2,A,-,03,22350,,N,C,C,A,A,H,-,A,A,0,,,,,Y,,A,01,0,0,1,0,0,0,0,0,0,"- ","- ",35.321129999999997,-120.71738000000001,"SAN LUIS OBISPO",UNINCORPORATED,-120.71731506,35.321297960000003
90285712,2016,2016-10-06,9745,2016-10-05,1645,016068,,3,2,9,4000,0,3,5,,2,004,"HUASNA RD","SCHOOL ROAD",300.00,S,N,A,-,N,,,,,,,,,,Y,4,0,2,1,A,-,08,22107,,N,F,A,A,A,H,-,A,D,0,,,,,Y,,A,07,0,0,2,0,0,0,0,0,0,"- ","- ",35.138469999999998,-120.52128999999999,"SAN LUIS OBISPO",UNINCORPORATED,-120.52094219,35.138762079999999
90285917,2016,2016-10-06,9745,2016-09-30,1235,016390,,5,1,9,4000,0,3,5,,2,004,"NOYES RD.","EQUESTRIAN WAY",30.00,W,N,A,-,N,,,,,,,,,,Y,4,0,1,2,A,-,03,22350,,N,C,C,A,A,H,-,A,D,0,,,,,Y,,A,08,0,0,1,0,0,0,0,0,0,"- ","- ",35.143090000000001,-120.59783,"SAN LUIS OBISPO",UNINCORPORATED,-120.59777035,35.14314066
90287610,2016,2016-10-10,9745,2016-10-07,0905,020144,,5,1,4,4006,0,1,2,,2,202,"US-101 SOUTHBOUND","BUENA VISTA AVE",50.00,S,N,A,-,Y,,,101,,,,,,S,Y,4,0,1,1,A,-,08,22107,,N,E,I,A,A,H,-,A,D,0,,,,,Y,,A,01,0,0,1,0,0,0,0,0,0,"- ","- ",35.291960000000003,-120.64982000000001,"SAN LUIS OBISPO","SAN LUIS OBISPO",-120.64982094,35.291902299999997
90287962,2016,2016-10-10,9745,2016-10-03,2044,017817,,1,2,9,4000,0,1,3,,1,041,"HALCYON RD.",SR-1,0.00,,Y,A,-,Y,,,,,,,,,,Y,3,0,1,2,A,-,08,22107,,N,D,C,A,A,H,-,C,A,0,,,,,Y,,A,01,0,1,0,0,0,0,0,0,0,"- ","- ",35.080800000000004,-120.58672,"SAN LUIS OBISPO",UNINCORPORATED,-120.5923799,35.098160010000001