CASE_ID,ACCIDENT_YEAR,PROC_DATE,JURIS,COLLISION_DATE,COLLISION_TIME,OFFICER_ID,REPORTING_DISTRICT,DAY_OF_WEEK,CHP_SHIFT,POPULATION,CNTY_CITY_LOC,SPECIAL_COND,BEAT_TYPE,CHP_BEAT_TYPE,CITY_DIVISION_LAPD,CHP_BEAT_CLASS,BEAT_NUMBER,PRIMARY_RD,SECONDARY_RD,DISTANCE,DIRECTION,INTERSECTION,WEATHER_1,WEATHER_2,STATE_HWY_IND,CALTRANS_COUNTY,CALTRANS_DISTRICT,STATE_ROUTE,ROUTE_SUFFIX,POSTMILE_PREFIX,POSTMILE,LOCATION_TYPE,RAMP_INTERSECTION,SIDE_OF_HWY,TOW_AWAY,COLLISION_SEVERITY,NUMBER_KILLED,NUMBER_INJURED,PARTY_COUNT,PRIMARY_COLL_FACTOR,PCF_CODE_OF_VIOL,PCF_VIOL_CATEGORY,PCF_VIOLATION,PCF_VIOL_SUBSECTION,HIT_AND_RUN,TYPE_OF_COLLISION,MVIW,PED_ACTION,ROAD_SURFACE,ROAD_COND_1,ROAD_COND_2,LIGHTING,CONTROL_DEVICE,CHP_ROAD_TYPE,PEDESTRIAN_ACCIDENT,BICYCLE_ACCIDENT,MOTORCYCLE_ACCIDENT,TRUCK_ACCIDENT,NOT_PRIVATE_PROPERTY,ALCOHOL_INVOLVED,STWD_VEHTYPE_AT_FAULT,CHP_VEHTYPE_AT_FAULT,COUNT_SEVERE_INJ,COUNT_VISIBLE_INJ,COUNT_COMPLAINT_PAIN,COUNT_PED_KILLED,COUNT_PED_INJURED,COUNT_BICYCLIST_KILLED,COUNT_BICYCLIST_INJURED,COUNT_MC_KILLED,COUNT_MC_INJURED,PRIMARY_RAMP,SECONDARY_RAMP,LATITUDE,LONGITUDE,COUNTY,CITY,POINT_X,POINT_Y
90288082,2016,2016-10-10,9745,2016-09-27,1730,017238,,2,2,9,4000,0,3,5,,2,004,"DIVISION STREET",SR-1,1584.00,E,N,A,-,N,,,,,,,,,,Y,4,0,1,1,A,-,08,22107,,N,F,A,A,A,H,-,A,D,0,,,,,Y,,A,07,0,0,1,0,0,0,0,0,0,"- ","- ",34.991799999999998,-120.55070000000001,"SAN LUIS OBISPO",UNINCORPORATED,-120.5652444,34.991063910000001
90289078,2016,2016-10-11,9740,2016-10-01,1255,018323,,6,1,9,4000,0,1,3,,1,014,SR-1,"SLO SAN SIMEON RD",0.00,,Y,A,-,Y,,,1,,,,,,,Y,3,0,2,2,A,-,09,21801,A,N,A,C,A,A,H,-,A,D,0,,,,,Y,,A,01,0,2,0,0,0,0,0,0,0,"- ","- ",35.643630000000002,-121.18574,"SAN LUIS OBISPO",UNINCORPORATED,-121.18561069,35.643961500000003
90290319,2016,2016-10-12,9740,2016-10-05,1735,011615,,3,2,9,4000,0,1,3,,1,014,SR-1,"WINDSOR BLVD",0.00,,Y,A,-,Y,,,1,,,,,,,Y,4,0,1,2,A,-,12,21453,A,N,D,C,A,A,H,-,A,A,0,,,,,Y,,A,07,0,0,1,0,0,0,0,0,0,"- ","- ",35.569130000000001,-121.10384000000001,"SAN LUIS OBISPO",UNINCORPORATED,-121.10393212,35.56889486
90293296,2016,2016-10-17,9745,2016-10-15,2210,017930,,6,3,9,4000,0,3,5,,2,003,"SEE CANYON RD","SAN LUIS BAY DR",16896.00,N,N,B,C,N,,,,,,,,,,Y,2,0,1,1,A,-,01,23152,A,N,E,I,A,B,H,-,D,D,0,,,,,Y,Y,D,22,1,0,0,0,0,0,0,0,0,"- ","- ",35.226860000000002,-120.73894,"SAN LUIS OBISPO",UNINCORPORATED,-120.74146220999999,35.228466769999997
90294345,2016,2016-10-18,9740,2016-10-15,2025,019259,,6,2,3,4004,0,1,2,,2,003,"US-101 NORTHBOUND","13TH ST",300.00,N,N,C,-,Y,,,101,,,,,,N,Y,4,0,1,1,C,-,18,,,N,H,H,A,B,H,-,D,D,0,,,,,Y,,-,"- ",0,0,1,0,0,0,0,0,0,"- ","- ",35.629570000000001,-120.68653,"SAN LUIS OBISPO","PASO ROBLES",-120.68659887,35.629569539999999
90295756,2016,2016-10-19,9745,2016-10-15,1105,017541,,6,1,9,4000,0,3,5,,2,005,"DIVISION STREET","ADINA WAY",0.00,,Y,B,-,N,,,,,,,,,,Y,4,0,1,2,A,-,09,21801,A,N,A,C,A,B,H,-,A,D,0,,,,,Y,,A,01,0,0,1,0,0,0,0,0,0,"- ","- ",35.029530000000001,-120.47857999999999,"SAN LUIS OBISPO",UNINCORPORATED,-120.47858997,35.029540019999999
90298030,2016,2016-10-21,9745,2016-10-20,1715,013212,,4,2,4,4006,0,1,2,,2,202,"US-101 SOUTHBOUND","SANTA ROSA ST",20.00,N,N,A,-,Y,,,101,,,,,,S,Y,4,0,2,2,A,-,03,22350,,N,C,C,A,A,H,-,A,D,0,,,,,Y,,A,07,0,0,2,0,0,0,0,0,0,"- ","- ",35.286960000000001,-120.66347,"SAN LUIS OBISPO","SAN LUIS OBISPO",-120.66342567,35.28690211
90299226,2016,2016-10-24,9740,2016-10-19,0024,014622,,3,3,9,4000,0,3,5,,2,017,"CRESTON ROAD","NEAL SPRINGS ROAD",5808.00,N,N,A,-,N,,,,,,,,,,Y,4,0,1,1,A,-,01,23152,A,N,E,I,A,A,H,-,D,D,0,,,,,Y,Y,A,01,0,0,1,0,0,0,0,0,0,"- ","- ",35.585709999999999,-120.62961,"SAN LUIS OBISPO",UNINCORPORATED,-120.63042127999999,35.585903799999997
90299246,2016,2016-10-24,9745,2016-10-19,0920,017968,,3,1,9,4000,0,2,4,,1,038,"ORCUTT ROAD","AVOCADO LANE",0.00,,Y,A,-,N,,,,,,,,,,Y,4,0,1,2,A,-,04,21703,,N,B,C,A,A,H,-,A,D,0,,,,,Y,,A,07,0,0,1,0,0,0,0,0,0,"- ","- ",35.241759999999999,-120.60947,"SAN LUIS OBISPO",UNINCORPORATED,-120.60380993,35.238910099999998
90299513,2016,2016-10-24,9745,2016-10-15,1210,016390,,6,1,3,4001,0,1,2,,2,402,"US 101 S/B","HALCYON ROAD",528.00,S,N,C,-,Y,,,,,,,,,,Y,3,0,1,1,A,-,08,22107,,N,F,A,A,B,H,-,A,D,0,,,,,Y,,D,22,0,1,0,0,0,0,0,0,0,"- ","- ",35.122799999999998,-120.589,"SAN LUIS OBISPO","ARROYO GRANDE",,
90299528,2016,2016-10-24,9745,2016-10-15,1159,020144,,6,1,9,4000,0,1,2,,1,101,"US-101 SOUTHBOUND","RESERVOIR CANYON RD",200.00,S,N,B,C,Y,,,101,,,,,,S,Y,4,0,1,2,A,-,09,21801,A,N,D,C,A,B,H,-,A,D,0,,,,,Y,,A,01,0,0,1,0,0,0,0,0,0,"- ","- ",35.296199999999999,-120.63104,"SAN LUIS OBISPO",UNINCORPORATED,-120.63103244,35.296182829999999
90300572,2016,2016-10-25,9745,2016-10-17,1738,020229,,1,2,9,4000,0,3,5,,2,005,"WILLOW RD","HETRICK AVE",0.00,,Y,A,-,N,,,,,,,,,,Y,4,0,1,2,A,-,09,21802,A,N,D,C,A,A,H,-,A,A,0,,,,,Y,,D,22,0,0,1,0,0,0,0,0,0,"- ","- ",35.047960000000003,-120.5127,"SAN LUIS OBISPO",UNINCORPORATED,-120.51290991,35.04792003
90302180,2016,2016-10-26,9745,2016-10-21,0855,016390,,5,1,2,4005,0,1,2,,2,404,"US-101 NORTHBOUND","PRICE STREET",1056.00,S,N,A,-,Y,,,101,,,,,,N,N,4,0,1,2,A,-,08,22107,,N,D,C,A,A,H,-,A,D,0,,,,,Y,,A,07,0,0,1,0,0,0,0,0,0,"- ","- ",35.138599999999997,-120.63209999999999,"SAN LUIS OBISPO","PISMO BEACH",-120.63209087,35.138637009999997
90303027,2016,2017-03-13,9740,2016-09-17,0950,013133,,6,1,9,4000,0,1,3,,2,010,SR-41,"KERN COUNTY LINE",2112.00,S,N,A,-,Y,,,41,,,,,,,Y,1,1,1,2,A,-,05,21460,A,N,A,C,A,A,H,-,A,D,0,,,Y,,Y,,D,22,0,0,1,0,0,0,0,1,0,"- ","- ",35.782730000000001,-120.20114,"SAN LUIS OBISPO",UNINCORPORATED,-120.20113754,35.782759939999998
90305736,2016,2016-10-28,9745,2016-10-22,1229,016514,,6,1,9,4000,0,1,3,,2,023,SR-1,"GILARDI RD",1056.00,S,N,A,-,Y,,,1,,,,,,,Y,4,0,1,1,A,-,08,22107,,N,F,A,A,A,H,-,A,D,0,,,,,Y,,A,07,0,0,1,0,0,0,0,0,0,"- ","- ",35.340629999999997,-120.762,"SAN LUIS OBISPO",UNINCORPORATED,-120.76211197000001,35.340526250000003
9031088,2020,2020-05-22,4002,2020-01-03,2317,721,101,5,5,3,4002,0,0,0,,0,,"W GRAND AV","N 4TH ST",10.00,E,N,A,-,N,,,,,,,,,,N,4,0,1,2,A,-,10,21950,A,N,G,B,B,A,H,-,C,A,0,Y,,,,Y,,D,22,0,0,1,0,1,0,0,0,0,"- ","- ",,,"SAN LUIS OBISPO","GROVER BEACH",-120.62640380859375,35.121799468994141
9031092,2020,2020-03-18,4002,2020-01-07,1912,459,,2,5,3,4002,0,0,0,,0,,"13TH ST","W GRAND AV",0.00,,Y,A,-,N,,,,,,,,,,Y,4,0,1,3,A,-,01,23152,A,N,C,C,A,A,H,-,C,A,0,,,,,Y,Y,D,22,0,0,1,0,0,0,0,0,0,"- ","- ",,,"SAN LUIS OBISPO","GROVER BEACH",-120.61531066894531,35.121250152587891
90312649,2016,2016-11-07,9745,2016-10-28,0730,017061,,5,1,9,4000,0,1,2,,1,101,"US-101 SOUTHBOUND","TV TOWER RD",150.00,N,N,B,C,Y,,,101,,,,,,S,N,4,0,1,2,A,-,03,22350,,N,C,C,A,B,H,-,A,D,0,,,,,Y,,D,22,0,0,1,0,0,0,0,0,0,"- ","- ",35.34731,-120.62987,"SAN LUIS OBISPO",UNINCORPORATED,-120.62987052,35.347309709999998
90314043,2016,2016-11-08,9745,2016-11-05,1230,016002,,6,1,3,4001,0,1,2,,2,402,"US-101 NORTHBOUND","OAK PARK BLVD",2112.00,S,N,A,-,Y,,,101,,,,,,N,Y,4,0,1,2,A,-,03,22350,,N,C,C,A,A,H,-,A,D,0,,,,,Y,,A,01,0,0,1,0,0,0,0,0,0,"- ","- ",35.127540000000003,-120.59984,"SAN LUIS OBISPO","ARROYO GRANDE",-120.59981191,35.127594219999999
90315681,2016,2016-11-09,9750,2016-10-31,0100,014753,,1,3,9,4000,0,1,3,,2,061,"STATE ROUTE 166","ALAMO CREEK ROAD",15840.00,E,N,C,-,Y,,,166,,,,,,,Y,3,0,1,1,A,-,03,22350,,N,F,A,A,B,H,-,D,D,0,,,,,Y,,A,07,0,1,0,0,0,0,0,0,0,"- ","- ",35.025599999999997,-120.2672,"SAN LUIS OBISPO",UNINCORPORATED,-120.26719987,35.025581510000002
90322324,2016,2016-11-17,9745,2016-11-12,0410,017817,,6,3,2,4005,0,1,2,,2,404,"US-101 NORTHBOUND","HINDS AVE.",350.00,N,N,A,-,Y,,,101,,,,,,N,Y,3,0,1,1,A,-,08,22107,,N,E,I,A,A,H,-,C,D,0,,,,,Y,Y,D,22,0,1,0,0,0,0,0,0,0,"- ","- ",35.142240000000001,-120.63930999999999,"SAN LUIS OBISPO","PISMO BEACH",-120.63936781,35.142181809999997
90325905,2016,2016-11-21,9740,2016-11-05,1620,013952,,6,2,9,4000,0,1,3,,2,011,SR-46W,"OLD CREEK RD",21120.00,W,N,A,-,Y,,,46,,,,,,,Y,3,0,1,1,A,-,08,22107,,N,E,I,A,A,H,-,A,D,0,,,,,Y,,A,01,0,1,0,0,0,0,0,0,0,"- ","- ",35.54786,-120.92921,"SAN LUIS OBISPO",UNINCORPORATED,-120.92920727000001,35.54787142
90329940,2016,2016-11-28,9740,2016-11-11,1610,016089,,5,2,9,4000,0,1,3,,1,014,"SR-1 S/B","WEYMOUTH ST",2.00,N,N,A,-,Y,,,1,,,,,,S,Y,4,0,2,2,A,-,03,22350,,N,C,C,A,A,H,-,A,A,0,,,,,Y,,A,01,0,0,2,0,0,0,0,0,0,"- ","- ",35.571469999999998,-121.11032,"SAN LUIS OBISPO",UNINCORPORATED,-121.11013076,35.571653089999998
90330420,2016,2016-11-28,9745,2016-11-17,1325,017541,,4,1,9,4000,0,1,2,,2,202,"US-101 NORTHBOUND","BROAD ST.",500.00,S,N,A,-,Y,,,,,,,,,,Y,4,0,1,2,A,-,03,22350,,N,C,C,A,A,H,-,A,D,0,,,,,Y,,A,01,0,0,1,0,0,0,0,0,0,"- ","- ",35.281300000000002,-120.66876000000001,"SAN LUIS OBISPO",UNINCORPORATED,,
90334682,2016,2016-12-01,9745,2016-11-21,0805,015144,,1,1,2,4005,0,1,2,,2,404,"US-101 NORTHBOUND","MATTIE RD",125.00,S,N,A,-,Y,,,101,,,,,,N,Y,4,0,2,2,A,-,03,22350,,N,C,C,A,A,H,-,A,D,0,,,,,Y,,A,08,0,0,2,0,0,0,0,0,0,"- ","- ",35.150910000000003,-120.65378,"SAN LUIS OBISPO","PISMO BEACH",-120.65380251000001,35.150834400000001
90338958,2016,2016-12-07,9745,2016-11-27,1237,014996,,7,1,9,4000,0,1,2,,2,505,US-101,"DEUTZ RD",600.00,S,N,B,-,Y,,,101,,,,,,,N,4,0,1,3,A,-,03,22350,,N,C,C,A,B,H,-,A,D,0,,,,,Y,,D,22,0,0,1,0,0,0,0,0,0,"- ","- ",35.0884,-120.53569,"SAN LUIS OBISPO",UNINCORPORATED,-120.53574018,35.088325009999998
90339448,2016,2017-01-09,9745,2016-11-22,1349,014996,,2,1,9,4000,0,3,5,,2,005,"HILL ST","SOUTH FRONTAGE ROAD",6.00,W,N,A,-,N,,,,,,,,,,Y,4,0,1,2,A,-,03,22350,,N,E,I,A,A,H,-,A,D,0,,,,,Y,,A,01,0,0,1,0,0,0,0,0,0,"- ","- ",35.03472,-120.4832,"SAN LUIS OBISPO",UNINCORPORATED,-120.48302639000001,35.034830509999999
90339528,2016,2016-12-07,9745,2016-11-30,1140,015144,,3,1,9,4000,0,1,3,,2,023,"SR-1 NORTHBOUND","HIGHLAND DR",0.00,,Y,A,-,Y,,,1,,,,,,N,N,3,0,1,2,D,-,00,,,N,D,G,A,A,H,-,A,A,0,,Y,,,Y,,-,"- ",0,1,0,0,0,0,1,0,0,"- ","- ",35.298400000000001,-120.67371,"SAN LUIS OBISPO",UNINCORPORATED,-120.67369574,35.298417639999997
90340489,2016,2016-12-08,9740,2016-11-21,0925,013133,,1,1,9,4000,0,1,3,,2,005,SR-58,"SHELL CREEK RD",16896.00,E,N,B,-,N,,,58,,,,,,,Y,4,0,1,1,A,-,08,22107,,N,E,J,A,B,H,-,A,D,0,,,,,Y,,A,01,0,0,1,0,0,0,0,0,0,"- ","- ",35.432310000000001,-120.29380999999999,"SAN LUIS OBISPO",UNINCORPORATED,-120.29379493,35.432345490000003
90345071,2016,2016-12-14,9745,2016-12-04,1114,017541,,7,1,4,4006,0,1,2,,2,202,"US-101 NORTHBOUND","LOS OSOS VALLEY RD",1000.00,N,N,A,-,Y,,,101,,,,,,N,N,4,0,1,2,A,-,03,22350,,N,B,C,A,A,H,-,A,D,0,,,,,Y,,D,22,0,0,1,0,0,0,0,0,0,"- ","- ",35.248840000000001,-120.67954,"SAN LUIS OBISPO","SAN LUIS OBISPO",-120.67954322999999,35.248841939999998
9034515,2019,2020-02-04,4004,2019-12-18,1943,1384,,3,5,3,4004,0,0,0,,0,,"UNION RD","PROSPECT AV",466.00,E,N,A,-,N,,,,,,,,,,Y,2,0,2,2,A,-,03,22350,,N,H,G,A,A,H,-,D,D,0,,Y,Y,,Y,,C,02,1,0,1,0,0,0,1,0,1,"- ","- ",35.638660430908203,-120.66098785400391,"SAN LUIS OBISPO","PASO ROBLES",-120.65956115722656,35.639244079589844
90345751,2016,2016-12-15,9740,2016-12-03,2012,014622,,6,2,9,4000,0,3,5,,2,021,"GRANACHE WAY","BETHEL ROAD",44.00,W,N,A,-,N,,,,,,,,,,Y,4,0,1,2,A,-,01,23152,A,N,E,I,A,A,H,-,C,D,0,,,,,Y,Y,A,01,0,0,1,0,0,0,0,0,0,"- ","- ",35.540399999999998,-120.73161,"SAN LUIS OBISPO",UNINCORPORATED,-120.73134786,35.54032153
90345950,2016,2016-12-15,9745,2016-12-09,1705,017968,,5,2,2,4005,0,1,2,,2,404,"US-101 S/B","SPYGLASS DRIVE",5280.00,S,N,B,-,Y,,,101,,,,,,S,Y,4,0,1,3,A,-,03,22350,,N,C,C,A,B,H,-,B,D,0,,,,,Y,,D,22,0,0,1,0,0,0,0,0,0,"- ","- ",35.155239999999999,-120.6647,"SAN LUIS OBISPO","PISMO BEACH",-120.66479034,35.155008840000001
90346228,2016,2016-12-15,9745,2016-12-11,1540,017151,,7,2,9,4000,0,1,2,,2,505,"US-101 NORTHBOUND","EL CAMPO RD",100.00,S,N,A,-,Y,,,101,,,,,,N,N,4,0,1,2,A,-,07,21658,A,N,B,C,A,A,H,-,A,D,0,,,,,Y,,A,01,0,0,1,0,0,0,0,0,0,"- ","- ",35.111260000000001,-120.56328000000001,"SAN LUIS OBISPO",UNINCORPORATED,-120.56328014,35.11125955
90357402,2016,2016-12-29,9745,2016-12-27,1710,017151,,2,2,3,4001,0,1,2,,2,402,"US-101 SOUTHBOUND",US-101,400.00,N,N,A,-,Y,,,101,,,,,,S,N,4,0,1,2,A,-,03,22350,,N,C,C,A,A,H,-,B,D,0,,,,,Y,,D,22,0,0,1,0,0,0,0,0,0,"- ","- ",35.121839999999999,-120.58553999999999,"SAN LUIS OBISPO","ARROYO GRANDE",-120.58554746,35.121815140000002
90360315,2016,2017-01-03,9740,2016-12-11,0655,013246,,7,1,9,4000,0,3,5,,2,017,"CRESTON RD.","GENESEO RD.",248.00,W,N,A,-,N,,,,,,,,,,Y,4,0,1,1,A,-,01,23152,A,N,F,A,A,B,H,-,A,D,0,,,,,Y,Y,A,01,0,0,1,0,0,0,0,0,0,"- ","- ",35.571599999999997,-120.5467,"SAN LUIS OBISPO",UNINCORPORATED,-120.54674403,35.571640000000002
90366719,2017,2017-01-11,9745,2017-01-10,1250,014713,,2,1,4,4006,0,1,2,,2,202,"US-101 SOUTHBOUND","MADONNA RD",1584.00,N,N,B,C,Y,,,101,,,,,,S,Y,4,0,1,2,A,-,03,22350,,N,C,C,A,A,H,-,A,D,0,,,,,Y,,A,01,0,0,1,0,0,0,0,0,0,"- ","- ",35.270060000000001,-120.673,"SAN LUIS OBISPO","SAN LUIS OBISPO",-120.67292475000001,35.270037790000003
90366934,2017,2017-01-11,9745,2017-01-08,1859,017968,,7,2,9,4000,0,1,2,,2,505,"US-101 N/B","EL CAMPO ROAD",1584.00,S,N,C,-,Y,,,101,,,,,,N,Y,3,0,1,1,A,-,03,22350,,N,E,I,A,B,H,-,D,D,0,,,,,Y,,A,01,0,1,0,0,0,0,0,0,0,"- ","- ",35.107329999999997,-120.55484,"SAN LUIS OBISPO",UNINCORPORATED,-120.55482453,35.107352570000003
90370559,2017,2017-02-07,9745,2017-01-13,0245,013531,,5,3,9,4000,0,2,4,,1,053,"POMEROY ROAD","SANDYDALE DRIVE",107.00,N,N,A,-,N,,,,,,,,,,Y,3,0,1,1,A,-,01,23152,A,N,E,I,A,B,H,-,C,D,0,,,,,Y,Y,D,22,0,1,0,0,0,0,0,0,0,"- ","- ",35.038150000000002,-120.5027,"SAN LUIS OBISPO",UNINCORPORATED,-120.50305272,35.038463030000003
90371541,2017,2017-01-18,9745,2017-01-17,0736,017144,,2,1,2,4005,0,1,2,,2,404,"US-101 NORTHBOUND","MATTIE RD",200.00,S,N,A,-,Y,,,101,,,,,,N,N,4,0,1,1,A,-,08,22107,,N,E,I,A,A,H,-,A,D,0,,,,,Y,,A,01,0,0,1,0,0,0,0,0,0,"- ","- ",35.150939999999999,-120.65434999999999,"SAN LUIS OBISPO","PISMO BEACH",-120.65433428,35.150992780000003
90373958,2017,2017-01-20,9740,2017-01-15,0645,019096,,7,1,3,4004,0,1,2,,2,003,"US-101 NORTHBOUND","SR-46 W/B",950.00,S,N,A,-,Y,,,101,,,,,,N,Y,4,0,1,1,A,-,08,22107,,N,E,I,A,A,H,-,B,D,0,,,,,Y,,A,08,0,0,1,0,0,0,0,0,0,"- ","- ",35.640689999999999,-120.68441,"SAN LUIS OBISPO","PASO ROBLES",-120.68424011,35.64073492
90374145,2017,2017-01-20,9745,2017-01-18,1625,017151,,3,2,2,4005,0,1,2,,2,404,"US-101 SOUTHBOUND","PRICE ST",2112.00,N,N,C,-,Y,,,101,,,,,,S,Y,3,0,1,1,A,-,08,22107,,N,F,A,A,B,H,-,A,D,0,,,Y,,Y,,C,02,0,1,0,0,0,0,0,0,1,"- ","- ",35.149250000000002,-120.6502,"SAN LUIS OBISPO","PISMO BEACH",-120.65022667,35.14918248
90383794,2017,2017-02-01,9740,2017-01-25,0725,015523,,3,1,4,4008,0,1,2,,2,001,"US-101 NORTHBOUND","SANTA BARBARA RD",3168.00,N,N,E,-,Y,,,101,,,,,,N,Y,4,0,1,1,A,-,03,22350,,N,E,I,A,D,G,-,A,D,0,,,,,Y,,B,01,0,0,1,0,0,0,0,0,0,"- ","- ",35.451900000000002,-120.6401,"SAN LUIS OBISPO",ATASCADERO,-120.64025183,35.451807350000003
90383946,2017,2017-02-01,9745,2017-01-30,1853,017968,,1,2,9,4000,0,1,3,,1,041,SR-1,"TIENDA PLACE",800.00,S,N,A,-,Y,,,1,,,,,,,Y,4,0,1,2,A,-,01,23152,A,M,D,C,A,A,H,-,D,D,0,,,,,Y,Y,D,22,0,0,1,0,0,0,0,0,0,"- ","- ",35.06315,-120.59728,"SAN LUIS OBISPO",UNINCORPORATED,-120.59728886000001,35.063151689999998
9038578,2020,2020-03-18,4002,2020-01-27,0829,093,101,1,5,3,4002,0,0,0,,0,,"N 4TH ST","RAMONA AV",0.00,,Y,A,-,N,,,,,,,,,,Y,4,0,2,2,A,-,08,22107,,N,D,C,A,A,H,-,A,A,0,,,,,Y,,A,01,0,0,2,0,0,0,0,0,0,"- ","- ",,,"SAN LUIS OBISPO","GROVER BEACH",-120.6263427734375,35.122879028320312
90396816,2017,2017-02-21,9745,2017-02-16,1125,014713,,4,1,9,4000,0,1,3,,2,023,"SR-1 NORTHBOUND","KANSAS AVE",40.00,S,N,B,C,Y,,,1,,,,,,N,Y,4,0,1,2,A,-,01,23152,G,N,C,C,A,B,H,-,A,A,0,,,,,Y,Y,A,01,0,0,1,0,0,0,0,0,0,"- ","- ",35.321069999999999,-120.71651,"SAN LUIS OBISPO",UNINCORPORATED,-120.71650561,35.321081280000001
90399655,2017,2017-02-24,9750,2017-02-17,1131,014820,,5,1,9,4000,0,1,2,,2,111,"US-101 N/B (EL CAMINO REAL)",SR-166,3696.00,S,N,B,C,Y,,,101,,,,,,N,Y,4,0,1,1,A,-,03,22350,,N,E,I,A,B,H,-,A,D,0,,,,,Y,,A,01,0,0,1,0,0,0,0,0,0,"- ","- ",34.986440000000002,-120.43307,"SAN LUIS OBISPO",UNINCORPORATED,-120.43312265,34.98643208
90399796,2017,2017-02-24,9740,2017-02-14,1757,019096,,2,2,9,4000,0,1,3,,1,006,SR-229,SR-41,3168.00,S,N,A,-,Y,,,229,,,,,,,Y,4,0,1,2,A,-,09,21804,A,N,B,C,A,A,H,-,B,D,0,,,,,Y,,A,01,0,0,1,0,0,0,0,0,0,"- ","- ",35.526499999999999,-120.5219,"SAN LUIS OBISPO",UNINCORPORATED,-120.52186643,35.526491380000003
90404354,2017,2017-03-02,9745,2017-02-28,0450,017144,,2,3,9,4000,0,1,2,,2,505,US-101,"EL CAMPO RD",0.00,,Y,A,-,Y,,,101,,,,,,,Y,4,0,1,2,A,-,09,21802,A,N,D,C,A,A,H,-,D,D,0,,,,,Y,,D,22,0,0,1,0,0,0,0,0,0,"- ","- ",35.11121,-120.56359999999999,"SAN LUIS OBISPO",UNINCORPORATED,-120.56361338000001,35.111165149999998
90407626,2017,2017-03-07,9745,2017-03-01,1448,016002,,3,2,9,4000,0,1,3,,1,041,SR-1,"HALCYON RD",0.00,,Y,A,-,Y,,,1,,,,,,,N,4,0,1,2,A,-,12,22450,A,N,D,C,A,A,H,-,A,A,0,,,,,Y,,A,01,0,0,1,0,0,0,0,0,0,"- ","- ",35.098210000000002,-120.59235,"SAN LUIS OBISPO",UNINCORPORATED,-120.59234996000001,35.098212060000002
90408251,2017,2017-03-08,9740,2017-02-25,0755,014543,,6,1,9,4000,0,3,5,,2,024,"MAIN ST","BURTON DR",0.00,,Y,B,-,N,,,,,,,,,,Y,2,0,6,8,A,-,01,23152,F,N,E,I,A,A,H,-,A,A,0,,,,,Y,,D,22,2,2,2,0,0,0,0,0,0,"- ","- ",35.56391,-120.08259,"SAN LUIS OBISPO",UNINCORPORATED,-121.08266998000001,35.563980020000002
90408783,2017,2017-03-09,9745,2017-03-03,1720,017968,,5,2,9,4000,0,3,5,,2,003,"SAN LUIS BAY DRIVE","ONTARIO ROAD",0.00,,Y,A,-,N,,,,,,,,,,Y,4,0,2,2,A,-,09,21802,A,N,D,C,A,A,H,-,A,A,0,,,,,Y,,A,01,0,0,2,0,0,0,0,0,0,"- ","- ",35.196120000000001,-120.70057,"SAN LUIS OBISPO",UNINCORPORATED,-120.70057988000001,35.19611003
90411093,2017,2017-03-13,9745,2017-03-03,1245,016773,,5,1,9,4000,0,1,2,,2,505,"US-101 SOUTHBOUND","TEFFT STREET",2640.00,S,N,A,-,Y,,,101,,,,,,S,Y,4,0,1,1,A,-,08,22107,,N,E,I,A,A,H,-,A,D,0,,,,,Y,,A,01,0,0,1,0,0,0,0,0,0,"- ","- ",35.01446,-120.45958,"SAN LUIS OBISPO",UNINCORPORATED,-120.45960974,35.014404390000003
90412175,2017,2017-03-14,9745,2017-03-12,1450,016068,,7,2,9,4000,0,1,2,,1,101,"US-101 SOUTHBOUND","TV TOWER RD",1584.00,S,N,A,-,Y,,,101,,,,,,S,Y,3,0,2,1,A,-,03,22350,,N,F,A,A,A,H,-,A,D,0,,,,,Y,,A,01,0,1,1,0,0,0,0,0,0,"- ","- ",35.337699999999998,-120.627,"SAN LUIS OBISPO",UNINCORPORATED,-120.62701423,35.337692850000003
90412799,2017,2017-03-15,9740,2017-03-08,0132,014543,,3,3,9,4000,0,1,2,,2,004,"US-101 NORTHBOUND","SAN MARCOS RD",3168.00,N,N,A,-,Y,,,101,,,,,,N,Y,3,0,1,1,A,-,08,22107,,N,E,H,A,A,H,-,D,D,0,,,,,Y,,D,22,0,1,0,0,0,0,0,0,0,"- ","- ",35.731180000000002,-120.70153999999999,"SAN LUIS OBISPO",UNINCORPORATED,-120.7011535,35.731214289999997
90413112,2017,2017-03-15,9745,2017-03-12,0430,018021,,7,3,9,4000,0,1,2,,1,101,"US-101 NORTHBOUND","TASSAJARA CREEK ROAD",2112.00,S,N,A,-,Y,,,101,,,,,,N,Y,3,0,2,1,A,-,08,22107,,N,E,I,A,A,H,-,D,D,0,,,,,Y,,D,22,0,2,0,0,0,0,0,0,0,"- ","- ",35.365169999999999,-120.63871,"SAN LUIS OBISPO",UNINCORPORATED,-120.63872521,35.365160340000003