CASE_ID,ACCIDENT_YEAR,PROC_DATE,JURIS,COLLISION_DATE,COLLISION_TIME,OFFICER_ID,REPORTING_DISTRICT,DAY_OF_WEEK,CHP_SHIFT,POPULATION,CNTY_CITY_LOC,SPECIAL_COND,BEAT_TYPE,CHP_BEAT_TYPE,CITY_DIVISION_LAPD,CHP_BEAT_CLASS,BEAT_NUMBER,PRIMARY_RD,SECONDARY_RD,DISTANCE,DIRECTION,INTERSECTION,WEATHER_1,WEATHER_2,STATE_HWY_IND,CALTRANS_COUNTY,CALTRANS_DISTRICT,STATE_ROUTE,ROUTE_SUFFIX,POSTMILE_PREFIX,POSTMILE,LOCATION_TYPE,RAMP_INTERSECTION,SIDE_OF_HWY,TOW_AWAY,COLLISION_SEVERITY,NUMBER_KILLED,NUMBER_INJURED,PARTY_COUNT,PRIMARY_COLL_FACTOR,PCF_CODE_OF_VIOL,PCF_VIOL_CATEGORY,PCF_VIOLATION,PCF_VIOL_SUBSECTION,HIT_AND_RUN,TYPE_OF_COLLISION,MVIW,PED_ACTION,ROAD_SURFACE,ROAD_COND_1,ROAD_COND_2,LIGHTING,CONTROL_DEVICE,CHP_ROAD_TYPE,PEDESTRIAN_ACCIDENT,BICYCLE_ACCIDENT,MOTORCYCLE_ACCIDENT,TRUCK_ACCIDENT,NOT_PRIVATE_PROPERTY,ALCOHOL_INVOLVED,STWD_VEHTYPE_AT_FAULT,CHP_VEHTYPE_AT_FAULT,COUNT_SEVERE_INJ,COUNT_VISIBLE_INJ,COUNT_COMPLAINT_PAIN,COUNT_PED_KILLED,COUNT_PED_INJURED,COUNT_BICYCLIST_KILLED,COUNT_BICYCLIST_INJURED,COUNT_MC_KILLED,COUNT_MC_INJURED,PRIMARY_RAMP,SECONDARY_RAMP,LATITUDE,LONGITUDE,COUNTY,CITY,POINT_X,POINT_Y
90416844,2017,2017-03-22,9740,2017-03-14,0745,017426,,2,1,9,4000,0,3,5,,2,017,"EL CAMINO REAL","ESTRADA AVE",600.00,N,N,A,-,N,,,,,,,,,,Y,3,0,1,1,A,-,03,22350,,N,E,I,A,A,H,-,A,D,0,,,,,Y,,A,01,0,1,0,0,0,0,0,0,0,"- ","- ",35.394739999999999,-120.60471,"SAN LUIS OBISPO",UNINCORPORATED,-120.60467273,35.395097989999996
90417052,2017,2017-03-22,9745,2017-03-16,2112,017144,,4,2,9,4000,0,2,4,,1,024,"SOUTH BAY BLVD","LOS OSOS VALLEY RD",200.00,N,N,B,-,N,,,,,,,,,,Y,4,0,1,2,A,-,08,22107,,N,E,I,A,A,H,-,D,D,0,,,,,Y,,A,01,0,0,1,0,0,0,0,0,0,"- ","- ",35.311140000000002,-120.82463,"SAN LUIS OBISPO",UNINCORPORATED,-120.82506271,35.310619590000002
90422493,2017,2017-03-28,9745,2017-03-24,1507,017817,,5,2,9,4000,0,2,4,,1,051,"LOS BERROS RD","DALE AVE.",25.00,E,N,B,-,N,,,,,,,,,,Y,4,0,1,2,A,-,03,22350,,N,C,C,A,A,H,-,A,D,0,,,,,Y,,A,07,0,0,1,0,0,0,0,0,0,"- ","- ",35.072850000000003,-120.52109,"SAN LUIS OBISPO",UNINCORPORATED,-120.52137533,35.072969219999997
90423201,2017,2017-03-29,9740,2017-03-20,2330,013984,,1,3,9,4000,0,1,3,,2,007,"RT 41","HOMESTEAD RD",1056.00,S,N,C,-,Y,,,41,,,,,,,Y,4,0,1,1,A,-,08,22107,,N,E,I,A,B,H,-,D,D,0,,,,,Y,,A,01,0,0,1,0,0,0,0,0,0,"- ","- ",35.508150000000001,-120.64172000000001,"SAN LUIS OBISPO",UNINCORPORATED,-120.64172605,35.508161200000004
90427838,2017,2017-04-05,9745,2017-03-26,1625,016514,,7,2,4,4006,0,1,2,,2,202,"US-101 NORTHBOUND","SANTA ROSA ST",623.00,S,N,A,-,Y,,,101,,,,,,N,Y,3,0,1,1,A,-,03,22350,,N,E,I,A,A,H,-,A,D,0,,,,,Y,,A,01,0,1,0,0,0,0,0,0,0,"- ","- ",35.285420000000002,-120.66455999999999,"SAN LUIS OBISPO","SAN LUIS OBISPO",-120.66475783999999,35.28567503
90428262,2017,2017-04-05,9740,2017-03-28,0340,014543,,2,3,9,4000,0,1,2,,2,004,"US-101 SOUTHBOUND","N. MONTEREY RD.",792.00,S,N,A,-,Y,,,101,,,,,,S,Y,4,0,1,1,A,-,08,22107,,N,E,I,A,A,H,-,D,D,0,,,,,Y,,D,22,0,0,1,0,0,0,0,0,0,"- ","- ",35.711460000000002,-120.69431,"SAN LUIS OBISPO",UNINCORPORATED,-120.69432465,35.711461900000003
90428825,2017,2017-04-06,9740,2017-03-29,1522,015854,,3,2,9,4000,0,3,5,,2,017,"CRESTON RD","STAGECOACH RD",0.00,,Y,A,-,N,,,,,,,,,,Y,4,0,1,3,A,-,09,21801,A,N,D,C,A,A,H,-,A,A,0,,,,,Y,,A,01,0,0,1,0,0,0,0,0,0,"- ","- ",35.572069999999997,-120.58289000000001,"SAN LUIS OBISPO",UNINCORPORATED,-120.58314987999999,35.572130020000003
90438116,2017,2017-04-19,9745,2017-04-13,1645,017097,,4,2,4,4006,0,1,2,,2,202,"US-101 S/B","LOS OSOS VALLEY RD",300.00,N,N,A,-,Y,,,101,,,,,,S,Y,4,0,1,2,A,-,03,22350,,N,C,C,A,A,H,-,A,D,0,,,,,Y,,A,07,0,0,1,0,0,0,0,0,0,"- ","- ",35.245370000000001,-120.68185,"SAN LUIS OBISPO","SAN LUIS OBISPO",-120.68187966000001,35.245387829999999
90438223,2017,2017-04-19,9745,2017-04-18,1025,016068,,2,1,2,4005,0,1,2,,2,404,"US-101 SOUTHBOUND","4TH ST. OVER CROSSING",1056.00,N,N,B,C,Y,,,101,,,,,,S,Y,4,0,1,1,A,-,03,22350,,N,E,I,A,B,H,-,A,D,0,,,,,Y,,A,01,0,0,1,0,0,0,0,0,0,"- ","- ",35.138399999999997,-120.63249999999999,"SAN LUIS OBISPO","PISMO BEACH",-120.63249128,35.138443580000001
90438666,2017,2017-04-20,9745,2017-04-19,0920,014713,,3,1,9,4000,0,1,2,,2,303,"US-101 (NORTHBOUND)","SAN LUIS BAY DR",3018.00,S,N,A,-,Y,,,101,,,,,,,Y,3,0,2,2,A,-,07,21658,A,N,B,C,A,A,H,-,A,D,0,,,,,Y,,A,01,0,1,1,0,0,0,0,0,0,"- ","- ",35.191090000000003,-120.70089,"SAN LUIS OBISPO",UNINCORPORATED,-120.7008147,35.19108267
90441077,2017,2017-04-24,9740,2017-04-15,1230,016849,,6,1,9,4000,0,3,5,,2,016,"HURRICANE ROAD","ELKHORN ROAD",5808.00,E,N,A,-,N,,,,,,,,,,Y,4,0,1,1,A,-,08,22107,,N,F,A,A,A,E,-,A,D,0,,,,,Y,,A,07,0,0,1,0,0,0,0,0,0,"- ","- ",35.207500000000003,-119.7009,"SAN LUIS OBISPO",UNINCORPORATED,-119.70208794,35.207005500000001
9044332,2020,2020-02-25,4006,2020-01-13,0703,98227,,1,5,4,4006,0,0,0,,0,,"JOHNSON AV","LAUREL AV",0.00,,N,A,-,N,,,,,,,,,,Y,3,0,1,3,A,-,09,21804,A,N,D,C,A,A,H,-,A,A,0,,,,,Y,,A,01,0,1,0,0,0,0,0,0,0,"- ","- ",35.268798828125,-120.63992309570312,"SAN LUIS OBISPO","SAN LUIS OBISPO",-120.63838958740234,35.268348693847656
90445098,2017,2017-04-28,9745,2017-04-27,2230,017541,,4,3,9,4000,0,1,3,,1,040,SR-227,"PHILLIPS RD",40.00,S,N,A,-,Y,,,227,,,,,,,Y,3,0,1,1,A,-,01,23152,A,N,E,I,A,A,H,-,D,D,0,,,,,Y,Y,A,01,0,1,0,0,0,0,0,0,0,"- ","- ",35.148589999999999,-120.57404,"SAN LUIS OBISPO",UNINCORPORATED,-120.57392803,35.148620379999997
90447235,2017,2017-05-02,9745,2017-04-22,0300,013531,,6,3,9,4000,0,3,5,,2,005,"EL CAMPO ROAD",US-101,326.00,W,N,A,-,N,,,,,,,,,,Y,4,0,1,1,A,-,01,23152,A,N,E,I,A,A,H,-,D,D,0,,,,,Y,Y,A,07,0,0,1,0,0,0,0,0,0,"- ","- ",35.110230000000001,-120.56376,"SAN LUIS OBISPO",UNINCORPORATED,-120.56384581,35.110306629999997
90448153,2017,2017-05-16,9745,2017-04-22,2035,017238,,6,2,9,4000,0,2,4,,1,048,"AVILA BEACH DRIVE","SAN LUIS ST",890.00,E,N,A,-,N,,,,,,,,,,Y,3,0,2,1,A,-,01,23152,A,N,E,I,A,A,H,-,D,D,0,,,,,Y,Y,A,01,0,1,1,0,0,0,0,0,0,"- ","- ",35.179780000000001,-120.72469,"SAN LUIS OBISPO",UNINCORPORATED,-120.724569,35.179790140000001
9044934,2020,2020-09-25,4004,2020-02-02,1439,1349,,7,5,3,4004,0,0,0,,0,,"RIVERSIDE AV","PINE ST",0.00,,Y,A,-,Y,SLO,5,101,-,-,56.210,R,1,S,Y,3,0,2,2,A,-,12,22450,A,N,D,C,A,A,H,-,A,D,0,,,,,Y,,A,01,0,1,1,0,0,0,0,0,0,"- ","- ",35.617568969726562,-120.68757629394531,"SAN LUIS OBISPO","PASO ROBLES",-120.68679046630859,35.618301391601562
90451499,2017,2017-05-26,9745,2017-04-30,1046,017968,,7,1,9,4000,0,3,5,,2,002,"W. FOOTHILL BLVD.","BLUE GRANITE LANE",200.00,E,N,A,-,N,,,,,,,,,,Y,3,0,3,2,A,-,08,22107,,N,A,C,A,A,H,-,A,D,0,,,,,Y,,A,01,0,2,1,0,0,0,0,0,0,"- ","- ",35.286079999999998,-120.70081,"SAN LUIS OBISPO",UNINCORPORATED,-120.70098734,35.285841050000002
9045258,2020,2020-02-27,4008,2020-01-12,1842,2114,,7,5,4,4008,0,0,0,,0,,"DEL RIO RD","SAN RAMON RD",0.00,,Y,A,-,N,,,,,,,,,,N,4,0,2,2,A,-,08,22107,,N,B,C,A,A,H,-,D,D,0,,,,,Y,,A,01,0,0,2,0,0,0,0,0,0,"- ","- ",35.512119293212891,-120.70262908935547,"SAN LUIS OBISPO",ATASCADERO,-120.70263671875,35.512161254882812
90455800,2017,2017-05-15,9740,2017-05-01,0745,014662,,1,1,9,4000,0,1,2,,2,001,"US 101 S/B","SANTA MARGARITA CREEK",300.00,N,N,A,-,Y,,,,,,,,,,Y,4,0,1,2,A,-,04,21703,,N,C,C,A,A,H,-,A,D,0,,,,,Y,,I,09,0,0,1,0,0,0,0,0,0,"- ","- ",35.382300000000001,-120.6301,"SAN LUIS OBISPO",UNINCORPORATED,,
90456647,2017,2017-05-16,9740,2017-05-04,1230,013733,,4,1,9,4000,0,2,4,,2,012,"NACIMIENTO LAKE DR","MUSTANG SPRINGS ROAD",273.00,E,N,A,-,N,,,,,,,,,,Y,2,0,1,1,A,-,08,22107,,N,E,I,A,A,H,-,D,D,0,,,,,Y,,A,01,1,0,0,0,0,0,0,0,0,"- ","- ",35.643059999999998,-120.70268,"SAN LUIS OBISPO",UNINCORPORATED,-120.70288146999999,35.643385430000002
90461575,2017,2017-05-23,9740,2017-05-16,1840,014543,,2,2,9,4000,0,1,3,,2,008,"SR-46 E/B","BRANCH RD",0.00,,Y,A,-,Y,,,46,,,,,,E,Y,3,0,4,2,A,-,09,21802,A,N,D,C,A,A,H,-,A,A,0,,,,,Y,,D,22,0,3,1,0,0,0,0,0,0,"- ","- ",35.659140000000001,-120.57915,"SAN LUIS OBISPO",UNINCORPORATED,-120.57914749,35.659290239999997
90463853,2017,2017-05-25,9740,2017-04-27,2058,018323,,4,2,9,4000,0,1,2,,2,004,"US-101 SOUTHBOUND","STOCKDALE RD",300.00,S,N,A,-,Y,,,101,,,,,,S,Y,1,1,0,2,A,-,01,23152,F,N,B,C,A,A,H,-,C,D,0,,,,,Y,Y,E,22,0,0,0,0,0,0,0,0,0,"- ","- ",35.665460000000003,-120.69663,"SAN LUIS OBISPO",UNINCORPORATED,-120.69657343999999,35.665445230000003
90467303,2017,2017-05-30,9740,2017-05-26,1000,013984,,5,1,9,4000,0,1,2,,2,004,"RT 101","SAN MARCOS RD",500.00,S,N,B,-,Y,,,101,,,,,,,Y,4,0,1,2,A,-,03,22350,,N,C,C,A,A,D,-,A,D,0,,,,,Y,,D,22,0,0,1,0,0,0,0,0,0,"- ","- ",35.718069999999997,-120.69601,"SAN LUIS OBISPO",UNINCORPORATED,-120.69606362,35.718040199999997
90468455,2017,2017-05-31,9745,2017-05-26,1420,013531,,5,2,9,4000,0,1,2,,2,505,"US-101 NORTHBOUND","TEFFT STREET",11088.00,S,N,A,-,Y,,,101,,,,,,N,Y,4,0,2,3,A,-,03,22350,,N,C,C,A,A,C,-,A,D,0,,,,,Y,,A,07,0,0,2,0,0,0,0,0,0,"- ","- ",35.014769999999999,-120.45999999999999,"SAN LUIS OBISPO",UNINCORPORATED,-120.45996477,35.014835079999997
90468502,2017,2017-05-31,9745,2017-05-28,1000,020144,,7,1,9,4000,0,2,4,,1,046,"PRICE CANYON RD","ORMONDE RD",3168.00,E,N,A,-,N,,,,,,,,,,Y,4,0,1,1,A,-,08,22107,,N,E,I,A,A,H,-,A,D,0,,,,,Y,,A,01,0,0,1,0,0,0,0,0,0,"- ","- ",35.18629,-120.61862000000001,"SAN LUIS OBISPO",UNINCORPORATED,-120.61855552999999,35.186584529999998
90471272,2017,2017-06-05,9745,2017-05-26,1540,017817,,5,2,9,4000,0,3,5,,2,003,"ONTARIO RD.","SAN LUIS BAY DR.",0.00,,Y,A,-,N,,,,,,,,,,Y,4,0,3,2,A,-,09,21802,A,N,D,C,A,A,H,-,A,A,0,,,,,Y,,A,01,0,0,3,0,0,0,0,0,0,"- ","- ",35.196129999999997,-120.70055000000001,"SAN LUIS OBISPO",UNINCORPORATED,-120.70057988000001,35.19611003
90471920,2017,2017-06-06,9745,2017-06-01,1230,017857,,4,1,9,4000,0,2,4,,1,026,"SEE CANYON RD","PERFUMO CANYON RD.",2640.00,E,N,A,-,N,,,,,,,,,,N,4,0,1,1,A,-,08,22107,,N,F,A,A,A,B,-,A,D,0,,,Y,,Y,,C,02,0,0,1,0,0,0,0,0,1,"- ","- ",35.254179999999998,-120.7727,"SAN LUIS OBISPO",UNINCORPORATED,-120.77014416999999,35.239025740000002
90478897,2017,2017-06-15,9745,2017-06-10,1925,017930,,6,2,9,4000,0,1,2,,2,505,"US-101 SOUTHBOUND","EL CAMPO RD.",0.00,,Y,A,-,Y,,,101,,,,,,S,Y,4,0,2,2,A,-,09,21802,A,N,D,C,A,A,H,-,B,D,0,,,,,Y,,A,07,0,0,2,0,0,0,0,0,0,"- ","- ",35.111170000000001,-120.56363,"SAN LUIS OBISPO",UNINCORPORATED,-120.56362996999999,35.111170100000002
90479783,2017,2017-06-16,9745,2017-06-15,1750,016714,,4,2,4,4006,0,1,2,,2,202,"US-101 S/B","LOS OSOS VALLEY RD.",427.00,N,N,A,-,Y,,,101,,,,,,S,N,4,0,1,3,A,-,03,22350,,N,C,C,A,A,H,-,A,D,0,,,,,Y,,D,22,0,0,1,0,0,0,0,0,0,"- ","- ",35.245510000000003,-120.68171,"SAN LUIS OBISPO","SAN LUIS OBISPO",-120.68178066999999,35.245552490000001
90480829,2017,2017-06-19,9740,2017-06-08,2105,014465,,4,2,9,4000,0,3,5,,2,019,"N. RIVER RD","EXPERIMENTAL STATION RD",7392.00,N,N,A,-,N,,,,,,,,,,Y,3,0,1,1,A,-,01,23152,A,N,F,A,A,A,H,-,D,D,0,,,,,Y,Y,A,01,0,1,0,0,0,0,0,0,0,"- ","- ",35.421900000000001,-120.41330000000001,"SAN LUIS OBISPO",UNINCORPORATED,-120.69250882,35.661069329999997
90481121,2017,2017-06-19,9745,2017-06-18,0720,017541,,7,1,9,4000,0,2,4,,1,055,"TEFFT ST.","BEECHNUT ST.",2112.00,E,N,A,-,N,,,,,,,,,,Y,3,0,2,1,A,-,01,23152,A,N,E,I,A,A,H,-,A,D,0,,,,,Y,Y,A,07,0,2,0,0,0,0,0,0,0,"- ","- ",35.049520000000001,-120.46697,"SAN LUIS OBISPO",UNINCORPORATED,-120.46795382000001,35.048879530000001
90486421,2017,2017-06-23,9745,2017-06-19,1520,017151,,1,2,2,4005,0,1,2,,2,404,"US-101 NORTHBOUND","PRICE ST",1584.00,S,N,A,-,Y,,,101,,,,,,N,Y,4,0,1,3,A,-,08,22107,,N,D,C,A,A,H,-,A,D,0,,,,,Y,,A,01,0,0,1,0,0,0,0,0,0,"- ","- ",35.139780000000002,-120.63746,"SAN LUIS OBISPO","PISMO BEACH",-120.63712984,35.140304950000001
90489768,2017,2017-06-28,9745,2017-06-22,2110,014713,,4,2,4,4006,0,1,2,,2,202,"US-101 SOUTHBOUND","LOS OSOS VALLEY RD",1056.00,N,N,A,-,Y,,,101,,,,,,S,Y,4,0,2,2,A,-,03,22350,,N,C,C,A,A,H,-,D,D,0,,,,,Y,,A,07,0,0,2,0,0,0,0,0,0,"- ","- ",35.248370000000001,-120.68003,"SAN LUIS OBISPO","SAN LUIS OBISPO",-120.68007229,35.248395369999997
9049141,2020,2020-09-29,4008,2020-01-15,1429,3125,,3,5,4,4008,0,0,0,,0,,"MORRO RD","OLD MORRO RD EAST",31.00,E,N,A,-,Y,SLO,5,41,-,-,10.290,H,-,S,N,4,0,4,3,A,-,03,22350,,N,C,C,A,A,H,-,A,D,0,,,,,Y,,A,01,0,0,4,0,0,0,0,0,0,"- ","- ",35.459300994873047,-120.68180084228516,"SAN LUIS OBISPO",ATASCADERO,-120.73345184326172,35.460483551025391
90491663,2017,2017-06-30,9745,2017-06-23,0743,013531,,5,1,9,4000,0,1,2,,2,505,"US-101 NORTHBOUND","WILLOW ROAD",1584.00,N,N,A,-,Y,,,101,,,,,,N,Y,3,0,1,1,A,-,08,22107,,N,E,I,A,A,H,-,A,D,0,,,,,Y,,A,01,0,1,0,0,0,0,0,0,0,"- ","- ",35.059179999999998,-120.50445000000001,"SAN LUIS OBISPO",UNINCORPORATED,-120.50449061,35.059142610000002
90495481,2017,2017-07-06,9745,2017-06-27,1720,020229,,2,2,2,4005,0,1,2,,2,404,"US-101 SOUTHBOUND","4TH STREET",1500.00,S,N,A,-,Y,,,101,,,,,,S,N,4,0,2,2,A,-,03,22350,,N,C,C,A,A,H,-,A,D,0,,,,,Y,,A,01,0,0,2,0,0,0,0,0,0,"- ","- ",35.132510000000003,-120.61429,"SAN LUIS OBISPO","PISMO BEACH",-120.61430423,35.132480450000003
90495548,2017,2017-07-06,9745,2017-06-27,2000,020229,,2,2,9,4000,0,1,3,,1,040,"SR-227 SOUTHBOUND","PRICE CANYON RD",880.00,S,N,A,-,Y,,,227,,,,,,S,Y,4,0,1,1,A,-,08,22107,,N,E,I,A,A,H,-,B,D,0,,,,,Y,,A,07,0,0,1,0,0,0,0,0,0,"- ","- ",35.199379999999998,-120.6063,"SAN LUIS OBISPO",UNINCORPORATED,-120.60633541,35.199312659999997
9049638,2020,2020-09-11,4008,2020-01-31,1200,2133,,5,5,4,4008,0,0,0,,0,,"DEL RIO RD","POTRERO RD",753.00,W,N,A,-,N,,,,,,,,,,Y,2,0,1,2,A,-,09,21801,A,N,A,C,A,A,H,-,A,D,0,,,Y,,Y,,D,22,1,0,0,0,0,0,0,0,1,"- ","- ",35.517681121826172,-120.69155883789062,"SAN LUIS OBISPO",ATASCADERO,-120.69193267822266,35.514438629150391
90496627,2017,2017-07-10,9740,2017-06-23,2345,016849,,5,3,9,4000,0,1,2,,2,001,"US-101 SOUTHBOUND","SANTA BARBARA ROAD",11088.00,S,N,A,-,Y,,,101,,,,,,S,Y,2,0,1,1,A,-,08,22107,,N,E,I,A,A,H,-,D,D,0,,,,,Y,,A,01,1,0,0,0,0,0,0,0,0,"- ","- ",35.413600000000002,-120.6268,"SAN LUIS OBISPO",UNINCORPORATED,-120.62689179,35.413570200000002
9049775,2020,2020-05-21,4008,2020-02-13,1626,3125,,4,5,4,4008,0,0,0,,0,,"HIDALGO AV","BUENA AV",0.00,,Y,A,-,N,,,,,,,,,,Y,3,0,3,2,A,-,09,21800,A,N,D,C,A,A,H,-,A,D,0,,,,,Y,,A,01,0,1,2,0,0,0,0,0,0,"- ","- ",35.505378723144531,-120.66420745849609,"SAN LUIS OBISPO",ATASCADERO,-120.66412353515625,35.505428314208984
90501294,2017,2017-07-17,9740,2017-07-06,1630,017426,,4,2,9,4000,0,1,3,,2,005,"SR-58 EASTBOUND","O'DONOVAN RD.",3168.00,W,N,A,-,Y,,,58,,,,,,E,Y,3,0,1,1,A,-,08,22107,,N,E,I,A,A,H,-,A,D,0,,,,,Y,,A,07,0,1,0,0,0,0,0,0,0,"- ","- ",35.443510000000003,-120.48256000000001,"SAN LUIS OBISPO",UNINCORPORATED,-120.48260551,35.443535900000001
90510282,2017,2017-07-27,9745,2017-07-23,1551,017817,,7,2,9,4000,0,2,4,,1,048,"AVILA BEACH DR.","ANA BAY RD.",350.00,E,N,A,-,N,,,,,,,,,,Y,4,0,2,3,A,-,03,22350,,N,C,C,A,A,H,-,A,D,0,,,,,Y,,D,22,0,0,2,0,0,0,0,0,0,"- ","- ",35.179250000000003,-120.73878000000001,"SAN LUIS OBISPO",UNINCORPORATED,-120.73795638999999,35.179437749999998
90511485,2017,2017-07-28,9745,2017-07-20,1617,016002,,4,2,9,4000,0,1,2,,2,505,"US-101 SOUTHBOUND","EL CAMPO RD",3168.00,S,N,A,-,Y,,,101,,,,,,S,N,4,0,1,3,A,-,03,22350,,N,C,C,A,A,H,-,A,D,0,,,,,Y,,D,22,0,0,1,0,0,0,0,0,0,"- ","- ",35.108649999999997,-120.55761,"SAN LUIS OBISPO",UNINCORPORATED,-120.55762611,35.108614230000001
90513435,2017,2017-07-31,9740,2017-07-29,1058,013984,,6,1,9,4000,0,1,3,,2,008,"SR 46 EAST","GENESEO RD",0.00,,Y,A,-,Y,,,46,,,,,,,N,4,0,1,2,A,-,09,21802,A,N,D,C,A,A,H,-,A,A,0,,,,,Y,,A,01,0,0,1,0,0,0,0,0,0,"- ","- ",35.659210000000002,-120.56085,"SAN LUIS OBISPO",UNINCORPORATED,-120.56084837,35.659463469999999
90519508,2017,2017-08-09,9745,2017-07-31,1925,017817,,1,2,9,4000,0,3,5,,2,005,SR-1,"WINTERHAVEN WAY",450.00,W,N,A,-,Y,,,1,,,,,,,Y,4,0,3,2,A,-,03,22350,,M,C,C,A,A,H,-,A,D,0,,,,,Y,,D,22,0,0,3,0,0,0,0,0,0,"- ","- ",35.0473,-120.58857,"SAN LUIS OBISPO",UNINCORPORATED,-120.58857027000001,35.047265590000002
90520136,2017,2017-08-09,9740,2017-08-04,1215,016816,,5,1,9,4000,0,3,5,,2,021,"VINEYARD DR.","OAKDALE RD.",150.00,N,N,A,-,Y,,,,,,,,,,Y,4,0,1,1,A,-,08,22107,,N,E,I,A,A,H,-,A,D,0,,,,,Y,,A,01,0,0,1,0,0,0,0,0,0,"- ","- ",35.557189999999999,-120.77119,"SAN LUIS OBISPO",UNINCORPORATED,-120.77147472999999,35.55714236
90521527,2017,2017-08-11,9740,2017-06-19,1750,013952,,1,2,9,4000,0,3,5,,2,016,"PARKHILL RD","STATE ROUTE 58",3696.00,S,N,A,-,N,,,,,,,,,,Y,1,1,0,1,A,-,08,22107,,N,F,A,A,A,H,-,A,D,0,,,,,Y,Y,D,22,0,0,0,0,0,0,0,0,0,"- ","- ",35.40945,-120.54958999999999,"SAN LUIS OBISPO",UNINCORPORATED,-120.55015231,35.409501519999999
90522518,2017,2017-08-14,9740,2017-07-30,0020,018069,,7,3,9,4000,0,1,2,,2,002,"US-101 S/B","MAIN STREET",1584.00,N,N,A,-,Y,,,101,,,,,,S,Y,4,0,1,1,A,-,08,22107,,N,E,I,A,A,H,-,D,D,0,,,,,Y,,A,01,0,0,1,0,0,0,0,0,0,"- ","- ",35.569859999999998,-120.70023999999999,"SAN LUIS OBISPO",UNINCORPORATED,-120.70005612999999,35.569763420000001
90523552,2017,2017-08-15,9745,2017-08-06,1505,017817,,7,2,9,4000,0,3,5,,2,004,"NOYES RD.","PRINTZ RD",50.00,E,N,A,-,N,,,,,,,,,,Y,4,0,1,2,A,-,03,22350,,N,C,C,A,A,H,-,A,D,0,,,,,Y,,A,01,0,0,1,0,0,0,0,0,0,"- ","- ",35.148710000000001,-120.58859,"SAN LUIS OBISPO",UNINCORPORATED,-120.58883364,35.14844995
90528608,2017,2017-08-22,9745,2017-08-21,1210,017541,,1,1,9,4000,0,1,3,,1,041,"S. HALCYON ROAD","MOUTAIN VIEW ROAD",726.00,N,N,A,-,Y,,,,,,,,,,Y,3,0,2,2,A,-,01,23152,A,N,D,C,A,A,H,-,A,D,0,,,,,Y,Y,A,08,0,1,1,0,0,0,0,0,0,"- ","- ",35.085419999999999,-120.59105,"SAN LUIS OBISPO",UNINCORPORATED,-120.59107659999999,35.085350910000003
90539957,2017,2017-09-05,9750,2017-08-30,1725,017884,,3,2,9,4000,0,1,3,,1,063,"SR-166 W/B","SIERRA MADRE RD",26400.00,E,N,A,-,Y,,,166,,,,,,W,Y,4,0,1,1,A,-,08,22107,,N,F,A,A,A,H,-,A,D,0,,,,,Y,,A,01,0,0,1,0,0,0,0,0,0,"- ","- ",35.080469999999998,-120.01101,"SAN LUIS OBISPO",UNINCORPORATED,-120.01096834000001,35.080585829999997
90540877,2017,2017-09-05,9745,2017-08-31,0745,017968,,4,1,9,4000,0,3,5,,2,003,"BUCKLEY ROAD","OLD SANTA FE ROAD",100.00,W,N,A,-,N,,,,,,,,,,N,4,0,1,2,A,-,03,22350,,N,B,G,A,A,H,-,A,D,0,,Y,,,Y,,A,01,0,0,1,0,0,0,1,0,0,"- ","- ",35.235849999999999,-120.65197999999999,"SAN LUIS OBISPO",UNINCORPORATED,-120.65205478,35.235832719999998
90540969,2017,2017-09-05,9745,2017-08-28,1758,015144,,1,2,9,4000,0,1,3,,1,043,SR-1,"RALCOA WAY",396.00,N,N,B,-,Y,,,1,,,,,,,Y,4,0,1,3,A,-,03,22350,,N,C,C,A,A,H,-,A,D,0,,,,,Y,,A,01,0,0,1,0,0,0,0,0,0,"- ","- ",35.0473,-120.58280000000001,"SAN LUIS OBISPO",UNINCORPORATED,-120.58279992,35.047266350000001
90541129,2017,2017-09-05,9740,2017-09-05,0540,016849,,2,3,9,4000,0,3,5,,2,017,"SHELL CREEK RD","TRUESDALE ROAD",17952.00,S,N,A,-,N,,,,,,,,,,Y,4,0,1,2,A,-,05,21650,,N,B,C,A,A,H,-,D,D,0,,,,,Y,,A,07,0,0,1,0,0,0,0,0,0,"- ","- ",35.546999999999997,-120.3339,"SAN LUIS OBISPO",UNINCORPORATED,-120.33310809,35.55043732
90541859,2017,2017-09-06,9745,2017-09-01,1220,014996,,5,1,9,4000,0,2,4,,1,049,"CORBETT CANYON RD",SR-227,7392.00,E,N,A,-,N,,,,,,,,,,N,4,0,1,1,A,-,08,22107,,N,H,A,A,A,H,-,A,D,0,,Y,,,Y,,L,04,0,0,1,0,0,0,1,0,0,"- ","- ",35.189540000000001,-120.58221,"SAN LUIS OBISPO",UNINCORPORATED,-120.58142608,35.18901572