CASE_ID,ACCIDENT_YEAR,PROC_DATE,JURIS,COLLISION_DATE,COLLISION_TIME,OFFICER_ID,REPORTING_DISTRICT,DAY_OF_WEEK,CHP_SHIFT,POPULATION,CNTY_CITY_LOC,SPECIAL_COND,BEAT_TYPE,CHP_BEAT_TYPE,CITY_DIVISION_LAPD,CHP_BEAT_CLASS,BEAT_NUMBER,PRIMARY_RD,SECONDARY_RD,DISTANCE,DIRECTION,INTERSECTION,WEATHER_1,WEATHER_2,STATE_HWY_IND,CALTRANS_COUNTY,CALTRANS_DISTRICT,STATE_ROUTE,ROUTE_SUFFIX,POSTMILE_PREFIX,POSTMILE,LOCATION_TYPE,RAMP_INTERSECTION,SIDE_OF_HWY,TOW_AWAY,COLLISION_SEVERITY,NUMBER_KILLED,NUMBER_INJURED,PARTY_COUNT,PRIMARY_COLL_FACTOR,PCF_CODE_OF_VIOL,PCF_VIOL_CATEGORY,PCF_VIOLATION,PCF_VIOL_SUBSECTION,HIT_AND_RUN,TYPE_OF_COLLISION,MVIW,PED_ACTION,ROAD_SURFACE,ROAD_COND_1,ROAD_COND_2,LIGHTING,CONTROL_DEVICE,CHP_ROAD_TYPE,PEDESTRIAN_ACCIDENT,BICYCLE_ACCIDENT,MOTORCYCLE_ACCIDENT,TRUCK_ACCIDENT,NOT_PRIVATE_PROPERTY,ALCOHOL_INVOLVED,STWD_VEHTYPE_AT_FAULT,CHP_VEHTYPE_AT_FAULT,COUNT_SEVERE_INJ,COUNT_VISIBLE_INJ,COUNT_COMPLAINT_PAIN,COUNT_PED_KILLED,COUNT_PED_INJURED,COUNT_BICYCLIST_KILLED,COUNT_BICYCLIST_INJURED,COUNT_MC_KILLED,COUNT_MC_INJURED,PRIMARY_RAMP,SECONDARY_RAMP,LATITUDE,LONGITUDE,COUNTY,CITY,POINT_X,POINT_Y
90543116,2017,2017-09-07,9745,2017-09-06,0755,013531,,3,1,9,4000,0,1,2,,2,505,"US-101 NORTHBOUND","LAETITIA WINERY",3168.00,N,N,B,-,Y,,,101,,,,,,N,Y,4,0,2,3,A,-,03,22350,,N,C,C,A,A,H,-,A,D,0,,,,,Y,,A,01,0,0,2,0,0,0,0,0,0,"- ","- ",35.097610000000003,-120.54559999999999,"SAN LUIS OBISPO",UNINCORPORATED,-120.54566225000001,35.097570679999997
90543279,2017,2017-09-07,9745,2017-09-06,0851,013531,,3,1,9,4000,0,1,2,,2,505,"US-101 SOUTHBOUND","WILLOW ROAD",500.00,S,N,B,-,Y,,,101,,,,,,S,Y,4,0,3,2,A,-,03,22350,,N,C,C,A,A,H,-,A,D,0,,,,,Y,,A,08,0,0,3,0,0,0,0,0,0,"- ","- ",35.049250000000001,-120.49593,"SAN LUIS OBISPO",UNINCORPORATED,-120.49590209,35.049275029999997
90548138,2017,2017-09-14,9745,2017-08-26,0610,016773,,6,1,9,4000,0,2,4,,1,025,"LOS OSOS VALLEY RD","FOOTHILL BLVD.",3696.00,W,N,B,-,N,,,,,,,,,,Y,2,0,2,2,A,-,01,23152,A,N,A,C,A,A,H,-,D,D,0,,,,,Y,Y,D,22,1,0,1,0,0,0,0,0,0,"- ","- ",35.281239999999997,-120.724,"SAN LUIS OBISPO",UNINCORPORATED,-120.72287145,35.280852350000004
90549898,2017,2017-09-18,9745,2017-09-05,1808,015144,,2,2,9,4000,0,2,4,,1,055,"TEFFT STREET","OAKGLEN AVE",145.00,W,N,B,-,N,,,,,,,,,,N,3,0,1,1,A,-,01,23152,A,N,H,A,A,A,H,-,A,A,0,,,Y,,Y,Y,C,02,0,1,0,0,0,0,0,0,1,"- ","- ",35.037260000000003,-120.48381000000001,"SAN LUIS OBISPO",UNINCORPORATED,-120.48338452,35.03755906
90556817,2017,2017-09-27,9745,2017-09-20,0505,017238,,3,3,9,4000,0,3,5,,2,004,"HALCYON RD","PRODUCE PL",500.00,S,N,B,-,N,,,,,,,,,,Y,2,0,1,1,A,-,08,22107,,N,E,I,A,A,H,-,D,D,0,,,,,Y,,A,01,1,0,0,0,0,0,0,0,0,"- ","- ",35.088039999999999,-120.59156,"SAN LUIS OBISPO",UNINCORPORATED,-120.59165342,35.089386580000003
90564587,2017,2017-10-06,9745,2017-09-29,1025,017817,,5,1,4,4006,0,1,2,,2,202,"US-101 SOUTHBOUND","CHORRO ST.",100.00,S,N,A,-,Y,,,101,,,,,,S,Y,4,0,1,2,A,-,03,22350,,N,C,C,A,A,H,-,A,D,0,,,,,Y,,A,01,0,0,1,0,0,0,0,0,0,"- ","- ",35.284089999999999,-120.66703,"SAN LUIS OBISPO","SAN LUIS OBISPO",-120.66704703000001,35.28410899
90565864,2017,2017-10-09,9745,2017-10-03,0400,017238,,2,3,9,4000,0,1,3,,2,023,"SR-1 NORTHBOUND","STENNER CREEK RD",1056.00,N,N,B,-,Y,,,1,,,,,,N,Y,4,0,1,1,A,-,01,23152,A,N,E,J,A,A,H,-,D,D,0,,,,,Y,Y,A,01,0,0,1,0,0,0,0,0,0,"- ","- ",35.3095,-120.68256,"SAN LUIS OBISPO",UNINCORPORATED,-120.68259727,35.309454289999998
90566271,2017,2017-10-09,9745,2017-09-21,1541,014910,,4,2,9,4000,0,1,3,,2,023,"SR-1 NORTHBOUND","DAIRY CREEK RD",20.00,S,N,A,-,Y,,,1,,,,,,N,N,4,0,2,2,A,-,17,21658,,N,C,C,A,A,H,-,A,A,0,,,,,Y,,A,07,0,0,2,0,0,0,0,0,0,"- ","- ",35.331049999999998,-120.73478,"SAN LUIS OBISPO",UNINCORPORATED,-120.73476882,35.331089749999997
90567091,2017,2017-10-10,9745,2017-10-02,1600,014996,,1,2,9,4000,0,2,S,,2,054,"LOPEZ DR","MISSION SPRINGS RD",0.00,,Y,A,-,N,,,,,,,,,,Y,4,0,2,2,A,-,09,21802,A,N,D,C,A,A,H,-,A,A,0,,,,,Y,,D,22,0,0,2,0,0,0,0,0,0,"- ","- ",35.166080000000001,-120.53358,"SAN LUIS OBISPO",UNINCORPORATED,-120.53356992000001,35.166330010000003
90569082,2017,2017-10-19,9745,2017-10-04,1107,017541,,3,1,4,4006,0,1,2,,2,202,"US-101 NORTHBOUND","MARSH ST",3.00,N,N,A,-,Y,,,101,,,,,,N,Y,2,0,1,2,A,-,03,22350,,N,C,C,A,A,H,-,A,D,0,,,Y,,Y,,A,01,1,0,0,0,0,0,0,0,1,"- ","- ",35.274500000000003,-120.67124,"SAN LUIS OBISPO","SAN LUIS OBISPO",-120.67122071,35.274493679999999
90569967,2017,2017-10-13,9750,2017-10-10,2115,020511,,2,2,9,4000,0,2,4,,2,040,"BULL CANYON RD",SR-166,4752.00,S,N,A,-,N,,,,,,,,,,Y,3,0,1,1,A,-,08,22107,,N,F,A,A,A,H,-,D,D,0,,,,,Y,,D,22,0,1,0,0,0,0,0,0,0,"- ","- ",34.988689999999998,-120.38796000000001,"SAN LUIS OBISPO",UNINCORPORATED,-120.38775452,34.98759999
90571046,2017,2017-10-16,9740,2017-10-03,1627,018995,,2,2,9,4000,0,2,4,,2,012,"NACIMIENTO LAKE DR","HERITAGE RD",78.00,N,N,A,-,N,,,,,,,,,,Y,4,0,1,2,A,-,08,22107,,N,F,A,A,A,H,-,A,D,0,,,,,Y,,D,22,0,0,1,0,0,0,0,0,0,"- ","- ",35.756770000000003,-120.88386,"SAN LUIS OBISPO",UNINCORPORATED,-120.88396847,35.756963630000001
90573602,2017,2017-10-18,9745,2017-10-17,1430,017097,,2,2,9,4000,0,1,2,,1,101,"US-101 SB","TV TOWER RD",1056.00,N,N,A,-,Y,,,101,,,,,,S,Y,4,0,2,1,A,-,08,22107,,N,E,I,A,A,H,-,A,D,0,,,,,Y,,A,07,0,0,2,0,0,0,0,0,0,"- ","- ",35.350639999999999,-120.63287,"SAN LUIS OBISPO",UNINCORPORATED,-120.63289962,35.350606300000003
90580836,2017,2017-10-27,9745,2017-10-18,1640,015144,,3,2,3,4001,0,1,2,,2,402,"US-101 SOUTHBOUND","OAK PARK BLVD",2112.00,S,N,A,-,Y,,,101,,,,,,S,Y,3,0,1,1,A,-,03,22350,,N,F,A,A,A,H,-,A,D,0,,,Y,,Y,,C,02,0,1,0,0,0,0,0,0,1,"- ","- ",35.127299999999998,-120.59952,"SAN LUIS OBISPO","ARROYO GRANDE",-120.59954913999999,35.127242770000002
90581033,2017,2017-10-27,9745,2017-10-25,0335,013212,,3,3,9,4000,0,1,3,,1,040,"SR-227 NORTHBOUND","PATCHETT RD",1584.00,S,N,A,-,Y,,,227,,,,,,N,Y,4,0,1,1,C,-,18,,,N,H,H,A,A,H,-,D,D,0,,,,,Y,,-,"- ",0,0,1,0,0,0,0,0,0,"- ","- ",35.175739999999998,-120.58768999999999,"SAN LUIS OBISPO",UNINCORPORATED,-120.58770855,35.175716370000004
90589508,2017,2017-11-07,9740,2017-11-04,0920,014543,,6,1,9,4000,0,3,5,,2,016,"SODA LAKE RD","SPRAGUE HILL RD.",12144.00,S,N,A,-,N,,,,,,,,,,Y,2,0,2,1,A,-,01,23152,A,N,F,A,A,A,H,-,A,A,0,,,,,Y,Y,A,07,2,0,0,0,0,0,0,0,0,"- ","- ",35.23939,-119.9051,"SAN LUIS OBISPO",UNINCORPORATED,,
90593180,2017,2017-11-13,9745,2017-11-10,2003,017151,,5,2,9,4000,0,2,4,,1,025,"LOS OSOS VALLEY RD","CLARK VALLEY RD",1096.00,W,N,B,-,N,,,,,,,,,,Y,3,0,4,2,A,-,01,23152,F,N,A,C,A,A,H,-,D,D,0,,,,,Y,,D,22,0,4,0,0,0,0,0,0,0,"- ","- ",35.304200000000002,-120.80419999999999,"SAN LUIS OBISPO",UNINCORPORATED,-120.80427883,35.304221089999999
90594092,2017,2017-11-14,9745,2017-11-07,0743,016773,,2,1,9,4000,0,1,3,,2,023,"SR-1 SOUTHBOUND","HOLLISTER AVE",918.00,N,N,A,-,Y,,,1,,,,,,S,Y,4,0,1,2,A,-,03,22350,,N,C,C,A,A,H,-,A,A,0,,,,,Y,,A,07,0,0,1,0,0,0,0,0,0,"- ","- ",35.331919999999997,-120.73818,"SAN LUIS OBISPO",UNINCORPORATED,-120.73818237,35.331911439999999
90597220,2017,2017-11-17,9740,2017-11-12,1550,015854,,7,2,9,4000,0,1,2,,2,002,"US-101 NORTHBOUND","SAN RAMON RD",1056.00,S,N,A,-,Y,,,101,,,,,,N,Y,3,0,1,2,A,-,03,22350,,N,C,C,A,A,H,-,A,D,0,,,Y,,Y,,A,01,0,1,0,0,0,0,0,0,1,"- ","- ",35.52411,-120.70386999999999,"SAN LUIS OBISPO",UNINCORPORATED,-120.70409393,35.524122579999997
90599646,2017,2017-11-21,9745,2017-11-17,1720,017759,,5,2,4,4006,0,1,2,,2,202,"U.S. 101 S/B","BROAD ST.",200.00,S,N,A,-,Y,,,,,,,,,,Y,4,0,1,2,A,-,03,22350,,N,C,C,A,A,H,-,C,D,0,,,,,Y,,D,22,0,0,1,0,0,0,0,0,0,"- ","- ",35.282110000000003,-120.66861,"SAN LUIS OBISPO","SAN LUIS OBISPO",,
90605469,2017,2017-11-29,9745,2017-11-22,0850,017968,,3,1,2,4005,0,1,2,,2,404,"US-101 N/B","BAY STREET",850.00,N,N,A,-,Y,,,101,,,,,,N,Y,4,0,2,2,A,-,03,22350,,N,C,C,A,A,H,-,A,D,0,,,,,Y,,A,07,0,0,2,0,0,0,0,0,0,"- ","- ",35.147750000000002,-120.64591,"SAN LUIS OBISPO","PISMO BEACH",-120.64589775,35.14777205
90611203,2017,2017-12-06,9745,2017-11-26,2200,017759,,7,3,2,4005,0,1,2,,2,404,"U.S 101 SOUTHBOUND TO SR-1.","PRICE ST",46.00,N,N,B,C,Y,,,,,,,,,,Y,3,0,1,1,A,-,03,22350,,N,E,I,A,B,H,-,C,D,0,,,,,Y,,A,01,0,1,0,0,0,0,0,0,0,"- ","- ",35.146610000000003,-120.64491,"SAN LUIS OBISPO","PISMO BEACH",,
90611389,2017,2017-12-06,9745,2017-11-28,0755,013212,,2,1,9,4000,0,2,4,,1,024,"SOUTH BAY BLVD","SAN YSABEL AVE",700.00,N,N,A,-,N,,,,,,,,,,Y,4,0,1,3,A,-,03,22350,,N,C,C,A,A,H,-,A,D,0,,,,,Y,,A,01,0,0,1,0,0,0,0,0,0,"- ","- ",35.33193,-120.82339,"SAN LUIS OBISPO",UNINCORPORATED,-120.82333034,35.331852910000002
90613228,2017,2017-12-08,9745,2017-12-04,2245,013937,,1,3,9,4000,0,1,3,,1,040,SR-227,"PHILLIPS RD",75.00,S,N,A,-,Y,,,227,,,,,,,Y,3,0,2,1,A,-,08,22107,,N,E,I,A,A,H,-,D,D,0,,,,,Y,,A,01,0,2,0,0,0,0,0,0,0,"- ","- ",35.14855,-120.57388,"SAN LUIS OBISPO",UNINCORPORATED,-120.57389266,35.148542419999998
90617366,2017,2017-12-14,9745,2017-12-14,0052,014713,,4,3,4,4006,0,1,2,,2,202,"US-101 SOUTHBOUND","LOS OSOS VALLEY RD",250.00,N,N,A,-,Y,,,101,,,,,,S,Y,4,0,1,1,A,-,08,22107,,N,E,I,A,A,H,-,D,D,0,,,,,Y,,A,01,0,0,1,0,0,0,0,0,0,"- ","- ",35.245370000000001,-120.68191,"SAN LUIS OBISPO","SAN LUIS OBISPO",-120.68189559,35.245361340000002
90632139,2017,2018-01-03,9745,2017-12-31,1505,017817,,7,2,3,4001,0,1,2,,2,402,"US-101 SOUTHBOUND","FAIR OAKS AVE.",50.00,S,N,A,-,Y,,,101,,,,,,S,Y,4,0,1,2,A,-,07,21658,A,N,B,C,A,A,H,-,A,D,0,,,,,Y,,A,01,0,0,1,0,0,0,0,0,0,"- ","- ",35.118729999999999,-120.57774999999999,"SAN LUIS OBISPO","ARROYO GRANDE",-120.57775314,35.118725070000004
90636272,2018,2018-01-09,9745,2018-01-05,1923,017151,,5,2,9,4000,0,2,4,,1,055,"TEFFT STREET",US-101,5.00,W,N,B,-,N,,,,,,,,,,N,3,0,1,2,A,-,10,21950,A,F,G,B,B,A,H,-,C,D,0,Y,,,,Y,,D,22,0,1,0,0,1,0,0,0,0,"- ","- ",35.0364990234375,-120.48549652099609,"SAN LUIS OBISPO",UNINCORPORATED,-120.4847412109375,35.036792755126953
90640830,2018,2018-01-16,9740,2018-01-12,1515,014662,,5,2,9,4000,0,1,3,,2,008,SR-46,"LUCY BROWN RD",528.00,W,N,B,-,Y,,,,,,,,,,Y,3,0,1,2,A,-,16,24002,A,N,H,C,A,A,H,-,A,D,0,,,,,Y,,D,22,0,1,0,0,0,0,0,0,0,"- ","- ",36.686798095703125,-120.33650207519531,"SAN LUIS OBISPO",UNINCORPORATED,,
90641122,2018,2018-01-16,9740,2018-01-15,0653,016816,,1,1,9,4000,0,3,5,,2,022,"WELLSONA ROAD","VIBORG ROAD",528.00,E,N,B,-,N,,,,,,,,,,Y,4,0,1,2,A,-,08,22107,,N,E,E,A,A,H,-,B,D,0,,,,,Y,,A,01,0,0,1,0,0,0,0,0,0,"- ","- ",35.695850372314453,-120.69963073730469,"SAN LUIS OBISPO",UNINCORPORATED,-120.69929504394531,35.695907592773438
90641800,2018,2018-01-17,9745,2018-01-16,1730,013937,,2,2,9,4000,0,1,3,,1,043,SR-1,"FOWLER LN",0.00,,Y,A,-,Y,,,1,,,,,,,Y,4,0,1,2,A,-,03,22350,,N,D,C,A,A,H,-,D,D,0,,,,,Y,,A,01,0,0,1,0,0,0,0,0,0,"- ","- ",35.067718505859375,-120.59410858154297,"SAN LUIS OBISPO",UNINCORPORATED,-120.59422302246094,35.067802429199219
90641813,2018,2018-01-17,9745,2018-01-15,1810,017097,,1,2,9,4000,0,1,3,,1,011,SR-41,"TORO CREEK RD",2640.00,S,N,A,-,Y,,,41,,,,,,,Y,2,0,3,3,A,-,05,21460,A,N,B,C,A,A,H,-,D,D,0,,,,,Y,Y,A,01,1,1,1,0,0,0,0,0,0,"- ","- ",35.451919555664062,-120.75235748291016,"SAN LUIS OBISPO",UNINCORPORATED,-120.7523193359375,35.451911926269531
90644266,2018,2018-01-22,9740,2018-01-14,1725,015854,,7,2,4,4008,0,1,2,,2,001,"US-101 SOUTHBOUND","SAN DIEGO RD",1056.00,S,N,A,-,Y,,,101,,,,,,S,Y,3,0,1,1,A,-,01,23152,A,N,E,I,A,A,H,-,D,D,0,,,,,Y,Y,A,01,0,1,0,0,0,0,0,0,0,"- ","- ",35.448429107666016,-120.63919067382812,"SAN LUIS OBISPO",ATASCADERO,-120.63918304443359,35.448432922363281
90644554,2018,2018-01-22,9750,2018-01-21,1135,017267,,7,1,9,4000,0,1,3,,2,061,SR-166,US-101,2640.00,E,N,A,-,Y,,,166,,,,,,,Y,3,0,1,2,A,-,08,22107,,N,B,C,A,A,H,-,A,D,0,,,,,Y,,D,22,0,1,0,0,0,0,0,0,0,"- ","- ",34.994579315185547,-120.42582702636719,"SAN LUIS OBISPO",UNINCORPORATED,-120.42582702636719,34.994647979736328
90644774,2018,2018-01-22,9745,2018-01-20,2130,017151,,6,2,9,4000,0,3,5,,2,002,"ONTARIO RD","SAN LUIS BAY DR",1056.00,S,N,A,-,N,,,,,,,,,,N,3,0,1,1,A,-,17,21200,,N,F,A,A,A,H,-,D,D,0,,Y,,,Y,Y,L,04,0,1,0,0,0,0,1,0,0,"- ","- ",35.192420959472656,-120.70108032226562,"SAN LUIS OBISPO",UNINCORPORATED,-120.70090484619141,35.193233489990234
90647451,2018,2018-01-25,9745,2018-01-24,1105,016390,,3,1,9,4000,0,1,3,,2,023,SR-1,"SAN GERONIMO RD.",1584.00,S,N,A,-,Y,,,1,,,,,,,Y,3,0,1,2,A,-,03,22350,,N,C,C,A,A,H,-,A,D,0,,,,,Y,,A,01,0,1,0,0,0,0,0,0,0,"- ","- ",35.4493408203125,-120.92704010009766,"SAN LUIS OBISPO",UNINCORPORATED,-120.92702484130859,35.449462890625
90651081,2018,2018-01-30,9745,2018-01-28,0025,017151,,7,3,9,4000,0,3,5,,2,004,"HUASNA RD","HUASNA TOWNSITE RD",3168.00,N,N,A,-,N,,,,,,,,,,Y,2,0,3,1,A,-,08,22107,,N,E,I,A,A,H,-,D,D,0,,,,,Y,,A,01,2,1,0,0,0,0,0,0,0,"- ","- ",35.126548767089844,-120.40292358398438,"SAN LUIS OBISPO",UNINCORPORATED,-120.38576507568359,35.127952575683594
90652419,2018,2018-01-31,9745,2018-01-23,1102,014910,,2,1,9,4000,0,1,2,,2,303,"US-101 SOUTHBOUND","LOS OSOS VALLEY RD",528.00,S,N,A,-,Y,,,101,,,,,,S,Y,3,0,1,2,A,-,07,21658,A,N,E,I,A,A,H,-,A,D,0,,,,,Y,,A,07,0,1,0,0,0,0,0,0,0,"- ","- ",35.242931365966797,-120.68338012695312,"SAN LUIS OBISPO",UNINCORPORATED,-120.68331909179688,35.242904663085938
90653926,2018,2018-02-02,9745,2018-01-18,0745,019809,,4,1,2,4005,0,1,2,,2,404,"US 101 N/B","SHELL BEACH RD",2376.00,S,N,A,-,Y,,,,,,,,,,Y,3,0,2,3,A,-,03,22350,,N,C,C,A,A,H,-,A,D,0,,,,,Y,,A,01,0,1,1,0,0,0,0,0,0,"- ","- ",35.150020599365234,-120.65103912353516,"SAN LUIS OBISPO","PISMO BEACH",,
90658454,2018,2018-02-09,9745,2018-01-25,0900,016773,,4,1,9,4000,0,1,2,,2,303,"US-101 SOUTHBOUND","HIGUERA ST",1056.00,S,N,A,-,Y,,,101,,,,,,S,Y,4,0,1,1,A,-,08,22107,,N,F,I,A,B,H,-,A,D,0,,,,,Y,,A,07,0,0,1,0,0,0,0,0,0,"- ","- ",35.219070434570312,-120.694091796875,"SAN LUIS OBISPO",UNINCORPORATED,-120.69403076171875,35.219024658203125
90661044,2018,2018-02-14,9740,2018-02-09,0147,014622,,5,3,9,4000,0,1,2,,2,001,"US-101 NORTHBOUND",SR-58,9504.00,N,N,A,-,Y,,,101,,,,,,N,Y,3,0,1,1,A,-,08,22107,,N,F,A,A,A,H,-,D,D,0,,,,Y,Y,,G,25,0,1,0,0,0,0,0,0,0,"- ","- ",35.408260345458984,-120.62574005126953,"SAN LUIS OBISPO",UNINCORPORATED,-120.62574768066406,35.408256530761719
90673689,2018,2018-03-02,9745,2018-01-31,2105,017097,,3,2,9,4000,0,2,4,,1,025,"LOS OSOS VALLEY RD.","BRODERSON AVE",0.00,,Y,A,-,N,,,,,,,,,,Y,1,1,2,2,A,-,03,22350,,N,D,C,A,A,H,-,D,D,0,,,Y,,Y,,C,02,1,1,0,0,0,0,0,1,0,"- ","- ",35.312591552734375,-120.84313201904297,"SAN LUIS OBISPO",UNINCORPORATED,-120.84317779541016,35.312610626220703
90675212,2018,2018-03-05,9745,2018-02-27,2025,017097,,2,2,9,4000,0,1,3,,1,011,SR-41,"CERRO ALTO RD",1056.00,N,N,A,-,Y,,,41,,,,,,,Y,3,0,1,1,A,-,08,22107,,N,E,I,A,A,H,-,C,D,0,,,,,Y,,A,07,0,1,0,0,0,0,0,0,0,"- ","- ",35.432689666748047,-120.75167083740234,"SAN LUIS OBISPO",UNINCORPORATED,-120.75160217285156,35.432701110839844
90675923,2018,2018-03-06,9745,2018-02-28,0850,014996,,3,1,2,4005,0,1,2,,2,404,US-101,"PISMO BEACH RR O/C",70.00,S,N,A,-,Y,,,101,,,,,,,Y,4,0,1,4,A,-,03,22350,,N,C,C,A,A,H,-,A,D,0,,,,,Y,,A,01,0,0,1,0,0,0,0,0,0,"- ","- ",35.138458251953125,-120.63157653808594,"SAN LUIS OBISPO","PISMO BEACH",-120.63156890869141,35.138507843017578
9068035,2020,2020-03-12,4005,2020-01-31,1644,P095,6,5,5,2,4005,0,0,0,,0,,PRICE,STIMSON,14.00,S,N,A,-,N,,,,,,,,,,Y,4,0,1,2,A,-,03,22350,,N,C,C,A,A,H,-,A,D,0,,,,,Y,,A,01,0,0,1,0,0,0,0,0,0,"- ","- ",,,"SAN LUIS OBISPO","PISMO BEACH",-120.63845825195312,35.140331268310547
90693010,2018,2018-03-29,9740,2018-03-22,1445,014622,,4,2,9,4000,0,3,5,,2,021,"OLD CREEK ROAD","COTTONTAIL CREEK ROAD",4224.00,N,N,B,C,N,,,,,,,,,,Y,3,0,1,1,A,-,01,23152,A,N,E,I,A,B,H,-,A,D,0,,,,,Y,Y,A,07,0,1,0,0,0,0,0,0,0,"- ","- ",35.485141754150391,-120.85301208496094,"SAN LUIS OBISPO",UNINCORPORATED,-120.85326385498047,35.484363555908203
90696402,2018,2018-04-02,9740,2018-03-27,1830,016849,,2,2,9,4000,0,3,5,,2,017,"MAIN STREET","7 TH STREET",123.00,N,N,A,-,N,,,,,,,,,,N,2,0,1,2,A,-,21,22106,,N,G,B,D,A,H,-,A,D,0,Y,,,,Y,,A,01,1,0,0,0,1,0,0,0,0,"- ","- ",35.547599792480469,-120.70680236816406,"SAN LUIS OBISPO",UNINCORPORATED,-120.70691680908203,35.547626495361328
90696680,2018,2018-04-02,9745,2018-03-28,1652,016002,,3,2,9,4000,0,2,4,,1,055,"TEFFT STREET","MAGENTA LN",140.00,E,N,A,-,N,,,,,,,,,,N,3,0,1,2,A,-,09,21804,A,N,F,A,A,A,H,-,A,D,0,,,Y,,Y,,A,01,0,1,0,0,0,0,0,0,1,"- ","- ",35.035011291503906,-120.48805999755859,"SAN LUIS OBISPO",UNINCORPORATED,-120.48807525634766,35.034934997558594
90696764,2018,2018-04-02,9745,2018-03-29,0633,013531,,4,1,9,4000,0,2,4,,1,055,"TEFFT STREET","US-101 SOUHTBOUND",0.00,,Y,A,-,N,,,,,,,,,,Y,4,0,1,2,A,-,09,21453,C,N,A,C,A,A,H,-,B,D,0,,,,,Y,,A,01,0,0,1,0,0,0,0,0,0,"- ","- ",35.036651611328125,-120.48487091064453,"SAN LUIS OBISPO",UNINCORPORATED,-120.48526200000001,35.036484000000002
90703239,2018,2018-04-11,9745,2018-04-08,1220,014543,,7,1,9,4000,0,3,5,,2,002,"TURRI RD","SOUTH BAY BLVD",2640.00,E,N,A,-,N,,,,,,,,,,N,3,0,2,1,A,-,03,22350,,N,E,I,A,A,B,-,A,D,0,,,Y,,Y,,C,02,0,2,0,0,0,0,0,0,2,"- ","- ",35.330718994140625,-120.81632232666016,"SAN LUIS OBISPO",UNINCORPORATED,-120.81710815429688,35.332084655761719
90707845,2018,2018-04-18,9745,2018-04-13,1050,017144,,5,1,9,4000,0,3,5,,2,004,"RT 1","GRACIA WAY",1056.00,S,N,A,-,Y,,,1,,,,,,,Y,3,0,1,1,A,-,08,22107,,N,E,I,A,A,H,-,A,D,0,,,Y,,Y,,C,02,0,1,0,0,0,0,0,0,1,"- ","- ",35.091930389404297,-120.58222961425781,"SAN LUIS OBISPO",UNINCORPORATED,-120.58223724365234,35.091922760009766
90710988,2018,2018-04-23,9740,2018-04-17,0742,014465,,2,1,9,4000,0,3,5,,2,021,"VINEYARD DRIVE","BENNETT WAY",15.00,E,N,A,-,N,,,,,,,,,,N,4,0,1,2,A,-,08,22107,,N,B,G,A,A,H,-,A,D,0,,Y,,,Y,,L,04,0,0,1,0,0,0,1,0,0,"- ","- ",35.543281555175781,-120.71774291992188,"SAN LUIS OBISPO",UNINCORPORATED,-120.71810913085938,35.543342590332031
90711239,2018,2018-04-23,9740,2018-04-18,1040,016816,,3,1,9,4000,0,3,5,,2,024,"BURTON DRIVE","VILLAGE LANE",300.00,W,N,A,-,N,,,,,,,,,,Y,3,0,1,1,A,-,01,23152,A,M,E,I,A,A,H,-,A,D,0,,,,,Y,Y,D,22,0,1,0,0,0,0,0,0,0,"- ","- ",35.5601806640625,-121.07926177978516,"SAN LUIS OBISPO",UNINCORPORATED,-121.08183288574219,35.561637878417969
90711366,2018,2018-04-23,9745,2018-04-22,1220,017097,,7,1,2,4005,0,1,2,,2,404,"US-101 NB","4TH STREET",1584.00,N,N,A,-,Y,,,101,,,,,,N,N,4,0,1,2,A,-,03,22350,,N,C,C,A,A,H,-,A,D,0,,,,,Y,,A,01,0,0,1,0,0,0,0,0,0,"- ","- ",35.137451171875,-120.62650299072266,"SAN LUIS OBISPO","PISMO BEACH",-120.62650299072266,35.137416839599609
90724041,2018,2018-05-10,9745,2018-05-05,1020,016390,,6,1,9,4000,0,2,4,,1,048,"AVILA BEACH DRIVE","WILD CHERRY CANYON",890.00,W,N,A,-,N,,,,,,,,,,N,3,0,1,5,A,-,08,22107,,N,B,C,A,A,H,-,A,D,0,,,,,Y,,D,22,0,1,0,0,0,0,0,0,0,"- ","- ",35.177841186523438,-120.74954223632812,"SAN LUIS OBISPO",UNINCORPORATED,-120.74947357177734,35.17791748046875
90727972,2018,2018-05-16,9745,2018-05-09,1727,014713,,3,2,4,4006,0,1,2,,2,303,"US-101 SOUTHBOUND","AVILA BEACH DRIVE",10.00,N,N,A,-,Y,,,,,,,,,,Y,3,0,3,3,A,-,03,22350,,N,C,C,A,A,H,-,A,D,0,,,,,Y,,A,07,0,3,0,0,0,0,0,0,0,"- ","- ",35.179859161376953,-120.69962310791016,"SAN LUIS OBISPO","SAN LUIS OBISPO",,
90728007,2018,2018-05-16,9745,2018-05-09,1600,016002,,3,2,9,4000,0,1,2,,2,505,"US-101 SOUTHBOUND","EL CAMPO RD",1584.00,S,N,A,-,Y,,,101,,,,,,S,Y,4,0,1,2,A,-,03,22350,,N,C,C,A,A,H,-,A,D,0,,,,,Y,,D,22,0,0,1,0,0,0,0,0,0,"- ","- ",35.107460021972656,-120.55563354492188,"SAN LUIS OBISPO",UNINCORPORATED,-120.55562591552734,35.107467651367188