CASE_ID,ACCIDENT_YEAR,PROC_DATE,JURIS,COLLISION_DATE,COLLISION_TIME,OFFICER_ID,REPORTING_DISTRICT,DAY_OF_WEEK,CHP_SHIFT,POPULATION,CNTY_CITY_LOC,SPECIAL_COND,BEAT_TYPE,CHP_BEAT_TYPE,CITY_DIVISION_LAPD,CHP_BEAT_CLASS,BEAT_NUMBER,PRIMARY_RD,SECONDARY_RD,DISTANCE,DIRECTION,INTERSECTION,WEATHER_1,WEATHER_2,STATE_HWY_IND,CALTRANS_COUNTY,CALTRANS_DISTRICT,STATE_ROUTE,ROUTE_SUFFIX,POSTMILE_PREFIX,POSTMILE,LOCATION_TYPE,RAMP_INTERSECTION,SIDE_OF_HWY,TOW_AWAY,COLLISION_SEVERITY,NUMBER_KILLED,NUMBER_INJURED,PARTY_COUNT,PRIMARY_COLL_FACTOR,PCF_CODE_OF_VIOL,PCF_VIOL_CATEGORY,PCF_VIOLATION,PCF_VIOL_SUBSECTION,HIT_AND_RUN,TYPE_OF_COLLISION,MVIW,PED_ACTION,ROAD_SURFACE,ROAD_COND_1,ROAD_COND_2,LIGHTING,CONTROL_DEVICE,CHP_ROAD_TYPE,PEDESTRIAN_ACCIDENT,BICYCLE_ACCIDENT,MOTORCYCLE_ACCIDENT,TRUCK_ACCIDENT,NOT_PRIVATE_PROPERTY,ALCOHOL_INVOLVED,STWD_VEHTYPE_AT_FAULT,CHP_VEHTYPE_AT_FAULT,COUNT_SEVERE_INJ,COUNT_VISIBLE_INJ,COUNT_COMPLAINT_PAIN,COUNT_PED_KILLED,COUNT_PED_INJURED,COUNT_BICYCLIST_KILLED,COUNT_BICYCLIST_INJURED,COUNT_MC_KILLED,COUNT_MC_INJURED,PRIMARY_RAMP,SECONDARY_RAMP,LATITUDE,LONGITUDE,COUNTY,CITY,POINT_X,POINT_Y
90729357,2018,2018-05-18,9745,2018-05-12,0200,014996,,6,3,2,4005,0,1,2,,2,404,"US-101 SOUTHBOUND","HINDS AVE",1584.00,N,N,A,-,Y,,,101,,,,,,S,Y,4,0,1,1,A,-,08,22107,,N,B,I,A,A,H,-,D,D,0,,,,,Y,,A,01,0,0,1,0,0,0,0,0,0,"- ","- ",35.145179748535156,-120.64304351806641,"SAN LUIS OBISPO","PISMO BEACH",-120.64302062988281,35.14520263671875
90735068,2018,2018-05-25,9745,2018-05-24,1745,017759,,4,2,9,4000,0,2,4,,1,025,"LOS OSOS VALLEY RD.","FOOTHILL BLVD.",650.00,E,N,B,-,N,,,,,,,,,,Y,4,0,1,2,A,-,03,22350,,N,C,C,A,A,H,-,A,A,0,,,,,Y,,A,01,0,0,1,0,0,0,0,0,0,"- ","- ",35.2752685546875,-120.71015167236328,"SAN LUIS OBISPO",UNINCORPORATED,-120.71022033691406,35.275260925292969
90740216,2018,2018-07-03,9740,2018-04-06,0555,013733,,5,3,9,4000,0,1,3,,2,008,SR-46,"CHOLAME CREEK BRIDGE",2034.00,W,N,B,-,Y,,,46,,,,,,,Y,1,2,9,4,A,-,08,22107,,N,B,C,A,A,H,-,D,D,0,,,,,Y,,A,01,7,2,0,0,0,0,0,0,0,"- ","- ",35.731231689453125,-120.2926025390625,"SAN LUIS OBISPO",UNINCORPORATED,-120.29259490966797,35.731224060058594
90740368,2018,2018-06-04,9745,2018-05-21,1110,016773,,1,1,2,4005,0,1,2,,2,404,"US-101 SOUTHBOUND","SPYGLASS DR",2693.00,N,N,A,-,Y,,,101,,,,,,S,Y,4,0,1,2,A,-,03,22350,,N,C,C,A,A,H,-,A,D,0,,,,,Y,,A,01,0,0,1,0,0,0,0,0,0,"- ","- ",35.170341491699219,-120.69313812255859,"SAN LUIS OBISPO","PISMO BEACH",-120.69309234619141,35.170387268066406
90743608,2018,2018-06-07,9750,2018-05-31,0740,016469,,4,1,9,4000,0,1,3,,1,063,SR-166,"GIFFORD CREEK BRIDGE",12672.00,E,N,A,-,Y,,,166,,,,,,,Y,3,0,1,1,A,-,08,22107,,N,F,A,A,A,H,-,A,D,0,,,,,Y,,A,01,0,1,0,0,0,0,0,0,0,"- ","- ",35.085590362548828,-120.02543640136719,"SAN LUIS OBISPO",UNINCORPORATED,-120.02546691894531,35.085472106933594
90745956,2018,2018-06-12,9740,2018-05-30,1557,016849,,3,2,9,4000,0,2,4,,2,012,"NACIMEINTO LAKE DRIVE (G-14)","STEELHEAD ROAD",2112.00,S,N,A,-,N,,,,,,,,,,Y,2,0,3,2,A,-,01,23152,A,N,A,C,A,A,H,-,A,D,0,,,,,Y,Y,D,22,2,1,0,0,0,0,0,0,0,"- ","- ",35.736438751220703,-120.86698150634766,"SAN LUIS OBISPO",UNINCORPORATED,-120.86709594726562,35.737022399902344
90748171,2018,2018-06-14,9745,2018-06-09,1755,020689,,6,2,9,4000,0,3,5,,2,001,"OLD CREEK RD","MONTECITO RD",6336.00,N,N,A,-,N,,,,,,,,,,Y,3,0,1,1,A,-,01,23152,A,N,F,A,A,A,H,-,A,D,0,,,,,Y,Y,A,07,0,1,0,0,0,0,0,0,0,"- ","- ",35.453231811523438,-120.86607360839844,"SAN LUIS OBISPO",UNINCORPORATED,-120.86582183837891,35.453819274902344
90748222,2018,2018-06-14,9745,2018-06-10,1820,017097,,7,2,9,4000,0,2,4,,1,048,"AVILA BEACH DRIVE","CAVE LANDING RD",1056.00,W,N,A,-,N,,,,,,,,,,Y,3,0,1,1,A,-,01,23152,A,N,E,I,A,A,H,-,A,D,0,,,,,Y,Y,A,01,0,1,0,0,0,0,0,0,0,"- ","- ",35.180198669433594,-120.72367095947266,"SAN LUIS OBISPO",UNINCORPORATED,-120.7242431640625,35.185569763183594
90755005,2018,2018-06-25,9740,2018-06-19,1148,014460,,2,1,9,4000,0,3,5,,2,017,"NORTH MAIN ST.","CREEKSIDE RANCH ROAD",983.00,N,N,A,-,N,,,,,,,,,,N,3,0,1,1,A,-,03,22350,,N,E,I,A,A,D,-,A,A,0,,,,,Y,,A,01,0,1,0,0,0,0,0,0,0,"- ","- ",35.5625,-120.70050048828125,"SAN LUIS OBISPO",UNINCORPORATED,-120.70052337646484,35.562225341796875
90755621,2018,2018-06-26,9740,2018-06-23,0432,018988,,6,3,9,4000,0,3,5,,2,022,"INTERLAKE RD","LYNCH CANYON RD",5280.00,E,N,A,-,N,,,,,,,,,,Y,2,0,2,1,A,-,08,22107,,N,E,I,A,A,H,-,D,D,0,,,,,Y,,D,22,2,0,0,0,0,0,0,0,0,"- ","- ",35.788078308105469,-120.94716644287109,"SAN LUIS OBISPO",UNINCORPORATED,-120.94818878173828,35.788459777832031
90756899,2018,2018-06-27,9750,2018-06-23,2135,020549,,6,2,9,4000,0,1,3,,2,061,"SR-166 W/B","THOMPSON AVE",30.00,E,N,A,-,Y,,,166,,,,,,W,Y,4,0,3,2,A,-,01,23152,A,N,C,C,A,A,H,-,C,D,0,,,,,Y,Y,A,08,0,0,3,0,0,0,0,0,0,"- ","- ",34.996440887451172,-120.43377685546875,"SAN LUIS OBISPO",UNINCORPORATED,-120.43377685546875,34.996429443359375
90757487,2018,2018-06-27,9745,2018-06-20,0849,016773,,3,1,2,4005,0,1,2,,2,404,"US-101 NORTHBOUND","FIVE CITIES DR U/C",528.00,S,N,A,-,Y,,,101,,,,,,N,Y,4,0,1,5,A,-,03,22350,,N,C,C,A,A,H,-,A,D,0,,,,,Y,,A,07,0,0,1,0,0,0,0,0,0,"- ","- ",35.138301849365234,-120.63085174560547,"SAN LUIS OBISPO","PISMO BEACH",-120.63084411621094,35.138336181640625
90765158,2018,2018-07-09,9740,2018-06-29,1640,020773,,5,2,9,4000,0,3,5,,2,024,"MAIN ST","TAMSON ST",0.00,,Y,A,-,N,,,,,,,,,,Y,3,0,2,3,A,-,09,21802,A,N,D,C,A,A,H,-,A,A,0,,,,,Y,,A,01,0,2,0,0,0,0,0,0,0,"- ","- ",35.562858581542969,-121.09175872802734,"SAN LUIS OBISPO",UNINCORPORATED,-121.09174346923828,35.562839508056641
90767717,2018,2018-07-12,9745,2018-06-29,1155,017144,,5,1,9,4000,0,2,4,,1,025,"LOS OSOS VALLEY RD.","ETO LN",64.00,E,N,A,-,N,,,,,,,,,,Y,2,0,2,2,A,-,09,21804,A,N,D,C,A,A,H,-,A,D,0,,,,,Y,,A,08,1,1,0,0,0,0,0,0,0,"- ","- ",35.306381225585938,-120.81324768066406,"SAN LUIS OBISPO",UNINCORPORATED,-120.81330108642578,35.30645751953125
90771697,2018,2018-07-18,9745,2018-07-06,2225,016773,,5,3,9,4000,0,2,4,,1,048,"AVILA BEACH DRIVE","ONTARIO RD",278.00,E,N,A,-,N,,,,,,,,,,Y,2,0,4,2,A,-,09,21804,A,N,A,C,A,A,H,-,D,D,0,,,,,Y,,A,01,1,2,1,0,0,0,0,0,0,"- ","- ",35.180141448974609,-120.70319366455078,"SAN LUIS OBISPO",UNINCORPORATED,-120.70353698730469,35.180393218994141
90772167,2018,2018-07-18,9740,2018-07-14,1750,017426,,6,2,9,4000,0,1,3,,1,015,"SR-1 SOUTHBOUND","SAN SIMEON RD",5280.00,N,N,A,-,Y,,,1,,,,,,S,Y,4,0,1,1,A,-,03,22350,,N,F,A,A,A,H,-,A,D,0,,,,,Y,,A,01,0,0,1,0,0,0,0,0,0,"- ","- ",35.650821685791016,-121.20230102539062,"SAN LUIS OBISPO",UNINCORPORATED,-121.20230102539062,35.650821685791016
90772187,2018,2018-07-18,9740,2018-07-13,2020,016816,,5,2,9,4000,0,1,3,,2,011,SR-46,"OLD CREEK ROAD",0.00,,Y,A,-,Y,,,46,,,,,,,Y,3,0,1,2,A,-,08,22107,,N,D,C,A,A,H,-,D,D,0,,,,,Y,,A,07,0,1,0,0,0,0,0,0,0,"- ","- ",35.533878326416016,-120.85951995849609,"SAN LUIS OBISPO",UNINCORPORATED,-120.85953521728516,35.533912658691406
90772525,2018,2018-07-19,9745,2018-07-18,1715,017097,,3,2,9,4000,0,1,2,,1,101,"US-101 NB","MONTEREY ST",1584.00,N,N,A,-,Y,,,101,,,,,,N,Y,4,0,1,2,A,-,03,22350,,N,C,C,A,A,H,-,A,D,0,,,,,Y,,D,22,0,0,1,0,0,0,0,0,0,"- ","- ",35.29296875,-120.64330291748047,"SAN LUIS OBISPO",UNINCORPORATED,-120.64330291748047,35.292976379394531
90778999,2018,2018-07-27,9745,2018-07-26,0240,014543,,4,3,9,4000,0,2,4,,1,038,"ORCUTT RD.","RIGHETTI RD.",2112.00,N,N,A,-,N,,,,,,,,,,Y,3,0,1,1,A,-,01,23152,A,N,E,I,A,A,H,-,D,D,0,,,,,Y,Y,D,22,0,1,0,0,0,0,0,0,0,"- ","- ",35.233451843261719,-120.60186767578125,"SAN LUIS OBISPO",UNINCORPORATED,-120.60187530517578,35.233390808105469
90779055,2018,2018-07-27,9745,2018-07-23,2348,017144,,1,3,4,4006,0,1,2,,2,202,"US-101 N/B TO BROAD ST.","PEACH STREET",258.00,W,N,A,-,Y,,,101,,,,R,,N,Y,3,0,1,1,A,-,01,23152,A,N,E,I,A,A,H,-,C,D,0,,,,,Y,Y,A,01,0,1,0,0,0,0,0,0,0,"- ","- ",35.282981872558594,-120.66735076904297,"SAN LUIS OBISPO","SAN LUIS OBISPO",-120.66735076904297,35.282981872558594
9078041,2020,2020-09-30,4006,2020-03-04,2029,98137,,3,5,4,4006,0,0,0,,0,,"SANTA ROSA",BOYSEN,0.00,,Y,A,-,Y,SLO,5,1,-,-,17.500,I,5,N,Y,3,0,1,2,A,-,09,21804,A,N,D,C,A,A,H,-,C,D,0,,,,,Y,,A,01,0,1,0,0,0,0,0,0,0,"- ","- ",35.295871734619141,-120.66947937011719,"SAN LUIS OBISPO","SAN LUIS OBISPO",-120.66944885253906,35.295902252197266
90781412,2018,2018-07-31,9745,2018-07-30,1213,017541,,1,1,9,4000,0,3,5,,2,005,"E DANA ST","AVOCADO ST",350.00,E,N,A,-,N,,,,,,,,,,N,4,0,1,2,A,-,21,22106,,N,D,C,A,A,H,-,A,D,0,,,,,Y,,A,07,0,0,1,0,0,0,0,0,0,"- ","- ",35.043701171875,-120.47293853759766,"SAN LUIS OBISPO",UNINCORPORATED,-120.47291564941406,35.043708801269531
90781529,2018,2018-07-31,9740,2018-07-28,1815,016849,,6,2,9,4000,0,3,5,,2,017,"SOUTH EL POMAR ROAD","SUMMIT ROAD",325.00,W,N,A,-,N,,,,,,,,,,Y,4,0,1,1,A,-,03,22350,,N,E,I,A,A,H,-,A,D,0,,,,,Y,,D,22,0,0,1,0,0,0,0,0,0,"- ","- ",35.530998229980469,-120.63175964355469,"SAN LUIS OBISPO",UNINCORPORATED,-120.63155364990234,35.531101226806641
90783623,2018,2018-08-03,9740,2018-07-24,1200,014460,,2,1,9,4000,0,3,5,,2,017,"TEMPLETON ROAD","EUREKA LANE",209.00,N,N,A,-,N,,,,,,,,,,Y,4,0,1,1,A,-,08,22107,,N,E,I,A,A,H,-,A,D,0,,,,,Y,,A,01,0,0,1,0,0,0,0,0,0,"- ","- ",35.527519226074219,-120.67913818359375,"SAN LUIS OBISPO",UNINCORPORATED,-120.678466796875,35.527519226074219
90786063,2018,2018-08-07,9745,2018-08-02,1500,016068,,4,2,9,4000,0,3,5,,2,002,"SANTA YSABEL AVE","14TH STREET",0.00,,Y,A,-,N,,,,,,,,,,Y,4,0,1,3,A,-,03,22350,,N,C,C,A,A,H,-,A,D,0,,,,,Y,,A,01,0,0,1,0,0,0,0,0,0,"- ","- ",35.330001831054688,-120.82769775390625,"SAN LUIS OBISPO",UNINCORPORATED,-120.82769012451172,35.329971313476562
90790857,2018,2018-08-15,9740,2018-08-07,1710,018069,,2,2,9,4000,0,1,2,,2,004,"NB US-101","MONTEREY ROAD",528.00,N,N,A,-,Y,,,101,,,,,,,Y,2,0,1,2,A,-,08,22107,,N,B,C,A,A,D,-,A,D,0,,,,Y,Y,,D,22,1,0,0,0,0,0,0,0,0,"- ","- ",35.715229034423828,-120.6944580078125,"SAN LUIS OBISPO",UNINCORPORATED,-120.6944580078125,35.715229034423828
90790998,2018,2018-08-15,9745,2018-08-08,0845,017541,,3,1,9,4000,0,2,4,,1,025,"LOS OSOS VALLEY RD","FOOTHILL BLVD",1500.00,W,N,A,-,N,,,,,,,,,,Y,4,0,1,1,C,-,18,,,N,H,H,A,A,H,-,A,D,0,,,,,Y,,-,"- ",0,0,1,0,0,0,0,0,0,"- ","- ",35.278858184814453,-120.7171630859375,"SAN LUIS OBISPO",UNINCORPORATED,-120.71616363525391,35.278369903564453
90794855,2018,2018-08-21,9740,2018-08-12,1540,020773,,7,2,9,4000,0,1,2,,2,004,"US-101 NORTHBOUND","MONTEREY RD",0.00,,Y,A,-,Y,,,101,,,,,,N,Y,3,0,1,2,A,-,09,21802,A,N,D,C,A,A,H,-,A,A,0,,,,,Y,,A,01,0,1,0,0,0,0,0,0,0,"- ","- ",35.667179107666016,-120.69599914550781,"SAN LUIS OBISPO",UNINCORPORATED,-120.69601440429688,35.667179107666016
90795646,2018,2018-08-22,9745,2018-08-19,1725,019809,,7,2,9,4000,0,3,5,,2,004,"OLD OAK PARK RD","NOYES RD",172.00,N,N,A,-,N,,,,,,,,,,Y,4,0,1,1,A,-,01,23152,A,N,E,I,A,A,H,-,A,D,0,,,,,Y,Y,D,22,0,0,1,0,0,0,0,0,0,"- ","- ",35.14208984375,-120.60061645507812,"SAN LUIS OBISPO",UNINCORPORATED,-120.60064697265625,35.141921997070312
90796730,2018,2018-08-23,9740,2018-08-19,1224,016816,,7,1,9,4000,0,3,5,,2,018,"BITTERWATER RD","ANNETTE ROAD",11616.00,S,N,A,-,N,,,,,,,,,,Y,4,0,1,1,A,-,08,22107,,N,E,I,A,A,H,-,A,D,0,,,,,Y,,A,01,0,0,1,0,0,0,0,0,0,"- ","- ",35.614078521728516,-120.17037200927734,"SAN LUIS OBISPO",UNINCORPORATED,-120.17136383056641,35.614116668701172
90798649,2018,2018-08-27,9740,2018-08-17,1610,016849,,5,2,9,4000,0,1,2,,2,002,"US-101 NORTHBOUND","VINEYARD DRIVE",3223.00,S,N,A,-,Y,,,101,,,,,,N,Y,4,0,1,2,A,-,03,22350,,N,C,C,A,A,H,-,A,D,0,,,,,Y,,D,22,0,0,1,0,0,0,0,0,0,"- ","- ",35.535198211669922,-120.71099853515625,"SAN LUIS OBISPO",UNINCORPORATED,-120.71096038818359,35.53521728515625
90799265,2018,2018-08-27,9740,2018-08-23,1300,016816,,4,1,9,4000,0,3,5,,2,022,"VINEYARD DR","PEACHY CANYON RD",2640.00,S,N,A,-,N,,,,,,,,,,Y,3,0,1,1,A,-,03,22350,,N,E,I,A,A,H,-,A,D,0,,,,,Y,,A,01,0,1,0,0,0,0,0,0,0,"- ","- ",35.582000732421875,-120.80135345458984,"SAN LUIS OBISPO",UNINCORPORATED,-120.81900787353516,35.588203430175781
90806025,2018,2018-09-05,9745,2018-08-29,0500,013531,,3,3,3,4001,0,1,2,,2,402,"US-101 NORTHBOUND","BRISCO ROAD",200.00,N,N,A,-,Y,,,101,,,,,,N,Y,4,0,1,1,A,-,08,22107,,N,E,I,A,A,H,-,D,D,0,,,,,Y,,A,01,0,0,1,0,0,0,0,0,0,"- ","- ",35.124881744384766,-120.59439086914062,"SAN LUIS OBISPO","ARROYO GRANDE",-120.59442138671875,35.124813079833984
90809105,2018,2018-09-10,9740,2018-09-04,1255,020773,,2,1,4,4008,0,1,2,,2,002,"US-101 NORTHBOUND","SAN ANSELMO RD",1000.00,S,N,A,-,Y,,,101,,,,,,N,N,4,0,1,2,A,-,07,21658,A,N,B,C,A,A,H,-,A,D,0,,,,,Y,,A,07,0,0,1,0,0,0,0,0,0,"- ","- ",35.496658325195312,-120.68226623535156,"SAN LUIS OBISPO",ATASCADERO,-120.68228149414062,35.496639251708984
90811526,2018,2018-09-12,9745,2018-09-05,2240,016714,,3,3,2,4005,0,1,2,,2,404,"US-101 S/B","SPYGLASS DR.",528.00,S,N,A,-,Y,,,101,,,,,,S,N,4,0,1,2,A,-,07,21658,A,N,B,C,A,A,H,-,D,D,0,,,,,Y,,A,01,0,0,1,0,0,0,0,0,0,"- ","- ",35.160758972167969,-120.67955017089844,"SAN LUIS OBISPO","PISMO BEACH",-120.67954254150391,35.160778045654297
90812081,2018,2018-09-13,9745,2018-09-11,1600,017857,,2,2,9,4000,0,2,S,,2,054,"HI MOUNTAIN ROAD","LOPEZ DRIVE",1583.00,E,N,A,-,N,,,,,,,,,,Y,3,0,1,1,A,-,01,23152,A,N,E,I,A,A,H,-,A,D,0,,,,,Y,Y,A,01,0,1,0,0,0,0,0,0,0,"- ","- ",35.187168121337891,-120.45059204101562,"SAN LUIS OBISPO",UNINCORPORATED,-120.45348358154297,35.186996459960938
90814617,2018,2018-09-17,9745,2018-09-15,0240,016714,,6,3,9,4000,0,2,4,,1,058,"ORCHARD RD. (1100 BLOCK)","CHERRY BLOSSOM PL.",135.00,N,N,A,-,N,,,,,,,,,,Y,3,0,1,1,A,-,01,23152,A,N,E,I,A,A,H,-,D,D,0,,,,,Y,Y,D,22,0,1,0,0,0,0,0,0,0,"- ","- ",35.00933837890625,-120.46906280517578,"SAN LUIS OBISPO",UNINCORPORATED,-120.46408081054688,35.006435394287109
90815293,2018,2018-09-18,9740,2018-09-16,1750,018988,,7,2,9,4000,0,2,4,,2,012,"NACIMIENTO LAKE DR","SAN MARCOS RD",467.00,W,N,A,-,N,,,,,,,,,,Y,2,0,1,1,A,-,08,22107,,N,F,A,A,A,H,-,A,D,0,,,,,Y,,A,01,1,0,0,0,0,0,0,0,0,"- ","- ",35.688621520996094,-120.76564788818359,"SAN LUIS OBISPO",UNINCORPORATED,-120.76576232910156,35.688571929931641
90815804,2018,2018-09-18,9745,2018-09-11,1413,017930,,2,2,9,4000,0,1,2,,2,505,"US-101 SOUTHBOUND","LOS BERROS RD",528.00,N,N,A,-,Y,,,101,,,,,,S,Y,2,0,3,3,A,-,03,22350,,N,C,C,A,A,H,-,A,A,0,,,,,Y,,A,01,1,2,0,0,0,0,0,0,0,"- ","- ",35.073501586914062,-120.51850128173828,"SAN LUIS OBISPO",UNINCORPORATED,-120.5184326171875,35.073589324951172
90821894,2018,2018-09-26,9740,2018-09-10,0135,014460,,1,3,9,4000,0,1,2,,2,001,"US-101 NORTHBOUND","SANTA BARBARA ROAD",5280.00,S,N,A,-,Y,,,101,,,,,,N,Y,3,0,3,2,A,-,03,22350,,N,D,C,A,A,H,-,D,D,0,,,,,Y,,A,07,0,1,2,0,0,0,0,0,0,"- ","- ",35.428699493408203,-120.63410949707031,"SAN LUIS OBISPO",UNINCORPORATED,-120.63416290283203,35.428672790527344
90822905,2018,2018-09-27,9740,2018-09-22,1355,016154,,6,1,3,4004,0,1,2,,2,003,"US-101 SOUTHBOUND TO SR-46W",SR-46W,193.00,N,N,A,-,Y,,,101,,,,R,,S,N,3,0,2,1,A,-,08,22107,,N,F,A,A,A,H,-,A,A,0,,,Y,,Y,,C,02,0,2,0,0,0,0,0,0,2,"- ","- ",35.590019226074219,-120.69589233398438,"SAN LUIS OBISPO","PASO ROBLES",-120.69589233398438,35.590019226074219
90824584,2018,2018-09-28,9745,2018-09-21,2325,017817,,5,3,9,4000,0,1,2,,1,101,"US-101 N/B","STAGE COACH RD.",245.00,S,N,A,-,Y,,,101,,,,,,N,Y,3,0,1,1,A,-,08,22107,,N,E,I,A,A,H,-,D,D,0,,,,,Y,Y,A,01,0,1,0,0,0,0,0,0,0,"- ","- ",35.316249847412109,-120.62159729003906,"SAN LUIS OBISPO",UNINCORPORATED,-120.62152099609375,35.316219329833984
90825891,2018,2018-10-01,9745,2018-09-21,1600,019809,,5,2,9,4000,0,3,5,,2,001,"TV TOWER RD","RT 101",5000.00,W,N,A,-,N,,,,,,,,,,N,3,0,1,2,A,-,03,22350,,N,H,G,A,A,H,-,A,D,0,,Y,,,Y,,L,04,0,1,0,0,0,0,1,0,0,"- ","- ",35.34613037109375,-120.63433074951172,"SAN LUIS OBISPO",UNINCORPORATED,-120.63433074951172,35.346103668212891
90826583,2018,2018-10-02,9750,2018-09-29,0810,018616,,6,1,9,4000,0,1,3,,1,063,SR-166,"SIERRA MADRE RD",49632.00,E,N,A,-,Y,,,166,,,,,,,Y,3,0,1,1,A,-,08,22107,,N,E,I,A,A,H,-,A,D,0,,,,Y,Y,,G,79,0,1,0,0,0,0,0,0,0,"- ","- ",35.096019744873047,-120.05271148681641,"SAN LUIS OBISPO",UNINCORPORATED,-120.05271148681641,35.096061706542969
90827679,2018,2018-10-03,9740,2018-09-30,2020,018988,,7,2,9,4000,0,3,5,,2,017,"CRESTON RD","SOUTH EL POMAR RD",823.00,E,N,A,-,N,,,,,,,,,,Y,2,0,3,2,A,-,01,23152,A,N,A,C,A,A,H,-,D,D,0,,,,,Y,Y,A,07,1,2,0,0,0,0,0,0,0,"- ","- ",35.572620391845703,-120.60605621337891,"SAN LUIS OBISPO",UNINCORPORATED,-120.60617065429688,35.572711944580078
90833105,2018,2018-10-10,9740,2018-10-08,1539,016849,,1,2,4,4008,0,1,2,,2,002,"US-101 SOUTHBOUND","DEL RIO ROAD",36.00,N,N,A,-,Y,,,101,,,,,,S,Y,4,0,1,2,A,-,08,22107,,N,C,C,A,A,H,-,A,D,0,,,,,Y,,A,01,0,0,1,0,0,0,0,0,0,"- ","- ",35.513229370117188,-120.69960021972656,"SAN LUIS OBISPO",ATASCADERO,-120.69959259033203,35.513236999511719
90836407,2018,2018-10-15,9745,2018-10-12,1220,017541,,5,1,9,4000,0,2,4,,1,051,"LOS BERROS RD","EL CAMPO RD",0.00,,Y,A,-,N,,,,,,,,,,Y,4,0,1,2,A,-,09,21802,A,N,D,C,A,A,H,-,A,D,0,,,,,Y,,A,01,0,0,1,0,0,0,0,0,0,"- ","- ",35.093280792236328,-120.56275939941406,"SAN LUIS OBISPO",UNINCORPORATED,-120.56279754638672,35.093318939208984
90840167,2018,2018-10-19,9745,2018-10-08,0625,016773,,1,1,9,4000,0,1,3,,1,045,SR-1,"OSO FLACO LAKE RD",0.00,,Y,A,-,Y,,,1,,,,,,,Y,3,0,1,2,A,-,09,21801,A,N,A,C,A,A,H,-,B,D,0,,,,,Y,,A,01,0,1,0,0,0,0,0,0,0,"- ","- ",35.010810852050781,-120.56770324707031,"SAN LUIS OBISPO",UNINCORPORATED,-120.56759643554688,35.010768890380859
90844582,2018,2018-10-25,9745,2018-10-18,2059,016002,,4,2,9,4000,0,3,5,,2,004,"ORCUTT ROAD","VARIAN RANCH CIRCLE",1056.00,N,N,A,-,N,,,,,,,,,,Y,2,0,1,1,A,-,08,22107,,N,F,A,A,A,H,-,D,D,0,,,,,Y,,A,07,1,0,0,0,0,0,0,0,0,"- ","- ",35.184009552001953,-120.55133819580078,"SAN LUIS OBISPO",UNINCORPORATED,-120.55133819580078,35.184009552001953
90844931,2018,2018-10-25,9740,2018-10-24,1707,019700,,3,2,9,4000,0,3,5,,2,019,"RIVER RD","ESTRELLA RD",3696.00,S,N,A,-,N,,,,,,,,,,N,4,0,3,2,A,-,03,22350,,N,C,C,A,A,H,-,A,D,0,,,,,Y,,A,07,0,0,3,0,0,0,0,0,0,"- ","- ",35.726688385009766,-120.68550109863281,"SAN LUIS OBISPO",UNINCORPORATED,-120.68537902832031,35.736419677734375
90848994,2018,2018-10-30,9740,2018-10-24,0700,013133,,3,1,9,4000,0,1,3,,2,008,"SR-46 W/B","ESTRELLA RD",1056.00,W,N,B,-,N,,,46,,,,,,W,Y,4,0,1,1,A,-,08,22107,,N,F,A,A,A,H,-,A,D,0,,,Y,,Y,,C,02,0,0,1,0,0,0,0,0,1,"- ","- ",35.656658172607422,-120.51512908935547,"SAN LUIS OBISPO",UNINCORPORATED,-120.51545715332031,35.657012939453125
90858702,2018,2018-11-13,9745,2018-11-07,0950,014713,,3,1,4,4006,0,1,2,,2,202,"US-101 SOUTHBOUND","MARSH STREET",1134.00,S,N,A,-,Y,,,101,,,,,,S,Y,3,0,1,1,A,-,01,23152,A,N,F,A,A,A,H,-,A,D,0,,,,,Y,Y,A,01,0,1,0,0,0,0,0,0,0,"- ","- ",35.271198272705078,-120.67266082763672,"SAN LUIS OBISPO","SAN LUIS OBISPO",-120.67256927490234,35.271171569824219
90858738,2018,2018-11-13,9740,2018-09-03,0820,013246,,1,1,9,4000,0,1,3,,1,014,SR-1,"SLO SAN SIMEON RD",0.00,,Y,B,-,Y,,,1,,,,,,,N,2,0,1,2,A,-,09,21801,A,N,D,G,A,A,H,-,A,D,0,,Y,,,Y,,L,04,1,0,0,0,0,0,1,0,0,"- ","- ",35.643848419189453,-121.18547058105469,"SAN LUIS OBISPO",UNINCORPORATED,-121.18544769287109,35.643898010253906