CASE_ID,ACCIDENT_YEAR,PROC_DATE,JURIS,COLLISION_DATE,COLLISION_TIME,OFFICER_ID,REPORTING_DISTRICT,DAY_OF_WEEK,CHP_SHIFT,POPULATION,CNTY_CITY_LOC,SPECIAL_COND,BEAT_TYPE,CHP_BEAT_TYPE,CITY_DIVISION_LAPD,CHP_BEAT_CLASS,BEAT_NUMBER,PRIMARY_RD,SECONDARY_RD,DISTANCE,DIRECTION,INTERSECTION,WEATHER_1,WEATHER_2,STATE_HWY_IND,CALTRANS_COUNTY,CALTRANS_DISTRICT,STATE_ROUTE,ROUTE_SUFFIX,POSTMILE_PREFIX,POSTMILE,LOCATION_TYPE,RAMP_INTERSECTION,SIDE_OF_HWY,TOW_AWAY,COLLISION_SEVERITY,NUMBER_KILLED,NUMBER_INJURED,PARTY_COUNT,PRIMARY_COLL_FACTOR,PCF_CODE_OF_VIOL,PCF_VIOL_CATEGORY,PCF_VIOLATION,PCF_VIOL_SUBSECTION,HIT_AND_RUN,TYPE_OF_COLLISION,MVIW,PED_ACTION,ROAD_SURFACE,ROAD_COND_1,ROAD_COND_2,LIGHTING,CONTROL_DEVICE,CHP_ROAD_TYPE,PEDESTRIAN_ACCIDENT,BICYCLE_ACCIDENT,MOTORCYCLE_ACCIDENT,TRUCK_ACCIDENT,NOT_PRIVATE_PROPERTY,ALCOHOL_INVOLVED,STWD_VEHTYPE_AT_FAULT,CHP_VEHTYPE_AT_FAULT,COUNT_SEVERE_INJ,COUNT_VISIBLE_INJ,COUNT_COMPLAINT_PAIN,COUNT_PED_KILLED,COUNT_PED_INJURED,COUNT_BICYCLIST_KILLED,COUNT_BICYCLIST_INJURED,COUNT_MC_KILLED,COUNT_MC_INJURED,PRIMARY_RAMP,SECONDARY_RAMP,LATITUDE,LONGITUDE,COUNTY,CITY,POINT_X,POINT_Y
90858884,2018,2018-11-13,9745,2018-11-06,1415,016514,,2,2,9,4000,0,3,5,,2,003,"SAN BERNARDO CREEK RD",SR-1,13728.00,E,N,A,-,N,,,,,,,,,,N,4,0,1,1,A,-,08,22107,,N,F,A,A,A,H,-,A,D,0,,,Y,,Y,,C,03,0,0,1,0,0,0,0,0,1,"- ","- ",35.386699676513672,-120.77390289306641,"SAN LUIS OBISPO",UNINCORPORATED,-120.77445983886719,35.386253356933594
90858909,2018,2018-11-13,9740,2018-10-26,0835,014662,,5,1,9,4000,0,3,5,,2,017,"LAS PILITAS RD","VISTA DEL LAGO PL",5280.00,N,N,A,-,N,,,,,,,,,,Y,2,0,1,1,A,-,08,22107,,N,E,I,A,A,H,-,A,D,0,,,,,Y,,A,01,1,0,0,0,0,0,0,0,0,"- ","- ",35.358570098876953,-120.48043823242188,"SAN LUIS OBISPO",UNINCORPORATED,-120.47830963134766,35.359153747558594
90859074,2018,2019-01-14,9745,2018-10-22,1953,016514,,1,2,2,4005,0,1,2,,2,404,"US-101 SOUTHBOUND","SPYGLASS DR",254.00,S,N,A,-,Y,,,,,,,,,,Y,1,1,0,1,A,-,08,22107,,N,E,I,A,A,H,-,D,D,0,,,,,Y,,A,01,0,0,0,0,0,0,0,0,0,"- ","- ",35.094898223876953,-120.41130065917969,"SAN LUIS OBISPO","PISMO BEACH",-120.68659973144531,35.163665771484375
90860870,2018,2018-11-15,9740,2018-11-05,1204,017952,,1,1,9,4000,0,3,5,,2,024,"ARDATH DR","AVON AVE",0.00,,Y,A,-,N,,,,,,,,,,N,3,0,1,2,A,-,09,21801,A,N,D,G,A,A,H,-,A,D,0,,Y,,,Y,,A,01,0,1,0,0,0,0,1,0,0,"- ","- ",35.548770904541016,-121.08901977539062,"SAN LUIS OBISPO",UNINCORPORATED,-121.08908081054688,35.548728942871094
90865159,2018,2018-11-21,9745,2018-11-16,2130,020211,,5,2,9,4000,0,2,4,,1,024,"LOS OLIVOS AVE","SOUTH BAY BLVD",0.00,,Y,A,-,N,,,,,,,,,,Y,2,0,1,1,A,-,21,22106,,N,E,I,A,A,H,-,D,D,0,,,,,Y,,D,22,1,0,0,0,0,0,0,0,0,"- ","- ",35.31243896484375,-120.82370758056641,"SAN LUIS OBISPO",UNINCORPORATED,-120.82377624511719,35.312568664550781
90865292,2018,2018-11-21,9745,2018-11-21,0656,016390,,3,1,2,4005,0,1,2,,2,404,"US-101 N/B","SPYGLASS DR.",3696.00,S,N,A,-,Y,,,101,,,,,,N,Y,3,0,3,2,A,-,08,22107,,N,E,I,A,A,H,-,A,D,0,,,,,Y,,A,01,0,1,2,0,0,0,0,0,0,"- ","- ",35.1593017578125,-120.67542266845703,"SAN LUIS OBISPO","PISMO BEACH",-120.67540740966797,35.159332275390625
90874163,2018,2018-12-03,9740,2018-11-28,2117,013984,,3,2,9,4000,0,1,2,,2,002,"US-101 SOUTHBOUND","VINEYARD DRIVE",2112.00,S,N,B,C,Y,,,101,,,,,,S,Y,3,0,2,1,A,-,03,22350,,N,E,I,A,B,H,-,D,D,0,,,,,Y,,A,01,0,2,0,0,0,0,0,0,0,"- ","- ",35.536689758300781,-120.71180725097656,"SAN LUIS OBISPO",UNINCORPORATED,-120.71182250976562,35.536685943603516
90877362,2018,2018-12-06,9745,2018-11-29,1418,019809,,4,2,9,4000,0,1,2,,1,101,"US-101 NORTHBOUND","TASSAJARA CREEK ROAD",2000.00,S,N,C,-,Y,,,101,,,,,,N,Y,4,0,1,1,A,-,03,22350,,N,F,I,A,B,H,-,A,D,0,,,,,Y,,A,01,0,0,1,0,0,0,0,0,0,"- ","- ",35.368171691894531,-120.64087677001953,"SAN LUIS OBISPO",UNINCORPORATED,-120.64093780517578,35.368152618408203
90880700,2018,2018-12-11,9745,2018-12-06,1340,017151,,4,1,9,4000,0,3,5,,2,005,"SUEY CREEK",SR-166,16896.00,N,N,A,-,N,,,,,,,,,,Y,3,0,1,1,A,-,01,23152,A,N,E,I,A,A,H,-,A,D,0,,,,,Y,Y,A,01,0,1,0,0,0,0,0,0,0,"- ","- ",35.029098510742188,-120.37049865722656,"SAN LUIS OBISPO",UNINCORPORATED,-120.38013458251953,35.042716979980469
90885553,2018,2018-12-18,9740,2018-12-11,1720,018988,,2,2,9,4000,0,3,5,,2,021,"THEATER DR","VIA ROBLES",0.00,,Y,A,-,N,,,,,,,,,,Y,4,0,1,3,A,-,09,21801,A,N,D,C,A,A,H,-,D,D,0,,,,,Y,,D,22,0,0,1,0,0,0,0,0,0,"- ","- ",35.577510833740234,-120.69815826416016,"SAN LUIS OBISPO",UNINCORPORATED,-120.69811248779297,35.574539184570312
90887806,2018,2018-12-21,9740,2018-12-15,0244,016849,,6,3,9,4000,0,3,5,,2,017,"EL CAMINO REAL","ASUNCION RD",590.00,S,N,A,-,N,,,,,,,,,,Y,2,0,1,1,A,-,08,22107,,N,E,I,A,A,H,-,D,A,0,,,,,Y,,A,07,1,0,0,0,0,0,0,0,0,"- ","- ",35.427120208740234,-120.60434722900391,"SAN LUIS OBISPO",UNINCORPORATED,-120.60441589355469,35.427143096923828
90889751,2018,2018-12-26,9740,2018-12-18,0220,019700,,2,3,9,4000,0,1,3,,2,007,SR-41,"RAPTOR RIDGE TRAIL",522.00,N,N,E,-,Y,,,41,,,,,,,Y,2,0,1,1,A,-,01,23152,A,N,E,I,A,A,H,-,D,D,0,,,,,Y,Y,A,07,1,0,0,0,0,0,0,0,0,"- ","- ",35.508930206298828,-120.62319183349609,"SAN LUIS OBISPO",UNINCORPORATED,-120.62325286865234,35.508907318115234
90894566,2018,2018-12-31,9745,2018-12-22,0615,017857,,6,1,9,4000,0,1,2,,2,505,"US-101 SOUTHBOUND","WILLOW ROAD",431.00,N,N,A,-,Y,,,101,,,,,,S,Y,3,0,1,2,A,-,07,21658,A,N,B,C,A,A,H,-,B,D,0,,,,,Y,,A,07,0,1,0,0,0,0,0,0,0,"- ","- ",35.055591583251953,-120.50161743164062,"SAN LUIS OBISPO",UNINCORPORATED,-120.50159454345703,35.055614471435547
90898038,2018,2019-01-04,9740,2018-12-23,0954,014662,,7,1,9,4000,0,3,5,,2,017,"O DONOVAN RD",SR-58,3696.00,N,N,B,E,N,,,,,,,,,,Y,3,0,1,1,A,-,03,22350,,N,E,I,A,A,H,-,A,D,0,,,,,Y,Y,D,22,0,1,0,0,0,0,0,0,0,"- ","- ",35.457351684570312,-120.48983001708984,"SAN LUIS OBISPO",UNINCORPORATED,-120.48918914794922,35.456722259521484
90898072,2018,2019-01-04,9740,2018-12-26,1305,013133,,3,1,3,4004,0,1,2,,2,002,"US-101 SOUTHBOUND","NUTWOOD CIR",300.00,N,N,A,-,Y,,,101,,,,,,S,N,4,0,1,1,C,-,18,,,N,E,I,A,A,H,-,A,D,0,,,,,Y,,-,"- ",0,0,1,0,0,0,0,0,0,"- ","- ",35.579708099365234,-120.69705963134766,"SAN LUIS OBISPO","PASO ROBLES",-120.69706726074219,35.5797119140625
9089934,2020,2020-08-12,4006,2020-03-08,2013,19810,,7,5,4,4006,0,0,0,,0,,JOHNSON,MONTEREY,0.00,,Y,A,-,N,,,,,,,,,,Y,4,0,1,2,A,-,09,21801,,N,H,C,A,A,H,-,C,A,0,,,,,Y,,A,01,0,0,1,0,0,0,0,0,0,"- ","- ",35.284320831298828,-120.65727233886719,"SAN LUIS OBISPO","SAN LUIS OBISPO",-120.65727233886719,35.284290313720703
90904156,2018,2019-02-04,9745,2018-12-01,2230,019809,,6,3,9,4000,0,2,4,,1,052,"SOUTH THOMPSON AVENUE","EAST KNOTTS STREET",415.00,S,N,A,-,N,,,,,,,,,,Y,1,1,2,2,A,-,01,23152,A,N,A,C,A,A,H,-,D,D,0,,,,,Y,Y,A,01,1,1,0,0,0,0,0,0,0,"- ","- ",35.038249969482422,-120.47096252441406,"SAN LUIS OBISPO",UNINCORPORATED,-120.47089385986328,35.038272857666016
90913641,2019,2019-01-28,9745,2019-01-17,0250,014713,,4,3,9,4000,0,1,2,,2,303,"US-101 SOUTHBOUND","AVILA BEACH DRIVE",888.00,N,N,B,C,Y,,,101,,,,,,S,Y,4,0,2,1,A,-,03,22350,,N,E,I,A,B,H,-,D,D,0,,,,,Y,,A,07,0,0,2,0,0,0,0,0,0,"- ","- ",35.182449340820312,-120.70127105712891,"SAN LUIS OBISPO",UNINCORPORATED,-120.70134735107422,35.182426452636719
90915018,2019,2019-01-29,9745,2019-01-26,0017,017151,,6,3,2,4005,0,1,2,,2,404,"US-101 SOUTHBOUND","SPYGLASS DR",1584.00,S,N,A,-,Y,,,101,,,,,,S,Y,4,0,1,2,A,-,03,22350,,N,C,C,A,A,H,-,D,D,0,,,,,Y,,A,01,0,0,1,0,0,0,0,0,0,"- ","- ",35.15740966796875,-120.6708984375,"SAN LUIS OBISPO","PISMO BEACH",-120.6708984375,35.157405853271484
90918464,2019,2019-02-04,9745,2019-01-27,0750,017541,,7,1,9,4000,0,2,4,,1,058,"JOSHUA RD","HUTTON RD",1584.00,W,N,A,-,N,,,,,,,,,,Y,3,0,3,2,A,-,03,22350,,N,C,C,A,A,H,-,A,D,0,,,,,Y,,A,07,0,1,2,0,0,0,0,0,0,"- ","- ",35.005908966064453,-120.45263671875,"SAN LUIS OBISPO",UNINCORPORATED,-120.45320129394531,35.005535125732422
90918657,2019,2019-02-04,9740,2019-01-27,1748,014622,,7,2,9,4000,0,1,3,,1,015,SR-1,"SLO SAN SIMEON ROAD",4224.00,N,N,A,-,Y,,,1,,,,,,,Y,3,0,1,1,A,-,03,22350,,N,H,H,A,A,H,-,D,D,0,,,Y,,Y,,C,02,0,1,0,0,0,0,0,0,1,"- ","- ",35.651950836181641,-121.20538330078125,"SAN LUIS OBISPO",UNINCORPORATED,-121.20538330078125,35.651927947998047
90919674,2019,2019-02-05,9745,2019-02-02,0940,017144,,6,1,9,4000,0,1,3,,2,023,"SR-1 SOUTHBOUND","STENNER CREEK RD",780.00,N,N,C,-,Y,,,1,,,,,,S,Y,3,0,1,1,A,-,08,22107,,N,E,I,A,B,H,-,A,D,0,,,,,Y,,A,01,0,1,0,0,0,0,0,0,0,"- ","- ",35.309398651123047,-120.68280029296875,"SAN LUIS OBISPO",UNINCORPORATED,-120.68276214599609,35.3094482421875
90919800,2019,2019-02-05,9740,2019-02-02,0625,020773,,6,1,4,4008,0,1,2,,2,002,"US-101 NORTHBOUND","CURBARIL AVE",200.00,S,N,B,C,Y,,,101,,,,,,N,Y,4,0,1,1,A,-,08,22107,,N,F,A,A,B,H,-,B,D,0,,,,,Y,,A,01,0,0,1,0,0,0,0,0,0,"- ","- ",35.476211547851562,-120.65802764892578,"SAN LUIS OBISPO",ATASCADERO,-120.65810394287109,35.476173400878906
90923212,2019,2019-02-11,9740,2019-02-03,2255,013984,,7,3,9,4000,0,3,5,,2,021,"LAS TABLAS ROAD","BETHEL RD",10.00,W,N,B,-,N,,,,,,,,,,Y,3,0,1,1,A,-,03,22350,,N,E,I,A,B,H,-,C,A,0,,,,,Y,,A,07,0,1,0,0,0,0,0,0,0,"- ","- ",35.554428100585938,-120.72663879394531,"SAN LUIS OBISPO",UNINCORPORATED,-120.72662353515625,35.554477691650391
90927693,2019,2019-02-15,9745,2019-02-14,1235,014713,,4,1,3,4001,0,1,2,,2,402,"US-101 SOUTHBOUND FROM GRAND AVE.","GRAND AVE",256.00,S,N,B,-,Y,,,101,,,,R,,S,Y,2,0,2,1,A,-,03,22350,,N,E,I,A,B,H,-,A,D,0,,,,,Y,,D,22,1,1,0,0,0,0,0,0,0,"- ","- ",35.120929718017578,-120.58361053466797,"SAN LUIS OBISPO","ARROYO GRANDE",-120.58361053466797,35.120929718017578
90931025,2019,2019-02-21,9745,2019-02-16,0850,020417,,6,1,2,4005,0,1,2,,2,404,"US-101 N/B","FRADY LN.",110.00,N,N,B,-,Y,,,101,,,,,,N,N,4,0,1,2,A,-,03,22350,,N,C,C,A,B,H,-,A,D,0,,,,,Y,,A,01,0,0,1,0,0,0,0,0,0,"- ","- ",35.138828277587891,-120.63307952880859,"SAN LUIS OBISPO","PISMO BEACH",-120.63307189941406,35.138870239257812
90933217,2019,2019-02-25,9745,2019-02-18,1250,017968,,1,1,9,4000,0,1,2,,2,303,"US-101 N/B","S. HIGUEREA STREET",10.00,S,N,A,-,Y,,,101,,,,,,N,Y,4,0,1,3,A,-,03,22350,,N,C,C,A,A,H,-,A,D,0,,,,,Y,,A,07,0,0,1,0,0,0,0,0,0,"- ","- ",35.224338531494141,-120.69139099121094,"SAN LUIS OBISPO",UNINCORPORATED,-120.69136047363281,35.224338531494141
90934021,2019,2019-02-26,9740,2019-02-14,1154,010820,,4,1,9,4000,0,1,2,,2,001,"US-101 NORTHBOUND",SR-58,3960.00,N,N,B,-,Y,,,101,,,,,,N,Y,4,0,1,1,A,-,03,22350,,N,E,I,A,B,H,-,A,A,0,,,,,Y,,A,01,0,0,1,0,0,0,0,0,0,"- ","- ",35.393459320068359,-120.62362670898438,"SAN LUIS OBISPO",UNINCORPORATED,-120.62368774414062,35.39349365234375
90934090,2019,2019-02-26,9740,2019-02-21,0917,010820,,4,1,4,4008,0,1,2,,2,002,"US-101 SOUTHBOUND","SAN ANSELMO RD",162.00,N,N,B,-,Y,,,101,,,,,,S,Y,4,0,1,2,A,-,03,22350,,N,C,C,A,A,D,-,A,A,0,,,,,Y,,A,01,0,0,1,0,0,0,0,0,0,"- ","- ",35.497310638427734,-120.68357086181641,"SAN LUIS OBISPO",ATASCADERO,-120.68358612060547,35.497291564941406
90935234,2019,2019-02-27,9740,2019-02-19,2147,019700,,2,2,9,4000,0,3,5,,2,017,"TEMPLETON ROAD","MAIN STREET",670.00,E,N,A,-,N,,,,,,,,,,Y,2,0,2,2,A,-,05,21460,A,N,A,C,A,A,H,-,D,D,0,,,,,Y,Y,A,07,1,1,0,0,0,0,0,0,0,"- ","- ",35.543930053710938,-120.70783233642578,"SAN LUIS OBISPO",UNINCORPORATED,-120.70758819580078,35.543342590332031
90938696,2019,2019-03-04,9745,2019-02-20,1502,017817,,3,2,9,4000,0,1,2,,1,101,"US-101 SOUTHBOUND","TV TOWER RD",849.00,S,N,B,-,Y,,,101,,,,,,S,Y,2,0,3,2,A,-,03,22350,,N,C,C,A,A,H,-,A,D,0,,,,Y,Y,,A,07,1,1,1,0,0,0,0,0,0,"- ","- ",35.342998504638672,-120.62779998779297,"SAN LUIS OBISPO",UNINCORPORATED,-120.62785339355469,35.342983245849609
9094173,2020,2020-08-20,4004,2020-04-04,1309,1418,,6,5,3,4004,0,0,0,,0,,"CEDARWOOD DR","BEECHWOOD DR",20.00,W,N,A,-,N,,,,,,,,,,Y,4,0,1,2,C,-,18,,,N,B,C,A,A,H,-,A,A,0,,,,,Y,,-,"- ",0,0,1,0,0,0,0,0,0,"- ","- ",35.607521057128906,-120.65618133544922,"SAN LUIS OBISPO","PASO ROBLES",-120.65622711181641,35.607437133789062
9095023,2020,2020-11-10,4004,2020-05-04,1152,1373,,1,5,3,4004,0,0,0,,0,,"SPRING ST","24TH ST",58.00,N,N,A,-,N,,,,,,,,,,N,4,0,1,2,A,-,03,22350,,N,C,C,A,A,H,-,A,A,0,,,,,Y,,A,01,0,0,1,0,0,0,0,0,0,"- ","- ",35.639259338378906,-120.69246673583984,"SAN LUIS OBISPO","PASO ROBLES",-120.69245147705078,35.639289855957031
90951358,2019,2019-03-28,9745,2019-03-21,1712,020211,,4,2,9,4000,0,2,4,,1,055,"EUCALYPTUS RD","TEFT STREET",0.00,,Y,A,-,N,,,,,,,,,,Y,4,0,3,2,A,-,09,21802,A,N,D,C,A,A,H,-,A,A,0,,,,,Y,,A,01,0,0,3,0,0,0,0,0,0,"- ","- ",35.019111633300781,-120.50129699707031,"SAN LUIS OBISPO",UNINCORPORATED,-120.50125885009766,35.019111633300781
90954335,2019,2019-04-11,9745,2019-03-13,1102,014543,,3,1,9,4000,0,3,5,,2,003,"MONTE RD","MONTE RD. ON RAMP TO US-101 N/B",50.00,E,N,A,-,Y,,,,,,,,,,Y,1,1,3,1,A,-,08,22107,,N,E,I,A,A,H,-,A,D,0,,,,,Y,,A,08,2,1,0,0,0,0,0,0,0,"- ","- ",35.18280029296875,-120.70082855224609,"SAN LUIS OBISPO",UNINCORPORATED,,
90957777,2019,2019-04-19,9740,2019-03-24,1815,018988,,7,2,9,4000,0,1,3,,2,011,SR-46,"THEATER DR",0.00,,Y,A,-,Y,,,46,,,,,,,Y,3,0,2,2,D,-,00,,,N,D,C,A,A,H,-,A,A,0,,,,,Y,,-,"- ",0,1,1,0,0,0,0,0,0,"- ","- ",35.588920593261719,-120.69960021972656,"SAN LUIS OBISPO",UNINCORPORATED,-120.69963836669922,35.589000701904297
90963011,2019,2019-04-08,9740,2019-03-26,2246,014662,,2,3,9,4000,0,1,2,,2,004,"US 101 SOUTHBOUND","SAN MARCOS RD",300.00,S,N,B,-,Y,,,,,,,,,,Y,4,0,2,1,A,-,03,22350,,N,F,A,A,A,H,-,D,D,0,,,,,Y,,A,01,0,0,2,0,0,0,0,0,0,"- ","- ",35.721080780029297,-120.69776153564453,"SAN LUIS OBISPO",UNINCORPORATED,,
90969048,2019,2019-04-17,9750,2019-04-10,1516,017910,,3,2,9,4000,0,1,3,,2,061,SR-166,"TEPUSQUET RD",8448.00,W,N,A,-,Y,,,166,,,,,,,Y,4,0,1,2,A,-,03,22350,,N,C,C,A,A,H,-,A,D,0,,,,Y,Y,,G,25,0,0,1,0,0,0,0,0,0,"- ","- ",35.024379730224609,-120.23426818847656,"SAN LUIS OBISPO",UNINCORPORATED,-120.23427581787109,35.024341583251953
9097062,2020,2020-07-27,4004,2020-04-30,2023,1305,,4,5,3,4004,0,0,0,,0,,"ROSE LN","RED CLOUD RD",163.00,S,N,A,-,N,,,,,,,,,,N,4,0,1,2,A,-,08,22107,,N,C,E,A,A,H,-,C,D,0,,,,,Y,,A,07,0,0,1,0,0,0,0,0,0,"- ","- ",35.623428344726562,-120.67449188232422,"SAN LUIS OBISPO","PASO ROBLES",-120.67462158203125,35.622920989990234
90973367,2019,2019-05-03,9745,2019-04-12,2130,017968,,5,2,9,4000,0,1,3,,1,040,"SR-1 S/B","OSO FLACO ROAD",2640.00,S,N,A,-,Y,,,1,,,,,,S,Y,3,0,1,1,A,-,01,23152,A,N,E,I,A,A,H,-,D,D,0,,,,,Y,Y,A,01,0,1,0,0,0,0,0,0,0,"- ","- ",35.002311706542969,-120.57047271728516,"SAN LUIS OBISPO",UNINCORPORATED,-120.57051849365234,35.002311706542969
90975236,2019,2019-04-29,9745,2019-04-23,0945,013531,,2,1,9,4000,0,1,2,,2,505,"US-101 NORTHBOUND","LOS BERROS ROAD",1100.00,S,N,A,-,Y,,,101,,,,,,N,Y,4,0,1,2,A,-,03,22350,,N,C,C,A,A,D,-,A,D,0,,,,,Y,,D,22,0,0,1,0,0,0,0,0,0,"- ","- ",35.068210601806641,-120.51271057128906,"SAN LUIS OBISPO",UNINCORPORATED,-120.51277923583984,35.068141937255859
90977001,2019,2019-04-26,9745,2019-04-23,2210,017144,,2,3,9,4000,0,3,5,,2,003,"HIGUERA ST","CLOVER RIDGE LN",2112.00,N,N,A,-,N,,,,,,,,,,Y,3,0,1,2,A,-,01,23152,A,N,A,C,A,A,H,-,D,D,0,,,,,Y,Y,A,01,0,1,0,0,0,0,0,0,0,"- ","- ",35.230751037597656,-120.69046020507812,"SAN LUIS OBISPO",UNINCORPORATED,-120.69061279296875,35.23004150390625
90987618,2019,2019-05-13,9745,2019-04-11,0900,014713,,4,1,9,4000,0,2,4,,1,024,"SOUTH BAY BLVD","NIPOMO AVE",576.00,N,N,A,-,N,,,,,,,,,,Y,1,1,0,2,A,-,01,23152,F,N,E,I,A,A,H,-,A,D,0,,,,,Y,,A,01,0,0,0,0,0,0,0,0,0,"- ","- ",35.318130493164062,-120.82347869873047,"SAN LUIS OBISPO",UNINCORPORATED,-120.82345581054688,35.318130493164062
90989104,2019,2019-05-15,9745,2019-05-14,1642,017151,,2,2,4,4006,0,1,2,,2,202,"US-101 SOUTHBOUND","BUENA VISTA AVE",150.00,N,N,A,-,Y,,,101,,,,,,S,N,4,0,1,2,A,-,07,21658,A,N,B,C,A,A,H,-,A,D,0,,,,Y,Y,,G,25,0,0,1,0,0,0,0,0,0,"- ","- ",35.291900634765625,-120.64888000488281,"SAN LUIS OBISPO","SAN LUIS OBISPO",-120.64888000488281,35.291889190673828
90991260,2019,2019-05-20,9740,2019-03-23,0626,014460,,6,1,9,4000,0,1,3,,2,008,SR-46,"CHOLAME CREEK",3696.00,W,N,B,-,Y,,,46,,,,,,,Y,1,1,3,2,A,-,09,21804,A,N,D,C,A,A,H,-,D,D,0,,,,,Y,,A,01,3,0,0,0,0,0,0,0,0,"- ","- ",35.723949432373047,-120.29634857177734,"SAN LUIS OBISPO",UNINCORPORATED,-120.29634857177734,35.723949432373047
90992328,2019,2019-05-20,9740,2019-05-17,1440,016816,,5,2,9,4000,0,2,4,,2,012,"NACIMIENTO LAKE DR","CHIMNEY ROCK RD",5280.00,N,N,A,-,N,,,,,,,,,,Y,3,0,1,1,A,-,08,22107,,N,E,I,A,A,H,-,A,D,0,,,,,Y,,A,07,0,1,0,0,0,0,0,0,0,"- ","- ",35.700149536132812,-120.81034088134766,"SAN LUIS OBISPO",UNINCORPORATED,-120.78064727783203,35.688365936279297
90995651,2019,2019-05-24,9745,2019-05-21,2105,020689,,2,2,3,4001,0,1,2,,2,402,"US-101 SOUTHBOUND","FAIR OAKS AVE",400.00,S,N,A,-,Y,,,101,,,,,,S,Y,3,0,4,2,A,-,03,22350,,N,C,C,A,A,H,-,D,D,0,,,,,Y,,D,22,0,1,3,0,0,0,0,0,0,"- ","- ",35.118000030517578,-120.57659912109375,"SAN LUIS OBISPO","ARROYO GRANDE",-120.57659912109375,35.118000030517578
90997079,2019,2019-05-28,9745,2019-05-16,0819,013531,,4,1,9,4000,0,1,2,,2,505,"US-101 SOUTHBOUND","LOS BERROS RD",2112.00,S,N,A,-,Y,,,101,,,,,,S,Y,4,0,2,2,A,-,01,23152,F,M,B,C,A,A,H,-,A,D,0,,,,,Y,,A,07,0,0,2,0,0,0,0,0,0,"- ","- ",35.066780090332031,-120.51165771484375,"SAN LUIS OBISPO",UNINCORPORATED,-120.51175689697266,35.066688537597656
90997642,2019,2019-05-29,9750,2019-05-22,0610,017379,,3,1,9,4000,0,1,3,,1,065,"SR-166 (W/B)","KIRSCHENMANN RD",10560.00,E,N,B,-,Y,,,166,,,,,,,Y,3,0,3,2,A,-,08,22107,,N,C,C,A,A,H,-,A,D,0,,,,,Y,,A,01,0,2,1,0,0,0,0,0,0,"- ","- ",34.934310913085938,-119.56120300292969,"SAN LUIS OBISPO",UNINCORPORATED,-119.56120300292969,34.934295654296875
90997931,2019,2019-05-29,9745,2019-05-25,1450,019400,,6,2,9,4000,0,2,4,,1,048,"AVILA BEACH DRIVE","CAVE LANDING RD",15.00,E,N,A,-,N,,,,,,,,,,Y,4,0,3,2,A,-,05,21460,A,N,D,C,A,A,H,-,A,D,0,,,,,Y,,A,01,0,0,3,0,0,0,0,0,0,"- ","- ",35.182849884033203,-120.72354888916016,"SAN LUIS OBISPO",UNINCORPORATED,-120.72345733642578,35.182712554931641
90998050,2019,2019-05-29,9745,2019-05-24,1513,014713,,5,2,4,4006,0,1,2,,2,202,"US-101 SOUTHBOUND","MARSH ST",42.00,N,N,A,-,Y,,,101,,,,,,S,Y,4,0,3,2,A,-,03,22350,,N,C,C,A,A,H,-,A,D,0,,,,,Y,,D,22,0,0,3,0,0,0,0,0,0,"- ","- ",35.274559020996094,-120.67143249511719,"SAN LUIS OBISPO","SAN LUIS OBISPO",-120.67144775390625,35.274566650390625
90998852,2019,2019-05-30,9740,2019-05-27,1430,015167,,1,2,9,4000,0,1,2,,2,002,"US-101 NORTHBOUND","SAN RAMON RD",1320.00,N,N,A,-,Y,,,101,,,,,,N,Y,4,0,4,3,A,-,03,22350,,N,C,C,A,A,H,-,A,D,0,,,,,Y,,A,01,0,0,4,0,0,0,0,0,0,"- ","- ",35.529270172119141,-120.70686340332031,"SAN LUIS OBISPO",UNINCORPORATED,-120.70686340332031,35.529266357421875
91003316,2019,2019-06-04,9745,2019-05-29,1520,019400,,3,2,9,4000,0,3,5,,2,005,"CASA REAL PLACE","CAMINO DEL ORO",0.00,,Y,A,-,N,,,,,,,,,,N,3,0,1,2,A,-,12,22450,A,N,D,G,A,A,H,-,A,A,0,,Y,,,Y,,L,04,0,1,0,0,0,0,1,0,0,"- ","- ",35.013771057128906,-120.51246643066406,"SAN LUIS OBISPO",UNINCORPORATED,-120.51236724853516,35.013828277587891
91006354,2019,2019-06-10,9740,2019-06-08,2005,020773,,6,2,9,4000,0,1,3,,2,011,SR-46,"ARBOR RD",0.00,,Y,A,-,Y,,,46,,,,,,,Y,2,0,2,2,A,-,01,23152,A,N,D,C,A,A,H,-,A,D,0,,,,,Y,Y,D,22,1,1,0,0,0,0,0,0,0,"- ","- ",35.583721160888672,-120.7147216796875,"SAN LUIS OBISPO",UNINCORPORATED,-120.71469116210938,35.583629608154297