CASE_ID,ACCIDENT_YEAR,PROC_DATE,JURIS,COLLISION_DATE,COLLISION_TIME,OFFICER_ID,REPORTING_DISTRICT,DAY_OF_WEEK,CHP_SHIFT,POPULATION,CNTY_CITY_LOC,SPECIAL_COND,BEAT_TYPE,CHP_BEAT_TYPE,CITY_DIVISION_LAPD,CHP_BEAT_CLASS,BEAT_NUMBER,PRIMARY_RD,SECONDARY_RD,DISTANCE,DIRECTION,INTERSECTION,WEATHER_1,WEATHER_2,STATE_HWY_IND,CALTRANS_COUNTY,CALTRANS_DISTRICT,STATE_ROUTE,ROUTE_SUFFIX,POSTMILE_PREFIX,POSTMILE,LOCATION_TYPE,RAMP_INTERSECTION,SIDE_OF_HWY,TOW_AWAY,COLLISION_SEVERITY,NUMBER_KILLED,NUMBER_INJURED,PARTY_COUNT,PRIMARY_COLL_FACTOR,PCF_CODE_OF_VIOL,PCF_VIOL_CATEGORY,PCF_VIOLATION,PCF_VIOL_SUBSECTION,HIT_AND_RUN,TYPE_OF_COLLISION,MVIW,PED_ACTION,ROAD_SURFACE,ROAD_COND_1,ROAD_COND_2,LIGHTING,CONTROL_DEVICE,CHP_ROAD_TYPE,PEDESTRIAN_ACCIDENT,BICYCLE_ACCIDENT,MOTORCYCLE_ACCIDENT,TRUCK_ACCIDENT,NOT_PRIVATE_PROPERTY,ALCOHOL_INVOLVED,STWD_VEHTYPE_AT_FAULT,CHP_VEHTYPE_AT_FAULT,COUNT_SEVERE_INJ,COUNT_VISIBLE_INJ,COUNT_COMPLAINT_PAIN,COUNT_PED_KILLED,COUNT_PED_INJURED,COUNT_BICYCLIST_KILLED,COUNT_BICYCLIST_INJURED,COUNT_MC_KILLED,COUNT_MC_INJURED,PRIMARY_RAMP,SECONDARY_RAMP,LATITUDE,LONGITUDE,COUNTY,CITY,POINT_X,POINT_Y
91121430,2019,2019-11-15,9745,2019-11-12,0910,013531,,2,1,9,4000,0,1,2,,2,505,"US-101 NORTHBOUND","TEFFT STREET",5280.00,S,N,A,-,Y,,,101,,,,,,N,Y,4,0,3,4,A,-,03,22350,,N,C,C,A,A,H,-,A,D,0,,,,Y,Y,,A,01,0,0,3,0,0,0,0,0,0,"- ","- ",35.025440216064453,-120.47215270996094,"SAN LUIS OBISPO",UNINCORPORATED,-120.47213745117188,35.025455474853516
91125061,2019,2019-11-20,9750,2019-11-11,1913,018616,,1,2,9,4000,0,1,3,,2,061,SR-166,"SUEY CREEK",5808.00,E,N,A,-,Y,,,166,,,,,,,Y,3,0,2,3,A,-,05,21460,A,N,B,C,A,A,H,-,D,D,0,,,,Y,Y,,A,01,0,1,1,0,0,0,0,0,0,"- ","- ",35.016429901123047,-120.33598327636719,"SAN LUIS OBISPO",UNINCORPORATED,-120.33596801757812,35.016876220703125
9112558,2020,2020-11-06,4001,2020-05-02,1948,P0150,462,6,5,3,4001,0,0,0,,0,OPERA,"WEST BRANCH ST","W BRANCH ST 1500",0.00,,Y,A,-,N,,,,,,,,,,Y,4,0,1,1,A,-,03,22350,,N,H,A,A,A,H,-,B,D,0,,,Y,,Y,,C,02,0,0,1,0,0,0,0,0,1,"- ","- ",,,"SAN LUIS OBISPO","ARROYO GRANDE",-120.603525,35.129708000000001
9112886,2020,2020-09-02,4004,2020-06-11,1025,1208,,4,5,3,4004,0,0,0,,0,,"10TH ST","PINE ST",0.00,,Y,A,-,N,,,,,,,,,,Y,3,0,1,1,C,-,18,,,N,E,I,A,A,H,-,A,D,0,,,,,Y,,-,"- ",0,1,0,0,0,0,0,0,0,"- ","- ",35.624408721923828,-120.68860626220703,"SAN LUIS OBISPO","PASO ROBLES",-120.68871307373047,35.624748229980469
91131822,2019,2019-11-29,9740,2019-11-25,1715,016849,,1,2,9,4000,0,1,2,,2,002,"US-101 NORTHBOUND","SR-46 WEST",3178.00,S,N,A,-,Y,,,101,,,,,,N,Y,4,0,3,2,A,-,03,22350,,N,C,C,A,A,H,-,D,D,0,,,,,Y,,D,22,0,0,3,0,0,0,0,0,0,"- ","- ",35.580818176269531,-120.69674682617188,"SAN LUIS OBISPO",UNINCORPORATED,-120.69666290283203,35.580806732177734
91134403,2019,2019-12-03,9745,2019-11-19,1825,018454,,2,2,9,4000,0,2,4,,1,055,"TEFFT STREET","US-101 N/B TO TEFFT ST",0.00,,Y,A,-,N,,,,,,,,,,Y,2,0,1,2,A,-,17,21451,A,N,D,C,A,A,H,-,D,A,0,,,Y,,Y,,D,22,1,0,0,0,0,0,0,0,1,"- ","- ",35.037258148193359,-120.48445129394531,"SAN LUIS OBISPO",UNINCORPORATED,-120.483942,35.037204000000003
9113471,2020,2020-09-08,4003,2020-06-17,1245,H9596,5,3,5,2,4003,0,0,0,,0,001,"SOUTH BAY BL","QUINTANA RD",0.00,,Y,A,-,N,,,,,,,,,,Y,4,0,2,3,A,-,08,22107,,N,D,C,A,A,H,-,A,A,0,,,,,Y,,A,01,0,0,2,0,0,0,0,0,0,"- ","- ",,,"SAN LUIS OBISPO","MORRO BAY",-120.82428741455078,35.362178802490234
91135806,2019,2019-12-04,9740,2019-11-23,0220,019700,,6,3,9,4000,0,2,4,,2,012,"NACIMIENTO LAKE DRIVE","GATEWAY DRIVE",1056.00,E,N,A,-,N,,,,,,,,,,Y,2,0,2,1,A,-,01,23152,A,N,E,I,A,A,H,-,D,D,0,,,,,Y,Y,A,01,2,0,0,0,0,0,0,0,0,"- ","- ",35.718921661376953,-120.84752655029297,"SAN LUIS OBISPO",UNINCORPORATED,-120.85646820068359,35.72247314453125
91136206,2019,2019-12-04,9745,2019-12-02,1358,017151,,1,1,9,4000,0,1,3,,2,023,"SR-1 SOUTHBOUND","KANSAS AVE",30.00,N,N,A,-,Y,,,1,,,,,,S,Y,4,0,2,2,A,-,03,22350,,N,C,C,A,A,H,-,A,D,0,,,,,Y,,A,01,0,0,2,0,0,0,0,0,0,"- ","- ",35.321098327636719,-120.71690368652344,"SAN LUIS OBISPO",UNINCORPORATED,-120.71688842773438,35.321132659912109
91143369,2019,2019-12-13,9745,2019-12-07,0600,016719,,6,1,9,4000,0,2,S,,2,054,"LOPEZ DRIVE","ORCUTT ROAD",0.00,,Y,B,-,N,,,,,,,,,,Y,2,0,1,1,A,-,03,22350,,N,E,I,A,A,H,-,B,A,0,,,,,Y,,D,22,1,0,0,0,0,0,0,0,0,"- ","- ",35.172409057617188,-120.52993011474609,"SAN LUIS OBISPO",UNINCORPORATED,-120.53000640869141,35.172508239746094
91143535,2019,2019-12-16,9740,2019-12-03,2500,015167,,2,4,9,4000,0,1,3,,2,011,SR-46,"GREEN VALLEY RD",19219.00,E,N,B,C,Y,,,46,,,,,,,Y,4,0,1,1,A,-,03,22350,,N,E,I,A,B,H,-,D,D,0,,,,,Y,,A,07,0,0,1,0,0,0,0,0,0,"- ","- ",35.550338745117188,-120.94872283935547,"SAN LUIS OBISPO",UNINCORPORATED,-120.94869232177734,35.550182342529297
91145053,2019,2019-12-17,9740,2019-09-18,2340,016154,,3,3,9,4000,0,1,3,,2,008,"SR-46 E/B","WEST CENTRE RD.",4224.00,E,N,A,-,Y,,,46,,,,,,E,Y,1,1,7,1,A,-,08,22107,,N,E,I,A,A,H,-,D,D,0,,,,,Y,,I,10,6,1,0,0,0,0,0,0,0,"- ","- ",35.662078857421875,-120.40026092529297,"SAN LUIS OBISPO",UNINCORPORATED,-120.40026092529297,35.662109375
91146371,2019,2019-12-18,9745,2019-12-13,0720,019809,,5,1,2,4005,0,1,2,,2,404,"US 101 S/B","OAK PARK DR",2112.00,S,N,A,F,Y,,,,,,,,,,Y,4,0,1,2,A,-,03,22350,,N,C,C,A,A,H,-,A,D,0,,,,,Y,,A,01,0,0,1,0,0,0,0,0,0,"- ","- ",35.127449035644531,-120.59989929199219,"SAN LUIS OBISPO","PISMO BEACH",-120.60033416748047,35.127655029296875
91149790,2019,2019-12-23,9740,2019-12-18,1655,016816,,3,2,9,4000,0,1,3,,2,011,SR-46,"VINEYARD DRIVE",12.00,W,N,A,-,Y,,,46,,,,,,,Y,3,0,3,2,A,-,12,22450,A,N,D,C,A,A,H,-,B,A,0,,,,,Y,,A,01,0,3,0,0,0,0,0,0,0,"- ","- ",35.553531646728516,-120.76132965087891,"SAN LUIS OBISPO",UNINCORPORATED,-120.76130676269531,35.553482055664062
91151043,2019,2019-12-23,9745,2019-12-16,1736,017968,,1,2,9,4000,0,2,4,,1,025,"LOS OSOS VALLEY ROAD","FOOTHILL BOULEVARD",850.00,E,N,A,-,N,,,,,,,,,,Y,4,0,2,4,A,-,03,22350,,N,C,C,A,A,H,-,C,D,0,,,,,Y,,D,22,0,0,2,0,0,0,0,0,0,"- ","- ",35.275028228759766,-120.70997619628906,"SAN LUIS OBISPO",UNINCORPORATED,-120.70983123779297,35.274814605712891
91152848,2019,2019-12-26,9745,2019-12-19,2115,017817,,4,2,9,4000,0,1,3,,1,011,SR-41,"TORO CREEK RD.",1140.00,N,N,A,-,Y,,,41,,,,,,,Y,3,0,1,1,A,-,01,23152,A,N,E,I,A,A,H,-,D,D,0,,,,,Y,Y,D,22,0,1,0,0,0,0,0,0,0,"- ","- ",35.460380554199219,-120.74665832519531,"SAN LUIS OBISPO",UNINCORPORATED,-120.74667358398438,35.460395812988281
91156267,2019,2019-12-31,9745,2019-12-28,0550,019809,,6,3,9,4000,0,2,4,,1,055,"TEFFT STREET","MARY AVE",0.00,,Y,A,-,N,,,,,,,,,,Y,3,0,1,2,A,-,12,21453,A,N,D,C,A,A,H,-,C,A,0,,,,,Y,,A,07,0,1,0,0,0,0,0,0,0,"- ","- ",35.035690307617188,-120.48663330078125,"SAN LUIS OBISPO",UNINCORPORATED,-120.48663330078125,35.035739898681641
91160164,2019,2020-01-06,9745,2019-12-27,1530,018253,,5,2,4,4006,0,1,2,,2,202,"US-101 NORTHBOUND","BROAD ST",528.00,S,N,A,-,Y,,,101,,,,,,N,Y,4,0,1,2,A,-,03,22350,,N,C,C,A,A,H,-,A,D,0,,,,,Y,,A,08,0,0,1,0,0,0,0,0,0,"- ","- ",35.281490325927734,-120.66873168945312,"SAN LUIS OBISPO","SAN LUIS OBISPO",-120.66866302490234,35.281459808349609
91160481,2020,2020-01-07,9740,2020-01-06,1620,018988,,1,2,9,4000,0,1,2,,2,004,"US-101 NORTHBOUND","SAN MARCOS RD",2640.00,N,N,A,-,Y,,,101,,,,,,N,Y,4,0,1,1,A,-,08,22107,,N,E,I,A,A,H,-,A,D,0,,,,,Y,,A,07,0,0,1,0,0,0,0,0,0,"- ","- ",35.729759216308594,-120.70098876953125,"SAN LUIS OBISPO",UNINCORPORATED,-120.70090484619141,35.729782104492188
91161819,2020,2020-01-08,9745,2020-01-06,1745,020417,,1,2,2,4005,0,1,2,,2,404,"US-101 S/B","SPYGLASS DR.",3168.00,N,N,A,-,Y,,,101,,,,,,S,N,4,0,1,2,A,-,03,22350,,N,C,C,A,A,H,-,B,D,0,,,,,Y,,A,01,0,0,1,0,0,0,0,0,0,"- ","- ",35.170639038085938,-120.69329833984375,"SAN LUIS OBISPO","PISMO BEACH",-120.69332885742188,35.170608520507812
91165372,2020,2020-04-28,9745,2020-01-07,1605,019280,,2,2,9,4000,0,2,4,,1,058,"ORCHARD ROAD","FAITH PLACE",921.00,N,N,A,-,N,,,,,,,,,,Y,2,0,2,2,A,-,09,21804,A,N,D,C,A,A,H,-,A,D,0,,,,,Y,,A,07,1,1,0,0,0,0,0,0,0,"- ","- ",35.012931823730469,-120.47460174560547,"SAN LUIS OBISPO",UNINCORPORATED,-120.46934509277344,35.009605407714844
91167653,2020,2020-01-17,9745,2020-01-14,1722,020417,,2,2,9,4000,0,1,3,,1,041,"SR-1 S/B","13TH ST.",260.00,N,N,B,-,Y,,,1,,,,,,S,Y,4,0,1,2,A,-,09,21804,A,N,D,C,A,A,H,-,B,D,0,,,,,Y,,D,22,0,0,1,0,0,0,0,0,0,"- ","- ",35.101799011230469,-120.61650085449219,"SAN LUIS OBISPO",UNINCORPORATED,-120.61653137207031,35.101757049560547
91175135,2020,2020-01-28,9745,2020-01-24,2210,019400,,5,3,9,4000,0,1,2,,2,505,"US-101 SOUTHBOUND","EL CAMPO RD",205.00,S,N,A,-,Y,,,101,,,,,,S,Y,3,0,1,1,A,-,01,23152,A,N,E,I,A,A,H,-,D,D,0,,,,,Y,Y,A,07,0,1,0,0,0,0,0,0,0,"- ","- ",35.110851287841797,-120.56298065185547,"SAN LUIS OBISPO",UNINCORPORATED,-120.56295013427734,35.110931396484375
91175983,2020,2020-01-29,9745,2020-01-13,1958,019809,,1,2,9,4000,0,3,5,,2,005,"DIVISION STREET","BONITA SCHOOL ROAD",0.00,,Y,A,-,N,,,,,,,,,,Y,4,0,1,1,A,-,12,22450,A,M,E,I,A,A,H,-,C,A,0,,,,,Y,,D,22,0,0,1,0,0,0,0,0,0,"- ","- ",35.003620147705078,-120.51895141601562,"SAN LUIS OBISPO",UNINCORPORATED,-120.51895141601562,35.003551483154297
91181610,2020,2020-02-06,9745,2020-01-29,1645,020417,,3,2,4,4006,0,1,2,,2,202,"US-101 N/B","LOS OSOS VALLEY RD.",2640.00,N,N,B,-,Y,,,101,,,,,,N,Y,4,0,1,3,A,-,03,22350,,N,C,C,A,A,H,-,A,D,0,,,,,Y,,A,07,0,0,1,0,0,0,0,0,0,"- ","- ",35.250839233398438,-120.67841339111328,"SAN LUIS OBISPO","SAN LUIS OBISPO",-120.67835998535156,35.250808715820312
91188337,2020,2020-02-18,9740,2020-01-31,1800,019486,,5,2,9,4000,0,3,5,,2,022,"ADELAIDA RD","STAGS LEAP WAY",1056.00,S,N,A,-,N,,,,,,,,,,Y,2,0,1,1,A,-,01,23152,A,N,F,A,A,A,H,-,D,D,0,,,,,Y,Y,A,07,1,0,0,0,0,0,0,0,0,"- ","- ",35.657989501953125,-120.75955963134766,"SAN LUIS OBISPO",UNINCORPORATED,-120.75425720214844,35.654514312744141
91198592,2020,2020-02-28,9750,2020-02-26,0200,020549,,3,3,9,4000,0,1,3,,2,061,SR-166,"TEPUSQUET RD",11880.00,W,N,A,-,Y,,,166,,,,,,,Y,3,0,1,1,A,-,08,22107,,N,E,I,A,A,H,-,D,D,0,,,,Y,Y,,G,75,0,1,0,0,0,0,0,0,0,"- ","- ",35.029361724853516,-120.24684906005859,"SAN LUIS OBISPO",UNINCORPORATED,-120.24689483642578,35.029270172119141
91198866,2020,2020-02-28,9740,2020-02-21,1345,019486,,5,1,9,4000,0,3,5,,2,017,"S. MAIN ST.","7TH ST",100.00,S,N,A,B,N,,,,,,,,,,Y,4,0,1,2,A,-,09,21804,A,N,D,C,A,A,H,-,A,D,0,,,,,Y,,A,07,0,0,1,0,0,0,0,0,0,"- ","- ",35.547080993652344,-120.70738983154297,"SAN LUIS OBISPO",UNINCORPORATED,-120.70735168457031,35.547126770019531
91199652,2020,2020-03-02,9745,2020-02-10,0030,016773,,1,3,9,4000,0,1,2,,2,303,"US-101 NORTHBOUND","SAN LUIS BAY DR",1584.00,N,N,A,-,Y,,,101,,,,,,N,Y,3,0,1,1,A,-,08,22107,,N,E,I,A,A,H,-,D,D,0,,,,,Y,,A,07,0,1,0,0,0,0,0,0,0,"- ","- ",35.199779510498047,-120.69779968261719,"SAN LUIS OBISPO",UNINCORPORATED,-120.69779205322266,35.199775695800781
91201072,2020,2020-03-03,9745,2020-02-25,0656,020417,,2,1,9,4000,0,1,3,,2,022,"SR-1 S/B","S. BAY BLVD.",3432.00,N,N,F,-,Y,,,,,,,,,,Y,4,0,1,2,A,-,03,22350,,N,C,C,A,A,H,-,A,D,0,,,,,Y,,A,07,0,0,1,0,0,0,0,0,0,"- ","- ",35.366031646728516,-120.83477783203125,"SAN LUIS OBISPO",UNINCORPORATED,,
91209755,2020,2020-03-30,9750,2020-03-14,1130,015915,,6,1,9,4000,0,1,3,,2,061,SR-166,"ALAMO CREEK ROAD",7392.00,E,N,B,-,Y,,,166,,,,,,,Y,3,0,1,1,A,-,08,22107,,N,F,A,A,B,H,-,A,D,0,,,,,Y,,A,01,0,1,0,0,0,0,0,0,0,"- ","- ",35.017978668212891,-120.28978729248047,"SAN LUIS OBISPO",UNINCORPORATED,-120.28981781005859,35.018039703369141
91210439,2020,2020-03-17,9740,2020-03-15,1330,017952,,7,1,9,4000,0,1,3,,1,009,SR-46,"ANTELOPE RD",7392.00,E,N,B,-,Y,,,46,,,,,,,Y,4,0,1,1,C,-,18,,,N,E,I,A,A,H,-,A,D,0,,,,,Y,,-,"- ",0,0,1,0,0,0,0,0,0,"- ","- ",35.73699951171875,-120.21002960205078,"SAN LUIS OBISPO",UNINCORPORATED,-120.2099609375,35.737018585205078
91213657,2020,2020-03-23,9740,2020-03-15,2230,016154,,7,3,9,4000,0,1,2,,2,001,"US-101 NORTHBOUND",SR-58,5425.00,N,N,C,-,Y,,,,,,,,,,N,4,0,1,1,A,-,03,22350,,N,E,I,A,B,H,-,D,D,0,,,,,Y,,A,01,0,0,1,0,0,0,0,0,0,"- ","- ",35.963958740234375,-120.62274169921875,"SAN LUIS OBISPO",UNINCORPORATED,,
91216307,2020,2020-03-26,9745,2020-03-22,1750,019400,,7,2,9,4000,0,1,2,,1,101,"US-101 SOUTHBOUND",SR-58,528.00,S,N,C,-,Y,,,101,,,,,,S,Y,4,0,1,1,A,-,03,22350,,N,E,I,A,B,H,-,A,D,0,,,,,Y,,A,01,0,0,1,0,0,0,0,0,0,"- ","- ",35.377918243408203,-120.63538360595703,"SAN LUIS OBISPO",UNINCORPORATED,-120.6353759765625,35.377914428710938
91217640,2020,2020-03-27,9740,2020-03-22,2030,019486,,7,2,4,4008,0,1,2,,2,002,"US-101 SOUTHBOUND","TRAFFIC WAY",200.00,S,N,B,C,Y,,,101,,,,,,S,Y,4,0,1,1,A,-,03,22350,,N,E,I,A,B,H,-,C,D,0,,,,,Y,,A,01,0,0,1,0,0,0,0,0,0,"- ","- ",35.487918853759766,-120.66980743408203,"SAN LUIS OBISPO",ATASCADERO,-120.66983032226562,35.487884521484375
91222733,2020,2020-04-07,9740,2020-04-04,0938,016154,,6,1,9,4000,0,2,4,,2,012,"NACIMIENTO LAKE DR","SAN MARCOS RD",1114.00,E,N,A,-,N,,,,,,,,,,Y,3,0,1,1,A,-,08,22107,,N,E,I,A,A,H,-,A,D,0,,,,,Y,,A,01,0,1,0,0,0,0,0,0,0,"- ","- ",35.686531066894531,-120.76114654541016,"SAN LUIS OBISPO",UNINCORPORATED,-120.76128387451172,35.68658447265625
91225252,2020,2020-04-14,9745,2020-04-09,0944,014713,,4,1,9,4000,0,1,2,,2,303,"US-101 NORTHBOUND","SAN LUIS OBISPO CREEK",245.00,S,N,B,C,Y,,,101,,,,,,N,Y,4,0,1,1,A,-,03,22350,,N,E,I,A,B,H,-,A,D,0,,,,,Y,,A,01,0,0,1,0,0,0,0,0,0,"- ","- ",35.184139251708984,-120.70144653320312,"SAN LUIS OBISPO",UNINCORPORATED,-120.70137786865234,35.184135437011719
91227167,2020,2020-04-20,9745,2020-04-10,1530,018253,,5,2,9,4000,0,1,3,,1,040,SR-227,"PHILLIPS ROAD",75.00,S,N,A,-,Y,,,227,,,,,,,Y,4,0,1,1,A,-,08,22107,,N,E,I,A,A,H,-,A,A,0,,,,,Y,,A,01,0,0,1,0,0,0,0,0,0,"- ","- ",35.1485595703125,-120.57393646240234,"SAN LUIS OBISPO",UNINCORPORATED,-120.57391357421875,35.148574829101562
91227177,2020,2020-04-20,9745,2020-04-15,0758,019070,,3,1,9,4000,0,1,3,,1,011,SR-41,"BEAR RIDGE ROAD",3168.00,N,N,A,-,Y,,,41,,,,,,,Y,3,0,1,1,A,-,01,23152,A,N,E,I,A,A,H,-,A,D,0,,,,,Y,Y,D,22,0,1,0,0,0,0,0,0,0,"- ","- ",35.427848815917969,-120.77120208740234,"SAN LUIS OBISPO",UNINCORPORATED,-120.77120208740234,35.427818298339844
91229561,2020,2020-04-27,9745,2020-04-23,1052,020211,,4,1,9,4000,0,3,5,,2,002,"TURRI ROAD","SOUTH BAY BLVD",9504.00,E,N,A,-,N,,,,,,,,,,Y,2,0,1,1,A,-,03,22350,,N,F,A,A,A,H,-,A,D,0,,,Y,,Y,,C,02,1,0,0,0,0,0,0,0,1,"- ","- ",35.323978424072266,-120.79923248291016,"SAN LUIS OBISPO",UNINCORPORATED,-120.79875946044922,35.324127197265625
91234011,2020,2020-05-05,9745,2020-05-02,0205,020773,,6,3,2,4005,0,1,2,,2,404,"US-101 NORTHBOUND","MATTIE RD",1320.00,N,N,A,-,Y,,,101,,,,,,N,Y,3,0,2,1,A,-,08,22107,,N,E,I,A,A,H,-,D,D,0,,,,,Y,,A,07,0,1,1,0,0,0,0,0,0,"- ","- ",35.152450561523438,-120.65856170654297,"SAN LUIS OBISPO","PISMO BEACH",-120.65857696533203,35.152412414550781
91234408,2020,2020-05-06,9745,2020-04-25,1705,017817,,6,2,9,4000,0,1,2,,1,101,"US-101 S/B TO SR-58",SR-58,200.00,S,N,A,-,Y,,,101,,,,R,,S,Y,4,0,1,1,A,-,01,23152,A,N,E,I,A,A,H,-,A,D,0,,,,,Y,Y,D,22,0,0,1,0,0,0,0,0,0,"- ","- ",35.381908416748047,-120.63201141357422,"SAN LUIS OBISPO",UNINCORPORATED,-120.63201141357422,35.381908416748047
91235563,2020,2020-05-11,9740,2020-05-05,1435,019259,,2,2,9,4000,0,1,3,,2,008,SR-46,"ALMOND DRIVE",1584.00,E,N,A,-,Y,,,46,,,,,,,Y,4,0,1,2,A,-,03,22350,,N,C,C,A,A,H,-,A,D,0,,,,,Y,,A,01,0,0,1,0,0,0,0,0,0,"- ","- ",35.659191131591797,-120.49336242675781,"SAN LUIS OBISPO",UNINCORPORATED,-120.49336242675781,35.659133911132812
91237447,2020,2020-05-13,9745,2020-05-12,1545,019400,,2,2,9,4000,0,2,4,,1,046,"PRICE CANYON RD","THOUSAND HILLS RD",10.00,W,N,A,-,N,,,,,,,,,,Y,4,0,1,2,A,-,03,22350,,N,C,C,A,A,H,-,A,D,0,,,,,Y,,A,01,0,0,1,0,0,0,0,0,0,"- ","- ",35.164379119873047,-120.63478851318359,"SAN LUIS OBISPO",UNINCORPORATED,-120.63470458984375,35.164272308349609
9123753,2020,2020-09-09,4006,2020-06-24,1727,67850,,3,5,4,4006,0,0,0,,0,,"N CHARRO",FOOTHILL,4.00,N,N,A,-,N,,,,,,,,,,N,4,0,1,2,A,-,10,21950,A,N,G,B,B,A,H,-,A,A,0,Y,,,,Y,,A,01,0,0,1,0,1,0,0,0,0,"- ","- ",35.294200897216797,-120.67122650146484,"SAN LUIS OBISPO","SAN LUIS OBISPO",-120.67096710205078,35.294097900390625
91237905,2020,2020-05-14,9745,2020-05-09,2040,019400,,6,2,4,4006,0,1,2,,2,202,"US-101 NORTHBOUND","MARSH ST",225.00,S,N,A,-,Y,,,101,,,,,,N,Y,3,0,1,1,A,-,08,22107,,M,E,I,A,A,H,-,D,D,0,,,,,Y,Y,D,22,0,1,0,0,0,0,0,0,0,"- ","- ",35.273841857910156,-120.67147064208984,"SAN LUIS OBISPO","SAN LUIS OBISPO",-120.67146301269531,35.273838043212891
91238261,2020,2020-05-15,9740,2020-05-09,0100,016849,,6,3,9,4000,0,1,2,,2,004,"US-101 SOUTHBOUND","SAN MARCOS ROAD",2548.00,N,N,A,-,Y,,,101,,,,,,S,Y,4,0,1,2,A,-,01,23152,A,M,C,C,A,A,H,-,D,D,0,,,,,Y,Y,D,22,0,0,1,0,0,0,0,0,0,"- ","- ",35.728530883789062,-120.70082855224609,"SAN LUIS OBISPO",UNINCORPORATED,-120.70077514648438,35.728553771972656
91238861,2020,2020-05-18,9740,2020-05-12,0230,015167,,2,3,9,4000,0,3,5,,2,017,"ROCKY CANYON ROAD","ADOBE CANYON ROAD",1056.00,N,N,B,-,N,,,,,,,,,,Y,2,0,1,1,C,-,18,,,N,D,H,A,A,H,-,D,D,0,,,Y,,Y,,-,"- ",1,0,0,0,0,0,0,0,1,"- ","- ",35.487918853759766,-120.63730621337891,"SAN LUIS OBISPO",UNINCORPORATED,-120.63660430908203,35.487651824951172
91239155,2020,2020-05-18,9745,2020-05-10,0830,017541,,7,1,2,4005,0,1,2,,2,404,"US 101 NORTHBOUND","WADSWORTH AVE",2112.00,N,N,A,-,Y,,,,,,,,,,Y,4,0,1,1,A,-,08,22107,,N,E,I,A,A,H,-,A,D,0,,,,,Y,,A,01,0,0,1,0,0,0,0,0,0,"- ","- ",35.149711608886719,-120.64659881591797,"SAN LUIS OBISPO","PISMO BEACH",-120.64698028564453,35.148338317871094
91247043,2020,2020-06-30,9745,2020-05-22,0903,016773,,5,1,9,4000,0,1,3,,1,041,"SR-1 NORTHBOUND","PERSHING DR",0.00,,Y,A,-,Y,,,1,,,,,,N,N,3,0,1,2,A,-,09,21801,A,N,D,G,A,A,H,-,A,A,0,,Y,,,Y,,A,01,0,1,0,0,0,0,1,0,0,"- ","- ",35.105991363525391,-120.62272644042969,"SAN LUIS OBISPO",UNINCORPORATED,-120.62265014648438,35.106063842773438
91255137,2020,2020-06-22,9740,2020-06-17,2127,019700,,3,2,9,4000,0,1,2,,2,001,"US-101 SOUTHBOUND",SR-58,1056.00,N,N,A,-,Y,,,101,,,,,,S,Y,3,0,1,1,A,-,08,22107,,N,E,I,A,A,H,-,D,D,0,,,,,Y,,A,01,0,1,0,0,0,0,0,0,0,"- ","- ",35.385650634765625,-120.62876892089844,"SAN LUIS OBISPO",UNINCORPORATED,-120.62874603271484,35.385635375976562
91255268,2020,2020-06-22,9740,2020-06-18,2030,016849,,4,2,4,4008,0,1,2,,2,002,"US-101 NORTHBOUND","SAN ANSELMO RD",16.00,S,N,A,-,Y,,,101,,,,,,N,Y,4,0,4,2,A,-,08,22107,,N,B,C,A,A,H,-,B,D,0,,,,,Y,,A,07,0,0,4,0,0,0,0,0,0,"- ","- ",35.497028350830078,-120.68274688720703,"SAN LUIS OBISPO",ATASCADERO,-120.68278503417969,35.496982574462891
9125738,2020,2020-09-12,4001,2020-06-08,1549,O0144,462,1,5,3,4001,0,0,0,,0,,"WEST BRANCH ST","TOWN CENTER DR",76.00,E,N,A,-,N,,,,,,,,,,N,4,0,1,2,A,-,03,22350,,N,C,C,A,A,H,-,A,A,0,,,,,Y,,A,01,0,0,1,0,0,0,0,0,0,"- ","- ",,,"SAN LUIS OBISPO","ARROYO GRANDE",-120.59757232666016,35.12677001953125
91257411,2020,2020-06-25,9745,2020-06-21,1330,019400,,7,1,9,4000,0,3,5,,2,002,"TURRI RD","SOUTH BAY BLVD",4224.00,E,N,A,-,N,,,,,,,,,,Y,2,0,2,2,A,-,08,22107,,N,D,C,A,A,H,-,A,D,0,,,Y,,Y,,C,02,1,1,0,0,0,0,0,0,1,"- ","- ",35.330471038818359,-120.81255340576172,"SAN LUIS OBISPO",UNINCORPORATED,-120.81324768066406,35.330642700195312