CASE_ID,ACCIDENT_YEAR,PROC_DATE,JURIS,COLLISION_DATE,COLLISION_TIME,OFFICER_ID,REPORTING_DISTRICT,DAY_OF_WEEK,CHP_SHIFT,POPULATION,CNTY_CITY_LOC,SPECIAL_COND,BEAT_TYPE,CHP_BEAT_TYPE,CITY_DIVISION_LAPD,CHP_BEAT_CLASS,BEAT_NUMBER,PRIMARY_RD,SECONDARY_RD,DISTANCE,DIRECTION,INTERSECTION,WEATHER_1,WEATHER_2,STATE_HWY_IND,CALTRANS_COUNTY,CALTRANS_DISTRICT,STATE_ROUTE,ROUTE_SUFFIX,POSTMILE_PREFIX,POSTMILE,LOCATION_TYPE,RAMP_INTERSECTION,SIDE_OF_HWY,TOW_AWAY,COLLISION_SEVERITY,NUMBER_KILLED,NUMBER_INJURED,PARTY_COUNT,PRIMARY_COLL_FACTOR,PCF_CODE_OF_VIOL,PCF_VIOL_CATEGORY,PCF_VIOLATION,PCF_VIOL_SUBSECTION,HIT_AND_RUN,TYPE_OF_COLLISION,MVIW,PED_ACTION,ROAD_SURFACE,ROAD_COND_1,ROAD_COND_2,LIGHTING,CONTROL_DEVICE,CHP_ROAD_TYPE,PEDESTRIAN_ACCIDENT,BICYCLE_ACCIDENT,MOTORCYCLE_ACCIDENT,TRUCK_ACCIDENT,NOT_PRIVATE_PROPERTY,ALCOHOL_INVOLVED,STWD_VEHTYPE_AT_FAULT,CHP_VEHTYPE_AT_FAULT,COUNT_SEVERE_INJ,COUNT_VISIBLE_INJ,COUNT_COMPLAINT_PAIN,COUNT_PED_KILLED,COUNT_PED_INJURED,COUNT_BICYCLIST_KILLED,COUNT_BICYCLIST_INJURED,COUNT_MC_KILLED,COUNT_MC_INJURED,PRIMARY_RAMP,SECONDARY_RAMP,LATITUDE,LONGITUDE,COUNTY,CITY,POINT_X,POINT_Y
91257585,2020,2020-06-25,9745,2020-06-25,0650,016390,,4,1,9,4000,0,1,3,,1,045,SR-1,"OSO FLACO LAKE ROAD",2197.00,N,N,B,-,Y,,,1,,,,,,,Y,4,0,1,2,A,-,03,22350,,N,C,C,A,A,H,-,A,D,0,,,,,Y,,A,01,0,0,1,0,0,0,0,0,0,"- ","- ",35.016548156738281,-120.56511688232422,"SAN LUIS OBISPO",UNINCORPORATED,-120.56517791748047,35.016574859619141
91258987,2020,2020-06-26,9740,2020-06-20,1035,019259,,6,1,9,4000,0,1,3,,2,007,"W. CENTRE ST.",SR-41,0.00,,Y,A,-,Y,,,,,,,,,,N,2,0,3,2,A,-,03,22350,,N,B,C,A,A,H,-,A,A,0,,,Y,,Y,,C,02,1,1,1,0,0,0,0,0,3,"- ","- ",35.655479431152344,-120.39987945556641,"SAN LUIS OBISPO",UNINCORPORATED,-120.41413879394531,35.661388397216797
91259000,2020,2020-06-26,9740,2020-06-24,1358,017952,,3,1,9,4000,0,1,3,,2,008,"SR-46 (EAST)","JARDINE RD",0.00,,Y,A,-,Y,,,46,,,,,,,Y,4,0,1,2,A,-,09,21802,A,N,D,C,A,A,H,-,A,A,0,,,,,Y,,D,22,0,0,1,0,0,0,0,0,0,"- ","- ",35.659500122070312,-120.60279083251953,"SAN LUIS OBISPO",UNINCORPORATED,-120.60276031494141,35.659091949462891
91260100,2020,2020-06-29,9750,2020-06-23,1448,016469,,2,2,9,4000,0,1,3,,1,063,SR-166,"CHIMINEAS RANCH RD",1584.00,E,N,A,-,Y,,,166,,,,,,,Y,3,0,1,1,A,-,08,22107,,N,F,A,A,A,H,-,A,D,0,,,,,Y,,D,22,0,1,0,0,0,0,0,0,0,"- ","- ",35.068801879882812,-119.98670196533203,"SAN LUIS OBISPO",UNINCORPORATED,-119.98667144775391,35.068878173828125
91260655,2020,2020-06-30,9745,2020-06-21,2312,019070,,7,3,9,4000,0,1,2,,1,101,"US-101 SOUTHBOUND","RESERVOIR CANYON RD",375.00,S,N,A,-,Y,,,101,,,,,,S,Y,4,0,1,1,A,-,01,23152,A,N,E,I,A,A,H,-,D,D,0,,,,,Y,Y,A,01,0,0,1,0,0,0,0,0,0,"- ","- ",35.295909881591797,-120.63152313232422,"SAN LUIS OBISPO",UNINCORPORATED,-120.63153839111328,35.29595947265625
91260688,2020,2020-07-01,9750,2020-06-20,1412,017709,,6,2,9,4000,0,1,3,,2,061,SR-166,"TEPUSQUET RD",9504.00,W,N,A,-,Y,,,166,,,,,,,Y,2,0,5,1,A,-,08,22107,,N,E,I,A,A,H,-,A,D,0,,,,,Y,,A,07,2,2,1,0,0,0,0,0,0,"- ","- ",35.02471923828125,-120.23770904541016,"SAN LUIS OBISPO",UNINCORPORATED,-120.23771667480469,35.024673461914062
91260887,2020,2020-06-30,9745,2020-06-25,1250,014713,,4,1,9,4000,0,3,5,,2,003,"HIGUERA STREET","SAN LUIS OBISPO CREEK",50.00,S,N,A,-,N,,,,,,,,,,N,4,0,1,2,A,-,03,22350,,N,C,C,A,A,H,-,A,D,0,,,,Y,Y,,F,26,0,0,1,0,0,0,0,0,0,"- ","- ",35.2310791015625,-120.69014739990234,"SAN LUIS OBISPO",UNINCORPORATED,-120.68947601318359,35.23150634765625
91266466,2020,2020-07-10,9740,2020-07-06,2300,017498,,1,3,9,4000,0,3,5,,2,018,"GENESEO RD",SR-46,3696.00,S,N,A,-,N,,,,,,,,,,Y,3,0,2,1,A,-,08,22107,,N,E,I,A,A,H,-,D,D,0,,,,,Y,,A,01,0,2,0,0,0,0,0,0,0,"- ","- ",35.646659851074219,-120.56095123291016,"SAN LUIS OBISPO",UNINCORPORATED,-120.56085205078125,35.649120330810547
91266930,2020,2020-07-13,9745,2020-07-09,1435,016849,,4,2,9,4000,0,3,5,,2,001,"OLD CREEK ROAD","SANTA RITA ROAD",768.00,S,N,A,-,N,,,,,,,,,,Y,2,0,1,1,A,-,08,22107,,N,F,A,A,A,H,-,A,D,0,,,Y,,Y,,C,02,1,0,0,0,0,0,0,0,1,"- ","- ",35.470748901367188,-120.85739135742188,"SAN LUIS OBISPO",UNINCORPORATED,-120.85802459716797,35.470481872558594
91267406,2020,2020-07-13,9740,2020-05-31,0645,020710,,7,1,9,4000,0,3,5,,2,019,"RANCHITA CANYON ROAD","CROSS CANYON ROAD",7128.00,N,N,A,-,N,,,,,,,,,,Y,1,1,0,1,A,-,01,23152,G,N,E,I,A,A,H,-,A,D,0,,,,,Y,,A,01,0,0,0,0,0,0,0,0,0,"- ","- ",35.763351440429688,-120.60047912597656,"SAN LUIS OBISPO",UNINCORPORATED,-120.60050964355469,35.762123107910156
91267781,2020,2020-07-13,9745,2020-07-11,1220,017144,,6,1,9,4000,0,3,5,,2,003,"HOOVER RD","BUCKLEY RD",0.00,,Y,A,-,N,,,,,,,,,,Y,3,0,3,2,A,-,09,21802,A,N,D,C,A,A,H,-,A,D,0,,,,,Y,,A,01,0,3,0,0,0,0,0,0,0,"- ","- ",35.235889434814453,-120.65428161621094,"SAN LUIS OBISPO",UNINCORPORATED,-120.65424346923828,35.23583984375
91268569,2020,2020-07-14,9745,2020-07-07,1245,016773,,2,1,2,4005,0,1,2,,2,404,"US-101 NORTHBOUND","MATTIE RD",686.00,S,N,A,-,Y,,,101,,,,,,N,Y,2,0,1,2,A,-,07,21658,A,N,B,C,A,A,H,-,A,D,0,,,Y,,Y,,C,02,1,0,0,0,0,0,0,0,1,"- ","- ",35.150588989257812,-120.65281677246094,"SAN LUIS OBISPO","PISMO BEACH",-120.65283203125,35.150547027587891
91268619,2020,2020-07-14,9750,2020-07-10,1421,016469,,5,2,9,4000,0,1,3,,1,063,SR-166,"SPANISH RANCH",12672.00,E,N,A,-,Y,,,166,,,,,,,Y,2,0,1,1,A,-,08,22107,,N,F,A,A,A,H,-,A,D,0,,,,,Y,,A,01,1,0,0,0,0,0,0,0,0,"- ","- ",35.054389953613281,-119.91443634033203,"SAN LUIS OBISPO",UNINCORPORATED,-119.91448211669922,35.054317474365234
91272125,2020,2020-07-21,9745,2020-07-17,1445,020168,,5,2,4,4006,0,1,2,,2,202,"US-101 NORTHBOUND","LOS OSOS VALLEY RD",528.00,N,N,A,-,Y,,,101,,,,,,N,N,4,0,1,2,A,-,03,22350,,N,C,C,A,A,H,-,A,D,0,,,,,Y,,A,07,0,0,1,0,0,0,0,0,0,"- ","- ",35.248050689697266,-120.67994689941406,"SAN LUIS OBISPO","SAN LUIS OBISPO",-120.68000030517578,35.248081207275391
91273603,2020,2020-07-23,9745,2020-07-18,1032,017541,,6,1,9,4000,0,1,3,,1,041,SR-1,"TIENDA PL",500.00,S,N,A,-,Y,,,1,,,,,,,Y,4,0,1,3,A,-,03,22350,,N,D,C,A,A,H,-,A,D,0,,,,,Y,,E,22,0,0,1,0,0,0,0,0,0,"- ","- ",35.064029693603516,-120.59683990478516,"SAN LUIS OBISPO",UNINCORPORATED,-120.596923828125,35.0640869140625
91275593,2020,2020-07-28,9745,2020-07-24,1705,017817,,5,2,9,4000,0,2,4,,1,048,"US-101 SOUTHBOUND TO AVILA BEACH DR.","AVILA BEACH DR.",0.00,,Y,A,-,Y,,,101,,,,R,,S,Y,4,0,2,2,A,-,09,21802,A,N,D,C,A,A,H,-,A,D,0,,,,,Y,,D,22,0,0,2,0,0,0,0,0,0,"- ","- ",35.1798095703125,-120.70046997070312,"SAN LUIS OBISPO",UNINCORPORATED,-120.70046997070312,35.1798095703125
9128147,2020,2020-11-04,4002,2020-07-03,1023,459,,5,5,3,4002,0,0,0,,0,,"W GRAND AV","RT 1",0.00,,Y,A,-,Y,SLO,5,1,-,-,14.110,H,-,S,N,2,0,1,2,A,-,12,21453,A,N,D,G,A,A,H,-,A,A,0,,Y,,,Y,,L,04,1,0,0,0,0,0,1,0,0,"- ","- ",,,"SAN LUIS OBISPO","GROVER BEACH",-120.62993621826172,35.122116088867188
91283177,2020,2020-08-10,9740,2020-07-16,2030,020710,,4,2,9,4000,0,1,2,,2,002,"US-101 SOUTHBOUND","VINEYARD DRIVE",1600.00,N,N,A,-,Y,,,101,,,,,,S,Y,2,0,2,1,A,-,01,23152,A,N,E,I,A,A,H,-,A,D,0,,,,,Y,Y,A,01,2,0,0,0,0,0,0,0,0,"- ","- ",35.548011779785156,-120.71617126464844,"SAN LUIS OBISPO",UNINCORPORATED,-120.71610260009766,35.548015594482422
91285043,2020,2020-08-13,9745,2020-08-05,1050,014713,,3,1,9,4000,0,3,5,,2,004,"HALCYON ROAD","MOUNTAIN VIEW ROAD",33.00,N,N,A,-,N,,,,,,,,,,Y,4,0,1,2,C,-,18,,,N,A,C,A,A,H,-,A,D,0,,,,,Y,,-,"- ",0,0,1,0,0,0,0,0,0,"- ","- ",35.083869934082031,-120.58970642089844,"SAN LUIS OBISPO",UNINCORPORATED,-120.58969879150391,35.083824157714844
91288181,2020,2020-08-18,9745,2020-08-09,0015,020417,,7,3,9,4000,0,1,2,,2,505,"US-101 S/B","GRANDE AVE.",26.00,S,N,B,-,Y,,,101,,,,,,S,Y,3,0,1,1,A,-,08,22107,,N,E,I,A,A,H,-,C,D,0,,,,,Y,,A,01,0,1,0,0,0,0,0,0,0,"- ","- ",35.032440185546875,-120.48020172119141,"SAN LUIS OBISPO",UNINCORPORATED,-120.48011016845703,35.032535552978516
91288489,2020,2020-08-18,9740,2020-08-12,1225,017498,,3,1,9,4000,0,3,5,,2,022,"ADELAIDA RD",G-14,10032.00,W,N,A,-,N,,,,,,,,,,N,4,0,1,2,A,-,09,21804,A,N,D,C,A,A,H,-,A,D,0,,,,,Y,,A,01,0,0,1,0,0,0,0,0,0,"- ","- ",35.651401519775391,-120.75108337402344,"SAN LUIS OBISPO",UNINCORPORATED,-120.72987365722656,35.673686981201172
91290797,2020,2020-08-24,9740,2020-08-20,0635,017498,,4,1,9,4000,0,1,2,,2,004,"US-101 SOUTHBOUND","WELLSONA ROAD",0.00,,Y,F,-,Y,,,101,,,,,,S,Y,4,0,1,2,A,-,09,21802,A,N,D,C,A,A,H,-,A,A,0,,,,,Y,,A,01,0,0,1,0,0,0,0,0,0,"- ","- ",35.695781707763672,-120.69683837890625,"SAN LUIS OBISPO",UNINCORPORATED,-120.69680023193359,35.695777893066406
91291519,2020,2020-08-24,9745,2020-08-15,1615,019809,,6,2,2,4005,0,1,2,,2,404,"US 101 S/B","SPYGLASS DR",3168.00,S,N,A,-,Y,,,,,,,,,,Y,4,0,1,2,A,-,03,22350,,N,C,C,A,A,H,-,A,D,0,,,,,Y,,A,01,0,0,1,0,0,0,0,0,0,"- ","- ",35.160251617431641,-120.67794799804688,"SAN LUIS OBISPO","PISMO BEACH",-120.6778564453125,35.160140991210938
91295408,2020,2020-08-28,9745,2020-08-24,1220,018454,,1,1,9,4000,0,2,4,,1,052,"THOMPSON AVE","VINTAGE ST",10.00,N,N,A,-,N,,,,,,,,,,Y,4,0,1,2,A,-,08,22107,,N,E,I,A,A,H,-,A,D,0,,,,,Y,,A,01,0,0,1,0,0,0,0,0,0,"- ","- ",35.039989471435547,-120.47263336181641,"SAN LUIS OBISPO",UNINCORPORATED,-120.47254180908203,35.039798736572266
91296219,2020,2020-08-31,9745,2020-08-27,0440,017857,,4,3,9,4000,0,1,3,,2,023,"SR-1 NORTHBOUND","STENNER CREEK ROAD",1056.00,N,N,B,-,Y,,,1,,,,,,N,Y,4,0,1,1,A,-,08,22107,,N,E,I,A,A,H,-,D,D,0,,,,,Y,,D,22,0,0,1,0,0,0,0,0,0,"- ","- ",35.310501098632812,-120.68370056152344,"SAN LUIS OBISPO",UNINCORPORATED,-120.68377685546875,35.310405731201172
91297746,2020,2020-09-02,9740,2020-08-29,0605,017498,,6,1,9,4000,0,1,2,,2,004,"US-101 NORTHBOUND","WELLSONA RD",0.00,,Y,A,-,Y,,,,,,,,,,Y,4,0,1,2,A,-,09,21802,A,N,D,C,A,A,H,-,B,A,0,,,,,Y,,M,47,0,0,1,0,0,0,0,0,0,"- ","- ",35.695869445800781,-120.69560241699219,"SAN LUIS OBISPO",UNINCORPORATED,-120.696533203125,35.695850372314453
91299467,2020,2020-09-04,9750,2020-08-26,1510,017910,,3,2,9,4000,0,1,3,,2,061,SR-166,"ALAMO CREEK RD",21120.00,E,N,A,-,Y,,,166,,,,,,,Y,3,0,1,3,A,-,05,21460,A,N,B,C,A,A,H,-,A,D,0,,,,Y,Y,,A,01,0,1,0,0,0,0,0,0,0,"- ","- ",35.029888153076172,-120.25248718261719,"SAN LUIS OBISPO",UNINCORPORATED,-120.25247955322266,35.029876708984375
91301814,2020,2020-09-14,9745,2020-08-31,1230,018454,,1,1,9,4000,0,2,4,,1,055,"TEFFT STREET","MARY AVE",440.00,W,N,A,-,N,,,,,,,,,,Y,4,0,2,2,D,-,00,,,N,A,C,A,A,H,-,A,D,0,,,,,Y,,-,"- ",0,0,2,0,0,0,0,0,0,"- ","- ",35.034969329833984,-120.48796844482422,"SAN LUIS OBISPO",UNINCORPORATED,-120.48784637451172,35.035060882568359
91304370,2020,2020-09-14,9740,2020-09-06,0850,020302,,7,1,9,4000,0,1,2,,2,004,"US-101 NORTHBOUND","SAN MARCOS RD",450.00,N,N,A,-,Y,,,101,,,,,,N,Y,4,0,1,1,A,-,08,22107,,N,F,A,A,A,H,-,A,D,0,,,,,Y,,A,08,0,0,1,0,0,0,0,0,0,"- ","- ",35.723369598388672,-120.697998046875,"SAN LUIS OBISPO",UNINCORPORATED,-120.69819641113281,35.723297119140625
91307266,2020,2020-09-18,9740,2020-09-15,1145,017426,,2,1,9,4000,0,1,3,,1,009,SR-46,SR-41,0.00,,Y,A,-,Y,,,46,,,,,,,Y,3,0,1,2,A,-,09,21801,A,N,D,C,A,A,H,-,A,A,0,,,,,Y,,A,01,0,1,0,0,0,0,0,0,0,"- ","- ",35.734508514404297,-120.28443145751953,"SAN LUIS OBISPO",UNINCORPORATED,-120.284423828125,35.734474182128906
9130841,2020,2020-10-05,4006,2020-07-11,1130,68370,,6,5,4,4006,0,0,0,,0,,FOOTHILL,"SANTA ROSA",0.00,,Y,A,-,N,,,,,,,,,,N,4,0,1,2,A,-,04,21703,,N,C,C,A,A,H,-,A,A,0,,,,,Y,,A,07,0,0,1,0,0,0,0,0,0,"- ","- ",35.293979644775391,-120.66812896728516,"SAN LUIS OBISPO","SAN LUIS OBISPO",-120.66806030273438,35.294071197509766
91313619,2020,2020-09-28,9745,2020-09-16,1628,017151,,3,2,9,4000,0,1,2,,2,303,"US-101 SOUTHBOUND","AVILA BEACH DRIVE",500.00,N,N,B,-,Y,,,101,,,,,,S,Y,4,0,1,2,A,-,07,21658,A,N,B,C,A,A,H,-,A,D,0,,,,Y,Y,,F,55,0,0,1,0,0,0,0,0,0,"- ","- ",35.182758331298828,-120.70127868652344,"SAN LUIS OBISPO",UNINCORPORATED,-120.70143127441406,35.182723999023438
91315056,2020,2020-09-30,9745,2020-09-26,1545,019809,,6,2,2,4005,0,1,2,,2,404,"US 101 S/B","AVILA BEACH DRIVE",232.00,S,N,A,-,Y,,,,,,,,,,Y,4,0,2,2,A,-,03,22350,,N,C,C,A,A,H,-,A,D,0,,,,,Y,,D,22,0,0,2,0,0,0,0,0,0,"- ","- ",35.179218292236328,-120.69891357421875,"SAN LUIS OBISPO","PISMO BEACH",,
91317803,2020,2020-10-05,9745,2020-09-24,0739,014910,,4,1,9,4000,0,1,3,,2,023,SR-1,"KANSAS AVE",2112.00,S,N,A,-,Y,,,1,,,,,,,N,3,0,2,2,A,-,03,22350,,N,C,C,A,A,H,-,A,D,0,,,,,Y,,A,01,0,2,0,0,0,0,0,0,0,"- ","- ",35.320209503173828,-120.69869995117188,"SAN LUIS OBISPO",UNINCORPORATED,-120.69873046875,35.320075988769531
91318615,2020,2020-10-06,9745,2020-09-28,1315,018009,,1,1,9,4000,0,1,2,,1,101,"U.S. 101 NORTHBOUND","TV TOWER RD",400.00,S,N,A,-,Y,,,,,,,,,,Y,4,0,1,2,A,-,03,22350,,N,C,C,A,A,H,-,A,D,0,,,,,Y,,A,01,0,0,1,0,0,0,0,0,0,"- ","- ",35.349361419677734,-120.63108825683594,"SAN LUIS OBISPO",UNINCORPORATED,,
91319283,2020,2020-10-07,9745,2020-09-26,2320,020417,,6,3,9,4000,0,2,4,,1,052,"THOMPSON AVE.","POAGUE RD.",531.00,N,N,B,-,N,,,,,,,,,,Y,2,0,2,2,A,-,03,22350,,F,C,C,A,A,H,-,D,D,0,,,,,Y,,A,07,1,1,0,0,0,0,0,0,0,"- ","- ",35.01824951171875,-120.45229339599609,"SAN LUIS OBISPO",UNINCORPORATED,-120.45230865478516,35.018150329589844
91321946,2020,2020-10-12,9745,2020-10-10,1545,019809,,6,2,2,4005,0,1,2,,2,404,"US 101 S/B","AVILA BEACH DRIVE",1584.00,S,N,A,-,Y,,,,,,,,,,Y,4,0,1,2,A,-,03,22350,,N,C,C,A,A,H,-,A,D,0,,,,,Y,,A,01,0,0,1,0,0,0,0,0,0,"- ","- ",35.176418304443359,-120.69773864746094,"SAN LUIS OBISPO","PISMO BEACH",,
91323617,2020,2020-10-14,9740,2020-10-08,0620,020302,,4,1,9,4000,0,1,3,,2,005,SR-58,"PARKHILL RD",0.00,,Y,B,-,Y,,,58,,,,,,,Y,4,0,1,2,A,-,12,22450,A,N,D,D,A,A,H,-,D,D,0,,,,,Y,,D,22,0,0,1,0,0,0,0,0,0,"- ","- ",35.412681579589844,-120.56063842773438,"SAN LUIS OBISPO",UNINCORPORATED,-120.56064605712891,35.412689208984375
91327540,2020,2020-10-20,9745,2020-10-17,1210,018454,,6,1,9,4000,0,1,3,,1,041,"SR-1 SOUTHBOUND","PASO ROBLES ST",0.00,,Y,A,-,Y,,,1,,,,,,S,N,4,0,1,2,A,-,03,22350,,N,C,C,A,A,H,-,A,D,0,,,,,Y,,A,01,0,0,1,0,0,0,0,0,0,"- ","- ",35.101158142089844,-120.61569213867188,"SAN LUIS OBISPO",UNINCORPORATED,-120.61569213867188,35.101158142089844
91329541,2020,2020-10-22,9745,2020-10-17,1610,020211,,6,2,2,4005,0,1,2,,2,404,"US-101 NORTHBOUND","SPYGLASS DR",1848.00,S,N,A,-,Y,,,101,,,,,,N,N,4,0,1,3,A,-,03,22350,,M,C,C,A,A,H,-,A,D,0,,,,,Y,,A,01,0,0,1,0,0,0,0,0,0,"- ","- ",35.161701202392578,-120.68144989013672,"SAN LUIS OBISPO","PISMO BEACH",-120.68144989013672,35.161701202392578
91331894,2020,2020-10-27,9740,2020-10-24,1146,021275,,6,1,9,4000,0,3,5,,2,017,"CRESTON ROAD","SOUTH EL POMAR ROAD",0.00,,Y,A,-,N,,,,,,,,,,Y,4,0,1,2,A,-,03,22350,,N,C,C,A,A,H,-,A,D,0,,,,,Y,,D,22,0,0,1,0,0,0,0,0,0,"- ","- ",35.573799133300781,-120.60841369628906,"SAN LUIS OBISPO",UNINCORPORATED,-120.60852813720703,35.573890686035156
91332588,2020,2020-10-27,9745,2020-10-16,1610,020689,,5,2,9,4000,0,3,5,,2,004,"WILLOW RD.","VIA CONCHA RD",0.00,,Y,A,-,N,,,,,,,,,,Y,4,0,4,3,A,-,09,21802,A,N,D,C,A,A,H,-,A,A,0,,,,,Y,,A,01,0,0,4,0,0,0,0,0,0,"- ","- ",35.047401428222656,-120.55039978027344,"SAN LUIS OBISPO",UNINCORPORATED,-120.55050659179688,35.047351837158203
91336345,2020,2020-11-02,9745,2020-10-29,1957,017151,,4,2,9,4000,0,3,5,,2,002,"RAMONA AVE","7TH STREET",5.00,E,N,A,-,N,,,,,,,,,,N,3,0,1,2,A,-,01,23152,A,N,A,C,A,A,H,-,D,D,0,,,,,Y,Y,A,01,0,1,0,0,0,0,0,0,0,"- ","- ",35.320701599121094,-120.83540344238281,"SAN LUIS OBISPO",UNINCORPORATED,-120.83545684814453,35.3206787109375
91342953,2020,2020-11-10,9745,2020-11-06,2200,020211,,5,3,9,4000,0,1,2,,2,505,"US-101 SOUTHBOUND","WILLOW ROAD",1584.00,N,N,B,-,Y,,,101,,,,,,S,Y,3,0,1,1,A,-,01,23152,A,N,F,A,A,A,H,-,D,D,0,,,,,Y,Y,A,07,0,1,0,0,0,0,0,0,0,"- ","- ",35.062870025634766,-120.50821685791016,"SAN LUIS OBISPO",UNINCORPORATED,-120.50823974609375,35.062847137451172
91344842,2020,2020-11-13,9745,2020-11-04,0701,018253,,3,1,9,4000,0,2,4,,1,025,"LOS OSOS VALLEY ROAD","FOOTHILL BLVD",4224.00,W,N,A,F,N,,,,,,,,,,Y,4,0,1,2,A,-,08,22107,,N,B,C,A,A,H,-,B,D,0,,,,,Y,,A,07,0,0,1,0,0,0,0,0,0,"- ","- ",35.283889770507812,-120.73090362548828,"SAN LUIS OBISPO",UNINCORPORATED,-120.7244873046875,35.281440734863281
91347577,2020,2020-12-11,9740,2020-11-13,1515,020710,,5,2,9,4000,0,3,5,,2,017,"SOUTH EL POMAR ROAD","HAUSLER LANE",1000.00,N,N,A,-,N,,,,,,,,,,Y,4,0,1,1,A,-,08,22107,,N,E,I,A,A,H,-,A,D,0,,,,,Y,,A,07,0,0,1,0,0,0,0,0,0,"- ","- ",35.5330810546875,-120.61456298828125,"SAN LUIS OBISPO",UNINCORPORATED,-120.61380004882812,35.534873962402344
91353732,2020,2020-11-25,9740,2020-11-14,2310,019648,,6,3,9,4000,0,1,3,,2,008,SR-46,"SHIMMINS CANYON ROAD",46.00,W,N,A,-,Y,,,46,,,,,,,Y,4,0,1,2,A,-,01,23152,A,N,A,C,A,A,H,-,D,D,0,,,,,Y,Y,A,01,0,0,1,0,0,0,0,0,0,"- ","- ",35.659969329833984,-120.46546173095703,"SAN LUIS OBISPO",UNINCORPORATED,-120.46544647216797,35.659702301025391
91354786,2020,2020-11-30,9740,2020-04-25,1920,019700,,6,2,9,4000,0,1,3,,2,008,SR-46,"GRUENHAGEN FLAT ROAD",5280.00,W,N,A,-,Y,,,46,,,,,,,Y,1,1,1,1,A,-,01,23152,G,N,F,A,A,A,H,-,A,D,0,,,,,Y,Y,A,01,1,0,0,0,0,0,0,0,0,"- ","- ",35.659358978271484,-120.48516082763672,"SAN LUIS OBISPO",UNINCORPORATED,-120.48516082763672,35.659065246582031
91354809,2020,2020-11-30,9740,2020-10-29,1424,019648,,4,2,3,4004,0,1,2,,2,003,"US-101 NORTHBOUND","NIBLICK ROAD",2640.00,S,N,A,-,Y,,,101,,,,,,N,Y,1,1,0,2,C,-,18,,,N,E,C,A,A,H,-,A,D,0,,,,,Y,,-,"- ",0,0,0,0,0,0,0,0,0,"- ","- ",35.605491638183594,-120.6922607421875,"SAN LUIS OBISPO","PASO ROBLES",-120.69226837158203,35.605491638183594
9135728,2020,2020-09-18,4005,2020-07-12,1437,P090,6,7,5,2,4005,0,0,0,,0,,"PRICE ST","STIMSON AV",104.00,N,N,A,-,N,,,,,,,,,,Y,4,0,1,2,A,-,09,21804,A,N,D,C,A,A,H,-,A,D,0,,,,,Y,,A,01,0,0,1,0,0,0,0,0,0,"- ","- ",,,"SAN LUIS OBISPO","PISMO BEACH",-120.63872528076172,35.140571594238281
91357350,2020,2020-12-02,9745,2020-11-24,2249,017541,,2,3,9,4000,0,3,5,,2,004,"S. HALCYON RD.",SR-1,20.00,N,N,A,-,Y,,,,,,,,,,Y,3,0,1,1,A,-,08,22107,,N,E,I,A,A,H,-,D,D,0,,,,,Y,,A,01,0,1,0,0,0,0,0,0,0,"- ","- ",35.098358154296875,-120.59236907958984,"SAN LUIS OBISPO",UNINCORPORATED,-120.59236145019531,35.098213195800781
9135823,2020,2020-09-17,4008,2020-07-11,1105,3125,,6,5,4,4008,0,0,0,,0,,"EL CAMINO REAL","SAN GABRIEL ST",61.00,S,N,A,-,N,,,,,,,,,,N,4,0,1,2,A,-,08,21460,5,N,D,C,A,A,H,-,A,D,0,,,,,Y,,A,01,0,0,1,0,0,0,0,0,0,"- ","- ",35.463558197021484,-120.64643096923828,"SAN LUIS OBISPO",ATASCADERO,-120.64637756347656,35.463394165039062
91358339,2020,2020-12-03,9740,2020-11-24,1140,017498,,2,1,9,4000,0,3,5,,2,019,"NORTH RIVER ROAD","ESTRELLA RD",1584.00,S,N,A,-,N,,,,,,,,,,Y,4,0,4,1,A,-,08,22107,,N,E,I,A,A,H,-,A,D,0,,,,,Y,,A,01,0,0,4,0,0,0,0,0,0,"- ","- ",35.733768463134766,-120.68546295166016,"SAN LUIS OBISPO",UNINCORPORATED,-120.68543243408203,35.732070922851562
91361284,2020,2020-12-08,9740,2020-11-29,1500,020302,,7,2,4,4008,0,1,2,,2,002,"US-101 NORTHBOUND","DEL RIO RD",540.00,N,N,A,-,Y,,,101,,,,,,N,Y,4,0,4,3,A,-,03,22350,,N,C,C,A,A,H,-,A,D,0,,,,,Y,,A,01,0,0,4,0,0,0,0,0,0,"- ","- ",35.518089294433594,-120.70246124267578,"SAN LUIS OBISPO",ATASCADERO,-120.70263671875,35.517971038818359