CASE_ID,ACCIDENT_YEAR,PROC_DATE,JURIS,COLLISION_DATE,COLLISION_TIME,OFFICER_ID,REPORTING_DISTRICT,DAY_OF_WEEK,CHP_SHIFT,POPULATION,CNTY_CITY_LOC,SPECIAL_COND,BEAT_TYPE,CHP_BEAT_TYPE,CITY_DIVISION_LAPD,CHP_BEAT_CLASS,BEAT_NUMBER,PRIMARY_RD,SECONDARY_RD,DISTANCE,DIRECTION,INTERSECTION,WEATHER_1,WEATHER_2,STATE_HWY_IND,CALTRANS_COUNTY,CALTRANS_DISTRICT,STATE_ROUTE,ROUTE_SUFFIX,POSTMILE_PREFIX,POSTMILE,LOCATION_TYPE,RAMP_INTERSECTION,SIDE_OF_HWY,TOW_AWAY,COLLISION_SEVERITY,NUMBER_KILLED,NUMBER_INJURED,PARTY_COUNT,PRIMARY_COLL_FACTOR,PCF_CODE_OF_VIOL,PCF_VIOL_CATEGORY,PCF_VIOLATION,PCF_VIOL_SUBSECTION,HIT_AND_RUN,TYPE_OF_COLLISION,MVIW,PED_ACTION,ROAD_SURFACE,ROAD_COND_1,ROAD_COND_2,LIGHTING,CONTROL_DEVICE,CHP_ROAD_TYPE,PEDESTRIAN_ACCIDENT,BICYCLE_ACCIDENT,MOTORCYCLE_ACCIDENT,TRUCK_ACCIDENT,NOT_PRIVATE_PROPERTY,ALCOHOL_INVOLVED,STWD_VEHTYPE_AT_FAULT,CHP_VEHTYPE_AT_FAULT,COUNT_SEVERE_INJ,COUNT_VISIBLE_INJ,COUNT_COMPLAINT_PAIN,COUNT_PED_KILLED,COUNT_PED_INJURED,COUNT_BICYCLIST_KILLED,COUNT_BICYCLIST_INJURED,COUNT_MC_KILLED,COUNT_MC_INJURED,PRIMARY_RAMP,SECONDARY_RAMP,LATITUDE,LONGITUDE,COUNTY,CITY,POINT_X,POINT_Y
91371057,2020,2020-12-18,9750,2020-12-11,0645,016874,,5,1,9,4000,0,1,3,,1,063,SR-166,"COTTONWOOD RD",31680.00,W,N,A,-,Y,,,166,,,,,,,Y,4,0,1,1,A,-,08,22107,,N,F,A,A,A,H,-,B,D,0,,,,,Y,,A,01,0,0,1,0,0,0,0,0,0,"- ","- ",35.062210083007812,-119.97281646728516,"SAN LUIS OBISPO",UNINCORPORATED,-119.97281646728516,35.062217712402344
91373202,2020,2020-12-22,9740,2020-12-07,1550,019648,,1,2,9,4000,0,1,3,,1,014,SR-1,"PICO CREEK ROAD",7920.00,N,N,A,-,Y,,,1,,,,,,,Y,3,0,3,2,A,-,08,22107,,N,D,C,A,A,H,-,A,D,0,,,,,Y,,J,48,0,1,2,0,0,0,0,0,0,"- ","- ",35.633090972900391,-121.16291809082031,"SAN LUIS OBISPO",UNINCORPORATED,-121.16300201416016,35.633029937744141
91373981,2020,2021-01-20,9745,2020-12-17,1725,017817,,4,2,4,4006,0,1,2,,2,202,"MADONNA RD.","US-101 S/B TO MADONNA RD.",0.00,,Y,A,-,Y,,,,,,,,,,N,3,0,1,2,A,-,17,21208,A,N,D,G,A,A,H,-,C,A,0,,Y,,,Y,,L,04,0,1,0,0,0,0,1,0,0,"- ","- ",35.264430999755859,-120.67534637451172,"SAN LUIS OBISPO","SAN LUIS OBISPO",,
91375550,2020,2020-12-28,9745,2020-12-18,1117,016514,,5,1,9,4000,0,3,5,,2,002,"TV TOWER RD",US-101,27984.00,W,N,A,-,N,,,,,,,,,,N,2,0,1,1,A,-,03,22350,,N,F,A,A,A,H,-,A,D,0,,Y,,,Y,,L,04,1,0,0,0,0,0,1,0,0,"- ","- ",35.380958557128906,-120.69349670410156,"SAN LUIS OBISPO",UNINCORPORATED,,
91378592,2020,2020-12-31,9750,2020-12-28,1020,015915,,1,1,9,4000,0,1,2,,2,111,"US 101 N/B","BROADWAY (SR-135)",1584.00,N,N,B,C,Y,,,,,,,,,,Y,3,0,2,1,A,-,08,22107,,N,E,I,A,B,H,-,A,D,0,,,,,Y,,A,01,0,2,0,0,0,0,0,0,0,"- ","- ",34.879470825195312,-120.40659332275391,"SAN LUIS OBISPO",UNINCORPORATED,,
9138870,2020,2021-03-10,4004,2020-08-06,1102,1349,,4,5,3,4004,0,0,0,,0,,"RIVERSIDE AV","24TH ST",10.00,S,N,A,-,N,,,,,,,,,,N,4,0,1,2,A,-,03,22350,,N,C,C,A,A,H,-,A,A,0,,,,,Y,,A,01,0,0,1,0,0,0,0,0,0,"- ","- ",35.639801025390625,-120.68814849853516,"SAN LUIS OBISPO","PASO ROBLES",-120.68809509277344,35.639762878417969
9138910,2020,2020-10-14,4004,2020-07-27,1506,1349,,1,5,3,4004,0,0,0,,0,,"24TH ST","MOUNTAIN SPRINGS RD",0.00,,Y,A,-,N,,,,,,,,,,Y,2,0,2,2,A,-,01,23152,F,F,A,C,A,A,H,-,A,D,0,,,,,Y,,A,01,1,0,1,0,0,0,0,0,0,"- ","- ",35.640010833740234,-120.69876098632812,"SAN LUIS OBISPO","PASO ROBLES",-120.69870758056641,35.639980316162109
9145124,2020,2020-10-12,4006,2020-08-12,1132,62657,,3,5,4,4006,0,0,0,,0,,MONTEREY,JOHNSON,19.00,W,N,A,-,N,,,,,,,,,,N,4,0,1,2,D,-,00,,,N,B,C,A,A,H,-,A,A,0,,,,,Y,,-,"- ",0,0,1,0,0,0,0,0,0,"- ","- ",35.284191131591797,-120.65733337402344,"SAN LUIS OBISPO","SAN LUIS OBISPO",-120.65731811523438,35.284255981445312
9145125,2020,2020-10-12,4006,2020-08-07,2256,98539,,5,5,4,4006,0,0,0,,0,,MONTEREY,"SANTA ROSA",0.00,,Y,A,-,N,,,,,,,,,,N,2,0,2,2,A,-,12,21453,A,N,D,G,A,A,H,-,C,A,0,,Y,,,Y,,L,04,1,1,0,0,0,0,1,0,0,"- ","- ",35.282600402832031,-120.65997314453125,"SAN LUIS OBISPO","SAN LUIS OBISPO",-120.65995788574219,35.282600402832031
9146016,2020,2020-09-30,4006,2020-07-25,2026,98539,,6,5,4,4006,0,0,0,,0,,JOHNSON,LAUREL,0.00,,Y,A,-,N,,,,,,,,,,Y,2,0,2,2,A,-,09,21801,A,N,D,C,A,A,H,-,C,A,0,,,,,Y,,-,,1,1,0,0,0,0,0,0,0,"- ","- ",35.268341064453125,-120.63839721679688,"SAN LUIS OBISPO","SAN LUIS OBISPO",-120.63838958740234,35.268348693847656
9151013,2020,2020-10-19,4006,2020-08-29,1500,20008,SLO,6,5,4,4006,0,0,0,,0,,HIGUERA,SOUTH,226.00,S,N,A,-,N,,,,,,,,,,N,4,0,1,2,A,-,08,22107,,N,B,I,A,A,H,-,A,D,0,,Y,,,Y,,L,04,0,0,1,0,0,0,1,0,0,"- ","- ",35.268798828125,-120.6702880859375,"SAN LUIS OBISPO","SAN LUIS OBISPO",-120.67037200927734,35.268932342529297
9151464,2020,2020-09-21,4003,2020-06-10,0932,B5598,4,3,5,2,4003,0,0,0,,0,001,"MAIN ST","KERN AV",0.00,,Y,A,-,N,,,,,,,,,,Y,4,0,1,1,A,-,01,23152,F,N,A,I,A,A,H,-,A,D,0,,,,,Y,,A,07,0,0,1,0,0,0,0,0,0,"- ","- ",,,"SAN LUIS OBISPO","MORRO BAY",-120.84381103515625,35.354469299316406
9153111,2020,2020-11-30,4006,2020-08-20,1058,30311,,4,5,4,4006,0,0,0,,0,,LAWRENCE,BROAD,0.00,,Y,A,-,N,,,,,,,,,,N,4,0,1,2,A,-,10,21950,A,N,G,B,D,A,H,-,A,A,0,Y,,,,Y,,A,07,0,0,1,0,1,0,0,0,0,"- ","- ",35.264240264892578,-120.65203857421875,"SAN LUIS OBISPO","SAN LUIS OBISPO",-120.65222930908203,35.264301300048828
9155126,2020,2020-10-27,4001,2020-08-24,2119,P0106,"46 1",1,5,3,4001,0,0,0,,0,OPERAT,"TRAFFIC WY","NELSON ST",0.00,,Y,A,-,N,,,,,,,,,,Y,3,0,1,2,A,-,09,21801,,N,A,C,A,A,H,-,C,D,0,,,,,Y,,A,07,0,1,0,0,0,0,0,0,0,"- ","- ",,,"SAN LUIS OBISPO","ARROYO GRANDE",-120.57829284667969,35.121429443359375
9155276,2020,2020-11-20,4004,2020-09-06,1122,1373,,7,5,3,4004,0,0,0,,0,,"SPRING ST","6TH ST",206.00,S,N,A,-,N,,,,,,,,,,Y,2,0,1,2,A,-,01,23152,F,N,A,E,A,A,H,-,A,D,0,,,,,Y,,A,07,1,0,0,0,0,0,0,0,0,"- ","- ",35.620151519775391,-120.39096069335938,"SAN LUIS OBISPO","PASO ROBLES",-120.69082641601562,35.619895935058594
9160625,2020,2021-01-06,4004,2020-10-06,2245,1208,,2,5,3,4004,0,0,0,,0,,"RT 46 E","GOLDEN HILL RD",0.00,,Y,A,-,Y,SLO,5,46,-,-,31.340,H,-,W,Y,3,0,1,2,A,-,03,22350,,N,C,C,A,A,H,-,D,A,0,,,,Y,Y,,G,25,0,1,0,0,0,0,0,0,0,"- ","- ",35.644428253173828,-120.657958984375,"SAN LUIS OBISPO","PASO ROBLES",-120.65755462646484,35.644626617431641
9161418,2020,2021-01-22,4004,2020-09-13,1205,1448,,7,5,3,4004,0,0,0,,0,,"MONTEBELLO OAKS DR","GINA CT",116.00,E,N,A,-,N,,,,,,,,,,N,3,0,1,1,A,-,03,22350,,N,F,A,A,A,H,-,A,D,0,,,Y,,Y,,C,02,0,1,0,0,0,0,0,0,1,"- ","- ",35.639720916748047,-120.66697692871094,"SAN LUIS OBISPO","PASO ROBLES",-120.66654968261719,35.639610290527344
9162390,2020,2020-11-24,4006,2020-09-14,1041,62657,,1,5,4,4006,0,0,0,,0,,"JOHN WY","LA VINEDA CT",0.00,,Y,A,-,N,,,,,,,,,,N,2,0,1,2,A,-,03,22350,,N,B,C,A,A,H,-,A,A,0,,,Y,,Y,,A,07,1,0,0,0,0,0,0,0,1,"- ","- ",35.270648956298828,-120.64311981201172,"SAN LUIS OBISPO","SAN LUIS OBISPO",,
9162391,2020,2020-11-24,4006,2020-09-11,1533,90046,,5,5,4,4006,0,0,0,,0,,"LOS OSOS VALLEY RD","AUTO PARK WY",0.00,,Y,B,-,N,,,,,,,,,,Y,3,0,1,3,A,-,03,22350,,N,C,C,A,A,H,-,A,A,0,,,,,Y,,-,"- ",0,1,0,0,0,0,0,0,0,"- ","- ",35.249000549316406,-120.68499755859375,"SAN LUIS OBISPO","SAN LUIS OBISPO",-120.68514251708984,35.249858856201172
9164490,2020,2021-01-15,4004,2020-09-18,0820,1208,,5,5,3,4004,0,0,0,,0,,"NIBLICK RD","RAMBOULLET RD",0.00,,Y,A,-,N,,,,,,,,,,Y,4,0,1,2,A,-,12,21453,A,N,D,C,A,A,H,-,A,A,0,,,,,Y,,A,07,0,0,1,0,0,0,0,0,0,"- ","- ",,,"SAN LUIS OBISPO","PASO ROBLES",-120.66914367675781,35.615760803222656
9165746,2020,2020-12-21,4008,2020-09-25,1633,3125,,5,5,4,4008,0,0,0,,0,,"MORRO RD","SAN GABRIEL RD",0.00,,Y,A,-,Y,SLO,5,41,-,-,14.210,I,5,S,Y,3,0,1,2,A,-,12,21453,A,N,D,C,A,A,H,-,A,A,0,,,,,Y,,A,01,0,1,0,0,0,0,0,0,0,"- ","- ",35.462760925292969,-120.675048828125,"SAN LUIS OBISPO",ATASCADERO,-120.67534637451172,35.462612152099609
9166137,2020,2020-11-30,4005,2020-09-19,2348,P116,2,6,5,2,4005,0,0,0,,0,,CORBURN,PADDOCK,180.00,N,N,E,-,N,,,,,,,,,,Y,4,0,1,3,A,-,03,22350,,M,C,E,A,A,H,-,C,D,0,,,,,Y,Y,A,01,0,0,1,0,0,0,0,0,0,"- ","- ",,,"SAN LUIS OBISPO","PISMO BEACH",-120.68389892578125,35.161727905273438
9168866,2020,2020-12-14,4006,2020-10-10,2000,68370,,6,5,4,4006,0,0,0,,0,,CHORRO,MISSION,155.00,S,N,A,-,N,,,,,,,,,,Y,4,0,1,2,A,-,00,23153,F,F,B,C,A,A,H,-,C,D,0,,,,,Y,,A,01,0,0,1,0,0,0,0,0,0,"- ","- ",35.288330078125,-120.66915893554688,"SAN LUIS OBISPO","SAN LUIS OBISPO",-120.66921234130859,35.288387298583984
9169748,2020,2020-12-02,4008,2020-10-13,2303,3134,,2,5,4,4008,0,0,0,,0,,"MOCCASIN LN","PORTOLA RD",0.00,,Y,A,-,Y,SLO,5,41,-,-,14.730,H,-,N,Y,3,0,2,2,A,-,01,23153,B,N,C,C,A,A,D,-,C,A,0,,,,,Y,Y,A,01,0,1,1,0,0,0,0,0,0,"- ","- ",35.469051361083984,-120.67001342773438,"SAN LUIS OBISPO",ATASCADERO,-120.66996765136719,35.468662261962891
9178795,2020,2020-12-07,4002,2020-10-27,1353,721,,2,5,3,4002,0,0,0,,0,,"S 8TH ST","LONGBRANCH AV",0.00,,Y,A,-,N,,,,,,,,,,Y,3,0,1,2,A,-,08,22107,,N,A,C,A,A,H,-,A,D,0,,,,,Y,,E,22,0,1,0,0,0,0,0,0,0,"- ","- ",,,"SAN LUIS OBISPO","GROVER BEACH",-120.62161254882812,35.119491577148438
9182163,2020,2020-12-04,4006,2020-10-31,1056,89870,,6,5,4,4006,0,0,0,,0,,JOHNSON,BISHOP,0.00,,Y,A,-,N,,,,,,,,,,Y,4,0,2,2,A,-,01,23153,A,N,C,C,A,A,H,-,A,A,0,,,,,Y,Y,A,01,0,0,2,0,0,0,0,0,0,"- ","- ",35.162700653076172,-120.38459777832031,"SAN LUIS OBISPO","SAN LUIS OBISPO",-120.64633178710938,35.274288177490234
9184766,2020,2021-02-04,4008,2020-11-11,0938,2154,A,3,5,4,4008,0,0,0,,0,,"MERCEDES AV","SANTA YSABEL AV",258.00,W,N,A,-,N,,,,,,,,,,Y,4,0,1,2,A,-,09,21804,A,N,D,C,A,A,H,-,A,D,0,,,,,Y,,A,01,0,0,1,0,0,0,0,0,0,"- ","- ",35.487411499023438,-120.66401672363281,"SAN LUIS OBISPO",ATASCADERO,,
9187910,2020,2021-01-22,4006,2020-10-08,1646,68099,,4,5,4,4006,0,0,0,,0,,MADONNA,"RT 101",92.00,W,N,A,-,N,,,,,,,,,,N,4,0,1,2,A,-,08,22107,,N,B,G,A,A,H,-,A,D,0,,Y,,,Y,Y,A,07,0,0,1,0,0,0,1,0,0,"- ","- ",35.264358520507812,-120.67613220214844,"SAN LUIS OBISPO","SAN LUIS OBISPO",-120.67377471923828,35.265907287597656
9188635,2020,2020-12-08,4003,2020-10-09,1658,B5598,2,5,5,2,4003,0,0,0,,0,001,"MORRO AV","MARINA ST",0.00,,Y,A,-,N,,,,,,,,,,N,4,0,2,2,A,-,09,21800,A,N,D,D,A,A,H,-,A,D,0,,,,,Y,,A,07,0,0,2,0,0,0,0,0,0,"- ","- ",,,"SAN LUIS OBISPO","MORRO BAY",-120.85115051269531,35.364021301269531
9188636,2020,2020-12-08,4003,2020-10-15,1449,T4434,3,4,5,2,4003,0,0,0,,0,001,"MAIN ST","BEACH ST",0.00,,Y,A,-,N,,,,,,,,,,N,3,0,1,2,A,-,10,21950,A,N,G,B,B,A,H,-,A,D,0,Y,,,,Y,,A,01,0,1,0,0,1,0,0,0,0,"- ","- ",,,"SAN LUIS OBISPO","MORRO BAY",-120.85002136230469,35.368801116943359
9198924,2020,2021-03-02,4002,2020-12-10,0800,337,,4,5,3,4002,0,0,0,,0,,"N OAK PARK BL","NEWPORT AV",0.00,,Y,A,-,N,,,,,,,,,,N,4,0,1,2,A,-,12,22450,A,M,D,C,A,A,H,-,A,A,0,,,,,Y,,I,11,0,0,1,0,0,0,0,0,0,"- ","- ",,,"SAN LUIS OBISPO","GROVER BEACH",-120.60887908935547,35.124839782714844
9201074,2020,2021-02-08,4006,2020-12-23,1406,89870,,3,5,4,4006,0,0,0,,0,,"LOS OSOS VALLEY","FROOM RANCH",0.00,E,N,A,-,N,,,,,,,,,,Y,4,0,1,2,A,-,03,22350,,N,C,C,A,A,H,-,A,D,0,,,,,Y,,A,01,0,0,1,0,0,0,0,0,0,"- ","- ",35.150398254394531,-120.41130065917969,"SAN LUIS OBISPO","SAN LUIS OBISPO",-120.68763732910156,35.252529144287109
9201692,2020,2021-02-24,4006,2020-12-22,1620,62657,,2,5,4,4006,0,0,0,,0,,"SANTA ROSA","OAK ST",0.00,,Y,A,-,N,,,,,,,,,,Y,4,0,1,2,A,-,03,22350,,N,C,C,A,A,H,-,A,A,0,,,,,Y,,A,01,0,0,1,0,0,0,0,0,0,"- ","- ",35.289180755615234,-120.66571044921875,"SAN LUIS OBISPO","SAN LUIS OBISPO",,
9205334,2020,2021-02-11,4004,2020-12-29,0951,1208,,2,5,3,4004,0,0,0,,0,,"17TH ST","CHESTNUT ST",0.00,,Y,B,-,N,,,,,,,,,,Y,4,0,1,2,A,-,09,21801,A,N,D,C,A,A,H,-,A,A,0,,,,,Y,,D,22,0,0,1,0,0,0,0,0,0,"- ","- ",35.631458282470703,-120.69654846191406,"SAN LUIS OBISPO","PASO ROBLES",-120.69682312011719,35.631610870361328
9211740,2020,2021-03-24,4006,2020-12-09,1158,89870,,3,5,4,4006,0,0,0,,0,,MARSH,HIGUERA,0.00,,Y,A,-,N,,,,,,,,,,Y,1,2,0,1,A,-,08,22107,,N,E,I,A,A,H,-,A,A,0,,,,,Y,,A,01,0,0,0,0,0,0,0,0,0,"- ","- ",35.162899017333984,-120.40080261230469,"SAN LUIS OBISPO","SAN LUIS OBISPO",-120.66934204101562,35.2747802734375
9216019,2020,2021-02-25,4001,2020-12-12,1255,P0152,46-1,6,5,3,4001,0,0,0,,0,CITY,"JAMES WY","JAMES WY 1",0.00,,N,A,-,N,,,,,,,,,,N,3,0,1,2,C,-,18,,,N,D,G,A,A,H,-,A,D,0,,Y,,,Y,,-,"- ",0,1,0,0,0,0,1,0,0,"- ","- ",,,"SAN LUIS OBISPO","ARROYO GRANDE",,
9216744,2020,2021-02-04,4001,2020-12-27,2331,P0127,462,7,5,3,4001,0,0,0,,0,OPERAT,"TALLY HO","VIA LA BARRANCA",343.00,S,N,C,-,N,,,,,,,,,,Y,3,0,1,1,A,-,01,23152,F,N,E,I,A,B,F,-,C,D,0,,,Y,,Y,,C,02,0,1,0,0,0,0,0,0,1,"- ","- ",,,"SAN LUIS OBISPO","ARROYO GRANDE",-120.57660675048828,35.127471923828125
9218623,2020,2021-02-08,4006,2020-12-23,1610,19810,,3,5,4,4006,0,0,0,,0,,BROAD,SOUTH,0.00,,Y,A,-,N,,,,,,,,,,N,4,0,1,2,A,-,12,21453,A,N,C,C,A,A,H,-,A,A,0,,,,,Y,Y,-,"- ",0,0,1,0,0,0,0,0,0,"- ","- ",35.269748687744141,-120.65646362304688,"SAN LUIS OBISPO","SAN LUIS OBISPO",-120.65655,35.26979
4750471,2011,2013-02-02,4006,2011-08-31,1310,16380,,3,5,4,4006,0,0,0,,0,,HIGUERA,NIPOMO,384.00,W,N,A,-,N,,,,,,,,,,N,4,0,1,2,A,-,17,21208,A,N,D,G,A,A,H,-,A,D,0,,Y,,,Y,,L,04,0,0,1,0,0,0,1,0,0,"- ","- ",,,"SAN LUIS OBISPO","SAN LUIS OBISPO",-120.66681902000001,35.277570109999999
4752401,2011,2012-05-30,4006,2011-04-09,1717,89650,,6,5,4,4006,0,0,0,,0,,BROAD,BUCHON,0.00,,Y,A,-,N,,,,,,,,,,Y,3,0,2,1,A,-,01,23152,A,N,E,I,A,A,H,-,A,A,0,,,Y,,Y,Y,C,02,0,1,1,0,0,0,0,0,2,"- ","- ",,,"SAN LUIS OBISPO","SAN LUIS OBISPO",-120.6617715,35.275860000000002
4752515,2011,2012-05-16,4006,2011-03-30,0755,54160,,3,5,4,4006,0,0,0,,0,,FOOTHILL,"RT 1",450.00,W,N,A,-,N,,,,,,,,,,N,4,0,1,2,A,-,03,22350,,N,C,C,A,A,H,-,A,A,0,,,,,Y,,A,01,0,0,1,0,0,0,0,0,0,"- ","- ",,,"SAN LUIS OBISPO","SAN LUIS OBISPO",-120.66960186,35.294076459999999
4752536,2011,2012-04-20,4006,2011-03-31,0818,54160,,4,5,4,4006,0,0,0,,0,,FOOTHILL,PATRICIA,0.00,,Y,A,-,N,,,,,,,,,,Y,3,0,1,2,A,-,09,21801,A,N,D,C,A,A,H,-,A,A,0,,,,,Y,,A,01,0,1,0,0,0,0,0,0,0,"- ","- ",,,"SAN LUIS OBISPO","SAN LUIS OBISPO",-120.683502,35.294139000000001
4755260,2011,2012-07-12,4006,2011-05-27,1712,89650,,5,5,4,4006,0,0,0,,0,,SACRAMENTO,ORCUTT,800.00,S,N,A,-,N,,,,,,,,,,Y,3,0,2,1,A,-,01,23152,A,N,E,I,A,A,H,-,A,D,0,,,,,Y,Y,D,22,0,1,1,0,0,0,0,0,0,"- ","- ",,,"SAN LUIS OBISPO","SAN LUIS OBISPO",-120.64706326,35.259282419999998
4756518,2011,2012-07-11,4006,2011-05-05,1306,54160,,4,5,4,4006,0,0,0,,0,,MARSH,MORRO,0.00,,Y,A,-,N,,,,,,,,,,N,3,0,1,2,A,-,08,22100,B,F,H,J,A,A,H,-,A,A,0,,,Y,,Y,,A,01,0,1,0,0,0,0,0,0,1,"- ","- ",,,"SAN LUIS OBISPO","SAN LUIS OBISPO",-120.66101999999999,35.27984
4756554,2011,2012-09-20,9740,2011-05-04,1830,18323,,3,2,9,4000,0,1,2,,2,004,"RT 101","WELLSONA RD",0.00,,Y,A,-,Y,SLO,5,101,-,-,61.880,I,5,N,Y,2,0,2,2,A,-,09,21802,A,N,D,C,A,A,H,-,A,A,5,,,,,Y,,A,01,1,0,1,0,0,0,0,0,0,"- ","- ",35.414400000000001,-120.41486,"SAN LUIS OBISPO",UNINCORPORATED,-120.69657426000001,35.693366709999999
4756883,2011,2012-09-25,9740,2011-05-20,1810,14622,,5,2,9,4000,0,1,2,,2,002,"RT 101","MAIN ST",2640.00,N,N,A,-,Y,SLO,5,101,-,-,53.040,H,-,N,Y,4,0,1,2,A,-,03,22350,,N,C,C,A,A,H,-,A,D,1,,,,,Y,,D,22,0,0,1,0,0,0,0,0,0,"- ","- ",35.573610000000002,-120.69797,"SAN LUIS OBISPO",UNINCORPORATED,-120.69777592,35.573980400000003
4756887,2011,2012-06-26,9740,2011-05-16,1840,15167,,1,2,9,4000,0,3,5,,2,018,"UNION RD","WEAVER LN",3696.00,W,N,B,-,N,,,,,,,,,,Y,2,0,2,1,A,-,08,22107,,N,F,A,A,B,H,-,A,D,0,,,,,Y,,D,22,1,0,1,0,0,0,0,0,0,"- ","- ",35.637549999999997,-120.58497,"SAN LUIS OBISPO",UNINCORPORATED,-120.59600383,35.638104089999999
4757006,2011,2012-05-10,4008,2011-04-05,0737,1053,,2,5,4,4008,0,0,0,,0,,"EL CAMINO REAL","ATASCADERO MALL",40.00,S,N,A,-,N,,,,,,,,,,N,4,0,1,2,A,-,10,21950,A,N,G,B,B,A,H,-,A,A,0,Y,,,,Y,,-,"- ",0,0,1,0,1,0,0,0,0,"- ","- ",,,"SAN LUIS OBISPO",ATASCADERO,,
4757010,2011,2012-05-29,4008,2011-04-04,1948,4050,,1,5,4,4008,0,0,0,,0,,"EL CAMINO REAL","EAST MALL",0.00,,Y,A,-,N,,,,,,,,,,N,3,0,1,2,A,-,17,21200,A,N,D,G,A,A,H,-,C,A,0,,Y,,,Y,,-,,0,1,0,0,0,0,1,0,0,"- ","- ",,,"SAN LUIS OBISPO",ATASCADERO,-120.66788,35.488100000000003
4757265,2011,2012-05-16,4008,2011-03-27,0225,1045,,7,5,4,4008,0,0,0,,0,,"RT 41","OLD MORRO RD",528.00,W,N,C,-,Y,SLO,5,41,-,-,10.180,H,-,N,Y,3,0,1,1,A,-,01,23152,B,N,E,I,A,B,H,-,D,A,0,,,,,Y,Y,-,"- ",0,1,0,0,0,0,0,0,0,"- ","- ",,,"SAN LUIS OBISPO",ATASCADERO,-120.73553115999999,35.460269830000001
4757749,2011,2012-05-30,4005,2011-04-09,1155,P084,5,6,5,2,4005,0,0,0,,0,,DOLLIVER,"FRADY LN",328.00,N,N,A,-,Y,SLO,5,1,-,-,15.090,H,-,N,Y,4,0,2,2,A,-,03,22350,,N,C,C,A,A,H,-,A,A,0,,,,,Y,,-,"- ",0,0,2,0,0,0,0,0,0,"- ","- ",,,"SAN LUIS OBISPO","PISMO BEACH",-120.63654353,35.134757430000001
4985840,2011,2012-05-01,9745,2011-01-07,1228,10522,,5,1,9,4000,0,1,2,,1,101,"RT 101","OLD STAGE COACH RD",6864.00,N,N,A,-,Y,SLO,5,101,-,-,36.320,H,-,N,Y,3,0,1,2,A,-,03,22350,,N,C,C,A,A,H,-,A,D,5,,,,Y,Y,,A,01,0,1,0,0,0,0,0,0,0,"- ","- ",35.340119999999999,-120.62765,"SAN LUIS OBISPO",UNINCORPORATED,-120.6382467,35.364061120000002
4990595,2011,2013-03-22,9740,2011-02-20,2330,18323,,7,3,9,4000,0,1,2,,2,004,"RT 101","SAN MARCOS CREEK BR",308.00,S,N,A,-,Y,SLO,5,101,-,-,63.480,H,-,S,Y,1,1,0,1,A,-,08,22107,,N,F,A,A,A,H,-,D,D,5,,,,,Y,Y,A,01,0,0,0,0,0,0,0,0,0,"- ","- ",35.718820000000001,-120.69652000000001,"SAN LUIS OBISPO",UNINCORPORATED,-120.69643130999999,35.71864635
5012074,2011,2012-05-01,9745,2011-01-07,1435,10522,,5,2,9,4000,0,1,2,,1,101,"RT 101","CUESTA SPRINGS RD",1056.00,N,N,-,-,Y,SLO,5,101,-,-,35.460,H,-,N,Y,3,0,2,2,A,-,03,22350,,N,C,C,A,-,-,-,-,D,5,,,,Y,Y,,A,07,0,1,1,0,0,0,0,0,0,"- ","- ",35.352699999999999,-120.63433999999999,"SAN LUIS OBISPO",UNINCORPORATED,-120.63429442,35.352405990000001
5018173,2011,2012-05-01,9745,2011-01-25,0945,011620,,2,1,4,4006,0,1,2,,2,202,"RT 101","BROAD ST",75.00,S,N,A,-,Y,SLO,5,101,-,-,28.720,H,-,S,N,4,0,1,2,A,-,08,22107,,M,H,A,A,A,H,-,A,D,1,,,,Y,Y,,-,99,0,0,1,0,0,0,0,0,0,"- ","- ",35.279769999999999,-120.66974999999999,"SAN LUIS OBISPO","SAN LUIS OBISPO",-120.66826211,35.282730899999997
5038858,2011,2012-03-16,9745,2011-01-08,1730,016089,,6,2,9,4000,0,3,5,,2,002,"SANTA YSABEL AV","13TH ST",100.00,E,N,A,-,N,,,,,,,,,,Y,4,0,2,2,A,-,03,22350,,N,C,C,A,A,H,-,C,A,0,,,,,Y,,D,22,0,0,2,0,0,0,0,0,0,"- ","- ",35.329920000000001,-120.82855000000001,"SAN LUIS OBISPO",UNINCORPORATED,-120.82847744999999,35.329964869999998
5038870,2011,2012-05-17,9745,2011-01-11,1730,015716,,2,2,9,4000,0,1,3,,1,011,"RT 41","FROG HOLLOW LN",10.00,S,N,A,-,Y,SLO,5,41,-,-,10.570,H,-,N,Y,3,0,1,1,A,-,08,22107,,N,E,I,A,A,H,-,B,D,0,,,,,Y,,A,07,0,1,0,0,0,0,0,0,0,"- ","- ",35.45881,-120.72629999999999,"SAN LUIS OBISPO",UNINCORPORATED,-120.72891626000001,35.459597119999998
5042977,2011,2012-09-12,4006,2011-01-28,1824,89650,,5,5,4,4006,0,0,0,,0,,FOOTHILL,CHORRO,0.00,,Y,A,-,N,,,,,,,,,,Y,4,0,1,2,A,-,09,21801,A,N,A,C,A,A,H,-,C,A,0,,,,,Y,,A,01,0,0,1,0,0,0,0,0,0,"- ","- ",,,"SAN LUIS OBISPO","SAN LUIS OBISPO",-120.67096050000001,35.294094000000001
5042985,2011,2012-09-12,4006,2011-01-26,1752,16380,,3,5,4,4006,0,0,0,,0,,BROAD,INDUSTRIAL,479.00,S,N,A,-,N,,,,,,,,,,Y,4,0,1,2,A,-,09,21804,A,N,B,C,A,A,H,-,C,D,0,,,,,Y,,A,01,0,0,1,0,0,0,0,0,0,"- ","- ",,,"SAN LUIS OBISPO","SAN LUIS OBISPO",-120.6439206,35.249915080000001
5042997,2011,2012-09-12,4006,2011-01-25,0843,25285,,2,5,4,4006,0,0,0,,0,,CALIFORNIA,TAFT,0.00,,Y,A,-,N,,,,,,,,,,N,3,0,1,2,A,-,09,21801,A,N,H,G,A,A,H,-,A,D,0,,Y,,,Y,,A,01,0,1,0,0,0,0,1,0,0,"- ","- ",,,"SAN LUIS OBISPO","SAN LUIS OBISPO",-120.66036,35.290970000000002