CASE_ID,ACCIDENT_YEAR,PROC_DATE,JURIS,COLLISION_DATE,COLLISION_TIME,OFFICER_ID,REPORTING_DISTRICT,DAY_OF_WEEK,CHP_SHIFT,POPULATION,CNTY_CITY_LOC,SPECIAL_COND,BEAT_TYPE,CHP_BEAT_TYPE,CITY_DIVISION_LAPD,CHP_BEAT_CLASS,BEAT_NUMBER,PRIMARY_RD,SECONDARY_RD,DISTANCE,DIRECTION,INTERSECTION,WEATHER_1,WEATHER_2,STATE_HWY_IND,CALTRANS_COUNTY,CALTRANS_DISTRICT,STATE_ROUTE,ROUTE_SUFFIX,POSTMILE_PREFIX,POSTMILE,LOCATION_TYPE,RAMP_INTERSECTION,SIDE_OF_HWY,TOW_AWAY,COLLISION_SEVERITY,NUMBER_KILLED,NUMBER_INJURED,PARTY_COUNT,PRIMARY_COLL_FACTOR,PCF_CODE_OF_VIOL,PCF_VIOL_CATEGORY,PCF_VIOLATION,PCF_VIOL_SUBSECTION,HIT_AND_RUN,TYPE_OF_COLLISION,MVIW,PED_ACTION,ROAD_SURFACE,ROAD_COND_1,ROAD_COND_2,LIGHTING,CONTROL_DEVICE,CHP_ROAD_TYPE,PEDESTRIAN_ACCIDENT,BICYCLE_ACCIDENT,MOTORCYCLE_ACCIDENT,TRUCK_ACCIDENT,NOT_PRIVATE_PROPERTY,ALCOHOL_INVOLVED,STWD_VEHTYPE_AT_FAULT,CHP_VEHTYPE_AT_FAULT,COUNT_SEVERE_INJ,COUNT_VISIBLE_INJ,COUNT_COMPLAINT_PAIN,COUNT_PED_KILLED,COUNT_PED_INJURED,COUNT_BICYCLIST_KILLED,COUNT_BICYCLIST_INJURED,COUNT_MC_KILLED,COUNT_MC_INJURED,PRIMARY_RAMP,SECONDARY_RAMP,LATITUDE,LONGITUDE,COUNTY,CITY,POINT_X,POINT_Y
5635725,2012,2014-03-04,9740,2012-05-12,1130,15167,,6,1,9,4000,0,1,3,,2,005,"RT 58","BAKER RD",447.00,W,N,A,-,Y,SLO,5,58,-,-,53.480,H,-,E,Y,4,0,1,1,A,-,08,22107,,N,F,A,A,A,H,-,A,D,0,,,Y,,Y,,C,02,0,0,1,0,0,0,0,0,1,"- ","- ",35.322049999999997,-119.87276,"SAN LUIS OBISPO",UNINCORPORATED,-119.87314892000001,35.322290180000003
5635741,2012,2013-09-21,9740,2012-05-05,0300,13952,,6,3,9,4000,0,3,5,,2,017,"NEAL SPRINGS RD","VAQUERO DR",192.00,S,N,A,-,N,,,,,,,,,,Y,3,0,1,1,A,-,01,23152,A,M,E,I,A,A,H,-,D,D,0,,,,,Y,Y,A,07,0,1,0,0,0,0,0,0,0,"- ","- ",35.565159999999999,-120.66846,"SAN LUIS OBISPO",UNINCORPORATED,-120.66840542,35.56522786
5635749,2012,2013-09-21,9740,2012-05-05,2500,15675,,6,4,9,4000,0,3,5,,2,022,"INTERLAKE RD","BEE ROCK RD",2640.00,S,N,A,-,N,,,,,,,,,,N,2,0,1,1,C,-,18,,,N,F,A,A,A,H,-,A,D,0,,Y,,,Y,,-,"- ",1,0,0,0,0,0,1,0,0,"- ","- ",35.786740000000002,-120.91679999999999,"SAN LUIS OBISPO",UNINCORPORATED,-120.94790860000001,35.788359219999997
5636665,2012,2014-01-22,9740,2012-05-19,0300,13246,,6,3,3,4004,0,1,2,,2,003,"RT 101","NIBLICK RD",4224.00,S,N,A,-,Y,SLO,5,101,-,-,55.160,H,-,N,Y,4,0,1,1,A,-,08,22107,,N,F,A,A,A,H,-,D,D,1,,,,,Y,Y,A,01,0,0,1,0,0,0,0,0,0,"- ","- ",35.602710000000002,-120.69232,"SAN LUIS OBISPO","PASO ROBLES",-120.69234677,35.604717960000002
5638188,2012,2014-04-09,9740,2012-07-21,0200,015167,,6,3,9,4000,0,1,2,,2,002,"RT 101","SAN RAMON RD",528.00,N,N,A,-,Y,SLO,5,101,-,-,49.420,H,-,S,Y,1,1,0,1,A,-,01,23152,A,N,F,A,A,A,H,-,D,D,1,,,Y,,Y,Y,C,02,0,0,0,0,0,0,0,1,0,"- ","- ",35.527140000000003,-120.70489999999999,"SAN LUIS OBISPO",UNINCORPORATED,-120.70637259999999,35.52853399
5638383,2012,2014-04-10,9740,2012-08-04,1648,015675,,6,2,9,4000,0,1,3,,2,011,"RT 46","VINEYARD DR",4752.00,W,N,A,-,Y,SLO,5,46,-,R,16.500,H,-,W,Y,1,2,0,2,A,-,01,23152,A,N,A,C,A,A,H,-,A,D,0,,,,,Y,Y,A,07,0,0,0,0,0,0,0,0,0,"- ","- ",35.551209999999998,-120.77797,"SAN LUIS OBISPO",UNINCORPORATED,-120.77675619,35.551390179999999
5638542,2012,2012-10-04,4006,2012-07-15,0355,16380,,7,5,4,4006,0,0,0,,0,,"S HIGUERA","LAS PRADERAS",75.00,N,N,A,-,N,,,,,,,,,,Y,1,1,0,1,A,-,03,22350,,N,E,I,A,A,H,-,C,D,0,,,,,Y,Y,A,01,0,0,0,0,0,0,0,0,0,"- ","- ",,,"SAN LUIS OBISPO","SAN LUIS OBISPO",-120.67458196,35.245279750000002
5638769,2012,2012-11-02,9745,2012-09-12,0757,012601,,3,1,9,4000,0,3,5,,2,003,"HIGUERA ST","ONTARIO RD",0.00,,Y,B,-,N,,,,,,,,,,Y,1,1,0,2,A,-,12,22450,A,N,H,G,A,A,H,-,A,A,0,,Y,,Y,Y,,L,04,0,0,0,0,0,1,0,0,0,"- ","- ",35.223129999999998,-120.69298000000001,"SAN LUIS OBISPO",UNINCORPORATED,-120.69293263,35.223184869999997
5639191,2012,2014-04-01,9740,2012-11-07,0853,012113,,3,1,9,4000,0,1,3,,2,008,"RT 46","GRUENHAGEN FLAT RD",1056.00,E,N,A,-,Y,SLO,5,46,-,-,41.930,H,-,W,Y,1,1,2,3,A,-,01,23152,A,N,C,C,A,A,D,-,A,A,0,,,,Y,Y,,E,22,1,1,0,0,0,0,0,0,0,"- ","- ",35.659080000000003,-120.47678999999999,"SAN LUIS OBISPO",UNINCORPORATED,-120.47651292,35.6591983
5639192,2012,2013-01-11,9740,2012-12-10,2205,013733,,1,3,3,4004,0,1,2,,2,004,"RT 101","SAN MARCOS RD",917.00,N,N,B,-,Y,SLO,5,101,-,-,63.960,H,-,S,Y,1,1,0,1,A,-,01,23152,A,N,E,I,A,A,H,-,D,D,1,,,,,Y,Y,A,07,0,0,0,0,0,0,0,0,0,"- ","- ",35.724290000000003,-120.69889000000001,"SAN LUIS OBISPO","PASO ROBLES",-120.69924707,35.725324350000001
5639385,2012,2013-01-30,9745,2012-11-11,2100,012768,,7,2,9,4000,0,2,4,,1,052,"THOMPSON AV","WILLOW RD",1056.00,S,N,F,-,N,,,,,,,,,,N,1,1,0,2,A,-,08,22107,,N,G,B,E,A,H,-,D,D,0,Y,,,,Y,,A,01,0,0,0,1,0,0,0,0,0,"- ","- ",35.056989999999999,-120.49144,"SAN LUIS OBISPO",UNINCORPORATED,-120.49141376999999,35.05701629
5639579,2013,2013-02-20,9745,2013-01-15,1021,015734,,2,1,9,4000,0,1,3,,1,021,"RT 1","CHANEY AV",0.00,,Y,A,-,Y,SLO,5,1,-,-,33.280,I,5,N,Y,1,1,1,2,A,-,09,21802,A,N,D,C,A,A,H,-,A,A,5,,,,,Y,,A,01,0,0,1,0,0,0,0,0,0,"- ","- ",35.42118,-120.87737,"SAN LUIS OBISPO",UNINCORPORATED,-120.8782874,35.422991000000003
5639723,2013,2014-01-31,9745,2013-01-28,2030,17146,,1,2,4,4006,0,1,2,,2,202,"RT 101","CALIFORNIA BL",313.00,S,N,A,-,Y,SLO,5,101,-,-,29.350,H,-,S,Y,1,1,0,2,D,-,00,,,N,B,C,A,A,H,-,D,D,1,,,,,Y,,-,"- ",0,0,0,0,0,0,0,0,0,"- ","- ",35.289189999999998,-120.66058,"SAN LUIS OBISPO","SAN LUIS OBISPO",-120.6598556,35.289747699999999
5639814,2013,2015-01-15,9740,2013-02-13,0525,013984,,3,3,9,4000,0,3,5,,2,018,"LINNE RD","PRISKA DR",2112.00,E,N,E,-,N,,,,,,,,,,Y,1,1,0,1,A,-,03,22350,,N,E,I,A,A,H,-,D,D,0,,,Y,,Y,,C,02,0,0,0,0,0,0,0,1,0,"- ","- ",35.611939999999997,-120.62329,"SAN LUIS OBISPO",UNINCORPORATED,-120.62330067000001,35.61189925
5639900,2013,2015-01-16,9740,2013-03-10,1505,14947,,7,2,9,4000,0,3,5,,2,016,"W POZO RD","LAS PILITAS RD",3696.00,S,N,A,-,N,,,,,,,,,,Y,1,1,0,1,A,-,08,22107,,N,F,A,A,A,H,-,A,D,0,,,Y,,Y,Y,C,02,0,0,0,0,0,0,0,1,0,"- ","- ",35.342530000000004,-120.53391000000001,"SAN LUIS OBISPO",UNINCORPORATED,-120.5344233,35.3432137
5641913,2012,2014-01-24,9745,2012-05-28,1715,16514,,1,2,2,4005,0,1,2,,2,404,"RT 101","MATTIE RD",3696.00,N,N,A,-,Y,SLO,5,101,-,-,18.470,H,-,S,Y,4,0,1,2,A,-,03,22350,,N,C,C,A,A,H,-,A,D,1,,,,,Y,,A,07,0,0,1,0,0,0,0,0,0,"- ","- ",35.153579999999998,-120.66137000000001,"SAN LUIS OBISPO","PISMO BEACH",-120.66463707,35.154940099999997
5645136,2012,2013-09-24,4006,2012-05-21,1335,27940,,1,5,4,4006,0,0,0,,0,,MURRAY,CHORRO,0.00,,Y,A,-,N,,,,,,,,,,N,3,0,1,2,A,-,10,21950,A,F,G,B,B,A,H,-,A,A,0,Y,,,,Y,,A,01,0,1,0,0,1,0,0,0,0,"- ","- ",,,"SAN LUIS OBISPO","SAN LUIS OBISPO",-120.66979268,35.290794890000001
5645160,2012,2013-08-31,4006,2012-05-19,1240,10140,4006,6,5,4,4006,0,0,0,,0,,FOOTHILL,CALIFORNIA,87.00,W,N,A,-,N,,,,,,,,,,N,3,0,1,1,C,-,18,,,N,E,I,A,A,H,-,A,D,0,,Y,,,Y,,-,"- ",0,1,0,0,0,0,1,0,0,"- ","- ",,,"SAN LUIS OBISPO","SAN LUIS OBISPO",-120.66417315,35.294948249999997
5665804,2012,2014-02-20,9750,2012-05-30,1630,15334,,3,2,9,4000,0,1,3,,1,063,"RT 166","SIERRA MADRE RD",6864.00,E,N,A,-,Y,SLO,5,166,-,R,35.810,H,-,E,N,4,0,1,2,A,-,02,22400,A,N,C,C,A,A,H,-,A,D,0,,,,Y,Y,,A,01,0,0,1,0,0,0,0,0,0,"- ","- ",35.099780000000003,-120.06882,"SAN LUIS OBISPO",UNINCORPORATED,-120.43448277,34.996325130000002
5667421,2012,2013-09-05,4006,2012-05-07,1000,58620,,1,5,4,4006,0,0,0,,0,,"S PERIMETER","COLLEGE AV",0.00,,Y,A,-,N,,,,,,,,,,N,4,0,1,2,A,-,09,21801,A,N,H,G,A,A,H,-,A,D,0,,Y,,,Y,,L,04,0,0,1,0,0,0,1,0,0,"- ","- ",,,"SAN LUIS OBISPO","SAN LUIS OBISPO",-120.66442256000001,35.298724919999998
5667657,2012,2013-10-12,4002,2012-06-03,1630,464,110,7,5,3,4002,0,0,0,,0,001,"ATLANTIC CITY AV","6TH ST",0.00,,Y,A,-,N,,,,,,,,,,Y,4,0,1,2,A,-,09,21802,A,N,D,C,A,A,H,-,A,A,0,,,,,Y,,A,01,0,0,1,0,0,0,0,0,0,"- ","- ",,,"SAN LUIS OBISPO","GROVER BEACH",-120.62358259,35.12750484
5668625,2012,2013-10-05,9745,2012-06-07,1402,11721,,4,2,9,4000,0,2,4,,1,048,"AVILA BEACH DR","ONTARIO RD",2112.00,W,N,A,-,N,,,,,,,,,,Y,3,0,1,3,A,-,05,21460,A,N,B,D,A,A,H,-,A,D,0,,,,,Y,,A,01,0,1,0,0,0,0,0,0,0,"- ","- ",35.184100000000001,-120.70868,"SAN LUIS OBISPO",UNINCORPORATED,-120.70935204,35.184629190000003
5668833,2012,2013-07-20,4003,2012-03-07,2208,S3773,5,3,5,2,4003,0,0,0,,0,001,"SOUTH BAY BL","QUINTANA RD",0.00,,Y,A,-,N,,,,,,,,,,N,4,0,1,2,A,-,09,21801,A,N,B,C,A,A,H,-,C,A,0,,,,,Y,Y,-,"- ",0,0,1,0,0,0,0,0,0,"- ","- ",,,"SAN LUIS OBISPO","MORRO BAY",-120.82434266,35.36211488
5672095,2012,2013-10-02,4006,2012-06-04,1716,27940,,1,5,4,4006,0,0,0,,0,,MADONNA,"LOS OSOS VALLEY RD",141.00,E,N,A,-,N,,,,,,,,,,N,3,0,1,2,A,-,06,21750,,N,D,G,A,A,H,-,A,A,0,,Y,,,Y,,A,01,0,1,0,0,0,0,1,0,0,"- ","- ",,,"SAN LUIS OBISPO","SAN LUIS OBISPO",-120.69035515,35.256790459999998
5672485,2012,2013-09-07,4004,2012-05-28,2056,0557,03,1,5,3,4004,0,0,0,,0,038,"CRESTON RD","GOLDENHILL RD",0.00,,Y,A,-,N,,,,,,,,,,Y,4,0,3,2,A,-,09,21801,A,N,A,C,A,A,H,-,C,A,0,,,,,Y,,D,22,0,0,3,0,0,0,0,0,0,"- ","- ",,,"SAN LUIS OBISPO","PASO ROBLES",-120.65973265,35.622244909999999
5672716,2012,2013-09-04,9740,2012-05-23,1655,14947,,3,2,9,4000,0,3,5,,2,017,"EL POMAR DR","TEMPLETON RD",24.00,E,N,A,-,N,,,,,,,,,,Y,4,0,1,2,A,-,03,22350,,N,C,C,A,A,H,-,A,D,0,,,,,Y,,D,22,0,0,1,0,0,0,0,0,0,"- ","- ",35.543230000000001,-120.70305999999999,"SAN LUIS OBISPO",UNINCORPORATED,-120.65890265,35.523916970000002
5672828,2012,2013-10-16,9745,2012-06-23,1105,014543,,6,1,9,4000,0,3,5,,2,004,"DIVISION ST","OSO FLACO LAKE RD",528.00,E,N,A,-,N,,,,,,,,,,Y,4,0,1,2,A,-,09,21804,A,N,D,C,A,A,H,-,A,D,0,,,,,Y,,A,01,0,0,1,0,0,0,0,0,0,"- ","- ",35.002040000000001,-120.52673,"SAN LUIS OBISPO",UNINCORPORATED,-120.52925362000001,35.001081229999997
5672899,2012,2014-01-10,9745,2012-06-24,2120,16068,,7,2,9,4000,0,1,3,,1,021,"RT 1","24TH ST",528.00,S,N,A,-,Y,SLO,5,1,-,-,34.430,H,-,S,Y,4,0,1,1,A,-,08,22107,,N,F,A,A,A,H,-,C,D,5,,,,,Y,,A,07,0,0,1,0,0,0,0,0,0,"- ","- ",35.439799999999998,-120.88863000000001,"SAN LUIS OBISPO",UNINCORPORATED,-120.88723155,35.437008550000002
5672903,2012,2014-01-08,9745,2012-06-18,0700,15366,,1,1,9,4000,0,1,3,,1,011,"RT 41","CERRO ALTO CMPGRD",0.00,N,N,A,-,Y,SLO,5,41,-,-,7.280,H,-,N,Y,3,0,1,1,A,-,01,23152,A,N,E,I,A,A,H,-,A,D,0,,,,,Y,Y,A,01,0,1,0,0,0,0,0,0,0,"- ","- ",35.44491,-120.7526,"SAN LUIS OBISPO",UNINCORPORATED,-120.7514407,35.429803769999999
5674281,2012,2014-04-03,9740,2012-06-04,1618,015675,,1,2,9,4000,0,1,3,,1,009,"RT 46 E","RT 41",0.00,,Y,A,-,Y,SLO,5,41,-,-,43.850,I,5,N,Y,3,0,4,2,A,-,09,21801,A,N,D,C,A,A,H,-,A,A,0,,,,,Y,,A,01,0,2,2,0,0,0,0,0,0,"- ","- ",35.734459999999999,-120.28443,"SAN LUIS OBISPO",UNINCORPORATED,-120.28681262000001,35.734064949999997
5674289,2012,2014-01-09,9740,2012-06-02,0101,13133,,6,3,4,4008,0,1,2,,2,002,"RT 101","SAN RAMON RD",15.00,N,N,A,-,Y,SLO,5,101,-,-,49.320,H,-,S,Y,3,0,2,1,A,-,01,23152,A,N,E,I,A,A,H,-,C,D,1,,,,,Y,,A,01,0,2,0,0,0,0,0,0,0,"- ","- ",35.526609999999998,-120.70469,"SAN LUIS OBISPO",ATASCADERO,-120.70539266,35.5276049
5674724,2012,2014-01-24,9740,2012-06-14,1455,13583,,4,2,9,4000,0,1,2,,2,002,"RT 101","VINEYARD DR",1056.00,N,N,A,-,Y,SLO,5,101,-,-,50.840,H,-,N,Y,3,0,1,1,A,-,08,22107,,N,E,I,A,A,H,-,A,D,1,,,,,Y,,A,01,0,1,0,0,0,0,0,0,0,"- ","- ",35.549869999999999,-120.7154,"SAN LUIS OBISPO",UNINCORPORATED,-120.71572703,35.547150389999999
5674752,2012,2013-10-14,9740,2012-06-23,2030,15675,,6,2,9,4000,0,3,5,,2,022,"CYPRESS MOUNTAIN DR","CHIMNEY ROCK RD",132.00,S,N,A,-,N,,,,,,,,,,Y,3,0,1,1,A,-,01,23152,A,N,F,A,A,A,H,-,B,D,0,,,,,Y,Y,B,07,0,1,0,0,0,0,0,0,0,"- ","- ",35.657020000000003,-120.92274999999999,"SAN LUIS OBISPO",UNINCORPORATED,-120.92266769,35.657395209999997
5674766,2012,2013-10-16,9740,2012-06-22,1635,15383,,5,2,9,4000,0,2,4,,2,012,"G 14","GATEWAY DR",8976.00,S,N,A,-,N,,,,,,,,,,Y,4,0,1,1,A,-,01,23152,A,N,E,I,A,A,H,-,A,D,0,,,,,Y,Y,A,07,0,0,1,0,0,0,0,0,0,"- ","- ",35.711060000000003,-120.83468000000001,"SAN LUIS OBISPO",UNINCORPORATED,-120.83533796,35.711262820000002
5674791,2012,2014-03-03,9740,2012-06-21,1345,15167,,4,1,9,4000,0,1,3,,2,008,"RT 46","BITTERWATER RD",2640.00,E,N,A,-,Y,SLO,5,46,-,-,53.300,H,-,E,N,4,0,1,2,A,-,03,22350,,N,C,C,A,A,H,-,A,D,0,,,,,Y,,B,07,0,0,1,0,0,0,0,0,0,"- ","- ",35.715789999999998,-120.30279,"SAN LUIS OBISPO",UNINCORPORATED,-120.30362149,35.715306529999999
5675114,2012,2013-12-30,4002,2012-06-21,1743,476,212,4,5,3,4002,0,0,0,,0,,"S OAK PARK BL","SAN SEBASTIAN CT",0.00,,Y,A,-,N,,,,,,,,,,N,4,0,1,2,A,-,05,21650,1,N,D,G,A,A,H,-,A,A,0,,Y,,,Y,,L,04,0,0,1,0,0,0,1,0,0,"- ","- ",,,"SAN LUIS OBISPO","GROVER BEACH",-120.60726258,35.109194889999998
5681670,2012,2014-01-09,4003,2012-04-16,1535,S4392,3,1,5,2,4003,0,0,0,,0,001,"MAIN ST","RT 1",0.00,,Y,A,-,Y,SLO,5,1,-,-,29.750,R,4,S,Y,3,0,1,2,A,-,09,21802,A,N,D,D,A,A,H,-,A,A,0,,,,,Y,,-,"- ",0,1,0,0,0,0,0,0,0,"- ","- ",,,"SAN LUIS OBISPO","MORRO BAY",-120.85373267,35.375534870000003
5681851,2012,2014-01-24,9745,2012-06-10,0300,17144,,7,3,9,4000,0,1,2,,2,505,"RT 101","TEFFT ST",2121.00,S,N,A,-,Y,SLO,5,101,-,-,4.450,H,-,N,Y,3,0,2,1,A,-,08,22107,,N,E,I,A,A,H,-,D,D,1,,,,,Y,,D,22,0,2,0,0,0,0,0,0,0,"- ","- ",35.032809999999998,-120.47974000000001,"SAN LUIS OBISPO",UNINCORPORATED,-120.47897879,35.031755740000001
5682054,2012,2013-10-11,9745,2012-06-06,1440,14610,,3,2,9,4000,0,2,4,,1,051,"LOS BERROS RD","FALCON CREST DR",135.00,W,N,A,-,N,,,,,,,,,,N,3,0,2,2,A,-,03,22350,,N,H,A,A,A,H,-,A,D,0,,Y,,,Y,,L,04,0,1,1,0,0,0,2,0,0,"- ","- ",35.101460000000003,-120.57248,"SAN LUIS OBISPO",UNINCORPORATED,-120.57222319,35.10140577
5686460,2012,2014-02-03,9740,2012-05-27,1459,019259,,7,2,3,4004,0,1,2,,2,003,"RT 101","13TH ST",386.00,N,N,A,-,Y,SLO,5,101,-,-,65.880,H,-,N,Y,3,0,4,2,A,-,03,22350,,N,C,C,A,A,H,-,A,D,1,,,,,Y,Y,A,01,0,1,3,0,0,0,0,0,0,"- ","- ",35.628549999999997,-120.68652,"SAN LUIS OBISPO","PASO ROBLES",-120.69966268,35.752374920000001
5686464,2012,2014-01-09,9740,2012-05-26,1150,017283,,6,1,9,4000,0,1,3,,1,014,"RT 1","SLO SAN SIMEON RD",2112.00,S,N,A,-,Y,SLO,5,1,-,-,52.820,H,-,S,Y,3,0,2,1,C,-,18,,,N,F,A,A,A,H,-,A,D,0,,,Y,,Y,,-,"- ",0,1,1,0,0,0,0,0,2,"- ","- ",35.641089999999998,-121.17731000000001,"SAN LUIS OBISPO",UNINCORPORATED,-121.12492274,35.593604880000001
5686492,2012,2014-01-09,4004,2012-05-30,1558,0376,02,3,5,3,4004,0,0,0,,0,"2 7","RT 46",VINE,226.00,,N,A,-,Y,SLO,5,46,-,R,21.900,H,-,E,N,4,0,1,2,A,-,03,22350,,M,C,C,A,A,H,-,A,A,0,,,,,Y,,A,01,0,0,1,0,0,0,0,0,0,"- ","- ",,,"SAN LUIS OBISPO","PASO ROBLES",-120.69648024,35.589447589999999
5687321,2012,2013-09-30,4004,2012-06-01,1500,0294,01,5,5,3,4004,0,0,0,,0,1-2,"SPRING ST","26TH ST",150.00,S,N,A,-,N,,,,,,,,,,Y,4,0,1,3,A,-,03,22350,,N,C,C,A,A,H,-,A,D,0,,,,,Y,,-,"- ",0,0,1,0,0,0,0,0,0,"- ","- ",,,"SAN LUIS OBISPO","PASO ROBLES",-120.69260219,35.640823619999999
5691812,2012,2013-10-16,4006,2012-06-18,2103,27734,,1,5,4,4006,0,0,0,,0,,LINCOLN,MISSION,32.00,N,N,A,-,N,,,,,,,,,,Y,3,0,1,2,A,-,08,22107,,M,E,E,A,A,H,-,C,D,0,,,,,Y,Y,A,08,0,1,0,0,0,0,0,0,0,"- ","- ",,,"SAN LUIS OBISPO","SAN LUIS OBISPO",-120.66722269,35.289182740000001
5691813,2012,2013-10-16,4006,2012-06-25,1737,27940,,1,5,4,4006,0,0,0,,0,,BROAD,ALFONSO,0.00,,Y,A,-,N,,,,,,,,,,N,3,0,1,2,A,-,09,21804,A,N,D,C,A,A,H,-,A,A,0,,,Y,,Y,,A,01,0,1,0,0,0,0,0,0,1,"- ","- ",,,"SAN LUIS OBISPO","SAN LUIS OBISPO",-120.65527258,35.268084880000004
5691818,2012,2013-10-16,4006,2012-06-17,1744,10140,4006,7,5,4,4006,0,0,0,,0,,FOOTHILL,"RT 1",48.00,W,N,A,-,N,,,,,,,,,,N,4,0,1,2,A,-,21,22106,,N,C,C,A,A,H,-,A,A,0,,,,,Y,,A,07,0,0,1,0,0,0,0,0,0,"- ","- ",,,"SAN LUIS OBISPO","SAN LUIS OBISPO",-120.66828347000001,35.294067660000003
5720571,2012,2013-11-06,9745,2012-07-05,1815,17238,,4,2,3,4001,0,1,2,,2,402,"RT 101","GRAND AV",528.00,N,N,B,-,Y,SLO,5,101,-,-,29.900,H,-,S,N,4,0,1,2,A,-,03,22350,,N,C,C,A,A,H,-,A,D,1,,,,,Y,,D,22,0,0,1,0,0,0,0,0,0,"- ","- ",35.122239999999998,-120.58694,"SAN LUIS OBISPO","ARROYO GRANDE",-120.65075263,35.291954879999999
5724403,2012,2014-03-25,9745,2012-07-04,0805,012601,,3,1,9,4000,0,1,3,,2,023,"RT 1","STENNER CREEK RD",285.00,N,N,B,-,Y,SLO,5,1,-,-,18.630,H,-,N,N,3,0,1,1,A,-,03,22350,,N,E,I,A,A,C,-,A,D,1,,Y,,,Y,,L,04,0,1,0,0,0,0,1,0,0,"- ","- ",35.308709999999998,-120.68159,"SAN LUIS OBISPO",UNINCORPORATED,-120.68145083,35.308426750000002
5724407,2012,2013-11-05,9745,2012-07-03,1625,017017,,2,2,9,4000,0,2,4,,1,051,"LOS BERROS RD","DALE AV",0.00,,Y,A,-,N,,,,,,,,,,Y,4,0,1,2,A,-,03,22350,,N,C,C,A,A,H,-,A,D,0,,,,,Y,,A,01,0,0,1,0,0,0,0,0,0,"- ","- ",35.073149999999998,-120.52160000000001,"SAN LUIS OBISPO",UNINCORPORATED,-120.5214225,35.072954920000001
5725540,2012,2013-10-11,4008,2012-06-23,1318,2054,,6,5,4,4008,0,0,0,,0,,"EL CAMINO REAL","JUNIPERO AV",150.00,S,N,A,-,N,,,,,,,,,,N,4,0,3,2,A,-,09,21801,A,N,D,C,A,A,H,-,A,A,0,,,,,Y,,A,01,0,0,3,0,0,0,0,0,0,"- ","- ",,,"SAN LUIS OBISPO",ATASCADERO,-120.65526097,35.475923430000002
5727285,2012,2014-02-28,9740,2012-07-12,1400,17283,,4,2,9,4000,0,1,3,,1,009,"RT 46","RT 41",12.00,W,N,A,-,Y,SLO,5,46,-,-,55.100,H,-,E,Y,4,0,1,2,C,-,18,,,N,C,C,A,A,H,-,A,D,0,,,,,Y,,-,"- ",0,0,1,0,0,0,0,0,0,"- ","- ",35.734349999999999,-120.28455,"SAN LUIS OBISPO",UNINCORPORATED,-120.28449750999999,35.734456700000003
5728107,2012,2013-10-28,9740,2012-07-09,0215,015167,,1,3,9,4000,0,1,2,,2,001,"RT 101","SANTA BARBARA RD",1003.00,N,N,A,-,Y,SLO,5,101,-,-,45.210,H,-,S,Y,3,0,1,1,A,-,08,22107,,N,E,I,A,A,H,-,D,D,1,,,,,Y,,A,01,0,1,0,0,0,0,0,0,0,"- ","- ",35.446779999999997,-120.63897,"SAN LUIS OBISPO",UNINCORPORATED,-120.66098242,35.481504710000003
5728254,2012,2013-10-28,9745,2012-07-10,1315,11721,,2,1,9,4000,0,3,5,,2,003,"CRESTMONT DR","WINDMILL WY",30.00,W,N,A,-,N,,,,,,,,,,Y,3,0,2,2,A,-,01,23152,A,N,A,C,A,A,H,-,A,D,0,,,,,Y,Y,D,22,0,2,0,0,0,0,0,0,0,"- ","- ",35.226730000000003,-120.6296,"SAN LUIS OBISPO",UNINCORPORATED,-120.62981755,35.226602409999998
5732567,2012,2013-10-01,9740,2012-06-28,1255,13733,,4,1,9,4000,0,3,5,,2,019,"NORTH RIVER RD","ESTRELLA RD",7920.00,S,N,A,-,N,,,,,,,,,,Y,3,0,1,1,A,-,08,22107,,N,E,I,A,A,H,-,A,D,0,,,,,Y,,A,07,0,1,0,0,0,0,0,0,0,"- ","- ",35.714660000000002,-120.68093,"SAN LUIS OBISPO",UNINCORPORATED,-120.68157993,35.715365040000002
5732571,2012,2013-10-01,9740,2012-06-10,2255,13133,,7,3,9,4000,0,3,5,,2,024,"ARDATH DR","HADDON DR",213.00,E,N,A,-,N,,,,,,,,,,Y,2,0,2,1,A,-,01,23152,A,N,E,I,A,A,H,-,D,D,0,,,,,Y,Y,A,07,2,0,0,0,0,0,0,0,0,"- ","- ",35.549889999999998,-121.08722,"SAN LUIS OBISPO",UNINCORPORATED,-121.08728667,35.549947260000003
5732620,2012,2014-01-27,9740,2012-06-25,1335,17426,,1,1,3,4004,0,1,2,,2,003,"RT 101","RT 46",2640.00,N,N,A,-,Y,SLO,5,101,-,-,58.430,H,-,N,Y,4,0,1,1,A,-,08,22107,,N,E,I,A,A,H,-,A,D,1,,,,,Y,,A,08,0,0,1,0,0,0,0,0,0,"- ","- ",35.596719999999998,-120.69502,"SAN LUIS OBISPO","PASO ROBLES",-120.68896512000001,35.649498370000003
5735877,2012,2013-10-31,9745,2012-07-10,0915,11721,,2,1,9,4000,0,3,5,,2,002,"ONTARIO RD","SAN LUIS BAY DR",2112.00,N,N,A,-,N,,,,,,,,,,N,4,0,1,1,D,-,00,,,N,F,A,A,A,H,-,A,D,0,,Y,,,Y,,-,"- ",0,0,1,0,0,0,1,0,0,"- ","- ",35.201599999999999,-120.69768999999999,"SAN LUIS OBISPO",UNINCORPORATED,-120.69783021000001,35.201448689999999
5736092,2012,2013-09-06,4008,2012-05-12,2300,1054,,6,5,4,4008,0,0,0,,0,,"OLMEDA AV","TRAFFIC WY",5.00,N,N,A,-,N,,,,,,,,,,N,4,0,1,2,A,-,05,21650,,N,G,B,E,A,H,-,C,A,0,Y,,,,Y,,-,"- ",0,0,1,0,1,0,0,0,0,"- ","- ",35.492539999999998,-120.66828,"SAN LUIS OBISPO",ATASCADERO,-120.66830760000001,35.492561209999998