CASE_ID,ACCIDENT_YEAR,PROC_DATE,JURIS,COLLISION_DATE,COLLISION_TIME,OFFICER_ID,REPORTING_DISTRICT,DAY_OF_WEEK,CHP_SHIFT,POPULATION,CNTY_CITY_LOC,SPECIAL_COND,BEAT_TYPE,CHP_BEAT_TYPE,CITY_DIVISION_LAPD,CHP_BEAT_CLASS,BEAT_NUMBER,PRIMARY_RD,SECONDARY_RD,DISTANCE,DIRECTION,INTERSECTION,WEATHER_1,WEATHER_2,STATE_HWY_IND,CALTRANS_COUNTY,CALTRANS_DISTRICT,STATE_ROUTE,ROUTE_SUFFIX,POSTMILE_PREFIX,POSTMILE,LOCATION_TYPE,RAMP_INTERSECTION,SIDE_OF_HWY,TOW_AWAY,COLLISION_SEVERITY,NUMBER_KILLED,NUMBER_INJURED,PARTY_COUNT,PRIMARY_COLL_FACTOR,PCF_CODE_OF_VIOL,PCF_VIOL_CATEGORY,PCF_VIOLATION,PCF_VIOL_SUBSECTION,HIT_AND_RUN,TYPE_OF_COLLISION,MVIW,PED_ACTION,ROAD_SURFACE,ROAD_COND_1,ROAD_COND_2,LIGHTING,CONTROL_DEVICE,CHP_ROAD_TYPE,PEDESTRIAN_ACCIDENT,BICYCLE_ACCIDENT,MOTORCYCLE_ACCIDENT,TRUCK_ACCIDENT,NOT_PRIVATE_PROPERTY,ALCOHOL_INVOLVED,STWD_VEHTYPE_AT_FAULT,CHP_VEHTYPE_AT_FAULT,COUNT_SEVERE_INJ,COUNT_VISIBLE_INJ,COUNT_COMPLAINT_PAIN,COUNT_PED_KILLED,COUNT_PED_INJURED,COUNT_BICYCLIST_KILLED,COUNT_BICYCLIST_INJURED,COUNT_MC_KILLED,COUNT_MC_INJURED,PRIMARY_RAMP,SECONDARY_RAMP,LATITUDE,LONGITUDE,COUNTY,CITY,POINT_X,POINT_Y
6126590,2013,2014-03-06,4006,2013-06-22,0826,64920,,6,5,4,4006,0,0,0,,0,,"RT 1",MURRAY,65.00,N,N,A,-,Y,SLO,5,1,-,-,17.120,H,-,S,N,4,0,2,2,A,-,03,22350,,N,C,C,A,A,H,-,A,A,0,,,,,Y,,A,01,0,0,2,0,0,0,0,0,0,"- ","- ",,,"SAN LUIS OBISPO","SAN LUIS OBISPO",-120.667056,35.290802399999997
6127669,2013,2014-03-10,9745,2013-06-19,1453,16719,,3,2,9,4000,0,3,5,,2,004,"DAWN RD","CALLE FRESA",308.00,W,N,A,-,N,,,,,,,,,,Y,3,0,1,1,A,-,01,23152,A,N,F,A,A,A,H,-,A,D,0,,,,,Y,Y,A,07,0,1,0,0,0,0,0,0,0,"- ","- ",35.040419999999997,-120.52605,"SAN LUIS OBISPO",UNINCORPORATED,-120.52533990000001,35.040166599999999
6129520,2013,2014-03-12,9745,2013-07-05,1250,017017,,5,1,9,4000,0,3,5,,2,002,"OCEAN BL","OLD CREEK RD",0.00,,Y,A,-,N,,,,,,,,,,N,4,0,1,2,A,-,09,21802,A,N,H,G,A,A,H,-,A,D,0,,Y,,,Y,,L,04,0,0,1,0,0,0,1,0,0,"- ","- ",35.428739999999998,-120.88128,"SAN LUIS OBISPO",UNINCORPORATED,-120.88161270000001,35.428974799999999
6132599,2013,2014-03-05,9740,2013-06-30,1617,011615,,7,2,9,4000,0,1,2,,2,004,"RT 101","NIBLICK BRIDGE",739.00,S,N,A,-,Y,SLO,5,101,-,-,55.820,H,-,N,Y,4,0,1,1,A,-,01,23152,A,N,E,I,A,-,H,-,A,D,1,,,,,Y,,A,01,0,0,1,0,0,0,0,0,0,"- ","- ",35.614080000000001,-120.68917,"SAN LUIS OBISPO",UNINCORPORATED,-120.6898906,35.6131283
6134874,2013,2014-03-01,4004,2013-05-31,1317,1054,01,5,5,3,4004,0,0,0,,0,014,SPRING,"21ST ST",4.00,S,N,A,-,N,,,,,,,,,,N,2,0,1,2,A,-,10,21950,A,N,G,B,B,A,H,-,A,A,0,Y,,,,Y,,A,01,1,0,0,0,1,0,0,0,0,"- ","- ",,,"SAN LUIS OBISPO","PASO ROBLES",-120.6921918,35.636023899999998
6137518,2013,2014-03-22,9740,2013-07-12,1245,012113,,5,1,9,4000,0,1,3,,1,009,"RT 46","KERN CO LINE",73.00,W,N,A,-,Y,SLO,5,46,-,-,60.840,H,-,E,Y,3,0,3,2,A,-,09,21801,A,N,D,C,A,A,H,-,A,D,0,,,,,Y,,D,22,0,1,2,0,0,0,0,0,0,"- ","- ",35.726680000000002,-120.49411000000001,"SAN LUIS OBISPO",UNINCORPORATED,-120.1940178,35.726577300000002
6139726,2013,2014-03-20,9740,2013-07-05,0930,11452,,5,1,9,4000,0,3,5,,2,017,"MAIN ST","RAMADA DR",0.00,,Y,A,-,N,,,,,,,,,,N,4,0,1,2,A,-,03,22350,,N,C,C,A,A,H,-,A,D,0,,,,,Y,,A,01,0,0,1,0,0,0,0,0,0,"- ","- ",35.565280000000001,-120.70129,"SAN LUIS OBISPO",UNINCORPORATED,-120.7012926,35.565224899999997
6139738,2013,2014-03-20,9740,2013-07-06,1145,17283,,6,1,9,4000,0,3,5,,2,022,"ADELAIDA RD","NACIMIENTO LAKE DR",2112.00,S,N,A,-,N,,,,,,,,,,Y,4,0,1,2,A,-,09,21804,A,N,D,C,A,A,H,-,A,D,0,,,,,Y,,A,01,0,0,1,0,0,0,0,0,0,"- ","- ",35.640160000000002,-120.72692000000001,"SAN LUIS OBISPO",UNINCORPORATED,-120.7271559,35.648106800000001
6139742,2013,2014-03-20,9740,2013-07-07,1830,13133,,7,2,9,4000,0,1,3,,2,008,"RT 46","UNION RD",1056.00,E,N,A,-,Y,SLO,5,46,-,-,38.810,H,-,E,Y,4,0,3,3,A,-,03,22350,,N,C,C,A,A,H,-,A,D,0,,,,,Y,,A,07,0,0,3,0,0,0,0,0,0,"- ","- ",35.64461,-120.64761,"SAN LUIS OBISPO",UNINCORPORATED,-120.5305852,35.654684899999999
6141461,2013,2014-03-07,4006,2013-06-25,1630,27940,,2,5,4,4006,0,0,0,,0,,BROAD,"TANK FARM",0.00,,Y,A,-,N,,,,,,,,,,N,4,0,1,2,A,-,11,21954,A,N,G,B,B,A,H,-,A,A,0,Y,,,,Y,,N,60,0,0,1,0,1,0,0,0,0,"- ","- ",,,"SAN LUIS OBISPO","SAN LUIS OBISPO",-120.6430527,35.248344899999999
6143116,2013,2014-03-06,4001,2013-06-18,1226,P0114,4,2,5,3,4001,0,0,0,,0,CITY,"JAMES WY","RODEO DR",0.00,,Y,A,-,N,,,,,,,,,,Y,3,0,2,2,A,-,12,22450,A,N,D,C,A,A,H,-,A,A,0,,,,,Y,,A,01,0,2,0,0,0,0,0,0,0,"- ","- ",,,"SAN LUIS OBISPO","ARROYO GRANDE",-120.5841027,35.134214900000003
6143120,2013,2014-03-06,4001,2013-06-22,1130,P082,3,6,5,3,4001,0,0,0,,0,CITY,"BRANCH ST","CAMINO MERCADO",141.00,W,N,A,-,Y,,,,,,,,,,Y,4,0,2,3,A,-,03,22350,,N,C,C,A,A,H,-,A,A,0,,,,,Y,,A,01,0,0,2,0,0,0,0,0,0,"- ","- ",,,"SAN LUIS OBISPO","ARROYO GRANDE",-120.6015441,35.129026500000002
6143287,2013,2014-03-13,9745,2013-07-14,1350,15144,,7,1,9,4000,0,1,3,,1,041,"RT 1","HARDING DR",0.00,,Y,A,-,Y,SLO,5,1,-,-,13.110,I,5,N,N,4,0,1,2,A,-,03,22350,,N,C,C,A,A,H,-,A,D,0,,,,,Y,,D,22,0,0,1,0,0,0,0,0,0,"- ","- ",35.108629999999998,-120.62394999999999,"SAN LUIS OBISPO",UNINCORPORATED,-120.62406540000001,35.108773800000002
6143524,2013,2014-03-11,9745,2013-07-08,1350,017238,,1,1,9,4000,0,2,4,,1,046,"PRICE CANYON RD","THOUSAND HILLS RD",1056.00,N,N,A,-,N,,,,,,,,,,Y,4,0,3,2,A,-,05,21460,A,N,A,C,A,A,H,-,A,D,0,,,,,Y,,A,01,0,0,3,0,0,0,0,0,0,"- ","- ",35.164349999999999,-120.63472,"SAN LUIS OBISPO",UNINCORPORATED,-120.63145459,35.165305510000003
6143612,2013,2014-03-11,9745,2013-07-12,0758,015734,,5,1,9,4000,0,1,3,,2,023,"RT 1","WESTMONT AV",375.00,S,N,A,-,Y,SLO,5,1,-,-,17.990,H,-,N,Y,4,0,1,1,A,-,03,22350,,N,E,I,A,A,H,-,A,D,1,,,,,Y,,A,07,0,0,1,0,0,0,0,0,0,"- ","- ",35.500230000000002,-120.67525999999999,"SAN LUIS OBISPO",UNINCORPORATED,-120.67569949999999,35.300662600000003
6143679,2013,2014-03-11,9745,2013-07-16,1741,015366,,2,2,9,4000,0,3,5,,2,002,"FOOTHILL BL","LOS CERROS DR",500.00,S,N,A,-,N,,,,,,,,,,Y,4,0,2,2,A,-,09,21802,A,N,D,C,A,A,H,-,A,D,0,,,,,Y,,A,01,0,0,2,0,0,0,0,0,0,"- ","- ",35.291220000000003,-120.69035,"SAN LUIS OBISPO",UNINCORPORATED,-120.6874617,35.293129399999998
6145558,2013,2014-03-14,9745,2013-07-22,1152,015734,,1,1,9,4000,0,2,4,,1,024,"SOUTH BAY BL","TURRI RD",538.00,N,N,A,-,N,,,,,,,,,,Y,4,0,1,2,A,-,03,22350,,N,C,C,A,A,H,-,A,D,0,,,,,Y,,D,22,0,0,1,0,0,0,0,0,0,"- ","- ",35.337879999999998,-120.82323,"SAN LUIS OBISPO",UNINCORPORATED,-120.8233175,35.338042700000003
6146003,2013,2014-03-18,9745,2013-07-22,1140,017238,,1,1,2,4005,0,1,2,,2,404,"RT 101","SPYGLASS DR",1056.00,N,N,B,-,Y,SLO,5,101,-,R,20.030,H,-,S,Y,3,0,1,1,A,-,08,22107,,N,E,I,A,A,H,-,A,D,1,,,,,Y,,A,01,0,1,0,0,0,0,0,0,0,"- ","- ",35.16207,-120.69207,"SAN LUIS OBISPO","PISMO BEACH",-120.6901467,35.166924199999997
6146031,2013,2014-03-18,9750,2013-07-21,0207,018009,,7,3,9,4000,0,1,3,,1,066,"RT 166","KERN COUNTY LINE",4224.00,W,N,-,-,Y,SLO,5,33,-,-,4.150,H,-,N,Y,3,0,1,1,A,-,03,22350,,N,E,J,A,-,-,-,-,D,0,,,Y,,Y,,C,02,0,1,0,0,0,0,0,0,1,"- ","- ",34.938189999999999,-119.468,"SAN LUIS OBISPO",UNINCORPORATED,-119.4876541,34.938113000000001
6146474,2013,2014-03-18,9745,2013-07-16,0435,17968,,2,3,9,4000,0,1,3,,2,023,"RT 1","SAN BERNARDO CREEK RD",200.00,N,N,A,-,Y,SLO,5,1,-,-,27.010,H,-,S,Y,3,0,1,1,A,-,08,22107,,N,E,I,A,A,H,-,D,D,1,,,,,Y,,A,07,0,1,0,0,0,0,0,0,0,"- ","- ",35.362290000000002,-120.80964,"SAN LUIS OBISPO",UNINCORPORATED,-120.8082296,35.362014899999998
6146478,2013,2014-03-18,9745,2013-07-15,1717,16514,,1,2,9,4000,0,1,2,,1,101,"RT 101","EL CAMINO REAL",32.00,S,N,A,-,Y,SLO,5,101,-,-,31.720,H,-,S,Y,3,0,1,1,A,-,08,22107,,N,E,I,A,A,H,-,A,D,5,,,,,Y,,A,01,0,1,0,0,0,0,0,0,0,"- ","- ",35.302770000000002,-120.62555,"SAN LUIS OBISPO",UNINCORPORATED,-120.6259824,35.303018899999998
6146938,2013,2014-03-12,9745,2013-07-21,1648,016068,,7,2,9,4000,0,2,4,,1,025,"LOS OSOS VALLEY RD","FOOTHILL BL",10560.00,W,N,A,-,N,,,,,,,,,,Y,3,0,1,1,C,-,18,,,N,E,I,A,A,H,-,A,D,0,,,,,Y,,-,"- ",0,1,0,0,0,0,0,0,0,"- ","- ",35.287559999999999,-120.74066000000001,"SAN LUIS OBISPO",UNINCORPORATED,-120.74382319999999,35.288544299999998
6146946,2013,2014-03-12,9745,2013-07-20,0530,015144,,6,3,9,4000,0,1,3,,1,045,"RT 1","DIVISION ST",290.00,N,N,B,-,Y,SLO,5,1,-,-,0.990,H,-,S,Y,3,0,2,3,A,-,03,22350,,N,A,E,E,A,C,-,D,D,0,Y,,,,Y,,A,01,0,1,1,0,1,0,0,0,0,"- ","- ",34.99174,-120.57061,"SAN LUIS OBISPO",UNINCORPORATED,-120.5705778,34.992249700000002
6148200,2013,2014-03-13,9740,2013-07-13,2219,014947,,6,3,9,4000,0,1,2,,2,002,"RT 101","MAIN ST",1056.00,N,N,A,-,Y,SLO,5,101,-,-,52.640,H,-,N,Y,2,0,1,2,A,-,01,23152,A,F,G,B,E,A,H,-,C,D,1,Y,,,,Y,Y,A,01,1,0,0,0,1,0,0,0,0,"- ","- ",,,"SAN LUIS OBISPO",UNINCORPORATED,-120.70017850000001,35.569118500000002
6152820,2013,2014-03-10,4005,2013-06-30,1720,P085,5,7,5,2,4005,0,0,0,,0,,DOLLIVER,FRADY,47.00,N,N,A,-,Y,SLO,5,1,-,-,15.040,H,-,N,N,4,0,1,2,A,-,03,22350,,N,-,C,A,A,H,-,A,D,0,,,,,Y,,D,22,0,0,1,0,0,0,0,0,0,"- ","- ",,,"SAN LUIS OBISPO","PISMO BEACH",-120.63594500000001,35.134221500000002
6152828,2013,2014-03-22,4005,2013-07-17,1400,P096,3,3,5,2,4005,0,0,0,,0,,PRICE,WADSWORTH,61.00,S,N,A,-,N,,,,,,,,,,N,3,0,1,2,A,-,17,22517,,N,H,G,A,A,H,-,A,D,0,,Y,,,Y,,D,22,0,1,0,0,0,0,1,0,0,"- ","- ",,,"SAN LUIS OBISPO","PISMO BEACH",-120.6423829,35.143782799999997
6152832,2013,2014-03-22,4005,2013-07-14,1853,P096,5,7,5,2,4005,0,0,0,,0,,"FIVE CITIES DR","4TH ST",854.00,N,N,A,-,N,,,,,,,,,,Y,4,0,1,2,A,-,09,21804,A,N,D,C,A,A,H,-,A,D,0,,,,,Y,,A,01,0,0,1,0,0,0,0,0,0,"- ","- ",,,"SAN LUIS OBISPO","PISMO BEACH",-120.6249797,35.136109099999999
6157862,2013,2014-03-28,4006,2013-07-13,0250,16380,,6,5,4,4006,0,0,0,,0,,BROAD,CENTER,80.00,S,N,A,-,N,,,,,,,,,,N,3,0,1,1,A,-,03,22350,,N,F,I,A,A,H,-,C,D,0,,Y,,,Y,Y,L,04,0,1,0,0,0,0,1,0,0,"- ","- ",,,"SAN LUIS OBISPO","SAN LUIS OBISPO",-120.6699624,35.286162900000001
6157865,2013,2014-03-17,9745,2013-07-30,0727,015734,,2,1,9,4000,0,2,4,,1,025,"LOS OSOS VALLEY RD","JACARANDA LN",1155.00,E,N,B,-,N,,,,,,,,,,Y,2,0,3,3,A,-,01,23152,A,N,A,C,A,A,H,-,A,A,0,,,,,Y,Y,A,01,2,0,1,0,0,0,0,0,0,"- ","- ",35.308450000000001,-120.79961,"SAN LUIS OBISPO",UNINCORPORATED,-120.78660410000001,35.2992147
6158241,2013,2014-03-19,9740,2013-07-17,1335,019259,,3,1,3,4004,0,1,2,,2,003,"RT 101","RT 46",2640.00,N,N,A,-,Y,SLO,5,101,-,-,54.630,H,-,N,Y,4,0,1,2,A,-,08,22107,,N,C,C,A,A,H,-,A,D,1,,,,Y,Y,,A,01,0,0,1,0,0,0,0,0,0,"- ","- ",35.597670000000001,-120.6944,"SAN LUIS OBISPO","PASO ROBLES",-120.6945288,35.597618799999999
6158729,2013,2014-03-18,9745,2013-07-18,0730,12876,,4,1,9,4000,0,3,5,,2,004,"PARK HILL RD","MARINA RD",1056.00,N,N,B,-,N,,,,,,,,,,N,4,0,1,3,A,-,21,22106,,N,H,C,F,A,H,-,A,D,0,Y,,,,Y,,A,01,0,0,1,0,1,0,0,0,0,"- ","- ",35.194380000000002,-120.46017000000001,"SAN LUIS OBISPO",UNINCORPORATED,-120.46019733,35.194392909999998
6159025,2013,2014-03-19,4004,2013-07-06,1224,1199,04,6,5,3,4004,0,0,0,,0,042,"VERONICA DR","TANYA DR",170.00,S,N,A,-,N,,,,,,,,,,Y,3,0,1,1,B,-,22,,,N,E,I,A,A,H,-,A,D,0,,,,,Y,,D,22,0,1,0,0,0,0,0,0,0,"- ","- ",,,"SAN LUIS OBISPO","PASO ROBLES",-120.6681107,35.616498200000002
6159861,2013,2014-03-10,4008,2013-06-11,0139,1029,,2,5,4,4008,0,0,0,,0,,"DULZURA AV","BAJADA AV",0.00,,Y,A,-,N,,,,,,,,,,Y,3,0,2,1,A,-,05,21650,,N,A,I,A,A,H,-,C,A,0,,,,,Y,Y,A,01,0,2,0,0,0,0,0,0,0,"- ","- ",,,"SAN LUIS OBISPO",ATASCADERO,-120.6723427,35.498744899999998
6163172,2013,2014-03-28,9745,2013-08-01,0750,012876,,4,1,9,4000,0,3,5,,2,004,"NOYES RD","HILLSIDE LN",280.00,E,N,B,-,N,,,,,,,,,,Y,3,0,2,2,A,-,06,21750,,N,B,C,A,A,H,-,A,D,0,,,,,Y,,A,01,0,1,1,0,0,0,0,0,0,"- ","- ",35.154800000000002,-120.58687999999999,"SAN LUIS OBISPO",UNINCORPORATED,-120.58681011,35.154798929999998
6165381,2013,2014-03-25,9740,2013-08-11,1610,17426,,7,2,9,4000,0,1,3,,1,009,"RT 46","BITTERWATER RD",500.00,E,N,A,-,Y,SLO,5,46,-,-,52.890,H,-,E,N,4,0,1,2,A,-,03,22350,,N,C,C,A,A,H,-,A,D,0,,,,,Y,,A,07,0,0,1,0,0,0,0,0,0,"- ","- ",35.712829999999997,-120.3074,"SAN LUIS OBISPO",UNINCORPORATED,-120.3093269,35.711585800000002
6167651,2013,2014-03-19,9740,2013-07-24,1230,017283,,3,1,9,4000,0,3,5,,2,022,"CHIMNEY ROCK RD","NACIMIENTO LAKE DR",5808.00,W,N,A,-,N,,,,,,,,,,Y,3,0,2,1,A,-,08,22107,,N,F,A,A,A,H,-,A,D,0,,,,,Y,,A,07,0,1,1,0,0,0,0,0,0,"- ","- ",35.678280000000001,-120.81171000000001,"SAN LUIS OBISPO",UNINCORPORATED,-120.8096182,35.680072699999997
6168858,2013,2014-03-24,9745,2013-08-10,1524,017017,,6,2,9,4000,0,3,5,,2,004,"NOYES RD","EQUESTRIAN WY",768.00,E,N,A,-,N,,,,,,,,,,Y,3,0,1,2,A,-,01,23152,A,N,B,C,A,A,H,-,A,D,0,,,,,Y,Y,A,07,0,1,0,0,0,0,0,0,0,"- ","- ",35.144759999999998,-120.59559,"SAN LUIS OBISPO",UNINCORPORATED,-120.5959514,35.144623600000003
6169775,2013,2014-03-29,4006,2013-08-03,1625,64920,,6,5,4,4006,0,0,0,,0,,"SANTA ROSA",MONTEREY,0.00,,Y,A,-,N,,,,,,,,,,Y,3,0,1,2,A,-,01,23153,B,N,D,D,A,A,H,-,A,A,0,,,,,Y,Y,A,01,0,1,0,0,0,0,0,0,0,"- ","- ",,,"SAN LUIS OBISPO","SAN LUIS OBISPO",-120.66003259999999,35.282614899999999
6170021,2013,2014-04-04,9740,2013-08-08,0640,11452,,4,1,9,4000,0,1,3,,2,007,"RT 41","HOMESTEAD RD",4752.00,N,N,B,-,Y,SLO,5,41,-,-,20.930,H,-,N,Y,4,0,1,1,A,-,08,22107,,N,E,I,A,A,H,-,A,D,0,,,,,Y,,A,01,0,0,1,0,0,0,0,0,0,"- ","- ",35.505960000000002,-120.62483,"SAN LUIS OBISPO",UNINCORPORATED,-120.6257504,35.506586200000001
6170222,2013,2014-03-22,9740,2013-07-31,1710,13133,,3,2,9,4000,0,3,5,,2,018,"GENESEO RD","RT 46",13.00,N,N,A,-,Y,,,,,,,,,,Y,3,0,3,1,A,-,08,22107,,N,F,J,A,A,H,-,A,D,0,,,,,Y,,A,01,0,2,1,0,0,0,0,0,0,"- ","- ",35.656010000000002,-120.56095999999999,"SAN LUIS OBISPO",UNINCORPORATED,,
6172110,2013,2014-03-25,9745,2013-08-09,1810,017541,,5,2,9,4000,0,3,5,,2,002,"PASO ROBLES AV","13TH ST",50.00,E,N,A,-,N,,,,,,,,,,N,4,0,1,2,A,-,03,22350,,N,F,A,A,A,H,-,A,D,0,,,Y,,Y,,C,02,0,0,1,0,0,0,0,0,0,"- ","- ",35.192700000000002,-120.4943,"SAN LUIS OBISPO",UNINCORPORATED,-120.82866509999999,35.324383300000001
6172967,2013,2014-03-21,4006,2013-07-31,1534,25950,,3,5,4,4006,0,0,0,,0,,"CALIFORNIA AV",PALM,0.00,,Y,A,-,N,,,,,,,,,,N,3,0,1,2,A,-,08,21717,,N,D,G,A,A,H,-,A,D,0,,Y,,,Y,,A,01,0,1,0,0,0,0,1,0,0,"- ","- ",,,"SAN LUIS OBISPO","SAN LUIS OBISPO",-120.6552626,35.286774899999998
6175852,2013,2014-03-27,9740,2013-08-03,2230,19259,,6,3,9,4000,0,3,5,,2,022,"CHIMNEY ROCK RD","ANGUS RANCH WY",5280.00,E,N,A,-,N,,,,,,,,,,Y,3,0,3,1,A,-,08,22107,,N,E,I,A,A,H,-,D,D,0,,,,,Y,,A,01,0,3,0,0,0,0,0,0,0,"- ","- ",35.6815,-120.9341,"SAN LUIS OBISPO",UNINCORPORATED,-120.9316616,35.669620100000003
6178844,2013,2014-03-21,9740,2013-08-19,0756,14947,,1,1,9,4000,0,1,2,,2,002,"RT 101","MAIN ST",528.00,S,N,A,-,Y,SLO,5,101,-,-,52.340,H,-,N,Y,4,0,1,1,A,-,08,22107,,N,E,I,A,A,H,-,A,D,1,,,,,Y,,D,22,0,0,1,0,0,0,0,0,0,"- ","- ",35.562510000000003,-120.70441,"SAN LUIS OBISPO",UNINCORPORATED,-120.7022869,35.565276599999997
6184963,2013,2014-03-25,9745,2013-08-24,0949,015734,,6,1,9,4000,0,1,3,,1,041,"RT 1","PIER AV",87.00,S,N,B,-,Y,SLO,5,1,-,-,13.000,H,-,S,N,3,0,1,2,A,-,08,22107,,N,F,A,A,A,H,-,A,D,0,,Y,,,Y,,D,22,0,1,0,0,0,0,1,0,0,"- ","- ",35.106929999999998,-120.62336000000001,"SAN LUIS OBISPO",UNINCORPORATED,-120.62336259999999,35.107322199999999
6185001,2013,2014-03-22,4001,2013-07-18,1702,P0110,3,4,5,3,4001,0,0,0,,0,CITY,"CAMINO MERCADO","WEST BRANCH ST",3.00,N,N,A,-,Y,SLO,5,101,-,-,14.181,R,4,N,N,2,0,1,2,A,-,08,22100,,N,H,G,A,A,H,-,A,A,0,,Y,,,Y,,D,23,1,0,0,0,0,0,1,0,0,"- ","- ",,,"SAN LUIS OBISPO","ARROYO GRANDE",-120.59842260000001,35.126844900000002
6185108,2013,2014-04-01,9745,2013-08-24,1415,017146,,6,2,9,4000,0,3,5,,2,004,"LAKESIDE AV","PIER AV",100.00,S,N,A,-,N,,,,,,,,,,N,3,0,2,3,A,-,21,22106,,N,G,B,D,A,H,-,A,D,0,Y,,,,Y,,A,01,0,2,0,0,2,0,0,0,0,"- ","- ",35.105629999999998,-120.62697,"SAN LUIS OBISPO",UNINCORPORATED,-120.62773168,35.105696629999997
6186333,2013,2014-03-20,4001,2013-07-04,1235,82,11,4,5,3,4001,0,0,0,,0,,"ELM ST","FAIR OAKS AV",4.00,S,N,A,-,N,,,,,,,,,,Y,4,0,1,2,A,-,01,23152,A,M,B,E,A,A,H,-,A,D,0,,,,,Y,,A,07,0,0,1,0,0,0,0,0,0,"- ","- ",,,"SAN LUIS OBISPO","ARROYO GRANDE",-120.6005531,35.112743799999997
6188448,2013,2014-03-20,9745,2013-08-28,0822,013531,,3,1,9,4000,0,1,3,,1,032,"RT 227","KENDALL RD",126.00,S,N,A,-,Y,SLO,5,227,-,R,10.050,H,-,S,Y,3,0,2,2,A,-,08,22107,,N,C,C,A,A,H,-,A,D,0,,,,,Y,,A,01,0,1,1,0,0,0,0,0,0,"- ","- ",35.236649999999997,-120.63393000000001,"SAN LUIS OBISPO",UNINCORPORATED,-120.6319654,35.234425199999997
6188969,2013,2014-03-24,4008,2013-08-14,1851,1045,,3,5,4,4008,0,0,0,,0,,"PORTOLA RD","MORRO RD",0.00,,Y,A,-,Y,SLO,5,41,-,-,14.740,I,5,N,N,4,0,1,2,A,-,09,21801,A,F,A,C,A,A,H,-,A,A,0,,,,,Y,,D,22,0,0,1,0,0,0,0,0,0,"- ","- ",,,"SAN LUIS OBISPO",ATASCADERO,-120.66987589999999,35.469101899999998
6188981,2013,2014-03-28,4008,2013-08-12,1907,1045,,1,5,4,4008,0,0,0,,0,,"SANTA BARBARA RD","RT 101",0.00,,Y,A,-,Y,SLO,5,101,-,-,42.400,R,4,S,N,4,0,1,2,A,-,03,22350,,N,C,C,A,A,H,-,A,A,0,,,,,Y,,A,08,0,0,1,0,0,0,0,0,0,"- ",SF,,,"SAN LUIS OBISPO",ATASCADERO,-120.6389726,35.447054899999998
6189470,2013,2014-04-01,4004,2013-08-08,1049,1200,02,4,5,3,4004,0,0,0,,0,022,13TH,PINE,0.00,,Y,A,-,N,,,,,,,,,,N,4,0,1,2,A,-,09,21802,A,N,D,C,A,A,H,-,A,A,0,,,,,Y,,A,01,0,0,1,0,0,0,0,0,0,"- ","- ",,,"SAN LUIS OBISPO","PASO ROBLES",-120.6889726,35.627834900000003
6194568,2013,2014-03-29,9740,2013-08-22,0625,19259,,4,1,9,4000,0,3,5,,2,017,"SHELL CREEK RD","RT 58",21120.00,N,N,A,-,N,,,,,,,,,,Y,3,0,1,1,A,-,08,22107,,N,F,A,A,A,H,-,B,D,0,,,,,Y,,A,01,0,1,0,0,0,0,0,0,0,"- ","- ",35.526179999999997,-120.32995,"SAN LUIS OBISPO",UNINCORPORATED,-120.3310556,35.512842999999997
6194623,2013,2014-03-29,9745,2013-08-13,0434,15366,,2,3,9,4000,0,1,2,,1,101,"RT 101","RT 58",3960.00,S,N,A,-,Y,SLO,5,101,-,-,37.110,H,-,N,Y,3,0,1,1,A,-,08,22107,,N,E,I,A,A,H,-,C,D,1,,,,,Y,,A,01,0,1,0,0,0,0,0,0,0,"- ","- ",35.374499999999998,-120.63851,"SAN LUIS OBISPO",UNINCORPORATED,-120.6384237,35.374083499999998
6194627,2013,2014-03-29,9745,2013-08-19,0820,15565,,1,1,9,4000,0,1,3,,1,011,"RT 41","CERRO ALTO RD",2640.00,W,N,A,-,Y,SLO,5,41,-,-,6.730,H,-,N,Y,4,0,1,1,A,-,08,22107,,N,F,A,A,A,H,-,A,D,0,,,,,Y,,A,07,0,0,1,0,0,0,0,0,0,"- ","- ",35.428109999999997,-120.76035,"SAN LUIS OBISPO",UNINCORPORATED,-120.75991070000001,35.428395999999999
6194665,2013,2014-04-05,9740,2013-08-24,1700,13733,,6,2,9,4000,0,1,3,,2,011,"RT 46","JACK CREEK BRIDGE",363.00,E,N,A,-,Y,SLO,5,46,-,R,15.600,H,-,E,Y,3,0,2,2,A,-,03,22350,,N,C,C,A,A,H,-,A,D,0,,,,,Y,,A,01,0,2,0,0,0,0,0,0,0,"- ","- ",35.548839999999998,-120.78592,"SAN LUIS OBISPO",UNINCORPORATED,-120.7920146,35.547733299999997
6196483,2013,2014-03-27,9745,2013-08-31,0740,015565,,6,1,9,4000,0,3,5,,2,002,"SANTA YSABEL AV","9TH ST",40.00,W,N,B,-,N,,,,,,,,,,Y,4,0,1,1,A,-,08,22107,,N,E,I,A,A,D,-,A,A,0,,,,,Y,,A,01,0,0,1,0,0,0,0,0,0,"- ","- ",35.330010000000001,-120.83344,"SAN LUIS OBISPO",UNINCORPORATED,-120.8333768,35.329984799999998
6199441,2013,2014-03-18,4005,2013-07-30,1431,P096,5,2,5,2,4005,0,0,0,,0,,"4TH ST","FIVE CITIES DR",235.00,W,N,A,-,N,,,,,,,,,,N,4,0,1,2,A,-,03,22350,,N,C,C,A,A,H,-,A,A,0,,,,,Y,,A,07,0,0,1,0,0,0,0,0,0,"- ","- ",,,"SAN LUIS OBISPO","PISMO BEACH",-120.62240559999999,35.135107699999999