CASE_ID,ACCIDENT_YEAR,PROC_DATE,JURIS,COLLISION_DATE,COLLISION_TIME,OFFICER_ID,REPORTING_DISTRICT,DAY_OF_WEEK,CHP_SHIFT,POPULATION,CNTY_CITY_LOC,SPECIAL_COND,BEAT_TYPE,CHP_BEAT_TYPE,CITY_DIVISION_LAPD,CHP_BEAT_CLASS,BEAT_NUMBER,PRIMARY_RD,SECONDARY_RD,DISTANCE,DIRECTION,INTERSECTION,WEATHER_1,WEATHER_2,STATE_HWY_IND,CALTRANS_COUNTY,CALTRANS_DISTRICT,STATE_ROUTE,ROUTE_SUFFIX,POSTMILE_PREFIX,POSTMILE,LOCATION_TYPE,RAMP_INTERSECTION,SIDE_OF_HWY,TOW_AWAY,COLLISION_SEVERITY,NUMBER_KILLED,NUMBER_INJURED,PARTY_COUNT,PRIMARY_COLL_FACTOR,PCF_CODE_OF_VIOL,PCF_VIOL_CATEGORY,PCF_VIOLATION,PCF_VIOL_SUBSECTION,HIT_AND_RUN,TYPE_OF_COLLISION,MVIW,PED_ACTION,ROAD_SURFACE,ROAD_COND_1,ROAD_COND_2,LIGHTING,CONTROL_DEVICE,CHP_ROAD_TYPE,PEDESTRIAN_ACCIDENT,BICYCLE_ACCIDENT,MOTORCYCLE_ACCIDENT,TRUCK_ACCIDENT,NOT_PRIVATE_PROPERTY,ALCOHOL_INVOLVED,STWD_VEHTYPE_AT_FAULT,CHP_VEHTYPE_AT_FAULT,COUNT_SEVERE_INJ,COUNT_VISIBLE_INJ,COUNT_COMPLAINT_PAIN,COUNT_PED_KILLED,COUNT_PED_INJURED,COUNT_BICYCLIST_KILLED,COUNT_BICYCLIST_INJURED,COUNT_MC_KILLED,COUNT_MC_INJURED,PRIMARY_RAMP,SECONDARY_RAMP,LATITUDE,LONGITUDE,COUNTY,CITY,POINT_X,POINT_Y
6262669,2013,2014-04-26,9740,2013-10-20,1300,015167,,7,1,9,4000,0,1,3,,2,005,"RT 58","POZO RD",1056.00,E,N,A,-,Y,SLO,5,58,-,-,3.340,H,-,W,N,2,0,1,1,A,-,03,22350,,N,E,I,A,A,H,-,A,D,0,,,Y,,Y,,C,02,1,0,0,0,0,0,0,0,1,"- ","- ",,,"SAN LUIS OBISPO",UNINCORPORATED,-120.5783826,35.3904949
6262858,2013,2014-04-14,4006,2013-09-25,0804,27940,,3,5,4,4006,0,0,0,,0,,MILL,CALIFORNIA,30.00,W,N,A,-,N,,,,,,,,,,N,3,0,1,2,A,-,03,22350,,N,C,G,A,A,H,-,A,A,0,,Y,,,Y,,L,04,0,1,0,0,0,0,1,0,0,"- ","- ",,,"SAN LUIS OBISPO","SAN LUIS OBISPO",-120.6560604,35.2875564
6262862,2013,2014-05-08,4006,2013-09-29,1235,16380,,7,5,4,4006,0,0,0,,0,,BROAD,"TANK FARM",83.00,N,N,A,-,N,,,,,,,,,,Y,4,0,2,2,A,-,08,22107,,N,B,C,A,A,H,-,A,D,0,,,,,Y,,A,01,0,0,2,0,0,0,0,0,0,"- ","- ",,,"SAN LUIS OBISPO","SAN LUIS OBISPO",-120.6431719,35.248550700000003
6264453,2013,2014-05-02,9740,2013-10-29,0810,13733,,2,1,3,4004,0,1,2,,2,003,"RT 101","NIBLICK RD",5280.00,S,N,B,-,Y,SLO,5,101,-,-,54.970,H,-,N,Y,4,0,1,1,A,-,08,22107,,N,E,I,A,A,H,-,A,D,1,,,,,Y,,A,07,0,0,1,0,0,0,0,0,0,"- ","- ",35.600819999999999,-120.69282,"SAN LUIS OBISPO","PASO ROBLES",-120.692503,35.602065400000001
6266514,2013,2014-04-30,4003,2013-10-24,1240,R6380,3,4,5,2,4003,0,0,0,,0,001,"QUINTANA RD","QUINTANA RD 400",0.00,,N,A,-,N,,,,,,,,,,N,3,0,1,1,A,-,01,23152,A,N,B,D,A,A,H,-,A,D,0,,,,,Y,Y,A,01,0,1,0,0,0,0,0,0,0,"- ","- ",,,"SAN LUIS OBISPO","MORRO BAY",-120.847013,35.370575530000004
6266550,2013,2014-04-30,4003,2013-10-03,0820,G0288,2,4,5,2,4003,0,0,0,,0,001,"ATASCADERO RD","ATASCADERO RD 298",0.00,,N,A,-,Y,,,,,,,,,,N,3,0,1,2,A,-,09,21804,A,F,D,G,A,A,H,-,A,A,0,,Y,,,Y,,-,"- ",0,1,0,0,0,0,1,0,0,"- ","- ",,,"SAN LUIS OBISPO","MORRO BAY",,
6268303,2013,2014-04-29,9740,2013-11-13,0805,012113,,3,1,9,4000,0,3,5,,2,018,"BITTERWATER RD","GILLIS CANYON RD",3168.00,S,N,A,-,N,,,,,,,,,,Y,3,0,3,2,A,-,09,21804,A,N,D,C,A,A,H,-,A,D,0,,,,,Y,,D,22,0,3,0,0,0,0,0,0,0,"- ","- ",35.640799999999999,-120.2068,"SAN LUIS OBISPO",UNINCORPORATED,-120.20680636,35.64009429
6268884,2013,2014-04-15,4003,2013-09-05,1027,G0288,8,4,5,2,4003,0,0,0,,0,002,"MAIN ST","SAN JACINTO",0.00,,Y,A,-,Y,,,,,,,,,,N,4,0,1,2,A,-,17,21200,,N,E,C,A,A,H,-,A,A,0,,Y,,,Y,Y,D,22,0,0,1,0,0,0,1,0,0,"- ","- ",,,"SAN LUIS OBISPO","MORRO BAY",-120.86011259999999,35.393764900000001
6268937,2013,2014-04-30,4003,2013-11-05,1521,B6299,10,2,5,2,4003,0,0,0,,0,002,"RT 1","ATASCADERO RD",0.00,,Y,A,-,Y,SLO,5,1,-,-,30.270,R,1,S,N,4,0,1,2,A,-,03,22350,,N,C,C,A,A,H,-,A,A,0,,,,,Y,,D,22,0,0,1,0,0,0,0,0,0,"- ","- ",,,"SAN LUIS OBISPO","MORRO BAY",-120.8565327,35.382774900000001
6270019,2013,2014-04-02,4003,2013-08-10,1825,C1132,3,6,5,2,4003,0,0,0,,0,001,"QUINTANA RD","MAIN ST",15.00,E,N,A,-,N,,,,,,,,,,N,3,0,1,2,A,-,09,21804,A,N,H,G,A,A,H,-,A,A,0,,Y,,,Y,,L,04,0,1,0,0,0,0,1,0,0,"- ","- ",,,"SAN LUIS OBISPO","MORRO BAY",-120.85017711,35.371353730000003
6270031,2013,2014-04-07,4003,2013-08-29,2012,H9596,10,4,5,2,4003,0,0,0,,0,002,"N RT 1","YERBA BUENA ST W",0.00,,Y,A,-,Y,SLO,5,1,-,-,31.970,I,5,N,Y,3,0,4,2,A,-,03,22350,,N,D,C,A,A,H,-,C,A,0,,,,,Y,,A,08,0,2,2,0,0,0,0,0,0,"- ","- ",,,"SAN LUIS OBISPO","MORRO BAY",-120.8688168,35.405434999999997
6270096,2013,2014-03-10,4003,2013-06-14,1803,G0288,3,5,5,2,4003,0,0,0,,0,001,"PACIFIC ST","PACIFIC ST 200",0.00,,N,A,-,N,,,,,,,,,,Y,4,0,1,3,A,-,08,22107,,N,B,C,A,A,H,-,A,A,0,,,,,Y,,A,01,0,0,1,0,0,0,0,0,0,"- ","- ",,,"SAN LUIS OBISPO","MORRO BAY",-120.85231483,35.364962679999998
6270104,2013,2014-03-21,4003,2013-07-04,1932,C1132,2,4,5,2,4003,0,0,0,,0,001,"MAIN ST","MORRO BAY BL",0.00,,N,E,-,N,,,,,,,,,,Y,4,0,1,2,A,-,01,23152,,N,G,B,E,A,H,-,B,A,0,Y,,,,Y,Y,A,01,0,0,1,0,1,0,0,0,0,"- ","- ",,,"SAN LUIS OBISPO","MORRO BAY",-120.8500226,35.365944900000002
6270112,2013,2014-03-29,4003,2013-07-17,1915,B6299,5,3,5,2,4003,0,0,0,,0,001,"QUINTANA RD","SOUTH BAY BL",0.00,,N,A,-,N,,,,,,,,,,Y,3,0,1,1,D,-,00,,,N,H,A,A,A,H,-,A,A,0,,,Y,,Y,,-,"- ",0,1,0,0,0,0,0,0,1,"- ","- ",,,"SAN LUIS OBISPO","MORRO BAY",-120.8243427,35.362114900000002
6270140,2013,2014-10-28,4003,2013-03-22,1728,G0288,7,5,5,2,4003,0,0,0,,0,001,"MAIN ST","RT 1",0.00,,Y,B,-,N,,,,,,,,,,Y,4,0,1,2,A,-,21,22106,,N,D,C,A,A,H,-,A,A,0,,,,,Y,,A,01,0,0,1,0,0,0,0,0,0,"- ",SO,,,"SAN LUIS OBISPO","MORRO BAY",-120.8514727,35.373584899999997
6271937,2013,2014-05-07,9745,2013-11-15,0730,012601,,5,1,4,4006,0,1,A,,2,711,"MADONNA RD","HIGUERA ST",400.00,W,N,A,-,N,,,,,,,,,,N,4,0,1,2,A,-,12,22450,A,N,G,B,E,A,H,-,A,A,0,Y,,,,Y,,D,22,0,0,1,0,1,0,0,0,0,"- ","- ",35.267319999999998,-120,"SAN LUIS OBISPO","SAN LUIS OBISPO",-120.6715746,35.267595700000001
6271953,2013,2014-05-07,9745,2013-11-13,0800,018786,,3,1,9,4000,0,2,4,,1,058,"ORCHARD AV","CHERRY BLOSSOM PL",400.00,S,N,A,-,N,,,,,,,,,,Y,4,0,1,3,A,-,03,22350,,N,C,C,A,A,H,-,A,D,0,,,,,Y,,A,01,0,0,1,0,0,0,0,0,0,"- ","- ",35.005450000000003,-120.46228000000001,"SAN LUIS OBISPO",UNINCORPORATED,-120.4627055,35.0056607
6272330,2013,2014-04-29,9745,2013-11-03,1338,015144,,7,1,9,4000,0,2,4,,1,048,"AVILA BEACH DR","1ST ST",0.00,,Y,A,-,N,,,,,,,,,,Y,4,0,2,2,A,-,09,21801,A,N,A,C,A,A,H,-,A,A,0,,,,,Y,,A,01,0,0,2,0,0,0,0,0,0,"- ","- ",35.18065,-120.73564,"SAN LUIS OBISPO",UNINCORPORATED,-120.69960260000001,35.179774899999998
6273236,2013,2014-05-12,9745,2013-11-30,1720,017541,,6,2,9,4000,0,1,2,,2,303,"RT 101","AVILA  BEACH DR",300.00,S,N,A,-,Y,SLO,5,101,-,R,21.050,H,-,S,Y,4,0,1,2,A,-,03,22350,,N,C,C,A,A,H,-,D,D,1,,,,,Y,,D,22,0,0,1,0,0,0,0,0,0,"- ","- ",35.175849999999997,-120.69773000000001,"SAN LUIS OBISPO",UNINCORPORATED,-120.6991417,35.179256100000003
6273244,2013,2014-05-12,9745,2013-11-26,1745,014508,,2,2,4,4006,0,1,2,,2,202,"RT 101","BROAD ST",1056.00,S,N,A,-,Y,SLO,5,101,-,-,28.530,H,-,S,Y,4,0,1,2,A,-,03,22350,,N,C,C,A,A,H,-,D,D,1,,,,,Y,,A,01,0,0,1,0,0,0,0,0,0,"- ","- ",35.280470000000001,-120.66936,"SAN LUIS OBISPO","SAN LUIS OBISPO",-120.6694157,35.280443300000002
6276079,2013,2014-04-28,4006,2013-10-18,1611,25950,,5,5,4,4006,0,0,0,,0,,"SANTA BARBARA","UPHAM ST",215.00,S,N,A,-,N,,,,,,,,,,N,4,0,1,3,A,-,03,22350,,N,C,C,A,A,H,-,A,A,0,,,,,Y,,D,22,0,0,1,0,0,0,0,0,0,"- ","- ",,,"SAN LUIS OBISPO","SAN LUIS OBISPO",-120.6562527,35.273874300000003
6277160,2013,2014-05-30,9740,2013-12-01,1050,13733,,7,1,9,4000,0,1,3,,2,007,"RT 41","CRIPPLE CREEK RD",11088.00,S,N,B,-,Y,SLO,5,41,-,-,24.100,H,-,S,N,4,0,1,1,C,-,18,,,N,E,J,A,A,H,-,A,D,0,,,,,Y,,-,"- ",0,0,1,0,0,0,0,0,0,"- ","- ",35.512340000000002,-120.584,"SAN LUIS OBISPO",UNINCORPORATED,-120.582309,35.513480999999999
6278265,2013,2014-05-06,9745,2013-11-01,1455,12601,,5,2,4,4006,0,1,2,,2,303,"RT 101","HIGUERA ST",1056.00,S,N,A,-,Y,SLO,5,101,-,R,24.100,H,-,S,N,3,0,1,2,A,-,07,21658,A,N,B,C,A,A,H,-,A,D,1,,,Y,,Y,,C,02,0,1,0,0,0,0,0,0,1,"- ","- ",35.221600000000002,-120.69240000000001,"SAN LUIS OBISPO","SAN LUIS OBISPO",-120.692454,35.221409600000001
6278269,2013,2014-05-06,9745,2013-11-05,1630,15144,,2,2,9,4000,0,2,4,,1,048,"AVILA BEACH DR","SAN MIGUEL ST",0.00,,Y,A,-,N,,,,,,,,,,Y,3,0,3,2,A,-,09,21801,A,N,A,C,A,A,H,-,A,D,0,,,,,Y,,A,01,0,1,2,0,0,0,0,0,0,"- ","- ",35.182009999999998,-120.73265000000001,"SAN LUIS OBISPO",UNINCORPORATED,-120.7327327,35.182124899999998
6279106,2013,2014-04-19,9740,2013-10-27,1403,13133,,7,2,9,4000,0,1,3,,2,008,"RT 46","SHANDON REST AREA",100.00,E,N,A,-,Y,SLO,5,46,-,-,49.560,H,-,E,Y,4,0,1,2,A,-,09,21801,A,N,D,C,A,A,H,-,A,D,0,,,,,Y,,A,07,0,0,1,0,0,0,0,0,0,"- ","- ",35.67521,-120.34799,"SAN LUIS OBISPO",UNINCORPORATED,-120.3476467,35.675559100000001
6279236,2013,2014-05-05,9745,2013-11-08,1520,011620,,5,2,9,4000,0,2,4,,1,025,"LOS OSOS VALLEY RD","SUNSET DR",200.00,E,N,A,-,N,,,,,,,,,,N,4,0,1,2,A,-,09,21801,A,N,B,C,A,A,H,-,A,D,0,,,,,Y,,A,01,0,0,1,0,0,0,0,0,0,"- ","- ",35.311120000000003,-120.82977,"SAN LUIS OBISPO",UNINCORPORATED,-120.8294781,35.310743600000002
6279239,2013,2014-05-05,9745,2013-11-11,1710,016719,,1,2,9,4000,0,2,4,,1,058,"ORCHARD RD","CHERRY BLOSSOM PL",360.00,S,N,A,-,N,,,,,,,,,,Y,3,0,1,1,A,-,08,22107,,N,E,I,A,A,H,-,B,D,0,,,,,Y,,A,07,0,1,0,0,0,0,0,0,0,"- ","- ",35.00544,-120.46271,"SAN LUIS OBISPO",UNINCORPORATED,-120.4628166,35.005721600000001
6281929,2013,2014-05-08,9740,2013-11-04,1150,13733,,1,1,9,4000,0,1,3,,2,011,"RT 46","ANDERSON RD",250.00,E,N,A,-,Y,SLO,5,46,-,R,19.620,H,-,W,Y,3,0,1,1,A,-,08,22107,,N,E,I,A,A,H,-,A,D,0,,,,,Y,,A,07,0,1,0,0,0,0,0,0,0,"- ","- ",35.573909999999998,-120.7319,"SAN LUIS OBISPO",UNINCORPORATED,-120.7320138,35.5739102
6282171,2013,2014-05-12,9740,2013-11-27,1515,15167,,3,2,9,4000,0,1,2,,2,002,"RT 101","RT 46",2640.00,S,N,A,-,Y,SLO,5,101,-,-,53.400,H,-,S,Y,3,0,1,4,A,-,03,22350,,N,C,C,A,A,H,-,A,D,1,,,,Y,Y,,A,07,0,1,0,0,0,0,0,0,0,"- ","- ",,,"SAN LUIS OBISPO",UNINCORPORATED,-120.6972305,35.578913700000001
6282191,2013,2014-05-13,9740,2013-11-21,1700,15383,,4,2,9,4000,0,1,2,,2,004,"RT 101","WELLSONA RD",0.00,,Y,B,-,Y,SLO,5,101,-,-,61.880,I,5,N,N,4,0,1,2,A,-,09,21802,A,N,D,C,A,A,H,-,A,D,5,,,,,Y,,D,22,0,0,1,0,0,0,0,0,0,"- ","- ",35.354509999999998,-120.64252999999999,"SAN LUIS OBISPO",UNINCORPORATED,-120.69657429999999,35.693366699999999
6282198,2013,2014-04-18,4006,2013-10-24,0750,64920,,4,5,4,4006,0,0,0,,0,,JOHNSON,LIZZIE,15.00,S,N,A,-,N,,,,,,,,,,N,3,0,1,2,A,-,06,21755,,N,D,G,A,A,H,-,A,A,0,,Y,,,Y,,L,04,0,1,0,0,0,0,1,0,0,"- ","- ",,,"SAN LUIS OBISPO","SAN LUIS OBISPO",-120.6504539,35.278911100000002
6282230,2013,2014-04-18,9740,2013-10-27,1055,13733,,7,1,9,4000,0,1,3,,1,015,"RT 1","MONTEREY CO LINE",5808.00,S,N,A,-,Y,SLO,5,1,-,-,73.200,H,-,N,N,4,0,1,1,A,-,03,22350,,N,F,A,A,A,H,-,A,D,0,,,Y,,Y,,C,02,0,0,1,0,0,0,0,0,1,"- ","- ",35.784120000000001,-121.33271999999999,"SAN LUIS OBISPO",UNINCORPORATED,-121.33346229999999,35.785417600000002
6283156,2013,2014-05-27,9740,2013-12-04,0745,13733,,3,1,9,4000,0,2,4,,2,012,"NACIMIENTO LAKE DR","RESORT RD",1056.00,S,N,B,-,N,,,,,,,,,,Y,3,0,1,2,A,-,05,21460,A,N,B,C,A,A,H,-,A,D,0,,,,Y,Y,,A,08,0,1,0,0,0,0,0,0,0,"- ","- ",35.757219999999997,-120.88073,"SAN LUIS OBISPO",UNINCORPORATED,-120.88073,35.757219999999997
6284507,2013,2014-05-12,9740,2013-11-30,1802,15167,,6,2,9,4000,0,3,5,,2,022,"VINEYARD DR","PEACHY CANYON RD",528.00,N,N,A,-,N,,,,,,,,,,Y,3,0,2,2,A,-,05,21460,A,N,A,C,A,A,H,-,D,D,0,,,,,Y,,A,01,0,1,1,0,0,0,0,0,0,"- ","- ",35.595700000000001,-120.0244,"SAN LUIS OBISPO",UNINCORPORATED,-120.8231007,35.594613299999999
6290039,2014,2014-02-24,9745,2014-01-05,0025,17968,,7,3,9,4000,0,2,4,,1,048,"AVILA BEACH DR","SAN LUIS BAY DR",2112.00,S,N,A,-,N,,,,,,,,,,Y,1,1,0,1,A,-,08,22107,,N,E,I,A,A,H,-,D,D,0,,,,,Y,,D,22,0,0,0,0,0,0,0,0,0,"- ","- ",35.186239999999998,-120.7123,"SAN LUIS OBISPO",UNINCORPORATED,-120.71362999999999,35.187040000000003
6290872,2013,2014-08-08,4001,2013-12-21,1841,P0110,1,6,5,3,4001,0,0,0,,0,CITY,"EAST GRAND AV","EL CAMINO REAL",0.00,,Y,A,-,N,,,,,,,,,,Y,4,0,1,3,C,-,18,,,N,C,C,A,A,H,-,C,A,0,,,,,Y,,-,"- ",0,0,1,0,0,0,0,0,0,"- ","- ",,,"SAN LUIS OBISPO","ARROYO GRANDE",-120.5839326,35.121344899999997
6291583,2014,2016-01-14,4008,2014-10-14,2008,1053,,2,5,4,4008,0,0,0,,0,,"MORRO RD","ATASCADERO AV",420.00,E,N,A,-,Y,SLO,5,41,-,-,15.650,H,-,S,Y,1,1,0,3,A,-,11,21955,,N,G,B,D,A,H,-,D,D,0,Y,,,,Y,Y,N,60,0,0,0,1,0,0,0,0,0,"- ","- ",35.481879999999997,-120.66619,"SAN LUIS OBISPO",ATASCADERO,-120.66611725999999,35.481810830000001
6291669,2014,2015-04-06,9745,2014-10-25,1605,16514,,6,2,9,4000,0,1,3,,1,021,"RT 1","VILLA CREEK RD",2112.00,S,N,A,-,Y,SLO,5,1,-,-,39.880,H,-,S,Y,1,2,3,1,A,-,01,23152,E,N,E,I,A,A,H,-,A,D,0,,,,,Y,,D,22,2,1,0,0,0,0,0,0,0,"- ","- ",35.463889999999999,-120.96978,"SAN LUIS OBISPO",UNINCORPORATED,-120.97108428999999,35.46458801
6291763,2014,2015-12-28,9745,2014-11-04,0352,13937,,2,3,9,4000,0,2,4,,1,051,"LOS BERROS RD","QUAILWOOD LN",326.00,S,N,A,-,N,,,,,,,,,,Y,1,1,0,1,A,-,01,23152,A,N,E,I,A,A,H,-,D,D,0,,,,,Y,Y,A,01,0,0,0,0,0,0,0,0,0,"- ","- ",35.076070000000001,-120.52404,"SAN LUIS OBISPO",UNINCORPORATED,-120.52394339,35.07593791
6291784,2014,2014-12-22,9745,2014-11-17,1415,17017,,1,2,9,4000,0,3,5,,2,002,"FOOTHILL BL","BLUE GRANITE LN",427.00,N,N,A,-,N,,,,,,,,,,Y,1,1,1,2,A,-,01,23152,E,N,A,C,A,A,H,-,A,D,0,,,,,Y,,A,01,1,0,0,0,0,0,0,0,0,"- ","- ",35.286279999999998,-120.70046000000001,"SAN LUIS OBISPO",UNINCORPORATED,-120.70043846999999,35.286272629999999
6291803,2014,2015-01-07,9740,2014-11-09,0032,12113,,7,3,9,4000,0,3,5,,2,019,"RIVER RD","RIVER OAKS RD",6864.00,N,N,A,-,N,,,,,,,,,,Y,1,1,0,1,A,-,01,23152,A,N,E,I,A,A,H,-,D,D,0,,,,,Y,Y,D,22,0,0,0,0,0,0,0,0,0,"- ","- ",35.660559999999997,-120.69253999999999,"SAN LUIS OBISPO",UNINCORPORATED,-120.69255735,35.660734320000003
6292652,2015,2017-03-29,9745,2015-08-01,1400,17144,,6,2,9,4000,0,1,3,,1,011,"RT 41","MISSION DR",2120.00,E,N,A,-,Y,SLO,5,41,-,-,1.620,H,-,S,Y,1,1,2,3,A,-,05,21650,,N,A,C,A,A,H,-,A,D,0,,,,,Y,,A,01,2,0,0,0,0,0,0,0,0,"- ","- ",35.395049999999998,-120.83419000000001,"SAN LUIS OBISPO",UNINCORPORATED,-120.83420816,35.395041069999998
6292671,2015,2016-02-25,9740,2015-08-14,1615,17791,,5,2,9,4000,0,1,2,,2,004,"RT 101","MONTEREY RD",0.00,,Y,A,-,Y,SLO,5,101,-,-,63.110,I,5,N,Y,1,1,0,2,A,-,09,21802,A,N,D,C,A,A,H,-,A,D,5,,,,Y,Y,,A,07,0,0,0,0,0,0,0,0,0,"- ","- ",35.667520000000003,-120.69616000000001,"SAN LUIS OBISPO",UNINCORPORATED,-120.69410573,35.713458879999997
6296562,2013,2014-05-02,9745,2013-11-20,2320,017146,,3,3,4,4006,0,1,2,,2,202,"RT 101","MARSH ST",200.00,S,N,B,-,Y,SLO,5,101,-,-,27.960,R,4,S,Y,4,0,1,1,A,-,01,23152,A,N,E,I,A,B,H,-,C,D,1,,,,,Y,Y,D,22,0,0,1,0,0,0,0,0,0,"- ","- ",35.273600000000002,-120.67234999999999,"SAN LUIS OBISPO","SAN LUIS OBISPO",-120.6723226,35.272114899999998
6296567,2013,2014-05-27,9745,2013-12-03,1745,11589,,2,2,9,4000,0,1,3,,1,032,"RT 227","WEST CORRAL DE PIEDRA CREEK",205.00,N,N,A,-,Y,SLO,5,227,-,R,7.370,H,-,N,Y,2,0,1,2,A,-,09,21804,A,N,D,C,A,A,H,-,D,D,0,,,Y,,Y,,C,02,1,0,0,0,0,0,0,0,1,"- ","- ",35.202930000000002,-120.61218,"SAN LUIS OBISPO",UNINCORPORATED,-120.6121826,35.202824900000003
6300183,2013,2014-05-02,9740,2013-11-28,0001,17426,,4,3,9,4000,0,1,3,,2,008,"RT 46","MPM 43.00",100.00,E,N,A,-,Y,SLO,5,46,-,-,43.020,H,-,E,Y,3,0,1,2,A,-,08,22107,,N,D,C,A,A,H,-,D,D,0,,,,Y,Y,,A,01,0,1,0,0,0,0,0,0,0,"- ","- ",35.660299999999999,-120.45276,"SAN LUIS OBISPO",UNINCORPORATED,-120.45717620000001,35.660181600000001
6301463,2013,2014-05-21,9740,2013-12-17,1210,11452,,2,1,4,4008,0,1,2,,2,002,"RT 101","CURBARIL AV",320.00,S,N,B,-,Y,SLO,5,101,-,-,44.780,H,-,N,Y,4,0,2,4,A,-,03,22350,,N,C,C,A,A,D,-,A,A,1,,,,,Y,,D,22,0,0,2,0,0,0,0,0,0,"- ","- ",35.475200000000001,-120.6575,"SAN LUIS OBISPO",ATASCADERO,-120.6575265,35.474918799999998
6309860,2013,2014-05-20,9740,2013-12-01,0205,013583,,7,3,4,4008,0,1,2,,2,001,"RT 101","RT 41",2112.00,S,N,A,-,Y,SLO,5,101,-,-,45.160,H,-,N,Y,3,0,1,1,A,-,01,23152,A,N,E,I,A,A,H,-,C,D,1,,,,,Y,Y,A,01,0,1,0,0,0,0,0,0,0,"- ","- ",35.481580000000001,-120.60065,"SAN LUIS OBISPO",ATASCADERO,-120.66076459999999,35.481425100000003
6310115,2013,2014-04-21,4001,2013-10-24,2025,P0105,2,4,5,3,4001,0,0,0,,0,CITY,"EL CAMINO REAL","BRISCO RD",600.00,W,N,A,-,Y,,,,,,,,,,N,4,0,1,4,A,-,03,22350,,N,C,C,A,A,H,-,C,A,0,,,,,Y,,A,07,0,0,1,0,0,0,0,0,0,"- ","- ",,,"SAN LUIS OBISPO","ARROYO GRANDE",-120.5952951,35.1247495
6310119,2013,2014-04-21,4001,2013-10-16,1356,P069,11,3,5,3,4001,0,0,0,,0,CITY,"ELM ST","FAIR OAKS AV",0.00,,Y,A,-,N,,,,,,,,,,Y,3,0,1,1,C,-,18,,,N,H,A,A,A,H,-,A,A,0,,,Y,,Y,Y,-,"- ",0,1,0,0,0,0,0,0,1,"- ","- ",,,"SAN LUIS OBISPO","ARROYO GRANDE",-120.6005526,35.112754799999998
6311512,2013,2014-03-27,9745,2013-12-08,2036,16719,,7,2,9,4000,0,2,4,,1,024,"SOUTH BAY BL","NIPOMO AV",0.00,,Y,A,-,N,,,,,,,,,,Y,2,0,3,2,A,-,09,21802,A,N,A,C,A,A,H,-,C,A,0,,,,,Y,Y,A,01,2,1,0,0,0,0,0,0,0,"- ","- ",35.316319999999997,-120.82349000000001,"SAN LUIS OBISPO",UNINCORPORATED,-120.82344260000001,35.316524899999997
6312974,2013,2014-05-22,9745,2013-12-14,1345,16514,,6,1,9,4000,0,2,4,,1,051,"LOS BERROS RD","EL CAMPO RD",0.00,,Y,A,-,N,,,,,,,,,,Y,4,0,1,2,A,-,09,21802,A,N,D,C,A,A,H,-,A,A,0,,,,,Y,,A,01,0,0,1,0,0,0,0,0,0,"- ","- ",35.093269999999997,-120.56288000000001,"SAN LUIS OBISPO",UNINCORPORATED,-120.5628026,35.093184899999997
6314438,2013,2014-05-20,4006,2013-11-05,1216,27940,,2,5,4,4006,0,0,0,,0,,"S HIGUERA",GRANADA,50.00,N,N,A,-,N,,,,,,,,,,N,3,0,1,1,C,-,18,,,N,F,A,A,A,H,-,A,A,0,,,Y,,Y,,-,"- ",0,1,0,0,0,0,0,0,1,"- ","- ",,,"SAN LUIS OBISPO","SAN LUIS OBISPO",-120.6710277,35.251307599999997
6314454,2013,2014-06-18,4006,2013-11-07,1107,27940,,4,5,4,4006,0,0,0,,0,,"HIGUERA ST","BRIDGE ST",595.00,S,N,A,-,N,,,,,,,,,,Y,3,0,2,4,A,-,03,22350,,N,C,B,F,A,H,-,A,A,0,Y,,,,Y,,D,22,0,1,1,0,1,0,0,0,0,"- ","- ",,,"SAN LUIS OBISPO","SAN LUIS OBISPO",-120.6705516,35.2656013
6316458,2014,2015-11-16,9740,2014-01-03,1622,15854,,5,2,9,4000,0,3,5,,2,017,"LAS TABLAS RD","RT 101",80.00,E,N,A,-,Y,SLO,5,101,-,-,51.600,R,4,N,Y,4,0,1,2,A,-,09,21801,A,N,A,C,A,A,H,-,A,A,1,,,,,Y,,A,07,0,0,1,0,0,0,0,0,0,"- ","- ",35.554360000000003,-120.71151999999999,"SAN LUIS OBISPO",UNINCORPORATED,-120.71040649,35.55601755
6317857,2013,2014-05-30,9740,2013-12-10,2248,13246,,2,3,3,4004,0,2,4,,2,012,"NACIMIENTO LAKE DR","ADELAIDA RD",1584.00,E,N,A,-,N,,,,,,,,,,Y,4,0,1,1,A,-,08,22107,,N,E,I,A,A,H,-,D,D,0,,,,,Y,,A,01,0,0,1,0,0,0,0,0,0,"- ","- ",35.647750000000002,-120.71522,"SAN LUIS OBISPO","PASO ROBLES",-120.7158367,35.647945900000003
6317859,2013,2014-05-30,9740,2013-12-12,1645,19259,,4,2,9,4000,0,1,3,,1,014,"RT 1","HARMONY RANCH RD",377.00,N,N,A,-,Y,SLO,5,1,-,-,45.570,H,-,N,Y,3,0,1,1,A,-,08,22107,,N,F,A,A,A,H,-,B,D,0,,,,,Y,,A,01,0,1,0,0,0,0,0,0,0,"- ","- ",35.519359999999999,-121.03637999999999,"SAN LUIS OBISPO",UNINCORPORATED,-121.04097160000001,35.522093900000002
6317860,2013,2014-05-30,9740,2013-12-14,2200,15167,,6,3,9,4000,0,3,5,,2,021,"TEMPLETON RD","S EL POMAR",36.00,S,N,A,-,N,,,,,,,,,,Y,4,0,2,1,A,-,08,22107,,N,E,I,A,A,H,-,D,D,0,,,,,Y,Y,A,01,0,0,2,0,0,0,0,0,0,"- ","- ",35.52364,-120.65894,"SAN LUIS OBISPO",UNINCORPORATED,-120.6589931,35.523826300000003