CASE_ID,ACCIDENT_YEAR,PROC_DATE,JURIS,COLLISION_DATE,COLLISION_TIME,OFFICER_ID,REPORTING_DISTRICT,DAY_OF_WEEK,CHP_SHIFT,POPULATION,CNTY_CITY_LOC,SPECIAL_COND,BEAT_TYPE,CHP_BEAT_TYPE,CITY_DIVISION_LAPD,CHP_BEAT_CLASS,BEAT_NUMBER,PRIMARY_RD,SECONDARY_RD,DISTANCE,DIRECTION,INTERSECTION,WEATHER_1,WEATHER_2,STATE_HWY_IND,CALTRANS_COUNTY,CALTRANS_DISTRICT,STATE_ROUTE,ROUTE_SUFFIX,POSTMILE_PREFIX,POSTMILE,LOCATION_TYPE,RAMP_INTERSECTION,SIDE_OF_HWY,TOW_AWAY,COLLISION_SEVERITY,NUMBER_KILLED,NUMBER_INJURED,PARTY_COUNT,PRIMARY_COLL_FACTOR,PCF_CODE_OF_VIOL,PCF_VIOL_CATEGORY,PCF_VIOLATION,PCF_VIOL_SUBSECTION,HIT_AND_RUN,TYPE_OF_COLLISION,MVIW,PED_ACTION,ROAD_SURFACE,ROAD_COND_1,ROAD_COND_2,LIGHTING,CONTROL_DEVICE,CHP_ROAD_TYPE,PEDESTRIAN_ACCIDENT,BICYCLE_ACCIDENT,MOTORCYCLE_ACCIDENT,TRUCK_ACCIDENT,NOT_PRIVATE_PROPERTY,ALCOHOL_INVOLVED,STWD_VEHTYPE_AT_FAULT,CHP_VEHTYPE_AT_FAULT,COUNT_SEVERE_INJ,COUNT_VISIBLE_INJ,COUNT_COMPLAINT_PAIN,COUNT_PED_KILLED,COUNT_PED_INJURED,COUNT_BICYCLIST_KILLED,COUNT_BICYCLIST_INJURED,COUNT_MC_KILLED,COUNT_MC_INJURED,PRIMARY_RAMP,SECONDARY_RAMP,LATITUDE,LONGITUDE,COUNTY,CITY,POINT_X,POINT_Y
6320939,2013,2014-05-20,4004,2013-11-22,1600,1197,03,5,5,3,4004,0,0,0,,0,034,"RT 46","GOLDEN HILLS RD",0.00,,Y,A,-,Y,SLO,5,46,-,-,31.390,H,-,W,N,3,0,1,2,A,-,03,22350,,N,C,C,A,A,H,-,B,A,0,,,,,Y,,A,01,0,1,0,0,0,0,0,0,0,"- ","- ",,,"SAN LUIS OBISPO","PASO ROBLES",-120.6566874,35.644636200000001
6326979,2013,2014-05-27,4001,2013-12-08,1608,P0115,2,7,5,3,4001,0,0,0,,0,CITY,"EAST GRAND AV","N ELM ST",81.00,E,N,A,-,N,,,,,,,,,,Y,4,0,1,1,A,-,"- ",,,N,A,I,A,A,H,-,A,A,0,,,,,Y,Y,A,01,0,0,1,0,0,0,0,0,0,"- ","- ",,,"SAN LUIS OBISPO","ARROYO GRANDE",-120.6001728,35.120586799999998
6327762,2014,2014-06-02,9745,2014-01-06,0810,15366,,1,1,9,4000,0,3,5,,2,002,"9TH ST","LOS OLIVOS AV",200.00,S,N,A,-,N,,,,,,,,,,N,3,0,1,2,A,-,03,22350,,N,C,C,A,A,H,-,A,D,0,,,,Y,Y,,A,01,0,1,0,0,0,0,0,0,0,"- ","- ",35.312440000000002,-120.83323,"SAN LUIS OBISPO",UNINCORPORATED,-120.8332831,35.312610759999998
6329360,2013,2014-12-12,4001,2013-11-03,1151,P0115,2,7,5,3,4001,0,0,0,,0,CITY,"EAST GRAND AV","JUNIPER ST",0.00,,Y,A,-,N,,,,,,,,,,Y,3,0,3,2,A,-,03,22350,,N,C,C,A,A,H,-,A,A,0,,,,,Y,,A,07,0,2,1,0,0,0,0,0,0,"- ","- ",,,"SAN LUIS OBISPO","ARROYO GRANDE",-120.60411259999999,35.120654899999998
6330382,2013,2014-05-21,4006,2013-11-20,1237,27940,,3,5,4,4006,0,0,0,,0,,MARSH,"SANTA ROSA",0.00,,Y,B,-,Y,,,,,,,,,,Y,4,0,1,3,A,-,12,21453,A,N,D,C,A,A,H,-,A,A,0,,,,,Y,,A,01,0,0,1,0,0,0,0,0,0,"- ","- ",,,"SAN LUIS OBISPO","SAN LUIS OBISPO",-120.6587727,35.281214900000002
6330760,2013,2014-05-15,4006,2013-11-12,1548,25950,,2,5,4,4006,0,0,0,,0,,"LOS OSOS VALLEY RD","RT 101",0.00,,Y,A,-,Y,SLO,5,101,-,-,25.830,R,4,N,Y,4,0,1,2,A,-,08,22107,,F,D,C,A,A,H,-,A,A,0,,,,,Y,,D,22,0,0,1,0,0,0,0,0,0,"- ","- ",,,"SAN LUIS OBISPO","SAN LUIS OBISPO",-120.6822726,35.244374899999997
6330787,2013,2014-05-14,4006,2013-12-05,2038,62657,,4,5,4,4006,0,0,0,,0,,MONTEREY,"BUENA VISTA",0.00,,Y,A,-,N,,,,,,,,,,N,4,0,1,2,A,-,10,21950,A,N,G,B,B,A,H,-,C,A,0,Y,,,,Y,,D,22,0,0,1,0,1,0,0,0,0,"- ","- ",,,"SAN LUIS OBISPO","SAN LUIS OBISPO",-120.65031260000001,35.289884899999997
6330795,2013,2014-05-28,4006,2013-12-09,1144,27940,,1,5,4,4006,0,0,0,,0,,"LOS OSOS VALLEY","CALLE JOAQUIN",105.00,N,N,A,-,N,,,,,,,,,,Y,4,0,2,3,A,-,03,22350,,N,C,C,A,A,H,-,A,A,0,,,,,Y,,A,01,0,0,2,0,0,0,0,0,0,"- ","- ",,,"SAN LUIS OBISPO","SAN LUIS OBISPO",-120.68318379999999,35.247032500000003
6331204,2013,2014-06-18,4002,2013-12-26,1620,063,,4,5,3,4002,0,0,0,,0,,"THE PIKE","20TH ST",90.00,E,N,A,-,N,,,,,,,,,,N,4,0,1,1,A,-,03,22350,,N,H,A,A,A,H,-,A,A,0,,,Y,,Y,,C,02,0,0,1,0,0,0,0,0,1,"- ","- ",,,"SAN LUIS OBISPO","GROVER BEACH",-120.6096718,35.106614800000003
6331280,2013,2014-05-19,4006,2013-12-09,0856,27940,,1,5,4,4006,0,0,0,,0,,OCEANAIRE,MADONNA,0.00,,Y,A,-,N,,,,,,,,,,N,4,0,1,2,A,-,09,21801,A,N,D,G,A,A,H,-,A,A,0,,Y,,,Y,,A,01,0,0,1,0,0,0,1,0,0,"- ","- ",,,"SAN LUIS OBISPO","SAN LUIS OBISPO",-120.6843026,35.259514899999999
6331342,2013,2014-05-21,4006,2013-11-13,1757,32625,,3,5,4,4006,0,0,0,,0,,"LOS OSOS VALLEY","CALLE JOAQUIN",0.00,,Y,A,-,Y,,,,,,,,,,Y,3,0,3,2,A,-,09,21801,A,N,A,C,A,A,H,-,C,A,0,,,,,Y,,A,07,0,3,0,0,0,0,0,0,0,"- ","- ",,,"SAN LUIS OBISPO","SAN LUIS OBISPO",-120.6830526,35.246764900000002
6331350,2013,2014-05-21,4006,2013-11-08,1750,68823,,5,5,4,4006,0,0,0,,0,,"BROAD ST","AERO DR",430.00,N,N,A,-,Y,,,,,,,,,,Y,4,0,1,3,A,-,03,22350,,N,C,C,A,A,H,-,C,D,0,,,,,Y,,A,07,0,0,1,0,0,0,0,0,0,"- ","- ",,,"SAN LUIS OBISPO","SAN LUIS OBISPO",-120.6391773,35.242315099999999
6331771,2013,2014-05-13,9745,2013-12-15,1626,017238,,7,2,9,4000,0,3,5,,2,004,"HUASNA RD","BRANCH MILL RD",21120.00,S,N,A,-,N,,,,,,,,,,N,2,0,1,1,A,-,08,22107,,F,E,I,A,A,H,-,A,D,0,,,,,Y,,A,01,1,0,0,0,0,0,0,0,0,"- ","- ",35.12764,-120.47172999999999,"SAN LUIS OBISPO",UNINCORPORATED,-120.4798227,35.130868800000002
6331795,2013,2014-05-13,9745,2013-12-13,1840,017146,,5,2,9,4000,0,1,3,,2,023,"RT 1","KANSAS AV",0.00,,Y,A,-,Y,SLO,5,1,-,-,20.890,I,5,S,Y,2,0,5,2,A,-,01,23152,A,N,A,C,A,A,H,-,C,A,1,,,,,Y,Y,A,07,1,2,2,0,0,0,0,0,0,"- ","- ",35.320970000000003,-120.71664,"SAN LUIS OBISPO",UNINCORPORATED,-120.71604139999999,35.320806500000003
6333410,2013,2014-05-17,4008,2013-12-27,1238,3152,,5,5,4,4008,0,0,0,,0,,"SAN ANSELMO RD","RT 101",12.00,E,N,A,-,Y,SLO,5,101,-,-,47.030,R,4,S,Y,3,0,1,2,A,-,09,21802,A,N,D,C,A,A,H,-,A,A,0,,,,,Y,,D,22,0,1,0,0,0,0,0,0,0,"- ",SO,,,"SAN LUIS OBISPO",ATASCADERO,-120.6861427,35.499054899999997
6333466,2014,2014-06-04,4008,2014-01-18,1735,3013,,6,5,4,4008,0,0,0,,0,,"EL CAMINO REAL","MADERA PL",528.00,S,N,A,-,N,,,,,,,,,,N,4,0,1,2,A,-,09,21804,A,N,A,C,A,A,H,-,D,D,0,,,Y,,Y,,D,22,0,0,1,0,0,0,0,0,1,"- ","- ",,,"SAN LUIS OBISPO",ATASCADERO,-120.69434225000001,35.508577350000003
6333975,2013,2014-05-16,4006,2013-12-19,1140,54160,,4,5,4,4006,0,0,0,,0,,"LOS OSOS VALLEY RD","CALLE JOAQUIN",90.00,N,N,A,-,N,,,,,,,,,,Y,4,0,2,2,A,-,03,22350,,N,C,C,A,A,H,-,A,A,0,,,,,Y,,A,07,0,0,2,0,0,0,0,0,0,"- ","- ",,,"SAN LUIS OBISPO","SAN LUIS OBISPO",-120.683165,35.246994200000003
6336269,2014,2015-11-16,9740,2014-01-07,1642,013583,,2,2,4,4008,0,1,2,,2,001,"RT 101","SANTA BARBARA RD",3168.00,N,N,A,-,Y,SLO,5,101,-,-,42.870,H,-,S,Y,4,0,1,1,A,-,08,22107,,N,E,I,A,A,H,-,A,D,1,,,,,Y,,A,01,0,0,1,0,0,0,0,0,0,"- ","- ",35.449330000000003,-120.63995,"SAN LUIS OBISPO",ATASCADERO,-120.64059958999999,35.451953799999998
6337152,2013,2014-12-05,4006,2013-11-05,1746,25950,,2,5,4,4006,0,0,0,,0,,"RT 1",MURRAY,194.00,N,N,A,-,Y,SLO,5,1,-,-,17.150,H,-,N,Y,4,0,1,3,A,-,03,22350,,N,B,C,A,A,H,-,C,D,0,,,,,Y,,D,22,0,0,1,0,0,0,0,0,0,"- ","- ",,,"SAN LUIS OBISPO","SAN LUIS OBISPO",-120.6668026,35.290484900000003
6337634,2014,2016-03-05,9745,2014-01-05,0140,016068,,7,3,4,4006,0,1,2,,1,101,"RT 101","RESERVOIR CANYON CREEK",528.00,N,N,A,-,Y,SLO,5,101,-,-,31.250,H,-,N,Y,3,0,2,1,A,-,01,23152,A,N,E,I,A,A,H,-,D,D,5,,,,,Y,Y,A,01,0,1,1,0,0,0,0,0,0,"- ","- ",35.296970000000002,-120.62918999999999,"SAN LUIS OBISPO","SAN LUIS OBISPO",-120.62894639,35.297041010000001
6337642,2014,2016-01-11,9745,2014-01-13,0100,017146,,1,3,9,4000,0,1,3,,2,023,"RT 1","KANSAS AV",1340.00,S,N,A,-,Y,SLO,5,1,-,-,20.640,H,-,S,Y,2,0,1,1,A,-,01,23152,A,N,E,I,A,A,H,-,D,D,1,,,,,Y,Y,A,01,1,0,0,0,0,0,0,0,0,"- ","- ",35.319659999999999,-120.71238,"SAN LUIS OBISPO",UNINCORPORATED,-120.71210775,35.319662289999997
6346508,2014,2015-11-16,9740,2014-01-18,1235,14662,,6,1,9,4000,0,1,2,,2,004,"RT 101","N MONTEREY RD",10.00,S,N,A,-,Y,SLO,5,101,-,-,63.110,I,5,S,Y,4,0,1,2,A,-,09,21801,A,N,D,C,A,A,H,-,A,D,5,,,Y,,Y,,A,01,0,0,1,0,0,0,0,0,1,"- ","- ",35.713200000000001,-120.6943,"SAN LUIS OBISPO",UNINCORPORATED,-120.69437945999999,35.713543770000001
6346512,2014,2014-06-09,9740,2014-01-11,1905,013952,,6,2,9,4000,0,3,5,,2,017,"SANTA MARGARITA RD","NORTE RD",528.00,E,N,A,-,N,,,,,,,,,,Y,4,0,1,1,A,-,01,23152,A,N,F,A,A,A,H,-,D,D,0,,,,,Y,Y,A,01,0,0,1,0,0,0,0,0,0,"- ","- ",35.426670000000001,-120.60753,"SAN LUIS OBISPO",UNINCORPORATED,-120.6085357,35.426004300000002
6346516,2014,2016-03-05,9740,2014-01-13,2137,014622,,1,2,9,4000,0,1,3,,2,008,"RT 46","MCMILLAN CANYON RD",10560.00,W,N,A,-,Y,SLO,5,46,-,-,43.500,H,-,E,Y,4,0,1,1,A,-,08,22107,,N,F,A,A,A,H,-,D,D,0,,,,,Y,,A,01,0,0,1,0,0,0,0,0,0,"- ","- ",35.66057,-120.4492,"SAN LUIS OBISPO",UNINCORPORATED,-120.44604283,35.660760449999998
6351283,2013,2014-05-05,4006,2013-11-04,1232,54160,,1,5,4,4006,0,0,0,,0,,MONTEREY,JOHNSON,108.00,E,N,A,-,N,,,,,,,,,,N,3,0,1,2,A,-,17,22517,,N,B,G,A,A,H,-,A,A,0,,Y,,,Y,,A,01,0,1,0,0,0,0,1,0,0,"- ","- ",,,"SAN LUIS OBISPO","SAN LUIS OBISPO",-120.6570152,35.284505199999998
6351954,2014,2014-06-06,4008,2014-01-03,1701,3152,,5,5,4,4008,0,0,0,,0,,"MORRO RD","EL CAMINO REAL",0.00,,Y,A,-,N,,,41,,,,,,,N,4,0,1,2,A,-,12,21453,A,N,D,C,A,A,H,-,A,A,0,,,,,Y,,A,08,0,0,1,0,0,0,0,0,0,"- ","- ",35.486109999999996,-120.66485,"SAN LUIS OBISPO",ATASCADERO,-120.66486870999999,35.486115470000001
6352013,2014,2014-06-13,4008,2014-01-14,0828,2002,,2,5,4,4008,0,0,0,,0,,"EL CAMINO REAL","RT 41",260.00,S,N,A,-,N,,,,,,,,,,Y,3,0,1,2,A,-,09,21804,A,N,D,C,A,A,H,-,A,D,0,,,,,Y,,A,01,0,1,0,0,0,0,0,0,0,"- ","- ",,,"SAN LUIS OBISPO",ATASCADERO,-120.66420386999999,35.485702230000001
6352128,2014,2016-01-11,9745,2014-01-01,2220,17144,,3,3,9,4000,0,1,3,,1,045,"RT 1","VIA CONCHA RD",30.00,N,N,A,-,Y,SLO,5,1,-,-,3.500,H,-,N,Y,4,0,1,1,A,-,08,22107,,N,E,I,A,A,H,-,C,D,0,,,,,Y,,A,07,0,0,1,0,0,0,0,0,0,"- ","- ",35.026919999999997,-120.56091000000001,"SAN LUIS OBISPO",UNINCORPORATED,-120.56119432,35.026859100000003
6364743,2014,2014-06-16,4002,2014-01-17,1425,338,211,5,5,3,4002,0,0,0,,0,001,"SHANNA PL","REBECCA ST",33.00,W,N,A,-,N,,,,,,,,,,N,3,0,1,2,A,-,21,22106,,N,D,C,A,A,H,-,A,A,0,,,,,Y,,D,22,0,1,0,0,0,0,0,0,0,"- ","- ",,,"SAN LUIS OBISPO","GROVER BEACH",-120.6088103,35.107571030000003
6368589,2013,2014-05-02,9745,2013-11-05,2010,016514,,2,2,9,4000,0,1,3,,2,023,"RT 1","SAN BERNARDO CREEK RD",1056.00,N,N,A,-,Y,SLO,5,1,-,-,27.060,H,-,S,N,2,0,1,2,A,-,08,22107,,F,G,B,E,A,H,-,D,A,1,Y,,,,Y,,A,01,1,0,0,0,1,0,0,0,0,"- ","- ",35.362130000000001,-120.80946,"SAN LUIS OBISPO",UNINCORPORATED,-120.80904820000001,35.362130000000001
6368657,2013,2014-05-14,9740,2013-11-06,0548,014460,,3,3,9,4000,0,1,2,,2,004,"RT 101","STOCKDALE RD",363.00,S,N,A,-,Y,SLO,5,101,-,-,59.840,H,-,S,Y,3,0,1,1,A,-,08,22107,,N,F,A,A,A,H,-,D,D,5,,,,,Y,,A,07,0,1,0,0,0,0,0,0,0,"- ","- ",36.666060000000002,-120.69635,"SAN LUIS OBISPO",UNINCORPORATED,-120.6964329,35.666257199999997
6368746,2013,2014-05-07,4008,2013-11-07,1717,2002,,4,5,4,4008,0,0,0,,0,,"EL CAMINO REAL","VIEJO CAMINO",0.00,,Y,A,-,N,,,,,,,,,,Y,4,0,1,2,A,-,00,12500,A,N,D,C,A,A,H,-,B,D,0,,,Y,,Y,,A,07,0,0,1,0,0,0,0,0,1,"- ","- ",,,"SAN LUIS OBISPO",ATASCADERO,-120.6396227,35.454895
6368758,2013,2014-10-21,4008,2013-11-15,0818,4044,,5,5,4,4008,0,0,0,,0,,"MORRO RD","RT 101",179.00,W,N,A,-,Y,,,,,,,,,,N,4,0,1,2,A,-,09,21804,A,N,B,C,A,A,H,-,A,D,0,,,,,Y,,A,08,0,0,1,0,0,0,0,0,0,"- ",SF,35.484380000000002,-120.66538,"SAN LUIS OBISPO",ATASCADERO,,
6368842,2013,2014-05-14,9745,2013-11-26,1720,016719,,2,2,9,4000,0,1,2,,2,303,"RT 101","LOS OSOS VALLEY RD",3168.00,S,N,A,-,Y,SLO,5,101,-,R,25.300,H,-,S,N,4,0,1,2,A,-,03,22350,,N,C,C,A,A,H,-,D,D,1,,,,,Y,,A,01,0,0,1,0,0,0,0,0,0,"- ","- ",35.234630000000003,-120.68607,"SAN LUIS OBISPO",UNINCORPORATED,-120.68432490000001,35.236876299999999
6368874,2013,2014-05-14,9745,2013-11-27,1822,014910,,3,2,9,4000,0,2,4,,1,055,"TEFFT ST","MARY AV",254.00,W,N,A,-,N,,,,,,,,,,Y,2,0,1,2,A,-,08,22107,,N,D,C,A,A,H,-,C,D,0,,,Y,,Y,,A,01,1,0,0,0,0,0,0,0,1,"- ","- ",35.035969999999999,-120.48806,"SAN LUIS OBISPO",UNINCORPORATED,-120.4873893,35.0353268
6368878,2013,2014-05-14,9745,2013-11-19,0140,017541,,2,3,4,4006,0,1,2,,2,202,"RT 101","MADONNA RD",5280.00,S,N,A,-,Y,SLO,5,101,-,-,26.500,H,-,S,Y,3,0,1,1,A,-,01,23152,A,N,E,I,A,A,H,-,D,D,1,,,,,Y,Y,A,01,0,1,0,0,0,0,0,0,0,"- ","- ",35.253120000000003,-120.6773,"SAN LUIS OBISPO","SAN LUIS OBISPO",-120.6776519,35.252568599999996
6368911,2013,2014-04-19,4008,2013-10-23,1907,1029,,3,5,4,4008,0,0,0,,0,,"MORRO RD","RT 101",232.00,W,N,A,-,Y,,,,,,,,,,Y,2,0,1,2,A,-,11,21954,A,N,G,B,D,-,H,-,D,A,0,Y,,,,Y,Y,N,60,1,0,0,0,1,0,0,0,0,"- ",SF,35.48424,-120.66542,"SAN LUIS OBISPO",ATASCADERO,,
6370406,2014,2014-06-04,4005,2014-01-06,2151,P080,6,1,5,2,4005,0,0,0,,0,,"JAMES WY","HIGHLAND DR",718.00,N,N,A,-,N,,,,,,,,,,Y,4,0,1,1,A,-,01,23152,A,N,A,I,A,A,H,-,C,A,0,,,,,Y,Y,A,01,0,0,1,0,0,0,0,0,0,"- ","- ",,,"SAN LUIS OBISPO","PISMO BEACH",-120.6320376,35.138871549999998
6372552,2014,2016-03-05,9740,2014-02-05,1410,13133,,3,2,9,4000,0,1,3,,2,008,"RT 46","RT 41",0.00,,Y,A,-,Y,SLO,5,41,-,-,43.850,I,5,N,Y,4,0,1,1,A,-,08,22107,,N,F,A,A,A,H,-,A,D,0,,,,Y,Y,,G,27,0,0,1,0,0,0,0,0,0,"- ","- ",35.734789999999997,-120.28406,"SAN LUIS OBISPO",UNINCORPORATED,-120.4141162,35.661437849999999
6377696,2014,2016-01-11,9740,2014-01-19,1305,011615,,7,1,9,4000,0,1,3,,1,015,"RT 1","SAN CARPOFORO CREEK",3432.00,N,N,A,-,Y,SLO,5,1,-,-,72.030,H,-,S,N,2,0,1,1,A,-,08,22107,,N,F,A,A,A,H,-,A,D,0,,Y,,,Y,,L,04,1,0,0,0,0,0,1,0,0,"- ","- ",35.770389999999999,-121.32371999999999,"SAN LUIS OBISPO",UNINCORPORATED,-121.32411430000001,35.770900699999999
6377701,2014,2014-06-09,9745,2014-01-27,1903,18021,,1,2,9,4000,0,3,5,,2,005,"LAS FLORES DR","LA MIRADA DR",0.00,,Y,A,-,N,,,,,,,,,,N,4,0,1,2,A,-,05,21752,D,N,D,C,A,A,H,-,D,D,0,,,,,Y,,A,01,0,0,1,0,0,0,0,0,0,"- ","- ",35.014220000000002,-120.50256,"SAN LUIS OBISPO",UNINCORPORATED,-120.50247993000001,35.014210060000003
6377716,2014,2014-06-10,9745,2014-01-20,1139,014910,"SAN L",1,1,9,4000,0,3,5,,2,005,"HUASNA RD","MARLOMA LN",50.00,E,N,A,-,N,,,,,,,,,,Y,3,0,1,1,A,-,01,23152,A,N,E,I,A,A,H,-,A,D,0,,,,,Y,Y,A,01,0,1,0,0,0,0,0,0,0,"- ","- ",35.13597,-120.52408,"SAN LUIS OBISPO",UNINCORPORATED,-120.52430283,35.135908389999997
6378324,2014,2014-06-18,9745,2014-02-02,1413,014910,,7,2,9,4000,0,2,4,,1,025,"LOS OSOS VALLEY RD","DIABLO DR",528.00,W,N,C,-,N,,,,,,,,,,N,3,0,1,2,A,-,08,22107,,N,D,G,A,B,H,-,A,D,0,,Y,,,Y,,L,04,0,1,0,0,0,0,1,0,0,"- ","- ",35.269460000000002,-120.70501,"SAN LUIS OBISPO",UNINCORPORATED,-120.70404708,35.268291269999999
6378328,2014,2014-06-18,9745,2014-02-03,1250,016514,,1,1,9,4000,0,3,5,,2,004,"WILLOW RD","VIA CONCHA RD",0.00,,Y,A,-,N,,,,,,,,,,N,4,0,1,2,A,-,09,21801,A,N,D,C,A,A,H,-,A,D,0,,,,,Y,,A,07,0,0,1,0,0,0,0,0,0,"- ","- ",35.047269999999997,-120.55049,"SAN LUIS OBISPO",UNINCORPORATED,-120.55050986000001,35.047350049999999
6384662,2014,2014-07-02,9745,2014-02-14,1725,13212,,5,2,9,4000,0,2,4,,1,055,"LANTANA ST","LA SERENA WY",12.00,E,N,A,-,N,,,,,,,,,,Y,3,0,1,2,C,-,18,,,N,E,I,A,A,H,-,A,D,0,,,,,Y,,-,"- ",0,1,0,0,0,0,0,0,0,"- ","- ",35.024729999999998,-120.50412,"SAN LUIS OBISPO",UNINCORPORATED,-120.50397,35.024700000000003
6386209,2014,2015-11-16,9745,2014-02-12,0910,012876,,3,1,9,4000,0,1,2,,2,404,"RT 101","HINDS AV",540.00,N,N,A,-,Y,SLO,5,101,-,-,16.720,H,-,S,Y,3,0,1,2,A,-,03,22350,,N,C,C,A,A,H,-,A,D,1,,,,Y,Y,,A,01,0,1,0,0,0,0,0,0,0,"- ","- ",35.142440000000001,-120.64008,"SAN LUIS OBISPO",UNINCORPORATED,-120.64004636999999,35.142531159999997
6389931,2014,2014-06-13,4004,2014-02-02,2025,1197,03,7,5,3,4004,0,0,0,,0,032,RIVER,"RIVER OAKS",0.00,,Y,C,-,N,,,,,,,,,,Y,4,0,1,2,A,-,01,23152,A,N,D,C,A,B,H,-,D,A,0,,,,,Y,Y,D,22,0,0,1,0,0,0,0,0,0,"- ","- ",,,"SAN LUIS OBISPO","PASO ROBLES",-120.68234987,35.644360110000001
6393626,2014,2015-11-16,9745,2014-02-13,1530,012601,,4,2,9,4000,0,1,2,,1,101,"RT 101","TASSAJARA CREEK RD",3960.00,S,N,A,-,Y,SLO,5,101,-,-,36.050,H,-,N,N,4,0,1,2,A,-,07,21658,A,N,C,C,A,A,H,-,A,D,5,,,,,Y,,A,01,0,0,1,0,0,0,0,0,0,"- ","- ",35.360939999999999,-120.63814000000001,"SAN LUIS OBISPO",UNINCORPORATED,-120.63796486,35.360530130000001
6394866,2013,2014-05-29,4004,2013-12-17,0932,0376,01,2,5,3,4004,0,0,0,,0,1-3,24TH,SPRING,0.00,,Y,A,-,N,,,,,,,,,,N,3,0,1,2,A,-,11,21456,B,N,G,B,B,A,H,-,A,A,0,Y,,,,Y,,N,60,0,1,0,0,1,0,0,0,0,"- ","- ",,,"SAN LUIS OBISPO","PASO ROBLES",-120.6924727,35.639154900000001
6396611,2014,2014-06-20,4006,2014-02-03,2152,68327,,1,5,4,4006,0,0,0,,0,,FOOTHILL,BROAD,0.00,,Y,A,-,N,,,,,,,,,,Y,4,0,2,2,A,-,08,22107,,N,B,C,A,A,H,-,C,A,0,,,,,Y,,-,"- ",0,0,2,0,0,0,0,0,0,"- ","- ",,,"SAN LUIS OBISPO","SAN LUIS OBISPO",-120.67169997000001,35.294100049999997
6397030,2014,2014-06-07,4006,2014-01-22,1305,54160,,3,5,4,4006,0,0,0,,0,,MADONNA,OCEANAIRE,300.00,E,N,A,-,N,,,,,,,,,,N,4,0,1,2,A,-,03,22350,,N,C,C,A,A,H,-,A,A,0,,,,,Y,,A,01,0,0,1,0,0,0,0,0,0,"- ","- ",,,"SAN LUIS OBISPO","SAN LUIS OBISPO",-120.68341187999999,35.259790410000001
6402970,2014,2016-03-05,9740,2014-02-26,0820,011452,,3,1,9,4000,0,1,3,,2,007,"RT 41","HOMESTEAD RD",3168.00,N,N,B,C,Y,SLO,5,41,-,-,20.630,H,-,N,Y,4,0,2,3,A,-,08,22107,,N,A,C,A,B,H,-,A,D,0,,,,,Y,,A,01,0,0,2,0,0,0,0,0,0,"- ","- ",35.508650000000003,-120.62678,"SAN LUIS OBISPO",UNINCORPORATED,-120.62883246,35.510363140000003
6403015,2014,2014-07-01,9740,2014-03-09,0025,014543,,7,3,9,4000,0,3,5,,2,022,"WATER VIEW DR","WINDWARD WY",140.00,W,N,A,-,N,,,,,,,,,,N,2,0,1,2,A,-,01,23152,A,N,G,B,E,A,H,-,D,D,0,Y,,,,Y,Y,D,22,1,0,0,0,1,0,0,0,0,"- ","- ",35.72495,-120.89378000000001,"SAN LUIS OBISPO",UNINCORPORATED,-120.89374914,35.724966899999998
6407447,2014,2014-06-28,9740,2014-03-10,1530,13952,,1,2,9,4000,0,3,5,,2,022,"VINEYARD DR","JENSEN RD",9504.00,N,N,A,-,N,,,,,,,,,,Y,4,0,1,1,A,-,08,22107,,N,E,I,A,A,H,-,A,D,0,,,,,Y,,D,22,0,0,1,0,0,0,0,0,0,"- ","- ",35.620939999999997,-120.84698,"SAN LUIS OBISPO",UNINCORPORATED,-120.84666328,35.61921143
6411374,2014,2016-03-05,4008,2014-03-21,1140,1047,,5,5,4,4008,0,0,0,,0,,"RT 41","EL CAMINO REAL",0.00,,Y,A,-,Y,SLO,5,41,-,-,15.960,I,5,N,N,4,0,1,2,A,-,12,21453,A,N,C,C,A,A,H,-,A,A,0,,,,,Y,,A,01,0,0,1,0,0,0,0,0,0,"- ","- ",,,"SAN LUIS OBISPO",ATASCADERO,-120.66482877,35.486245480000001
6411382,2014,2016-03-05,4008,2014-02-28,1803,1029,,5,5,4,4008,0,0,0,,0,,"MORRO RD","OLD MORRO RD",1584.00,S,N,C,G,Y,SLO,5,41,-,-,11.210,H,-,S,Y,4,0,1,1,C,-,18,,,N,F,I,A,B,H,-,D,D,0,,,,,Y,Y,-,"- ",0,0,1,0,0,0,0,0,0,"- ","- ",,,"SAN LUIS OBISPO",ATASCADERO,-120.71820150000001,35.458335300000002
6417409,2014,2015-11-16,9745,2014-03-06,1833,018021,,4,2,3,4001,0,1,2,,2,402,"RT 101","GRAND AV",250.00,S,N,A,-,Y,SLO,5,101,-,-,29.720,H,-,S,Y,3,0,1,3,A,-,03,22350,,N,C,C,A,A,H,-,C,D,1,,,,,Y,,A,01,0,1,0,0,0,0,0,0,0,"- ","- ",35.120910000000002,-120.58262000000001,"SAN LUIS OBISPO","ARROYO GRANDE",-120.65404116000001,35.291968709999999
6417425,2014,2014-06-24,9745,2014-03-04,0820,012601,,2,1,9,4000,0,2,4,,1,024,"SOUTH BAY BL","EL MORO AV",215.00,S,N,B,-,N,,,,,,,,,,N,4,0,1,2,A,-,03,22350,,N,C,C,A,A,H,-,A,A,0,,,,,Y,,A,01,0,0,1,0,0,0,0,0,0,"- ","- ",35.325319999999998,-120.8211,"SAN LUIS OBISPO",UNINCORPORATED,-120.82126297000001,35.325550399999997
6420202,2014,2014-06-10,4006,2014-01-17,1400,54160,,5,5,4,4006,0,0,0,,0,,"LOS OSOS VALLEY RD",DESCANSO,0.00,,Y,A,-,N,,,,,,,,,,Y,3,0,2,3,A,-,09,21801,A,N,D,C,A,A,H,-,A,A,0,,,,,Y,,A,07,0,1,1,0,0,0,0,0,0,"- ","- ",,,"SAN LUIS OBISPO","SAN LUIS OBISPO",-120.70000992999999,35.264899999999997