CASE_ID,ACCIDENT_YEAR,PROC_DATE,JURIS,COLLISION_DATE,COLLISION_TIME,OFFICER_ID,REPORTING_DISTRICT,DAY_OF_WEEK,CHP_SHIFT,POPULATION,CNTY_CITY_LOC,SPECIAL_COND,BEAT_TYPE,CHP_BEAT_TYPE,CITY_DIVISION_LAPD,CHP_BEAT_CLASS,BEAT_NUMBER,PRIMARY_RD,SECONDARY_RD,DISTANCE,DIRECTION,INTERSECTION,WEATHER_1,WEATHER_2,STATE_HWY_IND,CALTRANS_COUNTY,CALTRANS_DISTRICT,STATE_ROUTE,ROUTE_SUFFIX,POSTMILE_PREFIX,POSTMILE,LOCATION_TYPE,RAMP_INTERSECTION,SIDE_OF_HWY,TOW_AWAY,COLLISION_SEVERITY,NUMBER_KILLED,NUMBER_INJURED,PARTY_COUNT,PRIMARY_COLL_FACTOR,PCF_CODE_OF_VIOL,PCF_VIOL_CATEGORY,PCF_VIOLATION,PCF_VIOL_SUBSECTION,HIT_AND_RUN,TYPE_OF_COLLISION,MVIW,PED_ACTION,ROAD_SURFACE,ROAD_COND_1,ROAD_COND_2,LIGHTING,CONTROL_DEVICE,CHP_ROAD_TYPE,PEDESTRIAN_ACCIDENT,BICYCLE_ACCIDENT,MOTORCYCLE_ACCIDENT,TRUCK_ACCIDENT,NOT_PRIVATE_PROPERTY,ALCOHOL_INVOLVED,STWD_VEHTYPE_AT_FAULT,CHP_VEHTYPE_AT_FAULT,COUNT_SEVERE_INJ,COUNT_VISIBLE_INJ,COUNT_COMPLAINT_PAIN,COUNT_PED_KILLED,COUNT_PED_INJURED,COUNT_BICYCLIST_KILLED,COUNT_BICYCLIST_INJURED,COUNT_MC_KILLED,COUNT_MC_INJURED,PRIMARY_RAMP,SECONDARY_RAMP,LATITUDE,LONGITUDE,COUNTY,CITY,POINT_X,POINT_Y
6422990,2014,2016-03-05,9740,2014-02-22,2240,17283,,6,3,9,4000,0,1,3,,2,011,"RT 46","CREEK RD",2112.00,W,N,A,-,Y,SLO,5,46,-,R,10.989,H,-,W,Y,4,0,1,1,A,-,05,21650,,N,E,I,A,A,H,-,D,D,0,,,,,Y,,A,07,0,0,1,0,0,0,0,0,0,"- ","- ",35.533430000000003,-120.86718999999999,"SAN LUIS OBISPO",UNINCORPORATED,-120.86722313,35.533343340000002
6422993,2014,2014-06-13,9745,2014-02-26,1503,16719,,3,2,9,4000,0,3,5,,2,005,"MARY AV","TEFFT ST",425.00,N,N,B,-,N,,,,,,,,,,N,4,0,1,2,A,-,09,21804,A,N,D,C,A,A,H,-,A,A,0,,,,,Y,,A,01,0,0,1,0,0,0,0,0,0,"- ","- ",35.036760000000001,-120.48778,"SAN LUIS OBISPO",UNINCORPORATED,-120.48745214,35.036691560000001
6422997,2014,2016-03-05,9745,2014-02-18,1416,14910,,2,2,9,4000,0,1,3,,1,011,"RT 41","CERRO ALTO RD",2640.00,N,N,A,-,Y,SLO,5,41,-,-,7.730,H,-,N,Y,3,0,1,1,A,-,08,22107,,N,F,-,A,A,H,-,A,D,0,,,,,Y,,A,01,0,1,0,0,0,0,0,0,0,"- ","- ",,,"SAN LUIS OBISPO",UNINCORPORATED,-120.75260272,35.436395840000003
6423001,2014,2016-01-11,9745,2014-02-22,0842,11620,,6,1,9,4000,0,1,3,,2,023,"RT 1","MAIL POUCH LN",125.00,S,N,A,-,Y,SLO,5,1,-,-,19.030,H,-,S,N,3,0,1,1,A,-,03,22350,,N,H,A,A,A,H,-,A,D,1,,Y,,,Y,,L,04,0,1,0,0,0,0,1,0,0,"- ","- ",35.311720000000001,-120.68572,"SAN LUIS OBISPO",UNINCORPORATED,-120.68665129999999,35.312297880000003
6426206,2014,2014-06-27,9740,2014-03-12,1315,14460,,3,1,9,4000,0,3,5,,2,018,"UNION RD","GENESEO RD",1056.00,W,N,A,-,N,,,,,,,,,,Y,4,0,2,2,A,-,09,21801,A,N,D,C,A,A,H,-,A,D,0,,,,,Y,,A,01,0,0,2,0,0,0,0,0,0,"- ","- ",35.637590000000003,-120.56473,"SAN LUIS OBISPO",UNINCORPORATED,-120.56451039,35.63754015
6427714,2014,2015-11-16,9745,2014-03-27,1710,16719,,4,2,9,4000,0,1,2,,1,101,"RT 101","BUENA VISTA AV",2112.00,N,N,A,-,Y,SLO,5,101,-,-,30.390,H,-,N,Y,4,0,1,2,A,-,03,22350,,N,C,C,A,A,H,-,A,D,5,,,,,Y,,D,22,0,0,1,0,0,0,0,0,0,"- ","- ",35.293590000000002,-120.64234999999999,"SAN LUIS OBISPO",UNINCORPORATED,-120.64306562,35.293158550000001
6428675,2014,2014-06-30,4006,2014-02-04,1152,27940,,2,5,4,4006,0,0,0,,0,,MONTEREY,MORRO,145.00,W,N,A,-,N,,,,,,,,,,N,3,0,1,2,A,-,09,21804,A,N,D,G,A,A,H,-,A,A,0,,Y,,,Y,,A,01,0,1,0,0,0,0,1,0,0,"- ","- ",,,"SAN LUIS OBISPO","SAN LUIS OBISPO",-120.66271085,35.281033520000001
6428691,2014,2014-07-03,4006,2014-02-01,1802,75921,4006,6,5,4,4006,0,0,0,,0,,"LOS OSOS VALLEY RD","RT 101",206.00,E,N,A,-,N,,,,,,,,,,Y,4,0,1,3,A,-,03,22350,,N,C,C,A,A,H,-,C,A,0,,,,,Y,,A,01,0,0,1,0,0,0,0,0,0,"- ",NO,,,"SAN LUIS OBISPO","SAN LUIS OBISPO",-120.68198481,35.244311230000001
6428693,2014,2016-01-07,9740,2014-03-02,0704,14662,,7,1,9,4000,0,1,3,,2,005,"RT 58","DIGGER PINE RD",528.00,W,N,B,C,Y,SLO,5,58,-,-,4.380,H,-,W,N,4,0,1,1,A,-,03,22350,,N,E,I,A,B,H,-,A,D,0,,,,,Y,,A,01,0,0,1,0,0,0,0,0,0,"- ","- ",35.403199999999998,-120.57340000000001,"SAN LUIS OBISPO",UNINCORPORATED,-120.57300108,35.403936379999998
6429465,2014,2014-06-20,9745,2014-02-18,0115,017151,,2,3,9,4000,0,3,5,,2,003,"COUNTRY CLUB DR","MARSHALL DR",471.00,W,N,A,-,N,,,,,,,,,,Y,3,0,1,1,A,-,01,23152,A,N,E,I,A,A,H,-,D,D,0,,,,,Y,Y,A,07,0,1,0,0,0,0,0,0,0,"- ","- ",35.21311,-120.62394,"SAN LUIS OBISPO",UNINCORPORATED,-120.62434814,35.212846470000002
6432015,2014,2015-11-16,9745,2014-03-28,0910,014508,,5,1,9,4000,0,3,5,,2,003,"RT 101","HIGUERA ST",10.00,S,N,A,-,Y,SLO,5,101,-,R,24.210,R,1,N,Y,4,0,2,2,A,-,03,22350,,N,C,C,A,A,H,-,A,A,1,,,,,Y,,A,01,0,0,2,0,0,0,0,0,0,"- ","- ",35.224739999999997,-120.69059,"SAN LUIS OBISPO",UNINCORPORATED,-120.69167989,35.222722670000003
6434163,2014,2016-01-11,4006,2014-03-21,1325,82350,,5,5,4,4006,0,0,0,,0,,"SANTA ROSA",OLIVE,0.00,,Y,A,-,Y,SLO,5,1,-,-,16.840,H,-,N,N,4,0,1,3,A,-,03,22350,,F,C,C,A,A,H,-,A,D,0,,,,,Y,,-,,0,0,1,0,0,0,0,0,0,"- ","- ",,,"SAN LUIS OBISPO","SAN LUIS OBISPO",-120.6641644,35.28743712
6434167,2014,2014-07-07,4006,2014-03-20,0747,18926,,4,5,4,4006,0,0,0,,0,,BEEBEE,HIGH,0.00,,Y,A,-,N,,,,,,,,,,Y,4,0,1,2,A,-,09,21802,A,N,D,C,A,A,H,-,A,A,0,,,,,Y,,A,01,0,0,1,0,0,0,0,0,0,"- ","- ",,,"SAN LUIS OBISPO","SAN LUIS OBISPO",-120.66796993,35.272220019999999
6435858,2014,2016-04-05,9750,2014-04-07,2225,017616,,1,3,9,4000,0,1,3,,1,065,"RT 166","KIRSCHENMANN RD",9504.00,E,N,A,-,Y,SLO,5,166,-,R,77.170,H,-,W,Y,3,0,1,1,A,-,08,22107,,N,F,A,A,A,H,-,D,D,0,,,,,Y,,D,22,0,1,0,0,0,0,0,0,0,"- ","- ",34.934370000000001,-119.5637,"SAN LUIS OBISPO",UNINCORPORATED,-119.5637,34.934370000000001
6436241,2013,2014-04-21,4006,2013-03-15,1235,55155,,5,5,4,4006,0,0,0,,0,,"LOS OSOS VALLEY RD","FROOM RANCH",0.00,,Y,A,-,N,,,,,,,,,,N,4,0,2,3,A,-,03,22350,,F,C,C,A,A,H,-,A,A,0,,,,,Y,Y,A,01,0,0,2,0,0,0,0,0,0,"- ","- ",,,"SAN LUIS OBISPO","SAN LUIS OBISPO",-120.687642,35.252532000000002
6437058,2014,2015-10-09,9745,2014-02-16,1340,11620,,7,1,9,4000,0,3,5,,2,003,"SAN LUIS BAY DR","ONTARIO RD",1056.00,W,N,A,-,N,,,,,,,,,,Y,3,0,1,2,A,-,06,21750,,N,D,C,A,A,H,-,A,D,0,,,Y,,Y,,C,02,0,1,0,0,0,0,0,0,1,"- ","- ",35.196010000000001,-120.70439,"SAN LUIS OBISPO",UNINCORPORATED,-120.70410154,35.195976659999999
6439497,2014,2015-11-16,9745,2014-03-15,1950,017541,,6,2,9,4000,0,1,2,,2,505,"RT 101","EL CAMPO RD",1000.00,S,N,A,-,Y,SLO,5,101,-,-,11.640,H,-,S,Y,4,0,2,1,A,-,08,22107,,N,E,I,A,A,H,-,D,D,0,,,,,Y,Y,A,01,0,0,2,0,0,0,0,0,0,"- ","- ",35.110439999999997,-120.56188,"SAN LUIS OBISPO",UNINCORPORATED,-120.56083194999999,35.110021930000002
6440769,2014,2016-04-09,9750,2014-04-01,2020,018009,,2,2,9,4000,0,1,2,,2,111,"RT 101","RT 166",300.00,S,N,C,-,Y,SLO,5,101,-,-,0.740,H,-,N,Y,4,0,1,1,A,-,03,22350,,N,E,I,A,B,H,-,D,D,1,,,,,Y,,A,01,0,0,1,0,0,0,0,0,0,"- ","- ",34.995130000000003,-120.43438,"SAN LUIS OBISPO",UNINCORPORATED,-120.43440737,34.995233130000003
6444564,2014,2014-07-02,4006,2014-03-14,1227,15913,,5,5,4,4006,0,0,0,,0,,MONTEREY,PEPPER,213.00,W,N,A,-,N,,,,,,,,,,N,4,0,1,2,A,-,17,22517,,N,B,G,A,A,H,-,A,A,0,,Y,,,Y,,-,,0,0,1,0,0,0,1,0,0,"- ","- ",,,"SAN LUIS OBISPO","SAN LUIS OBISPO",-120.65649443,35.284821819999998
6444592,2014,2016-01-11,4006,2014-03-12,0456,53500,810,3,5,4,4006,0,0,0,,0,,FOOTHILL,"RT 1",0.00,,Y,A,-,Y,SLO,5,1,-,-,17.330,H,-,N,Y,4,0,1,2,A,-,"- ",,,N,D,C,A,A,H,-,C,A,0,,,,,Y,,-,,0,0,1,0,0,0,0,0,0,"- ","- ",,,"SAN LUIS OBISPO","SAN LUIS OBISPO",-120.66781727999999,35.293964359999997
6444596,2014,2015-07-27,4006,2014-03-16,1239,16380,,7,5,4,4006,0,0,0,,0,,MADONNA,"RT 101",152.00,W,N,A,-,N,,,,,,,,,,N,4,0,2,2,A,-,21,22106,,N,C,C,A,A,H,-,A,D,0,,,,,Y,,A,07,0,0,2,0,0,0,0,0,0,"- ",SO,,,"SAN LUIS OBISPO","SAN LUIS OBISPO",-120.67400603999999,35.265754059999999
6445100,2014,2014-07-10,4004,2014-03-27,1648,0476,03,4,5,3,4004,0,0,0,,0,037,RIVER,UNION,1584.00,N,N,A,-,N,,,,,,,,,,Y,4,0,1,1,A,-,03,22350,,N,F,A,A,A,H,-,A,A,0,,,Y,,Y,,C,02,0,0,1,0,0,0,0,0,1,"- ","- ",,,"SAN LUIS OBISPO","PASO ROBLES",-120.68201667,35.634635189999997
6445104,2014,2014-07-10,4004,2014-03-24,2251,1201,04,1,5,3,4004,0,0,0,,0,045,RIVER,"RIVER 841",0.00,,Y,A,-,N,,,,,,,,,,Y,2,0,1,1,A,-,03,22350,,N,E,I,A,A,H,-,C,A,0,,,Y,,Y,,C,02,1,0,0,0,0,0,0,0,1,"- ","- ",,,"SAN LUIS OBISPO","PASO ROBLES",-120.68270445,35.60347574
6445108,2014,2014-07-10,4004,2014-03-08,0853,1187,04,6,5,3,4004,0,0,0,,0,4-7,"STONEY CREEK",CRESTON,228.00,W,N,A,-,N,,,,,,,,,,N,4,0,2,2,A,-,09,21804,A,N,D,C,A,A,H,-,A,D,0,,,,,Y,,A,01,0,0,2,0,0,0,0,0,0,"- ","- ",,,"SAN LUIS OBISPO","PASO ROBLES",-120.65976684,35.605260000000001
6445873,2014,2014-06-27,4005,2014-02-28,1430,P085,4,5,5,2,4005,0,0,0,,0,,"PRICE CANYON RD","LEMOORE AV",290.00,E,N,B,C,N,,,,,,,,,,N,3,0,1,2,A,-,08,22107,,N,B,G,A,B,H,-,A,D,0,,Y,,,Y,,L,04,0,1,0,0,0,0,1,0,0,"- ","- ",,,"SAN LUIS OBISPO","PISMO BEACH",-120.63532718,35.146207789999998
6452877,2014,2016-04-09,9745,2014-04-15,1550,15144,,2,2,9,4000,0,1,2,,2,505,"RT 101","EL CAMPO RD",5280.00,S,N,A,-,Y,SLO,5,101,-,-,10.830,H,-,S,Y,4,0,2,2,A,-,04,21703,,N,C,C,A,A,H,-,A,D,0,,,,,Y,,A,01,0,0,2,0,0,0,0,0,0,"- ","- ",35.102829999999997,-120.55,"SAN LUIS OBISPO",UNINCORPORATED,-120.55011030999999,35.102823569999998
6452878,2014,2016-04-09,9745,2014-04-12,1419,16514,,6,2,2,4003,0,1,3,,2,022,"RT 1","SOUTH BAY BL",3696.00,N,N,A,-,Y,SLO,5,1,-,-,28.590,H,-,S,Y,3,0,1,1,A,-,08,22107,,N,F,A,A,A,H,-,A,D,1,,,,,Y,,A,01,0,1,0,0,0,0,0,0,0,"- ","- ",35.365130000000001,-120.83023,"SAN LUIS OBISPO","MORRO BAY",-120.83561738,35.366197360000001
6453966,2014,2016-04-07,4004,2014-04-08,0800,1187,03,2,5,3,4004,0,0,0,,0,3-2,"BUENA VISTA","RT 46",0.00,,Y,A,-,Y,SLO,5,46,-,-,30.513,I,5,W,Y,4,0,1,2,A,-,03,22350,,N,C,C,A,A,H,-,A,A,0,,,,,Y,,I,11,0,0,1,0,0,0,0,0,0,"- ","- ",,,"SAN LUIS OBISPO","PASO ROBLES",-120.67176738000001,35.64462923
6453978,2014,2014-07-22,4004,2014-04-03,1535,0476,04,4,5,3,4004,0,0,0,,0,046,NIBLICK,MELODY,8.00,S,N,A,-,N,,,,,,,,,,N,3,0,1,2,A,-,05,21650,1,N,D,G,A,A,H,-,A,A,0,,Y,,,Y,,L,04,0,1,0,0,0,0,1,0,0,"- ","- ",,,"SAN LUIS OBISPO","PASO ROBLES",-120.66623,35.615749999999998
6454336,2014,2016-04-07,9740,2014-04-06,1710,019259,,7,2,3,4004,0,1,2,,2,003,"RT 101","SPRING ST",50.00,N,N,A,-,Y,SLO,5,101,-,-,52.530,H,-,S,Y,4,0,2,2,A,-,07,21658,A,N,C,C,A,A,H,-,A,D,1,,,,Y,Y,,G,25,0,0,2,0,0,0,0,0,0,"- ","- ",35.653570000000002,-120.6942,"SAN LUIS OBISPO","PASO ROBLES",-120.7014641,35.567079300000003
6459582,2014,2014-08-01,9740,2014-05-01,1715,014543,,4,2,9,4000,0,2,4,,2,012,"NACIMIENTO LAKE DR","FRAZIER RD",2112.00,W,N,A,-,N,,,,,,,,,,Y,4,0,1,1,A,-,08,22107,,N,E,I,A,A,H,-,A,D,0,,,,,Y,,A,01,0,0,1,0,0,0,0,0,0,"- ","- ",35.711390000000002,-120.82998000000001,"SAN LUIS OBISPO",UNINCORPORATED,-120.82856219999999,35.711356100000003
6460471,2014,2016-04-07,9745,2014-04-21,1825,16068,,1,2,4,4006,0,1,2,,1,101,"RT 101","TV TOWER RD",528.00,S,N,A,-,Y,SLO,5,101,-,-,34.920,H,-,N,Y,3,0,1,1,A,-,01,23152,A,N,E,I,A,A,H,-,A,D,5,,,,,Y,Y,A,01,0,1,0,0,0,0,0,0,0,"- ","- ",35.34543,-120.62860000000001,"SAN LUIS OBISPO","SAN LUIS OBISPO",-120.62909972,35.346099760000001
6466492,2014,2016-04-07,9745,2014-04-09,0737,013531,,3,1,9,4000,0,1,2,,1,101,"RT 101","RT 58",1630.00,S,N,A,-,Y,SLO,5,101,-,-,37.550,H,-,S,Y,3,0,1,5,A,-,03,22350,,N,C,C,A,A,H,-,A,D,1,,,,,Y,,D,22,0,1,0,0,0,0,0,0,0,"- ","- ",35.378869999999999,-120.63453,"SAN LUIS OBISPO",UNINCORPORATED,-120.63381647999999,35.379557400000003
6468275,2014,2014-07-08,4006,2014-03-31,1550,63823,,1,5,4,4006,0,0,0,,0,,"JOHNSON AV","SYDNEY ST",200.00,N,N,A,-,N,,,,,,,,,,N,4,0,1,2,A,-,04,21703,,N,C,C,A,A,H,-,A,D,0,,,,,Y,,D,22,0,0,1,0,0,0,0,0,0,"- ","- ",,,"SAN LUIS OBISPO","SAN LUIS OBISPO",-120.64432008,35.271996620000003
6468406,2014,2014-08-04,4004,2014-06-16,1332,1200,01,1,5,3,4004,0,0,0,,0,1-5,"17TH ST","RIVERSIDE AV",0.00,,Y,A,-,N,,,,,,,,,,Y,3,0,1,2,A,-,01,23153,B,N,C,C,A,A,H,-,A,D,0,,,,,Y,Y,D,22,0,1,0,0,0,0,0,0,0,"- ","- ",,,"SAN LUIS OBISPO","PASO ROBLES",-120.68734988999999,35.632130099999998
6469714,2014,2016-04-06,4008,2014-04-03,0019,4050,,4,5,4,4008,0,0,0,,0,,"RT 41","OLD MORRO RD",1584.00,W,N,A,-,Y,SLO,5,41,-,-,12.290,H,-,N,Y,3,0,1,1,A,-,03,22350,,N,F,I,A,A,H,-,D,D,0,,,,,Y,,A,01,0,1,0,0,0,0,0,0,0,"- ","- ",,,"SAN LUIS OBISPO",ATASCADERO,-120.70229092,35.451162629999999
6470977,2014,2014-07-18,4006,2014-04-06,1938,16002,,7,5,4,4006,0,0,0,,0,,CALIFORNIA,MONTEREY,33.00,N,N,A,-,N,,,,,,,,,,N,4,0,1,2,B,-,22,,,N,C,C,A,A,H,-,C,A,0,,,,,Y,,A,07,0,0,1,0,0,0,0,0,0,"- ","- ",,,"SAN LUIS OBISPO","SAN LUIS OBISPO",-120.65467556999999,35.28618298
6470997,2014,2014-07-11,4006,2014-04-14,1243,27940,,1,5,4,4006,0,0,0,,0,,BROAD,SOUTH,0.00,,Y,A,-,N,,,,,,,,,,N,4,0,1,2,A,-,11,21954,A,N,G,B,D,-,H,-,A,A,0,Y,,,,Y,,N,60,0,0,1,0,1,0,0,0,0,"- ","- ",,,"SAN LUIS OBISPO","SAN LUIS OBISPO",-120.65655150000001,35.269784999999999
6471353,2014,2014-07-11,9745,2014-04-27,1109,17151,,7,1,9,4000,0,3,5,,2,005,"DIVISION ST","JUPITER DR",82.00,E,N,A,-,N,,,,,,,,,,Y,2,0,2,2,A,-,08,22107,,N,C,E,A,A,H,-,A,D,0,,,,Y,Y,,A,01,1,0,1,0,0,0,0,0,0,"- ","- ",35.019550000000002,-120.49007,"SAN LUIS OBISPO",UNINCORPORATED,-120.49016396,35.01934765
6472692,2014,2016-04-09,4002,2014-04-15,1510,476,114,2,5,3,4002,0,0,0,,0,001,"W GRAND AV","RT 1",0.00,,Y,A,-,Y,SLO,5,1,-,-,14.100,I,5,N,Y,4,0,1,2,A,-,09,21453,C,N,D,C,A,A,H,-,A,A,0,,,,,Y,,D,22,0,0,1,0,0,0,0,0,0,"- ","- ",,,"SAN LUIS OBISPO","GROVER BEACH",-120.62980838999999,35.121984609999998
6474737,2014,2014-07-12,9745,2014-04-27,1125,017541,,7,1,9,4000,0,3,5,,2,003,"BUCKLEY RD","HOOVER AV",0.00,,Y,A,-,N,,,,,,,,,,N,3,0,1,2,A,-,09,21802,A,N,E,G,A,A,H,-,A,D,0,,Y,,,Y,,D,22,0,1,0,0,0,0,1,0,0,"- ","- ",35.143900000000002,-120.3939,"SAN LUIS OBISPO",UNINCORPORATED,-120.65423995,35.235840099999997
6476238,2014,2016-04-09,9745,2014-05-02,0755,012876,,5,1,9,4000,0,1,2,,2,404,"RT 101","PRICE CANYON RD",2112.00,S,N,A,-,Y,SLO,5,101,-,-,16.200,H,-,N,Y,4,0,1,3,A,-,04,21703,,N,C,C,A,A,H,-,A,D,1,,,,,Y,,D,22,0,0,1,0,0,0,0,0,0,"- ","- ",35.138559999999998,-120.63191,"SAN LUIS OBISPO",UNINCORPORATED,-120.63247441,35.138734020000001
6479715,2014,2016-04-06,9740,2014-04-29,0733,12113,,2,1,9,4000,0,1,3,,1,009,"RT 46","RT 41",1561.00,E,N,A,-,Y,SLO,5,46,-,-,55.450,H,-,W,Y,2,0,2,1,C,-,18,,,N,E,J,A,A,H,-,A,D,0,,,,,Y,,-,"- ",1,1,0,0,0,0,0,0,0,"- ","- ",35.734720000000003,-120.28261000000001,"SAN LUIS OBISPO",UNINCORPORATED,-120.27849198,35.735557419999999
6479899,2014,2016-04-09,9745,2014-04-23,1808,018021,,3,2,9,4000,0,1,2,,2,505,"RT 101","WILLOW RD",528.00,S,N,A,-,Y,SLO,5,101,-,-,6.310,H,-,S,Y,3,0,1,2,A,-,01,23152,A,N,C,C,A,A,H,-,A,D,1,,,,,Y,Y,A,01,0,1,0,0,0,0,0,0,0,"- ","- ",35.051540000000003,-120.49809,"SAN LUIS OBISPO",UNINCORPORATED,-120.50004276,35.05388293
6479902,2014,2014-07-09,9745,2014-04-24,1910,017144,,4,2,9,4000,0,3,5,,2,005,"EL CAMPO RD","RT 101",1056.00,W,N,A,-,N,,,,,,,,,,Y,3,0,1,1,A,-,01,23152,A,N,E,I,A,A,H,-,A,D,0,,,,,Y,Y,A,01,0,1,0,0,0,0,0,0,0,"- ","- ",35.107849999999999,-120.56184,"SAN LUIS OBISPO",UNINCORPORATED,-120.56234161,35.108794619999998
6481507,2014,2015-12-16,9740,2014-04-25,1140,013246,,5,1,4,4008,0,1,2,,2,001,"RT 101","SANTA ROSA RD",106.00,N,N,A,-,Y,SLO,5,101,-,-,44.030,H,-,N,Y,3,0,1,3,A,-,03,22350,,N,C,C,A,A,D,-,A,D,1,,,,,Y,,A,07,0,1,0,0,0,0,0,0,0,"- ","- ",35.466160000000002,-120.65145,"SAN LUIS OBISPO",ATASCADERO,-120.65145045,35.466239049999999
6483620,2014,2014-07-24,9745,2014-05-05,1030,17238,,1,1,9,4000,0,3,5,,2,002,"CAYUCOS CREEK RD","CAYUCOS DR",1056.00,E,N,A,-,N,,,,,,,,,,N,4,0,1,1,A,-,08,22107,,N,E,J,A,A,H,-,A,D,0,,Y,,,Y,,L,04,0,0,1,0,0,0,1,0,0,"- ","- ",35.445619999999998,-120.90796,"SAN LUIS OBISPO",UNINCORPORATED,,
6483624,2014,2014-07-24,9745,2014-05-09,1013,13531,,5,1,9,4000,0,3,5,,2,005,"WILLOW RD","ALBERT WY",0.00,,Y,A,-,N,,,,,,,,,,Y,4,0,4,2,A,-,09,21802,A,N,D,C,A,A,H,-,A,A,0,,,,,Y,,A,01,0,0,4,0,0,0,0,0,0,"- ","- ",35.043909999999997,-120.55956999999999,"SAN LUIS OBISPO",UNINCORPORATED,-120.55926991,35.047330109999997
6485113,2014,2014-07-26,9745,2014-05-14,2120,13937,,3,2,9,4000,0,3,5,,2,005,"LA SERENATA WY","CAMINO CABALLO",197.00,S,N,A,-,N,,,,,,,,,,N,3,0,1,1,A,-,01,23152,E,N,E,I,A,A,H,-,D,D,0,,,,,Y,,D,22,0,1,0,0,0,0,0,0,0,"- ","- ",35.034309999999998,-120.51249,"SAN LUIS OBISPO",UNINCORPORATED,-120.51250778000001,35.034499199999999
6485991,2014,2016-04-09,9745,2014-05-10,0035,18021,,6,3,9,4000,0,1,2,,2,505,"RT 101","TEFFT ST",7920.00,S,N,A,-,Y,SLO,5,101,-,-,3.350,H,-,N,Y,3,0,1,1,A,-,08,22107,,N,E,I,A,A,H,-,D,D,1,,,,,Y,,A,07,0,1,0,0,0,0,0,0,0,"- ","- ",35.162799999999997,-120.2854,"SAN LUIS OBISPO",UNINCORPORATED,-120.46670845,35.02044738
6486108,2014,2014-07-24,4008,2014-05-05,2051,1053,,1,5,4,4008,0,0,0,,0,,"EL CAMINO REAL","EL BORDO AV",340.00,N,N,A,-,N,,,,,,,,,,Y,2,0,2,2,A,-,01,23152,A,F,C,C,A,A,H,-,C,D,0,,,,,Y,Y,A,01,1,0,1,0,0,0,0,0,0,"- ","- ",35.464820000000003,-120.64743,"SAN LUIS OBISPO",ATASCADERO,-120.64753629000001,35.464744119999999
6486160,2014,2016-04-07,9740,2014-05-05,0700,13952,,1,1,9,4000,0,1,2,,2,003,"RT 101","RT 46W",2640.00,N,N,B,-,Y,SLO,5,101,-,-,54.630,H,-,N,Y,4,0,1,1,A,-,08,22107,,N,E,I,A,A,H,-,A,D,1,,,,,Y,,A,01,0,0,1,0,0,0,0,0,0,"- ","- ",35.593609999999998,-120.69513000000001,"SAN LUIS OBISPO",UNINCORPORATED,-120.69490125,35.596768009999998
6486165,2014,2014-07-25,4008,2014-05-03,1522,4080,,6,5,4,4008,0,0,0,,0,,"ARDILLA RD","ATASCADERO MALL",241.00,N,N,A,-,N,,,,,,,,,,N,4,0,1,2,A,-,05,21650,,N,C,E,A,A,H,-,A,D,0,,,,,Y,Y,-,,0,0,1,0,0,0,0,0,0,"- ","- ",35.487430000000003,-120.66972,"SAN LUIS OBISPO",ATASCADERO,-120.66986124,35.487459819999998
6489286,2014,2016-01-06,4006,2014-05-19,1715,82350,,1,5,4,4006,0,0,0,,0,,BROAD,ORCUTT,620.00,S,N,A,-,N,,,,,,,,,,Y,4,0,1,3,A,-,01,23153,A,N,C,C,A,A,A,-,A,A,0,,,,,Y,Y,D,23,0,0,1,0,0,0,0,0,0,"- ","- ",,,"SAN LUIS OBISPO","SAN LUIS OBISPO",-120.64888918,35.259816299999997
6491969,2014,2014-07-29,9740,2014-06-08,0005,12113,,7,3,9,4000,0,3,5,,2,019,"RIVER RD","WELLSONA RD",731.00,N,N,A,-,N,,,,,,,,,,Y,3,0,1,1,A,-,01,23152,A,N,E,I,A,A,H,-,D,D,0,,,,,Y,Y,A,01,0,1,0,0,0,0,0,0,0,"- ","- ",35.697980000000001,-120.68089000000001,"SAN LUIS OBISPO",UNINCORPORATED,-120.68294437,35.695315129999997
6492072,2014,2014-08-05,4006,2014-05-01,1046,27940,,4,5,4,4006,0,0,0,,0,,HIGUERA,HIGH,280.00,N,N,A,-,N,,,,,,,,,,Y,4,0,1,4,A,-,03,22350,,N,C,C,A,A,H,-,A,A,0,,,,,Y,,A,01,0,0,1,0,0,0,0,0,0,"- ","- ",,,"SAN LUIS OBISPO","SAN LUIS OBISPO",-120.66966257999999,35.272960820000002
6492076,2014,2014-08-05,4006,2014-05-13,1606,92800,,2,5,4,4006,0,0,0,,0,,OSOS,MONTEREY,0.00,,Y,A,-,N,,,,,,,,,,Y,4,0,1,2,A,-,12,21453,A,N,D,C,A,A,H,-,A,A,0,,,,,Y,,A,01,0,0,1,0,0,0,0,0,0,"- ","- ",,,"SAN LUIS OBISPO","SAN LUIS OBISPO",-120.6613899,35.281810020000002
6492818,2014,2014-07-24,9745,2014-05-28,1415,014996,,3,2,9,4000,0,3,5,,2,004,"BONITA SCHOOL RD","DIVISION ST",2112.00,S,N,A,-,N,,,,,,,,,,Y,3,0,2,2,A,-,08,22107,,N,B,C,A,A,H,-,A,D,0,,,,,Y,,A,01,0,1,1,0,0,0,0,0,0,"- ","- ",34.99736,-120.5153,"SAN LUIS OBISPO",UNINCORPORATED,-120.51577528,34.998370790000003
6493153,2014,2014-07-18,4006,2014-04-30,1625,55150,,3,5,4,4006,0,0,0,,0,,"HIGUERA ST","VACHELL LN",0.00,,Y,A,-,N,,,,,,,,,,Y,4,0,1,2,A,-,09,21801,A,N,D,C,A,A,H,-,A,D,0,,,,,Y,,D,22,0,0,1,0,0,0,0,0,0,"- ","- ",,,"SAN LUIS OBISPO","SAN LUIS OBISPO",-120.67598999000001,35.243110080000001