CASE_ID,ACCIDENT_YEAR,PROC_DATE,JURIS,COLLISION_DATE,COLLISION_TIME,OFFICER_ID,REPORTING_DISTRICT,DAY_OF_WEEK,CHP_SHIFT,POPULATION,CNTY_CITY_LOC,SPECIAL_COND,BEAT_TYPE,CHP_BEAT_TYPE,CITY_DIVISION_LAPD,CHP_BEAT_CLASS,BEAT_NUMBER,PRIMARY_RD,SECONDARY_RD,DISTANCE,DIRECTION,INTERSECTION,WEATHER_1,WEATHER_2,STATE_HWY_IND,CALTRANS_COUNTY,CALTRANS_DISTRICT,STATE_ROUTE,ROUTE_SUFFIX,POSTMILE_PREFIX,POSTMILE,LOCATION_TYPE,RAMP_INTERSECTION,SIDE_OF_HWY,TOW_AWAY,COLLISION_SEVERITY,NUMBER_KILLED,NUMBER_INJURED,PARTY_COUNT,PRIMARY_COLL_FACTOR,PCF_CODE_OF_VIOL,PCF_VIOL_CATEGORY,PCF_VIOLATION,PCF_VIOL_SUBSECTION,HIT_AND_RUN,TYPE_OF_COLLISION,MVIW,PED_ACTION,ROAD_SURFACE,ROAD_COND_1,ROAD_COND_2,LIGHTING,CONTROL_DEVICE,CHP_ROAD_TYPE,PEDESTRIAN_ACCIDENT,BICYCLE_ACCIDENT,MOTORCYCLE_ACCIDENT,TRUCK_ACCIDENT,NOT_PRIVATE_PROPERTY,ALCOHOL_INVOLVED,STWD_VEHTYPE_AT_FAULT,CHP_VEHTYPE_AT_FAULT,COUNT_SEVERE_INJ,COUNT_VISIBLE_INJ,COUNT_COMPLAINT_PAIN,COUNT_PED_KILLED,COUNT_PED_INJURED,COUNT_BICYCLIST_KILLED,COUNT_BICYCLIST_INJURED,COUNT_MC_KILLED,COUNT_MC_INJURED,PRIMARY_RAMP,SECONDARY_RAMP,LATITUDE,LONGITUDE,COUNTY,CITY,POINT_X,POINT_Y
6493534,2014,2016-04-06,9745,2014-05-18,2100,16068,,7,2,9,4000,0,1,3,,1,011,"RT 41","BEAR RIDGE RD",2112.00,S,N,A,-,Y,SLO,5,41,-,-,4.970,H,-,N,Y,2,0,4,2,A,-,01,23152,A,N,A,C,A,A,H,-,D,D,0,,,,,Y,Y,A,01,1,0,3,0,0,0,0,0,0,"- ","- ",35.42313,-120.78838,"SAN LUIS OBISPO",UNINCORPORATED,-120.78691265,35.423488259999999
6493548,2014,2015-03-26,4004,2014-05-12,1512,1201,01,1,5,3,4004,0,0,0,,0,017,RIVERSIDE,14TH,68.00,N,N,A,-,N,,,,,,,,,,N,4,0,1,2,A,-,03,22350,,N,C,C,A,A,H,-,A,A,0,,,,,Y,,A,01,0,0,1,0,0,0,0,0,0,"- ","- ",,,"SAN LUIS OBISPO","PASO ROBLES",-120.68710597,35.629206320000002
6493562,2014,2016-04-06,9745,2014-05-19,1631,15734,,1,2,9,4000,0,1,3,,1,011,"RT 41","IRONWOOD AV",9504.00,N,N,B,-,Y,SLO,5,41,-,-,2.180,H,-,S,Y,3,0,1,2,A,-,09,21801,A,N,D,C,A,A,H,-,A,D,0,,,,,Y,,D,22,0,1,0,0,0,0,0,0,0,"- ","- ",35.399940000000001,-120.82683,"SAN LUIS OBISPO",UNINCORPORATED,-120.82641074999999,35.400141929999997
6494284,2014,2016-04-07,9740,2014-05-12,1055,14662,,1,1,4,4008,0,1,2,,2,001,"RT 101","SAN DIEGO WY",1056.00,S,N,A,-,Y,SLO,5,101,-,-,42.670,H,-,N,Y,3,0,2,2,A,-,08,22107,,N,D,C,A,A,H,-,A,D,1,,,,,Y,,A,01,0,1,1,0,0,0,0,0,0,"- ",WF,35.4499,-120.63930000000001,"SAN LUIS OBISPO",ATASCADERO,-120.63915470000001,35.449347950000003
6495949,2014,2014-07-31,4006,2014-05-20,1645,82350,,2,5,4,4006,0,0,0,,0,,BUCHON,JOHNSON,27.00,W,N,A,-,N,,,,,,,,,,N,4,0,1,2,A,-,03,22350,,N,C,C,A,A,H,-,A,A,0,,,,,Y,,A,01,0,0,1,0,0,0,0,0,0,"- ","- ",,,"SAN LUIS OBISPO","SAN LUIS OBISPO",-120.65380849,35.280741560000003
6497932,2014,2016-04-09,9745,2014-05-21,0245,17968,,3,3,3,4001,0,1,2,,2,402,"RT 101","HALCON RD",1056.00,N,N,A,-,Y,SLO,5,101,-,-,13.960,H,-,S,Y,4,0,1,2,A,-,03,22350,,N,C,C,A,A,H,-,C,D,1,,,,Y,Y,,A,01,0,0,1,0,0,0,0,0,0,"- ","- ",35.126550000000002,-120.59827,"SAN LUIS OBISPO","ARROYO GRANDE",-120.59661662000001,35.125724460000001
6498521,2014,2016-04-09,9745,2014-04-29,1720,14996,,2,2,2,4005,0,1,2,,2,404,"RT 101","SPYGLASS DR",1584.00,S,N,A,-,Y,SLO,5,101,-,R,19.510,H,-,S,N,4,0,1,2,A,-,01,23152,A,F,C,C,A,A,H,-,A,D,1,,,,,Y,Y,A,07,0,0,1,0,0,0,0,0,0,"- ","- ",35.161580000000001,-120.6814,"SAN LUIS OBISPO","PISMO BEACH",-120.68234686,35.161871810000001
6501222,2014,2016-04-09,9745,2014-05-12,0600,17238,,1,1,9,4000,0,1,3,,1,045,"RT 1","DIVISION ST",0.00,,Y,A,-,Y,SLO,5,1,-,-,0.940,I,5,N,Y,4,0,2,2,A,-,09,21802,A,N,D,C,A,A,H,-,A,A,0,,,,,Y,,A,01,0,0,2,0,0,0,0,0,0,"- ","- ",,,"SAN LUIS OBISPO",UNINCORPORATED,-120.57055,34.99107068
6504192,2014,2014-07-25,9745,2014-05-23,1015,013212,,5,1,9,4000,0,3,5,,2,004,"UPPER LOPEZ CANYON RD","HI MOUNTAIN RD",0.00,N,N,A,-,N,,,,,,,,,,Y,4,0,1,1,B,-,22,,,N,H,A,A,A,G,-,A,D,0,,,Y,,Y,,-,"- ",0,0,1,0,0,0,0,0,1,"- ","- ",,,"SAN LUIS OBISPO",UNINCORPORATED,-120.44400988,35.186459999999997
6504244,2014,2016-04-09,9745,2014-05-25,1447,015734,,7,2,2,4005,0,1,2,,2,404,"RT 101","SPYGLASS DR",1000.00,S,N,A,-,Y,SLO,5,101,-,R,19.620,H,-,N,Y,4,0,1,2,A,-,03,22350,,N,C,C,A,A,H,-,A,D,1,,,,,Y,,A,07,0,0,1,0,0,0,0,0,0,"- ","- ",36.163179999999997,-120.68496,"SAN LUIS OBISPO","PISMO BEACH",-120.68397007999999,35.16268951
6505385,2014,2014-07-25,9740,2014-05-22,1555,15854,,4,2,9,4000,0,3,5,,2,017,"EL CAMINO REAL","ASUNCION RD",275.00,S,N,B,-,N,,,,,,,,,,Y,3,0,1,1,A,-,01,23152,E,N,E,J,A,A,H,-,A,D,0,,,,,Y,,A,01,0,1,0,0,0,0,0,0,0,"- ","- ",35.427750000000003,-120.60471,"SAN LUIS OBISPO",UNINCORPORATED,-120.60490627,35.427903980000004
6505434,2014,2014-07-24,4006,2014-05-12,0745,27940,,1,5,4,4006,0,0,0,,0,,"SANTA ROSA",MARSH,0.00,,Y,A,-,N,,,,,,,,,,Y,4,0,1,2,A,-,09,21801,A,N,A,C,A,A,H,-,A,A,0,,,,,Y,,A,01,0,0,1,0,0,0,0,0,0,"- ","- ",,,"SAN LUIS OBISPO","SAN LUIS OBISPO",-120.65868988,35.281240080000003
6508290,2014,2014-07-08,4006,2014-03-31,1405,68823,,1,5,4,4006,0,0,0,,0,,"OLIVE ST","SANTA ROSA ST",75.00,W,N,A,-,N,,,,,,,,,,N,4,0,1,2,A,-,04,21703,,N,C,C,A,A,H,-,A,A,0,,,,,Y,,A,01,0,0,1,0,0,0,0,0,0,"- ","- ",,,"SAN LUIS OBISPO","SAN LUIS OBISPO",-120.66446811,35.287395449999998
6508848,2014,2014-07-31,4004,2014-05-11,1804,1200,01,7,5,3,4004,0,0,0,,0,016,"14TH ST",VINE,0.00,,Y,A,-,N,,,,,,,,,,N,3,0,1,1,A,-,03,22350,,N,H,A,A,A,H,-,A,D,0,,,Y,,Y,,C,03,0,1,0,0,0,0,0,0,1,"- ","- ",,,"SAN LUIS OBISPO","PASO ROBLES",-120.69410999,35.628600040000002
6508864,2014,2014-07-31,4002,2014-05-02,2235,555,210,5,5,3,4002,0,0,0,,0,002,"S 13TH ST","HIGHLAND WY",33.00,S,N,A,-,N,,,,,,,,,,Y,3,0,1,1,A,-,01,23152,A,N,F,J,A,A,H,-,C,A,0,,,Y,,Y,Y,C,02,0,1,0,0,0,0,0,0,1,"- ","- ",,,"SAN LUIS OBISPO","GROVER BEACH",-120.61639064000001,35.108839359999997
6508903,2014,2014-08-05,9745,2014-05-17,1820,017968,,6,2,9,4000,0,2,4,,1,052,"S THOMPSON AV","SWALLOW LN",1056.00,S,N,A,-,N,,,,,,,,,,Y,4,0,1,1,A,-,08,22107,,N,E,I,A,A,H,-,A,D,0,,,,,Y,Y,A,08,0,0,1,0,0,0,0,0,0,"- ","- ",35.026499999999999,-120.45829000000001,"SAN LUIS OBISPO",UNINCORPORATED,-120.45835362,35.02656923
6508919,2014,2016-04-05,9745,2014-05-20,1643,016089,,2,2,9,4000,0,1,3,,1,032,"RT 227","PHILLIPS RD",528.00,S,N,A,-,Y,SLO,5,227,-,-,2.490,H,-,N,Y,2,0,2,2,A,-,01,23152,A,N,A,C,A,A,H,-,A,D,0,,,,,Y,Y,A,07,2,0,0,0,0,0,0,0,0,"- ","- ",,,"SAN LUIS OBISPO",UNINCORPORATED,-120.5730593,35.147265249999997
6509782,2014,2016-04-09,9740,2014-05-07,0938,13952,,3,1,9,4000,0,1,3,,1,015,"RT 1","RAGGED POINT INN",7392.00,N,N,B,-,Y,SLO,5,1,-,-,74.320,H,-,S,Y,2,0,1,1,A,-,08,22107,,N,E,I,A,A,H,-,A,D,0,,,Y,,Y,,C,02,1,0,0,0,0,0,0,0,1,"- ","- ",,,"SAN LUIS OBISPO",UNINCORPORATED,-121.34524657,35.79516529
6511725,2014,2014-07-30,9740,2014-05-16,0620,014662,,5,1,9,4000,0,3,5,,2,021,"OLD CREEK RD","COTTONTAIL CREEK RD",8976.00,N,N,A,-,N,,,,,,,,,,Y,2,0,1,1,A,-,08,22107,,N,F,A,A,A,H,-,A,D,0,,,Y,,Y,,C,02,1,0,0,0,0,0,0,0,1,"- ","- ",35.494700000000002,-120.8439,"SAN LUIS OBISPO",UNINCORPORATED,-120.84530916999999,35.494068679999998
6511757,2014,2016-04-07,9740,2014-05-21,1110,011452,,3,1,4,4008,0,1,2,,2,002,"RT 101","RT 41",350.00,N,N,A,-,Y,SLO,5,101,-,-,45.660,H,-,S,Y,4,0,3,3,A,-,03,22350,,N,C,C,A,A,D,-,A,A,1,,,,,Y,,A,01,0,0,3,0,0,0,0,0,0,"- ","- ",35.485979999999998,-120.66643999999999,"SAN LUIS OBISPO",ATASCADERO,-120.66647085,35.485993379999996
6512668,2014,2015-03-18,9745,2014-06-13,1420,012876,,5,2,9,4000,0,1,2,,1,101,"RT 101","TASSAJARA CREEK RD",2640.00,S,N,A,-,Y,SLO,5,101,-,-,36.300,H,-,S,Y,4,0,1,2,A,-,03,22350,,N,C,C,A,A,H,-,A,D,5,,,,,Y,,D,22,0,0,1,0,0,0,0,0,0,"- ","- ",35.364989999999999,-120.63907,"SAN LUIS OBISPO",UNINCORPORATED,-120.63866194000001,35.363988079999999
6513600,2014,2014-08-09,9745,2014-06-15,1741,016514,,7,2,9,4000,0,2,4,,1,026,"PERFUMO CANYON RD","CASTILLO CT",7920.00,S,N,B,-,N,,,,,,,,,,Y,3,0,1,1,A,-,08,22107,,N,F,A,A,A,H,-,A,D,0,,,,,Y,,A,01,0,1,0,0,0,0,0,0,0,"- ","- ",35.265509999999999,-120.72812,"SAN LUIS OBISPO",UNINCORPORATED,-120.69840000000001,35.263530000000003
6514171,2014,2014-06-30,4003,2014-01-23,1229,R6380,5,4,5,2,4003,0,0,0,,0,001,"MAIN ST","ATASCADERO RD",0.00,,Y,A,-,N,,,,,,,,,,N,4,0,1,2,A,-,12,22450,A,N,B,G,A,A,H,-,A,D,0,,Y,,,Y,,L,04,0,0,1,0,0,0,1,0,0,"- ","- ",,,"SAN LUIS OBISPO","MORRO BAY",-120.85483431999999,35.380203790000003
6514234,2014,2016-01-11,4003,2014-01-23,1247,P1281,11,4,5,2,4003,0,0,0,,0,001,"RT 1","YERBA BUENA ST",0.00,,Y,-,-,Y,SLO,5,1,-,-,31.980,H,-,S,Y,4,0,2,3,A,-,03,22350,,N,-,-,A,-,-,-,-,-,0,,,,,Y,,A,01,0,0,2,0,0,0,0,0,0,"- ","- ",,,"SAN LUIS OBISPO","MORRO BAY",-120.86785379,35.404213540000001
6514274,2014,2014-08-11,4006,2014-06-14,1654,10140,4006,6,5,4,4006,0,0,0,,0,,"MADONNA RD",ETO,151.00,E,N,A,-,N,,,,,,,,,,Y,4,0,1,2,A,-,08,22103,,N,D,C,A,A,H,-,A,D,0,,,,,Y,,A,01,0,0,1,0,0,0,0,0,0,"- ","- ",,,"SAN LUIS OBISPO","SAN LUIS OBISPO",-120.69510549,35.254751800000001
6514700,2014,2016-04-09,9745,2014-04-20,0448,17968,,7,3,2,4005,0,1,2,,2,404,"RT 101","AVILA BEACH DR",1056.00,S,N,A,-,Y,SLO,5,101,-,R,20.910,H,-,N,Y,4,0,1,2,D,-,00,,,N,C,C,A,A,H,-,D,D,1,,,,,Y,,-,"- ",0,0,1,0,0,0,0,0,0,"- ","- ",35.174370000000003,-120.69647000000001,"SAN LUIS OBISPO","PISMO BEACH",-120.69768689,35.176909109999997
6515495,2014,2014-08-05,4006,2014-05-25,2019,33665,,7,5,4,4006,0,0,0,,0,,LINCOLN,"MOUNTAIN VIEW",100.00,S,N,A,-,N,,,,,,,,,,N,3,0,1,2,A,-,17,21208,B,M,B,G,A,A,H,-,B,D,0,,Y,,,Y,Y,L,04,0,1,0,0,0,0,1,0,0,"- ","- ",,,"SAN LUIS OBISPO","SAN LUIS OBISPO",-120.66695964,35.285815450000001
6515499,2014,2014-08-05,4006,2014-05-26,1455,10140,4006,1,5,4,4006,0,0,0,,0,,"MONTEREY ST","GROVE ST",2961.00,E,N,A,-,N,,,,,,,,,,Y,4,0,1,2,A,-,03,22350,,N,C,E,A,A,H,-,A,D,0,,,,,Y,,A,,0,0,1,0,0,0,0,0,0,"- ","- ",,,"SAN LUIS OBISPO","SAN LUIS OBISPO",-120.64667,35.291710000000002
6517367,2014,2016-04-07,9740,2014-05-28,0855,011452,,3,1,4,4008,0,1,2,,2,002,"RT 101","SAN ANSELMO RD",2640.00,N,N,A,-,Y,SLO,5,101,-,-,47.370,H,-,S,Y,4,0,1,1,C,-,18,,,N,E,I,A,A,H,-,A,D,1,,,,,Y,,-,"- ",0,0,1,0,0,0,0,0,0,"- ","- ",35.519539999999999,-120.7037,"SAN LUIS OBISPO",ATASCADERO,-120.68974142,35.501718910000001
6517373,2014,2014-08-01,4008,2014-05-28,2127,4055,,3,5,4,4008,0,0,0,,0,,"EL CAMINO REAL","CURBARIL AV",0.00,,Y,A,-,N,,,,,,,,,,Y,4,0,1,2,A,-,12,21453,A,N,D,C,A,A,H,-,C,A,0,,,,,Y,,A,01,0,0,1,0,0,0,0,0,0,"- ","- ",,,"SAN LUIS OBISPO",ATASCADERO,-120.65626999,35.477520069999997
6517480,2014,2016-04-07,9740,2014-06-07,0510,14662,,6,3,4,4008,0,1,2,,2,001,"RT 101","SANTA BARBARA RD",2640.00,N,N,A,-,Y,SLO,5,101,-,-,42.770,H,-,S,Y,4,0,2,1,A,-,01,23152,A,M,E,I,A,A,H,-,B,D,1,,,,,Y,Y,A,01,0,0,2,0,0,0,0,0,0,"- ","- ",35.450699999999998,-120.6399,"SAN LUIS OBISPO",ATASCADERO,-120.6398583,35.450638499999997
6517503,2014,2014-08-11,9740,2014-06-08,1842,014622,,7,2,9,4000,0,3,5,,2,024,"ARDATH DR","MADISON ST",101.00,S,N,A,-,N,,,,,,,,,,Y,3,0,2,1,A,-,08,22107,,N,F,A,A,A,H,-,A,D,0,,,Y,,Y,,C,02,0,2,0,0,0,0,0,0,2,"- ","- ",35.546329999999998,-121.09045999999999,"SAN LUIS OBISPO",UNINCORPORATED,-121.09041990999999,35.546562649999998
6517507,2014,2016-04-07,9740,2014-06-07,1730,019259,,6,2,9,4000,0,1,2,,2,001,"RT 101","RT 58",10560.00,N,N,A,-,Y,SLO,5,101,-,-,39.860,H,-,S,Y,3,0,1,1,A,-,08,22107,,N,E,I,A,A,H,-,A,D,1,,,,,Y,,A,07,0,1,0,0,0,0,0,0,0,"- ","- ",35.412689999999998,-120.62666,"SAN LUIS OBISPO",UNINCORPORATED,-120.62631358,35.410240219999999
6517577,2014,2014-08-08,4008,2014-06-05,1508,3013,,4,5,4,4008,0,0,0,,0,,"SAN BENITO RD","LA LUZ RD",0.00,,Y,A,-,N,,,,,,,,,,N,3,0,1,2,A,-,12,22450,A,N,D,G,A,A,H,-,A,A,0,,Y,,,Y,,L,04,0,1,0,0,0,0,1,0,0,"- ","- ",,,"SAN LUIS OBISPO",ATASCADERO,-120.68651,35.512900029999997
6519089,2014,2016-04-09,9745,2014-06-05,1820,013937,,4,2,9,4000,0,1,2,,2,505,"RT 101","LOS BERROS RD",3.00,N,N,A,-,Y,SLO,5,101,-,-,8.255,R,4,S,N,4,0,1,2,A,-,03,22350,,N,C,C,A,A,H,-,A,A,1,,,,,Y,,A,01,0,0,1,0,0,0,0,0,0,"- ","- ",35.071820000000002,-120.51746,"SAN LUIS OBISPO",UNINCORPORATED,-120.52026904,35.074957050000002
6523463,2014,2016-04-05,9750,2014-04-28,0505,015514,,1,3,9,4000,0,1,3,,1,065,"RT 166","RT 33",2112.00,E,N,A,-,Y,SLO,5,166,-,-,75.120,H,-,E,Y,3,0,2,1,A,-,08,22107,,N,F,A,A,A,H,-,D,D,0,,,,,Y,,A,01,0,1,1,0,0,0,0,0,0,"- ","- ",34.936990000000002,-119.50467,"SAN LUIS OBISPO",UNINCORPORATED,-119.50502148,34.936919930000002
6528257,2014,2014-08-13,4006,2014-06-13,0627,59000,,5,5,4,4006,0,0,0,,0,,"LOS OSOS VALLEY RD","CALLE JOAQUIN",30.00,N,N,A,-,N,,,,,,,,,,N,4,0,1,2,A,-,03,22350,,N,C,C,A,A,H,-,A,A,0,,,,,Y,,A,01,0,0,1,0,0,0,0,0,0,"- ","- ",,,"SAN LUIS OBISPO","SAN LUIS OBISPO",-120.68306812,35.246806239999998
6528261,2014,2014-08-26,4006,2014-06-06,1540,10140,4006,5,5,4,4006,0,0,0,,0,,"TANK FARM",LONG,0.00,,Y,A,-,N,,,,,,,,,,N,2,0,1,2,D,-,00,,,N,D,C,A,A,H,-,A,D,0,,,Y,,Y,,-,"- ",1,0,0,0,0,0,0,0,1,"- ","- ",,,"SAN LUIS OBISPO","SAN LUIS OBISPO",-120.67113994,35.246810089999997
6529932,2014,2014-08-08,9745,2014-06-13,2207,13937,,5,3,9,4000,0,2,4,,1,053,"POMEROY RD","ROLLING OAKS",97.00,S,N,A,-,N,,,,,,,,,,Y,2,0,1,1,A,-,01,23152,A,N,E,I,A,A,H,-,D,D,0,,,,,Y,Y,D,22,1,0,0,0,0,0,0,0,0,"- ","- ",35.311,-120.31399999999999,"SAN LUIS OBISPO",UNINCORPORATED,-120.52768,35.05461356
6530549,2014,2016-04-09,9745,2014-06-12,1620,013531,,4,2,9,4000,0,3,5,,2,003,"HIGUERA ST","SAN LUIS OBISPO CREEK",21.00,S,N,A,-,Y,SLO,5,101,-,R,24.840,R,4,N,Y,2,0,1,1,A,-,08,22107,,N,E,I,A,A,H,-,A,D,1,,,,,Y,,A,01,1,0,0,0,0,0,0,0,0,"- ","- ",35.231479999999998,-120.68957,"SAN LUIS OBISPO",UNINCORPORATED,-120.68998883,35.231822049999998
6530553,2014,2014-08-19,9745,2014-06-13,0120,017541,,5,3,9,4000,0,2,4,,1,025,"LOS OSOS VALLEY RD","OAK RIDGE DR",30.00,W,N,A,-,N,,,,,,,,,,Y,4,0,1,1,A,-,01,23152,A,N,E,I,A,A,H,-,D,D,0,,,,,Y,Y,A,01,0,0,1,0,0,0,0,0,0,"- ","- ",35.30932,-120.82389000000001,"SAN LUIS OBISPO",UNINCORPORATED,-120.82394376000001,35.30934559
6531327,2014,2015-01-30,4001,2014-02-15,1752,P089,4,6,5,3,4001,0,0,0,,0,CITY,"RODEO DR","100 RODEO DR",0.00,,N,A,-,N,,,,,,,,,,N,4,0,1,4,C,-,18,,,M,A,E,A,A,H,-,A,D,0,,,,,Y,,-,"- ",0,0,1,0,0,0,0,0,0,"- ","- ",,,"SAN LUIS OBISPO","ARROYO GRANDE",-120.58305144000001,35.132023920000002
6532995,2014,2014-07-09,4005,2014-02-07,1420,P085,5,5,5,2,4005,0,0,0,,0,,"4TH ST","FIVE CITIES DR",0.00,,Y,B,-,N,,,,,,,,,,N,4,0,1,2,A,-,03,22350,,N,C,C,A,A,H,-,A,A,0,,,,,Y,,A,01,0,0,1,0,0,0,0,0,0,"- ","- ",,,"SAN LUIS OBISPO","PISMO BEACH",-120.62207986999999,35.135720030000002
6533012,2014,2014-07-18,4001,2014-03-07,2500,P069,,5,5,3,4001,0,0,0,,0,CITY,"N OAK PARK BL","JAMES WY",725.00,N,N,A,-,N,,,,,,,,,,Y,4,0,1,1,A,-,03,22350,,N,F,A,A,A,H,-,A,A,0,,,Y,,Y,,C,02,0,0,1,0,0,0,0,0,1,"- ","- ",,,"SAN LUIS OBISPO","ARROYO GRANDE",-120.60458097999999,35.135886339999999
6533020,2014,2014-07-18,4001,2014-03-17,1455,P0121,1,1,5,3,4001,0,0,0,,0,CITY,"EAST GRAND AV","SOUTH ELM ST",279.00,W,N,A,-,N,,,,,,,,,,Y,3,0,1,2,A,-,03,22350,,N,D,C,A,A,H,-,A,A,0,,,Y,,Y,,C,02,0,1,0,0,0,0,0,0,1,"- ","- ",,,"SAN LUIS OBISPO","ARROYO GRANDE",-120.60138069,35.120580769999997
6533055,2014,2014-07-23,4001,2014-04-25,0302,P0122,4,5,5,3,4001,0,0,0,,0,CITY,"TALLY HO RD","VIA LA BARRANCA",63.00,S,N,A,-,N,,,,,,,,,,N,4,0,2,1,A,-,03,22350,,M,F,A,A,A,H,-,D,D,0,,,,,Y,,A,01,0,0,2,0,0,0,0,0,0,"- ","- ",,,"SAN LUIS OBISPO","ARROYO GRANDE",-120.57627613,35.128165629999998
6533145,2014,2014-08-06,4001,2014-05-12,0630,P0101,6,1,5,3,4001,0,0,0,,0,CITY,"BRANCH MILL RD","NEWSOM SPRINGS RD",0.00,,Y,A,-,N,,,,,,,,,,Y,3,0,1,2,A,-,09,21802,A,N,D,C,A,A,H,-,A,A,0,,,,,Y,,A,01,0,1,0,0,0,0,0,0,0,"- ","- ",,,"SAN LUIS OBISPO","ARROYO GRANDE",-120.55728997999999,35.122210070000001
6536289,2014,2016-04-09,4005,2014-05-24,0047,P096,4,6,5,2,4005,0,0,0,,0,,WADSWORTH,BELLO,87.00,W,N,A,-,Y,SLO,5,101,-,-,16.790,R,4,N,Y,4,0,1,1,A,-,01,23152,B,N,F,I,A,A,H,-,D,A,0,,,,,Y,Y,A,01,0,0,1,0,0,0,0,0,0,"- ","- ",,,"SAN LUIS OBISPO","PISMO BEACH",-120.64073958,35.143450450000003
6537263,2014,2016-04-07,4004,2014-05-09,1610,0430,03,5,5,3,4004,0,0,0,,0,032,"RT 46","BUENA VISTA",1056.00,W,N,A,-,Y,SLO,5,46,-,-,30.310,H,-,W,Y,4,0,1,4,A,-,03,22350,,N,C,C,A,A,H,-,A,D,0,,,,Y,Y,,A,01,0,0,1,0,0,0,0,0,0,"- ","- ",,,"SAN LUIS OBISPO","PASO ROBLES",-120.67524996,35.644633489999997
6538517,2014,2015-12-16,4006,2014-06-29,0739,10140,4006,7,5,4,4006,0,0,0,,0,,"RT 1",MEINECKE,0.00,,Y,A,-,Y,SLO,5,1,-,-,17.220,I,5,N,N,4,0,1,2,A,-,03,22350,,N,C,C,A,A,H,-,A,D,0,,,,,Y,,-,,0,0,1,0,0,0,0,0,0,"- ","- ",,,"SAN LUIS OBISPO","SAN LUIS OBISPO",-120.66732804,35.292425450000003
6541944,2014,2016-05-02,4005,2014-07-05,1410,P085,3,6,5,2,4005,0,0,0,,0,,DOLLIVER,"STIMSON AV",0.00,,Y,A,-,Y,SLO,5,1,-,-,15.450,I,5,S,N,3,0,2,2,A,-,09,21802,A,N,D,C,A,A,H,-,A,A,0,,,Y,,Y,,A,01,0,2,0,0,0,0,0,0,2,"- ","- ",,,"SAN LUIS OBISPO","PISMO BEACH",-120.63982038,35.139224929999997
6544488,2014,2014-08-12,4006,2014-06-24,1700,69585,,2,5,4,4006,0,0,0,,0,,"LOS OSOS VALLEY RD","AUTO PARK WY",0.00,,Y,A,-,N,,,,,,,,,,N,4,0,1,2,A,-,05,21650,1,N,D,G,A,A,H,-,A,A,0,,Y,,,Y,,L,04,0,0,1,0,0,0,1,0,0,"- ","- ",,,"SAN LUIS OBISPO","SAN LUIS OBISPO",-120.68513996999999,35.249860030000001
6544512,2014,2014-08-12,4006,2014-06-25,1601,16380,,3,5,4,4006,0,0,0,,0,,SWEENEY,BROAD,246.00,W,N,A,-,N,,,,,,,,,,N,3,0,1,2,A,-,11,21956,,N,G,J,E,A,H,-,A,D,0,Y,,,,Y,,N,60,0,1,0,0,1,0,0,0,0,"- ","- ",,,"SAN LUIS OBISPO","SAN LUIS OBISPO",-120.65154525,35.262127450000001
6544516,2014,2016-04-09,9745,2014-06-26,1645,012876,,4,2,9,4000,0,1,2,,2,404,"RT 101","SPYGLASS DR",1056.00,S,N,A,-,Y,SLO,5,101,-,R,19.610,H,-,S,Y,4,0,5,2,A,-,04,21703,,N,C,C,A,A,H,-,A,D,1,,,,,Y,,A,01,0,0,5,0,0,0,0,0,0,"- ","- ",35.16236,-120.68339,"SAN LUIS OBISPO",UNINCORPORATED,-120.68395357999999,35.16249449
6544520,2014,2014-08-12,4006,2014-06-03,1821,53500,,2,5,4,4006,0,0,0,,0,,"CALIFORNIA BL",HATHWAY,426.00,N,N,A,-,N,,,,,,,,,,Y,4,0,1,2,A,-,08,22107,,N,D,C,A,A,H,-,A,D,0,,,,,Y,,-,,0,0,1,0,0,0,0,0,0,"- ","- ",,,"SAN LUIS OBISPO","SAN LUIS OBISPO",-120.66235134999999,35.293281149999999
6544528,2014,2016-04-09,9745,2014-06-20,1633,013531,,5,2,2,4005,0,1,2,,2,402,"RT 101","SHELL BEACH RD",5808.00,S,N,A,-,Y,SLO,5,101,-,-,18.710,H,-,S,N,4,0,1,2,A,-,03,22350,,N,C,C,A,A,H,-,A,D,1,,,,,Y,,A,07,0,0,1,0,0,0,0,0,0,"- ","- ",35.155140000000003,-120.66486999999999,"SAN LUIS OBISPO","PISMO BEACH",-120.66977531000001,35.156961979999998
6546692,2014,2016-04-07,4004,2014-06-22,1601,0376,03,7,5,3,4004,0,0,0,,0,033,"GOLDEN HILL","RT 46 E",204.00,N,N,A,-,Y,SLO,5,46,-,-,31.310,I,6,W,N,3,0,2,2,A,-,09,21804,A,N,B,C,A,A,H,-,A,A,0,,,Y,Y,Y,,F,26,0,1,1,0,0,0,0,0,2,"- ","- ",,,"SAN LUIS OBISPO","PASO ROBLES",-120.65808991999999,35.644628570000002
6547606,2014,2015-03-18,9740,2014-06-10,1441,13952,,2,2,9,4000,0,1,2,,2,002,"RT 101","VINEYARD DR",2640.00,N,N,A,-,Y,SLO,5,101,-,-,51.140,H,-,N,Y,4,0,1,2,A,-,08,22107,,N,D,D,A,A,H,-,A,D,1,,,,Y,Y,,A,01,0,0,1,0,0,0,0,0,0,"- ","- ",,,"SAN LUIS OBISPO",UNINCORPORATED,-120.71511196,35.55075677
6548385,2014,2016-04-07,9745,2014-06-29,1645,014910,,7,2,9,4000,0,1,2,,1,101,"RT 101","RT 58",1056.00,S,N,A,-,Y,SLO,5,101,-,-,37.660,H,-,S,Y,3,0,3,1,A,-,08,22107,,N,E,I,A,A,H,-,A,D,1,,,,,Y,,A,01,0,2,1,0,0,0,0,0,0,"- ","- ",35.378660000000004,-120.63473999999999,"SAN LUIS OBISPO",UNINCORPORATED,-120.63264753,35.380822680000001