CASE_ID,ACCIDENT_YEAR,PROC_DATE,JURIS,COLLISION_DATE,COLLISION_TIME,OFFICER_ID,REPORTING_DISTRICT,DAY_OF_WEEK,CHP_SHIFT,POPULATION,CNTY_CITY_LOC,SPECIAL_COND,BEAT_TYPE,CHP_BEAT_TYPE,CITY_DIVISION_LAPD,CHP_BEAT_CLASS,BEAT_NUMBER,PRIMARY_RD,SECONDARY_RD,DISTANCE,DIRECTION,INTERSECTION,WEATHER_1,WEATHER_2,STATE_HWY_IND,CALTRANS_COUNTY,CALTRANS_DISTRICT,STATE_ROUTE,ROUTE_SUFFIX,POSTMILE_PREFIX,POSTMILE,LOCATION_TYPE,RAMP_INTERSECTION,SIDE_OF_HWY,TOW_AWAY,COLLISION_SEVERITY,NUMBER_KILLED,NUMBER_INJURED,PARTY_COUNT,PRIMARY_COLL_FACTOR,PCF_CODE_OF_VIOL,PCF_VIOL_CATEGORY,PCF_VIOLATION,PCF_VIOL_SUBSECTION,HIT_AND_RUN,TYPE_OF_COLLISION,MVIW,PED_ACTION,ROAD_SURFACE,ROAD_COND_1,ROAD_COND_2,LIGHTING,CONTROL_DEVICE,CHP_ROAD_TYPE,PEDESTRIAN_ACCIDENT,BICYCLE_ACCIDENT,MOTORCYCLE_ACCIDENT,TRUCK_ACCIDENT,NOT_PRIVATE_PROPERTY,ALCOHOL_INVOLVED,STWD_VEHTYPE_AT_FAULT,CHP_VEHTYPE_AT_FAULT,COUNT_SEVERE_INJ,COUNT_VISIBLE_INJ,COUNT_COMPLAINT_PAIN,COUNT_PED_KILLED,COUNT_PED_INJURED,COUNT_BICYCLIST_KILLED,COUNT_BICYCLIST_INJURED,COUNT_MC_KILLED,COUNT_MC_INJURED,PRIMARY_RAMP,SECONDARY_RAMP,LATITUDE,LONGITUDE,COUNTY,CITY,POINT_X,POINT_Y
6548917,2014,2016-01-06,4006,2014-06-30,1322,16280,,1,5,4,4006,0,0,0,,0,,BROAD,"TANK FARM RD",11.00,S,N,A,-,N,,,,,,,,,,Y,3,0,2,3,A,-,03,22350,,N,C,C,A,A,H,-,A,A,0,,,,,Y,,A,01,0,1,1,0,0,0,0,0,0,"- ","- ",,,"SAN LUIS OBISPO","SAN LUIS OBISPO",-120.64300535,35.248322279999996
6548982,2014,2016-04-07,9740,2014-06-22,1055,014460,,7,1,9,4000,0,1,2,,2,004,"RT 101","WELLSONA RD",2112.00,S,N,A,-,Y,SLO,5,101,-,-,61.480,H,-,S,Y,2,0,2,1,A,-,08,22107,,N,F,A,A,A,H,-,A,D,5,,,,,Y,,D,22,1,1,0,0,0,0,0,0,0,"- ","- ",35.690519999999999,-120.69692000000001,"SAN LUIS OBISPO",UNINCORPORATED,-120.69688752,35.689986779999998
6550064,2014,2014-08-20,4001,2014-06-21,1937,P0115,2,6,5,3,4001,0,0,0,,0,CITY,"EAST GRAND AV","COURTLAND ST",119.00,E,N,A,-,N,,,,,,,,,,N,3,0,1,2,A,-,17,22517,,N,E,C,A,A,H,-,A,A,0,,Y,,,Y,,A,01,0,1,0,0,0,0,1,0,0,"- ","- ",,,"SAN LUIS OBISPO","ARROYO GRANDE",-120.6062628,35.120821460000002
6553210,2014,2016-05-09,9740,2014-07-04,2305,15854,,5,3,9,4000,0,3,5,,2,021,"VINEYARD DR","RT 46",25.00,S,N,A,-,Y,SLO,5,46,-,R,17.398,I,6,W,N,4,0,1,2,A,-,06,21750,,M,B,C,A,A,H,-,D,D,0,,,,,Y,,A,01,0,0,1,0,0,0,0,0,0,"- ","- ",35.553190000000001,-120.76115,"SAN LUIS OBISPO",UNINCORPORATED,-120.76170096,35.553264910000003
6553214,2014,2016-05-04,9740,2014-07-04,2330,014543,,5,3,9,4000,0,1,2,,2,001,"RT 101","SANTA ROSA RD",792.00,N,N,A,-,Y,SLO,5,101,-,-,44.160,H,-,S,Y,3,0,1,1,C,-,18,,,N,H,H,A,A,H,-,D,D,1,,,,,Y,,-,"- ",0,1,0,0,0,0,0,0,0,"- ","- ",35.467550000000003,-120.65277,"SAN LUIS OBISPO",UNINCORPORATED,-120.65289471,35.467728100000002
6558760,2014,2014-08-26,9745,2014-07-13,0645,017151,,7,1,9,4000,0,2,4,,1,055,"TEFFT ST","HAZEL LN",15.00,E,N,A,-,N,,,,,,,,,,Y,3,0,1,1,A,-,01,23152,A,N,E,I,A,A,H,-,A,D,0,,,,,Y,Y,A,01,0,1,0,0,0,0,0,0,0,"- ","- ",35.02411,-120.49887,"SAN LUIS OBISPO",UNINCORPORATED,-120.49886972,35.023947669999998
6561662,2014,2014-08-27,9745,2014-07-15,1222,017151,,2,1,9,4000,0,2,4,,1,048,"AVILA BEACH DR","FRONT ST",2112.00,N,N,A,-,N,,,,,,,,,,Y,2,0,1,2,A,-,03,22350,,N,G,B,E,A,H,-,A,D,0,Y,,,,Y,,A,01,1,0,0,0,1,0,0,0,0,"- ","- ",35.172800000000002,-120.74333,"SAN LUIS OBISPO",UNINCORPORATED,,
6561666,2014,2016-05-04,9745,2014-07-14,0115,015716,,1,3,4,4006,0,1,2,,2,202,"RT 101","MADONNA RD",528.00,N,N,A,-,Y,SLO,5,101,-,-,27.600,H,-,N,N,3,0,2,1,A,-,08,22107,,N,B,I,A,A,H,-,D,D,1,,,,,Y,,A,01,0,2,0,0,0,0,0,0,0,"- ","- ",35.271329999999999,-120.67224,"SAN LUIS OBISPO","SAN LUIS OBISPO",-120.67324635999999,35.267555440000002
6561670,2014,2016-05-04,9745,2014-07-14,1049,017151,,1,1,9,4000,0,1,2,,2,505,"RT 101","WILLOW RD",528.00,N,N,A,-,Y,SLO,5,101,-,-,6.530,H,-,S,Y,4,0,1,2,A,-,08,22107,,N,B,C,A,A,H,-,A,D,1,,,,,Y,,A,01,0,0,1,0,0,0,0,0,0,"- ","- ",35.059109999999997,-120.50489,"SAN LUIS OBISPO",UNINCORPORATED,-120.50235094999999,35.056453349999998
6566347,2014,2016-05-04,9740,2014-07-03,0605,013246,,4,1,9,4000,0,1,2,,2,004,"RT 101","10TH ST",1320.00,N,N,A,-,Y,SLO,5,101,-,-,66.100,H,-,N,Y,4,0,1,1,A,-,08,22107,,N,E,I,A,A,H,-,A,D,1,,,,,Y,,A,01,0,0,1,0,0,0,0,0,0,"- ","- ",35.755580000000002,-120.69909,"SAN LUIS OBISPO",UNINCORPORATED,-120.69911759,35.755729369999997
6568301,2014,2016-05-04,9745,2014-07-10,1630,013212,,4,2,3,4001,0,1,2,,2,402,"RT 101","GRAND AV",1022.00,N,N,A,-,Y,SLO,5,101,-,-,13.390,H,-,S,Y,3,0,2,3,A,-,03,22350,,N,C,C,A,A,H,-,A,D,1,,,,Y,Y,,F,55,0,1,1,0,0,0,0,0,0,"- ","- ",35.122250000000001,-120.58718,"SAN LUIS OBISPO","ARROYO GRANDE",-120.58748961000001,35.122398660000002
6572506,2014,2016-05-04,9740,2014-07-20,1440,015167,,7,2,9,4000,0,1,3,,2,007,"RT 41","RAPTOR RIDGE TRL",6.00,S,N,A,-,Y,SLO,5,41,-,-,21.360,H,-,S,Y,3,0,1,1,A,-,03,22350,,N,E,I,A,A,H,-,A,A,0,,,Y,,Y,,C,02,0,1,0,0,0,0,0,0,1,"- ","- ",35.510469999999998,-120.62378,"SAN LUIS OBISPO",UNINCORPORATED,-120.62423343,35.510135120000001
6573976,2014,2014-08-27,4006,2014-07-07,2015,10817,,1,5,4,4006,0,0,0,,0,,"SOUTH ST","BROAD ST",0.00,,Y,A,-,N,,,,,,,,,,N,3,0,1,2,A,-,12,21453,A,N,D,G,A,A,H,-,A,A,0,,Y,,,Y,Y,L,04,0,1,0,0,0,0,1,0,0,"- ","- ",,,"SAN LUIS OBISPO","SAN LUIS OBISPO",-120.65655150000001,35.269784999999999
6573977,2014,2014-08-27,4006,2014-07-11,1811,27940,,5,5,4,4006,0,0,0,,0,,"TANK FARM RD",POINSETTIA,0.00,,Y,A,-,N,,,,,,,,,,N,2,0,1,2,A,-,10,21950,A,N,G,B,B,A,H,-,A,A,0,Y,,,,Y,,A,01,1,0,0,0,1,0,0,0,0,"- ","- ",,,"SAN LUIS OBISPO","SAN LUIS OBISPO",-120.64045998,35.249320109999999
6573978,2014,2015-10-01,4006,2014-07-09,1452,16380,,3,5,4,4006,0,0,0,,0,,"LOS OSOS VALLEY","CALLE JOAQUIN",0.00,,Y,A,-,N,,,,,,,,,,Y,3,0,1,2,A,-,09,21801,A,N,D,C,A,A,H,-,A,D,0,,,,,Y,,A,07,0,1,0,0,0,0,0,0,0,"- ","- ",,,"SAN LUIS OBISPO","SAN LUIS OBISPO",-120.68302994,35.24673009
6573979,2014,2014-08-27,9745,2014-07-14,2112,015716,,1,2,9,4000,0,3,5,,2,004,"16TH ST","THE PIKE",430.00,S,N,A,-,N,,,,,,,,,,Y,3,0,1,2,A,-,01,23152,A,N,E,I,A,A,H,-,D,D,0,,,,,Y,Y,A,07,0,1,0,0,0,0,0,0,0,"- ","- ",,,"SAN LUIS OBISPO",UNINCORPORATED,-120.61330372,35.105449010000001
6576561,2014,2016-05-09,4006,2014-07-18,1749,10140,4006,5,5,4,4006,0,0,0,,0,,"RT 1",OAK,0.00,,Y,A,-,Y,SLO,5,1,-,-,16.990,I,5,N,Y,4,0,1,2,A,-,09,21801,A,N,A,D,A,A,H,-,A,D,0,,,,,Y,,A,01,0,0,1,0,0,0,0,0,0,"- ","- ",,,"SAN LUIS OBISPO","SAN LUIS OBISPO",-120.66567803,35.289162679999997
6577666,2014,2014-09-03,9740,2014-07-23,0640,013246,,3,1,9,4000,0,3,5,,2,021,"BETHEL RD","LAS TABLAS RD",0.00,,Y,A,-,N,,,,,,,,,,N,4,0,1,2,A,-,12,22450,A,N,D,C,A,A,H,-,A,A,0,,,,,Y,,D,22,0,0,1,0,0,0,0,0,0,"- ","- ",35.554299999999998,-120.72669999999999,"SAN LUIS OBISPO",UNINCORPORATED,-120.72658998,35.554470070000001
6577674,2014,2016-05-02,9740,2014-07-26,1800,19259,,6,2,9,4000,0,1,3,,1,014,"RT 1","PICO AV",0.00,,Y,E,-,Y,SLO,5,1,-,-,54.752,I,5,N,Y,4,0,3,3,A,-,09,21801,A,N,D,C,A,A,H,-,A,D,0,,,,,Y,,A,01,0,0,3,0,0,0,0,0,0,"- ","- ",35.615029999999997,-121.14668,"SAN LUIS OBISPO",UNINCORPORATED,-121.14641834,35.615022930000002
6577934,2014,2014-08-19,4005,2014-06-28,1844,P096,3,6,5,2,4005,0,0,0,,0,,"PRICE ST","HOLLISTER AV",93.00,N,N,A,-,N,,,,,,,,,,N,4,0,1,2,A,-,11,21954,A,N,G,B,D,A,H,-,A,D,0,Y,,,,Y,,A,08,0,0,1,0,1,0,0,0,0,"- ","- ",,,"SAN LUIS OBISPO","PISMO BEACH",-120.64211754999999,35.143530249999998
6578773,2014,2016-05-04,9740,2014-07-14,2240,014662,,1,3,3,4004,0,1,2,,2,004,"RT 101","N SPRING ST",4224.00,N,N,A,-,Y,SLO,5,101,-,-,59.770,H,-,N,Y,3,0,2,1,A,-,01,23152,A,N,F,A,A,A,H,-,D,D,5,,,,,Y,Y,A,01,0,2,0,0,0,0,0,0,0,"- ","- ",35.659300000000002,-120.6978,"SAN LUIS OBISPO","PASO ROBLES",-120.69642889000001,35.665147879999999
6585401,2014,2016-05-02,9745,2014-07-30,2105,017238,,3,2,9,4000,0,1,3,,1,041,"RT 1","HALCYON RD",0.00,,Y,A,-,Y,SLO,5,1,-,-,9.000,I,5,N,Y,4,0,1,2,A,-,09,21803,B,N,A,C,A,A,H,-,C,A,0,,,,,Y,,D,22,0,0,1,0,0,0,0,0,0,"- ","- ",35.080719999999999,-120.58673,"SAN LUIS OBISPO",UNINCORPORATED,-120.58668204,35.080749920000002
6587497,2014,2014-09-05,9745,2014-08-03,2130,17146,,7,2,9,4000,0,2,4,,1,058,"ORCHARD RD","SOUTHLAND ST",245.00,N,N,A,-,N,,,,,,,,,,Y,2,0,1,2,A,-,09,21804,A,N,C,C,A,A,H,-,C,D,0,,,Y,,Y,Y,A,01,1,0,0,0,0,0,0,0,1,"- ","- ",35.017000000000003,-120.48086000000001,"SAN LUIS OBISPO",UNINCORPORATED,-120.48103509000001,35.017013769999998
6587996,2014,2014-08-27,4001,2014-07-10,1635,P0101,10,4,5,3,4001,0,0,0,,0,CITY,"SOUTH HALCYON RD","FAIR OAKS AV",400.00,N,N,A,-,N,,,,,,,,,,N,4,0,1,2,A,-,09,21801,A,N,D,C,A,A,H,-,A,D,0,,,,,Y,,I,11,0,0,1,0,0,0,0,0,0,"- ","- ",,,"SAN LUIS OBISPO","ARROYO GRANDE",-120.59161669,35.113828660000003
6589154,2014,2014-08-22,4006,2014-07-29,1427,27940,,2,5,4,4006,0,0,0,,0,,"LOS OSOS VALLEY",FROOM,66.00,S,N,A,-,N,,,,,,,,,,N,4,0,1,2,A,-,03,22350,,N,C,C,A,A,H,-,A,A,0,,,,,Y,,A,01,0,0,1,0,0,0,0,0,0,"- ","- ",,,"SAN LUIS OBISPO","SAN LUIS OBISPO",-120.68750833999999,35.252384380000002
6592644,2014,2016-05-02,9740,2014-08-03,0130,015854,,7,3,9,4000,0,3,5,,2,024,"RT 1","BURTON DR",2112.00,N,N,A,-,Y,SLO,5,1,-,-,49.380,H,-,S,Y,3,0,1,1,A,-,01,23152,A,N,E,J,A,A,H,-,D,D,0,,,,,Y,Y,A,01,0,1,0,0,0,0,0,0,0,"- ","- ",35.555129999999998,-121.08954,"SAN LUIS OBISPO",UNINCORPORATED,-121.08925777,35.555037910000003
6595809,2014,2016-05-03,9750,2014-08-03,1830,17616,,7,2,9,4000,0,1,3,,2,061,"RT 166","TEPUSQUET RD",14256.00,W,N,A,-,Y,SB,5,166,-,-,21.400,H,-,W,Y,2,0,1,1,A,-,08,22107,,N,E,I,A,A,H,-,A,D,0,,,Y,,Y,,C,02,1,0,0,0,0,0,0,0,1,"- ","- ",35.026780000000002,-120.25530999999999,"SAN LUIS OBISPO",UNINCORPORATED,-120.25106844,35.030585049999999
6596083,2014,2015-12-03,9740,2014-08-03,2000,15167,,7,2,9,4000,0,3,5,,2,016,"W POZO RD","SANTA MARGARITA LAKE RD",25344.00,E,N,B,-,N,,,,,,,,,,Y,2,0,1,1,D,-,00,,,N,H,H,A,A,H,-,D,D,0,,,Y,,Y,Y,-,"- ",1,0,0,0,0,0,0,0,1,"- ","- ",35.288670000000003,-120.44616000000001,"SAN LUIS OBISPO",UNINCORPORATED,-120.44640515,35.288473150000002
6596147,2014,2014-09-10,9740,2014-08-17,1415,11615,,7,2,9,4000,0,3,5,,2,023,"SLO SAN SIMEON RD","RT 1",1584.00,W,N,A,-,N,,,,,,,,,,Y,4,0,2,3,A,-,08,22107,,N,C,E,A,A,H,-,A,D,0,,,,,Y,,A,01,0,0,2,0,0,0,0,0,0,"- ","- ",35.643709999999999,-121.19059,"SAN LUIS OBISPO",UNINCORPORATED,-121.19224,35.646569999999997
6597765,2014,2014-09-11,9740,2014-08-05,0935,017283,,2,1,9,4000,0,2,4,,2,012,"CHIMNEY ROCK RD","INTERLAKE RD",0.00,,Y,A,-,N,,,,,,,,,,Y,4,0,1,2,A,-,09,21802,A,N,D,C,A,A,H,-,A,A,0,,,,,Y,,A,01,0,0,1,0,0,0,0,0,0,"- ","- ",35.689880000000002,-120.79716000000001,"SAN LUIS OBISPO",UNINCORPORATED,-120.79747707,35.689837390000001
6599978,2014,2015-10-06,4005,2014-08-23,2113,P096,5,6,5,2,4005,0,0,0,,0,,"FIVE CITIES DR","A AV",748.00,S,N,A,-,N,,,,,,,,,,N,4,0,1,2,A,-,09,21801,A,N,A,C,A,A,H,-,C,A,0,,,,,Y,,D,22,0,0,1,0,0,0,0,0,0,"- ","- ",,,"SAN LUIS OBISPO","PISMO BEACH",,
6600049,2014,2016-05-04,4008,2014-08-13,1229,2002,,3,5,4,4008,0,0,0,,0,,"MORRO RD","ATASCADERO AV",511.00,W,N,A,-,Y,SLO,5,41,-,-,15.470,H,-,N,Y,3,0,1,3,A,-,03,22350,,N,C,C,A,A,H,-,A,A,0,,,,,Y,,D,22,0,1,0,0,0,0,0,0,0,"- ","- ",35.479399999999998,-120.6669,"SAN LUIS OBISPO",ATASCADERO,-120.66686351,35.47923531
6600053,2014,2016-05-04,4008,2014-08-20,1933,4055,,3,5,4,4008,0,0,0,,0,,"MORRO RD","OLD MORRO RD",0.00,,Y,A,-,Y,SLO,5,41,-,-,12.590,I,5,S,Y,4,0,1,2,A,-,03,22350,,N,D,C,A,A,H,-,B,D,0,,,,,Y,,A,07,0,0,1,0,0,0,0,0,0,"- ","- ",35.4512,-120.6973,"SAN LUIS OBISPO",ATASCADERO,-120.69759107,35.450680259999999
6600265,2014,2016-05-06,9740,2014-08-07,0835,014460,,4,1,9,4000,0,1,2,,2,004,"RT 101","WELLSONA RD",0.00,,Y,A,-,Y,SLO,5,101,-,-,61.880,I,5,N,Y,4,0,1,2,A,-,09,21801,A,N,D,C,A,A,H,-,A,D,5,,,,,Y,,A,01,0,0,1,0,0,0,0,0,0,"- ","- ",35.695790000000002,-120.69646,"SAN LUIS OBISPO",UNINCORPORATED,-120.69654823,35.695820169999998
6600273,2014,2014-09-12,9740,2014-08-31,2330,15854,,7,3,9,4000,0,3,5,,2,017,"CRIPPLE CREEK RD","EL POMAR DR",2112.00,N,N,A,-,N,,,,,,,,,,Y,4,0,2,1,A,-,08,22107,,N,E,J,A,A,-,-,D,D,0,,,,,Y,,A,01,0,0,2,0,0,0,0,0,0,"- ","- ",35.553069999999998,-120.56072,"SAN LUIS OBISPO",UNINCORPORATED,-120.56078316999999,35.553370790000002
6600391,2014,2016-05-04,9740,2014-08-25,1743,14622,,1,2,9,4000,0,1,2,,2,001,"RT 101","RT 58",6336.00,N,N,A,-,Y,SLO,5,101,-,-,39.060,H,-,N,Y,4,0,1,2,A,-,01,23152,A,N,C,C,A,A,H,-,A,D,1,,,,Y,Y,Y,A,07,0,0,1,0,0,0,0,0,0,"- ","- ",35.398960000000002,-120.62238000000001,"SAN LUIS OBISPO",UNINCORPORATED,-120.62245862,35.399147550000002
6606864,2014,2014-09-19,9740,2014-08-12,0835,013984,,2,1,9,4000,0,3,5,,2,022,"CHIMNEY ROCK RD","NACIMIENTO LAKE DR",2640.00,W,N,A,-,N,,,,,,,,,,N,2,0,1,2,A,-,06,21750,,N,B,G,A,A,H,-,A,D,0,,Y,,Y,Y,,G,27,1,0,0,0,0,0,1,0,0,"- ","- ",35.685949999999998,-120.80345,"SAN LUIS OBISPO",UNINCORPORATED,-120.80408462,35.685653180000003
6609155,2014,2014-09-16,9740,2014-08-14,2125,013246,,4,2,9,4000,0,3,5,,2,017,"LA PANZA RD","VIA AGUA CODORNIZ",16.00,W,N,A,-,N,,,,,,,,,,Y,4,0,1,2,A,-,08,22107,,N,A,E,A,A,H,-,C,D,0,,,,,Y,,A,01,0,0,1,0,0,0,0,0,0,"- ","- ",35.479999999999997,-120.416,"SAN LUIS OBISPO",UNINCORPORATED,-120.41613882999999,35.479938310000001
6609235,2014,2016-05-04,9745,2014-08-31,1530,013212,,7,2,9,4000,0,1,3,,1,011,"RT 41","BEAR RIDGE RD",5.00,S,N,A,-,Y,SLO,5,41,-,-,5.360,H,-,S,Y,3,0,2,1,A,-,01,23152,A,N,E,I,A,A,H,-,A,D,0,,,,,Y,Y,A,01,0,1,1,0,0,0,0,0,0,"- ","- ",35.424900000000001,-120.7812,"SAN LUIS OBISPO",UNINCORPORATED,-120.7806363,35.425142270000002
6614731,2014,2016-05-02,4005,2014-07-27,1155,P099,3,7,5,2,4005,0,0,0,,0,,POMEROY,DOLLIVER,35.00,E,N,A,-,Y,SLO,5,1,-,-,15.580,I,6,N,N,4,0,1,3,C,-,18,,,N,B,E,A,A,H,-,A,D,0,,Y,,,Y,,-,"- ",0,0,1,0,0,0,1,0,0,"- ","- ",,,"SAN LUIS OBISPO","PISMO BEACH",-120.64129237,35.140650270000002
6614792,2014,2014-09-19,4008,2014-07-27,1605,4044,,7,5,4,4008,0,0,0,,0,,"SYCAMORE RD","CAPISTRANO AV",1600.00,S,N,A,-,N,,,,,,,,,,N,4,0,1,1,A,-,01,23152,A,M,E,I,A,A,H,-,A,D,0,,,,,Y,Y,A,01,0,0,1,0,0,0,0,0,0,"- ","- ",,,"SAN LUIS OBISPO",ATASCADERO,-120.65902,35.499490000000002
6614855,2014,2016-05-02,9740,2014-08-30,1450,015167,,6,2,9,4000,0,1,3,,1,015,"RT 1","RAGGED POINT INN",5280.00,N,N,A,-,Y,SLO,5,1,-,-,73.820,H,-,S,Y,2,0,1,2,A,-,05,21460,A,N,A,C,A,A,H,-,A,D,0,,,Y,,Y,,C,02,1,0,0,0,0,0,0,0,1,"- ","- ",35.78396,-121.33219,"SAN LUIS OBISPO",UNINCORPORATED,-121.33965522,35.791138189999998
6616039,2014,2014-09-29,9740,2014-08-31,1030,014622,,7,1,9,4000,0,3,5,,2,017,"ALMOND DR","SPRING CREEK WY",0.00,,Y,A,-,N,,,,,,,,,,N,2,0,1,2,A,-,05,21752,A,F,F,A,A,A,H,-,A,D,0,,Y,,,Y,,D,22,1,0,0,0,0,0,1,0,0,"- ","- ",35.546999999999997,-120.62376999999999,"SAN LUIS OBISPO",UNINCORPORATED,-120.62387995,35.546930019999998
6617450,2014,2014-09-16,4008,2014-08-13,2055,3152,,3,5,4,4008,0,0,0,,0,,"EL CAMINO REAL","SANTA CRUZ RD",61.00,S,N,A,-,N,,,,,,,,,,N,3,0,1,2,A,-,09,21804,A,N,D,G,A,A,H,-,D,D,0,,Y,,,Y,,L,04,0,1,0,0,0,0,1,0,0,"- ","- ",35.523600000000002,-120.7037,"SAN LUIS OBISPO",ATASCADERO,-120.70374579,35.523623780000001
6617623,2014,2015-05-05,4004,2014-08-21,0746,1133,04,4,5,3,4004,0,0,0,,0,041,CARY,RIVER,51.00,E,N,A,-,N,,,,,,,,,,N,4,0,1,2,A,-,08,22107,,N,D,C,A,A,H,-,A,D,0,,,,,Y,,A,01,0,0,1,0,0,0,0,0,0,"- ","- ",,,"SAN LUIS OBISPO","PASO ROBLES",-120.68008020000001,35.616930019999998
6617936,2014,2014-09-18,4004,2014-08-27,1047,0430,04,3,5,3,4004,0,0,0,,0,041,CRESTON,TRIGO,30.00,E,N,A,-,N,,,,,,,,,,Y,4,0,1,2,A,-,09,21801,A,N,A,C,A,A,H,-,A,D,0,,,,,Y,,A,01,0,0,1,0,0,0,0,0,0,"- ","- ",,,"SAN LUIS OBISPO","PASO ROBLES",-120.67230198999999,35.626327719999999
6617944,2014,2016-05-09,4004,2014-08-26,1647,1197,03,2,5,3,4004,0,0,0,,0,039,"RT 46",UNION,0.00,,Y,A,-,Y,SLO,5,46,-,-,38.610,I,5,W,N,3,0,3,2,A,-,08,22107,,N,D,C,A,A,H,-,A,D,0,,,,,Y,,A,01,0,1,2,0,0,0,0,0,0,"- ","- ",,,"SAN LUIS OBISPO","PASO ROBLES",-120.53399666,35.65538866
6617956,2014,2014-09-18,4004,2014-08-02,1846,0890,03,6,5,3,4004,0,0,0,,0,037,UNION,"AVENIDA DEL SOL",62.00,E,N,A,-,N,,,,,,,,,,N,3,0,1,1,A,-,08,22107,,N,E,I,A,A,H,-,A,A,0,,,,,Y,,A,07,0,1,0,0,0,0,0,0,0,"- ","- ",,,"SAN LUIS OBISPO","PASO ROBLES",-120.67641456,35.632182059999998
6618041,2014,2016-05-02,4005,2014-08-20,1645,P098,3,3,5,2,4005,0,0,0,,0,,DOLLIVER,"SAN LUIS",0.00,,Y,A,-,Y,SLO,5,1,-,-,15.840,I,5,S,N,3,0,1,1,C,-,18,,,N,H,J,A,A,H,-,A,D,0,,Y,,,Y,,-,"- ",0,1,0,0,0,0,1,0,0,"- ","- ",,,"SAN LUIS OBISPO","PISMO BEACH",-120.64417631000001,35.143572409999997
6618049,2014,2016-05-02,4005,2014-08-25,1707,P094,3,1,5,2,4005,0,0,0,,0,03C,DOLLIVER,STIMSON,0.00,,Y,A,-,Y,SLO,5,1,-,-,15.450,I,5,S,N,3,0,1,2,A,-,08,22107,,N,H,A,A,A,H,-,A,D,0,,Y,,,Y,,A,01,0,1,0,0,0,0,1,0,0,"- ","- ",,,"SAN LUIS OBISPO","PISMO BEACH",-120.63982038,35.139224929999997
6623094,2014,2014-09-25,4003,2014-06-26,1243,G0288,1,4,5,2,4003,0,0,0,,0,001,"HARBOR ST","MORRO AV",0.00,,Y,A,-,N,,,,,,,,,,Y,4,0,1,2,A,-,09,21800,,N,D,D,A,A,H,-,A,A,0,,,,,Y,,A,01,0,0,1,0,0,0,0,0,0,"- ","- ",,,"SAN LUIS OBISPO","MORRO BAY",-120.85115986,35.366890040000001
6627367,2014,2016-05-09,9740,2014-09-04,2040,019259,,4,2,9,4000,0,1,3,,2,005,"RT 58","POZO RD",1584.00,W,N,A,-,Y,SLO,5,58,-,-,2.840,H,-,W,Y,4,0,2,2,A,-,01,23152,A,N,B,C,A,A,H,-,D,D,0,,,,Y,Y,Y,G,25,0,0,2,0,0,0,0,0,0,"- ","- ",35.389339999999997,-120.58351,"SAN LUIS OBISPO",UNINCORPORATED,-120.58587423,35.390144419999999
6627727,2014,2016-05-03,9750,2014-09-15,0315,014645,,1,3,9,4000,0,1,3,,2,061,"RT 166","BULL CANYON RD",5808.00,W,N,B,-,Y,SLO,5,166,-,-,11.050,H,-,W,Y,2,0,1,1,A,-,08,22107,,N,F,A,A,A,H,-,D,D,0,,,,,Y,,A,07,1,0,0,0,0,0,0,0,0,"- ","- ",34.999560000000002,-120.39998,"SAN LUIS OBISPO",UNINCORPORATED,-120.39864470000001,34.99989978
6630067,2014,2014-09-25,4003,2014-06-05,0740,G0288,3,4,5,2,4003,0,0,0,,0,001,"KERN AV","KERN AV 700 BLOCK",0.00,,-,E,-,N,,,,,,,,,,N,3,0,1,1,A,-,13,22515,A,N,H,J,A,A,G,H,A,A,0,,,,,Y,,A,01,0,1,0,0,0,0,0,0,0,"- ","- ",,,"SAN LUIS OBISPO","MORRO BAY",,
6630844,2014,2014-11-03,9740,2014-09-01,1528,14662,,1,2,9,4000,0,3,5,,2,017,"EL POMAR DR","S EL POMAR",4224.00,E,N,A,-,N,,,,,,,,,,Y,3,0,1,1,A,-,01,23152,A,N,F,A,A,A,H,-,A,D,0,,,,,Y,Y,A,01,0,1,0,0,0,0,0,0,0,"- ","- ",,,"SAN LUIS OBISPO",UNINCORPORATED,-120.59752991000001,35.551217209999997
6630852,2014,2014-11-03,9740,2014-09-20,1010,013984,,6,1,9,4000,0,3,5,,2,022,"VINEYARD DR","DOVER CANYON RD",200.00,S,N,A,-,N,,,,,,,,,,N,2,0,1,1,A,-,03,22350,,N,F,I,A,A,H,-,A,D,0,,,Y,,Y,,C,02,1,0,0,0,0,0,0,0,1,"- ","- ",,,"SAN LUIS OBISPO",UNINCORPORATED,-120.82025046,35.588463599999997
6631058,2014,2014-10-02,4008,2014-08-28,1731,1047,,4,5,4,4008,0,0,0,,0,,"EL CAMINO REAL","EL CAMINO REAL 3200",0.00,,Y,A,-,N,,,,,,,,,,N,4,0,2,2,A,-,03,22350,,N,C,C,A,A,H,-,A,D,0,,,,,Y,,A,01,0,0,2,0,0,0,0,0,0,"- ","- ",,,"SAN LUIS OBISPO",ATASCADERO,-120.69126427,35.505637360000001
6632286,2014,2016-05-04,9745,2014-09-04,1607,014996,,4,2,2,4005,0,1,2,,2,404,"RT 101","SPYGLASS DR",4224.00,S,N,A,-,Y,SLO,5,101,-,-,19.010,H,-,S,Y,4,0,1,2,A,-,03,22350,,N,C,C,A,A,H,-,A,D,1,,,,,Y,,A,01,0,0,1,0,0,0,0,0,0,"- ","- ",35.158200000000001,-120.67274,"SAN LUIS OBISPO","PISMO BEACH",-120.67455784000001,35.15883796
6632715,2014,2014-11-07,9740,2014-09-01,1527,014662,,1,2,9,4000,0,3,5,,2,017,"EL POMAR DR","S EL POMAR DR",30.00,W,N,A,-,N,,,,,,,,,,N,3,0,1,2,A,-,01,23152,A,N,C,C,A,A,H,-,A,A,0,,,,,Y,Y,A,01,0,1,0,0,0,0,0,0,0,"- ","- ",35.552900000000001,-120.6117,"SAN LUIS OBISPO",UNINCORPORATED,-120.70108999999999,35.543480000000002