CASE_ID,ACCIDENT_YEAR,PROC_DATE,JURIS,COLLISION_DATE,COLLISION_TIME,OFFICER_ID,REPORTING_DISTRICT,DAY_OF_WEEK,CHP_SHIFT,POPULATION,CNTY_CITY_LOC,SPECIAL_COND,BEAT_TYPE,CHP_BEAT_TYPE,CITY_DIVISION_LAPD,CHP_BEAT_CLASS,BEAT_NUMBER,PRIMARY_RD,SECONDARY_RD,DISTANCE,DIRECTION,INTERSECTION,WEATHER_1,WEATHER_2,STATE_HWY_IND,CALTRANS_COUNTY,CALTRANS_DISTRICT,STATE_ROUTE,ROUTE_SUFFIX,POSTMILE_PREFIX,POSTMILE,LOCATION_TYPE,RAMP_INTERSECTION,SIDE_OF_HWY,TOW_AWAY,COLLISION_SEVERITY,NUMBER_KILLED,NUMBER_INJURED,PARTY_COUNT,PRIMARY_COLL_FACTOR,PCF_CODE_OF_VIOL,PCF_VIOL_CATEGORY,PCF_VIOLATION,PCF_VIOL_SUBSECTION,HIT_AND_RUN,TYPE_OF_COLLISION,MVIW,PED_ACTION,ROAD_SURFACE,ROAD_COND_1,ROAD_COND_2,LIGHTING,CONTROL_DEVICE,CHP_ROAD_TYPE,PEDESTRIAN_ACCIDENT,BICYCLE_ACCIDENT,MOTORCYCLE_ACCIDENT,TRUCK_ACCIDENT,NOT_PRIVATE_PROPERTY,ALCOHOL_INVOLVED,STWD_VEHTYPE_AT_FAULT,CHP_VEHTYPE_AT_FAULT,COUNT_SEVERE_INJ,COUNT_VISIBLE_INJ,COUNT_COMPLAINT_PAIN,COUNT_PED_KILLED,COUNT_PED_INJURED,COUNT_BICYCLIST_KILLED,COUNT_BICYCLIST_INJURED,COUNT_MC_KILLED,COUNT_MC_INJURED,PRIMARY_RAMP,SECONDARY_RAMP,LATITUDE,LONGITUDE,COUNTY,CITY,POINT_X,POINT_Y
6637188,2014,2016-05-04,9745,2014-09-25,0735,013531,,4,1,2,4005,0,1,2,,2,404,"RT 101","PISMO CRK",250.00,S,N,A,-,Y,SLO,5,101,-,-,16.350,H,-,N,N,4,0,1,3,A,-,03,22350,,N,C,C,A,A,H,-,A,D,1,,,,,Y,,D,22,0,0,1,0,0,0,0,0,0,"- ","- ",35.139029999999998,-120.6341,"SAN LUIS OBISPO","PISMO BEACH",-120.63483931,35.139276299999999
6637192,2014,2015-05-15,9745,2014-09-23,1740,15144,,2,2,9,4000,0,2,4,,1,058,"ORCHARD AV","SOUTHLAND ST",1584.00,S,N,A,-,N,,,,,,,,,,Y,4,0,1,2,A,-,08,22107,,N,B,C,A,A,H,-,A,D,0,,,,,Y,,A,01,0,0,1,0,0,0,0,0,0,"- ","- ",35.013840000000002,-120.47602999999999,"SAN LUIS OBISPO",UNINCORPORATED,-120.47623731,35.0139073
6637451,2014,2016-05-04,9745,2014-09-18,2114,017541,,4,2,9,4000,0,1,2,,2,505,"RT 101","NIPOMO CREEK",20.00,S,N,A,-,Y,SLO,5,101,-,-,1.370,H,-,S,Y,4,0,1,1,A,-,03,22350,,N,E,I,A,A,H,-,D,D,1,,,,,Y,,A,01,0,0,1,0,0,0,0,0,0,"- ","- ",35.055,-120.2841,"SAN LUIS OBISPO",UNINCORPORATED,-120.43948985999999,35.00319494
6637455,2014,2016-05-04,9745,2014-09-14,0040,018021,,7,3,2,4005,0,1,2,,2,404,"RT 101","BELLO ST",75.00,N,N,A,-,Y,SLO,5,101,-,-,17.160,R,3,N,Y,3,0,1,1,A,-,01,23152,A,N,E,I,A,A,H,-,D,D,1,,,,,Y,Y,A,01,0,1,0,0,0,0,0,0,0,FR,"- ",35.14649,-120.6434,"SAN LUIS OBISPO","PISMO BEACH",-120.6454086,35.147472720000003
6637509,2014,2016-05-04,9740,2014-09-06,1105,014460,,6,1,9,4000,0,1,3,,2,007,"RT 41","YOSEMITE PL",60.00,N,N,A,-,Y,SLO,5,41,-,-,32.340,H,-,S,Y,2,0,1,1,A,-,08,22107,,N,E,I,A,A,D,H,A,D,0,,,Y,,Y,,C,02,1,0,0,0,0,0,0,0,1,"- ","- ",35.570329999999998,-120.47244000000001,"SAN LUIS OBISPO",UNINCORPORATED,-120.47257467999999,35.569802879999997
6647358,2014,2014-10-16,4002,2014-09-26,0739,100,206,5,5,3,4002,0,0,0,,0,002,"FARROLL RD","S 10TH ST",27.00,W,N,A,-,N,,,,,,,,,,N,2,0,1,2,A,-,08,22107,,N,D,G,A,A,H,-,A,D,0,,Y,,,Y,,D,22,1,0,0,0,0,0,1,0,0,"- ","- ",,,"SAN LUIS OBISPO","GROVER BEACH",-120.61965487000001,35.113015249999997
6647874,2014,2014-11-03,4006,2014-09-24,1931,10140,406,3,5,4,4006,0,0,0,,0,,OCEANAIRE,ATASCADERO,176.00,N,N,A,-,N,,,,,,,,,,Y,3,0,1,2,A,-,01,23152,,N,B,E,A,A,H,-,C,D,0,,,,,Y,Y,A,01,0,1,0,0,0,0,0,0,0,"- ","- ",,,"SAN LUIS OBISPO","SAN LUIS OBISPO",-120.68482467,35.260681069999997
6647878,2014,2014-10-31,4006,2014-09-21,1642,32625,,7,5,4,4006,0,0,0,,0,,BROOKPINE,"TANK FARM",37.00,S,N,A,-,N,,,,,,,,,,N,3,0,1,1,A,-,01,23152,A,N,E,I,A,A,H,-,A,A,0,,,Y,,Y,Y,C,02,0,1,0,0,0,0,0,0,1,"- ","- ",,,"SAN LUIS OBISPO","SAN LUIS OBISPO",-120.63065502000001,35.250099120000002
6647886,2014,2014-10-31,4006,2014-09-18,1607,16380,,4,5,4,4006,0,0,0,,0,,OSOS,MONTEREY,39.00,N,N,A,-,N,,,,,,,,,,N,4,0,1,2,A,-,17,22517,,N,D,G,A,A,H,-,A,D,0,,Y,,,Y,,A,07,0,0,1,0,0,0,1,0,0,"- ","- ",,,"SAN LUIS OBISPO","SAN LUIS OBISPO",-120.66146624,35.28189699
6649263,2014,2016-05-09,9740,2014-09-25,1640,015644,,4,2,9,4000,0,1,3,,2,005,"RT 58","SHELL CREEK RD",6864.00,E,N,A,-,Y,SLO,5,58,-,-,22.300,H,-,W,N,2,0,1,1,A,-,08,22107,,N,E,I,A,A,H,-,A,D,0,,,Y,,Y,,C,02,1,0,0,0,0,0,0,0,1,"- ","- ",35.449179999999998,-120.31567,"SAN LUIS OBISPO",UNINCORPORATED,-120.3156469,35.449137899999997
6652049,2014,2014-11-17,9745,2014-10-03,1903,017144,,5,2,9,4000,0,2,4,,1,024,"SOUTH BAY BL","SANTA YSABEL AV",20.00,N,N,A,-,N,,,,,,,,,,Y,4,0,1,2,A,-,01,23152,E,N,A,C,A,A,H,-,C,A,0,,,,,Y,,A,01,0,0,1,0,0,0,0,0,0,"- ","- ",35.330080000000002,-120.82335,"SAN LUIS OBISPO",UNINCORPORATED,-120.82333972000001,35.329984940000003
6652818,2014,2016-05-04,9740,2014-09-23,0615,13733,,2,1,9,4000,0,1,2,,2,001,"RT 101","SANTA BARBARA RD",5280.00,S,N,A,-,Y,SLO,5,101,-,-,41.270,H,-,N,Y,4,0,1,2,A,-,03,22350,,N,C,C,A,A,H,-,A,D,1,,,,,Y,,D,22,0,0,1,0,0,0,0,0,0,"- ","- ",35.421700000000001,-120.63056,"SAN LUIS OBISPO",UNINCORPORATED,-120.63450536000001,35.429340150000002
6656785,2014,2014-12-04,9745,2014-11-05,0820,15088,,3,1,3,4001,0,1,2,,2,402,"RT 101","OAK PARK BL",2112.00,S,N,A,-,Y,,,101,,,,,,,N,4,0,1,2,A,-,03,22350,,N,C,C,A,A,H,-,A,D,0,,,,,Y,,A,01,0,0,1,0,0,0,0,0,0,"- ","- ",35.127670000000002,-120.60008000000001,"SAN LUIS OBISPO","ARROYO GRANDE",-120.60005422,35.127719759999998
6657207,2014,2016-05-04,9745,2014-09-15,1224,014910,,1,1,4,4006,0,1,2,,2,202,"RT 101","BROAD ST",110.00,E,N,A,-,Y,SLO,5,101,-,-,28.790,R,1,S,Y,3,0,1,1,A,-,01,23152,E,N,E,I,A,A,H,-,A,D,1,,,,,Y,,A,07,0,1,0,0,0,0,0,0,0,TO,"- ",35.283639999999998,-120.66782000000001,"SAN LUIS OBISPO","SAN LUIS OBISPO",-120.66701259,35.284139879999998
6657382,2014,2015-01-12,4005,2014-09-03,1034,P098,3,3,5,2,4005,0,0,0,,0,,PRICE,HINDS,0.00,,Y,A,-,N,,,,,,,,,,Y,4,0,2,2,A,-,17,21451,A,N,A,C,A,A,H,-,A,A,0,,,,,Y,,A,01,0,0,2,0,0,0,0,0,0,"- ","- ",,,"SAN LUIS OBISPO","PISMO BEACH",-120.63921000000001,35.141000040000002
6657398,2014,2016-05-02,4005,2014-09-29,1840,P086,3,1,5,2,4005,0,0,0,,0,,DOLLIVER,"OCEAN VIEW",0.00,,Y,A,-,Y,SLO,5,1,-,-,15.400,I,5,N,Y,3,0,3,2,A,-,09,21802,A,N,D,C,A,A,H,-,B,D,0,,,,,Y,,A,08,0,1,2,0,0,0,0,0,0,"- ","- ",,,"SAN LUIS OBISPO","PISMO BEACH",-120.63918473,35.138755580000002
6657709,2014,2014-12-11,9740,2014-10-03,0945,012113,,5,1,9,4000,0,1,3,,2,008,"RT 46","GRUENHAGEN FLAT RD",3168.00,E,N,A,-,Y,,,46,,,,,,,Y,2,0,1,1,A,-,08,22107,,N,F,A,A,A,D,-,A,D,0,,,,,Y,,A,07,1,0,0,0,0,0,0,0,0,"- ","- ",35.659709999999997,-120.47067,"SAN LUIS OBISPO",UNINCORPORATED,-120.47065499999999,35.659436509999999
6657738,2014,2014-12-10,9740,2014-10-07,1334,011615,,2,1,9,4000,0,3,5,,2,023,"SANTA ROSA CREEK RD","CURTI CREEK",1056.00,W,N,A,-,N,,,,,,,,,,Y,4,0,2,1,A,-,08,22107,,N,E,I,A,A,H,-,A,D,0,,,,,Y,,A,01,0,0,2,0,0,0,0,0,0,"- ","- ",35.582250000000002,-121.00698,"SAN LUIS OBISPO",UNINCORPORATED,-121.00588213,35.58198084
6659314,2014,2014-10-15,4001,2014-08-20,1545,P069,,3,5,3,4001,0,0,0,,0,CITY,"N HALCYON RD","BENNETT ST",70.00,S,N,A,-,N,,,,,,,,,,Y,4,0,1,2,A,-,03,22350,,N,C,C,A,A,H,-,A,D,0,,,,,Y,,A,07,0,0,1,0,0,0,0,0,0,"- ","- ",,,"SAN LUIS OBISPO","ARROYO GRANDE",-120.5915885,35.120667730000001
6661551,2014,2014-11-26,4004,2014-09-11,1633,1206,03,4,5,3,4004,0,0,0,,0,3-10,CRESTON,"627 CRESTON",0.00,,Y,A,-,N,,,,,,,,,,N,4,0,1,2,C,-,18,,,N,C,G,A,A,H,-,A,A,0,,Y,,,Y,,-,"- ",0,0,1,0,0,0,1,0,0,"- ","- ",,,"SAN LUIS OBISPO","PASO ROBLES",-120.67465335,35.627884960000003
6661558,2014,2014-12-10,4004,2014-09-08,1830,1187,03,1,5,3,4004,0,0,0,,0,312,CRESTON,"GOLDEN HILL",24.00,E,N,A,-,N,,,,,,,,,,Y,3,0,2,1,C,-,18,,,N,E,I,A,A,H,-,A,A,0,,,,,Y,,-,"- ",0,2,0,0,0,0,0,0,0,"- ","- ",,,"SAN LUIS OBISPO","PASO ROBLES",-120.65964784000001,35.622223779999999
6661562,2014,2014-12-09,4004,2014-09-10,1846,0476,03,3,5,3,4004,0,0,0,,0,312,CRESTON,"GOLDEN HILL",0.00,,Y,A,-,N,,,,,,,,,,N,3,0,1,1,A,-,03,22350,,N,F,-,A,A,H,-,A,A,0,,,Y,,Y,Y,C,02,0,1,0,0,0,0,0,0,1,"- ","- ",,,"SAN LUIS OBISPO","PASO ROBLES",-120.65968995,35.622280029999999
6666278,2014,2014-12-16,9745,2014-10-06,0730,15716,,1,1,9,4000,0,3,5,,2,005,"DIVISION ST","BONITA SCHOOL RD",50.00,E,N,B,E,N,,,,,,,,,,N,4,0,1,2,A,-,03,22350,,N,C,C,A,A,H,-,A,D,0,,,,,Y,,A,07,0,0,1,0,0,0,0,0,0,"- ","- ",35.003489999999999,-120.51891000000001,"SAN LUIS OBISPO",UNINCORPORATED,-120.51878707,35.00357983
6669060,2014,2014-12-15,4008,2014-10-05,1837,1053,,7,5,4,4008,0,0,0,,0,,"CURBARIL AV","SANTA YSABEL AV",0.00,,Y,A,-,N,,,,,,,,,,Y,2,0,3,1,A,-,01,23152,A,F,E,I,A,A,H,-,A,D,0,,,,,Y,Y,A,01,1,2,0,0,0,0,0,0,0,"- ","- ",35.47927,-120.6545,"SAN LUIS OBISPO",ATASCADERO,-120.65440997,35.479200050000003
6669079,2014,2014-12-15,9750,2014-10-10,0630,013267,,5,1,9,4000,0,1,2,,2,111,"RT 101","RT 166",2112.00,S,N,B,-,Y,,,101,,,,,,,Y,4,0,1,2,A,-,03,22350,,M,C,C,A,A,H,-,D,D,0,,,,,Y,,A,01,0,0,1,0,0,0,0,0,0,"- ","- ",34.991120000000002,-120.43377,"SAN LUIS OBISPO",UNINCORPORATED,-120.43381577,34.991113859999999
6669290,2014,2014-11-13,4008,2014-09-11,1726,3013,,4,5,4,4008,0,0,0,,0,,"DEL RIO RD","SAN RAMON RD",0.00,,Y,A,-,N,,,,,,,,,,N,3,0,4,2,A,-,09,21804,B,N,A,C,A,A,H,-,A,A,0,,,,,Y,,A,01,0,2,2,0,0,0,0,0,0,"- ","- ",35.512120000000003,-120.70263,"SAN LUIS OBISPO",ATASCADERO,-120.70263992,35.512160110000003
6669306,2014,2014-11-13,4006,2014-09-23,1439,16380,,2,5,4,4006,0,0,0,,0,,HIGUERA,VACHELL,0.00,,Y,A,-,N,,,,,,,,,,Y,4,0,1,2,A,-,09,21801,A,N,D,C,A,A,H,-,A,A,0,,,,,Y,,A,01,0,0,1,0,0,0,0,0,0,"- ","- ",,,"SAN LUIS OBISPO","SAN LUIS OBISPO",-120.67598999000001,35.243110080000001
6670313,2014,2016-05-09,4004,2014-07-07,1325,1197,3,1,5,3,4004,0,0,0,,0,038,"RT 46","GOLDEN HILL",0.00,,Y,A,-,Y,SLO,5,46,-,-,31.310,I,5,E,Y,2,0,6,3,A,-,12,21453,A,N,D,C,A,A,H,-,A,A,0,,,,,Y,,A,01,1,0,5,0,0,0,0,0,0,"- ","- ",,,"SAN LUIS OBISPO","PASO ROBLES",-120.65809040000001,35.644427319999998
6670357,2014,2014-12-18,9740,2014-10-08,0153,14947,,3,3,3,4004,0,1,2,,2,003,"RT 101","RT 46",5280.00,N,N,A,-,Y,,,101,,,,,,,Y,4,0,1,1,C,-,18,,,N,H,H,A,A,H,-,D,D,0,,,,,Y,,-,"- ",0,0,1,0,0,0,0,0,0,"- ","- ",35.60295,-120.69268,"SAN LUIS OBISPO","PASO ROBLES",-120.69266259,35.6029494
6670361,2014,2014-12-18,9740,2014-10-12,0515,13733,,7,3,9,4000,0,1,3,,2,011,"RT 46","JACK CREEK RD",1584.00,E,N,B,-,Y,,,46,,,,,,,Y,3,0,1,1,C,-,18,,,N,H,H,A,A,H,-,D,D,0,,,,,Y,,-,"- ",0,1,0,0,0,0,0,0,0,"- ","- ",35.54824,-120.78788,"SAN LUIS OBISPO",UNINCORPORATED,-120.78790247000001,35.548314179999998
6670659,2014,2016-06-18,4002,2014-10-01,2100,338,114,3,5,3,4002,0,0,0,,0,001,"RT 1","W GRAND AV",625.00,S,N,A,-,Y,SLO,5,1,-,-,13.980,H,-,S,N,4,0,1,2,A,-,11,21954,A,N,G,B,E,A,H,-,D,A,0,Y,,,,Y,Y,N,60,0,0,1,0,1,0,0,0,0,"- ","- ",,,"SAN LUIS OBISPO","GROVER BEACH",-120.62945646999999,35.120303030000002
6671585,2014,2014-12-16,4006,2014-10-14,1622,69585,,2,5,4,4006,0,0,0,,0,,MARSH,"CALIFORNIA AV",43.00,W,N,B,-,N,,,,,,,,,,N,3,0,1,2,A,-,17,22517,,N,B,G,A,A,H,-,A,D,0,,Y,,,Y,,A,01,0,1,0,0,0,0,1,0,0,"- ","- ",,,"SAN LUIS OBISPO","SAN LUIS OBISPO",-120.65340956,35.284703309999998
6675246,2014,2014-12-03,9740,2014-10-19,1405,011615,,7,2,9,4000,0,2,4,,2,012,"G 14","RESERVOIR RD",0.00,,Y,A,-,N,,,,,,,,,,Y,4,0,1,2,A,-,05,21460,A,N,D,C,A,A,H,-,A,D,0,,,,,Y,,D,22,0,0,1,0,0,0,0,0,0,"- ","- ",35.733139999999999,-120.86675,"SAN LUIS OBISPO",UNINCORPORATED,-120.86680591,35.733136219999999
6675268,2014,2014-12-08,9740,2014-10-22,1142,14460,,3,1,3,4004,0,1,2,,2,003,"RT 101","NIBLICK RD",120.00,S,N,A,-,Y,,,101,,,,,,,Y,4,0,1,1,C,-,18,,,N,E,J,A,A,H,-,A,D,0,,,,,Y,,-,"- ",0,0,1,0,0,0,0,0,0,"- ","- ",35.615049999999997,-120.68848,"SAN LUIS OBISPO","PASO ROBLES",-120.68855129000001,35.615097660000004
6681238,2014,2016-06-18,9745,2014-10-15,1730,016068,,3,2,9,4000,0,1,3,,1,021,"RT 1","N OCEAN",528.00,N,N,A,-,Y,SLO,5,1,-,-,16.370,H,-,N,Y,4,0,1,2,A,-,07,21658,A,N,B,C,A,A,H,-,A,D,0,,,,,Y,,A,07,0,0,1,0,0,0,0,0,0,"- ","- ",35.450009999999999,-120.91851,"SAN LUIS OBISPO",UNINCORPORATED,-120.64973842000001,35.148841900000001
6686073,2014,2015-01-06,9745,2014-10-20,2044,013937,,1,2,2,4005,0,1,2,,2,404,"RT 101","4TH ST",2640.00,N,N,A,-,Y,,,101,,,,,,,Y,2,0,3,3,A,-,03,22350,,N,C,C,A,A,H,-,D,D,0,,,,,Y,,A,01,1,0,2,0,0,0,0,0,0,"- ","- ",35.138109999999998,-120.63051,"SAN LUIS OBISPO","PISMO BEACH",-120.63052365,35.138042980000002
6689169,2014,2016-06-18,9740,2014-10-25,2335,015644,,6,3,9,4000,0,1,3,,1,014,"RT 1","WINDSOR BL",84.00,N,N,A,-,Y,SLO,5,1,-,-,50.690,H,-,N,Y,2,0,2,2,A,-,05,21651,A,N,E,C,A,A,H,-,C,A,0,,,Y,,Y,Y,A,01,1,1,0,0,0,0,0,0,2,"- ","- ",35.569000000000003,-121.10419,"SAN LUIS OBISPO",UNINCORPORATED,-121.10428886,35.569022400000001
6690700,2014,2016-06-18,9745,2014-10-22,0647,12601,,3,1,9,4000,0,1,3,,2,023,"RT 1","KANSAS AV",0.00,,Y,A,-,Y,SLO,5,1,-,-,20.890,I,5,S,Y,4,0,1,2,A,-,09,21453,C,N,A,C,A,A,H,-,B,A,1,,,,,Y,,A,01,0,0,1,0,0,0,0,0,0,"- ","- ",35.320709999999998,-120.71604000000001,"SAN LUIS OBISPO",UNINCORPORATED,-120.71663272000001,35.321034140000002
6690704,2014,2014-12-29,9745,2014-10-19,1929,13937,,7,2,9,4000,0,1,2,,2,505,"RT 101","TEFFT ST",1320.00,S,N,A,-,Y,,,101,,,,,,,Y,4,0,1,1,A,-,08,22107,,N,E,I,A,A,H,-,D,D,0,,,,,Y,,A,01,0,0,1,0,0,0,0,0,0,"- ","- ",35.03369,-120.4813,"SAN LUIS OBISPO",UNINCORPORATED,-120.48132729,35.033660429999998
6691565,2014,2015-01-15,4005,2014-09-27,0513,P094,4,6,5,2,4005,0,0,0,,0,,HINDS,BELLO,0.00,,Y,A,-,N,,,,,,,,,,Y,4,0,1,2,A,-,09,21802,A,N,D,C,A,A,H,-,D,A,0,,,,,Y,,A,01,0,0,1,0,0,0,0,0,0,"- ","- ",,,"SAN LUIS OBISPO","PISMO BEACH",-120.63793837999999,35.141954400000003
6692115,2014,2015-06-09,4004,2014-10-19,1600,1197,01,7,5,3,4004,0,0,0,,0,1-7,PARK,15TH,0.00,,Y,A,-,N,,,,,,,,,,N,3,0,1,2,A,-,01,23152,A,N,D,C,A,A,H,-,A,A,0,,,,,Y,Y,A,07,0,1,0,0,0,0,0,0,0,"- ","- ",,,"SAN LUIS OBISPO","PASO ROBLES",-120.69038989000001,35.629860010000002
6693558,2014,2014-12-05,4006,2014-10-23,0928,69585,,4,5,4,4006,0,0,0,,0,,"MADONNA LN","FROOM RANCH",0.00,,Y,A,-,N,,,,,,,,,,N,3,0,1,2,A,-,08,21717,,F,B,G,A,A,H,-,A,A,0,,Y,,,Y,,-,99,0,1,0,0,0,0,1,0,0,"- ","- ",,,"SAN LUIS OBISPO","SAN LUIS OBISPO",,
6702166,2014,2016-06-18,9745,2014-10-25,2330,017238,,6,3,4,4006,0,1,3,,2,023,"RT 1","HIGHLAND DR",0.00,,Y,A,-,Y,SLO,5,1,-,-,17.800,I,5,S,Y,4,0,2,2,A,-,12,21453,A,N,D,C,A,A,H,-,C,A,1,,,,,Y,Y,A,07,0,0,2,0,0,0,0,0,0,"- ","- ",35.298389999999998,-120.67388,"SAN LUIS OBISPO","SAN LUIS OBISPO",-120.67390279,35.298367689999999
6702258,2014,2015-01-07,9745,2014-11-01,0758,015734,,6,1,9,4000,0,1,2,,2,505,"RT 101","THOMPSON AV",5280.00,N,N,B,C,Y,,,101,,,,,,,Y,4,0,1,1,A,-,03,22350,,N,F,A,A,B,H,-,A,D,0,,,,,Y,,A,07,0,0,1,0,0,0,0,0,0,"- ","- ",35.084389999999999,-120.53006000000001,"SAN LUIS OBISPO",UNINCORPORATED,-120.53021479,35.084237469999998
6702266,2014,2015-01-08,9745,2014-11-05,0804,013531,,3,1,2,4005,0,1,2,,2,404,"RT 101","OAK PARK RD",2000.00,N,N,A,-,Y,,,101,,,,,,,Y,3,0,2,2,A,-,03,22350,,N,C,C,A,A,H,-,A,D,0,,,,,Y,,A,01,0,1,1,0,0,0,0,0,0,"- ","- ",35.131399999999999,-120.61150000000001,"SAN LUIS OBISPO","PISMO BEACH",-120.61150523000001,35.131385539999997
6702270,2014,2015-01-08,9745,2014-11-03,1410,017017,,1,2,9,4000,0,1,2,,2,505,"RT 101","TEFFT ST",528.00,S,N,A,-,Y,,,101,,,,,,,Y,4,0,1,2,A,-,08,22107,,N,E,I,A,A,H,-,A,D,0,,,,,Y,,A,01,0,0,1,0,0,0,0,0,0,"- ","- ",35.035559999999997,-120.48430999999999,"SAN LUIS OBISPO",UNINCORPORATED,-120.4838816,35.036022029999998
6702305,2014,2015-01-07,9745,2014-11-05,0655,013531,,3,1,9,4000,0,3,5,,2,004,"NOYES RD","E ORMONDE RD",2112.00,W,N,A,-,N,,,,,,,,,,Y,2,0,1,1,C,-,18,,,N,H,H,A,A,H,-,A,D,0,,,Y,,Y,,-,"- ",1,0,0,0,0,0,0,0,1,"- ","- ",35.156619999999997,-120.58699,"SAN LUIS OBISPO",UNINCORPORATED,-120.58711,35.159460000000003
6702326,2014,2014-12-03,4004,2014-10-09,0805,0890,03,4,5,3,4004,0,0,0,,0,"3 11","GOLDEN HILL",CRESTON,0.00,,Y,A,-,N,,,,,,,,,,N,3,0,1,1,C,-,18,,,N,E,G,A,D,B,-,A,A,0,,Y,,,Y,,-,"- ",0,1,0,0,0,0,1,0,0,"- ","- ",,,"SAN LUIS OBISPO","PASO ROBLES",-120.65968995,35.622280029999999
6702330,2014,2014-12-03,4004,2014-10-24,1316,0901,02,5,5,3,4004,0,0,0,,0,"2 6",SPRING,"3RD ST",5.00,S,N,A,-,N,,,,,,,,,,Y,4,0,1,2,A,-,03,22350,,N,C,C,A,A,H,-,A,D,0,,,,,Y,,A,01,0,0,1,0,0,0,0,0,0,"- ","- ",,,"SAN LUIS OBISPO","PASO ROBLES",-120.69060865,35.617416310000003
6702398,2014,2014-12-03,4004,2014-10-24,2025,0476,03,5,5,3,4004,0,0,0,,0,"3 7",CRESTON,NIBLICK,33.00,S,N,A,-,N,,,,,,,,,,N,3,0,1,1,A,-,03,22350,,N,F,A,A,A,H,-,C,A,0,,,Y,,Y,,C,02,0,1,0,0,0,0,0,0,1,"- ","- ",,,"SAN LUIS OBISPO","PASO ROBLES",-120.6590978,35.615661189999997
6707122,2014,2015-01-07,4006,2014-11-07,1603,69585,,5,5,4,4006,0,0,0,,0,,BOYSEN,"SANTA ROSA",294.00,W,N,A,-,N,,,,,,,,,,N,3,0,1,2,A,-,09,21801,A,N,C,G,A,A,H,-,A,A,0,,Y,,,Y,,A,01,0,1,0,0,0,0,1,0,0,"- ","- ",,,"SAN LUIS OBISPO","SAN LUIS OBISPO",-120.67023809,35.295213400000002
6707593,2014,2015-01-09,9745,2014-11-11,1710,013206,9745,2,2,9,4000,0,1,2,,2,505,"RT 101","LOS BERROS RD",850.00,N,N,B,-,Y,,,101,,,,,,,Y,3,0,4,2,A,-,03,22350,,N,C,C,A,A,H,-,D,D,0,,,,,Y,,A,01,0,1,3,0,0,0,0,0,0,"- ","- ",35.073799999999999,-120.51868,"SAN LUIS OBISPO",UNINCORPORATED,-120.51869354999999,35.073781820000001
6707597,2014,2015-01-09,9745,2014-11-13,1750,017151,,4,2,9,4000,0,1,3,,1,032,"BIDDLE RANCH RD","RT 227",10.00,E,N,B,-,Y,,,,,,,,,,Y,4,0,2,2,A,-,08,22107,,N,B,C,A,B,H,-,D,D,0,,,,,Y,,A,01,0,0,2,0,0,0,0,0,0,"- ","- ",35.215020000000003,-120.6161,"SAN LUIS OBISPO",UNINCORPORATED,,
6707714,2014,2014-11-24,4006,2014-10-20,0939,16380,,1,5,4,4006,0,0,0,,0,,"SANTA BARBARA",UPHAM,222.00,S,N,A,-,N,,,,,,,,,,N,3,0,1,2,A,-,04,21703,,N,C,C,A,A,H,-,A,D,0,,,Y,,Y,,C,02,0,1,0,0,0,0,0,0,1,"- ","- ",,,"SAN LUIS OBISPO","SAN LUIS OBISPO",-120.65613999999999,35.273790200000001
6709491,2014,2015-01-16,9745,2014-11-05,1813,017151,,3,2,9,4000,0,1,3,,1,011,"RT 41","BEAR RIDGE RD",1056.00,W,N,A,-,Y,,,41,,,,,,,Y,3,0,1,1,A,-,01,23152,A,N,E,I,A,A,H,-,D,D,0,,,,,Y,Y,D,22,0,1,0,0,0,0,0,0,0,"- ","- ",35.422139999999999,-120.79026,"SAN LUIS OBISPO",UNINCORPORATED,-120.79021813,35.422091170000002
6710732,2014,2016-06-18,9745,2014-10-31,2045,013212,,5,2,9,4000,0,1,3,,1,045,"RT 1","DIVISION ST",2112.00,N,N,C,-,Y,SLO,5,1,-,-,1.340,H,-,N,Y,4,0,1,1,A,-,03,22350,,N,E,I,A,B,F,-,D,D,0,,,,,Y,,A,01,0,0,1,0,0,0,0,0,0,"- ","- ",34.997680000000003,-120.57051,"SAN LUIS OBISPO",UNINCORPORATED,-120.57054075000001,34.996907489999998
6712907,2014,2015-01-06,4001,2014-10-26,1726,P090,1,7,5,3,4001,0,0,0,,0,CITY,"EAST GRAND AV","SOUTH ELM ST",0.00,,Y,A,-,N,,,,,,,,,,Y,4,0,1,2,A,-,12,21453,A,N,D,C,A,A,H,-,A,A,0,,,,,Y,,A,01,0,0,1,0,0,0,0,0,0,"- ","- ",,,"SAN LUIS OBISPO","ARROYO GRANDE",-120.60044988,35.120530100000003
6712911,2014,2015-01-06,4001,2014-10-19,0754,P0110,7,7,5,3,4001,0,0,0,,0,CITY,"TRAFFIC WY","CHERRY ST",42.00,S,N,A,-,N,,,,,,,,,,Y,4,0,1,1,A,-,01,23152,A,N,E,I,A,A,H,-,A,D,0,,,,,Y,Y,A,01,0,0,1,0,0,0,0,0,0,"- ","- ",,,"SAN LUIS OBISPO","ARROYO GRANDE",-120.57535439,35.118412790000001
6716514,2014,2015-06-11,4001,2014-10-02,1455,P016,2,4,5,3,4001,0,0,0,,0,CITY,"EL CAMINO REAL","BRISCO RD",0.00,,Y,A,-,N,,,,,,,,,,Y,4,0,1,2,A,-,17,21451,A,N,A,C,A,A,H,-,A,A,0,,,,,Y,,A,01,0,0,1,0,0,0,0,0,0,"- ","- ",,,"SAN LUIS OBISPO","ARROYO GRANDE",-120.59359990999999,35.12387004
6718039,2014,2015-01-20,9740,2014-11-28,1510,15644,,5,2,9,4000,0,2,4,,2,012,"NACIMIENTO LAKE DR","ADELAIDA RD",829.00,E,N,A,-,N,,,,,,,,,,Y,1,1,1,3,A,-,08,22107,,N,H,G,A,A,H,-,A,D,0,,Y,,,Y,,A,07,1,0,0,0,0,1,1,0,0,"- ","- ",35.648760000000003,-120.71793,"SAN LUIS OBISPO",UNINCORPORATED,-120.71805197,35.648756200000001