CASE_ID,ACCIDENT_YEAR,PROC_DATE,JURIS,COLLISION_DATE,COLLISION_TIME,OFFICER_ID,REPORTING_DISTRICT,DAY_OF_WEEK,CHP_SHIFT,POPULATION,CNTY_CITY_LOC,SPECIAL_COND,BEAT_TYPE,CHP_BEAT_TYPE,CITY_DIVISION_LAPD,CHP_BEAT_CLASS,BEAT_NUMBER,PRIMARY_RD,SECONDARY_RD,DISTANCE,DIRECTION,INTERSECTION,WEATHER_1,WEATHER_2,STATE_HWY_IND,CALTRANS_COUNTY,CALTRANS_DISTRICT,STATE_ROUTE,ROUTE_SUFFIX,POSTMILE_PREFIX,POSTMILE,LOCATION_TYPE,RAMP_INTERSECTION,SIDE_OF_HWY,TOW_AWAY,COLLISION_SEVERITY,NUMBER_KILLED,NUMBER_INJURED,PARTY_COUNT,PRIMARY_COLL_FACTOR,PCF_CODE_OF_VIOL,PCF_VIOL_CATEGORY,PCF_VIOLATION,PCF_VIOL_SUBSECTION,HIT_AND_RUN,TYPE_OF_COLLISION,MVIW,PED_ACTION,ROAD_SURFACE,ROAD_COND_1,ROAD_COND_2,LIGHTING,CONTROL_DEVICE,CHP_ROAD_TYPE,PEDESTRIAN_ACCIDENT,BICYCLE_ACCIDENT,MOTORCYCLE_ACCIDENT,TRUCK_ACCIDENT,NOT_PRIVATE_PROPERTY,ALCOHOL_INVOLVED,STWD_VEHTYPE_AT_FAULT,CHP_VEHTYPE_AT_FAULT,COUNT_SEVERE_INJ,COUNT_VISIBLE_INJ,COUNT_COMPLAINT_PAIN,COUNT_PED_KILLED,COUNT_PED_INJURED,COUNT_BICYCLIST_KILLED,COUNT_BICYCLIST_INJURED,COUNT_MC_KILLED,COUNT_MC_INJURED,PRIMARY_RAMP,SECONDARY_RAMP,LATITUDE,LONGITUDE,COUNTY,CITY,POINT_X,POINT_Y
6718078,2014,2015-12-30,9750,2014-12-13,0549,014820,,6,3,9,4000,0,1,3,,1,065,"RT 166","KIRSCHENMANN RD",6336.00,E,N,A,-,Y,SLO,5,166,-,-,70.930,H,-,W,Y,1,1,0,2,A,-,08,22107,,N,A,C,A,A,H,-,D,D,0,,,,Y,Y,,A,01,0,0,0,0,0,0,0,0,0,"- ","- ",34.934339999999999,-119.57899,"SAN LUIS OBISPO",UNINCORPORATED,-119.57815882,34.9343936
6718084,2014,2015-12-18,9740,2014-12-15,1005,014460,,1,1,9,4000,0,3,5,,2,024,"ORVILLE PL","ORVILLE AV",54.00,S,N,B,C,N,,,,,,,,,,Y,1,1,0,1,A,-,01,23152,A,N,E,I,A,B,H,-,A,D,0,,,,,Y,Y,A,08,0,0,0,0,0,0,0,0,0,"- ","- ",35.547829999999998,-121.07738999999999,"SAN LUIS OBISPO",UNINCORPORATED,-121.07762,35.547870000000003
6718205,2014,2015-03-11,9745,2014-12-21,1805,15734,,7,2,9,4000,0,2,4,,1,025,"LOS OSOS VALLEY RD","PALOMINO DR",600.00,W,N,A,-,N,,,,,,,,,,Y,1,1,0,2,A,-,11,21954,A,N,G,B,D,A,H,-,C,D,0,Y,,,,Y,Y,N,60,0,0,0,1,0,0,0,0,0,"- ","- ",35.307250000000003,-120.81672,"SAN LUIS OBISPO",UNINCORPORATED,-120.81590515000001,35.307095629999999
6718532,2015,2015-06-08,9745,2015-05-07,2024,17017,,4,2,9,4000,0,1,3,,1,032,"RT 227","BIDDLE RANCH RD",527.00,S,N,B,-,Y,SLO,5,227,-,R,8.150,H,-,S,Y,1,1,1,2,A,-,05,21651,A,N,D,C,A,A,H,-,D,D,0,,,Y,,Y,,D,22,1,0,0,0,0,0,0,1,1,"- ","- ",35.220999999999997,-120.62062,"SAN LUIS OBISPO",UNINCORPORATED,-120.61625355,35.213409380000002
6719058,2014,2015-01-05,9740,2014-10-31,1335,17426,,5,1,9,4000,0,3,5,,2,024,"MAIN ST","CORNWALL ST",75.00,N,N,B,-,N,,,,,,,,,,N,4,0,1,2,A,-,21,22106,,N,C,C,A,A,H,-,A,D,0,,,,,Y,,A,01,0,0,1,0,0,0,0,0,0,"- ","- ",35.568210000000001,-120.10142999999999,"SAN LUIS OBISPO",UNINCORPORATED,-121.10130350999999,35.568079400000002
6720246,2014,2014-12-11,4003,2014-08-22,1003,B6299,2,5,5,2,4003,0,0,0,,0,001,"BEACH ST","FRONT ST",0.00,,Y,A,-,N,,,,,,,,,,N,1,1,0,2,A,-,12,22450,A,N,H,G,A,A,H,-,A,A,0,,Y,,,Y,,L,04,0,0,0,0,0,1,0,0,0,"- ","- ",,,"SAN LUIS OBISPO","MORRO BAY",-120.85418998999999,35.36873001
6721025,2014,2015-01-13,4008,2014-11-20,0744,3152,,4,5,4,4008,0,0,0,,0,,"SAN BENITO RD","ARENA RD",0.00,,Y,B,-,N,,,,,,,,,,Y,4,0,1,2,A,-,09,21802,A,N,D,C,A,B,H,-,A,D,0,,,,,Y,,D,22,0,0,1,0,0,0,0,0,0,"- ","- ",35.511249999999997,-120.6883,"SAN LUIS OBISPO",ATASCADERO,-120.68845991000001,35.51139002
6721270,2014,2015-01-08,4004,2014-11-20,0805,0890,04,4,5,3,4004,0,0,0,,0,041,NIBLICK,APPALOOSA,180.00,W,N,B,-,N,,,,,,,,,,Y,3,0,1,1,A,-,03,22350,,N,E,I,A,A,H,-,A,A,0,,,,,Y,,A,01,0,1,0,0,0,0,0,0,0,"- ","- ",,,"SAN LUIS OBISPO","PASO ROBLES",-120.67404547,35.615782770000003
6721297,2014,2015-01-09,9740,2014-11-19,2200,11615,,3,3,9,4000,0,1,2,,2,004,"RT 101","S CAMP ROBERTS",4435.00,N,N,B,-,Y,,,101,,,,,,,Y,3,0,1,1,A,-,08,22107,,N,E,I,A,A,H,-,D,D,0,,,,,Y,,A,01,0,1,0,0,0,0,0,0,0,"- ","- ",35.782679999999999,-120.7253,"SAN LUIS OBISPO",UNINCORPORATED,-120.72526889,35.782711560000003
6721301,2014,2015-01-09,9740,2014-11-08,2058,14460,,6,2,4,4008,0,1,2,,2,002,"RT 101","SAN RAMON RD",99.00,N,N,A,-,Y,,,101,,,,,,,Y,2,0,1,1,A,-,08,22107,,N,E,I,A,A,H,-,D,D,0,,,,,Y,,A,01,1,0,0,0,0,0,0,0,0,"- ","- ",35.526600000000002,-120.70489000000001,"SAN LUIS OBISPO",ATASCADERO,-120.70477959999999,35.5266552
6721606,2014,2015-01-13,4006,2014-11-07,0731,16380,,5,5,4,4006,0,0,0,,0,,CALIFORNIA,"RT 101",0.00,,Y,A,-,Y,,,,,,,,,,N,4,0,1,2,A,-,09,21801,A,N,D,G,A,A,H,-,A,D,0,,Y,,,Y,,A,01,0,0,1,0,0,0,1,0,0,"- ",NO,,,"SAN LUIS OBISPO","SAN LUIS OBISPO",-120.65944988,35.289960000000001
6723393,2014,2016-06-18,9745,2014-10-31,0655,012601,,5,1,9,4000,0,1,3,,2,023,"RT 1","DAIRY CREEK RD",0.00,,Y,A,-,Y,SLO,5,1,-,-,22.210,I,5,N,Y,4,0,1,2,A,-,09,21453,C,N,D,C,A,A,H,-,B,A,1,,,,,Y,,A,01,0,0,1,0,0,0,0,0,0,"- ","- ",35.331180000000003,-120.7349,"SAN LUIS OBISPO",UNINCORPORATED,-120.73504238,35.331166660000001
6724708,2014,2016-02-16,4005,2014-10-21,1523,P096,3,2,5,2,4005,0,0,0,,0,,HINDS,PRICE,116.00,E,N,A,-,N,,,,,,,,,,N,4,0,1,2,A,-,03,22350,,N,C,C,A,A,H,-,A,A,0,,,,Y,Y,,A,01,0,0,1,0,0,0,0,0,0,"- ","- ",,,"SAN LUIS OBISPO","PISMO BEACH",-120.63894000000001,35.141190000000002
6724745,2014,2016-06-18,4005,2014-10-21,1534,P090,3,2,5,2,4005,0,0,0,,0,,DOLLIVER,"OCEANVIEW AV",12.00,S,N,A,-,Y,SLO,5,1,-,-,15.390,H,-,S,N,3,0,1,2,A,-,08,22107,,N,D,C,A,A,H,-,A,D,0,,,Y,,Y,,A,01,0,1,0,0,0,0,0,0,1,"- ","- ",,,"SAN LUIS OBISPO","PISMO BEACH",-120.63912046,35.138608650000002
6729750,2014,2015-01-21,9745,2014-11-29,1115,15144,,6,1,9,4000,0,1,2,,2,505,"RT 101","TEFFT ST",2640.00,S,N,A,-,Y,,,101,,,,,,,Y,4,0,1,4,A,-,03,22350,,N,C,C,A,A,H,-,A,D,0,,,,,Y,,D,22,0,0,1,0,0,0,0,0,0,"- ","- ",35.031869999999998,-120.479,"SAN LUIS OBISPO",UNINCORPORATED,-120.47903321,35.031833970000001
6731747,2014,2015-01-23,4006,2014-11-18,1458,16380,,2,5,4,4006,0,0,0,,0,,MARSH,MORRO,141.00,W,N,A,-,N,,,,,,,,,,N,4,0,1,2,D,-,00,,,N,G,B,C,A,H,-,A,D,0,Y,,,,Y,,-,"- ",0,0,1,0,1,0,0,0,0,"- ","- ",,,"SAN LUIS OBISPO","SAN LUIS OBISPO",-120.66139966999999,35.279579609999999
6735866,2014,2015-01-22,9745,2014-11-29,2345,017151,,6,3,9,4000,0,2,4,,1,052,"THOMPSON AV","RANCHO RD",200.00,N,N,A,-,N,,,,,,,,,,Y,3,0,1,1,A,-,01,23152,A,N,E,I,A,A,H,-,D,D,0,,,,,Y,Y,A,01,0,1,0,0,0,0,0,0,0,"- ","- ",35.035269999999997,-120.46774000000001,"SAN LUIS OBISPO",UNINCORPORATED,-120.46752367000001,35.035150620000003
6735898,2014,2015-01-22,9745,2014-11-26,1923,017968,,3,2,9,4000,0,1,2,,2,303,"RT 101","AVILA BEACH DR",421.00,N,N,A,-,Y,,,101,,,,,,,Y,3,0,3,2,A,-,07,21658,A,N,F,A,A,A,H,-,C,D,0,,,,,Y,,A,01,0,1,2,0,0,0,0,0,0,"- ","- ",35.181010000000001,-120.70007,"SAN LUIS OBISPO",UNINCORPORATED,-120.70026227,35.180850229999997
6736388,2014,2015-01-28,9745,2014-12-09,0723,17017,,2,1,2,4005,0,1,2,,2,404,"RT 101","OAK PARK BL",1056.00,S,N,A,-,Y,,,,,,,,,,Y,4,0,1,3,A,-,03,22350,,N,C,C,A,A,H,-,A,D,0,,,,,Y,,A,07,0,0,1,0,0,0,0,0,0,"- ","- ",35.128540000000001,-120.60218,"SAN LUIS OBISPO","PISMO BEACH",-120.60335936,35.12915083
6737408,2014,2015-06-29,9740,2014-11-09,1043,013952,,7,1,9,4000,0,3,5,,2,022,"KILER CANYON RD","VINE ST",417.00,E,N,A,-,N,,,,,,,,,,Y,3,0,1,1,A,-,01,23152,A,N,E,I,A,A,H,-,A,D,0,,,,,Y,Y,A,01,0,1,0,0,0,0,0,0,0,"- ","- ",35.613309999999998,-120.69409,"SAN LUIS OBISPO",UNINCORPORATED,-120.69289000000001,35.614179999999998
6737453,2014,2015-01-20,9745,2014-11-21,1520,13206,9745,5,2,9,4000,0,1,2,,2,505,"RT 101","LOS BERROS RD",200.00,S,N,A,-,Y,,,101,,,,,,,Y,4,0,1,2,A,-,03,22350,,N,C,C,A,A,H,-,A,D,0,,,,,Y,,A,01,0,0,1,0,0,0,0,0,0,"- ","- ",35.06673,-120.51185,"SAN LUIS OBISPO",UNINCORPORATED,-120.51181996,35.066757760000002
6737517,2014,2015-01-20,9740,2014-11-25,1550,14622,,2,2,9,4000,0,3,5,,2,016,"BELMONT TRL","SODA LAKE RD",0.00,,Y,A,-,N,,,,,,,,,,Y,4,0,4,2,A,-,09,21802,A,N,D,C,A,A,H,-,A,A,0,,,,,Y,,A,01,0,0,4,0,0,0,0,0,0,"- ","- ",35.307870000000001,-119.98777,"SAN LUIS OBISPO",UNINCORPORATED,-119.98771994000001,35.307980069999999
6738088,2014,2015-01-21,9740,2014-11-27,1210,14662,,4,1,9,4000,0,1,3,,2,011,"RT 46","GREEN VALLEY RD",0.00,,Y,A,-,Y,,,46,,,,,,,N,4,0,2,2,A,-,06,21750,,N,D,C,A,A,H,-,A,D,0,,,,,Y,,D,22,0,0,2,0,0,0,0,0,0,"- ","- ",35.540300000000002,-121.0107,"SAN LUIS OBISPO",UNINCORPORATED,-121.01074962,35.540450710000002
6738128,2014,2015-07-11,9740,2014-12-01,1358,14622,,1,1,4,4008,0,1,2,,2,002,"RT 101","DEL RIO RD",3168.00,N,N,A,-,Y,,,101,,,,,,,N,4,0,1,1,C,-,18,,,N,E,I,A,A,H,-,A,D,0,,,,,Y,Y,-,"- ",0,0,1,0,0,0,0,0,0,"- ","- ",35.520530000000001,-120.7042,"SAN LUIS OBISPO",ATASCADERO,-120.70416268,35.520540029999999
6738132,2014,2015-01-29,9740,2014-12-01,1359,014622,,1,1,4,4008,0,1,2,,2,002,"RT 101","DEL RIO RD",3168.00,S,N,A,-,Y,,,101,,,,,,,N,3,0,1,1,C,-,18,,,N,E,I,A,A,H,-,A,D,0,,,,,Y,Y,-,"- ",0,1,0,0,0,0,0,0,0,"- ","- ",35.505339999999997,-120.69349,"SAN LUIS OBISPO",ATASCADERO,-120.69354761,35.505282690000001
6738159,2014,2015-01-29,9740,2014-12-01,1520,15854,,1,2,9,4000,0,3,5,,2,017,"RAMADA DR","MARQUITA AV",0.00,,Y,B,-,N,,,,,,,,,,Y,4,0,2,2,A,-,09,21801,A,N,D,C,A,A,H,-,A,D,0,,,,,Y,,D,22,0,0,2,0,0,0,0,0,0,"- ","- ",35.57508,-120.69719000000001,"SAN LUIS OBISPO",UNINCORPORATED,-120.69722987999999,35.575260069999999
6738339,2014,2015-01-16,9745,2014-11-25,1705,017144,,2,2,9,4000,0,3,5,,2,003,"BUCKLEY RD","DAVENPORT CREEK RD",0.00,,Y,A,-,N,,,,,,,,,,N,3,0,1,2,A,-,08,22107,,F,D,G,A,A,H,-,A,D,0,,Y,,,Y,,L,04,0,1,0,0,0,0,1,0,0,"- ","- ",35.235790000000001,-120.64912,"SAN LUIS OBISPO",UNINCORPORATED,-120.64909999,35.235840019999998
6739687,2014,2016-06-18,9745,2014-11-27,1300,016089,,4,1,9,4000,0,1,3,,1,041,"RT 1","24TH ST",0.00,,Y,A,-,Y,SLO,5,1,-,-,11.640,I,5,N,Y,3,0,4,2,A,-,09,21801,A,N,A,C,A,A,H,-,A,A,0,,,,,Y,,A,01,0,1,3,0,0,0,0,0,0,"- ","- ",35.09834,-120.60395,"SAN LUIS OBISPO",UNINCORPORATED,-120.60405281,35.098117019999997
6745555,2014,2015-01-20,4006,2014-11-16,1455,59350,,7,5,4,4006,0,0,0,,0,,"N CHORRO",BOYSON,0.00,,Y,A,-,N,,,,,,,,,,N,4,0,4,2,A,-,09,21802,A,N,D,C,A,A,H,-,A,A,0,,,,,Y,,A,01,0,0,4,0,0,0,0,0,0,"- ","- ",,,"SAN LUIS OBISPO","SAN LUIS OBISPO",-120.67278991000001,35.296430039999997
6745556,2014,2015-01-20,4006,2014-11-18,1230,16380,,2,5,4,4006,0,0,0,,0,,LAUREL,CAMDEN,147.00,W,N,A,-,N,,,,,,,,,,N,4,0,1,2,A,-,09,21804,A,N,G,B,D,A,H,-,A,D,0,Y,,,,Y,,A,07,0,0,1,0,1,0,0,0,0,"- ","- ",,,"SAN LUIS OBISPO","SAN LUIS OBISPO",-120.64217014,35.263262220000001
6746884,2014,2015-01-23,4001,2014-11-13,1348,P0115,4,4,5,3,4001,0,0,0,,0,CITY,"WEST BRANCH ST","BRISCO RD",100.00,W,N,C,-,N,,,,,,,,,,N,4,0,1,2,A,-,03,22350,,N,C,C,A,B,H,-,A,A,0,,,,,Y,,A,01,0,0,1,0,0,0,0,0,0,"- ","- ",,,"SAN LUIS OBISPO","ARROYO GRANDE",-120.59333094,35.124915319999999
6748288,2014,2015-01-30,9740,2014-12-01,0635,13246,,1,1,9,4000,0,1,3,,2,007,"RT 41","SHEDD CANYON RD",3432.00,N,N,B,-,Y,,,41,,,,,,,Y,4,0,1,1,A,-,08,22107,,N,E,I,A,B,H,-,B,D,0,,,,,Y,,A,01,0,0,1,0,0,0,0,0,0,"- ","- ",35.591059999999999,-120.42107,"SAN LUIS OBISPO",UNINCORPORATED,-120.42105929,35.591054120000003
6749091,2014,2015-02-02,9740,2014-12-11,0900,014465,,4,1,9,4000,0,1,2,,2,003,"RT 101","RT 46",15.00,S,N,B,C,Y,,,,,,,,,,N,4,0,1,1,D,-,00,,,N,C,C,A,A,H,-,A,A,0,,,,,Y,,-,"- ",0,0,1,0,0,0,0,0,0,TO,"- ",,,"SAN LUIS OBISPO",UNINCORPORATED,-120.69568621000001,35.589329110000001
6749204,2014,2015-01-28,4006,2014-11-26,2151,10240,4006,3,5,4,4006,0,0,0,,0,,HUTTON,"SANDER COCK",16.00,W,N,A,-,N,,,,,,,,,,Y,3,0,3,1,A,-,03,22350,,N,F,I,A,A,H,-,C,D,0,,,,,Y,,D,22,0,1,2,0,0,0,0,0,0,"- ","- ",,,"SAN LUIS OBISPO","SAN LUIS OBISPO",-120.66124000000001,35.27122
6749264,2014,2015-01-21,4006,2014-11-24,1019,27940,,1,5,4,4006,0,0,0,,0,,"TANK FARM RD",BROAD,250.00,E,N,A,-,N,,,,,,,,,,Y,3,0,2,2,A,-,09,21804,A,N,D,C,A,A,H,-,A,A,0,,,,,Y,,A,01,0,2,0,0,0,0,0,0,0,"- ","- ",,,"SAN LUIS OBISPO","SAN LUIS OBISPO",-120.64226004,35.248637960000003
6752110,2014,2015-02-05,4004,2014-12-12,1217,0890,01,5,5,3,4004,0,0,0,,0,014,RIVERSIDE,24TH,0.00,,Y,B,-,N,,,,,,,,,,Y,3,0,1,4,A,-,03,22350,,N,C,C,A,B,H,-,A,A,0,,,,,Y,,A,07,0,1,0,0,0,0,0,0,0,"- ","- ",,,"SAN LUIS OBISPO","PASO ROBLES",-120.68809996,35.63979003
6752122,2014,2015-07-28,4004,2014-12-19,0729,0430,02,5,5,3,4004,0,0,0,,0,2-6,NIBLICK,RIVER,528.00,S,N,B,-,N,,,,,,,,,,N,4,0,1,2,A,-,03,22350,,N,C,C,A,A,H,-,A,D,0,,,,,Y,,A,07,0,0,1,0,0,0,0,0,0,"- ","- ",,,"SAN LUIS OBISPO","PASO ROBLES",-120.68026999999999,35.615020000000001
6752242,2014,2015-02-10,4004,2014-12-04,1706,1062,01,4,5,3,4004,0,0,0,,0,"1 7",RIVERSIDE,"16TH ST",133.00,S,N,A,-,N,,,,,,,,,,N,3,0,2,3,A,-,03,22350,,N,C,C,A,B,H,-,C,A,0,,,,,Y,,A,01,0,1,1,0,0,0,0,0,0,"- ","- ",,,"SAN LUIS OBISPO","PASO ROBLES",-120.68723876,35.630755569999998
6752912,2014,2015-01-27,4004,2014-11-14,1803,0901,01,5,5,3,4004,0,0,0,,0,014,SPRING,"24TH ST",100.00,S,N,B,-,N,,,,,,,,,,N,4,0,2,3,A,-,03,22350,,M,C,C,A,A,H,-,C,D,0,,,,,Y,,A,07,0,0,2,0,0,0,0,0,0,"- ","- ",,,"SAN LUIS OBISPO","PASO ROBLES",-120.69242079999999,35.638855769999999
6753145,2014,2015-02-10,9740,2014-12-21,1524,014691,,7,2,9,4000,0,1,2,,2,004,"RT 101","SPRING ST",1056.00,N,N,A,-,Y,,,101,,,,,,,Y,3,0,1,2,A,-,08,22107,,N,D,C,A,A,H,-,A,D,0,,,,,Y,,A,01,0,1,0,0,0,0,0,0,0,"- ","- ",35.656880000000001,-120.69802,"SAN LUIS OBISPO",UNINCORPORATED,-120.69797613,35.656895489999997
6753296,2014,2016-06-18,9740,2014-12-27,1400,14622,,6,2,9,4000,0,1,3,,1,015,"RT 1","ARROYO LAGUNA",6864.00,N,N,A,-,Y,SLO,5,1,-,-,61.180,H,-,S,Y,2,0,1,2,A,-,09,21802,A,N,D,C,A,A,H,-,A,A,0,,,Y,,Y,,A,01,1,0,0,0,0,0,0,0,1,"- ","- ",35.654020000000003,-120.22429,"SAN LUIS OBISPO",UNINCORPORATED,-121.23937103999999,35.65375899
6754957,2014,2015-01-30,4006,2014-12-10,0823,16380,,3,5,4,4006,0,0,0,,0,,MARSH,CALIFORNIA,38.00,W,N,A,-,N,,,,,,,,,,N,4,0,1,2,A,-,08,22107,,F,B,G,A,A,H,-,A,D,0,,Y,,,Y,,A,01,0,0,1,0,0,0,1,0,0,"- ","- ",,,"SAN LUIS OBISPO","SAN LUIS OBISPO",-120.65339682,35.284712229999997
6754959,2014,2015-01-30,4006,2014-12-09,0954,69585,,2,5,4,4006,0,0,0,,0,,"SANTA ROSA",WALNUT,0.00,,Y,A,-,N,,,,,,,,,,N,4,0,1,2,A,-,10,21950,A,N,G,B,B,A,H,-,A,A,0,Y,,,,Y,,A,01,0,0,1,0,1,0,0,0,0,"- ","- ",,,"SAN LUIS OBISPO","SAN LUIS OBISPO",-120.66285993,35.285910100000002
6754964,2014,2015-02-05,4006,2014-12-05,1655,27940,,5,5,4,4006,0,0,0,,0,,MADONNA,"RT 101",0.00,,Y,A,-,Y,,,,,,,,,,N,4,0,1,2,A,-,08,22100,5,N,D,G,A,B,H,-,C,A,0,,Y,,,Y,,L,04,0,0,1,0,0,0,1,0,0,"- ",SF,,,"SAN LUIS OBISPO","SAN LUIS OBISPO",,
6755461,2014,2015-02-17,9740,2014-12-20,1805,014691,,6,2,9,4000,0,3,5,,2,018,"WEST CENTRE ST","RT 46",40.00,S,N,B,-,Y,,,,,,,,,,N,4,0,1,2,A,-,01,23152,A,N,B,C,A,A,H,-,D,A,0,,,,,Y,Y,D,22,0,0,1,0,0,0,0,0,0,"- ","- ",35.661349999999999,-120.41422,"SAN LUIS OBISPO",UNINCORPORATED,-120.41412575,35.661280759999997
6756036,2014,2015-01-08,4008,2014-12-01,1005,2002,,1,5,4,4008,0,0,0,,0,,"ARDILLA RD","PORTOLA RD",145.00,E,N,B,-,N,,,,,,,,,,Y,4,0,2,1,A,-,03,22350,,N,E,I,A,B,H,-,A,D,0,,,,,Y,,-,"- ",0,0,2,0,0,0,0,0,0,"- ","- ",,,"SAN LUIS OBISPO",ATASCADERO,-120.68736747,35.490567489999997
6758409,2014,2015-02-04,9745,2014-12-22,1834,13937,,1,2,9,4000,0,1,2,,2,404,"RT 101","AVILA BEACH DR",1056.00,S,N,A,-,Y,,,101,,,,,,,Y,4,0,2,4,A,-,03,22350,,N,C,C,A,A,H,-,D,D,0,,,,,Y,,A,01,0,0,2,0,0,0,0,0,0,"- ","- ",35.176670000000001,-120.69776,"SAN LUIS OBISPO",UNINCORPORATED,-120.69787273999999,35.176637659999997
6759308,2014,2015-01-26,4001,2014-11-21,2500,P090,6,5,5,3,4001,0,0,0,,0,CITY,"BRANCH MILL RD","NEWSOM SPRINGS RD",1489.00,W,N,A,-,N,,,,,,,,,,N,3,0,3,1,A,-,08,22107,,N,F,I,A,A,H,-,D,D,0,,,,,Y,,A,01,0,2,1,0,0,0,0,0,0,"- ","- ",,,"SAN LUIS OBISPO","ARROYO GRANDE",-120.5613615,35.119999040000003
6763320,2014,2016-06-18,9745,2014-12-18,1947,16002,,4,2,9,4000,0,1,3,,1,041,"RT 1","BEACH ST",65.00,N,N,A,-,Y,SLO,5,1,-,-,12.180,H,-,N,N,3,0,3,2,A,-,11,21954,A,N,G,B,D,A,H,-,C,D,0,Y,,,,Y,,N,60,0,1,2,0,1,0,0,0,0,"- ","- ",35.099409999999999,-120.61323,"SAN LUIS OBISPO",UNINCORPORATED,-120.6130927,35.099271119999997
6763323,2014,2015-02-03,9745,2014-12-15,2209,17151,,1,3,9,4000,0,1,2,,1,101,"RT 101","RESERVOIR CANYON RD",1584.00,N,N,C,-,Y,,,101,,,,,,,Y,3,0,2,1,C,-,18,,,N,E,J,A,B,H,-,D,D,0,,,,,Y,,-,"- ",0,1,1,0,0,0,0,0,0,"- ","- ",35.30068,-120.62588,"SAN LUIS OBISPO",UNINCORPORATED,-120.62582071999999,35.300670490000002
6763449,2014,2015-01-30,9740,2014-12-18,1745,017426,,4,2,3,4004,0,1,2,,2,003,"RT 101","SPRING ST",1000.00,S,N,A,-,Y,,,101,,,,,,,Y,4,0,2,4,A,-,03,22350,,N,C,C,A,A,H,-,C,D,0,,,,,Y,,D,22,0,0,2,0,0,0,0,0,0,"- ","- ",35.607059999999997,-120.69202,"SAN LUIS OBISPO","PASO ROBLES",-120.69210734000001,35.607077019999998
6764112,2014,2016-06-18,9740,2014-12-07,2038,011615,,7,2,9,4000,0,1,3,,1,014,"RT 1","WINDSOR BL",0.00,,Y,B,-,Y,SLO,5,1,-,-,50.670,I,5,S,Y,4,0,1,2,A,-,09,21801,A,N,D,C,A,A,H,-,E,A,0,,,,,Y,,A,01,0,0,1,0,0,0,0,0,0,"- ","- ",35.568840000000002,-121.10392,"SAN LUIS OBISPO",UNINCORPORATED,-121.10395905,35.568905409999999
6765405,2014,2015-02-02,4006,2014-12-02,1314,16380,,2,5,4,4006,0,0,0,,0,,CALIFORNIA,TAFT,56.00,N,N,C,-,N,,,,,,,,,,N,4,0,1,2,A,-,09,21804,A,N,D,C,A,B,H,-,A,D,0,,,,,Y,,A,07,0,0,1,0,0,0,0,0,0,"- ","- ",,,"SAN LUIS OBISPO","SAN LUIS OBISPO",-120.66040787,35.291025849999997
6765409,2014,2015-02-02,4006,2014-12-04,2353,80908,,4,5,4,4006,0,0,0,,0,,FOOTHILL,PATRICIA,751.00,E,N,C,-,N,,,,,,,,,,Y,3,0,1,2,A,-,01,23152,E,N,C,E,A,B,H,-,C,D,0,,,Y,,Y,,C,03,0,1,0,0,0,0,0,0,1,"- ","- ",,,"SAN LUIS OBISPO","SAN LUIS OBISPO",-120.68102386,35.29414723
6765816,2014,2015-02-13,4006,2014-12-12,1415,68823,,5,5,4,4006,0,0,0,,0,,"MADONNA RD","RT 101",102.00,E,N,A,-,Y,,,,,,,,,,Y,4,0,3,6,A,-,08,22107,,N,B,C,A,-,H,-,A,A,0,,,,,Y,,A,01,0,0,3,0,0,0,0,0,0,"- ",SF,,,"SAN LUIS OBISPO","SAN LUIS OBISPO",,
6766280,2015,2016-09-08,9745,2015-01-16,1820,13212,,5,2,9,4000,0,1,3,,1,041,"RT 1","COOLIDGE DR",800.00,N,N,A,-,Y,SLO,5,1,-,-,13.360,H,-,N,Y,3,0,2,3,A,-,09,21801,A,N,D,C,A,A,H,-,D,D,0,,,,,Y,,A,01,0,1,1,0,0,0,0,0,0,"- ","- ",35.112119999999997,-120.62562,"SAN LUIS OBISPO",UNINCORPORATED,-120.62559734,35.112044470000001
6768126,2014,2015-01-29,9740,2014-11-22,0430,013952,,6,3,9,4000,0,1,3,,2,011,"RT 46W","OLD CREEK RD",1056.00,W,N,B,-,Y,,,,,,,,,,Y,3,0,1,1,A,-,08,22107,,N,F,I,A,A,H,-,D,D,0,,,,,Y,,A,01,0,1,0,0,0,0,0,0,0,"- ","- ",,,"SAN LUIS OBISPO",UNINCORPORATED,,
6768514,2014,2016-06-18,9745,2014-12-18,0322,17968,,4,3,9,4000,0,1,3,,1,041,"RT 1","FOWLER LN",50.00,N,N,C,-,Y,SLO,5,1,-,-,8.000,H,-,S,Y,3,0,1,2,A,-,01,23152,A,N,C,E,A,B,H,-,D,D,0,,,,,Y,Y,D,22,0,1,0,0,0,0,0,0,0,"- ","- ",35.069009999999999,-120.59341999999999,"SAN LUIS OBISPO",UNINCORPORATED,-120.59413275999999,35.067936269999997
6768515,2014,2015-02-09,9745,2014-12-20,0842,17017,,6,1,9,4000,0,1,2,,2,505,"RT 101","TEFFT ST",3168.00,N,N,A,-,Y,,,101,,,,,,,Y,3,0,1,1,A,-,08,22107,,N,E,I,A,A,H,-,A,D,0,,,,,Y,,D,22,0,1,0,0,0,0,0,0,0,"- ","- ",35.043939999999999,-120.49124,"SAN LUIS OBISPO",UNINCORPORATED,-120.49117465,35.043998549999998
6774750,2014,2016-06-18,9740,2014-12-26,0840,014460,,5,1,9,4000,0,1,3,,1,014,"RT 1","CAMBRIA PINES RD",1584.00,N,N,A,-,Y,SLO,5,1,-,-,51.690,H,-,N,N,2,0,1,2,A,-,08,22107,,N,B,G,A,A,H,-,A,D,0,,Y,,,Y,,A,07,1,0,0,0,0,0,1,0,0,"- ","- ",35.579520000000002,-121.11535000000001,"SAN LUIS OBISPO",UNINCORPORATED,-121.11544984,35.579587420000003