CASE_ID,ACCIDENT_YEAR,PROC_DATE,JURIS,COLLISION_DATE,COLLISION_TIME,OFFICER_ID,REPORTING_DISTRICT,DAY_OF_WEEK,CHP_SHIFT,POPULATION,CNTY_CITY_LOC,SPECIAL_COND,BEAT_TYPE,CHP_BEAT_TYPE,CITY_DIVISION_LAPD,CHP_BEAT_CLASS,BEAT_NUMBER,PRIMARY_RD,SECONDARY_RD,DISTANCE,DIRECTION,INTERSECTION,WEATHER_1,WEATHER_2,STATE_HWY_IND,CALTRANS_COUNTY,CALTRANS_DISTRICT,STATE_ROUTE,ROUTE_SUFFIX,POSTMILE_PREFIX,POSTMILE,LOCATION_TYPE,RAMP_INTERSECTION,SIDE_OF_HWY,TOW_AWAY,COLLISION_SEVERITY,NUMBER_KILLED,NUMBER_INJURED,PARTY_COUNT,PRIMARY_COLL_FACTOR,PCF_CODE_OF_VIOL,PCF_VIOL_CATEGORY,PCF_VIOLATION,PCF_VIOL_SUBSECTION,HIT_AND_RUN,TYPE_OF_COLLISION,MVIW,PED_ACTION,ROAD_SURFACE,ROAD_COND_1,ROAD_COND_2,LIGHTING,CONTROL_DEVICE,CHP_ROAD_TYPE,PEDESTRIAN_ACCIDENT,BICYCLE_ACCIDENT,MOTORCYCLE_ACCIDENT,TRUCK_ACCIDENT,NOT_PRIVATE_PROPERTY,ALCOHOL_INVOLVED,STWD_VEHTYPE_AT_FAULT,CHP_VEHTYPE_AT_FAULT,COUNT_SEVERE_INJ,COUNT_VISIBLE_INJ,COUNT_COMPLAINT_PAIN,COUNT_PED_KILLED,COUNT_PED_INJURED,COUNT_BICYCLIST_KILLED,COUNT_BICYCLIST_INJURED,COUNT_MC_KILLED,COUNT_MC_INJURED,PRIMARY_RAMP,SECONDARY_RAMP,LATITUDE,LONGITUDE,COUNTY,CITY,POINT_X,POINT_Y
6775001,2015,2016-10-19,9745,2015-01-06,2127,17151,,2,2,2,4005,0,1,2,,2,404,"RT 101","SPYGLASS DR",1056.00,N,N,A,-,Y,SLO,5,101,-,R,20.030,H,-,S,Y,4,0,1,1,A,-,08,22107,,N,E,I,A,A,H,-,D,D,1,,,,,Y,,A,01,0,0,1,0,0,0,0,0,0,"- ","- ",35.172750000000001,-120.67571,"SAN LUIS OBISPO","PISMO BEACH",-120.6896493,35.166379880000001
6775034,2015,2015-03-18,9745,2015-01-04,1247,17017,,7,1,9,4000,0,2,4,,1,046,"PRICE CANYON RD","THOUSAND HILLS RD",750.00,E,N,A,-,N,,,,,,,,,,Y,4,0,1,1,A,-,08,22107,,N,E,I,A,A,H,-,A,D,0,,,,,Y,,A,01,0,0,1,0,0,0,0,0,0,"- ","- ",35.165869999999998,-120.62967,"SAN LUIS OBISPO",UNINCORPORATED,-120.62975407,35.165882920000001
6775375,2014,2016-06-18,4005,2014-12-01,1403,P090,5,1,5,2,4005,0,0,0,,0,,"RT 1","GRAND AV",2709.00,N,N,A,-,Y,SLO,5,1,-,-,14.610,H,-,N,Y,4,0,1,2,A,-,03,22350,,N,C,C,A,A,H,-,A,D,0,,,,,Y,,A,01,0,0,1,0,0,0,0,0,0,"- ","- ",,,"SAN LUIS OBISPO","PISMO BEACH",-120.63192112999999,35.129283090000001
6775376,2014,2016-06-18,4005,2014-12-08,0915,P096,3,1,5,2,4005,0,0,0,,0,,DOLLIVER,"SAN LUIS",118.00,S,N,A,-,Y,SLO,5,1,-,-,15.820,H,-,S,N,2,0,1,1,D,-,00,,,N,F,I,A,A,A,D,A,D,0,,Y,,,Y,,-,"- ",1,0,0,0,0,0,1,0,0,"- ","- ",,,"SAN LUIS OBISPO","PISMO BEACH",-120.64394947,35.143369999999997
6777651,2014,2015-07-20,4001,2014-12-17,2159,P0106,3,3,5,3,4001,0,0,0,,0,CITY,"N OAK PARK BL","WEST BRANCH ST",0.00,,Y,C,-,Y,,,,,,,,,,Y,4,0,1,2,A,-,17,21451,A,N,D,C,A,B,H,-,C,A,0,,,,,Y,,A,01,0,0,1,0,0,0,0,0,0,"- ","- ",,,"SAN LUIS OBISPO","ARROYO GRANDE",-120.60652998,35.13059011
6781779,2015,2016-10-03,9745,2015-01-16,0730,012601,,5,1,9,4000,0,1,3,,1,011,"RT 41","TORO CREEK RD",370.00,S,N,A,-,Y,SLO,5,41,-,-,9.230,H,-,S,Y,4,0,1,1,A,-,08,22107,,N,E,I,A,A,H,-,A,D,0,,,,,Y,,A,01,0,0,1,0,0,0,0,0,0,"- ","- ",35.457529999999998,-120.75027,"SAN LUIS OBISPO",UNINCORPORATED,-120.75037890999999,35.457355229999997
6782497,2014,2015-02-13,9740,2014-12-30,0812,14460,,2,1,9,4000,0,2,4,,2,012,"NACIMIENTO LAKE DR","FRAZIER RD",468.00,S,N,A,-,N,,,,,,,,,,Y,3,0,1,1,A,-,03,22350,,N,E,I,A,C,H,-,A,D,0,,,,,Y,,D,22,0,1,0,0,0,0,0,0,0,"- ","- ",35.707920000000001,-120.82217,"SAN LUIS OBISPO",UNINCORPORATED,-120.8212181,35.707703670000001
6782512,2014,2015-02-13,4006,2014-12-23,1928,10140,4006,2,5,4,4006,0,0,0,,0,,FOOTHILL,CHORRO,0.00,,Y,A,-,N,,,,,,,,,,Y,4,0,1,2,A,-,09,21801,A,N,D,C,A,A,H,-,C,A,0,,,,,Y,,A,01,0,0,1,0,0,0,0,0,0,"- ","- ",,,"SAN LUIS OBISPO","SAN LUIS OBISPO",-120.67095992,35.294089999999997
6782516,2014,2015-02-13,4006,2014-12-31,1807,69585,,3,5,4,4006,0,0,0,,0,,LAUREL,SOUTHWOOD,0.00,,Y,A,-,N,,,,,,,,,,N,4,0,1,2,A,-,17,21208,A,N,D,G,A,A,H,-,C,A,0,,Y,,,Y,,L,04,0,0,1,0,0,0,1,0,0,"- ","- ",,,"SAN LUIS OBISPO","SAN LUIS OBISPO",-120.64068996,35.265280009999998
6782736,2015,2016-09-08,9745,2015-01-09,1013,013531,,5,1,9,4000,0,1,2,,2,505,"RT 101","LAETITIA WINERY RD",2100.00,N,N,A,-,Y,SLO,5,101,-,-,10.060,H,-,N,Y,4,0,1,1,A,-,08,22107,,N,E,I,A,A,H,-,A,D,0,,,,,Y,,A,01,0,0,1,0,0,0,0,0,0,"- ","- ",35.085929999999998,-120.53216,"SAN LUIS OBISPO",UNINCORPORATED,-120.54279038,35.093328919999998
6788885,2015,2016-10-19,9745,2015-02-03,0945,013531,,2,1,2,4005,0,1,2,,2,404,"RT 101","MATTIE RD",1584.00,S,N,A,-,Y,SLO,5,101,-,-,17.440,H,-,N,Y,4,0,2,3,A,-,03,22350,,N,C,C,A,A,D,-,A,D,1,,,,,Y,,A,01,0,0,2,0,0,0,0,0,0,"- ","- ",35.1492,-120.64894,"SAN LUIS OBISPO","PISMO BEACH",-120.64956994000001,35.149521010000001
6788979,2015,2016-04-13,9745,2015-01-26,2000,017541,,1,2,9,4000,0,3,5,,2,004,"DIVISION ST","RT 1",5280.00,E,N,C,-,N,,,,,,,,,,Y,2,0,1,1,A,-,08,22107,,N,E,I,A,B,H,-,D,D,0,,,,,Y,,A,01,1,0,0,0,0,0,0,0,0,"- ","- ",34.991480000000003,-120.55145,"SAN LUIS OBISPO",UNINCORPORATED,-120.55290835,34.991042579999998
6789654,2014,2015-02-09,4006,2014-12-31,1444,69585,,3,5,4,4006,0,0,0,,0,,"LOS OSOS VALLEY","FROOM RANCH",364.00,S,N,A,-,N,,,,,,,,,,N,4,0,1,2,A,-,09,21804,A,N,C,C,A,A,H,-,A,D,0,,,,,Y,,A,01,0,0,1,0,0,0,0,0,0,"- ","- ",,,"SAN LUIS OBISPO","SAN LUIS OBISPO",-120.68691354000001,35.251727109999997
6791668,2014,2015-02-09,4003,2014-12-24,1205,C4566,2,3,5,2,4003,0,0,0,,0,001,"QUINTANA RD","MORRO BAY BL",243.00,N,N,B,-,N,,,,,,,,,,N,4,0,1,2,A,-,03,22350,,N,C,C,A,A,H,-,A,A,0,,,,,Y,,A,01,0,0,1,0,0,0,0,0,0,"- ","- ",,,"SAN LUIS OBISPO","MORRO BAY",-120.84178716,35.367051549999999
6792530,2015,2015-02-23,9740,2015-01-17,1614,15854,,6,2,9,4000,0,3,5,,2,021,"VINEYARD DR","GRAPEVINE WY",32.00,W,N,A,-,N,,,,,,,,,,Y,4,0,2,2,A,-,03,22350,,N,C,C,A,A,H,-,A,D,0,,,,,Y,,A,01,0,0,2,0,0,0,0,0,0,"- ","- ",35.54327,-120.7264,"SAN LUIS OBISPO",UNINCORPORATED,-120.72607755,35.543309999999998
6795524,2014,2015-02-17,4008,2014-10-24,0932,4044,,5,5,4,4008,0,0,0,,0,,"CURBARIL AV","ATASCADERO AV",0.00,,Y,A,-,N,,,,,,,,,,N,4,0,1,2,A,-,11,21950,B,N,G,B,D,A,H,-,A,A,0,Y,,,,Y,Y,N,60,0,0,1,0,1,0,0,0,0,"- ","- ",,,"SAN LUIS OBISPO",ATASCADERO,-120.66530994999999,35.474340089999998
6796916,2015,2015-08-10,4004,2015-01-12,1640,1191,02,1,5,3,4004,0,0,0,,0,2-6,SPRING,NIBLICK,100.00,N,N,A,-,N,,,,,,,,,,N,4,0,1,2,A,-,03,22350,,N,C,C,A,A,H,-,A,A,0,,,,,Y,,A,07,0,0,1,0,0,0,0,0,0,"- ","- ",,,"SAN LUIS OBISPO","PASO ROBLES",-120.69046539,35.615524639999997
6796937,2015,2015-02-24,4002,2015-01-09,1826,063,101,5,5,3,4002,0,0,0,,0,001,"N 4TH ST","RAMONA AV",23.00,N,N,A,-,N,,,,,,,,,,Y,4,0,1,2,A,-,10,21950,A,N,G,B,B,A,H,-,C,A,0,Y,,,,Y,,A,01,0,0,1,0,1,0,0,0,0,"- ","- ",,,"SAN LUIS OBISPO","GROVER BEACH",-120.6263354,35.122943059999997
6797485,2014,2015-02-09,4002,2014-12-26,0757,555,113,5,5,3,4002,0,0,0,,0,001,"EL CAMINO REAL","RT 101",62.00,E,N,A,-,Y,,,,,,,,,,N,4,0,1,2,A,-,09,21800,A,N,D,G,A,A,H,-,A,A,0,,Y,,,Y,,A,01,0,0,1,0,0,0,1,0,0,"- ",SF,,,"SAN LUIS OBISPO","GROVER BEACH",-120.7043345,35.52641835
6803069,2015,2016-09-08,9745,2015-01-21,0745,012601,,3,1,9,4000,0,1,3,,2,023,"RT 1","HOLLISTER AV",500.00,N,N,A,-,Y,SLO,5,1,-,-,22.300,H,-,S,N,4,0,1,2,A,-,03,22350,,N,C,C,A,A,H,-,A,A,1,,,,,Y,,A,07,0,0,1,0,0,0,0,0,0,"- ","- ",35.331620000000001,-120.73692,"SAN LUIS OBISPO",UNINCORPORATED,-120.73664707,35.331469800000001
6806763,2015,2015-03-03,4006,2015-01-16,1657,80908,,5,5,4,4006,0,0,0,,0,,BROAD,INDUSTRIAL,2.00,S,N,A,-,N,,,,,,,,,,N,3,0,1,2,A,-,05,21650,,N,D,G,A,A,H,-,A,A,0,,Y,,,Y,,L,04,0,1,0,0,0,0,1,0,0,"- ","- ",,,"SAN LUIS OBISPO","SAN LUIS OBISPO",-120.64458716999999,35.251095020000001
6807542,2015,2015-03-03,4006,2015-01-20,1516,16380,,2,5,4,4006,0,0,0,,0,,CHORRO,MONTEREY,0.00,,Y,A,-,N,,,,,,,,,,N,4,0,1,2,A,-,10,21950,A,N,G,B,B,A,H,-,A,A,0,Y,,,,Y,,A,01,0,0,1,0,1,0,0,0,0,"- ","- ",,,"SAN LUIS OBISPO","SAN LUIS OBISPO",-120.66350993,35.280549999999998
6807803,2015,2016-10-03,9740,2015-01-20,1540,14460,,2,2,9,4000,0,1,3,,2,008,"RT 46","GENESEO RD",3168.00,W,N,A,-,Y,SLO,5,46,-,-,36.940,H,-,E,Y,3,0,3,2,A,-,08,22107,,N,A,C,A,A,H,-,A,D,0,,,,,Y,,A,01,0,1,2,0,0,0,0,0,0,"- ","- ",35.659550000000003,-120.57069,"SAN LUIS OBISPO",UNINCORPORATED,-120.56272651,35.659460899999999
6807838,2015,2016-10-03,9740,2015-02-01,0735,14662,,7,1,9,4000,0,1,3,,2,007,"RT 41","KINGSBURY RD",0.00,,Y,E,-,Y,SLO,5,41,-,-,22.590,I,5,N,Y,4,0,1,2,A,-,09,21801,A,N,A,C,A,A,H,-,A,A,0,,,,,Y,,D,22,0,0,1,0,0,0,0,0,0,"- ","- ",35.504199999999997,-120.6052,"SAN LUIS OBISPO",UNINCORPORATED,-120.60636387,35.50452902
6808014,2015,2016-10-03,9740,2015-01-25,1450,16089,,7,2,9,4000,0,1,3,,2,007,"RT 41","CRIPPLE CREEK RD",3168.00,S,N,A,-,Y,SLO,5,41,-,-,25.620,H,-,S,N,2,0,1,1,A,-,03,22350,,N,F,A,A,A,H,-,A,A,0,,,Y,,Y,,C,02,1,0,0,0,0,0,0,0,1,"- ","- ",35.526940000000003,-120.56328000000001,"SAN LUIS OBISPO",UNINCORPORATED,-120.56285638,35.527202250000002
6808021,2015,2015-02-25,4006,2015-01-21,2249,10140,4006,3,5,4,4006,0,0,0,,0,,ORCUTT,"LAUREL LN",230.00,W,N,A,-,N,,,,,,,,,,N,4,0,1,2,A,-,08,22107,,F,B,G,A,A,H,-,C,D,0,,Y,,,Y,,-,99,0,0,1,0,0,0,1,0,0,"- ","- ",,,"SAN LUIS OBISPO","SAN LUIS OBISPO",-120.64424365000001,35.261303640000001
6817509,2015,2015-03-06,9745,2015-02-06,2045,013212,,5,2,9,4000,0,2,4,,1,053,"POMEROY RD","CAMINO CABALLO",99.00,S,N,B,-,N,,,,,,,,,,Y,2,0,1,1,A,-,08,22107,,N,E,I,A,A,H,-,D,D,0,,,,,Y,,A,01,1,0,0,0,0,0,0,0,0,"- ","- ",35.034509999999997,-120.50075,"SAN LUIS OBISPO",UNINCORPORATED,-120.50070117999999,35.034593209999997
6819246,2015,2016-10-03,9740,2015-02-06,1800,15854,,5,2,9,4000,0,1,3,,2,007,"RT 41","POCO RD",0.00,,Y,B,-,Y,SLO,5,41,-,-,22.680,I,5,N,Y,4,0,1,2,A,-,04,21703,,N,C,C,A,A,H,-,D,D,0,,,,,Y,,D,22,0,0,1,0,0,0,0,0,0,"- ","- ",35.503700000000002,-120.60348999999999,"SAN LUIS OBISPO",UNINCORPORATED,-120.60487182,35.504123419999999
6819417,2015,2015-03-16,9740,2015-02-01,1000,15854,,7,1,9,4000,0,2,4,,2,012,"NACIMIENTO LAKE DR","CHIMNEY ROCK RD",4224.00,W,N,A,-,N,,,,,,,,,,Y,3,0,1,1,A,-,08,22107,,N,E,I,A,A,H,-,A,D,0,,,,,Y,,D,22,0,1,0,0,0,0,0,0,0,"- ","- ",35.698030000000003,-120.80719999999999,"SAN LUIS OBISPO",UNINCORPORATED,-120.8067697,35.69776976
6819555,2015,2016-10-19,9745,2015-02-06,2320,17144,,5,3,4,4006,0,1,2,,2,202,"RT 101","MARSH ST",150.00,,N,C,-,Y,SLO,5,101,-,-,28.050,R,2,S,Y,3,0,1,1,A,-,01,23152,A,N,E,I,A,B,H,-,C,D,1,,,,,Y,Y,D,22,0,1,0,0,0,0,0,0,0,TO,"- ",35.273710000000001,-120.67233,"SAN LUIS OBISPO","SAN LUIS OBISPO",-120.67167148999999,35.273861310000001
6819613,2015,2016-10-19,9745,2015-02-13,1645,12876,,5,2,9,4000,0,1,2,,2,202,"RT 101","MADONNA RD",1584.00,S,N,A,-,Y,SLO,5,101,-,-,27.200,H,-,S,Y,3,0,1,2,A,-,03,22350,,N,C,C,A,A,H,-,A,D,1,,,,,Y,,A,01,0,1,0,0,0,0,0,0,0,"- ","- ",35.26144,-120.67350999999999,"SAN LUIS OBISPO",UNINCORPORATED,-120.67361449000001,35.26165116
6819738,2015,2016-10-03,9740,2015-02-19,0410,017426,,4,3,9,4000,0,1,3,,2,010,"RT 41","RT 46",12672.00,N,N,E,-,Y,SLO,5,41,-,R,4.625,H,-,S,Y,4,0,1,2,A,-,08,22107,,M,B,C,A,A,H,-,D,D,0,,,,Y,Y,,G,25,0,0,1,0,0,0,0,0,0,"- ","- ",35.757100000000001,-120.26015,"SAN LUIS OBISPO",UNINCORPORATED,-120.79570003000001,35.417179140000002
6822104,2015,2015-02-26,4006,2015-01-19,1630,69585,,1,5,4,4006,0,0,0,,0,,JOHNSON,ELLA,0.00,,Y,A,-,N,,,,,,,,,,N,4,0,1,2,A,-,10,21950,A,N,G,B,B,A,H,-,B,A,0,Y,,,,Y,,A,01,0,0,1,0,1,0,0,0,0,"- ","- ",,,"SAN LUIS OBISPO","SAN LUIS OBISPO",-120.64908991999999,35.277390080000004
6826167,2015,2016-09-08,9745,2015-02-13,1815,17144,,5,2,4,4006,0,1,2,,2,202,"RT 101","CHORRO ST",10.00,N,N,A,-,Y,SLO,5,101,-,-,28.830,H,-,S,Y,3,0,1,2,A,-,03,22350,,N,C,C,A,A,H,-,C,D,1,,,Y,,Y,,C,02,0,1,0,0,0,0,0,0,1,"- ","- ",35.204439999999998,-120.66676,"SAN LUIS OBISPO","SAN LUIS OBISPO",-120.66655258999999,35.284550670000002
6826175,2015,2016-10-19,9745,2015-02-14,2130,20229,,6,2,9,4000,0,1,2,,2,505,"RT 101","SOUTHLAND ST",117.00,S,N,A,-,Y,SLO,5,101,-,-,3.661,H,-,S,Y,4,0,1,1,A,-,08,22107,,N,E,I,A,A,H,-,C,D,1,,,,,Y,,A,07,0,0,1,0,0,0,0,0,0,"- ","- ",35.023589999999999,-120.47051999999999,"SAN LUIS OBISPO",UNINCORPORATED,-120.47055869,35.023710399999999
6827867,2015,2016-10-19,9745,2015-02-21,1819,013937,,6,2,9,4000,0,1,2,,2,505,"RT 101","RT 166",5280.00,N,N,B,-,Y,SLO,5,101,-,-,1.820,H,-,S,N,4,0,1,2,A,-,01,23152,A,M,C,C,A,A,H,-,D,D,1,,,,,Y,Y,D,22,0,0,1,0,0,0,0,0,0,"- ","- ",35.009210000000003,-120.44994,"SAN LUIS OBISPO",UNINCORPORATED,-120.44572991,35.00697873
6828540,2015,2016-09-13,9750,2015-02-22,1505,015915,,7,2,9,4000,0,1,3,,2,061,"RT 166","ALAMO CREEK RD",18480.00,E,N,B,C,Y,SLO,5,166,-,-,21.240,H,-,W,Y,2,0,1,1,A,-,08,22107,,N,F,A,A,B,H,-,A,D,0,,,,,Y,,D,22,1,0,0,0,0,0,0,0,0,"- ","- ",35.025539999999999,-120.26432,"SAN LUIS OBISPO",UNINCORPORATED,-120.25312366999999,35.02905415
6828693,2015,2016-10-19,9740,2015-02-13,1710,016089,,5,2,9,4000,0,1,2,,2,004,"RT 101","WELLSONA RD",0.00,,Y,A,-,Y,SLO,5,101,-,-,61.880,I,5,N,Y,3,0,2,2,A,-,09,21802,A,N,B,C,A,A,H,-,A,A,5,,,,,Y,,D,22,0,2,0,0,0,0,0,0,0,"- ","- ",35.695900000000002,-120.69643000000001,"SAN LUIS OBISPO",UNINCORPORATED,-120.69654823,35.695820169999998
6829356,2015,2015-04-20,9740,2015-03-07,2240,13733,,6,3,9,4000,0,3,5,,2,022,"ADELAIDA RD","G 14",1056.00,W,N,A,-,N,,,,,,,,,,Y,4,0,1,1,A,-,01,23152,A,N,E,I,A,A,H,-,D,D,0,,,,,Y,Y,D,22,0,0,1,0,0,0,0,0,0,"- ","- ",35.649320000000003,-120.72471,"SAN LUIS OBISPO",UNINCORPORATED,-120.72414815,35.64933834
6835429,2015,2015-03-13,9740,2015-02-24,1705,14691,,2,2,9,4000,0,3,5,,2,018,"E CENTRE ST","SAN JUAN RD",528.00,W,N,A,-,N,,,,,,,,,,N,2,0,1,2,A,-,11,21954,A,N,G,B,D,A,H,-,A,D,0,Y,,,,Y,,N,60,1,0,0,0,1,0,0,0,0,"- ","- ",35.657240000000002,-120.36581,"SAN LUIS OBISPO",UNINCORPORATED,-120.3650102,35.657897740000003
6837640,2015,2015-03-27,4006,2015-02-04,1837,10140,4006,3,5,4,4006,0,0,0,,0,,BROAD,"MUTSUHITO AV",0.00,,Y,A,-,N,,,,,,,,,,N,4,0,1,2,A,-,09,21802,A,F,G,B,B,A,H,-,-,A,0,Y,,,,Y,,A,07,0,0,1,0,1,0,0,0,0,"- ","- ",,,"SAN LUIS OBISPO","SAN LUIS OBISPO",-120.65151998,35.263400050000001
6842006,2015,2015-06-03,9740,2015-03-02,1315,14662,,1,1,9,4000,0,3,5,,2,016,"PARK HILL RD","SEVEN OAKS",2112.00,S,N,A,-,N,,,,,,,,,,Y,4,0,1,1,A,-,01,23152,A,N,E,I,A,A,H,-,A,D,0,,,,,Y,Y,D,22,0,0,1,0,0,0,0,0,0,"- ","- ",35.3977,-120.515,"SAN LUIS OBISPO",UNINCORPORATED,-120.51499486,35.397685269999997
6844945,2015,2015-08-24,4002,2015-02-22,1429,093,110,7,5,3,4002,0,0,0,,0,001,"N 4TH ST","OCEANVIEW AV",34.00,N,N,B,-,N,,,,,,,,,,Y,3,0,2,3,A,-,07,21658,A,N,A,C,A,A,H,-,A,D,0,,,,,Y,Y,A,01,0,2,0,0,0,0,0,0,0,"- ","- ",,,"SAN LUIS OBISPO","GROVER BEACH",-120.62587906,35.129342960000002
6847138,2014,2016-06-18,4005,2014-12-30,1330,P100,3,2,5,2,4005,0,0,0,,0,,"RT 1","POMEROY AV",45.00,N,N,A,-,Y,SLO,5,1,-,-,15.590,H,-,S,N,4,0,1,2,A,-,08,22107,,N,H,G,A,A,H,-,A,D,0,,Y,,,Y,,A,01,0,0,1,0,0,0,1,0,0,"- ","- ",,,"SAN LUIS OBISPO","PISMO BEACH",-120.64148226,35.140703350000003
6847271,2015,2015-03-26,4004,2015-02-16,1806,0928,04,1,5,3,4004,0,0,0,,0,"4 5","S RIVER","OAK HILL",313.00,S,N,A,-,N,,,,,,,,,,Y,3,0,1,2,A,-,09,21804,A,N,A,C,A,A,H,-,C,D,0,,,,Y,Y,,F,26,0,1,0,0,0,0,0,0,0,"- ","- ",,,"SAN LUIS OBISPO","PASO ROBLES",-120.68013691,35.61298292
6848120,2015,2015-03-20,9745,2015-03-05,1730,013212,,4,2,9,4000,0,2,4,,1,052,"THOMPSON AV","SHEEHY RD",1056.00,S,N,A,-,N,,,,,,,,,,Y,4,0,1,2,A,-,03,22350,,N,C,C,A,A,H,-,A,D,0,,,,,Y,,A,01,0,0,1,0,0,0,0,0,0,"- ","- ",35.068109999999997,-120.50342999999999,"SAN LUIS OBISPO",UNINCORPORATED,-120.50436714999999,35.068844550000001
6848542,2015,2016-09-08,9745,2015-02-24,1253,014910,,2,1,9,4000,0,1,2,,2,303,"RT 101","LOS OSOS VALLEY RD",2640.00,S,N,A,-,Y,SLO,5,101,-,-,25.410,H,-,S,Y,3,0,1,1,A,-,08,22107,,N,F,A,A,A,H,-,A,D,1,,,Y,,Y,,C,02,0,1,0,0,0,0,0,0,1,"- ","- ",35.237099999999998,-120.68414,"SAN LUIS OBISPO",UNINCORPORATED,-120.68393248,35.237771189999997
6849684,2015,2016-09-08,4006,2015-02-27,0740,68823,,5,5,4,4006,0,0,0,,0,,"SANTA ROSA ST","HIGHLAND DR",12.00,S,N,A,-,Y,SLO,5,1,-,-,17.790,H,-,S,N,3,0,1,2,A,-,10,21950,A,N,G,B,B,A,H,-,A,A,0,Y,,,,Y,,A,01,0,1,0,0,1,0,0,0,0,"- ","- ",,,"SAN LUIS OBISPO","SAN LUIS OBISPO",-120.6737688,35.298264179999997
6849701,2015,2015-03-27,4004,2015-02-18,0640,0901,04,3,5,3,4004,0,0,0,,0,049,"LINNE RD","AIRPORT RD",300.00,N,N,E,-,N,,,,,,,,,,N,4,0,1,2,C,-,18,,,N,D,C,A,B,H,-,B,D,0,,,,,Y,,-,"- ",0,0,1,0,0,0,0,0,0,"- ","- ",,,"SAN LUIS OBISPO","PASO ROBLES",-120.64438354000001,35.612793920000001
6849709,2015,2015-03-27,4004,2015-02-25,1705,0901,03,3,5,3,4004,0,0,0,,0,312,"RED RIVER RD","RED RIVER RD 200 BLK",0.00,,Y,A,-,N,,,,,,,,,,Y,3,0,1,1,A,-,01,23152,A,N,E,I,A,A,H,-,A,D,0,,,,,Y,Y,A,01,0,1,0,0,0,0,0,0,0,"- ","- ",,,"SAN LUIS OBISPO","PASO ROBLES",,
6849724,2015,2015-03-25,4006,2015-02-13,1314,16380,,5,5,4,4006,0,0,0,,0,,"SAN LUIS DR",CALIFORNIA,16.00,S,N,A,-,N,,,,,,,,,,Y,4,0,1,2,A,-,21,22106,,N,A,C,A,A,H,-,A,A,0,,,,,Y,,A,08,0,0,1,0,0,0,0,0,0,"- ","- ",,,"SAN LUIS OBISPO","SAN LUIS OBISPO",-120.65263097,35.284559549999997
6849784,2015,2015-03-23,9740,2015-02-22,1200,013984,,7,1,9,4000,0,3,5,,2,019,"MISSION ST","SAN LUIS OBISPO RD",500.00,S,N,A,-,N,,,,,,,,,,N,3,0,4,2,C,-,18,,,N,A,C,A,A,H,-,A,D,0,,,,,Y,,-,"- ",0,2,2,0,0,0,0,0,0,"- ","- ",35.743989999999997,-120.69719000000001,"SAN LUIS OBISPO",UNINCORPORATED,-120.69735,35.745370000000001
6854160,2015,2017-04-20,9745,2015-01-31,2242,20229,,6,3,3,4001,0,3,5,,2,005,"EL CAMPO RD","FALCON CREST DR",87.00,N,N,A,-,N,,,,,,,,,,Y,1,1,0,1,A,-,08,22107,,N,E,I,A,A,H,-,D,D,0,,,,,Y,Y,A,07,0,0,0,0,0,0,0,0,0,"- ","- ",35.106929999999998,-120.5616,"SAN LUIS OBISPO","ARROYO GRANDE",-120.56163764,35.107077859999997
6859954,2015,2015-03-30,9745,2015-03-17,1145,12601,,2,1,9,4000,0,3,5,,2,003,"BUCKLEY RD","DAVENPORT CREEK RD",804.00,E,N,B,-,N,,,,,,,,,,N,4,0,1,2,A,-,03,22350,,N,C,C,A,A,H,-,A,D,0,,,,,Y,,A,07,0,0,1,0,0,0,0,0,0,"- ","- ",35.235860000000002,-120.64662,"SAN LUIS OBISPO",UNINCORPORATED,-120.64640826,35.23584804
6860121,2015,2015-04-17,9745,2015-03-13,2035,014996,,5,2,9,4000,0,2,4,,1,058,"ORCHARD AV","JOSHUA ST",148.00,N,N,A,-,N,,,,,,,,,,Y,3,0,1,1,A,-,01,23152,A,N,F,A,A,A,H,-,D,D,0,,,,,Y,Y,D,22,0,1,0,0,0,0,0,0,0,"- ","- ",35.003230000000002,-120.45838999999999,"SAN LUIS OBISPO",UNINCORPORATED,-120.45783287,35.003179940000003
6860430,2015,2016-10-03,9745,2015-03-09,0758,017146,,1,1,4,4006,0,1,3,,1,011,"RT 41","BEAR RIDGE RD",1056.00,N,N,A,-,Y,SLO,5,41,-,-,5.580,H,-,S,Y,4,0,1,2,A,-,05,21460,A,N,B,C,A,A,H,-,A,D,0,,,,,Y,,A,07,0,0,1,0,0,0,0,0,0,"- ","- ",35.427759999999999,-120.77627,"SAN LUIS OBISPO","SAN LUIS OBISPO",-120.77771563,35.427067299999997
6861304,2015,2015-04-15,4005,2015-02-11,1218,P099,3,3,5,2,4005,0,0,0,,0,,"DOLLIVER ST","SAN LUIS AV",8.00,S,N,A,-,N,,,,,,,,,,N,4,0,1,1,D,-,00,,,N,F,I,A,A,A,D,A,D,0,,Y,,,Y,,-,"- ",0,0,1,0,0,0,1,0,0,"- ","- ",,,"SAN LUIS OBISPO","PISMO BEACH",-120.64418435,35.143624979999998
6863222,2015,2015-09-02,4004,2015-03-08,1318,1187,04,7,5,3,4004,0,0,0,,0,041,"OAK HILL","SOUTH RIVER",10.00,E,N,A,-,N,,,,,,,,,,N,4,0,1,2,A,-,03,22350,,N,C,C,A,A,H,-,A,A,0,,,,,Y,,A,01,0,0,1,0,0,0,0,0,0,"- ","- ",,,"SAN LUIS OBISPO","PASO ROBLES",-120.68006661,35.613843340000003