CASE_ID,ACCIDENT_YEAR,PROC_DATE,JURIS,COLLISION_DATE,COLLISION_TIME,OFFICER_ID,REPORTING_DISTRICT,DAY_OF_WEEK,CHP_SHIFT,POPULATION,CNTY_CITY_LOC,SPECIAL_COND,BEAT_TYPE,CHP_BEAT_TYPE,CITY_DIVISION_LAPD,CHP_BEAT_CLASS,BEAT_NUMBER,PRIMARY_RD,SECONDARY_RD,DISTANCE,DIRECTION,INTERSECTION,WEATHER_1,WEATHER_2,STATE_HWY_IND,CALTRANS_COUNTY,CALTRANS_DISTRICT,STATE_ROUTE,ROUTE_SUFFIX,POSTMILE_PREFIX,POSTMILE,LOCATION_TYPE,RAMP_INTERSECTION,SIDE_OF_HWY,TOW_AWAY,COLLISION_SEVERITY,NUMBER_KILLED,NUMBER_INJURED,PARTY_COUNT,PRIMARY_COLL_FACTOR,PCF_CODE_OF_VIOL,PCF_VIOL_CATEGORY,PCF_VIOLATION,PCF_VIOL_SUBSECTION,HIT_AND_RUN,TYPE_OF_COLLISION,MVIW,PED_ACTION,ROAD_SURFACE,ROAD_COND_1,ROAD_COND_2,LIGHTING,CONTROL_DEVICE,CHP_ROAD_TYPE,PEDESTRIAN_ACCIDENT,BICYCLE_ACCIDENT,MOTORCYCLE_ACCIDENT,TRUCK_ACCIDENT,NOT_PRIVATE_PROPERTY,ALCOHOL_INVOLVED,STWD_VEHTYPE_AT_FAULT,CHP_VEHTYPE_AT_FAULT,COUNT_SEVERE_INJ,COUNT_VISIBLE_INJ,COUNT_COMPLAINT_PAIN,COUNT_PED_KILLED,COUNT_PED_INJURED,COUNT_BICYCLIST_KILLED,COUNT_BICYCLIST_INJURED,COUNT_MC_KILLED,COUNT_MC_INJURED,PRIMARY_RAMP,SECONDARY_RAMP,LATITUDE,LONGITUDE,COUNTY,CITY,POINT_X,POINT_Y
6863234,2015,2015-04-18,4004,2015-03-06,1729,0901,01,5,5,3,4004,0,0,0,,0,014,24TH,VINE,0.00,,Y,A,-,N,,,,,,,,,,N,4,0,1,3,A,-,12,21453,A,N,D,C,A,A,H,-,A,A,0,,,,,Y,,D,22,0,0,1,0,0,0,0,0,0,"- ","- ",,,"SAN LUIS OBISPO","PASO ROBLES",-120.6950599,35.639040029999997
6864623,2015,2015-04-07,9745,2015-03-15,1900,020229,,7,2,9,4000,0,3,5,,2,005,"HUASNA RD","BRANCH MILL RD",155.00,S,N,A,-,N,,,,,,,,,,Y,2,0,2,1,A,-,08,22107,,N,E,I,A,A,H,-,A,D,0,,,,,Y,,A,01,1,1,0,0,0,0,0,0,0,"- ","- ",35.134430000000002,-120.53998,"SAN LUIS OBISPO",UNINCORPORATED,-120.54082,35.134990000000002
6866788,2015,2017-04-25,9740,2015-03-02,1735,11615,,1,2,9,4000,0,1,3,,1,015,"RT 1","SAN CARPOFORO CREEK",8976.00,N,N,B,-,Y,SLO,5,1,-,-,73.040,H,-,S,Y,1,1,0,1,A,-,21,22106,,N,F,A,A,B,H,-,A,D,0,,,,,Y,,A,01,0,0,0,0,0,0,0,0,0,"- ","- ",35.784019999999998,-121.33215,"SAN LUIS OBISPO",UNINCORPORATED,-121.33193647,35.783807969999998
6868581,2015,2015-09-03,4004,2015-03-21,1242,1191,01,6,5,3,4004,0,0,0,,0,014,24TH,RIVERSIDE,15.00,W,N,A,-,N,,,,,,,,,,N,4,0,1,2,A,-,03,22350,,M,C,C,A,A,H,-,A,A,0,,,,,Y,,-,,0,0,1,0,0,0,0,0,0,"- ","- ",,,"SAN LUIS OBISPO","PASO ROBLES",-120.6881415,35.639766549999997
6870339,2015,2015-04-14,9740,2015-03-24,0825,11452,,2,1,9,4000,0,3,5,,2,017,"SANTA MARGARITA RD","ABIERTO RD",550.00,W,N,A,-,N,,,,,,,,,,N,4,0,1,1,A,-,08,22107,,N,E,I,A,A,H,-,A,D,0,,,,,Y,,A,07,0,0,1,0,0,0,0,0,0,"- ","- ",35.425649999999997,-120.61194,"SAN LUIS OBISPO",UNINCORPORATED,-120.61564319999999,35.424420679999997
6870416,2015,2016-02-16,4004,2015-03-29,1538,0928,04,7,5,3,4004,0,0,0,,0,047,CRESTON,"SANTA YNEZ",0.00,,Y,A,-,N,,,,,,,,,,Y,4,0,1,2,A,-,03,22350,,N,C,C,A,A,H,-,A,D,0,,,,,Y,,A,07,0,0,1,0,0,0,0,0,0,"- ","- ",,,"SAN LUIS OBISPO","PASO ROBLES",-120.65901992000001,35.610520100000002
6870480,2015,2015-04-14,4004,2015-03-26,1528,0901,04,4,5,3,4004,0,0,0,,0,048,"SCOTT ST","CRESTON RD",0.00,,Y,A,-,N,,,,,,,,,,N,3,0,1,2,A,-,05,21202,A,N,D,G,A,A,H,-,A,D,0,,Y,,,Y,,L,04,0,1,0,0,0,0,1,0,0,"- ","- ",,,"SAN LUIS OBISPO","PASO ROBLES",-120.65898995000001,35.60853006
6875649,2015,2015-04-13,4006,2015-03-12,2107,76984,,4,5,4,4006,0,0,0,,0,,"MONTEREY ST","GRAND AV",0.00,,Y,A,-,N,,,,,,,,,,Y,4,0,3,2,A,-,09,21801,A,N,B,C,A,A,H,-,C,A,0,,,,,Y,,A,07,0,0,3,0,0,0,0,0,0,"- ","- ",,,"SAN LUIS OBISPO","SAN LUIS OBISPO",-120.65169987,35.288580090000004
6875653,2015,2015-04-13,4006,2015-03-23,2034,27940,,1,5,4,4006,0,0,0,,0,,FOOTHILL,BROAD,0.00,,Y,A,-,N,,,,,,,,,,N,4,0,1,2,A,-,09,21804,A,N,D,C,A,A,H,-,C,A,0,,,,,Y,,A,01,0,0,1,0,0,0,0,0,0,"- ","- ",,,"SAN LUIS OBISPO","SAN LUIS OBISPO",-120.67169997000001,35.294100049999997
6875673,2015,2016-09-08,4006,2015-03-25,1539,16380,,3,5,4,4006,0,0,0,,0,,"RT 1",OAK,11.00,S,N,A,-,Y,SLO,5,1,-,-,16.980,H,-,S,N,4,0,1,2,A,-,07,21658,A,N,B,C,A,A,H,-,A,D,0,,,Y,,Y,,C,02,0,0,1,0,0,0,0,0,1,"- ","- ",,,"SAN LUIS OBISPO","SAN LUIS OBISPO",-120.66563604,35.288964440000001
6875728,2015,2016-09-08,4006,2015-03-16,1434,69585,,1,5,4,4006,0,0,0,,0,,"SANTA ROSA AV",OAK,256.00,N,N,A,-,Y,SLO,5,1,-,-,17.040,H,-,N,Y,4,0,1,3,A,-,03,22350,,N,C,C,A,A,H,-,A,A,0,,,Y,,Y,,A,01,0,0,1,0,0,0,0,0,1,"- ","- ",,,"SAN LUIS OBISPO","SAN LUIS OBISPO",-120.66623798000001,35.289826259999998
6875752,2015,2015-04-15,4006,2015-03-10,0239,10140,4006,2,5,4,4006,0,0,0,,0,,"ELKS LN",PRADO,50.00,N,N,E,-,N,,,,,,,,,,N,4,0,1,2,A,-,08,22107,,F,G,B,E,A,H,-,C,D,0,Y,,,,Y,Y,A,01,0,0,1,0,1,0,0,0,0,"- ","- ",,,"SAN LUIS OBISPO","SAN LUIS OBISPO",-120.67417931,35.256835019999997
6876009,2015,2015-04-25,9745,2015-03-29,0752,017968,,7,1,9,4000,0,3,5,,2,002,"9TH ST","FERRELL AV",50.00,S,N,A,-,N,,,,,,,,,,N,4,0,1,2,D,-,00,,,N,C,C,A,A,H,-,A,D,0,,,,,Y,,-,"- ",0,0,1,0,0,0,0,0,0,"- ","- ",35.311779999999999,-120.83311,"SAN LUIS OBISPO",UNINCORPORATED,-120.83318889,35.311769929999997
6883364,2015,2015-04-21,4003,2015-04-05,1913,P2413,5,7,5,2,4003,0,0,0,,0,001,"QUINTANA RD","BELLA VISTA DR",100.00,N,N,A,-,N,,,,,,,,,,N,3,0,1,2,A,-,09,21804,A,N,B,C,A,A,H,-,B,D,0,,,Y,,Y,Y,A,07,0,1,0,0,0,0,0,0,1,"- ","- ",,,"SAN LUIS OBISPO","MORRO BAY",-120.83535703,35.36589085
6883367,2015,2017-01-05,9745,2015-04-04,1758,015734,,6,2,9,4000,0,1,2,,1,101,"RT 101","STAGE COACH RD",900.00,S,N,A,-,Y,SLO,5,101,-,-,32.590,H,-,N,Y,4,0,1,1,A,-,08,22107,,N,E,I,A,A,H,-,A,D,5,,,,,Y,,A,01,0,0,1,0,0,0,0,0,0,"- ","- ",35.315460000000002,-120.62221,"SAN LUIS OBISPO",UNINCORPORATED,-120.62236901999999,35.315035039999998
6883921,2015,2015-04-21,9745,2015-04-02,1330,12876,,4,1,9,4000,0,3,5,,2,004,"LOPEZ DR","HIGH MOUNTAIN RD",1584.00,W,N,A,-,N,,,,,,,,,,Y,2,0,1,1,A,-,03,22350,,N,E,I,A,A,H,-,A,D,0,,,Y,,Y,,C,02,1,0,0,0,0,0,0,0,1,"- ","- ",35.185859999999998,-120.46096,"SAN LUIS OBISPO",UNINCORPORATED,-120.4614059,35.186194460000003
6885967,2015,2015-04-30,4002,2015-04-09,1451,464,208,4,5,3,4002,0,0,0,,0,001,"S 14TH ST","TROUVILLE AV",0.00,,Y,A,-,N,,,,,,,,,,N,4,0,1,2,A,-,03,22350,,N,C,C,A,A,H,-,A,A,0,,,,,Y,,A,01,0,0,1,0,0,0,0,0,0,"- ","- ",,,"SAN LUIS OBISPO","GROVER BEACH",-120.61444994999999,35.116100080000002
6889504,2015,2016-11-03,4004,2015-04-04,1427,0928,03,6,5,3,4004,0,0,0,,0,"3 4","RT 46","GOLDEN HILL",1056.00,E,N,A,-,Y,SLO,5,46,-,-,31.510,H,-,W,N,4,0,1,2,A,-,03,22350,,N,C,C,A,A,H,-,A,A,0,,,,,Y,,A,01,0,0,1,0,0,0,0,0,0,"- ","- ",,,"SAN LUIS OBISPO","PASO ROBLES",-120.65454631999999,35.644632479999999
6890462,2015,2017-01-04,9745,2015-04-07,0925,017968,,2,1,9,4000,0,1,2,,1,101,"RT 101","TASSAJARA CREEK RD",10.00,N,N,C,-,Y,SLO,5,101,-,-,36.800,H,-,S,Y,4,0,1,1,A,-,03,22350,,N,E,I,A,B,H,-,A,D,5,,,,,Y,,A,07,0,0,1,0,0,0,0,0,0,"- ","- ",35.37059,-120.64113999999999,"SAN LUIS OBISPO",UNINCORPORATED,-120.64136137,35.370623850000001
6890464,2015,2017-01-04,9745,2015-04-10,1700,014996,,5,2,9,4000,0,1,2,,2,303,"RT 101","SAN LUIS OBISPO CREEK",2112.00,S,N,A,-,Y,SLO,5,101,-,R,21.090,H,-,S,Y,2,0,4,4,A,-,03,22350,,N,C,C,A,A,H,-,A,D,1,,,,,Y,,A,07,1,0,3,0,0,0,0,0,0,"- ","- ",35.179969999999997,-120.69970000000001,"SAN LUIS OBISPO",UNINCORPORATED,-120.69924145,35.179395829999997
6890465,2015,2015-04-29,9745,2015-04-12,1820,015716,,7,2,9,4000,0,3,5,,2,002,"9TH ST","RAMONA AV",0.00,,Y,A,-,N,,,,,,,,,,N,4,0,1,2,A,-,09,21801,A,N,D,C,A,A,H,-,A,D,0,,Y,,,Y,,L,04,0,0,1,0,0,0,1,0,0,"- ","- ",35.320680000000003,-120.83326,"SAN LUIS OBISPO",UNINCORPORATED,-120.83325988,35.320660050000001
6891006,2015,2017-01-05,9740,2015-04-15,1402,015644,,3,2,9,4000,0,1,2,,2,004,"RT 101","WELLSONA RD",0.00,,Y,A,-,Y,SLO,5,101,-,-,61.880,I,5,S,Y,3,0,2,2,A,-,09,21802,A,N,D,C,A,A,H,-,A,A,5,,,,,Y,,A,01,0,1,1,0,0,0,0,0,0,"- ","- ",35.695869999999999,-120.69696,"SAN LUIS OBISPO",UNINCORPORATED,-120.69679653999999,35.69584107
6893573,2015,2016-11-04,9745,2015-04-18,0825,017968,,6,1,9,4000,0,1,3,,2,023,"RT 1","SAN LUISITO CREEK RD",0.00,,Y,A,-,Y,SLO,5,1,-,-,25.580,I,6,N,Y,4,0,2,2,A,-,03,22350,,N,D,C,A,A,H,-,A,D,1,,,,,Y,,A,01,0,0,2,0,0,0,0,0,0,"- ","- ",35.354700000000001,-120.78425,"SAN LUIS OBISPO",UNINCORPORATED,-120.78454051,35.354694850000001
6894577,2015,2016-10-26,4008,2015-04-07,2036,4050,,2,5,4,4008,0,0,0,,0,,"MORRO RD","CURBARIL AV",177.00,W,N,A,-,Y,SLO,5,41,-,-,15.110,H,-,S,N,3,0,1,2,A,-,09,21801,A,N,F,-,A,A,H,-,C,D,0,,,Y,,Y,Y,A,01,0,1,0,0,0,0,0,0,1,"- ","- ",,,"SAN LUIS OBISPO",ATASCADERO,-120.66835509000001,35.47408557
6894656,2015,2015-05-01,4002,2015-04-10,1914,100,209,5,5,3,4002,0,0,0,,0,002,"S 16TH ST","FARROLL AV",0.00,,Y,A,-,N,,,,,,,,,,Y,3,0,1,2,A,-,09,21802,A,N,D,C,A,A,H,-,A,A,0,,,,,Y,,A,01,0,1,0,0,0,0,0,0,0,"- ","- ",,,"SAN LUIS OBISPO","GROVER BEACH",-120.61243997,35.110750019999998
6895776,2015,2017-01-05,9740,2015-04-07,0835,011452,,2,1,9,4000,0,1,2,,2,001,"RT 101","RT 58",4224.00,N,N,C,-,Y,SLO,5,101,-,-,38.790,H,-,N,Y,3,0,1,2,A,-,08,22107,,N,E,I,A,B,H,-,A,D,1,,,,,Y,,A,07,0,1,0,0,0,0,0,0,0,"- ","- ",,,"SAN LUIS OBISPO",UNINCORPORATED,-120.62295098,35.395277950000001
6900948,2015,2017-01-05,9745,2015-04-17,0750,012601,,5,1,9,4000,0,1,2,,1,101,"RT 101","TV TOWER RD",1056.00,N,N,A,-,Y,SLO,5,101,-,-,35.220,H,-,S,Y,4,0,2,3,A,-,03,22350,,N,C,C,A,A,H,-,A,D,5,,,,,Y,,D,22,0,0,2,0,0,0,0,0,0,"- ","- ",35.348529999999997,-120.63083,"SAN LUIS OBISPO",UNINCORPORATED,-120.63186837000001,35.349706169999997
6906210,2015,2016-09-08,9745,2015-03-20,0830,013531,,5,1,9,4000,0,1,2,,2,505,"RT 101","LAETITIA WINERY RD",5280.00,N,N,A,-,Y,SLO,5,101,-,-,10.660,H,-,N,Y,4,0,2,2,A,-,07,21658,A,F,E,I,A,A,H,-,A,D,0,,,,,Y,,A,07,0,0,2,0,0,0,0,0,0,"- ","- ",35.101559999999999,-120.54798,"SAN LUIS OBISPO",UNINCORPORATED,-120.5480182,35.101236620000002
6907246,2015,2017-01-05,9750,2015-04-19,1935,016874,,7,2,9,4000,0,1,3,,1,067,"RT 33","RT 166",911.00,S,N,A,-,Y,SLO,5,33,-,-,2.630,H,-,S,Y,4,0,1,1,A,-,08,22107,,N,E,I,A,A,H,-,D,D,0,,,,,Y,,A,01,0,0,1,0,0,0,0,0,0,"- ","- ",34.93347,-119.51281,"SAN LUIS OBISPO",UNINCORPORATED,-119.51076938999999,34.936396690000002
6907616,2015,2015-05-09,9740,2015-04-17,0955,14662,,5,1,9,4000,0,2,4,,2,012,"NACIMIENTO LAKE DR","CHIMNEY ROCK RD",1584.00,W,N,A,-,N,,,,,,,,,,Y,4,0,1,1,A,-,03,22350,,N,E,I,A,A,H,-,A,D,0,,,,,Y,,A,01,0,0,1,0,0,0,0,0,0,"- ","- ",35.698999999999998,-120.00839999999999,"SAN LUIS OBISPO",UNINCORPORATED,-120.80083057,35.692558589999997
6907690,2015,2015-05-15,4006,2015-04-17,1430,16380,,5,5,4,4006,0,0,0,,0,,"LOS OSOS VALLEY",MADONNA,79.00,W,N,A,-,N,,,,,,,,,,N,4,0,1,3,A,-,03,22350,,N,C,C,A,A,H,-,A,D,0,,,,,Y,,A,01,0,0,1,0,0,0,0,0,0,"- ","- ",,,"SAN LUIS OBISPO","SAN LUIS OBISPO",-120.69091829,35.256809709999999
6907694,2015,2016-09-29,4006,2015-04-17,0837,16380,,5,5,4,4006,0,0,0,,0,,"RT 1",OAK,94.00,W,N,A,-,Y,SLO,5,1,-,-,16.970,H,-,N,Y,4,0,1,3,A,-,03,22350,,N,C,C,A,A,H,-,A,D,0,,,,,Y,,A,01,0,0,1,0,0,0,0,0,0,"- ","- ",,,"SAN LUIS OBISPO","SAN LUIS OBISPO",-120.66547693,35.288929850000002
6907741,2015,2015-08-19,4006,2015-04-13,1601,69585,,1,5,4,4006,0,0,0,,0,,JOHNSON,ELLA,307.00,S,N,A,-,N,,,,,,,,,,N,4,0,1,1,A,-,08,22107,,N,E,I,A,A,H,-,A,A,0,,,,,Y,,D,22,0,0,1,0,0,0,0,0,0,"- ","- ",,,"SAN LUIS OBISPO","SAN LUIS OBISPO",-120.64848361,35.276708929999998
6907754,2015,2017-01-05,9745,2015-04-20,2014,15734,,1,2,9,4000,0,1,3,,2,023,"RT 101","BRIDLE RIDGE TRL",1056.00,S,N,A,-,Y,SLO,5,1,-,-,19.250,H,-,S,Y,3,0,1,1,A,-,01,23152,A,N,B,I,A,A,H,-,D,D,1,,,,,Y,Y,D,22,0,1,0,0,0,0,0,0,0,"- ","- ",35.313380000000002,-120.68859999999999,"SAN LUIS OBISPO",UNINCORPORATED,-120.68971753,35.314132839999999
6908258,2015,2016-09-29,9745,2015-04-18,2210,017238,,6,3,9,4000,0,1,3,,2,023,"RT 1","EDUCATION DR",370.00,N,N,A,-,Y,SLO,5,1,-,-,22.900,H,-,N,Y,2,0,3,1,A,-,08,22107,,N,E,I,A,A,H,-,D,D,1,,,,,Y,,A,07,3,0,0,0,0,0,0,0,0,"- ","- ",35.335599999999999,-120.74411000000001,"SAN LUIS OBISPO",UNINCORPORATED,-120.74689646,35.333370469999998
6908310,2015,2015-05-11,4006,2015-04-12,1412,88911,,7,5,4,4006,0,0,0,,0,,"LOS OSOS VALLEY RD",ROYAL,0.00,,Y,A,-,N,,,,,,,,,,N,4,0,1,2,A,-,09,21801,A,N,D,C,A,A,H,-,A,A,0,,,,,Y,,A,01,0,0,1,0,0,0,0,0,0,"- ","- ",,,"SAN LUIS OBISPO","SAN LUIS OBISPO",-120.69255986,35.258609999999997
6910227,2015,2015-05-20,4005,2015-04-12,1825,P097,3,7,5,2,4005,0,0,0,,0,03B,"PIER PROMENADE",CYPRESS,450.00,W,N,A,-,N,,,,,,,,,,N,4,0,1,2,B,-,22,,,M,G,B,F,A,H,-,A,D,0,Y,Y,,,Y,,L,04,0,0,1,0,1,0,0,0,0,"- ","- ",,,"SAN LUIS OBISPO","PISMO BEACH",,
6913207,2015,2017-01-04,9745,2015-04-28,1225,017791,,2,1,2,4005,0,1,2,,2,404,"RT 101","4TH ST",1000.00,N,N,A,-,Y,SLO,5,101,-,-,15.770,H,-,N,Y,4,0,1,1,A,-,08,22107,,N,E,J,A,A,H,-,A,D,1,,,,,Y,,A,01,0,0,1,0,0,0,0,0,0,"- ","- ",35.137149999999998,-120.62514,"SAN LUIS OBISPO","PISMO BEACH",-120.62510497,35.13714229
6913814,2015,2015-05-29,4006,2015-04-30,1550,69585,,4,5,4,4006,0,0,0,,0,,"LOS OSOS VALLEY RD",LAGUNA,0.00,,Y,A,-,N,,,,,,,,,,Y,4,0,1,2,A,-,09,21801,A,N,D,C,A,A,H,-,A,A,0,,,Y,,Y,,A,01,0,0,1,0,0,0,0,0,1,"- ","- ",,,"SAN LUIS OBISPO","SAN LUIS OBISPO",-120.69654989,35.261980039999997
6913818,2015,2015-06-03,4006,2015-04-22,2044,27940,,3,5,4,4006,0,0,0,,0,,"GRAND AV","HOPE ST",0.00,,Y,A,-,N,,,,,,,,,,N,3,0,1,2,A,-,09,21802,A,N,D,C,A,A,H,-,C,A,0,,,Y,,Y,,A,07,0,1,0,0,0,0,0,0,1,"- ","- ",,,"SAN LUIS OBISPO","SAN LUIS OBISPO",-120.65327990999999,35.293310089999999
6915336,2015,2015-06-16,9740,2015-04-29,1202,013984,,3,1,9,4000,0,2,4,,2,012,"NACIMIENTO LAKE DR","DRAGONS BREATH RD",50.00,W,N,A,-,N,,,,,,,,,,Y,4,0,1,1,A,-,03,22350,,N,F,A,A,A,H,-,A,D,0,,,Y,,Y,,C,02,0,0,1,0,0,0,0,0,1,"- ","- ",35.761490000000002,-120.88471,"SAN LUIS OBISPO",UNINCORPORATED,-120.88486829,35.761236910000001
6915348,2015,2016-11-03,9740,2015-04-28,1745,014622,,2,2,9,4000,0,1,3,,2,005,"RT 58","POZO RD",5280.00,W,N,A,-,Y,SLO,5,58,-,R,33.500,H,-,E,Y,2,0,1,1,A,-,08,22107,,N,F,A,A,A,H,-,A,D,0,,,Y,,Y,,C,02,1,0,0,0,0,0,0,0,1,"- ","- ",35.39499,-120.18146,"SAN LUIS OBISPO",UNINCORPORATED,-120.18237806,35.39612863
6916335,2015,2016-11-03,9740,2015-04-30,0815,13733,,4,1,9,4000,0,1,3,,2,011,"RT 46","OLD CREEK RD",23760.00,W,N,B,-,Y,SLO,5,46,-,R,6.930,H,-,E,Y,4,0,1,1,A,-,03,22350,,N,E,I,A,A,H,-,A,D,0,,,,,Y,,A,01,0,0,1,0,0,0,0,0,0,"- ","- ",35.548310000000001,-120.93532999999999,"SAN LUIS OBISPO",UNINCORPORATED,-120.93475788000001,35.548486070000003
6922327,2015,2017-01-05,9745,2015-05-04,1329,015734,,1,1,4,4006,0,1,2,,2,202,"RT 101","LOS OSOS VALLEY RD",600.00,N,N,A,-,Y,SLO,5,101,-,-,26.020,H,-,S,N,4,0,1,2,A,-,17,23114,A,N,H,C,A,A,H,-,A,D,1,,,,,Y,,B,01,0,0,1,0,0,0,0,0,0,"- ","- ",35.252400000000002,-120.67762999999999,"SAN LUIS OBISPO","SAN LUIS OBISPO",-120.68139893999999,35.246187429999999
6922496,2015,2017-01-05,9745,2015-04-28,1250,17791,,2,1,2,4005,0,1,2,,2,404,"RT 101","4TH ST",800.00,N,N,A,-,Y,SLO,5,101,-,-,15.730,H,-,N,Y,4,0,1,4,A,-,03,22350,,N,C,C,A,A,H,-,A,D,1,,,,Y,Y,,A,08,0,0,1,0,0,0,0,0,0,"- ","- ",35.13702,-120.62447,"SAN LUIS OBISPO","PISMO BEACH",-120.62441219999999,35.137001720000001
6922534,2015,2015-06-09,4008,2015-05-06,1932,3114,,3,5,4,4008,0,0,0,,0,,"SAN JACINTO AV","EL CAMINO REAL",27.00,E,N,A,-,N,,,,,,,,,,Y,3,0,1,2,A,-,01,23152,A,N,A,C,A,A,H,-,A,A,0,,,,,Y,Y,D,22,0,1,0,0,0,0,0,0,0,"- ","- ",,,"SAN LUIS OBISPO",ATASCADERO,-120.67959704,35.495454049999999
6925414,2015,2015-06-18,9740,2015-05-13,0640,14460,,3,1,9,4000,0,3,5,,2,022,"ADELAIDA RD","HIDDEN MOUNTAIN RD",1584.00,W,N,A,-,N,,,,,,,,,,Y,2,0,1,2,A,-,05,21460,A,N,C,C,A,A,H,-,A,D,0,,,Y,,Y,,C,02,1,0,0,0,0,0,0,0,1,"- ","- ",35.649039999999999,-120.78839000000001,"SAN LUIS OBISPO",UNINCORPORATED,-120.78907653,35.649044459999999
6925992,2015,2016-09-29,9745,2015-05-02,2050,20689,,6,2,9,4000,0,1,3,,2,023,"RT 1","STENNER CREEK RD",1584.00,N,N,A,-,Y,SLO,5,1,-,-,18.880,H,-,N,Y,2,0,10,2,A,-,07,21658,A,N,B,C,A,A,H,-,D,D,1,,,,,Y,,A,07,2,2,6,0,0,0,0,0,0,"- ","- ",35.314590000000003,-120.68998000000001,"SAN LUIS OBISPO",UNINCORPORATED,-120.68456439000001,35.311052160000003
6927312,2015,2015-06-03,4008,2015-05-07,0552,3114,,4,5,4,4008,0,0,0,,0,,"TRAFFIC WY","ROSARIO AV",151.00,N,N,A,-,N,,,,,,,,,,N,4,0,1,1,C,-,18,,,N,-,H,A,A,H,-,B,D,0,,,Y,,Y,,-,"- ",0,0,1,0,0,0,0,0,1,"- ","- ",,,"SAN LUIS OBISPO",ATASCADERO,-120.66562229,35.503292809999998
6927316,2015,2015-06-09,4008,2015-05-08,1820,4055,,5,5,4,4008,0,0,0,,0,,"TRAFFIC WY","TUNITAS AV",461.00,E,N,A,-,N,,,,,,,,,,Y,4,0,1,2,A,-,03,22350,,N,C,C,A,A,H,-,A,D,0,,,,,Y,,A,01,0,0,1,0,0,0,0,0,0,"- ","- ",,,"SAN LUIS OBISPO",ATASCADERO,-120.66795999999999,35.493749999999999
6928764,2015,2015-06-09,9745,2015-05-15,1530,13206,9745,5,2,9,4000,0,3,5,,2,004,"N OAK PARK BL","OLD OAK PARK RD",20.00,W,N,A,-,N,,,,,,,,,,Y,4,0,1,2,A,-,05,21460,A,N,A,C,A,A,H,-,A,D,0,,,,,Y,,A,07,0,0,1,0,0,0,0,0,0,"- ","- ",35.14179,-120.60041,"SAN LUIS OBISPO",UNINCORPORATED,-120.60033245,35.141517550000003
6928767,2015,2015-06-09,9745,2015-05-18,0823,12483,,1,1,9,4000,0,2,4,,1,046,"PRICE CANYON RD","RT 227",792.00,W,N,A,-,N,,,,,,,,,,N,4,0,1,2,A,-,03,22350,,N,C,C,A,A,H,-,A,D,0,,,,,Y,,A,07,0,0,1,0,0,0,0,0,0,"- ","- ",35.198749999999997,-120.61026,"SAN LUIS OBISPO",UNINCORPORATED,-120.61031674,35.198861899999997
6928768,2015,2017-01-05,9745,2015-05-11,1328,20228,,1,1,9,4000,0,1,2,,2,303,"RT 101","LOS OSOS VALLEY RD",592.00,S,N,A,-,Y,SLO,5,101,-,-,25.800,H,-,S,N,2,0,1,1,A,-,01,23152,A,N,E,I,A,A,D,-,A,D,1,,,Y,,Y,Y,C,02,1,0,0,0,0,0,0,0,1,"- ","- ",35.242750000000001,-120.6833,"SAN LUIS OBISPO",UNINCORPORATED,-120.68309757999999,35.243348390000001
6930397,2015,2016-06-18,9745,2015-05-18,0755,12483,,1,1,9,4000,0,2,4,,1,046,"PRICE CANYON RD","RT 227",792.00,W,N,A,-,N,,,,,,,,,,N,4,0,2,3,A,-,03,22350,,N,C,C,A,A,H,-,A,A,0,,,,,Y,,D,22,0,0,2,0,0,0,0,0,0,"- ","- ",35.198749999999997,-120.61026,"SAN LUIS OBISPO",UNINCORPORATED,-120.61031674,35.198861899999997
6934777,2015,2015-07-13,9745,2015-06-20,1527,16514,,6,2,9,4000,0,3,5,,2,002,"NIPOMO ST","8TH ST",0.00,,Y,A,-,N,,,,,,,,,,N,3,0,1,2,A,-,11,21954,A,N,G,B,E,A,H,-,A,A,0,Y,,,,Y,,N,60,0,1,0,0,1,0,0,0,0,"- ","- ",35.316899999999997,-120.83421,"SAN LUIS OBISPO",UNINCORPORATED,-120.83439998999999,35.316940099999997
6934789,2015,2015-07-13,9745,2015-06-14,1920,17017,,7,2,9,4000,0,3,5,,2,004,"AVILA BEACH DR","MONTE RD",0.00,,Y,A,-,N,,,,,,,,,,Y,4,0,4,2,A,-,09,21802,A,N,D,C,A,A,H,-,A,A,0,,,,,Y,,A,01,0,0,4,0,0,0,0,0,0,"- ","- ",35.182519999999997,-120.70085,"SAN LUIS OBISPO",UNINCORPORATED,-120.7009699,35.182500070000003
6935387,2015,2015-07-22,4008,2015-06-17,1253,5035,,3,5,4,4008,0,0,0,,0,,"TRAFFIC WY","CHICO RD",0.00,,Y,A,-,N,,,,,,,,,,Y,4,0,1,2,A,-,09,21800,A,N,D,C,A,A,H,-,A,A,0,,,,,Y,,-,,0,0,1,0,0,0,0,0,0,"- ","- ",,,"SAN LUIS OBISPO",ATASCADERO,-120.67973997999999,35.514800039999997
6936367,2015,2015-10-27,4004,2015-05-13,1326,1208,04,3,5,3,4004,0,0,0,,0,4-8,COMMERCE,SHERWOOD,250.00,S,N,A,-,N,,,,,,,,,,Y,4,0,1,2,A,-,08,22107,,N,E,E,A,A,H,-,A,D,0,,,,,Y,,D,22,0,0,1,0,0,0,0,0,0,"- ","- ",,,"SAN LUIS OBISPO","PASO ROBLES",-120.65232856,35.615093360000003
6940947,2015,2017-01-04,9745,2015-06-22,0901,015716,,1,1,9,4000,0,1,2,,2,505,"RT 101","WILLOW RD",360.00,N,N,A,-,Y,SLO,5,101,-,-,6.480,H,-,N,Y,2,0,2,2,A,-,08,22107,,N,F,A,A,A,H,-,A,D,1,,,,,Y,,A,07,1,1,0,0,0,0,0,0,0,"- ","- ",35.056800000000003,-120.50241,"SAN LUIS OBISPO",UNINCORPORATED,-120.50160467000001,35.055970459999998