CASE_ID,ACCIDENT_YEAR,PROC_DATE,JURIS,COLLISION_DATE,COLLISION_TIME,OFFICER_ID,REPORTING_DISTRICT,DAY_OF_WEEK,CHP_SHIFT,POPULATION,CNTY_CITY_LOC,SPECIAL_COND,BEAT_TYPE,CHP_BEAT_TYPE,CITY_DIVISION_LAPD,CHP_BEAT_CLASS,BEAT_NUMBER,PRIMARY_RD,SECONDARY_RD,DISTANCE,DIRECTION,INTERSECTION,WEATHER_1,WEATHER_2,STATE_HWY_IND,CALTRANS_COUNTY,CALTRANS_DISTRICT,STATE_ROUTE,ROUTE_SUFFIX,POSTMILE_PREFIX,POSTMILE,LOCATION_TYPE,RAMP_INTERSECTION,SIDE_OF_HWY,TOW_AWAY,COLLISION_SEVERITY,NUMBER_KILLED,NUMBER_INJURED,PARTY_COUNT,PRIMARY_COLL_FACTOR,PCF_CODE_OF_VIOL,PCF_VIOL_CATEGORY,PCF_VIOLATION,PCF_VIOL_SUBSECTION,HIT_AND_RUN,TYPE_OF_COLLISION,MVIW,PED_ACTION,ROAD_SURFACE,ROAD_COND_1,ROAD_COND_2,LIGHTING,CONTROL_DEVICE,CHP_ROAD_TYPE,PEDESTRIAN_ACCIDENT,BICYCLE_ACCIDENT,MOTORCYCLE_ACCIDENT,TRUCK_ACCIDENT,NOT_PRIVATE_PROPERTY,ALCOHOL_INVOLVED,STWD_VEHTYPE_AT_FAULT,CHP_VEHTYPE_AT_FAULT,COUNT_SEVERE_INJ,COUNT_VISIBLE_INJ,COUNT_COMPLAINT_PAIN,COUNT_PED_KILLED,COUNT_PED_INJURED,COUNT_BICYCLIST_KILLED,COUNT_BICYCLIST_INJURED,COUNT_MC_KILLED,COUNT_MC_INJURED,PRIMARY_RAMP,SECONDARY_RAMP,LATITUDE,LONGITUDE,COUNTY,CITY,POINT_X,POINT_Y
6941204,2015,2015-07-08,4006,2015-05-07,0821,16380,,4,5,4,4006,0,0,0,,0,,"SANDER COCK",HUTTON,3.00,E,N,B,-,N,,,,,,,,,,N,4,0,1,2,A,-,10,21950,A,F,G,B,B,A,H,-,A,D,0,Y,,,,Y,,A,01,0,0,1,0,1,0,0,0,0,"- ","- ",,,"SAN LUIS OBISPO","SAN LUIS OBISPO",-120.66122995000001,35.27122
6943853,2015,2015-07-02,9740,2015-05-21,1540,15167,,4,2,9,4000,0,2,4,,2,012,"LAKE NACIMIENTO DR","FRAZIER RD",2112.00,W,N,A,-,N,,,,,,,,,,Y,3,0,1,1,A,-,08,22107,,N,E,I,A,A,H,-,A,D,0,,,,,Y,Y,A,01,0,1,0,0,0,0,0,0,0,"- ","- ",,,"SAN LUIS OBISPO",UNINCORPORATED,-120.82853615000001,35.711335839999997
6943890,2015,2016-09-29,9740,2015-05-21,1455,14622,,4,2,9,4000,0,1,3,,1,015,"RT 1","SAN CARPOFORO CREEK",2112.00,S,N,A,-,Y,SLO,5,1,-,-,70.900,H,-,N,Y,3,0,1,1,A,-,08,22107,,N,F,A,A,A,H,-,A,D,0,,,,,Y,,A,01,0,1,0,0,0,0,0,0,0,"- ","- ",35.759819999999998,-121.32142,"SAN LUIS OBISPO",UNINCORPORATED,-121.32156129000001,35.760337710000002
6944814,2015,2015-06-11,4001,2015-04-02,1823,P0121,461,4,5,3,4001,0,0,0,,0,OPERAT,"EAST GRAND AV","N HALCYON RD",0.00,,Y,A,-,N,,,,,,,,,,N,3,0,1,2,A,-,05,21202,A,N,D,G,A,A,H,-,A,A,0,,Y,,,Y,,L,04,0,1,0,0,0,0,1,0,0,"- ","- ",,,"SAN LUIS OBISPO","ARROYO GRANDE",-120.59157999999999,35.118700019999999
6945964,2015,2017-01-04,9740,2015-06-06,1502,019259,,6,2,9,4000,0,1,2,,2,004,"RT 101","NYGREN RD",1320.00,N,N,A,-,Y,SLO,5,101,-,-,64.960,H,-,S,Y,3,0,1,2,A,-,07,21658,A,N,C,C,A,A,H,-,A,D,1,,,,,Y,,A,07,0,1,0,0,0,0,0,0,0,"- ","- ",35.737839999999998,-120.70074,"SAN LUIS OBISPO",UNINCORPORATED,-120.70039507,35.739020580000002
6948857,2015,2015-06-17,9745,2015-05-27,0922,13531,,3,1,9,4000,0,2,4,,1,055,"TEFFT ST","BERNITA PL",120.00,W,N,B,-,N,,,,,,,,,,N,4,0,1,2,A,-,03,22350,,N,C,C,A,A,H,-,A,D,0,,,,,Y,,A,07,0,0,1,0,0,0,0,0,0,"- ","- ",35.030050000000003,-120.49550000000001,"SAN LUIS OBISPO",UNINCORPORATED,-120.49587150000001,35.029666140000003
6948869,2015,2017-02-17,9745,2015-05-26,1238,15734,,2,1,9,4000,0,1,3,,1,011,"RT 41","TORO CREEK RD",1584.00,S,N,A,-,Y,SLO,5,41,-,-,7.700,H,-,S,Y,4,0,2,2,A,-,03,22350,,N,C,C,A,A,H,-,A,D,0,,,,,Y,,A,01,0,0,2,0,0,0,0,0,0,"- ","- ",35.433019999999999,-120.7518,"SAN LUIS OBISPO",UNINCORPORATED,-120.75238787000001,35.435998320000003
6951367,2015,2017-01-04,9745,2015-05-22,1330,012876,,5,1,9,4000,0,1,2,,2,202,"RT 101","OSOS ST",29.00,S,N,B,-,Y,SLO,5,101,-,-,28.920,H,-,N,Y,3,0,2,1,A,-,03,22350,,N,E,I,A,A,H,-,A,D,1,,,,,Y,,A,07,0,1,1,0,0,0,0,0,0,TO,"- ",35.285490000000003,-120.66457,"SAN LUIS OBISPO",UNINCORPORATED,-120.66531458999999,35.285243149999999
6951371,2015,2017-01-04,9745,2015-05-18,1250,020689,,1,1,2,4005,0,1,2,,2,404,"RT 101","4TH ST",400.00,S,N,A,-,Y,SLO,5,101,-,-,15.500,H,-,N,N,4,0,1,2,A,-,07,21658,A,N,B,C,A,A,H,-,A,D,1,,,,,Y,,A,01,0,0,1,0,0,0,0,0,0,"- ","- ",35.132869999999997,-120.61441000000001,"SAN LUIS OBISPO","PISMO BEACH",-120.62062624000001,35.13574303
6953161,2015,2015-06-17,4006,2015-05-05,2102,64920,,2,5,4,4006,0,0,0,,0,,"SANTA ROSA",OLIVE,19.00,S,N,A,-,N,,,,,,,,,,Y,3,0,1,1,A,-,01,23152,A,N,E,I,A,A,H,-,C,A,0,,,,,Y,Y,A,01,0,1,0,0,0,0,0,0,0,"- ","- ",,,"SAN LUIS OBISPO","SAN LUIS OBISPO",-120.66421776999999,35.287466969999997
6955714,2015,2016-09-29,9745,2015-05-31,0820,017238,,7,1,2,4003,0,1,3,,2,023,"RT 1","MAIN ST",528.00,N,N,B,-,Y,SLO,5,1,-,-,15.740,H,-,N,N,4,0,1,1,B,-,22,,,N,E,I,A,A,H,-,A,D,0,,,,,Y,,A,07,0,0,1,0,0,0,0,0,0,"- ","- ",35.374380000000002,-120.05253999999999,"SAN LUIS OBISPO","MORRO BAY",-120.64293843,35.142564790000002
6955877,2015,2015-07-06,9745,2015-06-01,1525,017930,,1,2,9,4000,0,2,4,,1,055,"TEFFT ST","HAZEL LN",15.00,E,N,A,-,N,,,,,,,,,,N,3,0,1,2,A,-,10,21950,A,N,G,B,B,A,H,-,A,A,0,Y,,,,Y,,A,01,0,1,0,0,1,0,0,0,0,"- ","- ",,,"SAN LUIS OBISPO",UNINCORPORATED,-120.49886972,35.023947669999998
6957195,2015,2015-10-21,4004,2015-05-29,1827,1062,04,5,5,3,4004,0,0,0,,0,041,CRESTON,FERRO,35.00,E,N,A,-,N,,,,,,,,,,N,4,0,1,2,A,-,03,22350,,N,C,C,A,A,H,-,A,D,0,,,,,Y,,A,07,0,0,1,0,0,0,0,0,0,"- ","- ",,,"SAN LUIS OBISPO","PASO ROBLES",-120.67853372,35.62889517
6958984,2015,2017-01-04,9745,2015-06-10,1730,017968,,3,2,9,4000,0,1,2,,1,101,"RT 101","TV TOWER RD",528.00,N,N,A,-,Y,SLO,5,101,-,-,35.120,H,-,S,N,4,0,1,2,A,-,07,21658,A,N,C,C,A,A,H,-,A,D,5,,,,,Y,,A,01,0,0,1,0,0,0,0,0,0,"- ","- ",35.352440000000001,-120.63463,"SAN LUIS OBISPO",UNINCORPORATED,-120.63078217,35.348630780000001
6964440,2015,2015-07-11,9745,2015-06-02,1430,017144,,2,2,9,4000,0,3,5,,2,003,"ONTARIO RD","SAN LUIS BAY DR",1200.00,N,N,A,-,N,,,,,,,,,,N,3,0,1,1,A,-,08,22107,,N,F,A,A,A,H,-,A,D,0,,Y,,,Y,,L,04,0,1,0,0,0,0,1,0,0,"- ","- ",35.19697,-120.69991,"SAN LUIS OBISPO",UNINCORPORATED,-120.69886849,35.199070859999999
6969111,2015,2015-07-14,9745,2015-06-15,0850,13212,,1,1,9,4000,0,2,4,,1,048,"AVILA BEACH DR","1ST ST",0.00,,Y,A,-,N,,,,,,,,,,Y,4,0,1,2,A,-,17,21451,A,N,D,C,A,A,H,-,A,B,0,,,,,Y,,A,01,0,0,1,0,0,0,0,0,0,"- ","- ",35.180320000000002,-120.73624,"SAN LUIS OBISPO",UNINCORPORATED,-120.736053,35.180486999999999
6969119,2015,2017-01-04,9745,2015-06-12,1525,017541,,5,2,9,4000,0,1,2,,2,404,"RT 101","SPYGLASS DR",1584.00,S,N,A,-,Y,SBT,5,101,-,R,19.510,H,-,N,Y,4,0,3,2,A,-,07,21658,A,N,C,C,A,A,H,-,A,D,1,,,,,Y,,D,22,0,0,3,0,0,0,0,0,0,"- ","- ",35.160620000000002,-120.67842,"SAN LUIS OBISPO",UNINCORPORATED,-120.68221217999999,35.162000380000002
6969629,2015,2015-07-13,4006,2015-06-15,1312,32625,,1,5,4,4006,0,0,0,,0,,"S HIGUERA",GRANADA,390.00,N,N,A,-,N,,,,,,,,,,N,4,0,1,2,A,-,08,22107,,N,D,B,A,A,H,-,A,A,0,,Y,,,Y,,A,01,0,0,1,0,0,0,1,0,0,"- ","- ",,,"SAN LUIS OBISPO","SAN LUIS OBISPO",-120.67052128,35.252094370000002
6970520,2015,2015-07-21,4004,2015-06-19,1531,1260,02,5,5,3,4004,0,0,0,,0,2-3,10TH,RIVERSIDE,0.00,,Y,A,-,N,,,,,,,,,,Y,4,0,1,2,A,-,08,22107,,N,D,C,A,-,H,-,A,D,0,,,,,Y,,A,01,0,0,1,0,0,0,0,0,0,"- ","- ",,,"SAN LUIS OBISPO","PASO ROBLES",-120.68677987,35.624820100000001
6971818,2015,2015-07-11,4006,2015-06-15,1935,68823,,1,5,4,4006,0,0,0,,0,,"S HIGUERA",ELKS,250.00,S,N,A,-,N,,,,,,,,,,Y,3,0,1,1,A,-,08,22107,,N,E,I,A,A,H,-,A,D,0,,,,,Y,,D,22,0,1,0,0,0,0,0,0,0,"- ","- ",,,"SAN LUIS OBISPO","SAN LUIS OBISPO",-120.67013142,35.263072469999997
6972834,2015,2017-01-04,9745,2015-06-12,1300,017968,,5,1,4,4006,0,1,2,,2,202,"RT 101","MARSH ST",500.00,N,N,A,-,Y,SLO,5,101,-,-,28.180,H,-,S,N,4,0,1,2,A,-,03,22350,,N,C,C,A,A,H,-,A,D,1,,,,,Y,,A,07,0,0,1,0,0,0,0,0,0,"- ","- ",35.27469,-120.67133,"SAN LUIS OBISPO","SAN LUIS OBISPO",-120.67104765000001,35.2757395
6972849,2015,2016-09-29,4006,2015-06-13,1416,27940,,6,5,4,4006,0,0,0,,0,,"RT 1",FOOTHILL,42.00,S,N,A,-,Y,SLO,5,1,-,-,17.420,H,-,S,N,4,0,1,2,A,-,08,22107,,N,D,G,A,A,H,-,A,A,0,,Y,,,Y,,A,01,0,0,1,0,0,0,1,0,0,"- ","- ",,,"SAN LUIS OBISPO","SAN LUIS OBISPO",-120.66870312,35.294961389999997
6973319,2015,2015-10-23,4001,2015-05-18,1204,P0106,461,1,5,3,4001,0,0,0,,0,OPERAT,"FAIR OAKS AV","CALIFORNIA ST",160.00,W,N,A,-,N,,,,,,,,,,N,4,0,2,2,A,-,09,21804,A,N,A,C,A,A,H,-,A,D,0,,,,,Y,,A,01,0,0,2,0,0,0,0,0,0,"- ","- ",35.117800000000003,-120.57944000000001,"SAN LUIS OBISPO","ARROYO GRANDE",-120.5800799,35.117792299999998
6974234,2015,2017-01-05,9745,2015-06-18,2102,20228,,4,2,9,4000,0,2,4,,1,055,"TEFFT ST","RT 101",0.00,,Y,A,-,Y,SLO,5,101,-,-,4.730,R,4,N,N,4,0,1,2,A,-,12,21453,A,N,D,C,A,A,H,-,C,A,1,,,,,Y,,A,01,0,0,1,0,0,0,0,0,0,"- ",TO,35.036990000000003,-120.48421999999999,"SAN LUIS OBISPO",UNINCORPORATED,-120.48312027999999,35.035601
6974237,2015,2016-11-03,9745,2015-06-19,1440,16068,,5,2,9,4000,0,1,3,,1,011,"RT 41","TORO CREEK RD",1584.00,N,N,A,-,Y,SLO,5,41,-,-,9.600,H,-,N,Y,4,0,1,1,A,-,08,22107,,N,E,I,A,A,H,-,A,D,0,,,,,Y,,A,01,0,0,1,0,0,0,0,0,0,"- ","- ",35.460819999999998,-120.74468,"SAN LUIS OBISPO",UNINCORPORATED,-120.74530287,35.460826419999997
6974349,2015,2016-09-29,9745,2015-06-23,1114,012601,,2,1,9,4000,0,1,3,,2,023,"RT 1","KANSAS AV",1584.00,N,N,A,-,Y,SLO,5,1,-,-,21.190,H,-,S,N,4,0,1,1,A,-,08,22107,,N,E,I,A,A,H,-,A,D,1,,,,,Y,,I,11,0,0,1,0,0,0,0,0,0,"- ","- ",35.32085,-120.71707000000001,"SAN LUIS OBISPO",UNINCORPORATED,-120.72141293,35.322879440000001
6974352,2015,2017-01-05,9745,2015-06-22,0400,020689,,1,3,9,4000,0,1,2,,2,303,"RT 101","AVILA BEACH DR",75.00,S,N,A,-,Y,SLO,5,101,-,R,21.100,H,-,N,Y,4,0,1,1,A,-,08,22107,,N,E,I,A,A,H,-,D,D,1,,,,,Y,,D,22,0,0,1,0,0,0,0,0,0,"- ","- ",35.179830000000003,-120.69913,"SAN LUIS OBISPO",UNINCORPORATED,-120.69899406,35.179459190000003
6974471,2015,2015-07-08,4006,2015-06-11,1750,27940,,4,5,4,4006,0,0,0,,0,,OCEANAIRE,GALLEON,87.00,W,N,A,-,N,,,,,,,,,,N,4,0,1,2,A,-,08,22107,,N,-,G,A,A,H,-,A,A,0,,Y,,,Y,,L,04,0,0,1,0,0,0,1,0,0,"- ","- ",,,"SAN LUIS OBISPO","SAN LUIS OBISPO",-120.69273721,35.261501989999999
6976614,2015,2017-01-04,9740,2015-06-21,0500,014460,,7,3,9,4000,0,1,2,,2,002,"RT 101","LAS TABLAS RD",1056.00,N,N,A,-,Y,SLO,5,101,-,-,51.670,H,-,N,Y,4,0,1,2,A,-,03,22350,,M,C,C,A,A,H,-,D,D,1,,,,,Y,,-,99,0,0,1,0,0,0,0,0,0,"- ","- ",,,"SAN LUIS OBISPO",UNINCORPORATED,-120.70965672,35.556820860000002
6978494,2015,2015-07-13,9740,2015-06-30,1830,14691,,2,2,9,4000,0,3,5,,2,018,"E CENTRE ST","CALLE ARROYO",30.00,W,N,A,-,N,,,,,,,,,,N,2,0,1,1,C,-,18,,,N,H,A,A,A,H,-,A,D,0,,,,,Y,,-,"- ",1,0,0,0,0,0,0,0,0,"- ","- ",35.655520000000003,-120.36908,"SAN LUIS OBISPO",UNINCORPORATED,-120.36894929,35.655605110000003
6978511,2015,2016-09-08,4008,2015-06-17,1509,3013,,3,5,4,4008,0,0,0,,0,,"MORRO RD",MERCEDES,1085.00,S,N,A,-,Y,SLO,5,41,-,R,16.720,H,-,N,Y,3,0,1,1,A,-,03,22350,,N,F,-,A,A,H,-,A,D,0,,,Y,,Y,,C,02,0,1,0,0,0,0,0,0,1,"- ","- ",,,"SAN LUIS OBISPO",ATASCADERO,-120.66046559,35.496476649999998
6978515,2015,2015-07-24,4008,2015-06-20,0900,4055,,6,5,4,4008,0,0,0,,0,,"EL CAMINO REAL","LA UVA LN",50.00,S,N,A,-,N,,,,,,,,,,Y,3,0,1,2,A,-,03,22350,,N,F,-,A,A,H,-,A,D,0,,,Y,,Y,,C,02,0,1,0,0,0,0,0,0,1,"- ","- ",,,"SAN LUIS OBISPO",ATASCADERO,-120.69176705,35.506078350000003
6980466,2015,2015-07-16,4002,2015-06-21,0643,338,101,7,5,3,4002,0,0,0,,0,001,"W GRAND AV","3RD ST",117.00,W,N,B,-,N,,,,,,,,,,N,3,0,1,2,A,-,11,21954,A,N,G,B,E,A,H,-,A,A,0,Y,,,,Y,,N,60,0,1,0,0,1,0,0,0,0,"- ","- ",,,"SAN LUIS OBISPO","GROVER BEACH",-120.62803067999999,35.121865839999998
6981163,2015,2017-01-05,9745,2015-06-20,1834,17541,,6,2,9,4000,0,1,2,,2,505,"RT 101","TEFFT ST",1000.00,N,N,A,-,Y,SLO,5,101,-,-,5.040,H,-,N,Y,4,0,1,1,A,-,01,23152,A,N,E,I,A,A,H,-,A,D,1,,,,,Y,Y,D,23,0,0,1,0,0,0,0,0,0,"- ","- ",35.069020000000002,-120.51427,"SAN LUIS OBISPO",UNINCORPORATED,-120.4865247,35.03914649
6983431,2015,2017-01-13,9740,2015-07-03,1440,016849,,5,2,9,4000,0,1,3,,2,008,"RT 46","BITTERWATER RD",4224.00,W,N,A,-,Y,SLO,5,46,-,-,52.000,H,-,E,Y,4,0,5,1,A,-,08,22107,,N,F,A,A,A,A,-,A,D,0,,,,,Y,,A,08,0,0,5,0,0,0,0,0,0,"- ","- ",35.703609999999998,-120.32131,"SAN LUIS OBISPO",UNINCORPORATED,-120.32132992,35.70375232
6988692,2015,2015-07-22,4004,2015-06-23,1655,1200,02,2,5,3,4004,0,0,0,,0,2-2,13TH,PINE,153.00,W,N,A,-,N,,,,,,,,,,Y,4,0,1,2,A,-,01,23152,A,N,B,C,A,A,H,-,A,A,0,,,,,Y,,A,01,0,0,1,0,0,0,0,0,0,"- ","- ",,,"SAN LUIS OBISPO","PASO ROBLES",-120.68945381,35.627834729999996
6990072,2015,2017-01-04,9745,2015-06-28,0055,20228,,7,3,9,4000,0,1,2,,1,101,"RT 101","SAN LUIS BAY DR",4821.00,N,N,A,-,Y,SLO,5,101,-,R,23.200,H,-,N,Y,2,0,2,2,A,-,02,22400,A,N,C,C,A,A,H,-,D,D,1,,,Y,,Y,,C,02,1,1,0,0,0,0,0,0,2,"- ","- ",35.209220000000002,-120.69686,"SAN LUIS OBISPO",UNINCORPORATED,-120.69687869000001,35.209122829999998
6990076,2015,2015-07-25,9745,2015-06-25,1648,17968,,4,2,9,4000,0,3,5,,2,005,"OSO FLACO LAKE RD","DIVISION ST",5280.00,N,N,A,-,N,,,,,,,,,,Y,2,0,1,2,A,-,03,22350,,N,C,C,A,A,H,-,A,D,0,,,,,Y,,A,08,1,0,0,0,0,0,0,0,0,"- ","- ",35.005719999999997,-120.54946,"SAN LUIS OBISPO",UNINCORPORATED,-120.54742994,35.005116489999999
6990329,2015,2015-07-27,9745,2015-07-07,1825,016068,,2,2,9,4000,0,2,4,,1,024,"SOUTH BAY BL","TURRI RD",5280.00,N,N,A,-,N,,,,,,,,,,Y,4,0,1,2,A,-,03,22350,,N,C,C,A,A,H,-,A,D,0,,,,,Y,,A,01,0,0,1,0,0,0,0,0,0,"- ","- ",35.346670000000003,-120.82567,"SAN LUIS OBISPO",UNINCORPORATED,-120.82808049,35.350203280000002
6990333,2015,2015-07-27,9745,2015-07-14,1035,012876,,2,1,9,4000,0,3,5,,2,003,"HIGUERA ST","LOS OSOS VALLEY RD",4224.00,S,N,A,-,N,,,,,,,,,,N,3,0,1,1,C,-,18,,,N,F,A,A,A,A,D,A,A,0,,Y,,,Y,,-,"- ",0,1,0,0,0,0,1,0,0,"- ","- ",35.233499999999999,-120.68588,"SAN LUIS OBISPO",UNINCORPORATED,-120.68563644,35.233512150000003
6994010,2015,2015-08-10,9745,2015-07-15,1405,12601,,3,2,9,4000,0,3,5,,2,002,"9TH ST","LOS OLIVOS AV",0.00,,Y,A,-,N,,,,,,,,,,Y,3,0,1,2,A,-,09,21801,A,N,A,C,A,A,H,-,A,A,0,,,,,Y,,A,01,0,1,0,0,0,0,0,0,0,"- ","- ",35.313540000000003,-120.83337,"SAN LUIS OBISPO",UNINCORPORATED,-120.83329997,35.313160109999998
6994197,2015,2017-01-13,9740,2015-07-18,1719,016849,,6,2,9,4000,0,1,2,,2,002,"RT 101","VINEYARD DR",1476.00,N,N,A,-,Y,SLO,5,101,-,-,50.920,H,-,N,Y,4,0,1,1,A,-,08,22107,,N,E,I,A,A,H,-,A,D,1,,,,,Y,,A,01,0,0,1,0,0,0,0,0,0,"- ","- ",35.547849999999997,-120.71576,"SAN LUIS OBISPO",UNINCORPORATED,-120.71581362000001,35.54763793
6994199,2015,2015-07-30,4008,2015-07-15,1500,3013,,3,5,4,4008,0,0,0,,0,,"SAN MARCOS RD","SIERRA VISTA RD",1030.00,W,N,A,-,N,,,,,,,,,,N,4,0,1,2,A,-,03,22350,,N,F,-,A,A,H,-,A,D,0,,,Y,,Y,,-,99,0,0,1,0,0,0,0,0,0,"- ","- ",,,"SAN LUIS OBISPO",ATASCADERO,-120.68930546,35.467648490000002
6997608,2015,2015-08-29,9740,2015-07-20,0915,14622,,1,1,9,4000,0,3,5,,2,017,"WALNUT AV","PINE AV",1056.00,N,N,A,-,N,,,,,,,,,,Y,3,0,1,1,A,-,08,22107,,N,E,I,A,A,H,-,A,D,0,,,,,Y,,D,22,0,1,0,0,0,0,0,0,0,"- ","- ",35.421680000000002,-120.60572999999999,"SAN LUIS OBISPO",UNINCORPORATED,-120.60590755,35.42097691
7006119,2015,2017-04-06,9740,2015-07-25,2500,15167,,6,4,9,4000,0,2,4,,2,012,"LAKE NACIMIENTO DR","BLUEGILL DR",2376.00,N,N,A,-,N,,,,,,,,,,Y,1,1,0,1,A,-,01,23152,A,N,F,A,A,A,H,-,D,D,0,,,,,Y,Y,D,23,0,0,0,0,0,0,0,0,0,"- ","- ",35.754899999999999,-120.87723,"SAN LUIS OBISPO",UNINCORPORATED,-120.87724328,35.75489073
7006190,2015,2017-03-29,9740,2015-06-25,1925,17426,,4,2,9,4000,0,1,3,,2,011,"RT 46","VINEYARD DR",0.00,,Y,A,-,Y,SLO,5,46,-,R,17.398,I,5,E,Y,1,1,5,2,A,-,12,22450,A,N,D,C,A,A,H,-,A,A,0,,,,,Y,Y,A,01,1,1,3,0,0,0,0,0,0,"- ","- ",35.553330000000003,-120.7615,"SAN LUIS OBISPO",UNINCORPORATED,-120.76170096,35.553264910000003
7011840,2015,2017-01-14,9740,2015-07-23,0955,15644,,4,1,9,4000,0,1,3,,1,014,"RT 1","WEYMOUTH ST",0.00,,Y,A,-,Y,SLO,5,1,-,-,51.050,I,5,S,N,4,0,1,2,A,-,09,21802,A,N,H,G,A,A,H,-,A,A,0,,Y,,,Y,,A,07,0,0,1,0,0,0,1,0,0,"- ","- ",35.571449999999999,-121.11006999999999,"SAN LUIS OBISPO",UNINCORPORATED,-121.10999006999999,35.571507680000003
7012221,2015,2016-11-03,9740,2015-06-30,1705,18323,,2,2,9,4000,0,1,3,,2,007,"RT 41","HOMESTEAD RD",4752.00,N,N,A,-,Y,SLO,5,41,-,-,20.930,H,-,N,Y,2,0,1,1,A,-,03,22350,,N,F,A,A,A,H,-,A,D,0,,,Y,,Y,,C,02,1,0,0,0,0,0,0,0,1,"- ","- ",35.506639999999997,-120.62418,"SAN LUIS OBISPO",UNINCORPORATED,-120.62601026999999,35.507336629999998
7014410,2015,2017-01-14,9750,2015-07-26,0950,014358,,7,1,9,4000,0,1,3,,2,061,"RT 166","SUEY CREEK RD",6864.00,E,N,A,-,Y,SLO,5,166,-,-,15.100,H,-,E,Y,4,0,1,1,A,-,08,22107,,N,F,A,A,A,H,-,A,D,0,,,Y,,Y,,C,02,0,0,1,0,0,0,0,0,1,"- ","- ",,,"SAN LUIS OBISPO",UNINCORPORATED,-120.3453043,35.01583746
7014648,2015,2017-01-13,9740,2015-07-29,1900,014543,,3,2,9,4000,0,1,3,,1,009,"RT 46","RT 41",7920.00,E,N,A,-,Y,SLO,5,46,-,-,45.310,H,-,E,Y,3,0,1,2,A,-,01,23152,A,N,C,C,A,A,H,-,A,D,0,,,,Y,Y,Y,A,01,0,1,0,0,0,0,0,0,0,"- ","- ",35.737009999999998,-120.27072,"SAN LUIS OBISPO",UNINCORPORATED,-120.41683738,35.66140188
7016684,2015,2015-08-18,4004,2015-07-08,1202,0430,02,3,5,3,4004,0,0,0,,0,022,PINE,12TH,120.00,S,N,A,-,N,,,,,,,,,,N,4,0,1,2,A,-,00,21055,,N,G,B,D,A,H,-,A,D,0,Y,,,,Y,,N,60,0,0,1,0,1,0,0,0,0,"- ","- ",,,"SAN LUIS OBISPO","PASO ROBLES",-120.68883445,35.626481050000002
7020768,2015,2015-08-14,4006,2015-07-23,1208,16380,,4,5,4,4006,0,0,0,,0,,JOHNSON,PACIFIC,0.00,,Y,A,-,N,,,,,,,,,,N,4,0,1,2,A,-,09,21801,A,N,D,G,A,A,H,-,A,D,0,,Y,,,Y,,A,07,0,0,1,0,0,0,1,0,0,"- ","- ",,,"SAN LUIS OBISPO","SAN LUIS OBISPO",-120.65524990999999,35.282310010000003
7020889,2015,2015-08-19,4006,2015-07-20,1526,27940,,1,5,4,4006,0,0,0,,0,,HIGUERA,"SANTA ROSA",0.00,,Y,A,-,N,,,,,,,,,,N,4,0,1,2,A,-,08,22107,,N,A,C,A,A,H,-,A,A,0,,,,,Y,,A,01,0,0,1,0,0,0,0,0,0,"- ","- ",,,"SAN LUIS OBISPO","SAN LUIS OBISPO",-120.65939994999999,35.281970100000002
7020893,2015,2015-08-20,4006,2015-07-23,1720,69585,,4,5,4,4006,0,0,0,,0,,ORCUTT,"HANSON RD",298.00,S,N,A,-,N,,,,,,,,,,Y,4,0,1,3,A,-,03,22350,,N,C,C,A,A,G,-,A,A,0,,,,,Y,,A,01,0,0,1,0,0,0,0,0,0,"- ","- ",,,"SAN LUIS OBISPO","SAN LUIS OBISPO",-120.62769847,35.253407230000001
7022024,2015,2017-01-13,9745,2015-07-29,1410,015144,,3,2,9,4000,0,1,2,,2,505,"RT 101","GRANDE ST",365.00,S,N,A,-,Y,SLO,5,101,-,-,4.410,H,-,N,Y,3,0,1,1,A,-,08,22107,,N,E,I,A,A,H,-,A,D,1,,,,,Y,,A,01,0,1,0,0,0,0,0,0,0,"- ","- ",35.032040000000002,-120.47947000000001,"SAN LUIS OBISPO",UNINCORPORATED,-120.47931052,35.032089589999998
7022745,2015,2017-01-13,9745,2015-08-02,1755,020689,,7,2,2,4005,0,1,2,,2,404,"RT 101","SPYGLASS DR",1901.00,S,N,A,-,Y,SLO,5,101,-,-,19.450,H,-,S,Y,2,0,2,2,A,-,03,22350,,N,F,A,A,A,H,-,A,D,1,,,Y,,Y,,C,02,1,1,0,0,0,0,0,0,2,"- ","- ",,,"SAN LUIS OBISPO","PISMO BEACH",-120.6815806,35.16157338
7023181,2015,2015-09-04,9740,2015-08-02,2207,015854,,7,3,9,4000,0,3,5,,2,017,"LA PANZA RD","JOAQUIN WY",1056.00,N,N,A,-,N,,,,,,,,,,Y,2,0,1,1,A,-,01,23152,A,N,E,J,A,A,H,-,D,D,0,,,,,Y,Y,D,22,1,0,0,0,0,0,0,0,0,"- ","- ",35.495060000000002,-120.45928000000001,"SAN LUIS OBISPO",UNINCORPORATED,-120.45864202999999,35.494838590000001
7023281,2015,2017-01-13,9740,2015-07-31,1805,014691,,5,2,9,4000,0,1,3,,2,008,"RT 46","EAST CENTRE ST",2112.00,W,N,A,-,Y,SLO,5,46,-,-,48.230,H,-,W,Y,2,0,1,1,A,-,01,23152,A,N,F,A,A,A,H,-,A,D,0,,,,,Y,Y,A,01,1,0,0,0,0,0,0,0,0,"- ","- ",35.66254,-120.36481999999999,"SAN LUIS OBISPO",UNINCORPORATED,-120.36469501000001,35.662526759999999