CASE_ID,ACCIDENT_YEAR,PROC_DATE,JURIS,COLLISION_DATE,COLLISION_TIME,OFFICER_ID,REPORTING_DISTRICT,DAY_OF_WEEK,CHP_SHIFT,POPULATION,CNTY_CITY_LOC,SPECIAL_COND,BEAT_TYPE,CHP_BEAT_TYPE,CITY_DIVISION_LAPD,CHP_BEAT_CLASS,BEAT_NUMBER,PRIMARY_RD,SECONDARY_RD,DISTANCE,DIRECTION,INTERSECTION,WEATHER_1,WEATHER_2,STATE_HWY_IND,CALTRANS_COUNTY,CALTRANS_DISTRICT,STATE_ROUTE,ROUTE_SUFFIX,POSTMILE_PREFIX,POSTMILE,LOCATION_TYPE,RAMP_INTERSECTION,SIDE_OF_HWY,TOW_AWAY,COLLISION_SEVERITY,NUMBER_KILLED,NUMBER_INJURED,PARTY_COUNT,PRIMARY_COLL_FACTOR,PCF_CODE_OF_VIOL,PCF_VIOL_CATEGORY,PCF_VIOLATION,PCF_VIOL_SUBSECTION,HIT_AND_RUN,TYPE_OF_COLLISION,MVIW,PED_ACTION,ROAD_SURFACE,ROAD_COND_1,ROAD_COND_2,LIGHTING,CONTROL_DEVICE,CHP_ROAD_TYPE,PEDESTRIAN_ACCIDENT,BICYCLE_ACCIDENT,MOTORCYCLE_ACCIDENT,TRUCK_ACCIDENT,NOT_PRIVATE_PROPERTY,ALCOHOL_INVOLVED,STWD_VEHTYPE_AT_FAULT,CHP_VEHTYPE_AT_FAULT,COUNT_SEVERE_INJ,COUNT_VISIBLE_INJ,COUNT_COMPLAINT_PAIN,COUNT_PED_KILLED,COUNT_PED_INJURED,COUNT_BICYCLIST_KILLED,COUNT_BICYCLIST_INJURED,COUNT_MC_KILLED,COUNT_MC_INJURED,PRIMARY_RAMP,SECONDARY_RAMP,LATITUDE,LONGITUDE,COUNTY,CITY,POINT_X,POINT_Y
7023874,2015,2015-09-03,4006,2015-07-20,1745,48750,,1,5,4,4006,0,0,0,,0,,MONTEREY,"SANTA ROSA",0.00,,Y,A,-,N,,,,,,,,,,N,4,0,1,2,A,-,08,22107,,N,-,C,A,A,H,-,A,A,0,,,,,Y,,A,01,0,0,1,0,0,0,0,0,0,"- ","- ",,,"SAN LUIS OBISPO","SAN LUIS OBISPO",-120.65995992000001,35.282600080000002
7024071,2015,2015-09-03,4006,2015-07-18,1126,80908,,6,5,4,4006,0,0,0,,0,,MADONNA,"MADONNA INN ENT",291.00,W,N,A,-,N,,,,,,,,,,Y,4,0,1,2,A,-,03,22350,,N,C,C,A,A,H,-,A,D,0,,,,,Y,,D,22,0,0,1,0,0,0,0,0,0,"- ","- ",,,"SAN LUIS OBISPO","SAN LUIS OBISPO",-120.67648887999999,35.26404805
7024969,2015,2015-12-16,4001,2015-07-13,1414,P0106,46-3,1,5,3,4001,0,0,0,,0,,"EAST GRAND AV","JUNNIPER ST",227.00,W,N,A,-,N,,,,,,,,,,Y,3,0,1,2,A,-,03,22350,,N,C,C,A,A,H,-,A,D,0,,,,,Y,,A,08,0,1,0,0,0,0,0,0,0,"- ","- ",,,"SAN LUIS OBISPO","ARROYO GRANDE",-120.60484768000001,35.120755379999999
7026064,2015,2015-08-22,9740,2015-07-30,2354,017791,,4,3,9,4000,0,2,4,,2,012,"NACIMIENTO LAKE DR","MUSTANG SPRINGS RD",300.00,W,N,A,-,N,,,,,,,,,,Y,3,0,1,1,A,-,01,23152,A,N,F,A,A,A,H,-,C,D,0,,,,,Y,Y,A,07,0,1,0,0,0,0,0,0,0,"- ","- ",35.64414,-120.7042,"SAN LUIS OBISPO",UNINCORPORATED,-120.70446352,35.644166810000002
7026091,2015,2017-01-14,9740,2015-08-01,1552,018323,,6,2,9,4000,0,1,2,,2,003,"RT 101","RT 46",2640.00,N,N,A,-,Y,SLO,5,101,-,-,54.610,H,-,N,Y,2,0,1,4,A,-,08,22107,,N,E,I,A,A,H,-,A,D,1,,,,,Y,,A,01,1,0,0,0,0,0,0,0,0,"- ","- ",35.596600000000002,-120.69481,"SAN LUIS OBISPO",UNINCORPORATED,-120.69500091,35.596489120000001
7026457,2015,2017-01-21,9745,2015-08-05,1740,020229,,3,2,9,4000,0,3,5,,2,005,"RT 101","WILLOW RD",125.00,S,N,A,-,Y,SLO,5,101,-,-,6.232,R,3,S,Y,4,0,1,1,A,-,03,22350,,N,F,A,A,A,H,-,A,D,1,,,,Y,Y,,G,25,0,0,1,0,0,0,0,0,0,"- ","- ",35.05442,-120.50192,"SAN LUIS OBISPO",UNINCORPORATED,-120.49921762,35.052975359999998
7026465,2015,2015-09-02,9745,2015-08-02,1905,020689,,7,2,9,4000,0,3,5,,2,004,"16TH ST","WARNER ST",0.00,,Y,A,-,N,,,,,,,,,,N,2,0,1,2,A,-,11,21954,A,N,G,B,D,A,H,-,A,A,0,Y,,,,Y,,N,60,1,0,0,0,1,0,0,0,0,"- ","- ",35.102339999999998,-120.61328,"SAN LUIS OBISPO",UNINCORPORATED,-120.61330986999999,35.102359999999997
7026510,2015,2017-01-13,9745,2015-08-08,1620,020689,,6,2,9,4000,0,1,2,,2,303,"RT 101","AVILA BEACH DR",1584.00,S,N,A,-,Y,SLO,5,101,-,R,20.810,H,-,S,N,4,0,1,2,A,-,03,22350,,N,C,C,A,A,H,-,A,D,1,,,,,Y,,A,01,0,0,1,0,0,0,0,0,0,"- ","- ",35.173969999999997,-120.69672,"SAN LUIS OBISPO",UNINCORPORATED,-120.69752656,35.175473539999999
7026914,2015,2017-01-13,9745,2015-07-30,1430,017968,,4,2,9,4000,0,1,2,,2,505,"RT 101","TEFFT ST",5280.00,S,N,A,-,Y,SLO,5,101,-,-,3.850,H,-,N,Y,4,0,2,2,A,-,03,22350,,N,C,C,A,A,H,-,A,D,1,,,,,Y,,A,07,0,0,2,0,0,0,0,0,0,"- ","- ",35.024189999999997,-120.47064,"SAN LUIS OBISPO",UNINCORPORATED,-120.47265647,35.025936909999999
7028776,2015,2015-09-04,4006,2015-08-09,1917,57275,,7,5,4,4006,0,0,0,,0,,MARSH,"SANTA ROSA",0.00,,Y,A,-,N,,,,,,,,,,Y,3,0,3,2,A,-,12,21453,A,N,D,C,A,A,H,-,A,A,0,,,,,Y,,A,01,0,3,0,0,0,0,0,0,0,"- ","- ",,,"SAN LUIS OBISPO","SAN LUIS OBISPO",-120.65868988,35.281240080000003
7030841,2015,2015-09-03,4002,2015-07-23,2252,063,208,4,5,3,4002,0,0,0,,0,002,"MENTONE AV","16TH ST",30.00,E,N,A,-,N,,,,,,,,,,N,4,0,1,2,A,-,05,21650,1,M,A,G,A,A,H,-,C,A,0,,Y,,,Y,,L,04,0,0,1,0,0,0,1,0,0,"- ","- ",,,"SAN LUIS OBISPO","GROVER BEACH",-120.61193982,35.114956210000003
7031046,2015,2017-01-13,9745,2015-08-05,1535,018021,,3,2,9,4000,0,1,2,,2,505,"RT 101","WILLOW RD",800.00,S,N,A,-,Y,SLO,5,101,-,-,6.260,H,-,S,Y,3,0,4,2,A,-,03,22350,,N,C,C,A,A,H,-,A,D,1,,,,,Y,,D,22,0,4,0,0,0,0,0,0,0,"- ","- ",35.051209999999998,-120.49758,"SAN LUIS OBISPO",UNINCORPORATED,-120.49951265999999,35.053301849999997
7031050,2015,2017-01-13,9745,2015-08-14,1725,018021,,5,2,2,4005,0,1,2,,2,404,"RT 101","SPYGLASS DR",800.00,S,N,A,-,Y,SLO,5,101,-,-,19.430,H,-,S,N,4,0,1,2,A,-,01,23152,A,N,C,C,A,A,H,-,A,D,1,,,,,Y,Y,E,22,0,0,1,0,0,0,0,0,0,"- ","- ",35.160800000000002,-120.67941,"SAN LUIS OBISPO","PISMO BEACH",-120.68126137,35.161449050000002
7031242,2015,2017-01-13,9745,2015-08-06,1720,018021,,4,2,9,4000,0,1,2,,2,505,"RT 101","TEFFT ST",1000.00,S,N,A,-,Y,SLO,5,101,-,-,4.660,H,-,N,N,4,0,1,2,A,-,03,22350,,N,C,C,A,A,H,-,A,D,1,,,,,Y,,A,01,0,0,1,0,0,0,0,0,0,"- ","- ",35.031080000000003,-120.47829,"SAN LUIS OBISPO",UNINCORPORATED,-120.48229464000001,35.034841829999998
7034963,2015,2017-01-14,9740,2015-07-01,0900,13952,,3,1,9,4000,0,1,3,,1,015,"RT 1","ARROYO DE LA CRUZ",10560.00,N,N,B,-,Y,SLO,5,1,-,-,68.730,H,-,N,Y,2,0,1,1,A,-,01,23152,A,N,E,I,A,A,H,-,A,D,0,,,,,Y,Y,A,01,1,0,0,0,0,0,0,0,0,"- ","- ",35.732489999999999,-121.31416,"SAN LUIS OBISPO",UNINCORPORATED,-121.31402725,35.733006379999999
7037331,2015,2015-09-16,9745,2015-08-01,0805,017968,,6,1,9,4000,0,3,5,,2,004,"HUASNA RD","EVERGLADE LN",300.00,S,N,A,-,N,,,,,,,,,,N,4,0,1,3,A,-,05,21460,A,N,C,C,A,A,H,-,A,D,0,,,,Y,Y,,G,25,0,0,1,0,0,0,0,0,0,"- ","- ",35.135019999999997,-120.50431,"SAN LUIS OBISPO",UNINCORPORATED,-120.50504515,35.13460903
7038127,2015,2017-01-18,9750,2015-08-17,0515,015915,,1,3,9,4000,0,1,3,,1,063,"RT 166","COTTONWOOD CYN RD",5.50,W,N,A,-,Y,SLO,5,166,-,R,45.700,H,-,W,Y,4,0,1,1,A,-,08,22107,,N,E,I,A,A,H,-,D,D,0,,,,,Y,,D,22,0,0,1,0,0,0,0,0,0,"- ","- ",35.062150000000003,-119.97282,"SAN LUIS OBISPO",UNINCORPORATED,-119.95232222,35.061215789999999
7038725,2015,2017-01-14,9745,2015-08-06,1147,20228,,4,1,9,4000,0,1,3,,1,045,"RT 1","HILL VIEW PL",0.00,,Y,B,-,Y,SLO,5,1,-,-,4.700,I,5,S,Y,2,0,3,2,A,-,09,21801,A,N,A,C,A,A,H,-,A,D,0,,,,,Y,,A,01,1,2,0,0,0,0,0,0,0,"- ","- ",35.042000000000002,-120.5681,"SAN LUIS OBISPO",UNINCORPORATED,-120.56808900999999,35.042005699999997
7039011,2015,2017-01-13,9745,2015-08-19,1640,16068,,3,2,4,4006,0,1,2,,2,202,"RT 101","BUENA VISTA AV",1056.00,N,N,A,-,Y,SLO,5,101,-,-,30.190,H,-,N,Y,4,0,1,2,A,-,07,21658,A,N,B,C,A,A,H,-,A,D,1,,,,,Y,,D,22,0,0,1,0,0,0,0,0,0,"- ","- ",35.291849999999997,-120.6456,"SAN LUIS OBISPO","SAN LUIS OBISPO",-120.64616546000001,35.291744440000002
7045216,2015,2017-01-13,9745,2015-08-17,1230,17930,,1,1,9,4000,0,1,2,,1,101,"RT 101","OLD STAGECOACH RD",5280.00,N,N,A,-,Y,SLO,5,101,-,R,34.040,H,-,N,Y,4,0,2,2,A,-,03,22350,,N,C,C,A,A,G,-,A,D,5,,,,,Y,,A,01,0,0,2,0,0,0,0,0,0,"- ","- ",35.333109999999998,-120.62391,"SAN LUIS OBISPO",UNINCORPORATED,-120.62505375000001,35.334630220000001
7052151,2015,2017-01-12,4004,2015-08-02,1409,1197,03,7,5,3,4004,0,0,0,,0,3-4,"RT 46","PASO ROBLES",0.00,,Y,A,-,Y,SLO,5,46,-,-,31.800,I,5,W,N,4,0,1,2,A,-,09,21801,A,N,D,C,A,A,H,-,A,D,0,,,,,Y,,A,07,0,0,1,0,0,0,0,0,0,"- ","- ",,,"SAN LUIS OBISPO","PASO ROBLES",-120.64940872,35.644620879999998
7058125,2015,2017-02-03,4006,2015-10-23,1606,16380,,5,5,4,4006,0,0,0,,0,,"RT 1",OLIVE,0.00,,Y,A,-,Y,SLO,5,1,-,-,16.850,I,5,N,N,4,0,1,2,A,-,10,21950,A,N,G,B,B,A,H,-,A,A,0,Y,,,,Y,,A,01,0,0,1,0,1,0,0,0,0,"- ","- ",,,"SAN LUIS OBISPO","SAN LUIS OBISPO",-120.66424664,35.28753803
7061355,2015,2015-10-27,4003,2015-09-08,1757,P2413,3,2,5,2,4003,0,0,0,,0,001,"MAIN ST","QUINTANA RD",0.00,,Y,A,-,N,,,,,,,,,,N,3,0,1,2,A,-,05,21650,1,N,A,D,A,A,H,-,A,A,0,,Y,,,Y,,L,04,0,1,0,0,0,0,1,0,0,"- ","- ",,,"SAN LUIS OBISPO","MORRO BAY",-120.85024994,35.371350049999997
7064627,2015,2015-09-21,4006,2015-09-02,1306,16380,,3,5,4,4006,0,0,0,,0,,PALM,BROAD,0.00,,Y,A,-,N,,,,,,,,,,N,4,0,1,2,A,-,10,21950,A,F,G,B,B,A,H,-,A,D,0,Y,,,,Y,,-,99,0,0,1,0,1,0,0,0,0,"- ","- ",,,"SAN LUIS OBISPO","SAN LUIS OBISPO",-120.66533993,35.280810029999998
7064628,2015,2015-09-21,4006,2015-09-08,1319,69585,,2,5,4,4006,0,0,0,,0,,HIGUERA,"VACHELL LN",0.00,,Y,A,-,N,,,,,,,,,,N,3,0,1,2,A,-,09,21801,A,N,D,C,A,-,H,-,A,A,0,,,Y,,Y,,A,01,0,1,0,0,0,0,0,0,1,"- ","- ",,,"SAN LUIS OBISPO","SAN LUIS OBISPO",-120.67598999000001,35.243110080000001
7064976,2015,2015-09-21,4006,2015-09-06,0845,27940,,7,5,4,4006,0,0,0,,0,,BROAD,"3590 BROAD",0.00,,Y,A,-,N,,,,,,,,,,N,3,0,1,2,A,-,09,21804,A,N,D,C,A,A,H,-,A,A,0,,,,,Y,,A,08,0,1,0,0,0,0,0,0,0,"- ","- ",,,"SAN LUIS OBISPO","SAN LUIS OBISPO",-120.64611554,35.254541529999997
7066122,2015,2015-09-21,4005,2015-07-29,1800,P097,2,3,5,2,4005,0,0,0,,0,,"SHELL BEACH",PLACENTA,90.00,N,N,A,-,N,,,,,,,,,,N,4,0,1,2,A,-,08,22107,,F,B,G,A,A,H,-,A,A,0,,Y,,,Y,,A,01,0,0,1,0,0,0,1,0,0,"- ","- ",,,"SAN LUIS OBISPO","PISMO BEACH",-120.67020866,35.156911520000001
7071094,2015,2015-09-25,4002,2015-09-11,1635,138,103,5,5,3,4002,0,0,0,,0,001,"S 13TH ST","LONG BRANCH AV",0.00,,Y,A,-,N,,,,,,,,,,Y,4,0,1,2,A,-,01,23153,A,N,C,C,A,A,H,-,A,A,0,,,,,Y,Y,D,22,0,0,1,0,0,0,0,0,0,"- ","- ",,,"SAN LUIS OBISPO","GROVER BEACH",-120.61544991,35.119200069999998
7071322,2015,2016-06-14,4005,2015-07-12,1049,P096,5,7,5,2,4005,0,0,0,,0,,"FIVE CITIES DR","4TH ST",40.00,S,N,A,-,N,,,,,,,,,,N,4,0,1,2,A,-,21,22106,,N,C,C,A,A,H,-,A,A,0,,,,,Y,,D,22,0,0,1,0,0,0,0,0,0,"- ","- ",,,"SAN LUIS OBISPO","PISMO BEACH",-120.62195995,35.135671559999999
7071346,2015,2015-09-28,4008,2015-09-08,1616,3152,,2,5,4,4008,0,0,0,,0,,"EL CAMINO REAL","CURBARIL AV",0.00,,Y,A,-,N,,,,,,,,,,N,4,0,1,2,A,-,12,21453,A,N,D,C,A,A,H,-,A,A,0,,,,,Y,,A,01,0,0,1,0,0,0,0,0,0,"- ","- ",,,"SAN LUIS OBISPO",ATASCADERO,-120.65626999,35.477520069999997
7071893,2015,2015-09-30,4004,2015-08-11,1720,1200,04,2,5,3,4004,0,0,0,,0,014,SPRING,24TH,260.00,N,N,A,-,N,,,,,,,,,,N,4,0,1,2,A,-,09,21801,A,N,D,C,A,A,H,-,A,A,0,,,,,Y,,A,01,0,0,1,0,0,0,0,0,0,"- ","- ",,,"SAN LUIS OBISPO","PASO ROBLES",-120.69248665000001,35.639843130000003
7071903,2015,2015-09-21,4004,2015-08-29,1827,0901,04,6,5,3,4004,0,0,0,,0,045,NIBLICK,"NIBLICK 100 BLK",0.00,,-,A,-,N,,,,,,,,,,N,4,0,2,2,A,-,03,22350,,N,C,C,A,A,H,-,A,D,0,,,,,Y,,D,22,0,0,2,0,0,0,0,0,0,"- ","- ",,,"SAN LUIS OBISPO","PASO ROBLES",,
7071908,2015,2017-01-12,4004,2015-08-24,2355,1191,01,1,5,3,4004,0,0,0,,0,013,"RT 46 E","RT 101",0.00,,Y,A,-,Y,SLO,5,46,-,R,21.955,I,5,W,Y,4,0,1,2,A,-,03,22350,,N,A,C,A,A,H,-,C,A,0,,,,Y,Y,,G,25,0,0,1,0,0,0,0,0,0,"- ","- ",,,"SAN LUIS OBISPO","PASO ROBLES",-120.69610607,35.589431269999999
7071926,2015,2015-09-24,4004,2015-08-22,0725,1200,01,6,5,3,4004,0,0,0,,0,"1   5",RIVERSIDE,17TH,7.00,S,N,E,-,N,,,,,,,,,,Y,3,0,1,1,A,-,03,22350,,N,A,I,A,A,H,-,A,A,0,,,,,Y,,A,01,0,1,0,0,0,0,0,0,0,"- ","- ",,,"SAN LUIS OBISPO","PASO ROBLES",-120.68734863,35.63211081
7072012,2015,2015-12-31,4004,2015-08-29,1906,1133,04,6,5,3,4004,0,0,0,,0,"4 6",RAMBOUILLET,NIBLICK,0.00,,Y,A,-,N,,,,,,,,,,Y,4,0,1,2,A,-,12,21453,A,N,D,C,A,A,H,-,A,A,0,,,,,Y,,A,01,0,0,1,0,0,0,0,0,0,"- ","- ",,,"SAN LUIS OBISPO","PASO ROBLES",-120.66913988,35.615760000000002
7076287,2015,2016-01-14,4004,2015-09-04,1237,1208,04,5,5,3,4004,0,0,0,,0,4-1,"SOUTH RIVER",NIBLICK,385.00,N,N,A,-,N,,,,,,,,,,Y,4,0,1,2,A,-,09,21804,A,N,D,C,A,A,H,-,A,D,0,,,,,Y,,A,07,0,0,1,0,0,0,0,0,0,"- ","- ",,,"SAN LUIS OBISPO","PASO ROBLES",-120.68040999999999,35.61607128
7089266,2015,2016-01-13,4001,2015-09-22,1456,P0106,463,2,5,3,4001,0,0,0,,0,OPERAT,"COURTLAND RD","EAST GRAND AV",0.00,,Y,A,-,N,,,,,,,,,,N,3,0,1,2,A,-,10,21950,A,N,G,B,B,A,H,-,A,A,0,Y,,,,Y,,A,07,0,1,0,0,1,0,0,0,0,"- ","- ",,,"SAN LUIS OBISPO","ARROYO GRANDE",-120.60665998,35.120840059999999
7089274,2015,2016-01-14,4001,2015-09-01,1708,P0115,463,2,5,3,4001,0,0,0,,0,OPERAT,"SPRUCE ST","CEDAR ST",150.00,S,N,A,-,N,,,,,,,,,,N,4,0,1,2,A,-,11,21956,A,N,G,B,D,A,H,-,A,A,0,Y,,,,Y,,N,60,0,0,1,0,1,0,0,0,0,"- ","- ",,,"SAN LUIS OBISPO","ARROYO GRANDE",-120.60345488999999,35.116847989999997
7093377,2015,2015-11-03,4004,2015-10-11,1549,1201,02,7,5,3,4004,0,0,0,,0,"2 6",1ST,VINE,0.00,,Y,A,-,N,,,,,,,,,,Y,2,0,1,2,A,-,01,23152,E,N,A,C,A,A,H,-,A,A,0,,,,,Y,,A,01,1,0,0,0,0,0,0,0,0,"- ","- ",,,"SAN LUIS OBISPO","PASO ROBLES",-120.69298992,35.615279999999998
7093407,2015,2015-11-12,4004,2015-10-07,2017,1206,02,3,5,3,4004,0,0,0,,0,028,"THEATER DR","VOLPI YSABEL RD",0.00,N,N,A,-,N,,,,,,,,,,N,3,0,1,1,C,-,18,,,N,H,A,A,A,H,-,C,D,0,,,,,Y,,-,"- ",0,1,0,0,0,0,0,0,0,"- ","- ",,,"SAN LUIS OBISPO","PASO ROBLES",-120.69712847,35.580695579999997
7093429,2015,2015-10-30,4004,2015-09-15,0915,1136,01,2,5,3,4004,0,0,0,,0,015,17TH,LOCUST,0.00,,Y,B,-,N,,,,,,,,,,N,4,0,1,2,A,-,09,21800,A,N,D,C,A,A,H,-,A,D,0,,,,,Y,,A,01,0,0,1,0,0,0,0,0,0,"- ","- ",,,"SAN LUIS OBISPO","PASO ROBLES",-120.69803985999999,35.63155003
7097360,2015,2015-10-22,4006,2015-09-25,1122,16380,,5,5,4,4006,0,0,0,,0,,HIGUERA,PACIFIC,56.00,E,N,A,-,N,,,,,,,,,,N,4,0,1,2,A,-,03,22350,,N,C,C,A,A,H,-,A,D,0,,,Y,,Y,,C,02,0,0,1,0,0,0,0,0,1,"- ","- ",,,"SAN LUIS OBISPO","SAN LUIS OBISPO",-120.66952335000001,35.273732260000003
7102095,2015,2017-01-14,4003,2015-09-28,1102,S6616,5,1,5,2,4003,0,0,0,,0,001,"SOUTH BAY BL","RT 1",0.00,,Y,A,-,Y,SLO,5,1,-,-,28.030,R,4,S,N,4,0,1,2,A,-,21,22106,,N,D,C,A,A,H,-,A,D,0,,,,,Y,,A,01,0,0,1,0,0,0,0,0,0,"- ","- ",,,"SAN LUIS OBISPO","MORRO BAY",-120.82590759999999,35.364583969999998
7102791,2015,2016-02-03,4002,2015-10-08,0024,093,207,4,5,3,4002,0,0,0,,0,002,"S 13TH ST","TROUVILLE AV",0.00,,Y,A,-,N,,,,,,,,,,N,4,0,1,1,A,-,05,21650,1,N,E,I,A,A,H,-,C,A,0,,Y,,,Y,,L,04,0,0,1,0,0,0,1,0,0,"- ","- ",,,"SAN LUIS OBISPO","GROVER BEACH",-120.61566999,35.116160020000002
7105845,2015,2016-01-28,4004,2015-10-06,1753,1189,01,2,5,3,4004,0,0,0,,0,1-3,24TH,SPRING,0.00,,Y,A,-,N,,,,,,,,,,N,4,0,1,2,A,-,09,21801,A,N,A,C,A,A,H,-,A,D,0,,,,,Y,,A,01,0,0,1,0,0,0,0,0,0,"- ","- ",,,"SAN LUIS OBISPO","PASO ROBLES",-120.69243987999999,35.639130020000003
7105931,2015,2015-11-03,4002,2015-10-17,1054,338,206,6,5,3,4002,0,0,0,,0,002,"MENTONE AV","S 9TH ST",0.00,,Y,A,-,N,,,,,,,,,,N,4,0,1,2,A,-,09,21801,A,N,D,C,A,A,H,-,A,A,0,,,,,Y,,A,07,0,0,1,0,0,0,0,0,0,"- ","- ",,,"SAN LUIS OBISPO","GROVER BEACH",-120.62071994999999,35.115390079999997
7107464,2015,2015-11-02,4008,2015-10-02,2230,3125,,5,5,4,4008,0,0,0,,0,,"SAN MARCOS RD","PORTOLA RD",230.00,W,N,A,-,N,,,,,,,,,,Y,4,0,1,1,A,-,01,23152,F,N,F,J,A,A,H,-,D,D,0,,,,,Y,Y,A,01,0,0,1,0,0,0,0,0,0,"- ","- ",,,"SAN LUIS OBISPO",ATASCADERO,-120.68001335,35.475713980000002
7107617,2015,2016-01-12,4004,2015-09-12,1013,1208,01,6,5,3,4004,0,0,0,,0,013,24TH,RIVERSIDE,0.00,,Y,A,-,N,,,,,,,,,,N,4,0,1,2,A,-,08,22107,,N,D,G,A,A,H,-,A,A,0,,Y,,,Y,,A,07,0,0,1,0,0,0,1,0,0,"- ","- ",,,"SAN LUIS OBISPO","PASO ROBLES",-120.68809996,35.63979003
7108261,2015,2015-11-03,4006,2015-10-12,1000,68823,,1,5,4,4006,0,0,0,,0,,"S HIGUERA",SUBURBAN,0.00,,Y,A,-,N,,,,,,,,,,Y,4,0,1,2,A,-,09,21801,A,N,D,C,A,A,H,-,A,A,0,,,,,Y,,A,01,0,0,1,0,0,0,0,0,0,"- ","- ",,,"SAN LUIS OBISPO","SAN LUIS OBISPO",-120.67539986,35.244030100000003
7108277,2015,2015-11-03,4006,2015-10-06,2040,27940,,2,5,4,4006,0,0,0,,0,,BROAD,BRANCH,80.00,N,N,A,-,N,,,,,,,,,,N,3,0,1,2,A,-,11,21954,A,N,G,B,D,A,H,-,C,A,0,Y,,,,Y,Y,N,60,0,1,0,0,1,0,0,0,0,"- ","- ",,,"SAN LUIS OBISPO","SAN LUIS OBISPO",-120.65714473,35.27045494
7108297,2015,2015-11-03,4006,2015-10-08,0805,68823,,4,5,4,4006,0,0,0,,0,,CASA,FOOTHILL,0.00,,Y,A,-,N,,,,,,,,,,Y,4,0,2,2,A,-,09,21802,A,N,D,C,A,A,H,-,A,A,0,,,,,Y,,A,01,0,0,2,0,0,0,0,0,0,"- ","- ",,,"SAN LUIS OBISPO","SAN LUIS OBISPO",-120.66582990000001,35.29431005
7113694,2015,2017-02-03,4006,2015-10-12,0755,68823,,1,5,4,4006,0,0,0,,0,,CALIFORNIA,"RT 101",0.00,,Y,A,-,Y,SLO,5,101,-,-,29.510,R,4,N,N,2,0,1,2,A,-,09,21801,A,N,D,G,A,A,H,-,A,D,0,,Y,,,Y,,A,01,1,0,0,0,0,0,1,0,0,"- ",NO,,,"SAN LUIS OBISPO","SAN LUIS OBISPO",-120.65767026,35.291072
7113786,2015,2015-11-13,4006,2015-10-23,1705,15913,,5,5,4,4006,0,0,0,,0,,"LAWTON AV",FUNSTON,67.00,N,N,A,-,N,,,,,,,,,,Y,3,0,1,2,A,-,01,23152,B,M,B,C,A,A,H,-,A,D,0,,,,,Y,Y,A,01,0,1,0,0,0,0,0,0,0,"- ","- ",,,"SAN LUIS OBISPO","SAN LUIS OBISPO",-120.65698999999999,35.268624039999999
7114458,2015,2015-11-06,4004,2015-10-16,1555,0901,02,5,5,3,4004,0,0,0,,0,027,"SOUTH VINE ST","CUERNO LARGO WY",250.00,N,N,A,-,N,,,,,,,,,,N,4,0,1,2,A,-,01,23152,E,N,C,C,A,A,H,-,A,D,0,,,,,Y,,A,01,0,0,1,0,0,0,0,0,0,"- ","- ",35.600059999999999,-120.69772,"SAN LUIS OBISPO","PASO ROBLES",-120.69432214,35.598995729999999
7118033,2015,2015-11-17,4006,2015-10-16,0138,48750,,5,5,4,4006,0,0,0,,0,,BROAD,MARSH,0.00,,Y,A,-,N,,,,,,,,,,N,4,0,1,2,A,-,10,21950,A,N,G,B,B,A,-,-,C,A,0,Y,,,,Y,,A,01,0,0,1,0,1,0,0,0,0,"- ","- ",,,"SAN LUIS OBISPO","SAN LUIS OBISPO",-120.66380993999999,35.278109999999998
7118037,2015,2015-11-17,4006,2015-10-17,1546,59350,,6,5,4,4006,0,0,0,,0,,BROAD,BRANCH,0.00,,-,A,-,N,,,,,,,,,,Y,4,0,1,2,A,-,09,21802,A,N,A,C,A,A,H,-,A,A,0,,,,,Y,,A,01,0,0,1,0,0,0,0,0,0,"- ","- ",,,"SAN LUIS OBISPO","SAN LUIS OBISPO",-120.65699997999999,35.270269999999996
7118041,2015,2015-12-01,4006,2015-10-17,1657,49251,SLO,6,5,4,4006,0,0,0,,0,ZONE1,OSOS,MILL,0.00,,Y,A,-,N,,,,,,,,,,N,3,0,1,2,A,-,09,21802,A,N,D,G,A,A,H,-,A,A,0,,Y,,,Y,,A,01,0,1,0,0,0,0,1,0,0,"- ","- ",,,"SAN LUIS OBISPO","SAN LUIS OBISPO",-120.66289996,35.283490110000002
7118134,2015,2017-01-28,4004,2015-10-16,0734,1277,02,5,5,3,4004,0,0,0,,0,034,"RT 46","PASO ROBLES WY",354.00,W,N,A,-,Y,SLO,5,46,-,-,31.730,H,-,W,Y,4,0,1,2,A,-,03,22350,,N,C,C,A,A,H,-,A,D,0,,,,Y,Y,,A,07,0,0,1,0,0,0,0,0,0,"- ","- ",,,"SAN LUIS OBISPO","PASO ROBLES",-120.65064912,35.644624
7118477,2015,2015-11-17,4004,2015-10-21,1331,1277,01,3,5,3,4004,0,0,0,,0,"2    5",OAK,6TH,0.00,,Y,A,-,N,,,,,,,,,,N,4,0,1,2,A,-,09,21802,A,N,D,C,A,A,H,-,A,A,0,,,,,Y,,A,01,0,0,1,0,0,0,0,0,0,"- ","- ",,,"SAN LUIS OBISPO","PASO ROBLES",-120.69213987000001,35.62041009
7118478,2015,2015-11-17,4004,2015-10-29,1733,0901,02,4,5,3,4004,0,0,0,,0,"2    3",13TH,RIVERSIDE,30.00,E,N,A,-,N,,,,,,,,,,Y,4,0,1,3,A,-,01,23152,A,M,C,C,A,A,H,-,A,D,0,,,,,Y,Y,A,01,0,0,1,0,0,0,0,0,0,"- ","- ",,,"SAN LUIS OBISPO","PASO ROBLES",-120.68691938000001,35.627976490000002
7118550,2015,2016-01-29,4004,2015-10-28,1545,1208,03,3,5,3,4004,0,0,0,,0,3-12,"GOLDEN HILL",CRESTON,36.00,N,N,A,-,N,,,,,,,,,,N,4,0,1,2,A,-,03,22350,,N,C,C,A,A,H,-,A,A,0,,,,,Y,,-,,0,0,1,0,0,0,0,0,0,"- ","- ",,,"SAN LUIS OBISPO","PASO ROBLES",-120.65960552,35.622350849999997
7118637,2015,2016-02-05,4004,2015-11-06,1543,1208,03,5,5,3,4004,0,0,0,,0,"3 12",CRESTON,MELODY,250.00,E,N,A,-,N,,,,,,,,,,N,4,0,3,2,A,-,03,22350,,N,C,C,A,A,H,-,A,D,0,,,,,Y,,A,07,0,0,3,0,0,0,0,0,0,"- ","- ",,,"SAN LUIS OBISPO","PASO ROBLES",-120.66186525000001,35.62307053