CASE_ID,ACCIDENT_YEAR,PROC_DATE,JURIS,COLLISION_DATE,COLLISION_TIME,OFFICER_ID,REPORTING_DISTRICT,DAY_OF_WEEK,CHP_SHIFT,POPULATION,CNTY_CITY_LOC,SPECIAL_COND,BEAT_TYPE,CHP_BEAT_TYPE,CITY_DIVISION_LAPD,CHP_BEAT_CLASS,BEAT_NUMBER,PRIMARY_RD,SECONDARY_RD,DISTANCE,DIRECTION,INTERSECTION,WEATHER_1,WEATHER_2,STATE_HWY_IND,CALTRANS_COUNTY,CALTRANS_DISTRICT,STATE_ROUTE,ROUTE_SUFFIX,POSTMILE_PREFIX,POSTMILE,LOCATION_TYPE,RAMP_INTERSECTION,SIDE_OF_HWY,TOW_AWAY,COLLISION_SEVERITY,NUMBER_KILLED,NUMBER_INJURED,PARTY_COUNT,PRIMARY_COLL_FACTOR,PCF_CODE_OF_VIOL,PCF_VIOL_CATEGORY,PCF_VIOLATION,PCF_VIOL_SUBSECTION,HIT_AND_RUN,TYPE_OF_COLLISION,MVIW,PED_ACTION,ROAD_SURFACE,ROAD_COND_1,ROAD_COND_2,LIGHTING,CONTROL_DEVICE,CHP_ROAD_TYPE,PEDESTRIAN_ACCIDENT,BICYCLE_ACCIDENT,MOTORCYCLE_ACCIDENT,TRUCK_ACCIDENT,NOT_PRIVATE_PROPERTY,ALCOHOL_INVOLVED,STWD_VEHTYPE_AT_FAULT,CHP_VEHTYPE_AT_FAULT,COUNT_SEVERE_INJ,COUNT_VISIBLE_INJ,COUNT_COMPLAINT_PAIN,COUNT_PED_KILLED,COUNT_PED_INJURED,COUNT_BICYCLIST_KILLED,COUNT_BICYCLIST_INJURED,COUNT_MC_KILLED,COUNT_MC_INJURED,PRIMARY_RAMP,SECONDARY_RAMP,LATITUDE,LONGITUDE,COUNTY,CITY,POINT_X,POINT_Y
7122945,2015,2015-12-01,4006,2015-10-22,2104,27940,,4,5,4,4006,0,0,0,,0,,RAMONA,"FOOTHILL PLZ",57.00,W,N,A,-,N,,,,,,,,,,Y,3,0,1,2,C,-,18,,,N,C,E,A,A,H,-,C,A,0,,Y,,,Y,,-,"- ",0,1,0,0,0,0,1,0,0,"- ","- ",,,"SAN LUIS OBISPO","SAN LUIS OBISPO",,
7122971,2015,2015-11-23,4006,2015-10-28,0759,15551,,3,5,4,4006,0,0,0,,0,,MORRO,MARSH,103.00,N,N,A,-,N,,,,,,,,,,N,3,0,1,2,A,-,17,22517,,N,A,G,A,A,H,-,A,D,0,,Y,,,Y,,A,01,0,1,0,0,0,0,1,0,0,"- ","- ",,,"SAN LUIS OBISPO","SAN LUIS OBISPO",-120.66122469,35.280037759999999
7124072,2015,2015-12-01,4002,2015-11-14,2248,100,104,6,5,3,4002,0,0,0,,0,002,"WEST GRAND AV","SOUTH OAK PARK BL",0.00,,Y,A,-,N,,,,,,,,,,Y,4,0,1,2,D,-,00,,,N,D,C,A,A,H,-,C,A,0,,,,,Y,,-,"- ",0,0,1,0,0,0,0,0,0,"- ","- ",,,"SAN LUIS OBISPO","GROVER BEACH",-120.60917994,35.12096004
7124265,2015,2016-01-05,4008,2015-10-21,0902,4050,,3,5,4,4008,0,0,0,,0,,"EL CAMINO REAL","CASITAS ST",0.00,,Y,A,-,N,,,,,,,,,,Y,4,0,1,2,A,-,09,21801,A,N,D,C,A,A,D,E,A,D,0,,,,Y,Y,,A,01,0,0,1,0,0,0,0,0,0,"- ","- ",,,"SAN LUIS OBISPO",ATASCADERO,-120.64041,35.456094
7127970,2015,2016-02-01,4001,2015-10-06,1521,P0106,463,2,5,3,4001,0,0,0,,0,,"FAIR OAKS AV","WOODLAND DR",220.00,W,N,A,-,N,,,,,,,,,,N,4,0,2,2,A,-,01,23152,E,N,C,C,A,A,H,-,A,D,0,,,,,Y,Y,A,01,0,0,2,0,0,0,0,0,0,"- ","- ",,,"SAN LUIS OBISPO","ARROYO GRANDE",-120.5890254,35.112714429999997
7132636,2015,2015-12-18,4006,2015-11-06,0730,16380,,5,5,4,4006,0,0,0,,0,,LAUREL,ORCUTT,24.00,N,N,A,-,N,,,,,,,,,,N,4,0,1,2,A,-,08,22105,,N,C,C,A,A,H,-,A,D,0,,,,,Y,,D,22,0,0,1,0,0,0,0,0,0,"- ","- ",,,"SAN LUIS OBISPO","SAN LUIS OBISPO",-120.64345192,35.261421769999998
7132792,2015,2015-12-22,4006,2015-11-10,1830,27940,,2,5,4,4006,0,0,0,,0,,HIGUERA,JOHNSON,0.00,,Y,A,-,N,,,,,,,,,,N,3,0,1,2,A,-,10,21950,A,N,G,B,B,A,H,-,C,A,0,Y,,,,Y,,A,07,0,1,0,0,1,0,0,0,0,"- ","- ",,,"SAN LUIS OBISPO","SAN LUIS OBISPO",-120.65659998,35.28363006
7132861,2015,2016-08-23,4006,2015-11-03,1000,10817,510,2,5,4,4006,0,0,0,,0,,"LOS OSOS VALLEY RD","AUTO PARK",10.00,S,N,A,-,N,,,,,,,,,,N,4,0,1,2,A,-,03,22350,,N,C,C,A,A,H,-,A,D,0,,,,,Y,,A,07,0,0,1,0,0,0,0,0,0,"- ","- ",,,"SAN LUIS OBISPO","SAN LUIS OBISPO",-120.68512143,35.249837139999997
7140360,2015,2015-12-23,4006,2015-11-11,1012,14848,,3,5,4,4006,0,0,0,,0,,"LOS OSOS VALLEY","CALLE JOAQUIN",775.00,E,N,A,-,N,,,,,,,,,,N,4,0,1,2,A,-,03,22350,,N,C,C,A,A,H,-,A,A,0,,,,,Y,,A,07,0,0,1,0,0,0,0,0,0,"- ","- ",,,"SAN LUIS OBISPO","SAN LUIS OBISPO",-120.6821782,35.244719140000001
7140625,2015,2017-01-28,4006,2015-11-10,2309,82350,,2,5,4,4006,0,0,0,,0,,GRAND,"RT 101",0.00,,Y,A,-,Y,SLO,5,101,-,-,29.650,R,4,S,N,3,0,1,2,A,-,09,21801,A,F,D,G,A,A,H,-,C,D,0,,Y,,,Y,Y,A,08,0,1,0,0,0,0,1,0,0,"- ",SO,,,"SAN LUIS OBISPO","SAN LUIS OBISPO",-120.65533163000001,35.291946330000002
7144068,2015,2017-02-03,4004,2015-12-17,1347,1277,3,4,5,3,4004,0,0,0,,0,3-2,"RT 46 E","BLACK OAK",915.00,E,N,A,-,Y,SLO,5,46,-,-,29.930,H,-,E,Y,4,0,1,3,A,-,03,22350,,N,C,C,A,A,H,-,A,D,0,,,,,Y,,A,07,0,0,1,0,0,0,0,0,0,"- ","- ",,,"SAN LUIS OBISPO","PASO ROBLES",-120.68165078,35.643711709999998
7148043,2015,2016-01-20,4005,2015-12-06,1719,097,5,7,5,2,4005,0,0,0,,0,,CYPRESS,ADDIE,179.00,S,N,A,-,N,,,,,,,,,,N,2,0,1,1,A,-,03,22350,,N,E,I,A,A,H,-,C,D,0,,Y,,,Y,Y,L,04,1,0,0,0,0,0,1,0,0,"- ","- ",,,"SAN LUIS OBISPO","PISMO BEACH",-120.63878861000001,35.136814319999999
7148835,2015,2016-02-24,4002,2015-12-15,1451,309,104,2,5,3,4002,0,0,0,,0,002,"S OAK PARK BL","S OAK PARK BL 100",0.00,,N,A,-,N,,,,,,,,,,N,4,0,1,2,A,-,09,21804,A,N,D,C,A,A,H,-,A,D,0,,,,,Y,,A,01,0,0,1,0,0,0,0,0,0,"- ","- ",,,"SAN LUIS OBISPO","GROVER BEACH",-120.60922979999999,35.120204020000003
7149135,2015,2017-01-28,4004,2015-11-12,0759,1208,03,4,5,3,4004,0,0,0,,0,"3 4","RT 46 E",UNION,356.00,E,N,A,-,Y,SLO,5,46,-,-,31.870,H,-,E,Y,4,0,1,2,A,-,03,22350,,N,C,C,A,A,H,-,A,D,0,,,,,Y,,A,08,0,0,1,0,0,0,0,0,0,"- ","- ",,,"SAN LUIS OBISPO","PASO ROBLES",-120.64819694000001,35.644426860000003
7157082,2016,2017-02-11,4008,2016-01-12,1738,1053,,2,5,4,4008,0,0,0,,0,,"MORRO RD","ATASCADERO AV",426.00,W,N,A,-,Y,SLO,5,41,-,-,15.490,H,-,N,Y,4,0,2,4,A,-,03,22350,,N,C,C,A,A,H,-,C,A,0,,,,,Y,,D,22,0,0,2,0,0,0,0,0,0,"- ","- ",35.48077,-120.66656,"SAN LUIS OBISPO",ATASCADERO,-120.66678061,35.479521409999997
7157090,2016,2016-01-22,4008,2016-01-09,0855,3013,,6,5,4,4008,0,0,0,,0,,"EL CAMINO REAL","PLATA LN",98.00,S,N,B,-,N,,,,,,,,,,Y,4,0,2,3,A,-,09,21801,A,N,D,C,A,A,H,-,A,A,0,,,,,Y,,A,07,0,0,2,0,0,0,0,0,0,"- ","- ",35.472499999999997,-120.65358000000001,"SAN LUIS OBISPO",ATASCADERO,-120.65357256999999,35.472255570000002
7157199,2016,2016-02-08,4008,2016-01-03,1201,3054,,7,5,4,4008,0,0,0,,0,48S1,"VENADO AV","ARDILLA RD",0.00,,Y,A,-,N,,,,,,,,,,N,3,0,1,1,A,-,03,22350,,N,E,I,A,A,H,-,A,A,0,,,,,Y,,-,,0,1,0,0,0,0,0,0,0,"- ","- ",,,"SAN LUIS OBISPO",ATASCADERO,-120.68293998999999,35.491599999999998
7160271,2015,2016-01-20,4006,2015-12-11,1317,69585,,5,5,4,4006,0,0,0,,0,,NIPOMO,PACIFIC,0.00,,Y,A,-,N,,,,,,,,,,N,4,0,1,2,A,-,10,21950,A,N,G,B,B,A,H,-,A,A,0,Y,,,,Y,,A,01,0,0,1,0,1,0,0,0,0,"- ","- ",,,"SAN LUIS OBISPO","SAN LUIS OBISPO",-120.66442995,35.276680079999998
7168515,2015,2016-01-26,4006,2015-12-28,0815,69585,,1,5,4,4006,0,0,0,,0,,MADONNA,HIGUERA,0.00,,Y,B,C,N,,,,,,,,,,N,4,0,1,2,A,-,12,21453,A,N,D,G,A,B,H,-,A,A,0,,Y,,,Y,,L,04,0,0,1,0,0,0,1,0,0,"- ","- ",,,"SAN LUIS OBISPO","SAN LUIS OBISPO",-120.670461,35.268273000000001
7168519,2015,2016-01-26,4006,2015-12-28,1719,30105,,1,5,4,4006,0,0,0,,0,,"LOS OSOS VALLEY RD","FROOM RANCH",65.00,N,N,A,B,N,,,,,,,,,,N,4,0,1,2,A,-,03,22350,,N,C,C,A,A,H,-,C,A,0,,,,,Y,,A,07,0,0,1,0,0,0,0,0,0,"- ","- ",,,"SAN LUIS OBISPO","SAN LUIS OBISPO",-120.68776197,35.25267788
7168559,2015,2016-01-26,4006,2015-12-30,1023,16380,,3,5,4,4006,0,0,0,,0,,GRAND,LOOMIS,0.00,,Y,A,-,N,,,,,,,,,,Y,4,0,2,2,A,-,12,22450,A,N,D,C,A,A,H,-,A,A,0,,,,,Y,,A,01,0,0,2,0,0,0,0,0,0,"- ","- ",,,"SAN LUIS OBISPO","SAN LUIS OBISPO",-120.65328992000001,35.292380110000003
7171077,2015,2016-02-20,4001,2015-12-03,1050,P0106,46-2,4,5,3,4001,0,0,0,,0,OPERAT,"RANCHO PKWY","WEST BRANCH ST",279.00,N,N,A,-,N,,,,,,,,,,Y,4,0,1,2,A,-,09,21802,A,N,D,C,A,A,H,-,A,D,0,,,,,Y,,A,01,0,0,1,0,0,0,0,0,0,"- ","- ",,,"SAN LUIS OBISPO","ARROYO GRANDE",-120.59507966,35.126447749999997
7174487,2015,2016-08-17,4006,2015-12-04,0825,S0891,,5,5,4,4006,0,0,0,,0,,"VIA CARTA","S POLY VUE DR",95.00,S,N,A,-,N,,,,,,,,,,N,3,0,1,1,A,-,03,22350,,N,E,I,A,B,H,-,A,D,0,,Y,,,Y,,L,04,0,1,0,0,0,0,1,0,0,"- ","- ",,,"SAN LUIS OBISPO","SAN LUIS OBISPO",-120.66052169,35.299515749999998
7174815,2016,2016-02-10,4004,2016-01-25,1856,1277,04,1,5,3,4004,0,0,0,,0,045,NIBLICK,NICKLAUS,0.00,,Y,A,-,N,,,,,,,,,,Y,4,0,1,2,A,-,09,21453,C,N,D,C,A,A,H,-,C,A,0,,,,,Y,,D,22,0,0,1,0,0,0,0,0,0,"- ","- ",,,"SAN LUIS OBISPO","PASO ROBLES",-120.67562991,35.615790079999996
7174908,2016,2016-03-07,4004,2016-01-15,0914,1208,01,5,5,3,4004,0,0,0,,0,1-7,"13TH ST",RIVERSIDE,63.00,E,N,B,-,N,,,,,,,,,,N,4,0,1,2,A,-,21,22106,,N,C,C,A,B,H,-,A,A,0,,,,,Y,,A,01,0,0,1,0,0,0,0,0,0,"- ","- ",,,"SAN LUIS OBISPO","PASO ROBLES",-120.68680870999999,35.627983630000003
7179577,2016,2016-02-10,4006,2016-01-24,2226,30105,,7,5,4,4006,0,0,0,,0,,ORCUTT,SACRAMENTO,32.00,E,N,A,-,N,,,,,,,,,,N,3,0,1,2,A,-,01,21200,5,N,D,G,A,A,H,-,C,D,0,,Y,,,Y,Y,L,04,0,1,0,0,0,0,1,0,0,"- ","- ",,,"SAN LUIS OBISPO","SAN LUIS OBISPO",-120.64602284,35.261281330000003
7179581,2016,2016-02-10,4005,2016-01-14,1009,P106,6,4,5,2,4005,0,0,0,,0,,"OAK PARK BL","WEST BRANCH ST",0.00,,Y,A,-,N,,,,,,,,,,Y,4,0,1,2,A,-,17,21451,A,N,D,C,A,A,H,-,A,A,0,,,,,Y,,A,01,0,0,1,0,0,0,0,0,0,"- ","- ",,,"SAN LUIS OBISPO","PISMO BEACH",-120.60652998,35.13059011
7183606,2016,2016-02-18,4006,2016-01-18,1513,16380,,1,5,4,4006,0,0,0,,0,,"SAN LUIS DR",JOHNSON,7.00,S,N,A,-,N,,,,,,,,,,Y,4,0,2,2,A,-,03,22350,,N,C,C,A,A,H,-,A,B,0,,,,,Y,,A,07,0,0,2,0,0,0,0,0,0,"- ","- ",,,"SAN LUIS OBISPO","SAN LUIS OBISPO",-120.65204,35.280479999999997
7183618,2016,2016-02-19,4006,2016-01-17,1221,80908,,7,5,4,4006,0,0,0,,0,,MEADOW,FUNSTON,0.00,,Y,A,-,N,,,,,,,,,,Y,4,0,1,2,A,-,08,22103,,N,D,C,A,A,H,-,A,D,0,,,Y,,Y,,A,01,0,0,1,0,0,0,0,0,1,"- ","- ",,,"SAN LUIS OBISPO","SAN LUIS OBISPO",-120.65818989,35.268430010000003
7183674,2016,2016-02-18,4006,2016-01-05,0838,16380,,2,5,4,4006,0,0,0,,0,,HIGUERA,SOUTH,0.00,,Y,C,-,N,,,,,,,,,,Y,4,0,1,2,A,-,12,21453,A,N,D,C,A,B,H,-,A,A,0,,,,,Y,,A,01,0,0,1,0,0,0,0,0,0,"- ","- ",,,"SAN LUIS OBISPO","SAN LUIS OBISPO",-120.67027994999999,35.269550070000001
7183953,2016,2017-02-11,4005,2016-01-08,2107,P105,5,5,5,2,4005,0,0,0,,0,05B,"FIVE CITIES DR","RT 101",0.00,,Y,A,-,Y,SLO,5,101,-,-,16.110,R,4,S,N,4,0,1,2,A,-,17,21451,A,N,D,G,A,A,H,-,C,A,0,,Y,,,Y,,A,07,0,0,1,0,0,0,1,0,0,"- ","- ",,,"SAN LUIS OBISPO","PISMO BEACH",-120.63094072,35.138127920000002
7184562,2016,2017-02-11,4008,2016-01-21,0655,3013,,4,5,4,4008,0,0,0,,0,,"MORRO RD","OLD MORRO RD",1750.00,W,N,E,-,Y,SLO,5,41,-,-,9.950,H,-,N,Y,4,0,3,2,A,-,03,22350,,N,A,C,A,B,H,-,B,D,0,,,,,Y,,A,07,0,0,3,0,0,0,0,0,0,"- ","- ",35.451160000000002,-120.70249,"SAN LUIS OBISPO",ATASCADERO,-120.73924775,35.46066733
7186235,2016,2016-03-02,4006,2016-01-30,1330,50580,SLOS,6,5,4,4006,0,0,0,,0,,HIGUERA,NIPOMO,0.00,,Y,A,-,N,,,,,,,,,,Y,4,0,1,2,A,-,12,21453,A,N,D,C,A,A,H,-,A,D,0,,,,,Y,,-,"- ",0,0,1,0,0,0,0,0,0,"- ","- ",,,"SAN LUIS OBISPO","SAN LUIS OBISPO",-120.66572997,35.278130109999999
7188109,2016,2016-02-22,4008,2016-02-04,1504,3152,,4,5,4,4008,0,0,0,,0,,"ARDILLA RD","SANTA LUCIA RD",15.00,S,N,A,-,N,,,,,,,,,,Y,3,0,1,2,A,-,03,22350,,N,C,C,A,A,H,-,A,D,0,,,,,Y,,A,01,0,1,0,0,0,0,0,0,0,"- ","- ",35.487909999999999,-120.67059999999999,"SAN LUIS OBISPO",ATASCADERO,-120.67057723000001,35.487828229999998
7190979,2016,2016-02-24,4004,2016-01-23,2326,0430,03,6,5,3,4004,0,0,0,,0,3-12,CRESTON,"GOLDEN HILL",18.00,E,N,C,-,N,,,,,,,,,,Y,4,0,1,1,A,-,01,23152,A,N,E,I,A,B,H,-,C,A,0,,,Y,,Y,Y,C,02,0,0,1,0,0,0,0,0,1,"- ","- ",,,"SAN LUIS OBISPO","PASO ROBLES",-120.65965838,35.622237839999997
7199679,2015,2016-05-27,4004,2015-11-22,2044,0928,03,7,5,3,4004,0,0,0,,0,034,AIRPORT,"DRY CREEK",3168.00,S,N,A,-,N,,,,,,,,,,Y,1,1,0,1,A,-,01,23152,A,N,E,I,A,A,H,-,D,D,0,,,,,Y,Y,A,01,0,0,0,0,0,0,0,0,0,"- ","- ",,,"SAN LUIS OBISPO","PASO ROBLES",-120.64070028,35.654211410000002
7200125,2017,2019-04-08,4005,2017-02-25,1813,P090,4,6,5,2,4005,0,0,0,,0,,"SHELL BEACH RD","LEEWARD AV",0.00,,Y,A,-,N,,,,,,,,,,Y,1,1,1,2,A,-,01,23152,B,N,D,C,A,A,H,-,B,D,0,,,Y,,Y,Y,C,02,0,0,1,0,0,0,0,1,0,"- ","- ",,,"SAN LUIS OBISPO","PISMO BEACH",-120.66836995,35.1562001
7203877,2016,2016-03-11,4006,2016-02-08,2028,88911,,1,5,4,4006,0,0,0,,0,,"S HIGUERA",FONTANA,336.00,S,N,A,-,N,,,,,,,,,,N,4,0,1,2,A,-,07,21658,A,N,D,G,A,A,H,-,D,D,0,,Y,,,Y,,L,04,0,0,1,0,0,0,1,0,0,"- ","- ",,,"SAN LUIS OBISPO","SAN LUIS OBISPO",-120.66904055000001,35.26042477
7203881,2016,2016-03-11,4006,2016-02-08,1726,80120,SLO,1,5,4,4006,0,0,0,,0,002,"BROAD ST","BRANCH ST",0.00,,Y,A,-,N,,,,,,,,,,Y,4,0,1,3,A,-,03,22350,,N,C,C,A,A,H,-,A,D,0,,,,,Y,,A,01,0,0,1,0,0,0,0,0,0,"- ","- ",,,"SAN LUIS OBISPO","SAN LUIS OBISPO",-120.65699997999999,35.270269999999996
7207891,2016,2016-03-23,4008,2016-03-10,1447,3152,,4,5,4,4008,0,0,0,,0,,"EL CAMINO REAL","WEST MAL",0.00,,Y,A,-,N,,,,,,,,,,Y,3,0,1,1,A,-,03,22350,,N,E,I,A,A,H,-,A,A,0,,,,,Y,,D,22,0,1,0,0,0,0,0,0,0,"- ","- ",35.488460000000003,-120.66857,"SAN LUIS OBISPO",ATASCADERO,-120.66861391,35.488478520000001
7209700,2016,2016-03-23,4006,2016-03-01,1627,E0120,SLO,2,5,4,4006,0,0,0,,0,,"SANTA ROSA ST","OLIVE ST",125.00,N,N,A,-,N,,,,,,,,,,N,3,0,1,2,A,-,"- ",,,N,B,G,A,A,H,-,A,D,0,,Y,,,Y,,-,"- ",0,1,0,0,0,0,1,0,0,"- ","- ",,,"SAN LUIS OBISPO","SAN LUIS OBISPO",-120.66451818,35.287809969999998
7209871,2016,2016-03-21,4006,2016-03-03,2230,48750,,4,5,4,4006,0,0,0,,0,,CHORRO,WEST,0.00,,Y,A,-,N,,,,,,,,,,N,3,0,1,2,A,-,03,22350,,N,F,G,A,A,H,-,C,D,0,,Y,,,Y,Y,-,"- ",0,1,0,0,0,0,1,0,0,"- ","- ",,,"SAN LUIS OBISPO","SAN LUIS OBISPO",-120.6696699,35.289950079999997
7209883,2016,2016-03-21,4006,2016-03-03,1125,16380,,4,5,4,4006,0,0,0,,0,,"LOS OSOS VALLEY",DIABLO,440.00,W,N,A,-,N,,,,,,,,,,Y,3,0,1,2,C,-,18,,,N,E,H,A,A,H,-,A,D,0,,,,,Y,,-,"- ",0,1,0,0,0,0,0,0,0,"- ","- ",,,"SAN LUIS OBISPO","SAN LUIS OBISPO",-120.70385555,35.268107960000002
7209897,2016,2017-02-11,4006,2016-02-18,0835,68823,,4,5,4,4006,0,0,0,,0,,"LOS OSOS VALLEY RD","RT 101",50.00,N,N,A,-,Y,SLO,5,101,-,-,25.860,R,4,S,N,4,0,1,2,A,-,03,22350,,N,C,C,A,A,D,-,A,D,0,,,,,Y,,A,07,0,0,1,0,0,0,0,0,0,"- ","- ",,,"SAN LUIS OBISPO","SAN LUIS OBISPO",-120.68263319,35.244134129999999
8003407,2016,2016-03-28,4006,2016-03-05,1338,80908,,6,5,4,4006,0,0,0,,0,,BROAD,INDUSTRIAL,0.00,,Y,C,-,N,,,,,,,,,,Y,4,0,2,2,A,-,03,22350,,N,C,C,A,B,H,-,A,A,0,,,,,Y,,A,01,0,0,2,0,0,0,0,0,0,"- ","- ",,,"SAN LUIS OBISPO","SAN LUIS OBISPO",-120.64458996,35.25110007
8003415,2016,2016-03-29,4006,2016-03-05,0228,59980,,6,5,4,4006,0,0,0,,0,,BUCHON,MORRO,177.00,W,N,C,-,N,,,,,,,,,,Y,2,0,1,2,A,-,01,23152,,N,B,E,A,B,H,-,C,A,0,,,,,Y,Y,A,01,1,0,0,0,0,0,0,0,0,"- ","- ",,,"SAN LUIS OBISPO","SAN LUIS OBISPO",-120.65945567,35.277259770000001
8011632,2016,2016-04-11,4006,2016-03-24,1540,16380,,4,5,4,4006,0,0,0,,0,,"LOS OSOS VALLEY","FROOM RANCH",492.00,W,N,A,-,N,,,,,,,,,,N,4,0,1,2,A,-,08,21717,,N,B,G,A,A,H,-,A,D,0,,Y,,,Y,,A,07,0,0,1,0,0,0,1,0,0,"- ","- ",,,"SAN LUIS OBISPO","SAN LUIS OBISPO",-120.68856326,35.253649350000003
8012648,2016,2016-04-11,4002,2016-03-29,1201,093,103,2,5,3,4002,0,0,0,,0,002,"FARROLL RD","S 16TH ST",15.00,E,N,A,-,N,,,,,,,,,,Y,3,0,3,2,A,-,09,21801,A,N,D,C,A,A,H,-,A,A,0,,,,,Y,,A,01,0,1,2,0,0,0,0,0,0,"- ","- ",,,"SAN LUIS OBISPO","GROVER BEACH",-120.61239086,35.11074181
8020506,2016,2017-02-11,4004,2016-03-23,0955,0687,02,3,5,3,4004,0,0,0,,0,"3    2","RT 46","BUENA VISTA",296.00,E,N,A,-,Y,SLO,5,46,-,-,30.510,H,-,W,Y,4,0,1,2,A,-,03,22350,,N,C,C,A,A,H,-,A,A,0,,,,,Y,,A,01,0,0,1,0,0,0,0,0,0,"- ","- ",,,"SAN LUIS OBISPO","PASO ROBLES",-120.67181907,35.644629309999999
8021062,2016,2016-04-15,4006,2016-03-30,1846,59350,,3,5,4,4006,0,0,0,,0,,MADONNA,HIGUERA,20.00,W,N,A,-,N,,,,,,,,,,N,4,0,1,2,A,-,03,22350,,N,C,C,A,A,H,-,A,A,0,,,,,Y,,A,01,0,0,1,0,0,0,0,0,0,"- ","- ",,,"SAN LUIS OBISPO","SAN LUIS OBISPO",-120.67054242,35.268212660000003
8022291,2016,2016-08-24,4001,2016-03-21,0921,P0106,46-1,1,5,3,4001,0,0,0,,0,OPERAT,"E BRANCH ST","CROWN HILL ST",201.00,E,N,B,-,N,,,,,,,,,,Y,4,0,1,2,A,-,03,22350,,N,C,C,A,B,H,-,A,D,0,,,,,Y,,A,01,0,0,1,0,0,0,0,0,0,"- ","- ",,,"SAN LUIS OBISPO","ARROYO GRANDE",-120.57452075,35.125129940000001
8022319,2016,2016-04-19,4001,2016-03-01,1305,P0106,46-3,2,5,3,4001,0,0,0,,0,OPERAT,"EAST GRAND AV","COURTLAND RD",48.00,W,N,A,-,N,,,,,,,,,,N,4,0,1,2,A,-,03,22350,,N,C,C,A,A,H,-,A,A,0,,,,,Y,,-,,0,0,1,0,0,0,0,0,0,"- ","- ",,,"SAN LUIS OBISPO","ARROYO GRANDE",-120.60682022,35.120847449999999
8027422,2016,2016-04-29,4004,2016-04-11,0915,1187,01,1,5,3,4004,0,0,0,,0,"1 7",RIVERSIDE,13TH,50.00,N,N,A,-,N,,,,,,,,,,N,4,0,1,2,A,-,05,21202,A,N,D,G,A,A,H,-,A,A,0,,Y,,,Y,,L,04,0,0,1,0,0,0,1,0,0,"- ","- ",,,"SAN LUIS OBISPO","PASO ROBLES",-120.68702914000001,35.628107129999997
8027426,2016,2016-04-29,4004,2016-04-01,0807,0476,02,5,5,3,4004,0,0,0,,0,"2 6",RIVER,NAVAJO,0.00,,Y,A,-,N,,,,,,,,,,N,3,0,1,1,C,-,18,,,N,E,I,A,A,H,-,A,A,0,,Y,,,Y,,-,"- ",0,1,0,0,0,0,1,0,0,"- ","- ",,,"SAN LUIS OBISPO","PASO ROBLES",-120.68027991,35.618030089999998
8027513,2016,2017-02-14,4004,2016-04-09,1246,0476,03,6,5,3,4004,0,0,0,,0,"3    3","RT 46","BUENA VISTA",25.00,E,N,B,-,Y,SLO,5,46,-,-,30.520,H,-,W,Y,3,0,2,2,A,-,03,22350,,N,C,C,A,A,H,-,A,A,0,,,,,Y,,A,01,0,1,1,0,0,0,0,0,0,"- ","- ",,,"SAN LUIS OBISPO","PASO ROBLES",-120.67164747,35.644629039999998
8033765,2016,2016-08-29,4002,2016-04-11,1632,478,102,1,5,3,4002,0,0,0,,0,001,"W GRAND AV","N 4TH ST",0.00,,Y,A,-,N,,,,,,,,,,N,3,0,1,2,A,-,09,21800,A,N,D,G,A,A,H,-,A,A,0,,Y,,,Y,,A,01,0,1,0,0,0,0,1,0,0,"- ","- ",,,"SAN LUIS OBISPO","GROVER BEACH",-120.62643986,35.121800049999997
8033947,2016,2016-05-09,4002,2016-04-03,0216,368,102,7,5,3,4002,0,0,0,,0,001,"W GRAND AV","N 5TH ST",7.00,E,N,A,-,N,,,,,,,,,,Y,3,0,1,1,A,-,01,23152,F,N,E,I,A,A,H,-,C,A,0,,,,,Y,Y,A,07,0,1,0,0,0,0,0,0,0,"- ","- ",,,"SAN LUIS OBISPO","GROVER BEACH",-120.62516665,35.12173868
8034636,2016,2016-05-04,4006,2016-04-19,1213,16380,,2,5,4,4006,0,0,0,,0,,BROAD,FRANCIS,26.00,N,N,A,-,N,,,,,,,,,,N,4,0,1,2,A,-,08,22107,,N,D,C,A,A,H,-,A,D,0,,,,,Y,,A,01,0,0,1,0,0,0,0,0,0,"- ","- ",,,"SAN LUIS OBISPO","SAN LUIS OBISPO",-120.65338819,35.265819489999998
8034647,2016,2016-05-04,4006,2016-04-19,0837,61680,,2,5,4,4006,0,0,0,,0,,MURRAY,CASA,0.00,,Y,A,-,N,,,,,,,,,,Y,4,0,1,3,A,-,12,22450,A,N,D,C,A,A,H,-,A,A,0,,,,,Y,,A,07,0,0,1,0,0,0,0,0,0,"- ","- ",,,"SAN LUIS OBISPO","SAN LUIS OBISPO",-120.66477992,35.290930070000002
8040355,2016,2017-02-18,4006,2016-04-22,1433,14848,,5,5,4,4006,0,0,0,,0,,MADONNA,"RT 101",160.00,E,N,A,-,Y,SLO,5,101,-,-,27.430,R,4,S,N,4,0,2,2,A,-,03,22350,,F,C,C,A,A,H,-,A,A,0,,,,,Y,,-,,0,0,2,0,0,0,0,0,0,"- ",SF,,,"SAN LUIS OBISPO","SAN LUIS OBISPO",-120.67373852999999,35.264984579999997
8040399,2016,2016-05-16,4006,2016-04-29,1006,80908,,5,5,4,4006,0,0,0,,0,,HIGUERA,MADONNA,0.00,,Y,A,-,N,,,,,,,,,,Y,4,0,1,2,A,-,09,21801,A,N,D,C,A,A,H,-,A,A,0,,,,,Y,,A,01,0,0,1,0,0,0,0,0,0,"- ","- ",,,"SAN LUIS OBISPO","SAN LUIS OBISPO",-120.670461,35.268273000000001
8041591,2016,2016-06-06,4004,2016-04-23,0952,901,1,6,5,3,4004,0,0,0,,0,013,"BLACK OAK",RIVERSIDE,200.00,E,N,A,-,N,,,,,,,,,,N,4,0,1,2,A,-,08,22107,,N,C,E,A,A,H,-,A,D,0,,,,Y,Y,,A,07,0,0,1,0,0,0,0,0,0,"- ","- ",,,"SAN LUIS OBISPO","PASO ROBLES",-120.68840921,35.64444451
8043966,2016,2017-02-14,4008,2016-04-15,1550,3054,,5,5,4,4008,0,0,0,,0,,"MORRO RD","EL CAMINO REAL",199.00,W,N,A,-,Y,SLO,5,41,-,-,15.910,H,-,S,Y,3,0,1,1,A,-,05,21650,,N,E,I,A,A,H,-,A,A,0,,,,,Y,,-,,0,1,0,0,0,0,0,0,0,"- ","- ",35.4861,-120.66485,"SAN LUIS OBISPO",ATASCADERO,-120.66503704,35.485536940000003
8043970,2016,2016-08-29,4008,2016-04-28,1713,3152,,4,5,4,4008,0,0,0,,0,,"EL CAMINO REAL","DEL RIO RD",0.00,,Y,A,-,N,,,,,,,,,,Y,4,0,1,2,A,-,12,21453,A,N,D,C,A,A,H,-,A,A,0,,,,,Y,,A,07,0,0,1,0,0,0,0,0,0,"- ","- ",35.513590000000001,-120.6977,"SAN LUIS OBISPO",ATASCADERO,-120.69778995999999,35.5137401