CASE_ID,ACCIDENT_YEAR,PROC_DATE,JURIS,COLLISION_DATE,COLLISION_TIME,OFFICER_ID,REPORTING_DISTRICT,DAY_OF_WEEK,CHP_SHIFT,POPULATION,CNTY_CITY_LOC,SPECIAL_COND,BEAT_TYPE,CHP_BEAT_TYPE,CITY_DIVISION_LAPD,CHP_BEAT_CLASS,BEAT_NUMBER,PRIMARY_RD,SECONDARY_RD,DISTANCE,DIRECTION,INTERSECTION,WEATHER_1,WEATHER_2,STATE_HWY_IND,CALTRANS_COUNTY,CALTRANS_DISTRICT,STATE_ROUTE,ROUTE_SUFFIX,POSTMILE_PREFIX,POSTMILE,LOCATION_TYPE,RAMP_INTERSECTION,SIDE_OF_HWY,TOW_AWAY,COLLISION_SEVERITY,NUMBER_KILLED,NUMBER_INJURED,PARTY_COUNT,PRIMARY_COLL_FACTOR,PCF_CODE_OF_VIOL,PCF_VIOL_CATEGORY,PCF_VIOLATION,PCF_VIOL_SUBSECTION,HIT_AND_RUN,TYPE_OF_COLLISION,MVIW,PED_ACTION,ROAD_SURFACE,ROAD_COND_1,ROAD_COND_2,LIGHTING,CONTROL_DEVICE,CHP_ROAD_TYPE,PEDESTRIAN_ACCIDENT,BICYCLE_ACCIDENT,MOTORCYCLE_ACCIDENT,TRUCK_ACCIDENT,NOT_PRIVATE_PROPERTY,ALCOHOL_INVOLVED,STWD_VEHTYPE_AT_FAULT,CHP_VEHTYPE_AT_FAULT,COUNT_SEVERE_INJ,COUNT_VISIBLE_INJ,COUNT_COMPLAINT_PAIN,COUNT_PED_KILLED,COUNT_PED_INJURED,COUNT_BICYCLIST_KILLED,COUNT_BICYCLIST_INJURED,COUNT_MC_KILLED,COUNT_MC_INJURED,PRIMARY_RAMP,SECONDARY_RAMP,LATITUDE,LONGITUDE,COUNTY,CITY,POINT_X,POINT_Y
8046178,2016,2016-05-23,4002,2016-04-25,2237,311,101,1,5,3,4002,0,0,0,,0,001,"W GRAND AV","3RD ST",0.00,W,N,A,-,N,,,,,,,,,,N,3,0,1,1,A,-,01,21200,5,N,H,I,A,A,H,-,C,A,0,,Y,,,Y,Y,L,04,0,1,0,0,0,0,1,0,0,"- ","- ",,,"SAN LUIS OBISPO","GROVER BEACH",-120.62763992000001,35.121850010000003
8050607,2016,2016-06-11,4006,2016-05-23,1451,16380,,1,5,4,4006,0,0,0,,0,,"SANTA ROSA",PEACH,30.00,S,N,A,-,N,,,,,,,,,,N,4,0,1,3,A,-,03,22350,,N,C,C,A,A,H,-,A,D,0,,,,,Y,,A,01,0,0,1,0,0,0,0,0,0,"- ","- ",,,"SAN LUIS OBISPO","SAN LUIS OBISPO",-120.66212134,35.285063090000001
8053728,2016,2016-06-06,4006,2016-05-20,1347,80908,,5,5,4,4006,0,0,0,,0,,FOOTHILL,"SANTA ROSA",240.00,E,N,A,-,N,,,,,,,,,,N,3,0,1,2,A,-,09,21804,A,N,D,C,A,A,H,-,A,A,0,,,,,Y,,A,01,0,1,0,0,0,0,0,0,0,"- ","- ",,,"SAN LUIS OBISPO","SAN LUIS OBISPO",-120.66725590999999,35.294069999999998
8059060,2015,2016-11-22,4005,2015-05-09,1043,P068,3,6,5,2,4005,0,0,0,,0,,"PRICE ST","WADSWORTH AV",0.00,,Y,A,-,N,,,,,,,,,,Y,4,0,1,2,A,-,09,21802,B,N,D,C,A,A,H,-,A,D,0,,,,,Y,,A,01,0,0,1,0,0,0,0,0,0,"- ","- ",,,"SAN LUIS OBISPO","PISMO BEACH",-120.64250989999999,35.143890110000001
8059142,2016,2016-06-16,4005,2016-04-08,1856,P081,5,5,5,2,4005,0,0,0,,0,,"FIVE CITIES DR","4TH ST",144.00,N,N,A,-,N,,,,,,,,,,N,4,0,1,2,-,-,"- ",,,N,D,G,A,A,H,-,A,D,0,,Y,,,Y,,-,"- ",0,0,1,0,0,0,1,0,0,"- ","- ",,,"SAN LUIS OBISPO","PISMO BEACH",-120.62252203,35.135876850000002
8064601,2016,2016-06-21,4005,2016-03-28,1147,P107,2,1,5,2,4005,0,0,0,,0,,"OCEAN BL","WINDWARD AV",0.00,,Y,A,-,N,,,,,,,,,,N,3,0,1,1,A,-,03,22350,,N,H,I,A,B,G,-,A,D,0,,Y,,,Y,,L,04,0,1,0,0,0,0,1,0,0,"- ","- ",,,"SAN LUIS OBISPO","PISMO BEACH",-120.67123998,35.153300090000002
8064793,2016,2016-06-16,4002,2016-06-03,1450,311,211,5,5,3,4002,0,0,0,,0,002,"S OAK PARK BL","FARROLL RD",10.00,N,N,A,-,N,,,,,,,,,,Y,3,0,1,2,A,-,09,21802,A,N,D,C,A,A,H,-,A,A,0,,,,,Y,,A,01,0,1,0,0,0,0,0,0,0,"- ","- ",,,"SAN LUIS OBISPO","GROVER BEACH",-120.6073595,35.110717469999997
8065156,2016,2016-08-29,4006,2016-05-31,1806,69585,,2,5,4,4006,0,0,0,,0,,BROAD,FIERO,107.00,N,N,A,-,N,,,,,,,,,,Y,3,0,1,2,A,-,01,23153,B,N,C,C,A,A,H,-,A,A,0,,,,,Y,Y,A,07,0,1,0,0,0,0,0,0,0,"- ","- ",,,"SAN LUIS OBISPO","SAN LUIS OBISPO",-120.64129909,35.244950860000003
8069828,2016,2016-06-29,4004,2016-06-13,0855,1197,01,1,5,3,4004,0,0,0,,0,"1 3",SPRING,28TH,75.00,N,N,A,-,N,,,,,,,,,,N,4,0,2,2,A,-,09,21801,A,N,D,C,A,A,H,-,A,D,0,,,,,Y,,D,22,0,0,2,0,0,0,0,0,0,"- ","- ",,,"SAN LUIS OBISPO","PASO ROBLES",-120.69280567,35.643535610000001
8069939,2016,2016-07-12,4004,2016-06-12,1218,0657,02,7,5,3,4004,0,0,0,,0,4-5,RIVER,"OAK HILL",12.00,N,N,A,-,N,,,,,,,,,,N,4,0,1,2,A,-,09,21802,A,N,D,G,A,A,H,-,A,D,0,,Y,,,Y,,L,04,0,0,1,0,0,0,1,0,0,"- ","- ",,,"SAN LUIS OBISPO","PASO ROBLES",-120.68010472,35.613872739999998
8070298,2016,2016-06-28,4006,2016-06-08,1745,60659,,3,5,4,4006,0,0,0,,0,,JOHNSON,"SAN LUIS DR",90.00,S,N,A,-,N,,,,,,,,,,Y,4,0,1,3,A,-,03,22350,,N,C,C,A,A,H,-,A,A,0,,,,,Y,,D,22,0,0,1,0,0,0,0,0,0,"- ","- ",,,"SAN LUIS OBISPO","SAN LUIS OBISPO",-120.65176526,35.280386309999997
8070425,2016,2016-06-29,4006,2016-06-02,1318,69585,,4,5,4,4006,0,0,0,,0,,BROAD,"TANK FARM",139.00,S,N,A,-,N,,,,,,,,,,Y,4,0,2,2,A,-,03,22350,,N,C,C,A,A,H,-,A,A,0,,,,,Y,,A,01,0,0,2,0,0,0,0,0,0,"- ","- ",,,"SAN LUIS OBISPO","SAN LUIS OBISPO",-120.64283484000001,35.247999700000001
8072268,2016,2017-02-04,4008,2016-06-03,1346,4080,,5,5,4,4008,0,0,0,,0,,"MORRO RD","ATASCADERO AV",132.00,E,N,A,-,Y,SLO,5,41,-,-,15.630,H,-,S,Y,4,0,1,2,A,-,09,21804,,N,D,C,A,-,H,-,A,D,0,,,,,Y,,A,01,0,0,1,0,0,0,0,0,0,"- ","- ",35.48077,-120.66556,"SAN LUIS OBISPO",ATASCADERO,-120.66620020000001,35.481524659999998
8072367,2016,2017-02-18,4008,2016-05-28,2317,1029,,6,5,4,4008,0,0,0,,0,,"SANTA ROSA RD","EAST FRONT RD",39.00,W,N,A,-,Y,SLO,5,101,-,-,44.160,R,4,N,Y,3,0,1,2,A,-,05,21650,,N,A,C,A,A,H,-,C,A,0,,,,,Y,,A,01,0,1,0,0,0,0,0,0,0,"- ","- ",35.466099999999997,-120.651,"SAN LUIS OBISPO",ATASCADERO,-120.65269334,35.467829209999998
8074222,2016,2016-08-10,4004,2016-07-28,1951,1233,04,4,5,3,4004,0,0,0,,0,"4 2",CRESTON,MELODY,1.00,N,N,A,-,N,,,,,,,,,,N,3,0,1,1,A,-,03,22350,,N,H,A,A,A,H,-,A,A,0,,Y,,,Y,Y,L,04,0,1,0,0,0,0,1,0,0,"- ","- ",,,"SAN LUIS OBISPO","PASO ROBLES",-120.66267323,35.623270759999997
8078903,2016,2016-07-12,4008,2016-06-23,1458,3125,,4,5,4,4008,0,0,0,,0,,"EL CAMINO REAL","ROSARIO AV",259.00,N,N,A,-,N,,,,,,,,,,Y,4,0,1,2,A,-,09,21804,A,N,A,C,A,A,H,-,A,D,0,,,,,Y,,A,01,0,0,1,0,0,0,0,0,0,"- ","- ",35.49098,-120.67348,"SAN LUIS OBISPO",ATASCADERO,-120.67408482,35.491258019999997
8078907,2016,2016-07-12,4008,2016-06-15,1253,3152,,3,5,4,4008,0,0,0,,0,,"SANTA YNEZ AV","SAN ANDRES AV",332.00,W,N,A,-,N,,,,,,,,,,N,3,0,1,1,C,-,18,,,N,F,I,A,A,H,-,A,D,0,,,Y,,Y,,-,"- ",0,1,0,0,0,0,0,0,1,"- ","- ",35.481059999999999,-120.66965999999999,"SAN LUIS OBISPO",ATASCADERO,-120.66987222,35.481845589999999
8081219,2016,2016-08-11,4006,2016-07-25,1425,15913,,1,5,4,4006,0,0,0,,0,,CALIFORNIA,TAFT,85.00,N,N,A,-,N,,,,,,,,,,Y,3,0,1,2,A,-,05,21460,A,N,B,C,A,A,H,-,A,A,0,,,,,Y,,D,22,0,1,0,0,0,0,0,0,0,"- ","- ",,,"SAN LUIS OBISPO","SAN LUIS OBISPO",-120.66046374,35.291091029999997
8082591,2016,2016-07-13,4006,2016-05-20,1500,S9317,4007,5,5,4,4006,0,0,0,,0,,"CALIFORNIA BL BIKE PATH","SPANOS STADIUM",0.00,,-,F,-,N,,,,,,,,,,N,2,0,1,2,D,-,00,,,N,C,B,E,-,-,-,A,D,0,Y,Y,,,Y,,-,"- ",1,0,0,0,1,0,0,0,0,"- ","- ",,,"SAN LUIS OBISPO","SAN LUIS OBISPO",,
8083559,2016,2016-07-18,4006,2016-06-24,1645,63365,,5,5,4,4006,0,0,0,,0,,BROAD,STONRIDGE,29.00,E,N,A,-,N,,,,,,,,,,Y,4,0,2,2,A,-,09,21802,A,N,D,C,A,A,H,-,A,A,0,,,,,Y,,A,07,0,0,2,0,0,0,0,0,0,"- ","- ",,,"SAN LUIS OBISPO","SAN LUIS OBISPO",-120.65173910999999,35.263692149999997
8083599,2016,2016-07-18,4006,2016-06-07,2226,88908,,2,5,4,4006,0,0,0,,0,,FOOTHILL,"SANTA ROSA",180.00,E,N,A,-,N,,,,,,,,,,Y,3,0,1,1,A,-,08,22107,,N,E,I,A,A,H,-,C,A,0,,,,,Y,Y,A,01,0,1,0,0,0,0,0,0,0,"- ","- ",,,"SAN LUIS OBISPO","SAN LUIS OBISPO",-120.66745693,35.294069999999998
8084676,2016,2016-07-25,4006,2016-07-01,1350,59980,,5,5,4,4006,0,0,0,,0,,MORRO,BUCHON,0.00,,Y,A,-,N,,,,,,,,,,N,4,0,1,2,A,-,09,21802,A,N,D,G,A,A,H,-,A,A,0,,Y,,,Y,,A,07,0,0,1,0,0,0,1,0,0,"- ","- ",,,"SAN LUIS OBISPO","SAN LUIS OBISPO",-120.65897993999999,35.27755003
8084712,2016,2016-07-25,4006,2016-07-01,2238,89870,,5,5,4,4006,0,0,0,,0,,"PREFUMO CANYON RD","VALLEY RD",0.00,,Y,A,-,N,,,,,,,,,,N,4,0,1,2,A,-,11,21955,,N,G,B,D,A,H,-,C,D,0,Y,,,,Y,,N,60,0,0,1,0,1,0,0,0,0,"- ","- ",,,"SAN LUIS OBISPO","SAN LUIS OBISPO",-120.69842041,35.263510760000003
8086473,2016,2016-07-18,4001,2016-06-13,1302,P0123,46-2,1,5,3,4001,0,0,0,,0,OPERAT,"JAMES WY","N OAK PARK BL",0.00,,Y,A,-,N,,,,,,,,,,Y,2,0,2,2,A,-,12,21453,A,N,D,A,A,A,H,-,A,A,0,,,,,Y,Y,A,01,1,0,1,0,0,0,0,0,0,"- ","- ",,,"SAN LUIS OBISPO","ARROYO GRANDE",-120.6052799,35.133980010000002
8091047,2016,2017-02-22,4003,2016-04-18,1834,P2413,3,1,5,2,4003,0,0,0,,0,001,"HARBOR ST","MARKET AV",0.00,,Y,A,-,N,,,,,,,,,,N,3,0,2,3,A,-,10,21950,A,N,G,B,B,A,H,-,A,D,0,Y,,,,Y,Y,A,01,0,2,0,0,2,0,0,0,0,"- ","- ",,,"SAN LUIS OBISPO","MORRO BAY",-120.85232999,35.36686006
8099576,2016,2016-08-10,4005,2016-07-24,1700,P097,3,7,5,2,4005,0,0,0,,0,,ADDIE,CYPRESS,550.00,W,N,A,-,N,,,,,,,,,,N,4,0,1,2,A,-,09,21804,A,N,D,C,A,A,H,-,A,A,0,,,,,Y,,A,07,0,0,1,0,0,0,0,0,0,"- ","- ",,,"SAN LUIS OBISPO","PISMO BEACH",-120.63912000000001,35.137210000000003
8099702,2016,2016-08-11,4005,2016-07-22,1958,P104,5,5,5,2,4005,0,0,0,,0,,"FIVE CITIES","4TH ST",570.00,N,N,A,-,N,,,,,,,,,,N,2,0,1,1,A,-,03,22350,,N,H,A,A,A,H,-,B,D,0,,,Y,,Y,Y,C,02,1,0,0,0,0,0,0,0,1,"- ","- ",,,"SAN LUIS OBISPO","PISMO BEACH",-120.6238706,35.136185230000002
8103420,2016,2016-09-28,4002,2016-08-22,1654,555,208,1,5,3,4002,0,0,0,,0,002,"S OAK PARK BL","MENTONE AV",10.00,S,N,A,-,N,,,,,,,,,,N,3,0,1,2,A,-,09,21800,C,N,D,C,A,A,H,-,A,A,0,,,,,Y,,A,01,0,1,0,0,0,0,0,0,0,"- ","- ",,,"SAN LUIS OBISPO","GROVER BEACH",-120.60966249000001,35.114842609999997
8104273,2016,2016-08-26,4006,2016-07-28,1923,89870,,4,5,4,4006,0,0,0,,0,,GARDEN,BUCHON,0.00,,Y,A,-,N,,,,,,,,,,Y,4,0,1,2,A,-,09,21802,A,N,D,C,A,A,H,-,A,A,0,,,,,Y,,A,01,0,0,1,0,0,0,0,0,0,"- ","- ",35.165840000000003,-120.39646,"SAN LUIS OBISPO","SAN LUIS OBISPO",-120.66085,35.276410069999997
8104281,2016,2016-08-26,4006,2016-07-24,1431,80908,,7,5,4,4006,0,0,0,,0,,HIGUERA,VACHELL,0.00,,Y,A,-,N,,,,,,,,,,Y,4,0,1,2,A,-,03,22350,,N,C,C,A,A,H,-,A,A,0,,,,,Y,,A,01,0,0,1,0,0,0,0,0,0,"- ","- ",,,"SAN LUIS OBISPO","SAN LUIS OBISPO",-120.67598999000001,35.243110080000001
8104738,2016,2016-08-23,4008,2016-08-05,1529,3013,,5,5,4,4008,0,0,0,,0,,"EL CAMINO REAL","LA LINIA AV",175.00,S,N,A,-,N,,,,,,,,,,Y,3,0,1,2,A,-,03,22350,,N,C,E,A,A,H,-,A,D,0,,,,,Y,,A,07,0,1,0,0,0,0,0,0,0,"- ","- ",35.470030000000001,-120.65254,"SAN LUIS OBISPO",ATASCADERO,-120.65225289999999,35.46962061
8104742,2016,2016-08-23,4008,2016-08-13,0830,3125,,6,5,4,4008,0,0,0,,0,,"EL CAMINO REAL","EL BORDO AV",0.00,,Y,A,-,N,,,,,,,,,,N,3,0,1,2,A,-,05,21202,A,F,D,G,A,A,H,-,A,D,0,,Y,,,Y,,L,04,0,1,0,0,0,0,1,0,0,"- ","- ",35.46405,-120.64681,"SAN LUIS OBISPO",ATASCADERO,-120.6468799,35.46398001
8110905,2016,2016-08-31,4008,2016-08-16,0905,3013,,2,5,4,4008,0,0,0,,0,,"SAN ANDRES AV","SANTA YNEZ AV",102.00,E,N,A,-,N,,,,,,,,,,N,3,0,1,1,A,-,03,22350,,N,A,I,A,A,H,-,A,D,0,,,,,Y,,D,22,0,1,0,0,0,0,0,0,0,"- ","- ",35.481059999999999,-120.66965999999999,"SAN LUIS OBISPO",ATASCADERO,-120.66918793000001,35.480965550000001
8116024,2016,2016-09-06,4006,2016-08-16,1721,32625,,2,5,4,4006,0,0,0,,0,,BROAD,SWEENEY,0.00,,Y,A,-,N,,,,,,,,,,Y,3,0,1,2,A,-,09,21801,A,N,D,C,A,-,H,-,A,A,0,,,,,Y,,A,01,0,1,0,0,0,0,0,0,0,"- ","- ",35.262450000000001,-120.65084,"SAN LUIS OBISPO","SAN LUIS OBISPO",-120.65084985999999,35.26249009
8116048,2016,2016-09-06,4006,2016-08-15,1715,55155,,1,5,4,4006,0,0,0,,0,,MADONNA,DALIDIO,0.00,,Y,A,-,N,,,,,,,,,,N,4,0,1,2,A,-,03,22350,,N,C,C,A,A,H,-,A,A,0,,,,,Y,,A,01,0,0,1,0,0,0,0,0,0,"- ","- ",35.261490000000002,-120.67995999999999,"SAN LUIS OBISPO","SAN LUIS OBISPO",-120.68012988,35.261320040000001
8116614,2016,2016-09-07,4004,2016-08-21,1444,1277,01,7,5,3,4004,0,0,0,,0,1-7,SPRING,13TH,22.00,N,N,A,-,N,,,,,,,,,,N,4,0,1,2,A,-,03,22350,,N,C,C,A,A,H,-,A,A,0,,,,,Y,,A,07,0,0,1,0,0,0,0,0,0,"- ","- ",,,"SAN LUIS OBISPO","PASO ROBLES",-120.69149527,35.627790279999999
8116618,2016,2016-09-07,4004,2016-08-29,0725,0476,04,1,5,3,4004,0,0,0,,0,4-1,NIBLICK,MELODY,0.00,,Y,A,-,N,,,,,,,,,,N,3,0,1,2,A,-,09,21801,A,N,D,G,A,A,H,-,A,A,0,,Y,,,Y,,A,08,0,1,0,0,0,0,1,0,0,"- ","- ",,,"SAN LUIS OBISPO","PASO ROBLES",-120.66622989,35.615750089999999
8117963,2016,2016-09-19,4006,2016-08-25,1128,16380,,4,5,4,4006,0,0,0,,0,,BROAD,BUCHON,0.00,,Y,A,-,N,,,,,,,,,,Y,4,0,2,2,A,-,12,21453,A,N,D,C,A,A,H,-,A,A,0,,,,,Y,,D,22,0,0,2,0,0,0,0,0,0,"- ","- ",35.1633,-120.39427999999999,"SAN LUIS OBISPO","SAN LUIS OBISPO",-120.66176994999999,35.275860090000002
8121724,2016,2016-09-19,4006,2016-08-29,1101,16380,,1,5,4,4006,0,0,0,,0,,BROAD,MITCHELL,55.00,N,N,A,-,N,,,,,,,,,,N,4,0,1,2,A,-,07,21658,A,N,H,G,A,A,H,-,A,D,0,,Y,,,Y,,L,04,0,0,1,0,0,0,1,0,0,"- ","- ",35.155610000000003,-120.39116,"SAN LUIS OBISPO","SAN LUIS OBISPO",-120.65304518000001,35.265359349999997
8121728,2016,2017-02-24,4006,2016-08-31,1749,59350,,3,5,4,4006,0,0,0,,0,,"RT 1",MURRAY,15.00,N,N,A,-,Y,SLO,5,1,-,-,17.110,I,5,S,N,4,0,2,2,A,-,03,22350,,N,C,C,A,A,H,-,A,A,0,,,,,Y,,A,01,0,0,2,0,0,0,0,0,0,"- ","- ",35.174550000000004,-120.40034,"SAN LUIS OBISPO","SAN LUIS OBISPO",-120.66702072,35.29084349
8122558,2016,2016-09-16,4004,2016-09-02,1613,0430,04,5,5,3,4004,0,0,0,,0,"4 8",CRESTON,MYRTLEWOOD,42.00,N,N,A,-,N,,,,,,,,,,Y,4,0,2,3,A,-,03,22350,,N,C,C,A,A,H,-,A,D,0,,,,,Y,,A,01,0,0,2,0,0,0,0,0,0,"- ","- ",,,"SAN LUIS OBISPO","PASO ROBLES",-120.65898088,35.606195360000001
8123785,2016,2016-09-20,4001,2016-08-22,2028,P0132,463,1,5,3,4001,0,0,0,,0,OPERAT,"EAST GRAND AV","NORTH COURTLAND ST",330.00,E,N,A,-,N,,,,,,,,,,N,3,0,1,2,A,-,11,21954,A,N,G,B,D,A,H,-,C,D,0,Y,,,,Y,Y,N,60,0,1,0,0,1,0,0,0,0,"- ","- ",,,"SAN LUIS OBISPO","ARROYO GRANDE",-120.60555853,35.120788580000003
8123941,2016,2017-01-24,4001,2016-08-09,1417,P0114,463,2,5,3,4001,0,0,0,,0,SUPPOR,"EAST GRAND AV","RT 101",0.00,,Y,A,-,Y,SLO,5,101,-,-,13.320,R,4,S,Y,4,0,1,2,A,-,12,21453,A,N,D,C,A,A,C,D,A,A,0,,,,,Y,,A,01,0,0,1,0,0,0,0,0,0,"- ","- ",,,"SAN LUIS OBISPO","ARROYO GRANDE",-120.58633561000001,35.12205179
8124489,2016,2016-09-20,4001,2016-08-17,0757,P0114,463,3,5,3,4001,0,0,0,,0,SUPPOR,"HALCYON RD","FARROLL RD",0.00,,Y,A,-,N,,,,,,,,,,N,3,0,1,2,A,-,09,21802,A,N,D,C,A,A,H,-,A,A,0,,,,,Y,,A,01,0,1,0,0,0,0,0,0,0,"- ","- ",,,"SAN LUIS OBISPO","ARROYO GRANDE",-120.59161997,35.110740020000001
8128989,2016,2016-09-26,4006,2016-09-06,0905,16380,,2,5,4,4006,0,0,0,,0,,"SANTA ROSA",MONTEREY,4.00,N,N,A,-,N,,,,,,,,,,N,4,0,1,2,A,-,08,22107,,N,D,G,A,A,H,-,A,D,0,,Y,,,Y,,A,01,0,0,1,0,0,0,1,0,0,"- ","- ",35.16574,-120.39360000000001,"SAN LUIS OBISPO","SAN LUIS OBISPO",-120.65996767,35.282609010000002
8129257,2016,2016-09-28,4006,2016-09-06,1505,69585,,2,5,4,4006,0,0,0,,0,,MARSH,TORO,0.00,,Y,A,-,N,,,,,,,,,,,4,0,1,2,A,-,09,21802,A,N,D,C,A,A,H,-,A,A,0,,,,,Y,,A,07,0,0,1,0,0,0,0,0,0,"- ","- ",,,"SAN LUIS OBISPO","SAN LUIS OBISPO",-120.6572099,35.282170020000002
8145405,2016,2016-10-20,4006,2016-09-15,1206,16380,,4,5,4,4006,0,0,0,,0,,HIGUERA,"TANK FARM",90.00,S,N,A,-,N,,,,,,,,,,N,4,0,1,2,A,-,03,22350,,N,C,C,A,A,H,-,A,A,0,,,,,Y,,D,22,0,0,1,0,0,0,0,0,0,"- ","- ",35.144730000000003,-120.40259,"SAN LUIS OBISPO","SAN LUIS OBISPO",-120.67386614999999,35.246549450000003
8148569,2016,2017-03-06,4001,2016-09-27,1645,P0121,463,2,5,3,4001,0,0,0,,0,OPERAT,"EL CAMINO REAL","N HALCYON RD",49.00,E,N,A,-,Y,SLO,5,101,-,-,13.680,R,4,S,Y,3,0,1,3,A,-,01,23152,E,N,C,C,A,A,H,-,A,A,0,,,,,Y,,A,01,0,1,0,0,0,0,0,0,0,"- ","- ",,,"SAN LUIS OBISPO","ARROYO GRANDE",-120.59227315,35.123837999999999
8149349,2016,2016-10-28,4006,2016-09-25,1015,63365,,7,5,4,4006,0,0,0,,0,,CARMEL,MARSH,1.00,N,N,A,-,N,,,,,,,,,,N,4,0,1,2,A,-,09,21802,A,N,D,G,A,A,H,-,A,A,0,,Y,,,Y,,-,,0,0,1,0,0,0,1,0,0,"- ","- ",,,"SAN LUIS OBISPO","SAN LUIS OBISPO",-120.6677626,35.27574173
8149545,2016,2017-03-04,4003,2016-09-09,1019,P1561,10,5,5,2,4003,0,0,0,,0,002,"RT 1","YERBA BUENA ST",34.00,N,N,A,-,Y,SLO,5,1,-,-,31.980,H,-,S,Y,4,0,1,2,A,-,03,22350,,N,C,C,A,A,H,-,A,A,0,,,,,Y,,A,01,0,0,1,0,0,0,0,0,0,"- ","- ",,,"SAN LUIS OBISPO","MORRO BAY",-120.86785379,35.404213540000001
8151401,2016,2016-12-02,4005,2016-09-13,2120,P103,3,2,5,2,4005,0,0,0,,0,,PRICE,STIMSON,10.00,N,N,A,-,N,,,,,,,,,,N,4,0,1,2,A,-,11,21954,A,N,H,B,D,A,H,-,C,D,0,Y,,,,Y,,N,60,0,0,1,0,1,0,0,0,0,"- ","- ",,,"SAN LUIS OBISPO","PISMO BEACH",-120.63851270000001,35.14038017
8158177,2016,2017-02-23,4008,2016-10-15,1529,3543,,6,5,4,4008,0,0,0,,0,,"MORRO RD","OLD MORRO RD",525.00,N,N,A,C,Y,SLO,5,41,-,-,13.840,H,-,N,Y,3,0,2,1,A,-,03,22350,,N,E,I,A,B,H,-,A,A,0,,,,,Y,,A,07,0,2,0,0,0,0,0,0,0,"- ","- ",,,"SAN LUIS OBISPO",ATASCADERO,-120.68036662999999,35.459240889999997
8159208,2016,2016-11-04,4004,2016-10-17,1118,0476,02,1,5,3,4004,0,0,0,,0,2-2,SPRING,12TH,0.00,,Y,B,-,N,,,,,,,,,,Y,4,0,1,2,A,-,12,21453,A,N,D,C,A,A,H,-,A,A,0,,,,,Y,,A,01,0,0,1,0,0,0,0,0,0,"- ","- ",,,"SAN LUIS OBISPO","PASO ROBLES",-120.69139993,35.626650040000001
8162241,2016,2016-11-15,4006,2016-10-17,1747,69585,,1,5,4,4006,0,0,0,,0,,"SANTA BARBARA",SOUTH,0.00,,Y,A,-,N,,,,,,,,,,N,4,0,1,2,A,-,08,22107,,N,B,G,A,A,H,-,A,B,0,,Y,,,Y,,A,01,0,0,1,0,0,0,1,0,0,"- ","- ",35.161180000000002,-120.39234999999999,"SAN LUIS OBISPO","SAN LUIS OBISPO",-120.656547,35.269793999999997
8162245,2016,2016-11-15,4006,2016-10-27,1843,80908,,4,5,4,4006,0,0,0,,0,,"LOS OSOS VALLEY RD","CALLE JOAQUIN",0.00,,Y,C,-,N,,,,,,,,,,Y,3,0,5,2,A,-,09,21801,A,N,A,C,A,B,H,-,C,A,0,,,,,Y,,A,01,0,1,4,0,0,0,0,0,0,"- ","- ",35.144820000000003,-120.40593,"SAN LUIS OBISPO","SAN LUIS OBISPO",-120.68302994,35.24673009
8162249,2016,2016-11-15,4006,2016-10-21,2330,15913,,5,5,4,4006,0,0,0,,0,,CALIFORNIA,HATHWAY,88.00,N,N,A,-,N,,,,,,,,,,N,2,0,1,2,A,-,11,21954,A,N,G,B,D,A,H,-,C,D,0,Y,,,,Y,Y,N,60,1,0,0,0,1,0,0,0,0,"- ","- ",,,"SAN LUIS OBISPO","SAN LUIS OBISPO",-120.66169173,35.292526479999999
8162253,2016,2016-11-15,4006,2016-10-18,0852,16380,,2,5,4,4006,0,0,0,,0,,HIGUERA,MARGARITA,426.00,S,N,A,-,N,,,,,,,,,,N,4,0,1,2,A,-,11,21955,,N,G,C,D,A,H,-,A,D,0,Y,,,,Y,,N,60,0,0,1,0,1,0,0,0,0,"- ","- ",35.15211,-120.4076,"SAN LUIS OBISPO","SAN LUIS OBISPO",-120.66874903,35.255892119999999
8162265,2016,2016-11-15,4006,2016-10-11,1352,16380,,2,5,4,4006,0,0,0,,0,,OCEANAIRE,MADONNA,8.00,E,N,A,-,N,,,,,,,,,,N,3,0,1,2,A,-,03,22350,,N,C,C,A,A,H,-,A,A,0,,,,,Y,,A,01,0,1,0,0,0,0,0,0,0,"- ","- ",35.153359999999999,-120.41029,"SAN LUIS OBISPO","SAN LUIS OBISPO",-120.68428304,35.259368780000003
8165260,2016,2016-11-14,4006,2016-10-12,1800,16380,,3,5,4,4006,0,0,0,,0,,FOOTHILL,BROAD,0.00,,Y,A,-,N,,,,,,,,,,N,4,0,1,2,D,-,00,,,N,D,G,A,A,H,-,A,A,0,,Y,,,Y,,-,"- ",0,0,1,0,0,0,1,0,0,"- ","- ",,,"SAN LUIS OBISPO","SAN LUIS OBISPO",-120.67169997000001,35.294100049999997
8165280,2016,2016-11-14,4006,2016-10-25,1519,16380,,2,5,4,4006,0,0,0,,0,,LAUREL,ORCUTT,15.00,N,N,A,-,N,,,,,,,,,,N,4,0,1,2,A,-,03,22350,,N,C,C,A,A,H,-,A,D,0,,,,,Y,,D,22,0,0,1,0,0,0,0,0,0,"- ","- ",,,"SAN LUIS OBISPO","SAN LUIS OBISPO",-120.64346245,35.261398610000001
8167807,2019,2020-01-08,4004,2019-07-27,1019,1062,,6,5,3,4004,0,0,0,,0,,"RT 46 E","UNION RD",237.00,W,N,A,-,Y,SLO,5,46,-,-,31.760,H,-,W,,4,0,9,3,A,-,03,22350,,N,C,C,A,A,H,-,A,A,0,,,,,Y,,A,01,0,0,9,0,0,0,0,0,0,"- ","- ",35.644779205322266,-120.64945220947266,"SAN LUIS OBISPO","PASO ROBLES",-120.65011596679688,35.644622802734375
8168183,2017,2019-04-09,4006,2017-08-29,2329,60659,,2,5,4,4006,0,0,0,,0,,FOOTHILL,FERRINI,173.00,E,N,A,-,N,,,,,,,,,,Y,1,1,0,2,A,-,01,23152,A,F,H,G,A,A,H,-,C,D,0,,Y,,,Y,Y,A,01,0,0,0,0,0,1,0,0,0,"- ","- ",35.294089999999997,-120.67427000000001,"SAN LUIS OBISPO","SAN LUIS OBISPO",-120.67336039,35.294108059999999