CASE_ID,ACCIDENT_YEAR,PROC_DATE,JURIS,COLLISION_DATE,COLLISION_TIME,OFFICER_ID,REPORTING_DISTRICT,DAY_OF_WEEK,CHP_SHIFT,POPULATION,CNTY_CITY_LOC,SPECIAL_COND,BEAT_TYPE,CHP_BEAT_TYPE,CITY_DIVISION_LAPD,CHP_BEAT_CLASS,BEAT_NUMBER,PRIMARY_RD,SECONDARY_RD,DISTANCE,DIRECTION,INTERSECTION,WEATHER_1,WEATHER_2,STATE_HWY_IND,CALTRANS_COUNTY,CALTRANS_DISTRICT,STATE_ROUTE,ROUTE_SUFFIX,POSTMILE_PREFIX,POSTMILE,LOCATION_TYPE,RAMP_INTERSECTION,SIDE_OF_HWY,TOW_AWAY,COLLISION_SEVERITY,NUMBER_KILLED,NUMBER_INJURED,PARTY_COUNT,PRIMARY_COLL_FACTOR,PCF_CODE_OF_VIOL,PCF_VIOL_CATEGORY,PCF_VIOLATION,PCF_VIOL_SUBSECTION,HIT_AND_RUN,TYPE_OF_COLLISION,MVIW,PED_ACTION,ROAD_SURFACE,ROAD_COND_1,ROAD_COND_2,LIGHTING,CONTROL_DEVICE,CHP_ROAD_TYPE,PEDESTRIAN_ACCIDENT,BICYCLE_ACCIDENT,MOTORCYCLE_ACCIDENT,TRUCK_ACCIDENT,NOT_PRIVATE_PROPERTY,ALCOHOL_INVOLVED,STWD_VEHTYPE_AT_FAULT,CHP_VEHTYPE_AT_FAULT,COUNT_SEVERE_INJ,COUNT_VISIBLE_INJ,COUNT_COMPLAINT_PAIN,COUNT_PED_KILLED,COUNT_PED_INJURED,COUNT_BICYCLIST_KILLED,COUNT_BICYCLIST_INJURED,COUNT_MC_KILLED,COUNT_MC_INJURED,PRIMARY_RAMP,SECONDARY_RAMP,LATITUDE,LONGITUDE,COUNTY,CITY,POINT_X,POINT_Y
8168513,2016,2017-02-03,4005,2016-10-29,0907,P068,,6,5,2,4005,0,0,0,,0,,"OCEAN BL","PALOMAR AV",80.00,N,N,A,-,N,,,,,,,,,,N,3,0,1,1,D,-,00,,,N,H,-,A,A,H,-,A,D,0,,Y,,,Y,,-,"- ",0,1,0,0,0,0,1,0,0,"- ","- ",,,"SAN LUIS OBISPO","PISMO BEACH",-120.67595441,35.154649679999999
8174892,2016,2016-11-29,4008,2016-11-05,1302,3114,4008,6,5,4,4008,0,0,0,,0,,"SANTA LUCIA RD","CHAUPLIN AV",0.00,,Y,A,-,N,,,,,,,,,,Y,4,0,1,2,A,-,08,22100,B,N,D,C,A,A,H,-,A,D,0,,,,,Y,,A,01,0,0,1,0,0,0,0,0,0,"- ","- ",35.483789999999999,-120.67789,"SAN LUIS OBISPO",ATASCADERO,-120.67793996,35.483910010000002
8175347,2016,2017-03-04,4008,2016-11-13,1148,2030,,7,5,4,4008,0,0,0,,0,,MORRO,"EL CAMINO REAL",475.00,W,N,A,-,Y,SLO,5,41,-,-,15.867,I,5,S,N,3,0,1,2,A,-,10,21950,A,N,G,B,B,A,H,-,A,A,0,Y,,,,Y,,A,01,0,1,0,0,1,0,0,0,0,"- ","- ",,,"SAN LUIS OBISPO",ATASCADERO,-120.66521686999999,35.484915890000003
8176505,2016,2017-03-04,4006,2016-11-03,1913,76984,,4,5,4,4006,0,0,0,,0,,"LOS OSOS VALLEY RD","RT 101",52.00,E,N,A,-,Y,SLO,5,101,-,R,25.863,R,4,N,N,4,0,1,2,A,-,03,22350,,N,C,C,A,A,H,-,C,A,0,,,,,Y,,A,01,0,0,1,0,0,0,0,0,0,"- ",NF,,,"SAN LUIS OBISPO","SAN LUIS OBISPO",-120.68233126,35.244203779999999
8176875,2016,2017-03-04,4008,2016-11-01,1755,4012,,2,5,4,4008,0,0,0,,0,,"DEL RIO AV","DEL RIO RD",0.00,,Y,A,-,Y,SLO,5,101,-,-,48.210,R,1,N,N,4,0,1,2,A,-,21,22106,,N,C,C,A,A,H,-,A,A,0,,,,,Y,,D,22,0,0,1,0,0,0,0,0,0,NF,"- ",35.513280000000002,-120.69868,"SAN LUIS OBISPO",ATASCADERO,-120.69823749,35.511662309999998
8179522,2016,2017-02-23,4003,2016-10-18,1601,M0253,9,2,5,2,4003,0,0,0,,0,002,"RT 1","YERBA BUENA ST",129.00,S,N,A,-,Y,SLO,5,1,-,-,31.950,H,-,N,Y,4,0,1,2,A,-,01,23152,A,N,B,C,A,A,H,-,A,A,0,,,,,Y,Y,D,73,0,0,1,0,0,0,0,0,0,"- ","- ",,,"SAN LUIS OBISPO","MORRO BAY",-120.86738067,35.403953479999998
8179788,2016,2017-02-23,4003,2016-10-30,1859,F2780,10,7,5,2,4003,0,0,0,,0,002,"RT 1","SAN JACINTO ST",56.00,N,N,A,-,Y,SLO,5,1,-,-,31.130,H,-,S,N,4,0,2,2,A,-,03,22350,,N,C,C,A,A,H,-,C,A,0,,,,,Y,,A,01,0,0,2,0,0,0,0,0,0,"- ","- ",,,"SAN LUIS OBISPO","MORRO BAY",-120.86063763,35.39378774
8180292,2016,2017-03-04,4002,2016-11-14,1800,295,101,1,5,3,4002,0,0,0,,0,001,"RT 1","W GRAND AV",0.00,,Y,A,-,Y,SLO,5,1,-,-,14.100,I,5,S,N,3,0,1,2,A,-,12,21453,A,N,B,G,A,A,H,-,C,A,0,,Y,,,Y,,A,01,0,1,0,0,0,0,1,0,0,"- ","- ",,,"SAN LUIS OBISPO","GROVER BEACH",-120.62989709,35.121986550000003
8186470,2016,2016-12-20,4006,2016-11-22,1101,16380,,2,5,4,4006,0,0,0,,0,,MONTEREY,MORRO,114.00,E,N,A,-,N,,,,,,,,,,N,4,0,1,2,A,-,21,22106,,N,G,B,C,A,H,-,A,D,0,Y,,,,Y,,D,22,0,0,1,0,1,0,0,0,0,"- ","- ",35.165329999999997,-120.3943,"SAN LUIS OBISPO","SAN LUIS OBISPO",-120.66201181,35.281454920000002
8186591,2016,2017-01-11,4006,2016-11-13,1238,60235,,7,5,4,4006,0,0,0,,0,,"BUCHON ST","OSOS ST",5.00,E,N,A,-,N,,,,,,,,,,N,4,0,1,2,-,-,"- ",,,N,A,G,A,A,H,-,A,A,0,,Y,,,Y,,-,"- ",0,0,1,0,0,0,1,0,0,"- ","- ",35.164299999999997,-120.3929,"SAN LUIS OBISPO","SAN LUIS OBISPO",-120.65804648,35.278108109999998
8186627,2016,2016-12-21,4006,2016-11-11,1420,69585,,5,5,4,4006,0,0,0,,0,,MURRAY,STENNER,0.00,,Y,A,-,N,,,,,,,,,,Y,4,0,1,2,A,-,09,21802,A,N,D,C,A,A,H,-,A,A,0,,,,,Y,,A,07,0,0,1,0,0,0,0,0,0,"- ","- ",35.172730000000001,-120.39481000000001,"SAN LUIS OBISPO","SAN LUIS OBISPO",-120.66341989999999,35.290940059999997
8197211,2016,2017-03-06,4002,2016-12-06,0816,464,105,2,5,3,4002,0,0,0,,0,,"LE SAGE DR","RT 1",0.00,,Y,A,-,Y,SLO,5,1,-,-,14.250,I,6,S,N,3,0,1,2,D,-,00,,,F,G,B,D,-,A,H,A,A,0,Y,,,,Y,,-,"- ",0,1,0,0,1,0,0,0,0,"- ","- ",,,"SAN LUIS OBISPO","GROVER BEACH",-120.63082932,35.12403673
8197999,2016,2017-01-18,4005,2016-12-16,1333,P095,2,5,5,2,4005,0,0,0,,0,,"PRICE ST","CLIFF AV",497.00,S,N,B,-,N,,,,,,,,,,Y,3,0,3,2,A,-,08,22107,,N,D,C,A,A,H,-,A,D,0,,,,,Y,,A,07,0,1,2,0,0,0,0,0,0,"- ","- ",,,"SAN LUIS OBISPO","PISMO BEACH",-120.66447117,35.154465989999998
8201816,2016,2017-01-05,4006,2016-10-27,1630,S1882,4007,4,5,4,4006,0,0,0,,0,,"CALIFORNIA BL","HIGHLAND DR",0.00,,Y,C,-,N,,,,,,,,,,N,3,0,1,2,A,-,10,21950,A,N,G,B,B,B,-,-,A,A,0,Y,,,,Y,,A,01,0,1,0,0,1,0,0,0,0,"- ","- ",,,"SAN LUIS OBISPO","SAN LUIS OBISPO",-120.66657992,35.302690040000002
8202219,2016,2017-03-04,4008,2016-12-14,1228,3152,,3,5,4,4008,0,0,0,,0,,"EL CAMINO REAL","MORRO RD",0.00,,Y,B,-,Y,SLO,5,101,-,-,45.524,R,4,N,N,4,0,1,2,A,-,05,21650,1,N,G,G,A,A,H,-,A,A,0,,Y,,,Y,,L,04,0,0,1,0,0,0,1,0,0,"- ","- ",35.485129999999998,-120.66352999999999,"SAN LUIS OBISPO",ATASCADERO,-120.66443285,35.485014120000002
8202614,2016,2017-01-04,4004,2016-12-15,0726,1208,04,4,5,3,4004,0,0,0,,0,046,CRESTON,"SANTA YSABEL",0.00,,Y,C,-,N,,,,,,,,,,N,4,0,1,2,A,-,10,21950,A,N,G,B,B,B,H,-,A,D,0,Y,,,,Y,,A,01,0,0,1,0,1,0,0,0,0,"- ","- ",,,"SAN LUIS OBISPO","PASO ROBLES",-120.65903992,35.612690020000002
8280039,2016,2017-01-12,4006,2016-12-03,0915,60235,,6,5,4,4006,0,0,0,,0,,"HIGUERA ST SOUTH","ZACA LN",0.00,,Y,A,-,N,,,,,,,,,,N,4,0,1,2,A,-,09,21801,A,N,D,C,A,A,H,-,A,A,0,,,,,Y,,A,01,0,0,1,0,0,0,0,0,0,"- ","- ",35.250590000000003,-120.67140999999999,"SAN LUIS OBISPO","SAN LUIS OBISPO",-120.67140996000001,35.250610100000003
8280043,2016,2017-01-12,4006,2016-12-02,2252,76984,,5,5,4,4006,0,0,0,,0,,OSOS,LEFF,0.00,,Y,A,-,N,,,,,,,,,,N,4,0,1,2,A,-,09,21802,A,F,D,G,A,A,H,-,C,D,0,,Y,,,Y,,A,07,0,0,1,0,0,0,1,0,0,"- ","- ",,,"SAN LUIS OBISPO","SAN LUIS OBISPO",-120.65668989,35.27656004
8281758,2017,2017-01-19,4004,2017-01-04,1841,0376,01,3,5,3,4004,0,0,0,,0,013,"SPRING ST","24TH ST",9.00,S,N,C,-,N,,,,,,,,,,Y,3,0,1,2,A,-,01,23152,,N,C,C,A,B,H,-,C,A,0,,,,Y,Y,Y,F,26,0,1,0,0,0,0,0,0,0,"- ","- ",,,"SAN LUIS OBISPO","PASO ROBLES",-120.69243827,35.639105319999999
8281851,2016,2017-01-20,4006,2016-12-12,1720,69585,,1,5,4,4006,0,0,0,,0,,"MADONNA LN",OCEANAIRE,467.00,N,N,A,-,N,,,,,,,,,,N,4,0,1,3,A,-,03,22350,,N,C,C,A,A,H,-,C,A,0,,,,,Y,,A,01,0,0,1,0,0,0,0,0,0,"- ","- ",35.15361,-120.40582000000001,"SAN LUIS OBISPO","SAN LUIS OBISPO",-120.68292353,35.260013989999997
8281968,2016,2017-01-24,4006,2016-12-17,1518,80908,,6,5,4,4006,0,0,0,,0,,CHORRO,PALM,0.00,,Y,A,-,N,,,,,,,,,,Y,2,0,1,2,A,-,09,21801,A,N,D,C,A,A,H,-,A,A,0,,,,,Y,,A,01,1,0,0,0,0,0,0,0,0,"- ","- ",35.165799999999997,-120.3959,"SAN LUIS OBISPO","SAN LUIS OBISPO",-120.66429991,35.281450040000003
8282003,2017,2017-01-18,4008,2017-01-05,1752,3152,,4,5,4,4008,0,0,0,,0,,"EL CAMINO REAL","SAN ANSELMO RD NORTH",0.00,,Y,A,-,N,,,,,,,,,,Y,4,0,2,2,D,-,00,,,N,A,C,A,A,H,-,D,D,0,,,,,Y,,-,"- ",0,0,2,0,0,0,0,0,0,"- ","- ",35.499519999999997,-120.68317999999999,"SAN LUIS OBISPO",ATASCADERO,-120.68321985999999,35.499490109999996
8287060,2016,2017-01-27,4006,2016-12-16,1721,60235,,5,5,4,4006,0,0,0,,0,,"S HIGUERA",PRADO,15.00,S,N,A,-,N,,,,,,,,,,N,4,0,1,2,A,-,10,21950,A,N,G,B,B,A,H,-,C,A,0,Y,,,,Y,Y,D,22,0,0,1,0,1,0,0,0,0,"- ","- ",35.151600000000002,-120.408,"SAN LUIS OBISPO","SAN LUIS OBISPO",-120.66904206,35.254582980000002
8290833,2016,2017-02-03,4001,2016-12-14,1048,P0115,"46  3",3,5,3,4001,0,0,0,,0,OPERAT,"EL CAMINO REAL","OAK PARK BL",0.00,,Y,A,-,N,,,,,,,,,,Y,3,0,3,3,A,-,12,21453,A,N,D,C,A,A,H,-,A,A,0,,,,,Y,,A,01,0,2,1,0,0,0,0,0,0,"- ","- ",,,"SAN LUIS OBISPO","ARROYO GRANDE",-120.60685986999999,35.129500040000003
8291936,2016,2017-02-02,4006,2016-12-21,1830,68105,,3,5,4,4006,0,0,0,,0,,ZACA,HIGUERA,0.00,,Y,A,-,N,,,,,,,,,,N,4,0,1,2,A,-,09,21804,A,N,B,C,A,A,H,-,C,D,0,,,,,Y,,A,01,0,0,1,0,0,0,0,0,0,"- ","- ",35.150440000000003,-120.40304999999999,"SAN LUIS OBISPO","SAN LUIS OBISPO",-120.67140996000001,35.250610100000003
8292268,2017,2017-04-14,4006,2017-02-22,1500,16380,,3,5,4,4006,0,0,0,,0,,"SAN LUIS DR",JOHNSON,158.00,N,N,A,-,N,,,,,,,,,,N,3,0,1,2,A,-,08,22107,,N,D,G,A,A,H,-,A,D,0,,Y,,,Y,,L,04,0,1,0,0,0,0,1,0,0,"- ","- ",35.165109999999999,-120.39081,"SAN LUIS OBISPO","SAN LUIS OBISPO",-120.65216778999999,35.280882159999997
8294083,2016,2017-01-31,4006,2016-12-30,1011,16380,,5,5,4,4006,0,0,0,,0,,BROAD,SOUTH,0.00,,Y,A,-,N,,,,,,,,,,N,4,0,1,2,A,-,08,22107,,N,B,G,A,A,H,-,A,A,0,,Y,,,Y,,A,01,0,0,1,0,0,0,1,0,0,"- ","- ",35.161110000000001,-120.39241,"SAN LUIS OBISPO","SAN LUIS OBISPO",-120.65655150000001,35.269784999999999
8294207,2017,2017-02-01,4004,2017-01-18,1802,0890,01,3,5,3,4004,0,0,0,,0,015,"16TH ST","SPRING ST",0.00,,Y,B,-,N,,,,,,,,,,N,4,0,1,2,A,-,10,21950,A,N,G,B,B,B,H,-,C,A,0,Y,,,,Y,,A,07,0,0,1,0,1,0,0,0,0,"- ","- ",,,"SAN LUIS OBISPO","PASO ROBLES",-120.69174995,35.630850039999999
8294740,2017,2017-03-16,4005,2017-01-14,1515,P103,8,6,5,2,4005,0,0,0,,0,,"PRICE CANYON RD","BELLO ST",135.00,N,N,A,-,N,,,,,,,,,,Y,4,0,2,2,A,-,08,22107,,N,B,C,A,A,H,-,A,D,0,,,,,Y,,A,01,0,0,2,0,0,0,0,0,0,"- ","- ",,,"SAN LUIS OBISPO","PISMO BEACH",-120.63760082,35.14222221
8298175,2017,2017-02-15,4006,2017-01-20,1100,50580,,5,5,4,4006,0,0,0,,0,,TAFT,CALIFORNIA,0.00,,Y,C,-,N,,,,,,,,,,N,4,0,1,2,A,-,21,22106,,N,C,C,A,B,H,-,A,A,0,,,,Y,Y,,F,26,0,0,1,0,0,0,0,0,0,"- ","- ",35.291029999999999,-120.66023,"SAN LUIS OBISPO","SAN LUIS OBISPO",-120.66029998,35.29090008
8302535,2017,2017-06-27,4006,2017-01-11,1502,50316,CPPD,3,5,4,4006,0,0,0,,0,,"TRUCKEE RD","CERRO VISTA LOOP",0.00,,Y,B,-,N,,,,,,,,,,N,3,0,1,1,A,-,03,22350,,N,H,G,A,B,H,-,A,A,0,,Y,,,Y,,L,04,0,1,0,0,0,0,1,0,0,"- ","- ",35.181429999999999,-120.39225,"SAN LUIS OBISPO","SAN LUIS OBISPO",-120.65761238,35.303384459999997
8303060,2017,2017-02-06,4008,2017-01-13,0402,4080,,5,5,4,4008,0,0,0,,0,,"SAN GABRIEL RD","SAN GUILLERMO LN",744.00,E,N,A,-,N,,,,,,,,,,Y,3,0,1,1,A,-,01,23152,B,N,E,J,A,A,H,-,E,D,0,,,,,Y,Y,A,01,0,1,0,0,0,0,0,0,0,"- ","- ",35.458289999999998,-120.65998,"SAN LUIS OBISPO",ATASCADERO,-120.65753651999999,35.458958699999997
8308640,2017,2017-02-17,4006,2017-01-02,1805,80908,,1,5,4,4006,0,0,0,,0,,"SANTA ROSA",OLIVE,315.00,S,N,A,-,N,,,,,,,,,,Y,4,0,2,3,A,-,03,22350,,N,C,C,A,A,H,-,C,A,0,,,,,Y,,A,07,0,0,2,0,0,0,0,0,0,"- ","- ",35.287190000000002,-120.6639,"SAN LUIS OBISPO","SAN LUIS OBISPO",-120.66365808,35.286814530000001
8311452,2017,2017-02-27,4001,2017-01-18,1528,P0133,463,3,5,3,4001,0,0,0,,0,OPERAT,"EAST GRAND AV","COURTLAND ST",0.00,,Y,C,-,N,,,,,,,,,,Y,2,0,1,2,A,-,12,21453,A,N,D,C,A,B,H,-,A,A,0,,,,,Y,,D,22,1,0,0,0,0,0,0,0,0,"- ","- ",,,"SAN LUIS OBISPO","ARROYO GRANDE",-120.60665998,35.120840059999999
8311686,2017,2017-02-23,4001,2017-01-24,2145,P0131,46-3,2,5,3,4001,0,0,0,,0,,"GRAND AV","HALCYON RD",0.00,,Y,A,-,N,,,,,,,,,,Y,4,0,1,2,A,-,08,22107,,N,B,C,A,A,H,-,A,A,0,,,,,Y,,A,01,0,0,1,0,0,0,0,0,0,"- ","- ",,,"SAN LUIS OBISPO","ARROYO GRANDE",-120.59157999999999,35.118700019999999
8323923,2017,2017-06-27,4008,2017-02-22,2013,3125,,3,5,4,4008,0,0,0,,0,,"MORRO RD",MORRO,365.00,W,N,B,-,Y,SLO,5,41,-,-,15.800,H,-,S,N,3,0,1,2,A,-,11,21955,,N,G,B,D,A,H,-,D,D,0,Y,,,,Y,,N,60,0,1,0,0,1,0,0,0,0,"- ",SF,35.484859999999998,-120.66522000000001,"SAN LUIS OBISPO",ATASCADERO,-120.6654952,35.483957140000001
8324061,2017,2017-03-22,4006,2017-01-31,0913,16380,,2,5,4,4006,0,0,0,,0,,JOHNSON,"LA CITA",20.00,N,N,A,-,N,,,,,,,,,,N,4,0,1,2,A,-,09,21804,A,N,D,C,A,A,H,-,A,D,0,,,,,Y,,A,01,0,0,1,0,0,0,0,0,0,"- ","- ",35.161029999999997,-120.38314,"SAN LUIS OBISPO","SAN LUIS OBISPO",-120.64197473,35.269511680000001
8324653,2017,2017-03-20,4004,2017-03-01,1423,1208,01,3,5,3,4004,0,0,0,,0,013,SPRING,28TH,266.00,N,N,A,-,N,,,,,,,,,,Y,4,0,3,2,A,-,09,21800,A,N,A,C,A,A,H,-,A,D,0,,,,,Y,,A,01,0,0,3,0,0,0,0,0,0,"- ","- ",,,"SAN LUIS OBISPO","PASO ROBLES",-120.69284555999999,35.644059230000003
8326453,2016,2017-03-21,4006,2016-04-27,1219,69585,,3,5,4,4006,0,0,0,,0,,"CASA GRANDE RD",DESIREE,110.00,S,N,A,-,N,,,,,,,,,,N,3,0,1,2,A,-,08,22107,,N,B,G,A,A,H,-,A,A,0,,Y,,,Y,,L,04,0,1,0,0,0,0,1,0,0,"- ","- ",,,"SAN LUIS OBISPO","SAN LUIS OBISPO",-120.66543907000001,35.293640629999999
8328868,2017,2017-03-28,4006,2017-02-08,1214,80908,,3,5,4,4006,0,0,0,,0,,"SANTA ROSA",OLIVE,122.00,N,N,A,-,N,,,,,,,,,,Y,4,0,1,2,A,-,03,22350,,N,C,C,A,A,H,-,A,A,0,,,,,Y,,A,01,0,0,1,0,0,0,0,0,0,"- ","- ",36.287820000000004,-120.66451000000001,"SAN LUIS OBISPO","SAN LUIS OBISPO",-120.66449314,35.287782239999999
8328876,2017,2017-03-28,4006,2017-02-02,0922,80908,,4,5,4,4006,0,0,0,,0,,HIGUERA,ELKS,0.00,,Y,A,-,N,,,,,,,,,,Y,2,0,2,2,A,-,09,21802,A,N,D,C,A,A,H,-,A,A,0,,,Y,,Y,,A,07,1,0,1,0,0,0,0,0,1,"- ","- ",35.263710000000003,-120.67049,"SAN LUIS OBISPO","SAN LUIS OBISPO",-120.67043993999999,35.263710060000001
8328880,2017,2017-03-28,4006,2017-02-05,1442,50580,,7,5,4,4006,0,0,0,,0,,"SANTA ROSA",FOOTHILL,0.00,,Y,A,-,N,,,,,,,,,,N,4,0,1,2,A,-,03,22350,,N,C,C,A,A,H,-,A,A,0,,,,,Y,,A,01,0,0,1,0,0,0,0,0,0,"- ","- ",35.294240000000002,-120.68814,"SAN LUIS OBISPO","SAN LUIS OBISPO",-120.66805995,35.294070019999999
8331308,2017,2017-04-10,4004,2017-03-27,1429,0928,03,1,5,3,4004,0,0,0,,0,"3   2",RIVER,"RIVER OAKS",0.00,,Y,A,-,N,,,,,,,,,,Y,3,0,2,2,A,-,09,21801,A,N,D,C,A,A,H,-,A,D,0,,,,,Y,,A,01,0,2,0,0,0,0,0,0,0,"- ","- ",,,"SAN LUIS OBISPO","PASO ROBLES",-120.68234987,35.644360110000001
8333158,2017,2017-04-04,4008,2017-03-06,1131,3152,,1,5,4,4008,0,0,0,,0,,"ATASCADERO MALL","EL CAMINO REAL",86.00,W,N,A,-,N,,,,,,,,,,N,4,0,1,2,A,-,09,21804,A,N,G,G,A,A,H,-,A,D,0,,Y,,Y,Y,,L,04,0,0,1,0,0,0,1,0,0,"- ","- ",,,"SAN LUIS OBISPO",ATASCADERO,,
8333166,2017,2017-08-04,4008,2017-03-15,1339,3152,,3,5,4,4008,0,0,0,,0,,"MORRO RD","MORRO AV",299.00,W,N,A,-,Y,SLO,5,41,-,-,15.780,H,-,S,N,3,0,1,2,A,-,09,21804,,N,G,G,A,A,H,-,A,D,0,,Y,,Y,Y,,L,04,0,1,0,0,0,0,1,0,0,"- ",SF,35.484859999999998,-120.66522000000001,"SAN LUIS OBISPO",ATASCADERO,-120.66557813999999,35.483670959999998
8336315,2017,2017-04-19,4002,2017-02-28,1901,338,102,2,5,3,4002,0,0,0,,0,,"W GRAND AV","S 7TH ST",0.00,,N,A,-,N,,,,,,,,,,Y,3,0,2,3,A,-,17,21663,,N,G,B,F,A,H,-,C,A,0,Y,,,,Y,,A,01,0,2,0,0,2,0,0,0,0,"- ","- ",,,"SAN LUIS OBISPO","GROVER BEACH",-120.62271996,35.121610089999997
8337245,2017,2017-04-06,4006,2017-03-02,1744,80908,,4,5,4,4006,0,0,0,,0,,TANKFARM,"SANTA FE",0.00,,Y,A,-,N,,,,,,,,,,N,3,0,1,2,A,-,09,21801,A,N,D,G,A,A,H,-,A,A,0,,Y,,,Y,,D,22,0,1,0,0,0,0,1,0,0,"- ","- ",35.246729999999999,-120.6474,"SAN LUIS OBISPO","SAN LUIS OBISPO",-120.64734989999999,35.246810060000001
8338647,2017,2017-04-07,4006,2017-03-10,1915,59980,,5,5,4,4006,0,0,0,,0,,"LOS OSOS VALLEY RD","CALLE JOAQUIN",14.00,W,N,A,-,N,,,,,,,,,,N,4,0,1,2,A,-,03,22350,,N,C,C,A,A,H,-,C,A,0,,,,,Y,,A,01,0,0,1,0,0,0,0,0,0,"- ","- ",,,"SAN LUIS OBISPO","SAN LUIS OBISPO",-120.68304779,35.246765580000002
8338708,2017,2017-04-07,4006,2017-03-17,1423,65419,,5,5,4,4006,0,0,0,,0,,HIGUERA,MADONNA,155.00,N,N,A,-,N,,,,,,,,,,N,3,0,1,1,A,-,03,22350,,N,E,I,A,A,H,-,A,D,0,,Y,,,Y,,L,04,0,1,0,0,0,0,1,0,0,"- ","- ",35.268839999999997,-120.67028000000001,"SAN LUIS OBISPO","SAN LUIS OBISPO",-120.67039579,35.268779850000001
8338712,2017,2017-04-07,4006,2017-03-17,0119,67850,,5,5,4,4006,0,0,0,,0,,RAMONA,"LA ENTRADA",0.00,,Y,A,-,N,,,,,,,,,,Y,3,0,1,1,A,-,12,22450,A,N,E,I,A,A,H,-,C,D,0,,,,,Y,,A,01,0,1,0,0,0,0,0,0,0,"- ","- ",35.292870000000001,-120.68319,"SAN LUIS OBISPO","SAN LUIS OBISPO",-120.68317994,35.292700019999998
8338726,2017,2017-04-10,4006,2017-03-17,0808,61680,,5,5,4,4006,0,0,0,,0,,FOOTHILL,TASSAJARA,0.00,,Y,A,-,N,,,,,,,,,,Y,3,0,1,2,A,-,12,21453,A,N,C,C,A,A,H,-,A,A,0,,,,,Y,,D,22,0,1,0,0,0,0,0,0,0,"- ","- ",35.176470000000002,-120.40658000000001,"SAN LUIS OBISPO","SAN LUIS OBISPO",-120.67805998999999,35.294140110000001
8338938,2017,2017-04-10,4003,2017-03-01,2040,G4261,3,3,5,2,4003,0,0,0,,0,001,"PINEY WY","MORRO BAY BL",124.00,S,N,A,-,N,,,,,,,,,,Y,3,0,1,3,A,-,08,22107,,N,F,E,A,A,H,-,C,A,0,,,,,Y,,A,01,0,1,0,0,0,0,0,0,0,"- ","- ",,,"SAN LUIS OBISPO","MORRO BAY",-120.84545,35.36564937
8339057,2017,2017-06-27,4001,2017-02-28,1350,P0133,463,2,5,3,4001,0,0,0,,0,OPERAT,"N OAK PARK AV","EL CAMINO REAL",0.00,,Y,A,-,N,,,,,,,,,,N,3,0,1,2,A,-,17,21451,A,N,D,G,A,A,H,-,A,A,0,,Y,,,Y,,A,07,0,1,0,0,0,0,1,0,0,"- ","- ",,,"SAN LUIS OBISPO","ARROYO GRANDE",-120.60685986999999,35.129500040000003
8340413,2017,2017-04-18,4003,2017-01-31,1531,N9704,3,2,5,2,4003,0,0,0,,0,001,"MAIN ST","BEACH ST",60.00,N,N,A,-,N,,,,,,,,,,N,4,0,1,2,A,-,09,21802,A,N,D,C,A,A,H,-,A,A,0,,,Y,,Y,,C,02,0,0,1,0,0,0,0,0,1,"- ","- ",,,"SAN LUIS OBISPO","MORRO BAY",-120.85002125,35.368964820000002
8342359,2017,2017-08-04,4008,2017-03-17,0939,3054,,5,5,4,4008,0,0,0,,0,48S1,"MORRO RD","EL CAMINO REAL",31.00,W,N,A,-,Y,SLO,5,41,-,-,15.950,H,-,N,N,4,0,3,2,A,-,21,22106,,N,C,-,A,A,H,-,A,A,0,,,,,Y,,-,,0,0,3,0,0,0,0,0,0,"- ","- ",35.4861,-120.66485,"SAN LUIS OBISPO",ATASCADERO,-120.66487152000001,35.48610584
8345093,2017,2017-05-15,4005,2017-02-08,2135,P097,11,3,5,2,4005,0,0,0,,0,,JAMES,NARLENE,25.00,S,N,E,-,N,,,,,,,,,,Y,4,0,1,1,C,-,18,,,N,E,I,A,B,H,-,C,D,0,,,,,Y,Y,-,"- ",0,0,1,0,0,0,0,0,0,"- ","- ",,,"SAN LUIS OBISPO","PISMO BEACH",-120.61408371,35.136829939999998
8346257,2017,2017-04-19,4006,2017-03-30,1444,16380,,4,5,4,4006,0,0,0,,0,,CASA,FOOTHILL,230.00,S,N,A,-,N,,,,,,,,,,Y,4,0,3,2,A,-,08,22103,,N,D,C,A,A,H,-,A,D,0,,,,,Y,,A,01,0,0,3,0,0,0,0,0,0,"- ","- ",35.173070000000003,-120.39552,"SAN LUIS OBISPO","SAN LUIS OBISPO",-120.66549181000001,35.29374232
8353299,2017,2017-05-04,4004,2017-04-06,1128,1208,1,4,5,3,4004,0,0,0,,0,013,SPRING,24TH,45.00,N,N,B,-,N,,,,,,,,,,N,4,0,1,3,A,-,03,22350,,N,C,C,A,A,H,-,A,A,0,,,,,Y,,D,22,0,0,1,0,0,0,0,0,0,"- ","- ",,,"SAN LUIS OBISPO","PASO ROBLES",-120.69244784,35.639253439999997
8353323,2017,2017-05-04,4004,2017-04-13,2225,430,1,4,5,3,4004,0,0,0,,0,016,24TH,VINE,18.00,W,N,A,-,N,,,,,,,,,,Y,4,0,1,2,A,-,01,23152,B,N,D,C,A,A,H,-,C,A,0,,,,,Y,Y,D,22,0,0,1,0,0,0,0,0,0,"- ","- ",,,"SAN LUIS OBISPO","PASO ROBLES",-120.69511871,35.639052149999998
8353696,2017,2017-04-28,4004,2017-04-14,1402,1208,03,5,5,3,4004,0,0,0,,0,3-12,CRESTON,"GOLDEN HILL",0.00,,Y,A,-,N,,,,,,,,,,Y,4,0,1,2,A,-,12,21453,A,N,D,C,A,A,H,-,A,A,0,,,,,Y,,A,01,0,0,1,0,0,0,0,0,0,"- ","- ",,,"SAN LUIS OBISPO","PASO ROBLES",-120.65968995,35.622280029999999