CASE_ID,ACCIDENT_YEAR,PROC_DATE,JURIS,COLLISION_DATE,COLLISION_TIME,OFFICER_ID,REPORTING_DISTRICT,DAY_OF_WEEK,CHP_SHIFT,POPULATION,CNTY_CITY_LOC,SPECIAL_COND,BEAT_TYPE,CHP_BEAT_TYPE,CITY_DIVISION_LAPD,CHP_BEAT_CLASS,BEAT_NUMBER,PRIMARY_RD,SECONDARY_RD,DISTANCE,DIRECTION,INTERSECTION,WEATHER_1,WEATHER_2,STATE_HWY_IND,CALTRANS_COUNTY,CALTRANS_DISTRICT,STATE_ROUTE,ROUTE_SUFFIX,POSTMILE_PREFIX,POSTMILE,LOCATION_TYPE,RAMP_INTERSECTION,SIDE_OF_HWY,TOW_AWAY,COLLISION_SEVERITY,NUMBER_KILLED,NUMBER_INJURED,PARTY_COUNT,PRIMARY_COLL_FACTOR,PCF_CODE_OF_VIOL,PCF_VIOL_CATEGORY,PCF_VIOLATION,PCF_VIOL_SUBSECTION,HIT_AND_RUN,TYPE_OF_COLLISION,MVIW,PED_ACTION,ROAD_SURFACE,ROAD_COND_1,ROAD_COND_2,LIGHTING,CONTROL_DEVICE,CHP_ROAD_TYPE,PEDESTRIAN_ACCIDENT,BICYCLE_ACCIDENT,MOTORCYCLE_ACCIDENT,TRUCK_ACCIDENT,NOT_PRIVATE_PROPERTY,ALCOHOL_INVOLVED,STWD_VEHTYPE_AT_FAULT,CHP_VEHTYPE_AT_FAULT,COUNT_SEVERE_INJ,COUNT_VISIBLE_INJ,COUNT_COMPLAINT_PAIN,COUNT_PED_KILLED,COUNT_PED_INJURED,COUNT_BICYCLIST_KILLED,COUNT_BICYCLIST_INJURED,COUNT_MC_KILLED,COUNT_MC_INJURED,PRIMARY_RAMP,SECONDARY_RAMP,LATITUDE,LONGITUDE,COUNTY,CITY,POINT_X,POINT_Y
8357696,2017,2017-05-05,4002,2017-04-01,1006,464,207,6,5,3,4002,0,0,0,,0,,"NICE AV","S 13TH ST",93.00,W,N,A,-,N,,,,,,,,,,Y,4,0,1,2,A,-,01,23152,E,N,C,C,A,A,H,-,A,A,0,,,,,Y,,A,01,0,0,1,0,0,0,0,0,0,"- ","- ",,,"SAN LUIS OBISPO","GROVER BEACH",-120.61611033,35.114235389999997
8357738,2017,2017-05-05,4002,2017-03-27,1841,544,107,1,5,3,4002,0,0,0,,0,,"N 13TH ST","SARATOGA AV",39.00,S,N,A,-,N,,,,,,,,,,N,4,0,1,2,A,-,03,22350,,N,C,C,A,A,H,-,A,A,0,,,,,Y,,A,01,0,0,1,0,0,0,0,0,0,"- ","- ",,,"SAN LUIS OBISPO","GROVER BEACH",-120.61497661999999,35.125983009999999
8358917,2017,2017-05-09,4006,2017-04-10,1149,16380,,1,5,4,4006,0,0,0,,0,,MARSH,BROAD,24.00,E,N,A,-,N,,,,,,,,,,N,4,0,1,2,A,-,08,22107,,N,B,C,A,A,H,-,A,D,0,,,,,Y,,A,01,0,0,1,0,0,0,0,0,0,"- ","- ",35.164180000000002,-120.39489,"SAN LUIS OBISPO","SAN LUIS OBISPO",-120.66374605999999,35.27814996
8361366,2017,2017-05-18,4008,2017-05-03,1152,3013,,3,5,4,4008,0,0,0,,0,,"EL CAMINO REAL","PALOMAR AV",0.00,,Y,A,-,N,,,,,,,,,,N,3,0,2,2,A,-,12,21453,A,N,A,C,A,A,H,-,A,A,0,,,,,Y,,A,01,0,1,1,0,0,0,0,0,0,"- ","- ",35.47484,-120.65449,"SAN LUIS OBISPO",ATASCADERO,-120.65465997,35.474880040000002
8361964,2017,2018-03-16,4008,2017-04-13,1711,3013,,4,5,4,4008,0,0,0,,0,,"SANTA ROSA RD","W FRONT RD E",0.00,,Y,A,-,Y,SLO,5,101,-,-,28.940,R,4,S,Y,4,0,1,2,A,-,09,21801,A,N,A,C,A,A,H,-,A,A,0,,,,,Y,,A,01,0,0,1,0,0,0,0,0,0,"- ","- ",35.465580000000003,-120.65175000000001,"SAN LUIS OBISPO",ATASCADERO,-120.66523556999999,35.285592639999997
8363273,2017,2018-03-16,4008,2017-04-01,0959,1029,,6,5,4,4008,0,0,0,,0,,"MORRO RD","CURBARIL AV",195.00,S,N,A,-,Y,SLO,5,41,-,-,15.070,H,-,S,Y,3,0,4,3,A,-,03,22350,,N,D,C,A,A,H,-,A,A,0,,,,,Y,,A,01,0,1,3,0,0,0,0,0,0,"- ","- ",35.474220000000003,-120.66833,"SAN LUIS OBISPO",ATASCADERO,-120.66852099,35.473512970000002
8364936,2017,2017-05-16,4006,2017-04-14,1700,15913,,5,5,4,4006,0,0,0,,0,,BROAD,ALPHONSO,0.00,,Y,A,-,N,,,,,,,,,,N,3,0,1,2,A,-,09,21801,A,N,F,J,A,A,H,-,A,D,0,,,Y,,Y,,D,22,0,1,0,0,0,0,0,0,0,"- ","- ",35.268140000000002,-120.65515000000001,"SAN LUIS OBISPO","SAN LUIS OBISPO",-120.65520988999999,35.268120080000003
8364948,2017,2017-05-16,4006,2017-04-24,1651,80908,,1,5,4,4006,0,0,0,,0,,"LOS OSOS VALLEY RD",ROYAL,0.00,,Y,A,-,N,,,,,,,,,,Y,3,0,1,2,A,-,09,21801,,N,A,C,A,A,H,-,A,A,0,,,,,Y,,A,01,0,1,0,0,0,0,0,0,0,"- ","- ",35.258620000000001,-120.69249000000001,"SAN LUIS OBISPO","SAN LUIS OBISPO",-120.69255986,35.258609999999997
8365225,2017,2017-05-12,4006,2017-04-25,1225,16380,,2,5,4,4006,0,0,0,,0,,FOOTHILL,MUSTANG,40.00,E,N,A,-,N,,,,,,,,,,N,4,0,1,2,A,-,03,22350,,N,C,C,A,A,H,-,A,D,0,,,,,Y,,A,01,0,0,1,0,0,0,0,0,0,"- ","- ",,,"SAN LUIS OBISPO","SAN LUIS OBISPO",-120.66468845999999,35.294736299999997
8365435,2017,2017-05-16,4004,2017-05-02,0759,0928,04,2,5,3,4004,0,0,0,,0,4-1,CRESTON,MELODY,260.00,E,N,A,-,N,,,,,,,,,,Y,4,0,1,2,A,-,09,21801,A,N,D,C,A,A,H,-,A,D,0,,,,,Y,,A,07,0,0,1,0,0,0,0,0,0,"- ","- ",,,"SAN LUIS OBISPO","PASO ROBLES",-120.66183306000001,35.62306255
8366583,2017,2017-07-13,4008,2017-04-04,2102,2054,,2,5,4,4008,0,0,0,,0,,"ARDILLA RD","PORTOLA RD",0.00,,Y,A,-,N,,,,,,,,,,N,4,0,1,1,A,-,03,22350,,N,E,I,A,A,H,-,D,A,0,,,,,Y,,A,01,0,0,1,0,0,0,0,0,0,"- ","- ",35.490459999999999,-120.68689999999999,"SAN LUIS OBISPO",ATASCADERO,-120.68784994000001,35.490590079999997
8367682,2017,2017-05-22,4001,2017-04-28,2136,P0121,463,5,5,3,4001,0,0,0,,0,OPERAT,"SOUTH ELM ST","FARROLL AV",0.00,,Y,A,-,N,,,,,,,,,,Y,3,0,1,2,A,-,12,22450,A,N,D,C,A,A,H,-,C,A,0,,,,,Y,,A,07,0,1,0,0,0,0,0,0,0,"- ","- ",,,"SAN LUIS OBISPO","ARROYO GRANDE",-120.60057988,35.110700029999997
8374936,2017,2017-06-16,4006,2017-05-22,1219,16380,,1,5,4,4006,0,0,0,,0,,"LOS OSOS VALLEY","AUTO PARK",231.00,W,N,A,-,N,,,,,,,,,,N,4,0,1,3,A,-,03,22350,,N,C,C,A,A,H,-,A,D,0,,,,,Y,,D,22,0,0,1,0,0,0,0,0,0,"- ","- ",,,"SAN LUIS OBISPO","SAN LUIS OBISPO",-120.68564947,35.250327290000001
8375675,2017,2017-06-13,4006,2017-05-17,0759,16380,,3,5,4,4006,0,0,0,,0,,FOOTHILL,BROAD,284.00,W,N,A,-,N,,,,,,,,,,N,4,0,1,2,A,-,08,21717,,N,D,G,A,A,H,-,A,D,0,,Y,,,Y,,A,01,0,0,1,0,0,0,1,0,0,"- ","- ",,,"SAN LUIS OBISPO","SAN LUIS OBISPO",-120.6726515,35.294104619999999
8376917,2017,2018-03-16,4006,2017-04-21,2023,66593,,5,5,4,4006,0,0,0,,0,,MADONNA,"RT 101",0.00,,Y,A,-,Y,SLO,5,101,-,-,27.430,R,4,S,Y,4,0,1,3,A,-,03,22350,,F,C,C,A,A,H,-,B,A,0,,,,,Y,Y,A,01,0,0,1,0,0,0,0,0,0,"- ",SF,35.26473,-120.67549,"SAN LUIS OBISPO","SAN LUIS OBISPO",-120.67373852999999,35.264984579999997
8380749,2017,2017-06-06,4006,2017-05-15,1207,80908,,1,5,4,4006,0,0,0,,0,,CALIFORNIA,HIGUERA,0.00,,Y,A,-,N,,,,,,,,,,N,3,0,1,2,A,-,08,21717,,N,D,G,A,A,H,-,A,A,0,,Y,,,Y,,A,01,0,1,0,0,0,0,1,0,0,"- ","- ",35.285429999999998,-120.65385000000001,"SAN LUIS OBISPO","SAN LUIS OBISPO",-120.65396998,35.285410030000001
8380761,2017,2017-06-06,4006,2017-05-09,1514,16380,,2,5,4,4006,0,0,0,,0,,NIPOMO,PALM,79.00,N,N,A,-,N,,,,,,,,,,Y,4,0,1,2,A,-,08,22107,,N,D,C,A,A,H,-,A,D,0,,,,,Y,,A,01,0,0,1,0,0,0,0,0,0,"- ","- ",35.164789999999996,-120.40022999999999,"SAN LUIS OBISPO","SAN LUIS OBISPO",-120.66731492,35.279895930000002
8380765,2017,2017-06-06,4006,2017-05-12,1306,16380,,5,5,4,4006,0,0,0,,0,,WALNUT,PHILLIPS,218.00,S,N,A,-,N,,,,,,,,,,N,4,0,1,2,A,-,11,21956,A,N,G,B,D,A,H,-,A,D,0,Y,,,,Y,,N,60,0,0,1,0,1,0,0,0,0,"- ","- ",35.171370000000003,-120.39413999999999,"SAN LUIS OBISPO","SAN LUIS OBISPO",,
8381357,2017,2018-03-16,4008,2017-05-29,1352,3013,,1,5,4,4008,0,0,0,,0,,"MORRO RD","MORRO AV 6500",274.00,S,N,A,-,Y,SLO,5,41,-,-,15.800,H,-,N,N,3,0,1,2,A,-,09,21801,A,N,D,C,A,A,H,-,A,D,0,,,,,Y,,D,22,0,1,0,0,0,0,0,0,0,"- ","- ",35.484859999999998,-120.66522000000001,"SAN LUIS OBISPO",ATASCADERO,-120.66549523,35.483957099999998
8381597,2017,2017-06-08,4008,2017-05-19,1334,3152,,5,5,4,4008,0,0,0,,0,,"EL CAMINO REAL","SANTA BARBARA RD",0.00,,Y,A,-,N,,,,,,,,,,Y,3,0,1,1,A,-,03,22350,,N,E,I,A,A,H,-,A,A,0,,,,,Y,,A,08,0,1,0,0,0,0,0,0,0,"- ","- ",35.448439999999998,-120.63428999999999,"SAN LUIS OBISPO",ATASCADERO,-120.63420986,35.448390070000002
8381607,2017,2017-06-09,4008,2017-05-31,0708,3152,,3,5,4,4008,0,0,0,,0,,"BALBOA RD","ARTIGA LN",0.00,,Y,C,-,N,,,,,,,,,,Y,3,0,1,1,A,-,03,22350,,N,E,I,A,B,H,-,A,D,0,,,,,Y,,D,22,0,1,0,0,0,0,0,0,0,"- ","- ",35.498669999999997,-120.70048,"SAN LUIS OBISPO",ATASCADERO,-120.70049998,35.49851005
8386948,2017,2018-03-16,4008,2017-05-28,2049,1026,,7,5,4,4008,0,0,0,,0,,"MORRO RD","ATASCADERO AV",295.00,N,N,A,-,Y,SLO,5,41,-,-,15.630,H,-,S,N,2,0,1,1,A,-,03,22350,,N,E,I,A,A,H,-,A,A,0,,,Y,,Y,,C,02,1,0,0,0,0,0,0,0,1,"- ","- ",35.48077,-120.66656,"SAN LUIS OBISPO",ATASCADERO,-120.66620020000001,35.481524659999998
8394167,2017,2017-07-14,4006,2017-05-13,1131,60235,,6,5,4,4006,0,0,0,,0,,"HIGUERA ST",VACHELL,0.00,,Y,A,-,N,,,,,,,,,,Y,4,0,2,2,A,-,09,21802,A,N,D,C,A,A,H,-,A,A,0,,,,,Y,,A,07,0,0,2,0,0,0,0,0,0,"- ","- ",35.243380000000002,-120.67474,"SAN LUIS OBISPO","SAN LUIS OBISPO",-120.67598999000001,35.243110080000001
8397007,2017,2017-06-28,4001,2017-05-16,1500,P0114,461,2,5,3,4001,0,0,0,,0,SUPPOR,"FAIR OAKS AV","VALLEY RD",714.00,W,N,A,-,N,,,,,,,,,,N,3,0,1,2,A,-,05,21650,1,N,D,G,A,A,H,-,A,D,0,,Y,,,Y,,L,04,0,1,0,0,0,0,1,0,0,"- ","- ",,,"SAN LUIS OBISPO","ARROYO GRANDE",-120.58385772,35.11472629
8397011,2017,2017-06-29,4001,2017-05-25,1706,P0115,463,4,5,3,4001,0,0,0,,0,OPERAT,"EAST GRAND AV","ALDER ST",17.00,E,N,A,-,N,,,,,,,,,,Y,3,0,1,3,A,-,21,22106,,N,B,C,A,A,H,-,A,A,0,,,,,Y,,A,01,0,1,0,0,0,0,0,0,0,"- ","- ",,,"SAN LUIS OBISPO","ARROYO GRANDE",-120.59308317999999,35.118680730000001
8398601,2017,2017-06-28,4001,2017-05-26,0810,P0131,463,5,5,3,4001,0,0,0,,0,OPERAT,ALDER,"GRAND AV",10.00,S,N,A,-,N,,,,,,,,,,N,4,0,1,2,A,-,05,21650,1,N,G,G,A,A,H,-,A,A,0,,Y,,,Y,,A,01,0,0,1,0,0,0,1,0,0,"- ","- ",,,"SAN LUIS OBISPO","ARROYO GRANDE",-120.59314061000001,35.118652539999999
8398605,2017,2017-09-07,4001,2017-05-19,2106,P0110,462,5,5,3,4001,0,0,0,,0,OPERAT,"JAMES WY","N OAK PARK BL",0.00,,Y,A,-,N,,,,,,,,,,Y,4,0,1,1,A,-,01,23152,G,N,E,I,A,A,H,-,C,D,0,,,,,Y,Y,A,01,0,0,1,0,0,0,0,0,0,"- ","- ",,,"SAN LUIS OBISPO","ARROYO GRANDE",-120.6052799,35.133980010000002
8398669,2017,2017-06-29,4006,2017-06-01,1542,16380,,4,5,4,4006,0,0,0,,0,,"S HIGUERA","VACHELL LN",0.00,,Y,A,-,N,,,,,,,,,,Y,4,0,1,3,A,-,09,21802,A,N,D,C,A,A,H,-,A,A,0,,,,,Y,,D,22,0,0,1,0,0,0,0,0,0,"- ","- ",35.14349,-120.40328,"SAN LUIS OBISPO","SAN LUIS OBISPO",-120.67598999000001,35.243110080000001
8398733,2017,2017-07-03,4006,2017-06-06,1714,80908,,2,5,4,4006,0,0,0,,0,,MADONNA,OCEANAIRE,125.00,E,N,A,-,N,,,,,,,,,,N,4,0,1,2,A,-,03,22350,,N,C,C,A,A,H,-,A,A,0,,,,,Y,,A,01,0,0,1,0,0,0,0,0,0,"- ","- ",35.259639999999997,-120.68383,"SAN LUIS OBISPO","SAN LUIS OBISPO",-120.68392384000001,35.259556439999997
8398741,2017,2017-07-03,4004,2017-06-08,1303,0890,02,4,5,3,4004,0,0,0,,0,022,"10TH ST","PINE ST",0.00,,Y,A,-,N,,,,,,,,,,N,3,0,1,2,A,-,10,21950,A,N,G,B,B,A,H,-,A,A,0,Y,,,,Y,,A,07,0,1,0,0,1,0,0,0,0,"- ","- ",,,"SAN LUIS OBISPO","PASO ROBLES",-120.68870991999999,35.624750089999999
8404447,2017,2019-04-09,4008,2017-07-19,1148,3013,,3,5,4,4008,0,0,0,,0,,"MORRO RD","OLD MORRO RD EAST",182.00,E,N,A,-,Y,SLO,5,41,-,-,13.750,H,-,N,Y,1,1,0,1,A,-,03,22350,,N,E,I,A,A,H,-,A,D,0,,,,,Y,Y,A,01,0,0,0,0,0,0,0,0,0,"- ","- ",35.459299999999999,-120.68189,"SAN LUIS OBISPO",ATASCADERO,-120.68184298,35.459226659999999
8406483,2017,2017-07-26,4003,2017-06-05,1915,R8845,3,1,5,2,4003,0,0,0,,0,001,"MORRO BAY BL","BERNARDO AV",0.00,,Y,A,-,N,,,,,,,,,,N,4,0,1,2,A,-,07,21658,A,N,D,G,A,A,H,-,A,D,0,,Y,,,Y,,L,04,0,0,1,0,0,0,1,0,0,"- ","- ",,,"SAN LUIS OBISPO","MORRO BAY",-120.84347990000001,35.365990070000002
8406922,2017,2017-07-25,4006,2017-07-06,1536,80908,,4,5,4,4006,0,0,0,,0,,BROAD,INDUSTRIAL,0.00,,Y,A,-,N,,,,,,,,,,Y,3,0,2,3,A,-,01,23153,A,F,C,C,A,A,H,-,A,A,0,,,,,Y,Y,D,22,0,1,1,0,0,0,0,0,0,"- ","- ",34.251240000000003,-120.64476999999999,"SAN LUIS OBISPO","SAN LUIS OBISPO",-120.64458996,35.25110007
8407260,2017,2017-07-18,4005,2017-06-17,1912,P095,4,6,5,2,4005,0,0,0,,0,,"SHELL BEACH RD","CLIFF AV",47.00,N,N,A,-,N,,,,,,,,,,N,3,0,1,2,A,-,01,21200,5,N,A,G,A,A,H,-,A,D,0,,Y,,,Y,Y,L,04,0,1,0,0,0,0,1,0,0,"- ","- ",,,"SAN LUIS OBISPO","PISMO BEACH",-120.66600244999999,35.155264610000003
8408435,2017,2017-07-24,4006,2017-06-25,1050,60235,,7,5,4,4006,0,0,0,,0,,PISMO,BROAD,0.00,,Y,A,-,N,,,,,,,,,,N,4,0,3,2,A,-,03,22350,,N,C,C,A,A,H,-,A,A,0,,,,,Y,,A,08,0,0,3,0,0,0,0,0,0,"- ","- ",35.276600000000002,-120.66244,"SAN LUIS OBISPO","SAN LUIS OBISPO",-120.66245987000001,35.276640020000002
8410010,2017,2017-07-24,4001,2017-06-10,1345,P082,46-3,6,5,3,4001,0,0,0,,0,OPERAT,"THE PIKE","S HALCYON RD",0.00,,Y,A,-,N,,,,,,,,,,N,4,0,1,2,A,-,09,21801,A,N,D,C,A,A,H,-,A,A,0,,,,,Y,,A,01,0,0,1,0,0,0,0,0,0,"- ","- ",,,"SAN LUIS OBISPO","ARROYO GRANDE",-120.59164994,35.106350069999998
8412462,2017,2017-07-26,4002,2017-06-25,2133,478,103,7,5,3,4002,0,0,0,,0,,"W GRAND AV","S 16TH ST",144.00,W,N,A,-,N,,,,,,,,,,N,3,0,1,4,A,-,03,22350,,N,A,E,A,A,H,-,C,D,0,,,,,Y,Y,A,07,0,1,0,0,0,0,0,0,0,"- ","- ",,,"SAN LUIS OBISPO","GROVER BEACH",-120.61208061000001,35.12109289
8414283,2017,2017-08-16,4008,2017-07-28,1357,3125,,5,5,4,4008,0,0,0,,0,,"EL CAMINO REAL","PALOMAR AV",0.00,,Y,A,-,N,,,,,,,,,,Y,4,0,2,3,A,-,12,21453,A,N,D,C,A,A,H,-,A,A,0,,,,,Y,,A,01,0,0,2,0,0,0,0,0,0,"- ","- ",35.47484,-120.65449,"SAN LUIS OBISPO",ATASCADERO,-120.65465997,35.474880040000002
8416800,2017,2017-08-03,4004,2017-07-14,1830,0476,03,5,5,3,4004,0,0,0,,0,"3 7",RIVER,CRESTON,14.00,N,N,A,-,N,,,,,,,,,,N,3,0,1,2,A,-,11,21456,B,M,G,B,D,A,H,-,A,A,0,Y,,,,Y,,N,60,0,1,0,0,1,0,0,0,0,"- ","- ",,,"SAN LUIS OBISPO","PASO ROBLES",-120.68318087,35.629148450000002
8417385,2017,2017-08-03,4006,2017-07-05,1234,16380,,3,5,4,4006,0,0,0,,0,,"LOS OSOS VALLEY",DESCANSO,0.00,,Y,A,-,N,,,,,,,,,,Y,4,0,1,2,A,-,09,21801,A,N,D,C,A,A,H,-,A,D,0,,,,,Y,,D,22,0,0,1,0,0,0,0,0,0,"- ","- ",,,"SAN LUIS OBISPO","SAN LUIS OBISPO",-120.70000992999999,35.264899999999997
8432339,2017,2017-08-24,4006,2017-07-27,1651,68105,,4,5,4,4006,0,0,0,,0,,HIGUERA,MORRO,0.00,,Y,A,-,N,,,,,,,,,,N,4,0,1,2,A,-,10,21954,B,N,G,B,D,A,H,-,A,-,0,Y,,,,Y,,N,60,0,0,1,0,1,0,0,0,0,"- ","- ",,,"SAN LUIS OBISPO","SAN LUIS OBISPO",-120.66172994999999,35.280600079999999
8435028,2017,2017-08-29,4002,2017-08-17,1129,470,108,4,5,3,4002,0,0,0,,0,,"N OAK PARK BL","ATLANTIC CITY AV",0.00,,Y,A,-,N,,,,,,,,,,N,4,0,1,2,A,-,03,22350,,N,C,C,A,A,H,-,A,A,0,,,,,Y,,D,22,0,0,1,0,0,0,0,0,0,"- ","- ",,,"SAN LUIS OBISPO","GROVER BEACH",-120.60872988,35.126779999999997
8438340,2017,2017-08-28,4004,2017-07-29,2156,0575,03,6,5,3,4004,0,0,0,,0,032,"BUENA VISTA DR","EXPERIMENTAL STATION RD",0.00,,Y,A,-,N,,,,,,,,,,Y,3,0,1,2,A,-,08,22107,,N,D,C,A,A,H,-,C,A,0,,,,,Y,,A,01,0,1,0,0,0,0,0,0,0,"- ","- ",,,"SAN LUIS OBISPO","PASO ROBLES",-120.67221988,35.646220100000001
8438431,2017,2017-08-28,4006,2017-08-04,1128,60235,,5,5,4,4006,0,0,0,,0,,"TANK FARM",BROAD,241.00,E,N,A,-,N,,,,,,,,,,N,4,0,1,2,B,-,22,,,N,D,J,A,A,H,-,A,A,0,,,,,Y,,-,,0,0,1,0,0,0,0,0,0,"- ","- ",35.248669999999997,-120.6422,"SAN LUIS OBISPO","SAN LUIS OBISPO",-120.6422874,35.248627599999999
8438721,2017,2018-06-12,4005,2017-07-24,0415,P103,5,1,5,2,4005,0,0,0,,0,,"DOLLIVER ST","HARLOE AV",58.00,S,N,E,-,Y,SLO,5,1,-,-,15.900,H,-,S,Y,3,0,2,3,A,-,08,22107,,F,C,E,A,A,H,-,C,A,0,,,,,Y,,A,01,0,1,1,0,0,0,0,0,0,"- ","- ",,,"SAN LUIS OBISPO","PISMO BEACH",-120.64475507,35.14426606
8438915,2017,2018-05-18,4006,2017-08-25,1714,49251,SLO,5,5,4,4006,0,0,0,,0,"ZONE 2","RT 227",ORCUTT,537.00,S,N,A,-,N,,,,,,,,,,N,2,0,1,2,A,-,01,23153,B,N,D,C,A,A,H,-,A,D,0,,,Y,,Y,Y,A,08,1,0,0,0,0,0,0,0,1,"- ","- ",35.259970000000003,-120.64888000000001,"SAN LUIS OBISPO","SAN LUIS OBISPO",-120.64901859,35.260000779999999
8439177,2017,2017-08-30,4008,2017-08-14,1619,2030,,1,5,4,4008,0,0,0,,0,,"EL CAMINO REAL","PALOMAR AV",0.00,,Y,A,-,N,,,,,,,,,,Y,3,0,2,2,A,-,12,21453,A,N,D,C,A,A,H,-,A,A,0,,,,,Y,,A,01,0,1,1,0,0,0,0,0,0,"- ","- ",35.474879999999999,-120.65475000000001,"SAN LUIS OBISPO",ATASCADERO,-120.65465997,35.474880040000002
8439682,2017,2017-09-12,4004,2017-08-22,1502,1306,01,2,5,3,4004,0,0,0,,0,013,"SPRING ST","24TH ST",200.00,N,N,A,-,N,,,,,,,,,,N,4,0,1,2,A,-,03,22350,,N,C,C,A,A,H,-,A,D,0,,,,,Y,,D,22,0,0,1,0,0,0,0,0,0,"- ","- ",,,"SAN LUIS OBISPO","PASO ROBLES",-120.69247482999999,35.639678609999997
8439908,2017,2019-04-09,4004,2017-08-12,0050,0476,04,6,5,3,4004,0,0,0,,0,045,CHAROLAIS,"SLEEPY HOLLOW",188.00,E,N,A,-,N,,,,,,,,,,Y,1,1,0,1,A,-,01,23152,A,N,E,I,A,A,H,-,C,A,0,,,,,Y,Y,A,01,0,0,0,0,0,0,0,0,0,"- ","- ",,,"SAN LUIS OBISPO","PASO ROBLES",-120.66106374,35.599623790000003
8441135,2017,2017-09-12,4003,2017-07-07,1536,N9704,6,5,5,2,4003,0,0,0,,0,001,"MAIN ST","PRESTON LN",30.00,N,N,A,-,N,,,,,,,,,,Y,4,0,1,3,A,-,03,22350,,N,C,C,A,A,H,-,A,D,0,,,,,Y,,A,07,0,0,1,0,0,0,0,0,0,"- ","- ",,,"SAN LUIS OBISPO","MORRO BAY",-120.85414185,35.377568179999997
8447917,2017,2018-06-25,4008,2017-08-25,0745,3152,,5,5,4,4008,0,0,0,,0,,"MORRO RD","SANTA YSABEL AV",0.00,,Y,A,-,Y,SLO,5,41,-,R,16.063,I,5,N,N,3,0,1,2,A,-,05,21650,1,N,H,G,A,A,H,-,A,A,0,,Y,,,Y,,L,04,0,1,0,0,0,0,1,0,0,"- ","- ",35.4861,-120.66485,"SAN LUIS OBISPO",ATASCADERO,-120.66399486,35.487589079999999
8449259,2017,2017-09-22,4006,2017-08-24,2200,61680,,4,5,4,4006,0,0,0,,0,,"TANK FARM",LONG,0.00,,Y,A,-,N,,,,,,,,,,N,4,0,1,2,A,-,03,22350,A,N,C,G,A,A,H,-,C,D,0,,Y,,,Y,,A,01,0,0,1,0,0,0,1,0,0,"- ","- ",35.148400000000002,-120.40264000000001,"SAN LUIS OBISPO","SAN LUIS OBISPO",-120.67113994,35.246810089999997
8452489,2017,2017-09-27,4008,2017-08-27,1756,3125,,7,5,4,4008,0,0,0,,0,,"SANTA LUCIA RD","VENADO AV",0.00,,Y,A,-,N,,,,,,,,,,N,3,0,1,1,A,-,03,22350,,M,E,I,A,A,H,-,A,D,0,,,,,Y,Y,A,01,0,1,0,0,0,0,0,0,0,"- ","- ",35.486809999999998,-120.67186,"SAN LUIS OBISPO",ATASCADERO,-120.67184985,35.486760109999999
8452493,2017,2017-09-27,4008,2017-08-27,1754,3125,,7,5,4,4008,0,0,0,,0,,"SANTA YSABEL AV","CURBARIL AV",0.00,,Y,A,-,N,,,,,,,,,,Y,3,0,1,2,A,-,05,21650,,M,D,C,A,A,H,-,A,A,0,,,,,Y,Y,A,01,0,1,0,0,0,0,0,0,0,"- ","- ",35.47927,-120.6545,"SAN LUIS OBISPO",ATASCADERO,-120.65440997,35.479200050000003
8452980,2017,2017-09-27,4008,2017-08-28,1540,4012,,1,5,4,4008,0,0,0,,0,,"MONTEREY RD","SAN FERNANDO RD",1056.00,S,N,A,-,N,,,,,,,,,,Y,3,0,1,1,A,-,05,21650,,N,E,J,A,A,H,-,A,D,0,,,,,Y,,D,22,0,1,0,0,0,0,0,0,0,"- ","- ",,,"SAN LUIS OBISPO",ATASCADERO,-120.702326,35.508026399999999
8452992,2017,2017-09-28,4008,2017-09-05,1759,2112,,2,5,4,4008,0,0,0,,0,,"EL CAMINO REAL","LA LINIA AV",129.00,N,N,A,-,N,,,,,,,,,,N,3,0,1,2,A,-,05,21650,1,N,H,G,A,A,H,-,A,D,0,,Y,,,Y,,L,04,0,1,0,0,0,0,1,0,0,"- ","- ",35.470030000000001,-120.65254,"SAN LUIS OBISPO",ATASCADERO,-120.65271147999999,35.470365379999997
8455751,2017,2017-09-27,4008,2017-09-16,1642,3152,,6,5,4,4008,0,0,0,,0,,"SANTA ANA RD","GRAVES CREEK RD",975.00,W,N,A,-,N,,,,,,,,,,N,3,0,2,1,A,-,03,22350,,N,F,A,A,A,H,-,A,D,0,,,Y,,Y,,C,02,0,1,1,0,0,0,0,0,2,"- ","- ",35.484740000000002,-120.69917,"SAN LUIS OBISPO",ATASCADERO,-120.70188069,35.484583549999996
8458405,2017,2018-06-25,4006,2017-09-05,1431,16380,,2,5,4,4006,0,0,0,,0,,"RT 1",MONTALBAN,0.00,,Y,A,-,Y,SLO,5,1,-,-,16.920,I,5,N,N,4,0,1,2,A,-,09,21802,A,N,D,C,A,A,H,-,A,A,0,,,,,Y,,D,22,0,0,1,0,0,0,0,0,0,"- ","- ",35.171799999999998,-120.39537,"SAN LUIS OBISPO","SAN LUIS OBISPO",-120.66497357999999,35.288348280000001
8458515,2017,2017-10-16,4006,2017-09-02,1448,30153,,6,5,4,4006,0,0,0,,0,,"LOOMIS ST","BUENA VISTA",175.00,E,N,A,-,N,,,,,,,,,,N,4,0,1,2,A,-,00,21653,,N,D,C,A,A,H,-,A,D,0,,,,,Y,,-,,0,0,1,0,0,0,0,0,0,"- ","- ",35.292259999999999,-120.64831,"SAN LUIS OBISPO","SAN LUIS OBISPO",-120.64886847,35.292062870000002
8458669,2017,2017-09-29,4004,2017-09-18,0554,1197,04,1,5,3,4004,0,0,0,,0,045,RIVER,NIBLICK,0.00,,Y,A,-,N,,,,,,,,,,N,4,0,1,3,A,-,12,21453,A,N,D,C,A,A,H,-,B,A,0,,,,,Y,,A,01,0,0,1,0,0,0,0,0,0,"- ","- ",,,"SAN LUIS OBISPO","PASO ROBLES",-120.68026986,35.615020080000001