CASE_ID,ACCIDENT_YEAR,PROC_DATE,JURIS,COLLISION_DATE,COLLISION_TIME,OFFICER_ID,REPORTING_DISTRICT,DAY_OF_WEEK,CHP_SHIFT,POPULATION,CNTY_CITY_LOC,SPECIAL_COND,BEAT_TYPE,CHP_BEAT_TYPE,CITY_DIVISION_LAPD,CHP_BEAT_CLASS,BEAT_NUMBER,PRIMARY_RD,SECONDARY_RD,DISTANCE,DIRECTION,INTERSECTION,WEATHER_1,WEATHER_2,STATE_HWY_IND,CALTRANS_COUNTY,CALTRANS_DISTRICT,STATE_ROUTE,ROUTE_SUFFIX,POSTMILE_PREFIX,POSTMILE,LOCATION_TYPE,RAMP_INTERSECTION,SIDE_OF_HWY,TOW_AWAY,COLLISION_SEVERITY,NUMBER_KILLED,NUMBER_INJURED,PARTY_COUNT,PRIMARY_COLL_FACTOR,PCF_CODE_OF_VIOL,PCF_VIOL_CATEGORY,PCF_VIOLATION,PCF_VIOL_SUBSECTION,HIT_AND_RUN,TYPE_OF_COLLISION,MVIW,PED_ACTION,ROAD_SURFACE,ROAD_COND_1,ROAD_COND_2,LIGHTING,CONTROL_DEVICE,CHP_ROAD_TYPE,PEDESTRIAN_ACCIDENT,BICYCLE_ACCIDENT,MOTORCYCLE_ACCIDENT,TRUCK_ACCIDENT,NOT_PRIVATE_PROPERTY,ALCOHOL_INVOLVED,STWD_VEHTYPE_AT_FAULT,CHP_VEHTYPE_AT_FAULT,COUNT_SEVERE_INJ,COUNT_VISIBLE_INJ,COUNT_COMPLAINT_PAIN,COUNT_PED_KILLED,COUNT_PED_INJURED,COUNT_BICYCLIST_KILLED,COUNT_BICYCLIST_INJURED,COUNT_MC_KILLED,COUNT_MC_INJURED,PRIMARY_RAMP,SECONDARY_RAMP,LATITUDE,LONGITUDE,COUNTY,CITY,POINT_X,POINT_Y
8466619,2017,2018-05-18,4001,2017-08-05,1500,P082,"46 2",6,5,3,4001,0,0,0,,0,OPERAT,"WEST BRANCH ST","RANCHO PKWY",530.00,S,N,A,-,N,,,,,,,,,,Y,4,0,1,3,A,-,03,22350,,N,C,C,A,A,H,-,A,D,0,,,,,Y,,A,01,0,0,1,0,0,0,0,0,0,"- ","- ",,,"SAN LUIS OBISPO","ARROYO GRANDE",-120.5940267,35.12516789
8467166,2017,2017-10-12,4004,2017-08-21,1432,1233,02,1,5,3,4004,0,0,0,,0,024,SPRING,7TH,21.00,N,N,A,-,N,,,,,,,,,,Y,2,0,1,2,A,-,09,21802,B,N,D,C,A,A,H,-,A,A,0,,,Y,,Y,,A,01,1,0,0,0,0,0,0,0,1,"- ","- ",,,"SAN LUIS OBISPO","PASO ROBLES",-120.69096558,35.621567499999998
8469287,2017,2018-06-14,4006,2017-11-09,2039,65419,SLO,4,5,4,4006,0,0,0,,0,,"SANTA ROSA",WALNUT,0.00,,Y,A,-,Y,SLO,5,1,-,L,16.702,I,5,N,N,4,0,1,2,A,-,08,22107,,F,B,G,A,A,H,-,C,A,0,,Y,,,Y,,-,,0,0,1,0,0,0,1,0,0,"- ","- ",35.170990000000003,-120.39457,"SAN LUIS OBISPO","SAN LUIS OBISPO",-120.66286641000001,35.28600187
8472696,2017,2017-11-02,4003,2017-09-20,1303,C7315,1,3,5,2,4003,0,0,0,,0,001,"MAIN ST","BAYSHORE DR",0.00,,Y,A,-,N,,,,,,,,,,Y,3,0,1,2,A,-,01,23152,A,N,B,C,A,A,H,-,A,D,0,,,Y,,Y,Y,C,02,0,1,0,0,0,0,0,0,1,"- ","- ",,,"SAN LUIS OBISPO","MORRO BAY",-120.84548993999999,35.356010040000001
8474512,2017,2017-11-08,4006,2017-10-09,1846,60659,,1,5,4,4006,0,0,0,,0,,GRAND,GARFIELD,0.00,,Y,A,-,N,,,,,,,,,,N,4,0,1,2,A,-,05,21651,B,F,A,G,A,A,H,-,B,D,0,,Y,,,Y,,L,04,0,0,1,0,0,0,1,0,0,"- ","- ",35.17257,-120.39109999999999,"SAN LUIS OBISPO","SAN LUIS OBISPO",-120.65314995,35.29054009
8476666,2017,2017-10-25,4006,2017-10-10,0813,16380,,2,5,4,4006,0,0,0,,0,,PEACH,CHORRO,0.00,,Y,A,-,N,,,,,,,,,,Y,4,0,1,2,A,-,09,21802,A,N,D,C,A,A,H,-,A,A,0,,,,,Y,,A,01,0,0,1,0,0,0,0,0,0,"- ","- ",35.165939999999999,-120.39555,"SAN LUIS OBISPO","SAN LUIS OBISPO",-120.66568989,35.283060030000001
8476703,2017,2017-11-04,4002,2017-09-29,1537,368,113,5,5,3,4002,0,0,0,,0,,"EL CAMINO REAL","12TH ST",0.00,N,N,A,-,N,,,,,,,,,,N,4,0,1,2,A,-,03,22350,,N,C,C,A,A,H,-,A,A,0,,,,,Y,,D,22,0,0,1,0,0,0,0,0,0,"- ","- ",,,"SAN LUIS OBISPO","GROVER BEACH",-120.61217996000001,35.130880070000003
8477084,2017,2017-11-15,4006,2017-10-09,2226,15913,,1,5,4,4006,0,0,0,,0,,FOOTHILL,FERRINI,175.00,E,N,A,-,N,,,,,,,,,,Y,3,0,6,2,A,-,08,22102,,N,D,C,A,A,H,-,C,D,0,,,,,Y,,A,01,0,3,3,0,0,0,0,0,0,"- ","- ",35.294110000000003,-120.67328999999999,"SAN LUIS OBISPO","SAN LUIS OBISPO",-120.67335369,35.294108029999997
8477246,2017,2017-10-24,4006,2017-09-27,1356,16380,,3,5,4,4006,0,0,0,,0,,MONTEREY,"SANTA ROSA",0.00,,Y,A,-,N,,,,,,,,,,N,4,0,1,2,A,-,08,22100,A,N,G,B,B,A,H,-,A,A,0,Y,,,,Y,,A,07,0,0,1,0,1,0,0,0,0,"- ","- ",35.16574,-120.39355,"SAN LUIS OBISPO","SAN LUIS OBISPO",-120.65995992000001,35.282600080000002
8479124,2017,2017-11-13,4004,2017-10-13,1510,1208,04,5,5,3,4004,0,0,0,,0,"4    1",CRESTON,ORCHARD,176.00,W,N,A,-,N,,,,,,,,,,N,4,0,1,3,A,-,03,22350,,N,C,C,A,A,H,-,A,D,0,,,,,Y,,D,22,0,0,1,0,0,0,0,0,0,"- ","- ",,,"SAN LUIS OBISPO","PASO ROBLES",-120.66728556,35.624353069999998
8479140,2017,2017-11-08,4004,2017-10-17,1620,1208,03,2,5,3,4004,0,0,0,,0,038,"ROLLING HILLS",SUMMIT,45.00,,N,A,-,N,,,,,,,,,,Y,4,0,1,2,A,-,03,22350,,N,C,C,A,A,H,-,A,D,0,,,,,Y,,D,22,0,0,1,0,0,0,0,0,0,"- ","- ",,,"SAN LUIS OBISPO","PASO ROBLES",-120.65955992000001,35.632760070000003
8480136,2017,2017-11-02,4004,2017-10-11,1620,1208,04,3,5,3,4004,0,0,0,,0,4-1,NIBLICK,"S RIVER",0.00,,Y,A,-,N,,,,,,,,,,Y,4,0,1,3,A,-,12,21453,A,N,D,C,A,A,H,-,A,A,0,,,,,Y,,A,07,0,0,1,0,0,0,0,0,0,"- ","- ",,,"SAN LUIS OBISPO","PASO ROBLES",-120.68026986,35.615020080000001
8480278,2017,2017-11-09,4006,2017-10-12,1557,80908,,4,5,4,4006,0,0,0,,0,,TORO,PHILLIPS,0.00,,Y,A,-,N,,,,,,,,,,N,4,0,2,2,A,-,09,21802,A,N,D,C,A,A,H,-,A,A,0,,,,,Y,,A,01,0,0,2,0,0,0,0,0,0,"- ","- ",35.287790000000001,-120.66149,"SAN LUIS OBISPO","SAN LUIS OBISPO",-120.66148987,35.287800009999998
8481245,2017,2017-11-27,4002,2017-10-25,1120,338,204,3,5,3,4002,0,0,0,,0,,"S 16TH ST","S 16TH ST 565",0.00,,N,A,-,N,,,,,,,,,,N,3,0,1,2,A,-,13,22515,A,N,E,E,A,A,H,-,A,A,0,,,,,Y,,A,01,0,1,0,0,0,0,0,0,0,"- ","- ",,,"SAN LUIS OBISPO","GROVER BEACH",-120.61191737999999,35.116312669999999
8481524,2017,2017-11-17,4006,2017-10-06,2230,10817,SLO,5,5,4,4006,0,0,0,,0,,OSOS,PISMO,0.00,,Y,A,-,N,,,,,,,,,,Y,4,0,1,2,D,-,00,,,N,D,C,A,A,H,-,C,A,0,,,,,Y,,-,"- ",0,0,1,0,0,0,0,0,0,"- ","- ",35.270000000000003,-120.65000000000001,"SAN LUIS OBISPO","SAN LUIS OBISPO",-120.65876998,35.278860080000001
8481591,2017,2017-11-14,4006,2017-10-16,1706,80908,,1,5,4,4006,0,0,0,,0,,SOUTH,BEEBEE,0.00,,Y,A,-,N,,,,,,,,,,N,3,0,1,2,A,-,05,21650,1,N,A,G,A,A,H,-,A,A,0,,Y,,,Y,,L,04,0,1,0,0,0,0,1,0,0,"- ","- ",35.269440000000003,-120.66789,"SAN LUIS OBISPO","SAN LUIS OBISPO",-120.66799949999999,35.269533000000003
8482366,2017,2017-11-13,4006,2017-10-23,1937,60659,,1,5,4,4006,0,0,0,,0,,MILL,CALIFORNIA,0.00,,Y,A,-,N,,,,,,,,,,N,4,0,1,2,A,-,09,21801,A,N,B,G,A,-,H,-,C,A,0,,Y,,,Y,,L,04,0,0,1,0,0,0,1,0,0,"- ","- ",35.771529999999998,-120.39214,"SAN LUIS OBISPO","SAN LUIS OBISPO",-120.6559499,35.287610110000003
8483326,2017,2017-11-13,4008,2017-10-12,1848,2054,,4,5,4,4008,0,0,0,,0,,"DEL RIO RD","POTRERO RD",460.00,W,N,A,-,N,,,,,,,,,,Y,4,0,1,2,A,-,03,22350,,N,B,C,A,A,H,-,B,D,0,,,,,Y,Y,A,01,0,0,1,0,0,0,0,0,0,"- ","- ",35.517679999999999,-120.69156,"SAN LUIS OBISPO",ATASCADERO,-120.69097658,35.5143111
8484050,2017,2017-11-16,4008,2017-10-28,1918,3152,,6,5,4,4008,0,0,0,,0,,"SANTA LUCIA RD","LAUREL RD",1320.00,E,N,A,-,N,,,,,,,,,,Y,3,0,1,1,A,-,03,22350,,N,E,I,A,A,H,-,D,D,0,,,,,Y,,A,01,0,1,0,0,0,0,0,0,0,"- ","- ",35.475430000000003,-120.70567,"SAN LUIS OBISPO",ATASCADERO,-120.70303810999999,35.477310539999998
8484054,2017,2017-11-16,4008,2017-10-25,0810,4113,APD,3,5,4,4008,0,0,0,,0,,"SAN GABRIEL RD","SANTA LUCIA RD",714.00,S,N,A,-,N,,,,,,,,,,Y,4,0,1,1,A,-,03,22350,,N,E,I,A,A,H,-,A,D,0,,,,,Y,,A,01,0,0,1,0,0,0,0,0,0,"- ","- ",35.481099999999998,-120.69783,"SAN LUIS OBISPO",ATASCADERO,-120.69612017999999,35.479900000000001
8484062,2017,2017-11-16,4008,2017-10-26,1710,3152,,4,5,4,4008,0,0,0,,0,,"SANTA ROSA RD","OLD SANTA ROSA RD",262.00,W,N,A,-,N,,,,,,,,,,Y,3,0,1,1,A,-,03,22350,,N,E,I,A,A,H,-,A,A,0,,,,,Y,,A,01,0,1,0,0,0,0,0,0,0,"- ","- ",35.464359999999999,-120.65418,"SAN LUIS OBISPO",ATASCADERO,-120.65498823999999,35.464379999999998
8485620,2017,2018-06-25,4003,2017-09-03,1622,C4566,4,7,5,2,4003,0,0,0,,0,002,"ATASCADERO RD","IRONWOOD AV",0.00,,Y,A,-,Y,SLO,5,41,-,-,0.380,I,5,S,Y,2,0,3,2,A,-,01,23152,,N,D,C,A,A,H,-,A,A,0,,,,,Y,Y,A,01,1,1,1,0,0,0,0,0,0,"- ","- ",,,"SAN LUIS OBISPO","MORRO BAY",-120.85050441999999,35.383419379999999
8486702,2017,2018-02-03,4004,2017-11-03,0757,1208,04,5,5,3,4004,0,0,0,,0,041,NIBLICK,NICKLAUS,390.00,E,N,C,-,N,,,,,,,,,,N,4,0,1,2,A,-,03,22350,,N,C,C,A,B,H,-,A,D,0,,,,,Y,,D,22,0,0,1,0,0,0,0,0,0,"- ","- ",,,"SAN LUIS OBISPO","PASO ROBLES",-120.67431815,35.615784009999999
8486914,2017,2017-12-04,4006,2017-10-19,1903,65419,,4,5,4,4006,0,0,0,,0,,MARSH,BROAD,55.00,E,N,A,-,N,,,,,,,,,,N,4,0,1,2,A,-,04,21703,,N,C,C,A,A,H,-,B,D,0,,,,,Y,,A,01,0,0,1,0,0,0,0,0,0,"- ","- ",35.161470000000001,-120.39487,"SAN LUIS OBISPO","SAN LUIS OBISPO",-120.66366347,35.278201580000001
8491964,2017,2017-12-07,4006,2017-11-07,2019,64920,,2,5,4,4006,0,0,0,,0,,FOOTHILL,"SANTA ROSA",34.00,W,N,A,-,N,,,,,,,,,,N,4,0,1,2,A,-,08,22107,,N,D,C,A,A,H,-,C,A,0,,,Y,,Y,,D,22,0,0,1,0,0,0,0,0,1,"- ","- ",35.170000000000002,-120.40000000000001,"SAN LUIS OBISPO","SAN LUIS OBISPO",-120.66817390999999,35.294070789999999
8495312,2017,2018-01-17,4001,2017-10-17,1224,P0115,461,2,5,3,4001,0,0,0,,0,OPERAT,"FAIR OAKS AV","CALIFORNIA ST",181.00,W,N,A,-,N,,,,,,,,,,Y,3,0,1,2,A,-,09,21804,A,N,D,C,A,A,H,-,A,A,0,,,,,Y,Y,D,22,0,1,0,0,0,0,0,0,0,"- ","- ",,,"SAN LUIS OBISPO","ARROYO GRANDE",-120.58013859,35.117760650000001
8498920,2017,2017-11-27,4004,2017-11-11,1622,1305,03,6,5,3,4004,0,0,0,,0,3-2,"RIVER RD","RIVER OAKS DR",50.00,N,N,A,-,N,,,,,,,,,,Y,4,0,1,2,A,-,03,22350,,N,C,C,A,A,H,-,A,A,0,,,,,Y,,A,01,0,0,1,0,0,0,0,0,0,"- ","- ",,,"SAN LUIS OBISPO","PASO ROBLES",-120.68240972,35.644488369999998
8499024,2017,2017-11-27,4004,2017-11-08,1436,1208,03,3,5,3,4004,0,0,0,,0,3-8,"GOLDEN HILL","ROLLING HILLS RD",0.00,,Y,B,-,N,,,,,,,,,,Y,3,0,2,2,A,-,09,21802,A,N,D,C,A,A,H,-,A,A,0,,,,,Y,,A,07,0,1,1,0,0,0,0,0,0,"- ","- ",,,"SAN LUIS OBISPO","PASO ROBLES",-120.65799987,35.634240009999999
8499965,2017,2017-12-07,4008,2017-11-10,1609,3152,,5,5,4,4008,0,0,0,,0,,"EL CAMINO REAL","TRAFFIC WY",525.00,N,N,A,-,N,,,,,,,,,,N,4,0,1,2,A,-,03,22350,,N,C,C,A,A,H,-,A,A,0,,,,,Y,,D,22,0,0,1,0,0,0,0,0,0,"- ","- ",35.489370000000001,-120.67031,"SAN LUIS OBISPO",ATASCADERO,-120.67191391,35.490109250000003
8500315,2017,2017-12-11,4006,2017-11-09,1912,65419,SLO,4,5,4,4006,0,0,0,,0,,GRAND,"RT 101",0.00,,Y,A,-,N,,,,,,,,,,N,3,0,1,2,A,-,08,22107,,N,D,G,A,A,H,-,D,D,0,,Y,,,Y,,A,01,0,1,0,0,0,0,1,0,0,"- ","- ",,,"SAN LUIS OBISPO","SAN LUIS OBISPO",-120.65328992000001,35.291970079999999
8500600,2017,2017-12-08,4003,2017-10-24,1651,P1561,8,2,5,2,4003,0,0,0,,0,002,"MAIN ST","SEQUOIA ST",38.00,N,N,A,-,N,,,,,,,,,,Y,3,0,1,3,A,-,03,22350,,N,C,C,A,A,H,-,A,D,0,,,,,Y,,D,22,0,1,0,0,0,0,0,0,0,"- ","- ",,,"SAN LUIS OBISPO","MORRO BAY",-120.86092652000001,35.395440010000002
8500801,2017,2017-12-21,4003,2017-11-10,1918,H9596,3,5,5,2,4003,0,0,0,,0,001,"ANCHOR ST","NAPA AV",70.00,E,N,A,-,N,,,,,,,,,,N,2,0,1,2,A,-,03,22350,,N,G,B,E,A,H,-,C,A,0,Y,,,,Y,,A,07,1,0,0,0,1,0,0,0,0,"- ","- ",,,"SAN LUIS OBISPO","MORRO BAY",-120.84747527,35.362162079999997
8500898,2017,2018-01-18,4008,2017-11-09,1242,3152,,4,5,4,4008,0,0,0,,0,,"EL CAMINO REAL","PALOMAR AV",0.00,,Y,B,-,N,,,,,,,,,,Y,4,0,1,2,A,-,12,21453,A,N,D,C,A,A,H,-,A,A,0,,,,,Y,,A,01,0,0,1,0,0,0,0,0,0,"- ","- ",35.47484,-120.65449,"SAN LUIS OBISPO",ATASCADERO,-120.65465997,35.474880040000002
8504308,2017,2018-06-08,4003,2017-12-06,1131,P1561,5,3,5,2,4003,0,0,0,,0,001,"SOUTH BAY BL","QUINTANA RD",0.00,,Y,A,-,N,,,,,,,,,,Y,4,0,2,2,A,-,09,21802,A,N,D,C,A,A,H,-,A,A,0,,,Y,,Y,,A,01,0,0,2,0,0,0,0,0,2,"- ","- ",,,"SAN LUIS OBISPO","MORRO BAY",-120.8242899,35.362180010000003
8504706,2018,2019-03-21,4001,2018-12-31,1827,P0114,461,1,5,3,4001,0,0,0,,0,OPERAT,"E BRANCH ST","GARDEN ST",289.00,E,N,A,-,N,,,,,,,,,,Y,2,0,2,2,A,-,07,21658,A,N,A,C,A,A,H,-,D,D,0,,,Y,,Y,,C,02,1,0,1,0,0,0,0,0,1,"- ","- ",,,"SAN LUIS OBISPO","ARROYO GRANDE",-120.57122039794922,35.125637054443359
8506180,2017,2017-12-29,4006,2017-11-15,0759,16380,,3,5,4,4006,0,0,0,,0,,HIGUERA,"PRADO RD",340.00,N,N,A,-,N,,,,,,,,,,Y,4,0,1,3,A,-,03,22350,,N,B,C,A,A,H,-,A,D,0,,,,,Y,,A,01,0,0,1,0,0,0,0,0,0,"- ","- ",35.15202,-120.40083,"SAN LUIS OBISPO","SAN LUIS OBISPO",-120.66877820000001,35.255527530000002
8506546,2017,2018-06-07,4008,2017-11-07,0828,3013,,2,5,4,4008,0,0,0,,0,,"BARRANCO HTS","LUCINDA LN",92.00,E,N,A,-,N,,,,,,,,,,Y,4,0,1,1,A,-,03,22350,,N,F,I,A,A,H,-,A,D,0,,,,,Y,,A,01,0,0,1,0,0,0,0,0,0,"- ","- ",35.463070000000002,-120.69222000000001,"SAN LUIS OBISPO",ATASCADERO,-120.69186329999999,35.462771600000004
8508122,2017,2018-06-19,4002,2017-11-22,1656,338,114,3,5,3,4002,0,0,0,,0,,"RT 1","W GRAND AV",363.00,S,N,A,-,Y,SLO,5,1,-,-,14.030,H,-,N,N,4,0,1,2,A,-,04,21703,,N,C,C,A,A,H,-,B,A,0,,,,,Y,,A,01,0,0,1,0,0,0,0,0,0,"- ","- ",,,"SAN LUIS OBISPO","GROVER BEACH",-120.62965938000001,35.12097687
8508402,2017,2017-12-12,4004,2017-11-14,2017,0575,01,2,5,3,4004,0,0,0,,0,017,"SPRING ST","13TH ST",0.00,,Y,A,-,N,,,,,,,,,,Y,4,0,1,2,A,-,01,23152,F,N,D,C,A,A,H,-,C,A,0,,,,,Y,,A,01,0,0,1,0,0,0,0,0,0,"- ","- ",,,"SAN LUIS OBISPO","PASO ROBLES",-120.69148998,35.627730040000003
8509207,2017,2017-12-07,4001,2017-10-27,1845,P0134,463,5,5,3,4001,0,0,0,,0,,"EAST GRAND AV","SOUTH ELM ST",0.00,,Y,A,-,N,,,,,,,,,,N,4,0,1,2,A,-,03,22350,,N,C,D,A,A,H,-,C,A,0,,,Y,,Y,,A,07,0,0,1,0,0,0,0,0,1,"- ","- ",,,"SAN LUIS OBISPO","ARROYO GRANDE",-120.60044988,35.120530100000003
8510718,2017,2018-01-29,4004,2017-12-03,1136,1208,01,7,5,3,4004,0,0,0,,0,015,SPRING,"20TH ST",30.00,N,N,A,-,N,,,,,,,,,,Y,4,0,1,2,A,-,03,22350,,N,C,C,A,A,H,-,A,D,0,,,,,Y,,A,01,0,0,1,0,0,0,0,0,0,"- ","- ",,,"SAN LUIS OBISPO","PASO ROBLES",-120.69210627,35.63507224
8510960,2017,2017-12-22,4006,2017-12-01,1211,60235,,5,5,4,4006,0,0,0,,0,,"HIGUERA S",PRADO,54.00,S,N,A,-,N,,,,,,,,,,Y,4,0,1,2,A,-,03,22350,,N,C,C,A,A,H,-,A,A,0,,,,Y,Y,,A,07,0,0,1,0,0,0,0,0,0,"- ","- ",35.254199999999997,-120.66921000000001,"SAN LUIS OBISPO","SAN LUIS OBISPO",-120.66909943,35.254486739999997
8511174,2017,2017-12-20,4006,2017-11-17,1700,77891,,5,5,4,4006,0,0,0,,0,,GRAND,FREDERICKS,0.00,,Y,A,-,N,,,,,,,,,,N,2,0,1,3,A,-,15,21201,A,N,D,G,A,A,H,-,C,D,0,,Y,,,Y,Y,L,04,1,0,0,0,0,0,1,0,0,"- ","- ",35.17586,-120.39203000000001,"SAN LUIS OBISPO","SAN LUIS OBISPO",-120.65327997999999,35.293100039999999
8511182,2017,2017-12-20,4006,2017-11-28,1301,16380,,2,5,4,4006,0,0,0,,0,,BROAD,"TANK FARM",372.00,S,N,A,-,N,,,,,,,,,,N,4,0,1,3,A,-,03,22350,,N,C,C,A,A,H,-,A,D,0,,,,,Y,,A,01,0,0,1,0,0,0,0,0,0,"- ","- ",35.145060000000001,-120.38326000000001,"SAN LUIS OBISPO","SAN LUIS OBISPO",-120.64252447,35.247412509999997
8512878,2017,2018-01-29,4008,2017-12-08,1210,3152,,5,5,4,4008,0,0,0,,0,,"EL CAMINO REAL","SANTA ROSA RD",80.00,S,N,A,-,N,,,,,,,,,,N,4,0,1,2,A,-,03,22350,,N,C,C,A,A,H,-,A,A,0,,,,,Y,,A,07,0,0,1,0,0,0,0,0,0,"- ","- ",35.46678,-120.64968,"SAN LUIS OBISPO",ATASCADERO,-120.64938890000001,35.466687720000003
8516074,2017,2018-06-14,4005,2017-11-30,0141,P103,5,4,5,2,4005,0,0,0,,0,,"PRICE ST","MATTIE ST",800.00,S,N,A,-,Y,SLO,5,1,-,-,16.520,H,-,N,Y,3,0,2,1,A,-,01,23153,B,N,E,I,A,A,H,-,C,A,0,,,,,Y,Y,A,01,0,2,0,0,0,0,0,0,0,"- ","- ",,,"SAN LUIS OBISPO","PISMO BEACH",-120.65217671000001,35.149485310000003
8523900,2017,2018-01-10,4001,2017-11-01,1400,P0131,"46 3",3,5,3,4001,0,0,0,,0,OPERAT,GRAND,"COURTLAND ST",0.00,,Y,A,-,N,,,,,,,,,,N,4,0,1,2,A,-,09,21453,B,F,D,C,A,A,H,-,A,A,0,,,,,Y,,-,99,0,0,1,0,0,0,0,0,0,"- ","- ",,,"SAN LUIS OBISPO","ARROYO GRANDE",-120.60665998,35.120840059999999
8524715,2017,2018-01-04,4001,2017-11-15,1525,P0106,461,3,5,3,4001,0,0,0,,0,OPERAT,"FAIR OAKS AV","STATION WY",0.00,,Y,A,-,N,,,,,,,,,,N,3,0,2,3,A,-,10,21950,A,N,G,B,B,A,H,-,A,A,0,Y,,,,Y,,B,07,0,2,0,0,2,0,0,0,0,"- ","- ",,,"SAN LUIS OBISPO","ARROYO GRANDE",-120.57749995,35.119140000000002
8525236,2017,2018-01-29,4004,2017-12-08,1323,1062,02,5,5,3,4004,0,0,0,,0,025,VINE,6TH,0.00,,Y,A,-,N,,,,,,,,,,Y,3,0,1,2,A,-,12,22450,A,N,B,C,A,A,H,-,A,A,0,,,,,Y,,E,22,0,1,0,0,0,0,0,0,0,"- ","- ",,,"SAN LUIS OBISPO","PASO ROBLES",-120.69341991,35.620320059999997
8525248,2017,2018-01-12,4006,2017-12-08,1638,60235,,5,5,4,4006,0,0,0,,0,,MILL,GRAND,52.00,N,N,A,-,N,,,,,,,,,,N,2,0,1,2,D,-,00,,,F,A,B,E,A,H,-,A,A,0,Y,,,Y,Y,,-,"- ",1,0,0,0,1,0,0,0,0,"- ","- ",35.289540000000002,-120.65325,"SAN LUIS OBISPO","SAN LUIS OBISPO",-120.65255000000001,35.289619999999999
8528379,2017,2018-01-26,4006,2017-12-22,1425,33665,,5,5,4,4006,0,0,0,,0,,ORCUTT,"TANK FARM",425.00,N,N,A,-,N,,,,,,,,,,,3,0,1,2,A,-,03,22350,,N,C,C,A,A,H,-,A,-,0,,,,,Y,,D,22,0,1,0,0,0,0,0,0,0,"- ","- ",35.251339999999999,-120.62604,"SAN LUIS OBISPO","SAN LUIS OBISPO",-120.62369024,35.250539770000003
8529863,2017,2018-01-16,4006,2017-12-03,0926,60235,,7,5,4,4006,0,0,0,,0,,JOHNSON,IRIS,0.00,,Y,A,-,N,,,,,,,,,,N,3,0,1,1,A,-,03,22350,,N,H,I,A,A,H,-,A,A,0,,,Y,,Y,,C,03,0,1,0,0,0,0,0,0,1,"- ","- ",35.278199999999998,-120.64973000000001,"SAN LUIS OBISPO","SAN LUIS OBISPO",-120.64979998,35.278190010000003
8530381,2018,2018-08-01,4008,2018-01-08,1605,3152,,1,5,4,4008,0,0,0,,0,,"MORRO RD","OLD MORRO RD",1584.00,E,N,B,C,Y,SLO,5,41,-,-,12.260,H,-,S,Y,3,0,1,1,A,-,03,22350,,N,F,A,A,B,H,-,A,D,0,,,,,Y,,D,22,0,1,0,0,0,0,0,0,0,"- ","- ",35.451229095458984,-120.69732666015625,"SAN LUIS OBISPO",ATASCADERO,-120.70279693603516,35.451114654541016
8534251,2018,2018-01-31,4006,2018-01-04,1321,80908,,4,5,4,4006,0,0,0,,0,,JOHNSON,PACIFIC,13.00,N,N,C,-,N,,,,,,,,,,N,4,0,1,2,A,-,08,22107,,N,B,C,A,B,H,-,A,D,0,,,,,Y,,A,01,0,0,1,0,0,0,0,0,0,"- ","- ",,,"SAN LUIS OBISPO","SAN LUIS OBISPO",-120.65528106689453,35.282337188720703
8534255,2018,2018-01-31,4006,2018-01-05,0824,16380,,5,5,4,4006,0,0,0,,0,,BROAD,AERO,248.00,N,N,E,-,N,,,,,,,,,,Y,3,0,3,2,A,-,09,21801,A,N,D,C,A,A,H,-,A,D,0,,,,,Y,,A,01,0,2,1,0,0,0,0,0,0,"- ","- ",35.142559051513672,-120.38141632080078,"SAN LUIS OBISPO","SAN LUIS OBISPO",-120.63844299316406,35.241523742675781
8538668,2018,2018-01-31,4006,2018-01-13,1801,15913,,6,5,4,4006,0,0,0,,0,,MONTEREY,"BUENA VISTA",0.00,,Y,A,-,N,,,,,,,,,,N,2,0,1,2,A,-,10,21950,A,N,G,B,B,A,-,-,C,A,0,Y,,,,Y,Y,A,01,1,0,0,0,1,0,0,0,0,"- ","- ",35.290290832519531,-120.64974212646484,"SAN LUIS OBISPO","SAN LUIS OBISPO",-120.64970700000001,35.290348000000002
8542219,2018,2018-02-01,4004,2018-01-15,1745,1307,04,1,5,3,4004,0,0,0,,0,048,"CRESTON RD","MYRTLEWOOD DR",0.00,,Y,A,-,N,,,,,,,,,,Y,4,0,1,3,A,-,03,22350,,N,C,C,A,A,H,-,C,D,0,,,,,Y,,A,07,0,0,1,0,0,0,0,0,0,"- ","- ",,,"SAN LUIS OBISPO","PASO ROBLES",-120.65898132324219,35.6060791015625
8542622,2018,2018-02-05,4003,2018-01-20,0802,P1561,3,6,5,2,4003,0,0,0,,0,001,"HARBOR ST","PINEY WY",0.00,,Y,A,-,N,,,,,,,,,,Y,4,0,1,2,A,-,12,22450,A,N,D,G,A,A,H,-,A,A,0,,Y,,,Y,,L,04,0,0,1,0,0,0,1,0,0,"- ","- ",,,"SAN LUIS OBISPO","MORRO BAY",-120.84544372558594,35.366909027099609
8543238,2017,2018-02-05,4006,2017-12-29,1229,16380,,5,5,4,4006,0,0,0,,0,,"SANTA ROSA",OLIVE,65.00,N,N,A,-,N,,,,,,,,,,N,4,0,1,2,A,-,11,21966,,N,G,B,E,A,H,-,A,D,0,Y,,,,Y,,N,60,0,0,1,0,1,0,0,0,0,"- ","- ",,,"SAN LUIS OBISPO","SAN LUIS OBISPO",-120.66440552,35.28767715
8549276,2018,2018-02-15,4006,2018-01-20,1450,32625,,6,5,4,4006,0,0,0,,0,,"LOS OSOS VALLEY","AUTO PARK WY",163.00,S,N,A,-,N,,,,,,,,,,N,4,0,2,2,A,-,03,22350,,N,C,C,A,A,H,-,A,A,0,,,,,Y,,D,22,0,0,2,0,0,0,0,0,0,"- ","- ",35.250499725341797,-120.68499755859375,"SAN LUIS OBISPO","SAN LUIS OBISPO",-120.68483734130859,35.249488830566406
8550034,2018,2018-08-01,4005,2018-01-09,1754,P105,6,2,5,2,4005,0,0,0,,0,,"S DOLLIVER ST","CYPRESS ST",1400.00,S,N,A,-,Y,SLO,5,1,-,-,14.950,I,5,N,N,4,0,1,2,A,-,08,22107,,N,D,G,A,A,H,-,C,D,0,,Y,,,Y,,M,97,0,0,1,0,0,0,1,0,0,"- ","- ",,,"SAN LUIS OBISPO","PISMO BEACH",-120.63491821289062,35.133403778076172