CASE_ID,ACCIDENT_YEAR,PROC_DATE,JURIS,COLLISION_DATE,COLLISION_TIME,OFFICER_ID,REPORTING_DISTRICT,DAY_OF_WEEK,CHP_SHIFT,POPULATION,CNTY_CITY_LOC,SPECIAL_COND,BEAT_TYPE,CHP_BEAT_TYPE,CITY_DIVISION_LAPD,CHP_BEAT_CLASS,BEAT_NUMBER,PRIMARY_RD,SECONDARY_RD,DISTANCE,DIRECTION,INTERSECTION,WEATHER_1,WEATHER_2,STATE_HWY_IND,CALTRANS_COUNTY,CALTRANS_DISTRICT,STATE_ROUTE,ROUTE_SUFFIX,POSTMILE_PREFIX,POSTMILE,LOCATION_TYPE,RAMP_INTERSECTION,SIDE_OF_HWY,TOW_AWAY,COLLISION_SEVERITY,NUMBER_KILLED,NUMBER_INJURED,PARTY_COUNT,PRIMARY_COLL_FACTOR,PCF_CODE_OF_VIOL,PCF_VIOL_CATEGORY,PCF_VIOLATION,PCF_VIOL_SUBSECTION,HIT_AND_RUN,TYPE_OF_COLLISION,MVIW,PED_ACTION,ROAD_SURFACE,ROAD_COND_1,ROAD_COND_2,LIGHTING,CONTROL_DEVICE,CHP_ROAD_TYPE,PEDESTRIAN_ACCIDENT,BICYCLE_ACCIDENT,MOTORCYCLE_ACCIDENT,TRUCK_ACCIDENT,NOT_PRIVATE_PROPERTY,ALCOHOL_INVOLVED,STWD_VEHTYPE_AT_FAULT,CHP_VEHTYPE_AT_FAULT,COUNT_SEVERE_INJ,COUNT_VISIBLE_INJ,COUNT_COMPLAINT_PAIN,COUNT_PED_KILLED,COUNT_PED_INJURED,COUNT_BICYCLIST_KILLED,COUNT_BICYCLIST_INJURED,COUNT_MC_KILLED,COUNT_MC_INJURED,PRIMARY_RAMP,SECONDARY_RAMP,LATITUDE,LONGITUDE,COUNTY,CITY,POINT_X,POINT_Y
8558077,2018,2018-07-20,4003,2018-01-11,0745,N9704,3,4,5,2,4003,0,0,0,,0,001,"RT 1","MORRO BAY BL",2640.00,N,N,A,-,Y,SLO,5,1,-,-,29.320,H,-,S,Y,4,0,1,2,A,-,03,22350,,N,C,C,A,A,H,-,A,D,0,,,,,Y,,D,22,0,0,1,0,0,0,0,0,0,"- ","- ",,,"SAN LUIS OBISPO","MORRO BAY",-120.84689331054688,35.371196746826172
8558972,2018,2018-02-27,4004,2018-01-31,2037,0430,04,3,5,3,4004,0,0,0,,0,041,"S RIVER",CRESTON,528.00,S,N,A,-,N,,,,,,,,,,Y,2,0,2,2,C,-,18,,,N,A,C,A,A,H,-,C,D,0,,,,,Y,,-,"- ",1,1,0,0,0,0,0,0,0,"- ","- ",,,"SAN LUIS OBISPO","PASO ROBLES",-120.6827392578125,35.627738952636719
8559140,2018,2018-02-26,4004,2018-02-03,1038,1307,03,6,5,3,4004,0,0,0,,0,"3 8","MESA RD","VANDERLIP CT",6.00,N,N,A,-,N,,,,,,,,,,Y,3,0,1,2,A,-,09,21801,,N,D,C,A,A,H,-,A,D,0,,,,,Y,,A,01,0,1,0,0,0,0,0,0,0,"- ","- ",,,"SAN LUIS OBISPO","PASO ROBLES",-120.65888214111328,35.643001556396484
8561175,2018,2018-03-02,4001,2018-01-10,2216,P0123,463,3,5,3,4001,0,0,0,,0,,"FAIR OAKS AV","TODD LN",90.00,W,N,A,-,N,,,,,,,,,,Y,3,0,1,3,A,-,08,22107,,N,C,E,A,A,H,-,D,D,0,,,,,Y,,A,01,0,1,0,0,0,0,0,0,0,"- ","- ",,,"SAN LUIS OBISPO","ARROYO GRANDE",-120.59024810791016,35.112720489501953
8561183,2018,2018-08-01,4001,2018-01-17,1754,P0134,462,3,5,3,4001,0,0,0,,0,OPERAT,"WEST BRANCH ST","CAMINO MERCADO",0.00,,Y,A,-,Y,SLO,5,101,-,-,14.304,R,4,N,Y,4,0,1,2,A,-,09,21801,A,N,D,C,A,A,H,-,B,D,0,,,,,Y,,A,01,0,0,1,0,0,0,0,0,0,"- ","- ",,,"SAN LUIS OBISPO","ARROYO GRANDE",-120.60167694091797,35.128562927246094
8561187,2018,2018-02-26,4001,2018-01-17,0715,P082,46-3,3,5,3,4001,0,0,0,,0,OPERAT,"ASPEN ST","SAGE ST",42.00,S,N,A,-,N,,,,,,,,,,Y,4,0,1,2,A,-,01,23152,E,N,C,E,A,A,H,-,A,D,0,,,,,Y,,D,22,0,0,1,0,0,0,0,0,0,"- ","- ",,,"SAN LUIS OBISPO","ARROYO GRANDE",-120.60152435302734,35.118022918701172
8564397,2018,2018-03-12,4005,2018-02-24,1208,P081,6,6,5,2,4005,0,0,0,,0,,DOLLIVER,POMEROY,166.00,S,N,A,-,N,,,,,,,,,,N,4,0,1,2,A,-,08,22107,,N,D,G,A,A,H,-,A,D,0,,Y,,,Y,,A,01,0,0,1,0,0,0,1,0,0,"- ","- ",,,"SAN LUIS OBISPO","PISMO BEACH",-120.64104461669922,35.140342712402344
8567349,2018,2018-03-08,4002,2018-02-10,1212,138,208,6,5,3,4002,0,0,0,,0,,"S OAK PARK BL","MENTONE AV",0.00,,Y,A,-,N,,,,,,,,,,N,3,0,1,2,A,-,09,21800,A,N,D,C,A,A,H,-,A,A,0,,,Y,,Y,Y,C,03,0,1,0,0,0,0,0,0,1,"- ","- ",,,"SAN LUIS OBISPO","GROVER BEACH",-120.60965728759766,35.114871978759766
8567470,2018,2018-03-14,4006,2018-02-21,1030,16380,,3,5,4,4006,0,0,0,,0,,CHORRO,PEACH,0.00,,Y,A,-,N,,,,,,,,,,Y,4,0,1,2,A,-,09,21802,A,N,D,C,A,A,H,-,A,A,0,,,,,Y,,A,01,0,0,1,0,0,0,0,0,0,"- ","- ",35.165901184082031,-120.39565277099609,"SAN LUIS OBISPO","SAN LUIS OBISPO",-120.66568756103516,35.283058166503906
8567474,2018,2018-03-14,4006,2018-02-20,1732,80908,,2,5,4,4006,0,0,0,,0,,MARSH,OSOS,0.00,,Y,A,-,N,,,,,,,,,,N,4,0,1,2,A,-,17,21657,,N,D,C,A,A,H,-,A,A,0,,,Y,,Y,Y,A,01,0,0,1,0,0,0,0,0,1,"- ","- ",35.280319213867188,-120.66018676757812,"SAN LUIS OBISPO","SAN LUIS OBISPO",-120.66010284423828,35.280349731445312
8567715,2018,2018-03-21,4008,2018-02-12,1329,3152,,1,5,4,4008,0,0,0,,0,,"CURBARIL AV","CASTANO AV",0.00,,Y,B,C,N,,,,,,,,,,N,4,0,1,2,A,-,03,22350,,N,C,C,A,B,H,-,A,D,0,,,Y,,Y,,C,02,0,0,1,0,0,0,0,0,1,"- ","- ",35.486190795898438,-120.64836120605469,"SAN LUIS OBISPO",ATASCADERO,-120.64846038818359,35.486289978027344
8574264,2018,2018-07-27,4002,2018-03-02,2023,338,101,5,5,3,4002,0,0,0,,0,,"RT 1","GRAND AV",124.00,N,N,C,-,Y,SLO,5,1,-,-,14.130,H,-,N,Y,4,0,1,1,A,-,08,22107,,N,F,A,A,B,H,-,C,A,0,,,,,Y,,A,07,0,0,1,0,0,0,0,0,0,"- ","- ",,,"SAN LUIS OBISPO","GROVER BEACH",-120.62998199462891,35.122402191162109
8575917,2018,2018-03-26,4006,2018-02-26,1910,88908,,1,5,4,4006,0,0,0,,0,,"TANK FARM",BROAD,100.00,W,N,A,-,N,,,,,,,,,,Y,4,0,1,2,A,-,01,23152,F,N,A,C,A,A,H,-,C,A,0,,,,,Y,,A,01,0,0,1,0,0,0,0,0,0,"- ","- ",35.248119354248047,-120.64366912841797,"SAN LUIS OBISPO","SAN LUIS OBISPO",-120.64332580566406,35.248233795166016
8577553,2018,2018-03-23,4006,2018-02-27,2158,10817,SLO,2,5,4,4006,0,0,0,,0,,"SAN LUIS DR",JOHNSON,301.00,E,N,A,-,N,,,,,,,,,,Y,3,0,1,1,A,-,08,22107,,N,F,-,A,A,H,-,C,D,0,,,,,Y,,A,01,0,1,0,0,0,0,0,0,0,"- ","- ",35.281261444091797,-120.65251159667969,"SAN LUIS OBISPO","SAN LUIS OBISPO",-120.65203857421875,35.280479431152344
8579166,2018,2018-08-02,4008,2018-02-04,2012,3013,,7,5,4,4008,0,0,0,,0,,"CURBARIL AV","MORRO RD",0.00,,Y,A,-,Y,SLO,5,41,-,-,15.110,I,5,N,N,4,0,1,2,A,-,12,21453,A,M,D,C,A,A,H,-,C,A,0,,,Y,,Y,,C,02,0,0,1,0,0,0,0,0,1,"- ","- ",35.474220275878906,-120.66832733154297,"SAN LUIS OBISPO",ATASCADERO,-120.66835784912109,35.474086761474609
8580716,2018,2018-03-29,4004,2018-02-28,0644,1208,03,3,5,3,4004,0,0,0,,0,037,RIVERGLEN,UNION,0.00,,Y,A,-,N,,,,,,,,,,Y,3,0,1,2,A,-,09,21801,A,N,D,C,A,A,H,-,A,B,0,,,,Y,Y,,F,27,0,1,0,0,0,0,0,0,0,"- ","- ",,,"SAN LUIS OBISPO","PASO ROBLES",-120.67958831787109,35.631179809570312
8581123,2018,2018-03-30,4006,2018-03-05,1554,80908,,1,5,4,4006,0,0,0,,0,,JOHNSON,"IRIS ST",100.00,S,N,A,-,N,,,,,,,,,,Y,4,0,1,2,A,-,03,22350,,N,C,C,A,A,H,-,A,A,0,,,,,Y,,A,07,0,0,1,0,0,0,0,0,0,"- ","- ",35.278011322021484,-120.64951324462891,"SAN LUIS OBISPO","SAN LUIS OBISPO",-120.64960479736328,35.277969360351562
8581127,2018,2018-03-28,4006,2018-03-07,1350,80908,,3,5,4,4006,0,0,0,,0,,"FROOM RANCH","LOS OSOS VALLEY RD",100.00,S,N,A,-,N,,,,,,,,,,N,4,0,1,3,A,-,03,22350,,N,C,C,A,A,H,-,A,A,0,,,,,Y,,D,22,0,0,1,0,0,0,0,0,0,"- ","- ",35.252330780029297,-120.68795013427734,"SAN LUIS OBISPO","SAN LUIS OBISPO",-120.68791198730469,35.252372741699219
8582559,2018,2018-03-26,4004,2018-02-28,0742,1133,04,3,5,3,4004,0,0,0,,0,"4 6",NIBLICK,BEARCAT,0.00,,Y,A,-,N,,,,,,,,,,N,3,0,1,2,A,-,10,21950,A,N,G,B,B,A,H,-,A,A,0,Y,,,,Y,,A,01,0,1,0,0,1,0,0,0,0,"- ","- ",,,"SAN LUIS OBISPO","PASO ROBLES",-120.67130279541016,35.615779876708984
8582583,2018,2018-03-27,4004,2018-03-09,1343,1208,02,5,5,3,4004,0,0,0,,0,"2 4",SPRING,6TH,255.00,N,N,A,-,N,,,,,,,,,,N,4,0,1,2,A,-,03,22350,,N,C,C,A,A,H,-,A,D,0,,,,,Y,,A,07,0,0,1,0,0,0,0,0,0,"- ","- ",,,"SAN LUIS OBISPO","PASO ROBLES",-120.69093322753906,35.621158599853516
8582591,2018,2018-03-27,4004,2018-03-05,1716,1189,01,1,5,3,4004,0,0,0,,0,"1 6","16TH ST",PINE,0.00,,Y,A,-,N,,,,,,,,,,N,4,0,1,2,A,-,09,21802,A,N,D,C,A,A,H,-,A,D,0,,,,,Y,,A,01,0,0,1,0,0,0,0,0,0,"- ","- ",,,"SAN LUIS OBISPO","PASO ROBLES",-120.689208984375,35.630989074707031
8583809,2018,2018-04-03,4006,2018-03-14,1720,59980,,3,5,4,4006,0,0,0,,0,,HIGUERA,"BRIDGE ST",0.00,,Y,B,-,N,,,,,,,,,,Y,4,0,1,2,A,-,08,22107,,N,D,C,A,A,H,-,A,A,0,,,,,Y,,-,,0,0,1,0,0,0,0,0,0,"- ","- ",35.16400146484375,-120.40599822998047,"SAN LUIS OBISPO","SAN LUIS OBISPO",-120.67043304443359,35.267219543457031
8586673,2018,2018-06-28,4001,2018-02-14,0757,P0123,463,3,5,3,4001,0,0,0,,0,OPERAT,"BRISCO RD","EL CAMINO REAL",50.00,S,N,A,-,N,,,,,,,,,,N,4,0,1,3,A,-,03,22350,,M,C,C,A,A,H,-,A,A,0,,,,,Y,,A,01,0,0,1,0,0,0,0,0,0,"- ","- ",,,"SAN LUIS OBISPO","ARROYO GRANDE",-120.59374237060547,35.123794555664062
8590239,2018,2018-04-04,4004,2018-03-18,1105,1191,01,7,5,3,4004,0,0,0,,0,1-7,PARK,15TH,0.00,,Y,A,-,N,,,,,,,,,,N,3,0,1,2,A,-,09,21802,A,N,D,C,A,A,H,-,A,A,0,,,,,Y,,A,01,0,1,0,0,0,0,0,0,0,"- ","- ",,,"SAN LUIS OBISPO","PASO ROBLES",-120.69039154052734,35.629859924316406
8595947,2018,2018-04-18,4005,2018-03-26,1721,P103,8,1,5,2,4005,0,0,0,,0,,"BELLO ST","PRICE CYN",0.00,,Y,A,-,N,,,,,,,,,,Y,3,0,2,2,A,-,09,21802,A,N,D,C,A,A,H,-,A,A,0,,,,,Y,,A,01,0,1,1,0,0,0,0,0,0,"- ","- ",,,"SAN LUIS OBISPO","PISMO BEACH",-120.63791656494141,35.141960144042969
8596905,2018,2018-04-18,4008,2018-03-29,1516,3152,,4,5,4,4008,0,0,0,,0,,"LEWIS AV","WEST MALL",0.00,,Y,A,-,N,,,,,,,,,,N,4,0,1,2,A,-,09,21800,A,N,D,C,A,A,H,-,A,A,0,,,,,Y,,A,07,0,0,1,0,0,0,0,0,0,"- ","- ",35.490348815917969,-120.66722106933594,"SAN LUIS OBISPO",ATASCADERO,-120.66732025146484,35.490421295166016
8597804,2018,2018-07-27,4005,2018-03-27,1059,P103,12,2,5,2,4005,0,0,0,,0,,"OAK PARK BL","WEST BRANCH ST",60.00,N,N,A,-,Y,SLO,5,101,-,-,14.730,R,4,N,N,4,0,2,2,A,-,03,22350,,N,C,C,A,A,H,-,A,A,0,,,,,Y,,A,01,0,0,2,0,0,0,0,0,0,"- ","- ",,,"SAN LUIS OBISPO","PISMO BEACH",-120.60858154296875,35.130619049072266
8598985,2018,2018-04-20,4001,2018-03-12,0856,P0123,46-1,1,5,3,4001,0,0,0,,0,OPERAT,"BRIDGE ST","NELSON ST",200.00,N,N,B,-,N,,,,,,,,,,N,3,0,1,2,A,-,08,22107,,M,C,E,A,B,H,-,A,D,0,,Y,,,Y,,L,04,0,1,0,0,0,0,1,0,0,"- ","- ",,,"SAN LUIS OBISPO","ARROYO GRANDE",-120.5782470703125,35.122127532958984
8598993,2018,2018-04-20,4001,2018-03-18,0757,P0106,46-3,7,5,3,4001,0,0,0,,0,OPERAT,"EL CAMINO REAL","OAK PARK BL",770.00,E,N,A,-,N,,,,,,,,,,N,4,0,1,1,A,-,08,22107,,N,E,I,A,A,H,-,A,D,0,,,,,Y,Y,A,01,0,0,1,0,0,0,0,0,0,"- ","- ",,,"SAN LUIS OBISPO","ARROYO GRANDE",-120.60433197021484,35.129276275634766
8599352,2018,2018-04-26,4006,2018-03-14,1410,S0188,,3,5,4,4006,0,0,0,,0,,"VILLAGE DR","TRUCKEE RD",1584.00,N,N,B,-,N,,,,,,,,,,N,3,0,1,1,A,-,03,22350,,N,H,-,A,B,H,-,A,D,0,,Y,,,Y,,L,04,0,1,0,0,0,0,1,0,0,"- ","- ",,,"SAN LUIS OBISPO","SAN LUIS OBISPO",-120.66067504882812,35.306488037109375
8605193,2018,2018-05-15,4004,2018-04-21,0630,1304,04,6,5,3,4004,0,0,0,,0,045,SERENADE,"SOUTH RIVER RD",230.00,E,N,A,-,N,,,,,,,,,,Y,2,0,1,1,A,-,01,23152,A,N,E,I,A,A,H,-,A,D,0,,,,,Y,Y,A,01,1,0,0,0,0,0,0,0,0,"- ","- ",35.655010223388672,-120.68363952636719,"SAN LUIS OBISPO","PASO ROBLES",-120.67972564697266,35.611473083496094
8610948,2018,2018-05-09,4006,2018-04-10,1634,16380,,2,5,4,4006,0,0,0,,0,,ALRITA,BAHIA,103.00,W,N,A,-,N,,,,,,,,,,Y,3,0,2,1,A,-,03,22350,,N,E,I,A,A,H,-,A,D,0,,,,,Y,,A,01,0,1,1,0,0,0,0,0,0,"- ","- ",,,"SAN LUIS OBISPO","SAN LUIS OBISPO",-120.63773345947266,35.270263671875
8610960,2018,2018-05-09,4006,2018-04-13,1608,16380,,5,5,4,4006,0,0,0,,0,,HIGUERA,TORO,0.00,,Y,A,-,N,,,,,,,,,,N,4,0,1,2,A,-,09,21802,A,N,D,C,A,A,H,-,A,A,0,,,,,Y,,A,01,0,0,1,0,0,0,0,0,0,"- ","- ",,,"SAN LUIS OBISPO","SAN LUIS OBISPO",-120.65794372558594,35.282829284667969
8611014,2018,2018-05-11,4006,2018-04-18,1447,80908,,3,5,4,4006,0,0,0,,0,,"SANTA FE AV","HOOVER AV",302.00,N,N,A,-,N,,,,,,,,,,Y,2,0,1,1,A,-,03,22350,,N,B,I,A,A,H,-,A,A,0,,,Y,,Y,,C,03,1,0,0,0,0,0,0,0,1,"- ","- ",35.245288848876953,-120.64922332763672,"SAN LUIS OBISPO","SAN LUIS OBISPO",-120.64916229248047,35.245121002197266
8613724,2018,2018-04-24,4003,2018-03-30,1208,P1561,3,5,5,2,4003,0,0,0,,0,001,"MAIN ST","PACIFIC AV",0.00,,Y,A,-,N,,,,,,,,,,N,3,0,1,2,A,-,11,21954,A,N,G,B,D,A,H,-,A,A,0,Y,,,,Y,,N,60,0,1,0,0,1,0,0,0,0,"- ","- ",,,"SAN LUIS OBISPO","MORRO BAY",-120.85000610351562,35.364971160888672
8614053,2018,2018-04-26,4002,2018-04-11,1637,555,102,3,5,3,4002,0,0,0,,0,,"W GRAND AV","5TH ST",28.00,W,N,A,-,N,,,,,,,,,,Y,3,0,1,2,A,-,03,22350,,N,C,C,A,A,H,-,A,A,0,,,,,Y,,A,01,0,1,0,0,0,0,0,0,0,"- ","- ",,,"SAN LUIS OBISPO","GROVER BEACH",-120.62528228759766,35.121746063232422
8625011,2018,2018-06-29,4006,2018-05-11,1635,66493,,5,5,4,4006,0,0,0,,0,,FOOTHILL,CALIFORNIA,0.00,,Y,A,-,N,,,,,,,,,,N,4,0,1,2,A,-,03,22350,,N,C,C,A,A,H,-,A,A,0,,,,,Y,,A,01,0,0,1,0,0,0,0,0,0,"- ","- ",35.295188903808594,-120.68354034423828,"SAN LUIS OBISPO","SAN LUIS OBISPO",-120.66387939453125,35.295028686523438
8629641,2018,2018-08-22,4004,2018-05-20,0055,1191,01,7,5,3,4004,0,0,0,,0,1-3,"RT 46 E","BLACK OAK",321.00,E,N,A,-,Y,SLO,5,46,-,-,29.770,H,-,W,Y,4,0,4,2,A,-,01,23152,A,N,C,C,A,A,H,-,C,A,0,,,,,Y,Y,A,01,0,0,4,0,0,0,0,0,0,"- ","- ",,,"SAN LUIS OBISPO","PASO ROBLES",-120.68473815917969,35.642768859863281
8629864,2018,2018-06-07,4006,2018-05-03,0748,62857,,4,5,4,4006,0,0,0,,0,,"MADONNA RD","RT 101",257.00,E,N,A,-,N,,,,,,,,,,Y,4,0,1,2,A,-,03,22350,,N,C,C,A,A,H,-,A,A,0,,,,,Y,,D,22,0,0,1,0,0,0,0,0,0,"- ","- ",35.266941070556641,-120.6722412109375,"SAN LUIS OBISPO","SAN LUIS OBISPO",-120.67274475097656,35.266670227050781
8632049,2018,2018-08-22,4008,2018-04-03,1519,4044,,2,5,4,4008,0,0,0,,0,,"MORRO RD","EL CAMINO REAL",1856.00,W,N,A,-,Y,SLO,5,41,-,-,15.780,H,-,N,N,4,0,1,3,A,-,22,23123,A,N,C,C,A,A,H,-,A,D,0,,,,,Y,,A,01,0,0,1,0,0,0,0,0,0,"- ","- ",,,"SAN LUIS OBISPO",ATASCADERO,-120.66558074951172,35.483669281005859
8632079,2018,2018-08-22,4008,2018-05-12,2040,2054,,6,5,4,4008,0,0,0,,0,,"MORRO RD","SAN GABRIEL RD",1584.00,W,N,A,-,Y,SLO,5,41,-,-,13.910,H,-,N,Y,4,0,1,1,C,-,18,,,N,H,H,A,A,H,-,D,D,0,,,Y,,Y,,-,"- ",0,0,1,0,0,0,0,0,1,"- ","- ",35.462760925292969,-120.675048828125,"SAN LUIS OBISPO",ATASCADERO,-120.67945861816406,35.459888458251953
8632886,2018,2018-06-12,4006,2018-05-18,1742,80908,,5,5,4,4006,0,0,0,,0,,SACRAMENTO,ORCUTT,0.00,,Y,A,-,N,,,,,,,,,,N,4,0,1,2,A,-,08,22107,,N,D,G,A,A,H,-,A,A,0,,Y,,,Y,,A,01,0,0,1,0,0,0,1,0,0,"- ","- ",35.261199951171875,-120.64604187011719,"SAN LUIS OBISPO","SAN LUIS OBISPO",-120.64613342285156,35.261280059814453
8632890,2018,2018-06-12,4006,2018-05-11,1359,80908,,5,5,4,4006,0,0,0,,0,,HIGUERA,CARMEL,0.00,,Y,A,-,N,,,,,,,,,,Y,4,0,2,2,A,-,08,22100,B,N,D,C,A,A,H,-,A,A,0,,,,,Y,,A,01,0,0,2,0,0,0,0,0,0,"- ","- ",35.276241302490234,-120.66848754882812,"SAN LUIS OBISPO","SAN LUIS OBISPO",-120.66851043701172,35.276241302490234
8632981,2018,2018-06-18,4006,2018-05-11,1731,49251,SLO,5,5,4,4006,0,0,0,,0,ZONE2,SOUTH,BROAD,15.00,W,N,A,-,N,,,,,,,,,,N,4,0,2,2,A,-,04,21703,,N,C,C,A,A,H,-,A,D,0,,,,,Y,,A,01,0,0,2,0,0,0,0,0,0,"- ","- ",,,"SAN LUIS OBISPO","SAN LUIS OBISPO",-120.65659332275391,35.269737243652344
8635760,2018,2018-11-30,4006,2018-05-31,1043,65419,,4,5,4,4006,0,0,0,,0,,MADONNA,"RT 101",0.00,,Y,A,-,Y,SLO,5,101,-,-,27.430,R,4,S,N,4,0,1,2,A,-,03,22350,,N,C,C,A,A,H,-,A,A,0,,,,,Y,,A,01,0,0,1,0,0,0,0,0,0,"- ",SO,35.1551513671875,-120.4033203125,"SAN LUIS OBISPO","SAN LUIS OBISPO",-120.67373657226562,35.264984130859375
8637433,2018,2018-07-17,4005,2018-05-11,1653,P105,12,5,5,2,4005,0,0,0,,0,,"OAK PARK BL","WEST BRANCH ST",30.00,E,N,A,-,N,,,,,,,,,,Y,4,0,2,3,A,-,03,22350,,N,C,C,A,A,H,-,A,A,0,,,,,Y,,A,07,0,0,2,0,0,0,0,0,0,"- ","- ",,,"SAN LUIS OBISPO","PISMO BEACH",-120.60649871826172,35.130668640136719
8640704,2018,2018-07-11,4006,2018-06-01,0742,80908,,5,5,4,4006,0,0,0,,0,,BROAD,INDUSTRIAL,145.00,S,N,A,-,N,,,,,,,,,,N,2,0,1,2,A,-,11,21955,,N,G,B,D,A,H,-,A,A,0,Y,,,Y,Y,,N,60,1,0,0,0,1,0,0,0,0,"- ","- ",35.250499725341797,-120.64437866210938,"SAN LUIS OBISPO","SAN LUIS OBISPO",-120.64438629150391,35.250740051269531
8646059,2018,2018-07-18,4008,2018-06-21,1816,3114,4008,4,5,4,4008,0,0,0,,0,,"ARDILLA RD","VEGA AV E",0.00,,Y,A,-,N,,,,,,,,,,Y,3,0,1,1,A,-,01,23152,B,N,E,I,A,A,H,-,B,D,0,,,,,Y,Y,A,01,0,1,0,0,0,0,0,0,0,"- ","- ",35.489158630371094,-120.67301940917969,"SAN LUIS OBISPO",ATASCADERO,-120.68020629882812,35.491939544677734
8646467,2018,2018-07-02,4006,2018-06-09,1035,66493,,6,5,4,4006,0,0,0,,0,,LAUREL,SOUTHWOOD,0.00,,Y,A,-,N,,,,,,,,,,N,3,0,1,2,A,-,10,21950,A,N,G,B,B,A,H,-,A,A,0,Y,,,,Y,,A,01,0,1,0,0,1,0,0,0,0,"- ","- ",,,"SAN LUIS OBISPO","SAN LUIS OBISPO",-120.64069366455078,35.265281677246094
8648651,2019,2019-03-04,4004,2019-02-08,1351,376,,5,5,3,4004,0,0,0,,0,,"RT 46","RT 46 4041",0.00,,N,B,-,Y,SLO,5,46,-,-,33.530,H,-,E,Y,1,1,1,2,A,-,09,21804,A,N,D,C,A,A,H,-,A,A,0,,,Y,,Y,Y,A,07,0,0,1,0,0,0,0,1,0,"- ","- ",,,"SAN LUIS OBISPO","PASO ROBLES",-120.62127685546875,35.651840209960938
8648805,2018,2018-08-21,4008,2018-06-20,1209,3152,,3,5,4,4008,0,0,0,,0,,"SAN ANSELMO RD","SAN PALO RD",0.00,,Y,A,-,Y,SLO,5,101,-,-,46.770,R,4,S,Y,3,0,2,2,A,-,09,21804,A,N,D,C,A,A,H,-,A,D,0,,,,,Y,,A,01,0,1,1,0,0,0,0,0,0,"- ","- ",35.496479034423828,-120.68364715576172,"SAN LUIS OBISPO",ATASCADERO,-120.68178558349609,35.496059417724609
8649034,2018,2018-10-18,4004,2018-06-08,2130,1191,02,5,5,3,4004,0,0,0,,0,028,"RT 46 W",THEATRE,42.00,E,N,A,-,Y,SLO,5,46,-,R,21.760,H,-,W,N,4,0,2,2,A,-,03,22350,,N,C,C,A,A,H,-,C,A,0,,,,,Y,,A,01,0,0,2,0,0,0,0,0,0,"- ","- ",35.62567138671875,-120.6885986328125,"SAN LUIS OBISPO","PASO ROBLES",-120.69942474365234,35.589099884033203
8652587,2018,2018-08-21,4008,2018-06-23,0457,3113,,6,5,4,4008,0,0,0,,0,,"MORRO RD","OLD MORRO RD",580.00,N,N,A,-,Y,SLO,5,41,-,-,12.710,H,-,S,Y,3,0,1,1,A,-,01,23152,B,N,F,H,A,A,H,-,D,D,0,,,,,Y,Y,A,01,0,1,0,0,0,0,0,0,0,"- ","- ",34.451229095458984,-120.69732666015625,"SAN LUIS OBISPO",ATASCADERO,-120.69580078125,35.451545715332031
8655543,2018,2018-07-06,4008,2018-06-03,1246,3114,4008,7,5,4,4008,0,0,0,,0,,"EL CAMINO REAL","MORRO RD",182.00,S,N,A,-,N,,,,,,,,,,N,4,0,1,2,A,-,03,22350,,N,C,C,A,A,H,-,A,A,0,,,,,Y,,A,01,0,0,1,0,0,0,0,0,0,"- ","- ",35.486099243164062,-120.66648101806641,"SAN LUIS OBISPO",ATASCADERO,-120.66458892822266,35.485111236572266
8662148,2018,2018-08-21,4006,2018-07-29,1331,65419,,7,5,4,4006,0,0,0,,0,,MARSH,OSOS,0.00,,Y,A,-,N,,,,,,,,,,Y,3,0,4,2,A,-,12,21453,A,N,D,C,A,A,H,-,A,A,0,,,,,Y,,D,22,0,2,2,0,0,0,0,0,0,"- ","- ",,,"SAN LUIS OBISPO","SAN LUIS OBISPO",-120.66010284423828,35.280349731445312
8664829,2018,2019-01-09,4006,2018-06-05,1529,62657,,2,5,4,4006,0,0,0,,0,,"S HIGUERA","CHUMASH DR",21.00,S,N,A,-,N,,,,,,,,,,Y,1,1,0,1,A,-,08,22107,,N,E,I,A,A,H,-,A,A,0,,,,,Y,,D,22,0,0,0,0,0,0,0,0,0,"- ","- ",35.259208679199219,-120.66861724853516,"SAN LUIS OBISPO","SAN LUIS OBISPO",-120.66876983642578,35.259292602539062
8665393,2018,2018-07-31,4005,2018-06-29,2047,P109,8,5,5,2,4005,0,0,0,,0,,"WADSWORTH AV","HANFORD ST",5.00,N,N,A,-,N,,,,,,,,,,Y,3,0,1,1,A,-,01,23152,A,N,H,I,A,A,H,-,C,D,0,,,Y,,Y,Y,C,02,0,1,0,0,0,0,0,0,1,"- ","- ",,,"SAN LUIS OBISPO","PISMO BEACH",-120.63905334472656,35.146430969238281
8665533,2018,2018-07-25,4005,2018-06-02,1412,P105,5,6,5,2,4005,0,0,0,,0,,"CYPRESS ST","POMEROY AV",68.00,N,N,A,-,N,,,,,,,,,,N,4,0,1,2,A,-,03,22350,,N,G,B,E,A,H,-,A,D,0,Y,,,,Y,,A,07,0,0,1,0,1,0,0,0,0,"- ","- ",,,"SAN LUIS OBISPO","PISMO BEACH",-120.64244079589844,35.140167236328125
8667087,2018,2018-09-11,4006,2018-06-20,1854,89870,,3,5,4,4006,0,0,0,,0,,"SANTA ROSA","BOYSEN ST",0.00,,Y,A,-,Y,SLO,5,1,-,-,17.500,I,5,S,N,4,0,1,2,A,-,09,21800,A,N,D,G,A,A,H,-,A,D,0,,Y,,,Y,,A,01,0,0,1,0,0,0,1,0,0,"- ","- ",35.295738220214844,-120.66951751708984,"SAN LUIS OBISPO","SAN LUIS OBISPO",-120.6695556640625,35.295772552490234