CASE_ID,ACCIDENT_YEAR,PROC_DATE,JURIS,COLLISION_DATE,COLLISION_TIME,OFFICER_ID,REPORTING_DISTRICT,DAY_OF_WEEK,CHP_SHIFT,POPULATION,CNTY_CITY_LOC,SPECIAL_COND,BEAT_TYPE,CHP_BEAT_TYPE,CITY_DIVISION_LAPD,CHP_BEAT_CLASS,BEAT_NUMBER,PRIMARY_RD,SECONDARY_RD,DISTANCE,DIRECTION,INTERSECTION,WEATHER_1,WEATHER_2,STATE_HWY_IND,CALTRANS_COUNTY,CALTRANS_DISTRICT,STATE_ROUTE,ROUTE_SUFFIX,POSTMILE_PREFIX,POSTMILE,LOCATION_TYPE,RAMP_INTERSECTION,SIDE_OF_HWY,TOW_AWAY,COLLISION_SEVERITY,NUMBER_KILLED,NUMBER_INJURED,PARTY_COUNT,PRIMARY_COLL_FACTOR,PCF_CODE_OF_VIOL,PCF_VIOL_CATEGORY,PCF_VIOLATION,PCF_VIOL_SUBSECTION,HIT_AND_RUN,TYPE_OF_COLLISION,MVIW,PED_ACTION,ROAD_SURFACE,ROAD_COND_1,ROAD_COND_2,LIGHTING,CONTROL_DEVICE,CHP_ROAD_TYPE,PEDESTRIAN_ACCIDENT,BICYCLE_ACCIDENT,MOTORCYCLE_ACCIDENT,TRUCK_ACCIDENT,NOT_PRIVATE_PROPERTY,ALCOHOL_INVOLVED,STWD_VEHTYPE_AT_FAULT,CHP_VEHTYPE_AT_FAULT,COUNT_SEVERE_INJ,COUNT_VISIBLE_INJ,COUNT_COMPLAINT_PAIN,COUNT_PED_KILLED,COUNT_PED_INJURED,COUNT_BICYCLIST_KILLED,COUNT_BICYCLIST_INJURED,COUNT_MC_KILLED,COUNT_MC_INJURED,PRIMARY_RAMP,SECONDARY_RAMP,LATITUDE,LONGITUDE,COUNTY,CITY,POINT_X,POINT_Y
8668813,2018,2018-08-06,4004,2018-07-06,1147,1187,02,5,5,3,4004,0,0,0,,0,"2    4","RIVERSIDE AV","10TH ST",2112.00,S,N,A,-,N,,,,,,,,,,Y,4,0,3,2,A,-,03,22350,,N,C,C,A,A,H,-,A,D,0,,,,,Y,,A,01,0,0,3,0,0,0,0,0,0,"- ","- ",35.624740600585938,-120.68865203857422,"SAN LUIS OBISPO","PASO ROBLES",-120.68680572509766,35.619083404541016
8668841,2018,2018-08-08,4004,2018-07-15,0959,1353,03,7,5,3,4004,0,0,0,,0,038,"RT 46 E","GOLDEN HILL",0.00,,Y,A,-,N,,,,,,,,,,Y,4,0,2,2,A,-,03,22350,,N,C,C,A,A,H,-,A,A,0,,,,,Y,,D,22,0,0,2,0,0,0,0,0,0,"- ","- ",,,"SAN LUIS OBISPO","PASO ROBLES",-120.6580810546875,35.644439697265625
8671345,2018,2018-09-12,4006,2018-06-14,1303,80908,,4,5,4,4006,0,0,0,,0,,FOOTHILL,BROAD,0.00,,Y,A,-,N,,,,,,,,,,N,3,0,1,1,A,-,"- ",,,N,F,G,A,A,H,-,A,A,0,,Y,,,Y,,L,04,0,1,0,0,0,0,1,0,0,"- ","- ",35.294101715087891,-120.67176818847656,"SAN LUIS OBISPO","SAN LUIS OBISPO",-120.67169952392578,35.294101715087891
8673132,2018,2018-08-13,4006,2018-07-11,1238,80908,,3,5,4,4006,0,0,0,,0,,HIGUERA,VACHELL,0.00,,Y,A,-,N,,,,,,,,,,Y,3,0,2,2,A,-,09,21802,A,N,D,C,A,A,H,-,A,A,0,,,,,Y,,A,01,0,2,0,0,0,0,0,0,0,"- ","- ",35.243080139160156,-120.6759033203125,"SAN LUIS OBISPO","SAN LUIS OBISPO",-120.67598724365234,35.243110656738281
8673232,2018,2018-07-30,4006,2018-06-22,1526,65419,,5,5,4,4006,0,0,0,,0,,MADONNA,DALIDIO,0.00,,Y,A,-,N,,,,,,,,,,N,3,0,1,2,A,-,10,21950,A,N,G,B,B,A,H,-,A,A,0,Y,,,,Y,,A,01,0,1,0,0,1,0,0,0,0,"- ","- ",35.154048919677734,-120.40486907958984,"SAN LUIS OBISPO","SAN LUIS OBISPO",-120.68013000488281,35.261318206787109
8673252,2018,2018-07-30,4006,2018-06-16,1157,62657,,6,5,4,4006,0,0,0,,0,,"HIGH ST",CYPRESS,27.00,W,N,A,-,N,,,,,,,,,,N,4,0,1,2,A,-,11,21953,,N,G,B,E,A,H,-,A,A,0,Y,,,,Y,,N,60,0,0,1,0,1,0,0,0,0,"- ","- ",35.272178649902344,-120.66615295410156,"SAN LUIS OBISPO","SAN LUIS OBISPO",-120.66606140136719,35.272220611572266
8675136,2018,2018-10-08,4006,2018-08-01,1639,80908,,3,5,4,4006,0,0,0,,0,,"LOS OSOS VALLEY RD","FROOM RANCH",0.00,,Y,A,-,N,,,,,,,,,,N,4,0,1,2,D,-,00,,,N,C,C,A,A,H,-,A,A,0,,,,,Y,,-,"- ",0,0,1,0,0,0,0,0,0,"- ","- ",35.252761840820312,-120.68778991699219,"SAN LUIS OBISPO","SAN LUIS OBISPO",-120.68763732910156,35.252529144287109
8676598,2018,2018-10-25,4004,2018-07-28,2025,1349,02,6,5,3,4004,0,0,0,,0,3-8,"RT 46 E","GOLDEN HILL RD",506.00,W,N,A,-,Y,SLO,5,46,-,-,31.210,H,-,E,Y,4,0,1,2,A,-,03,22350,,N,C,C,A,A,H,-,B,A,0,,,,,Y,,A,01,0,0,1,0,0,0,0,0,0,"- ","- ",35.644458770751953,-120.65451812744141,"SAN LUIS OBISPO","PASO ROBLES",-120.65980529785156,35.644424438476562
8676704,2018,2018-10-18,4006,2018-07-12,1125,62657,,4,5,4,4006,0,0,0,,0,,"BROAD ST",ALPHONSO,0.00,,Y,A,-,N,,,,,,,,,,Y,4,0,1,2,A,-,09,21801,A,N,D,C,A,A,H,-,A,A,0,,,,,Y,,A,01,0,0,1,0,0,0,0,0,0,"- ","- ",35.268119812011719,-120.65518188476562,"SAN LUIS OBISPO","SAN LUIS OBISPO",-120.65521240234375,35.268119812011719
8676983,2018,2018-11-19,4004,2018-07-27,2500,1349,02,5,5,3,4004,0,0,0,,0,038,"RT 46 E","GOLDEN HILL RD",93.00,W,N,A,-,Y,SLO,5,46,-,-,31.300,H,-,E,N,4,0,1,2,A,-,03,22350,,N,C,C,A,A,H,-,A,A,0,,,,,Y,,A,01,0,0,1,0,0,0,0,0,0,"- ","- ",35.640468597412109,-120.65809631347656,"SAN LUIS OBISPO","PASO ROBLES",-120.65826416015625,35.644428253173828
8679335,2018,2019-01-29,4002,2018-12-26,1818,478,,3,5,3,4002,0,0,0,,0,,"GRAND AV","9TH ST",0.00,,Y,A,-,N,,,,,,,,,,N,2,0,3,3,A,-,03,22350,,F,C,C,A,A,H,-,C,D,0,,,,,Y,Y,A,01,1,1,1,0,0,0,0,0,0,"- ","- ",,,"SAN LUIS OBISPO","GROVER BEACH",-120.62023162841797,35.121490478515625
8679950,2018,2018-09-12,4004,2018-07-30,0637,0890,02,1,5,3,4004,0,0,0,,0,"2   4","SPRING ST","6TH ST",0.00,,Y,A,-,N,,,,,,,,,,Y,3,0,1,2,A,-,12,21453,A,N,D,C,A,A,H,-,A,A,0,,,,,Y,,A,01,0,1,0,0,0,0,0,0,0,"- ","- ",,,"SAN LUIS OBISPO","PASO ROBLES",-120.69087219238281,35.620460510253906
8684208,2018,2018-09-10,4001,2018-07-22,1552,P0135,463,7,5,3,4001,0,0,0,,0,OPERAT,"EAST GRAND AV","NORTH ALPINE ST",172.00,E,N,A,-,N,,,,,,,,,,Y,4,0,2,2,A,-,00,22017,,N,D,C,A,A,H,-,A,D,0,,,,,Y,,D,22,0,0,2,0,0,0,0,0,0,"- ","- ",,,"SAN LUIS OBISPO","ARROYO GRANDE",-120.58879852294922,35.119644165039062
8685372,2018,2018-10-04,4004,2018-07-16,2010,1189,2,1,5,3,4004,0,0,0,,0,014,"30TH ST",PINE,110.00,W,N,A,-,N,,,,,,,,,,N,3,0,1,2,A,-,03,22350,,F,H,G,A,A,H,-,A,D,0,,Y,,,Y,Y,A,01,0,1,0,0,0,0,1,0,0,"- ","- ",,,"SAN LUIS OBISPO","PASO ROBLES",-120.69108581542969,35.645545959472656
8687920,2018,2018-10-16,4008,2018-08-05,1738,2054,4008,7,5,4,4008,0,0,0,,0,,"EL CAMINO REAL","SANTA BARBARA RD",0.00,,Y,A,-,N,,,,,,,,,,Y,4,0,2,2,A,-,03,22350,,N,D,C,A,A,H,-,A,A,0,,,,,Y,,A,01,0,0,2,0,0,0,0,0,0,"- ","- ",35.448440551757812,-120.63429260253906,"SAN LUIS OBISPO",ATASCADERO,-120.63420867919922,35.448390960693359
8690400,2018,2018-08-30,4008,2018-08-13,1532,3152,,1,5,4,4008,0,0,0,,0,,"ATASCADERO AV","VIA TORTUGA",457.00,S,N,A,-,N,,,,,,,,,,Y,3,0,1,2,A,-,03,22350,,N,E,I,A,A,H,-,A,D,0,,,,,Y,,A,01,0,1,0,0,0,0,0,0,0,"- ","- ",35.469779968261719,-120.66104888916016,"SAN LUIS OBISPO",ATASCADERO,-120.66026306152344,35.468803405761719
8691822,2018,2018-09-24,4004,2018-08-25,1158,0376,02,6,5,3,4004,0,0,0,,0,039,UNION,"IVERSON WY",43.00,S,N,A,-,N,,,,,,,,,,Y,4,0,1,2,A,-,08,22102,,N,B,C,A,A,H,-,A,A,0,,,,,Y,,A,01,0,0,1,0,0,0,0,0,0,"- ","- ",35.643718719482422,-120.56713104248047,"SAN LUIS OBISPO","PASO ROBLES",-120.55710601806641,35.639453887939453
8696254,2018,2018-12-28,4005,2018-08-05,1223,P090,6,7,5,2,4005,0,0,0,,0,,"DOLLIVER ST","STIMSON AV",0.00,,Y,A,-,Y,SLO,5,1,-,-,15.450,I,5,S,Y,3,0,3,2,A,-,09,21802,A,N,D,C,A,A,H,-,A,D,0,,,,,Y,,A,01,0,2,1,0,0,0,0,0,0,"- ","- ",,,"SAN LUIS OBISPO","PISMO BEACH",-120.63982391357422,35.139225006103516
8696266,2018,2018-10-29,4008,2018-08-19,1918,4044,,7,5,4,4008,0,0,0,,0,,"MORRO RD","OLD MORRO RD EAST",75.00,E,N,A,-,Y,SLO,5,46,-,-,13.710,H,-,E,Y,4,0,1,1,A,-,03,22350,,N,E,I,A,A,H,-,A,D,0,,,,,Y,,A,01,0,0,1,0,0,0,0,0,0,"- ","- ",35.459300994873047,-120.68189239501953,"SAN LUIS OBISPO",ATASCADERO,-120.68131256103516,35.458953857421875
8700392,2018,2018-09-20,4006,2018-08-28,1357,62657,,2,5,4,4006,0,0,0,,0,,"BROAD ST","PACIFIC ST",2.00,S,N,A,-,N,,,,,,,,,,N,2,0,1,2,A,-,10,21950,A,N,G,A,B,A,H,-,A,A,0,Y,,,,Y,,A,01,1,0,0,0,1,0,0,0,0,"- ","- ",35.277359008789062,-120.66313934326172,"SAN LUIS OBISPO","SAN LUIS OBISPO",-120.66316223144531,35.27740478515625
8701815,2018,2018-10-05,4006,2018-09-03,1139,14101,,1,5,4,4006,0,0,0,,0,,"LOS OSOS VALLEY RD","FROOM RANCH WY",793.00,W,N,A,-,N,,,,,,,,,,N,4,0,1,2,A,-,03,22350,,N,C,C,A,A,H,-,A,D,0,,,,,Y,,D,22,0,0,1,0,0,0,0,0,0,"- ","- ",35.250789642333984,-120.68614959716797,"SAN LUIS OBISPO","SAN LUIS OBISPO",-120.68899536132812,35.254398345947266
8702054,2018,2018-09-28,4006,2018-08-30,0830,89870,,4,5,4,4006,0,0,0,,0,,BUCHON,GARDEN,0.00,,Y,A,-,N,,,,,,,,,,N,4,0,1,2,A,-,10,21950,A,N,G,B,B,A,H,-,A,A,0,Y,,,,Y,,A,01,0,0,1,0,1,0,0,0,0,"- ","- ",,,"SAN LUIS OBISPO","SAN LUIS OBISPO",-120.66085052490234,35.276409149169922
8705536,2018,2018-11-13,4006,2018-09-18,1248,14101,,2,5,4,4006,0,0,0,,0,,"LOS OSOS VALLEY",DESCANSO,23.00,E,N,A,-,N,,,,,,,,,,N,4,0,1,2,A,-,03,22350,,N,C,C,A,A,H,-,A,A,0,,,,,Y,,A,08,0,0,1,0,0,0,0,0,0,"- ","- ",35.264808654785156,-120.6998291015625,"SAN LUIS OBISPO","SAN LUIS OBISPO",-120.69995880126953,35.264854431152344
8705540,2018,2018-11-13,4006,2018-09-24,1236,15560,,1,5,4,4006,0,0,0,,0,,BROAD,MITCHELL,0.00,,Y,A,-,N,,,,,,,,,,N,3,0,1,1,A,-,05,21650,1,N,-,-,A,A,H,-,A,A,0,,Y,,,Y,,L,04,0,1,0,0,0,0,1,0,0,"- ","- ",35.265090942382812,-120.65303802490234,"SAN LUIS OBISPO","SAN LUIS OBISPO",-120.65294647216797,35.265228271484375
8706957,2018,2018-12-31,4002,2018-09-07,0751,470,,5,5,3,4002,0,0,0,,0,,"RT 1","W GRAND AV",0.00,,Y,A,-,Y,SLO,5,1,-,-,14.100,I,6,N,N,4,0,1,2,A,-,08,22107,,N,G,G,A,A,H,-,A,A,0,,Y,,,Y,Y,A,01,0,0,1,0,0,0,0,0,0,"- ","- ",,,"SAN LUIS OBISPO","GROVER BEACH",-120.62980651855469,35.121986389160156
8707824,2018,2018-10-31,4008,2018-10-01,1209,3125,,1,5,4,4008,0,0,0,,0,,"SYCAMORE RD","CAPISTRANO AV",1251.00,S,N,A,-,Y,,,,,,,,,,N,3,0,1,2,A,-,02,21654,A,N,H,G,A,A,H,-,A,D,0,,Y,,,Y,,L,04,0,1,0,0,0,0,1,0,0,"- ","- ",35.501300811767578,-120.662109375,"SAN LUIS OBISPO",ATASCADERO,-120.65901947021484,35.499488830566406
8707913,2018,2019-06-10,4004,2018-09-18,1654,1319,03,2,5,3,4004,0,0,0,,0,3-4,"RT 46","UNION RD",0.00,,Y,A,-,Y,SLO,5,46,-,-,38.600,H,-,E,Y,4,0,1,3,A,-,07,21658,A,N,B,C,A,A,H,-,A,A,0,,,,Y,Y,,G,27,0,0,1,0,0,0,0,0,0,"- ","- ",,,"SAN LUIS OBISPO","PASO ROBLES",-120.53415679931641,35.655445098876953
8709844,2018,2018-11-27,4006,2018-09-01,0653,66493,,6,5,4,4006,0,0,0,,0,,"SANTA ROSA","S MURRY",326.00,S,N,A,-,Y,SLO,5,1,-,-,17.050,H,-,S,Y,4,0,1,2,A,-,03,22350,,N,F,I,A,A,H,-,A,D,0,,,,,Y,,A,07,0,0,1,0,0,0,0,0,0,"- ","- ",35.289958953857422,-120.66645050048828,"SAN LUIS OBISPO","SAN LUIS OBISPO",-120.66646575927734,35.289901733398438
8712392,2018,2018-10-19,4002,2018-09-23,1347,470,,7,5,3,4002,0,0,0,,0,,"S OAK PARK BL","FARROLL RD",0.00,,Y,A,-,N,,,,,,,,,,Y,3,0,1,2,A,-,12,22450,A,N,D,C,A,A,H,-,A,D,0,,,,,Y,,A,08,0,1,0,0,0,0,0,0,0,"- ","- ",,,"SAN LUIS OBISPO","GROVER BEACH",-120.60736083984375,35.110691070556641
8714803,2018,2019-01-10,4006,2018-10-04,1322,62657,,4,5,4,4006,0,0,0,,0,,"LOS OSOS VALLEY RD","RT 101",28.00,S,N,A,-,Y,SLO,5,101,-,-,25.860,R,4,S,N,4,0,1,2,D,-,00,,,N,C,C,A,A,H,-,A,A,0,,,,,Y,,-,"- ",0,0,1,0,0,0,0,0,0,"- ",SO,35.245761871337891,-120.68269348144531,"SAN LUIS OBISPO","SAN LUIS OBISPO",-120.68263244628906,35.244132995605469
8714815,2018,2018-11-06,4006,2018-10-03,1010,80908,,3,5,4,4006,0,0,0,,0,,FOOTHILL,CALIFORNIA,3.00,W,N,C,-,N,,,,,,,,,,N,3,0,1,2,A,-,17,21461,A,F,D,G,A,B,H,-,A,A,0,,Y,,,Y,,L,04,0,1,0,0,0,0,1,0,0,"- ","- ",35.295051574707031,-120.66403198242188,"SAN LUIS OBISPO","SAN LUIS OBISPO",-120.66388702392578,35.295028686523438
8719880,2018,2018-10-23,4006,2018-09-24,1114,77891,,1,5,4,4006,0,0,0,,0,,MONTEREY,"JOHNSON AV",416.00,W,N,A,-,N,,,,,,,,,,N,3,0,1,2,A,-,08,22107,,N,B,G,A,A,H,-,A,D,0,,Y,,,Y,,A,01,0,1,0,0,0,0,1,0,0,"- ","- ",35.170501708984375,-120.39241027832031,"SAN LUIS OBISPO","SAN LUIS OBISPO",-120.65834808349609,35.2835693359375
8719888,2018,2018-10-23,4006,2018-09-26,1137,62657,,3,5,4,4006,0,0,0,,0,,"BROAD ST","SOUTH ST",29.00,S,N,A,-,N,,,,,,,,,,N,4,0,1,3,A,-,03,22350,,N,C,C,A,A,H,-,A,A,0,,,,,Y,,A,01,0,0,1,0,0,0,0,0,0,"- ","- ",35.269660949707031,-120.65630340576172,"SAN LUIS OBISPO","SAN LUIS OBISPO",-120.65648651123047,35.269710540771484
8722523,2018,2018-11-01,4002,2018-10-18,1555,687,,4,5,3,4002,0,0,0,,0,,"N 4TH ST","RAMONA AV",0.00,,Y,A,-,N,,,,,,,,,,Y,3,0,1,3,A,-,04,21703,,N,C,C,A,A,H,-,A,A,0,,,,,Y,,D,22,0,1,0,0,0,0,0,0,0,"- ","- ",,,"SAN LUIS OBISPO","GROVER BEACH",-120.6263427734375,35.122879028320312
8724369,2018,2018-11-30,4004,2018-11-14,1006,1208,04,3,5,3,4004,0,0,0,,0,041,NIBLICK,"S RIVER",0.00,,Y,A,-,N,,,,,,,,,,N,4,0,1,2,A,-,05,21650,A,N,E,G,A,A,H,-,A,A,0,,Y,,,Y,,L,04,0,0,1,0,0,0,1,0,0,"- ","- ",,,"SAN LUIS OBISPO","PASO ROBLES",-120.68026733398438,35.615020751953125
8726484,2018,2018-11-20,4006,2018-10-18,1530,80908,,4,5,4,4006,0,0,0,,0,,SOUTH,"SOUTH 300",0.00,,Y,A,-,N,,,,,,,,,,N,3,0,1,2,A,-,"- ",,I,F,D,C,A,A,H,-,A,D,0,,Y,,,Y,,L,04,0,1,0,0,0,0,1,0,0,"- ","- ",,,"SAN LUIS OBISPO","SAN LUIS OBISPO",-120.665192,35.269522000000002
8730864,2018,2018-11-01,4004,2018-10-15,1956,1373,01,1,5,3,4004,0,0,0,,0,"1   4","24TH ST","VINE ST",0.00,,Y,A,-,N,,,,,,,,,,Y,2,0,1,2,A,-,12,21453,A,N,D,C,A,A,H,-,C,A,0,,,Y,,Y,Y,A,01,1,0,0,0,0,0,0,0,1,"- ","- ",,,"SAN LUIS OBISPO","PASO ROBLES",-120.69506072998047,35.639041900634766
8734568,2018,2018-11-19,4006,2018-10-25,1713,80908,,4,5,4,4006,0,0,0,,0,,CALIFORNIA,MILL,0.00,,Y,A,-,N,,,,,,,,,,N,2,0,1,2,A,-,08,21717,,N,D,G,A,A,H,-,A,A,0,,Y,,,Y,,D,22,1,0,0,0,0,0,1,0,0,"- ","- ",35.287601470947266,-120.65599060058594,"SAN LUIS OBISPO","SAN LUIS OBISPO",-120.65595245361328,35.287609100341797
8735924,2019,2019-04-04,4002,2019-03-19,1628,478,,2,5,3,4002,0,0,0,,0,,"W GRAND AV","N 10TH ST",0.00,,-,B,-,N,,,,,,,,,,N,4,0,1,1,A,-,08,22107,,N,F,J,A,A,H,-,A,D,0,,,,,Y,,-,,0,0,1,0,0,0,0,0,0,"- ","- ",,,"SAN LUIS OBISPO","GROVER BEACH",-120.6190185546875,35.121440887451172
8738634,2018,2019-01-28,4008,2018-10-22,2253,3153,,1,5,4,4008,0,0,0,,0,,"CURBARIL AV","RT 101",0.00,,Y,A,-,Y,SLO,5,101,-,-,44.720,R,4,N,Y,4,0,1,2,A,-,09,21802,A,N,D,C,A,A,H,-,C,A,0,,,,,Y,,A,07,0,0,1,0,0,0,0,0,0,"- ",NF,35.476821899414062,-120.65808868408203,"SAN LUIS OBISPO",ATASCADERO,-120.65750122070312,35.474922180175781
8739099,2018,2018-11-30,4006,2018-10-28,1356,92874,,7,5,4,4006,0,0,0,,0,,"LOS OSOS VALLEY","FROOM RANCH",453.00,W,N,A,-,N,,,,,,,,,,Y,4,0,1,2,A,-,09,21804,A,N,D,C,A,A,H,-,A,A,0,,,,,Y,,A,07,0,0,1,0,0,0,0,0,0,"- ","- ",35.253730773925781,-120.68872833251953,"SAN LUIS OBISPO","SAN LUIS OBISPO",-120.68849182128906,35.253559112548828
8740358,2018,2018-11-28,4004,2018-10-17,1755,0476,01,3,5,3,4004,0,0,0,,0,017,13TH,"PASO ROBLES ST",30.00,E,N,A,-,N,,,,,,,,,,N,4,0,1,2,A,-,03,22350,,N,C,C,A,A,H,-,A,A,0,,,,,Y,,A,01,0,0,1,0,0,0,0,0,0,"- ","- ",,,"SAN LUIS OBISPO","PASO ROBLES",-120.68563079833984,35.628086090087891
8741170,2018,2018-11-28,4002,2018-11-11,1912,311,,7,5,3,4002,0,0,0,,0,,"N OAK PARK BL","BRIGHTON AV",0.00,,Y,A,-,N,,,,,,,,,,N,2,0,1,2,A,-,11,21954,A,N,G,B,D,A,H,-,C,A,0,Y,,,,Y,,N,60,1,0,0,0,1,0,0,0,0,"- ","- ",,,"SAN LUIS OBISPO","GROVER BEACH",-120.60897827148438,35.123359680175781
8746296,2018,2019-01-19,4004,2018-11-02,2036,1189,04,5,5,3,4004,0,0,0,,0,041,NIBLICK,RIVER,453.00,W,N,A,-,N,,,,,,,,,,N,3,0,1,2,A,-,11,21950,B,N,G,B,B,A,H,-,A,D,0,Y,,,,Y,,N,60,0,1,0,0,1,0,0,0,0,"- ","- ",,,"SAN LUIS OBISPO","PASO ROBLES",-120.68179321289062,35.615036010742188
8756231,2018,2019-01-30,4008,2018-12-03,1303,3125,,1,5,4,4008,0,0,0,,0,,"SANTA ROSA RD","MARCHANT WY",72.00,W,N,A,-,N,,,,,,,,,,Y,3,0,1,1,A,-,03,22350,,N,E,I,A,A,H,-,A,D,0,,,,,Y,,A,01,0,1,0,0,0,0,0,0,0,"- ","- ",35.462131500244141,-120.66571807861328,"SAN LUIS OBISPO",ATASCADERO,-120.66590881347656,35.462059020996094
8756281,2018,2019-01-22,4008,2018-11-30,0755,5011,,5,5,4,4008,0,0,0,,0,,"EL CAMINO REAL","LA UVA LN",161.00,,N,A,-,N,,,,,,,,,,Y,4,0,1,2,A,-,03,22350,,N,C,D,A,B,H,-,A,D,0,,,,,Y,,A,01,0,0,1,0,0,0,0,0,0,"- ","- ",35.506168365478516,-120.60189819335938,"SAN LUIS OBISPO",ATASCADERO,-120.69187927246094,35.506179809570312
8759597,2018,2018-12-27,4004,2018-11-22,0524,1353,01,4,5,3,4004,0,0,0,,0,2-4,"SPRING ST","6TH ST",30.00,N,N,A,-,N,,,,,,,,,,Y,4,0,1,2,A,-,03,22350,,N,C,C,A,B,H,-,C,A,0,,,,Y,Y,Y,F,26,0,0,1,0,0,0,0,0,0,"- ","- ",,,"SAN LUIS OBISPO","PASO ROBLES",-120.69087982177734,35.620540618896484
8760073,2018,2019-01-25,4005,2018-11-07,0726,P103,8,3,5,2,4005,0,0,0,,0,,"HINDS AV","PRICE ST",94.00,E,N,A,-,Y,SLO,5,101,-,-,16.720,R,4,S,N,4,0,1,2,A,-,09,21802,A,N,D,C,A,A,H,-,A,A,0,,,,,Y,,D,22,0,0,1,0,0,0,0,0,0,"- ","- ",,,"SAN LUIS OBISPO","PISMO BEACH",-120.64004516601562,35.142532348632812
8767665,2018,2019-01-07,4006,2018-11-24,1406,10938,SLO,6,5,4,4006,0,0,0,,0,181124,ORCUTT,LAUREL,345.00,E,N,A,-,N,,,,,,,,,,N,3,0,1,2,A,-,"- ",,,N,D,G,A,A,H,-,A,D,0,,Y,,,Y,,L,04,0,1,0,0,0,0,1,0,0,"- ","- ",35.261318206787109,-120.64222717285156,"SAN LUIS OBISPO","SAN LUIS OBISPO",-120.64232635498047,35.261360168457031
8767677,2018,2019-01-07,4006,2018-11-20,1813,82350,,2,5,4,4006,0,0,0,,0,,"LOS OSOS VALLEY RD",DESCANSO,0.00,,Y,A,-,N,,,,,,,,,,Y,4,0,2,2,-,-,"- ",,,N,D,C,A,A,H,-,C,A,0,,,,,Y,,-,"- ",0,0,2,0,0,0,0,0,0,"- ","- ",35.155361175537109,-120.41597747802734,"SAN LUIS OBISPO","SAN LUIS OBISPO",-120.70001220703125,35.264900207519531
8768122,2018,2019-01-24,4008,2018-12-07,0637,3153,,5,5,4,4008,0,0,0,,0,,"MORRO RD","OLD MORRO RD EAST",3168.00,W,N,A,-,Y,SLO,5,41,-,-,13.500,H,-,S,Y,3,0,1,2,A,-,03,22350,,N,C,C,A,A,H,-,B,D,0,,,,,Y,,A,01,0,1,0,0,0,0,0,0,0,"- ","- ",35.459300994873047,-120.68189239501953,"SAN LUIS OBISPO",ATASCADERO,-120.68569946289062,35.459365844726562
8772585,2018,2019-01-16,4006,2018-11-26,0023,65419,,1,5,4,4006,0,0,0,,0,,CALIFORNIA,FOOTHILL,0.00,,Y,A,-,N,,,,,,,,,,Y,3,0,1,1,A,-,08,22107,,N,E,I,A,A,H,-,C,A,0,,,,,Y,,A,01,0,1,0,0,0,0,0,0,0,"- ","- ",35.174209594726562,-120.5750732421875,"SAN LUIS OBISPO","SAN LUIS OBISPO",-120.66387939453125,35.295028686523438
8772845,2018,2019-02-15,4008,2018-12-29,1615,2112,,6,5,4,4008,0,0,0,,0,,"MORRO RD","EL CAMINO REAL",0.00,,Y,A,-,Y,SLO,5,41,-,-,15.960,I,5,S,N,4,0,1,2,A,-,12,21453,A,N,H,G,A,A,H,-,A,A,0,,Y,,,Y,,L,04,0,0,1,0,0,0,1,0,0,"- ","- ",35.486099243164062,-120.66484832763672,"SAN LUIS OBISPO",ATASCADERO,-120.66482543945312,35.486244201660156
8773743,2018,2019-02-08,4004,2018-11-28,1846,1304,02,3,5,3,4004,0,0,0,,0,027,"S VINE","KILER CANYON",1901.00,S,N,C,-,N,,,,,,,,,,Y,4,0,1,2,A,-,03,22350,,N,B,D,A,B,H,-,C,D,0,,,,,Y,,A,01,0,0,1,0,0,0,0,0,0,"- ","- ",,,"SAN LUIS OBISPO","PASO ROBLES",-120.69219207763672,35.609077453613281
8774060,2018,2019-01-31,4006,2018-12-18,1543,80908,,2,5,4,4006,0,0,0,,0,,JOHNSON,MONTEREY,0.00,,Y,A,-,N,,,,,,,,,,N,3,0,1,2,A,-,05,21650,1,N,D,G,A,A,H,-,A,A,0,,Y,,,Y,,L,04,0,1,0,0,0,0,1,0,0,"- ","- ",35.284198760986328,-120.65727996826172,"SAN LUIS OBISPO","SAN LUIS OBISPO",-120.65727233886719,35.284290313720703
8779543,2018,2019-02-15,4008,2018-12-08,2125,2054,,6,5,4,4008,0,0,0,,0,,"MORRO RD","LOS ALTOS RD",4752.00,E,N,A,-,Y,SLO,5,41,-,-,12.350,H,-,S,N,4,0,1,2,A,-,03,22350,,N,C,C,A,A,C,-,D,D,0,,,,,Y,,A,01,0,0,1,0,0,0,0,0,0,"- ","- ",35.455398559570312,-120.71537017822266,"SAN LUIS OBISPO",ATASCADERO,-120.7012939453125,35.451122283935547
8783804,2018,2019-01-29,4006,2018-12-06,1605,80908,,4,5,4,4006,0,0,0,,0,,FOOTHILL,CALIFORNIA,207.00,W,N,A,-,N,,,,,,,,,,N,3,0,1,2,A,-,09,21801,A,N,D,G,A,A,H,-,A,A,0,,Y,,,Y,,A,01,0,1,0,0,0,0,1,0,0,"- ","- ",35.294700622558594,-120.66458129882812,"SAN LUIS OBISPO","SAN LUIS OBISPO",-120.66451263427734,35.294803619384766
8783808,2018,2019-01-29,4003,2018-12-19,1817,M1190,6,3,5,2,4003,0,0,0,,0,002,"MAIN ST","ATASCADERO RD",350.00,N,N,A,-,N,,,,,,,,,,Y,4,0,2,2,A,-,03,22350,,N,C,C,A,A,H,-,C,D,0,,,,,Y,,A,01,0,0,2,0,0,0,0,0,0,"- ","- ",,,"SAN LUIS OBISPO","MORRO BAY",-120.85540008544922,35.381027221679688