CASE_ID,ACCIDENT_YEAR,PROC_DATE,JURIS,COLLISION_DATE,COLLISION_TIME,OFFICER_ID,REPORTING_DISTRICT,DAY_OF_WEEK,CHP_SHIFT,POPULATION,CNTY_CITY_LOC,SPECIAL_COND,BEAT_TYPE,CHP_BEAT_TYPE,CITY_DIVISION_LAPD,CHP_BEAT_CLASS,BEAT_NUMBER,PRIMARY_RD,SECONDARY_RD,DISTANCE,DIRECTION,INTERSECTION,WEATHER_1,WEATHER_2,STATE_HWY_IND,CALTRANS_COUNTY,CALTRANS_DISTRICT,STATE_ROUTE,ROUTE_SUFFIX,POSTMILE_PREFIX,POSTMILE,LOCATION_TYPE,RAMP_INTERSECTION,SIDE_OF_HWY,TOW_AWAY,COLLISION_SEVERITY,NUMBER_KILLED,NUMBER_INJURED,PARTY_COUNT,PRIMARY_COLL_FACTOR,PCF_CODE_OF_VIOL,PCF_VIOL_CATEGORY,PCF_VIOLATION,PCF_VIOL_SUBSECTION,HIT_AND_RUN,TYPE_OF_COLLISION,MVIW,PED_ACTION,ROAD_SURFACE,ROAD_COND_1,ROAD_COND_2,LIGHTING,CONTROL_DEVICE,CHP_ROAD_TYPE,PEDESTRIAN_ACCIDENT,BICYCLE_ACCIDENT,MOTORCYCLE_ACCIDENT,TRUCK_ACCIDENT,NOT_PRIVATE_PROPERTY,ALCOHOL_INVOLVED,STWD_VEHTYPE_AT_FAULT,CHP_VEHTYPE_AT_FAULT,COUNT_SEVERE_INJ,COUNT_VISIBLE_INJ,COUNT_COMPLAINT_PAIN,COUNT_PED_KILLED,COUNT_PED_INJURED,COUNT_BICYCLIST_KILLED,COUNT_BICYCLIST_INJURED,COUNT_MC_KILLED,COUNT_MC_INJURED,PRIMARY_RAMP,SECONDARY_RAMP,LATITUDE,LONGITUDE,COUNTY,CITY,POINT_X,POINT_Y
8783812,2018,2019-01-29,4006,2018-12-22,1815,20008,SLO,6,5,4,4006,0,0,0,,0,,"LOS OSOS VALLEY RD",ROYAL,0.00,,Y,A,-,N,,,,,,,,,,N,4,0,1,2,D,-,00,,,F,-,D,A,A,H,-,B,A,0,,,,,Y,,-,"- ",0,0,1,0,0,0,0,0,0,"- ","- ",,,"SAN LUIS OBISPO","SAN LUIS OBISPO",-120.69255828857422,35.258609771728516
8787434,2018,2019-02-15,4003,2018-12-30,1045,P1561,8,7,5,2,4003,0,0,0,,0,002,"RT 1","SAN JACINTO ST",528.00,S,N,A,-,Y,SLO,5,1,-,-,31.050,H,-,N,Y,3,0,3,5,A,-,03,22350,,N,C,C,A,A,H,-,A,A,0,,,,,Y,,A,01,0,1,2,0,0,0,0,0,0,"- ","- ",,,"SAN LUIS OBISPO","MORRO BAY",-120.86006164550781,35.392707824707031
8788281,2018,2019-01-28,4006,2018-12-17,1739,77891,,1,5,4,4006,0,0,0,,0,,OSOS,PACIFIC,0.00,,Y,A,-,N,,,,,,,,,,N,2,0,1,2,A,-,10,21950,,N,G,B,D,A,H,-,C,D,0,Y,,,,Y,Y,A,01,1,0,0,0,1,0,0,0,0,"- ","- ",35.278999328613281,-120.65950012207031,"SAN LUIS OBISPO","SAN LUIS OBISPO",-120.65946197509766,35.279640197753906
8789404,2019,2019-02-04,4002,2019-01-17,1805,502,,4,5,3,4002,0,0,0,,0,,"W GRAND AV","S 7TH ST",27.00,N,N,A,-,N,,,,,,,,,,N,3,0,1,2,A,-,09,21800,A,N,D,G,A,A,H,-,C,A,0,,Y,,,Y,,A,01,0,1,0,0,0,0,1,0,0,"- ","- ",,,"SAN LUIS OBISPO","GROVER BEACH",-120.62271881103516,35.121608734130859
8794214,2018,2019-04-30,4003,2018-01-11,0740,M1190,6,4,5,2,4003,0,0,0,,0,001,"RT 1","MORRO BAY BL",3168.00,N,N,A,-,Y,SLO,5,1,-,-,29.420,H,-,S,Y,3,0,4,3,A,-,03,22350,,N,C,C,A,A,H,-,A,D,0,,,,,Y,,A,01,0,1,3,0,0,0,0,0,0,"- ","- ",,,"SAN LUIS OBISPO","MORRO BAY",-120.84841156005859,35.371952056884766
8803284,2019,2019-02-22,4006,2019-01-26,1517,80908,,6,5,4,4006,0,0,0,,0,,"SANTA ROSA",PALM,0.00,,Y,A,-,N,,,,,,,,,,Y,4,0,1,2,A,-,12,21453,A,N,D,C,A,A,H,-,A,A,0,,,,,Y,,A,07,0,0,1,0,0,0,0,0,0,"- ","- ",35.283458709716797,-120.66075134277344,"SAN LUIS OBISPO","SAN LUIS OBISPO",-120.66075897216797,35.283538818359375
8803304,2019,2019-02-22,4006,2019-01-22,1634,82350,,2,5,4,4006,0,0,0,,0,,TAFT,KENTUCKY,10.00,N,N,A,-,N,,,,,,,,,,Y,3,0,1,1,A,-,03,22350,A,M,E,I,A,A,H,-,A,D,0,,,,,Y,,A,01,0,1,0,0,0,0,0,0,0,"- ","- ",35.172779083251953,-120.39335632324219,"SAN LUIS OBISPO","SAN LUIS OBISPO",-120.65927124023438,35.290996551513672
8803308,2019,2019-02-22,4006,2019-01-23,1905,10938,4006,3,5,4,4006,0,0,0,,0,,FOOTHILL,"SANTA ROSA",0.00,,Y,A,-,N,,,,,,,,,,N,4,0,1,2,A,-,03,22350,,N,C,C,A,A,H,-,A,A,0,,,,,Y,,A,01,0,0,1,0,0,0,0,0,0,"- ","- ",35.294021606445312,-120.66835021972656,"SAN LUIS OBISPO","SAN LUIS OBISPO",-120.66806030273438,35.294071197509766
8803324,2019,2019-02-25,4006,2019-01-31,1030,62657,,4,5,4,4006,0,0,0,,0,,"SANTA ROSA",HIGUERA,0.00,,Y,C,-,N,,,,,,,,,,Y,4,0,1,2,A,-,12,21453,A,N,D,C,A,A,H,-,A,A,0,,,,,Y,,A,01,0,0,1,0,0,0,0,0,0,"- ","- ",35.282020568847656,-120.65937042236328,"SAN LUIS OBISPO","SAN LUIS OBISPO",-120.65940093994141,35.281970977783203
8803463,2019,2019-03-15,4001,2019-01-21,2315,P0106,"46  3",1,5,3,4001,0,0,0,,0,OPERAT,"EAST GRAND AV","N COURTLAND RD",0.00,,Y,A,-,N,,,,,,,,,,N,2,0,1,2,D,-,00,,,F,G,B,E,A,H,-,C,A,0,Y,,,,Y,Y,-,"- ",1,0,0,0,1,0,0,0,0,"- ","- ",,,"SAN LUIS OBISPO","ARROYO GRANDE",-120.60665893554688,35.120838165283203
8805182,2019,2019-02-27,4004,2019-01-25,0750,1371,,5,5,3,4004,0,0,0,,0,,"RIVERSIDE AV","21ST ST",0.00,,Y,A,-,N,,,,,,,,,,N,3,0,1,2,A,-,08,22101,D,N,D,G,A,A,H,-,A,A,0,,Y,,,Y,,L,04,0,1,0,0,0,0,1,0,0,"- ","- ",,,"SAN LUIS OBISPO","PASO ROBLES",-120.68765258789062,35.636268615722656
8807020,2019,2019-08-22,4008,2019-02-12,1903,3013,,2,5,4,4008,0,0,0,,0,,"MORRO RD","EL CAMINO REAL",100.00,S,N,A,-,Y,SLO,5,41,-,-,15.930,H,-,N,N,4,0,1,2,A,-,03,22350,,N,C,C,A,A,H,-,C,A,0,,,,,Y,,D,22,0,0,1,0,0,0,0,0,0,"- ","- ",35.486099243164062,-120.66484832763672,"SAN LUIS OBISPO",ATASCADERO,-120.66495513916016,35.485824584960938
8807550,2019,2019-05-14,4006,2019-01-13,1701,49251,SLO,7,5,4,4006,0,0,0,,0,ZONE1,"RT 1",MEINECKE,81.00,N,N,A,-,Y,SLO,5,1,-,-,17.220,I,5,S,N,2,0,1,2,A,-,09,21801,A,M,F,C,A,A,H,-,B,D,0,,,Y,,Y,,-,,1,0,0,0,0,0,0,0,1,"- ","- ",,,"SAN LUIS OBISPO","SAN LUIS OBISPO",-120.66747283935547,35.292385101318359
8808178,2019,2021-05-25,4001,2019-03-13,0153,P0106,,3,5,3,4001,0,0,0,,0,003,"EL CAMINO REAL","BENNETT AV",319.00,S,N,A,-,N,,,,,,,,,,Y,1,1,0,1,A,-,01,23152,G,N,E,I,A,A,H,-,C,D,0,,,Y,,Y,Y,C,02,0,0,0,0,0,0,0,1,0,"- ","- ",35.121868133544922,-120.58676910400391,"SAN LUIS OBISPO","ARROYO GRANDE",-120.58701324462891,35.122001647949219
8813857,2019,2019-05-08,4008,2019-01-31,1921,3153,,4,5,4,4008,0,0,0,,0,,"MORRO RD","OLD MORRO RD",200.00,W,N,A,-,Y,SLO,5,41,-,-,12.550,H,-,S,Y,4,0,1,1,A,-,03,22350,,N,E,I,A,A,H,-,D,D,0,,,Y,,Y,,C,02,0,0,1,0,0,0,0,0,1,"- ","- ",35.451229095458984,-120.69732666015625,"SAN LUIS OBISPO",ATASCADERO,-120.69826507568359,35.450729370117188
8815602,2019,2019-03-12,4006,2019-02-04,1716,92874,,1,5,4,4006,0,0,0,,0,,FOOTHILL,CASA,0.00,,Y,B,-,N,,,,,,,,,,Y,4,0,1,2,A,-,09,21801,A,N,D,C,A,B,H,-,B,A,0,,,,,Y,,A,01,0,0,1,0,0,0,0,0,0,"- ","- ",35.29425048828125,-120.66580200195312,"SAN LUIS OBISPO","SAN LUIS OBISPO",-120.66583251953125,35.2943115234375
8822286,2019,2019-04-26,4006,2019-02-27,1804,82350,,3,5,4,4006,0,0,0,,0,,BROAD,ORCUTT,58.00,S,N,C,-,N,,,,,,,,,,Y,4,0,2,1,A,-,01,23153,F,N,E,I,A,B,H,-,C,A,0,,,,,Y,,A,07,0,0,2,0,0,0,0,0,0,"- ","- ",35.153999328613281,-120.38587951660156,"SAN LUIS OBISPO","SAN LUIS OBISPO",-120.64984893798828,35.261142730712891
8822402,2019,2019-05-03,4008,2019-02-12,2213,2113,,2,5,4,4008,0,0,0,,0,,"MORRO RD","OLD MORRO RD EAST",60.00,W,N,A,G,Y,SLO,5,41,-,-,12.580,H,-,S,N,4,0,1,1,A,-,03,22350,,N,E,I,A,A,H,-,D,D,0,,,,,Y,,A,01,0,0,1,0,0,0,0,0,0,"- ","- ",35.461971282958984,-120.67674255371094,"SAN LUIS OBISPO",ATASCADERO,-120.69774627685547,35.450687408447266
8823921,2019,2019-04-15,4002,2019-03-09,1529,470,,6,5,3,4002,0,0,0,,0,,"MENTONE AV","16TH ST",119.00,E,N,A,-,N,,,,,,,,,,N,4,0,2,3,A,-,05,21650,,N,A,C,A,A,H,-,A,A,0,,,,,Y,,A,01,0,0,2,0,0,0,0,0,0,"- ","- ",,,"SAN LUIS OBISPO","GROVER BEACH",-120.61164093017578,35.114944458007812
8827341,2019,2019-04-02,4006,2019-02-05,2015,92874,4006,2,5,4,4006,0,0,0,,0,,CALIFORNIA,MONTEREY,0.00,,Y,A,-,N,,,,,,,,,,N,4,0,1,2,A,-,09,21801,A,N,D,G,A,B,-,-,C,A,0,,Y,,,Y,,A,01,0,0,1,0,0,0,1,0,0,"- ","- ",35.288089752197266,-120.65467834472656,"SAN LUIS OBISPO","SAN LUIS OBISPO",-120.65460968017578,35.286109924316406
8832809,2019,2019-05-17,4006,2019-03-05,1532,55150,,2,5,4,4006,0,0,0,,0,,PISMO,NIPOMO,0.00,,Y,A,-,N,,,,,,,,,,Y,4,0,1,4,A,-,09,21802,A,N,D,C,A,B,H,-,A,D,0,,,,Y,Y,,A,08,0,0,1,0,0,0,0,0,0,"- ","- ",35.163299560546875,-120.3948974609375,"SAN LUIS OBISPO","SAN LUIS OBISPO",-120.66371154785156,35.27587890625
8832837,2019,2019-05-31,4006,2019-03-08,1111,10938,4006,5,5,4,4006,0,0,0,,0,,"RT 1",MURRAY,0.00,,Y,B,-,Y,SLO,5,1,-,-,17.110,I,5,S,N,3,0,1,2,A,-,03,22350,,N,D,G,A,A,H,-,A,A,0,,Y,,,Y,Y,L,04,0,1,0,0,0,0,1,0,0,"- ","- ",35.290901184082031,-120.66699981689453,"SAN LUIS OBISPO","SAN LUIS OBISPO",-120.66702270507812,35.290843963623047
8833164,2019,2019-04-12,4006,2019-03-17,0047,48750,,7,5,4,4006,0,0,0,,0,,CHORRO,PEACH,90.00,S,N,A,-,N,,,,,,,,,,N,2,0,1,1,A,-,03,22350,,N,F,-,A,A,H,-,C,D,0,,Y,,,Y,Y,L,04,1,0,0,0,0,0,1,0,0,"- ","- ",35.165809631347656,-120.39555358886719,"SAN LUIS OBISPO","SAN LUIS OBISPO",-120.66551208496094,35.282859802246094
8833176,2019,2019-04-12,4006,2019-03-01,1115,77891,,5,5,4,4006,0,0,0,,0,,"SANTA ROSA N",OLIVE,0.00,,Y,B,-,N,,,,,,,,,,N,4,0,1,2,A,-,08,22107,,M,G,A,A,B,H,-,A,A,0,,Y,,,Y,,A,01,0,0,1,0,0,0,1,0,0,"- ","- ",,,"SAN LUIS OBISPO","SAN LUIS OBISPO",-120.66426,35.287520000000001
8833184,2019,2019-04-12,4006,2019-03-02,2058,90046,,6,5,4,4006,0,0,0,,0,,CALIFORNIA,FOOTHILL,0.00,,Y,C,-,N,,,,,,,,,,Y,4,0,2,2,A,-,12,21453,A,N,D,C,A,B,H,-,C,A,0,,,,,Y,,A,01,0,0,2,0,0,0,0,0,0,"- ","- ",,,"SAN LUIS OBISPO","SAN LUIS OBISPO",-120.66387939453125,35.295028686523438
8834254,2019,2019-04-10,4004,2019-03-17,0648,1191,1-3,7,5,3,4004,0,0,0,,0,001,"24TH ST","BLACK OAK DR",0.00,E,N,A,-,N,,,,,,,,,,N,4,0,3,2,A,-,12,21453,A,N,D,C,A,A,H,-,A,B,0,,,,,Y,,A,01,0,0,3,0,0,0,0,0,0,"- ","- ",,,"SAN LUIS OBISPO","PASO ROBLES",-120.68608856201172,35.642238616943359
8835595,2019,2019-04-25,4005,2019-03-17,1408,P090,,7,5,2,4005,0,0,0,,0,,"DOLLIVER ST","OCEAN VIEW AV",18.00,N,-,A,-,N,,,,,,,,,,N,4,0,1,2,A,-,03,22350,,N,C,C,A,A,H,-,A,D,0,,,,,Y,,A,01,0,0,1,0,0,0,0,0,0,"- ","- ",,,"SAN LUIS OBISPO","PISMO BEACH",-120.6392822265625,35.138771057128906
8835705,2019,2019-04-12,4002,2019-03-29,2349,368,,5,5,3,4002,0,0,0,,0,,"N OAK PARK BL","ATLANTIC CITY AV",0.00,N,N,A,-,N,,,,,,,,,,N,4,0,1,2,A,-,01,23152,F,M,B,C,A,A,H,-,C,A,0,,,,,Y,,A,01,0,0,1,0,0,0,0,0,0,"- ","- ",,,"SAN LUIS OBISPO","GROVER BEACH",-120.60872650146484,35.126781463623047
8838008,2019,2019-04-26,4006,2019-02-14,1756,68045,,4,5,4,4006,0,0,0,,0,,GROVE,MONTEREY,6.00,W,N,C,-,N,,,,,,,,,,N,4,0,2,3,D,-,00,,,N,G,B,D,B,H,-,A,A,0,Y,,,,Y,,-,"- ",0,0,2,0,2,0,0,0,0,"- ","- ",35.286811828613281,-120.65351104736328,"SAN LUIS OBISPO","SAN LUIS OBISPO",-120.65360260009766,35.286849975585938
8838020,2019,2019-05-03,4005,2019-02-16,1938,P097,5,6,5,2,4005,0,0,0,,0,,DOLLIVER,WADSWORTH,0.00,,Y,B,-,Y,SLO,5,1,-,-,15.790,I,5,N,Y,4,0,2,2,A,-,09,21802,A,N,D,C,A,B,H,-,C,A,0,,,,,Y,,A,01,0,0,2,0,0,0,0,0,0,"- ","- ",,,"SAN LUIS OBISPO","PISMO BEACH",-120.64353942871094,35.143115997314453
8838356,2019,2019-05-31,4006,2019-03-22,1818,65419,,5,5,4,4006,0,0,0,,0,,"SANTA ROSA",BOYSEN,241.00,S,N,A,-,Y,SLO,5,1,-,-,17.450,H,-,N,N,3,0,1,2,A,-,00,10721,,N,D,G,A,A,H,-,A,D,0,,Y,,,Y,,L,04,0,1,0,0,0,0,1,0,0,"- ","- ",35.174320220947266,-120.40071105957031,"SAN LUIS OBISPO","SAN LUIS OBISPO",-120.66886138916016,35.295398712158203
8841983,2019,2019-05-25,4006,2019-04-03,2058,32625,,3,5,4,4006,0,0,0,,0,,LAGUNA,"LA VIRADA",270.00,S,N,A,-,N,,,,,,,,,,Y,3,0,2,2,A,-,01,23153,A,N,E,I,A,A,H,-,C,A,0,,,,,Y,Y,D,22,0,2,0,0,0,0,0,0,0,"- ","- ",35.262100219726562,-120.69609832763672,"SAN LUIS OBISPO","SAN LUIS OBISPO",-120.6961669921875,35.262222290039062
8842843,2019,2019-04-25,4006,2019-04-07,1424,18926,,7,5,4,4006,0,0,0,,0,,"LOS OSOS VALLEY","CALLE JOAQUIN",0.00,E,N,A,-,N,,,,,,,,,,Y,4,0,2,2,A,-,03,22350,,N,C,C,A,A,H,-,A,A,0,,,,,Y,,A,01,0,0,2,0,0,0,0,0,0,"- ","- ",35.144798278808594,-120.40579986572266,"SAN LUIS OBISPO","SAN LUIS OBISPO",-120.68302917480469,35.246730804443359
8845417,2019,2019-05-06,4001,2019-03-11,1430,P0148,"46  1",1,5,3,4001,0,0,0,,0,OPERAT,"FAIR OAKS ST","TRAFFIC WY",0.00,,Y,A,-,N,,,,,,,,,,N,4,0,1,1,A,-,10,21950,A,F,G,B,B,A,H,-,A,A,0,Y,,,,Y,,N,60,0,0,1,0,1,0,0,0,0,"- ","- ",,,"SAN LUIS OBISPO","ARROYO GRANDE",-120.57640838623047,35.119678497314453
8846659,2019,2019-08-27,4004,2019-04-26,1646,1349,,5,5,3,4004,0,0,0,,0,,"RT 46 E","UNION RD",0.00,,Y,A,-,Y,SLO,5,46,-,-,31.800,I,5,E,,4,0,1,2,A,-,09,21801,A,N,D,C,A,A,H,-,A,D,0,,,,,Y,,A,01,0,0,1,0,0,0,0,0,0,"- ","- ",35.644779205322266,-120.64945220947266,"SAN LUIS OBISPO","PASO ROBLES",-120.64942932128906,35.644435882568359
8848656,2019,2019-04-30,4004,2019-04-03,0751,1371,,3,5,3,4004,0,0,0,,0,,"CHEYENNE DR","SHOSHONE DR E",0.00,,Y,A,-,N,,,,,,,,,,Y,3,0,1,2,A,-,03,22350,,N,A,C,A,A,H,-,A,A,0,,,,,Y,,A,01,0,1,0,0,0,0,0,0,0,"- ","- ",35.620639801025391,-120.67807006835938,"SAN LUIS OBISPO","PASO ROBLES",-120.67935943603516,35.620700836181641
8850118,2019,2019-05-09,4008,2019-04-19,1410,2113,,5,5,4,4008,0,0,0,,0,,"MORRO RD","CURBARIL AV",159.00,E,N,A,-,N,,,41,,,,,,,Y,4,0,2,2,A,-,09,21804,A,N,D,C,A,A,H,-,A,D,0,,,,,Y,,D,22,0,0,2,0,0,0,0,0,0,"- ","- ",35.4739990234375,-120.66799926757812,"SAN LUIS OBISPO",ATASCADERO,-120.66835021972656,35.474102020263672
8850927,2019,2019-05-02,4006,2019-04-16,1441,65419,,2,5,4,4006,0,0,0,,0,,HIGUERA,"BRIDGE CANYON WY",60.00,N,N,A,-,N,,,,,,,,,,N,4,0,1,2,A,-,04,21703,,N,C,C,A,A,-,-,A,D,0,,,Y,,Y,,A,01,0,0,1,0,0,0,0,0,1,"- ","- ",35.760181427001953,-120.40135192871094,"SAN LUIS OBISPO","SAN LUIS OBISPO",,
8851067,2019,2019-05-06,4003,2019-03-18,1325,N9704,7,1,5,2,4003,0,0,0,,0,002,"MAIN ST","ATASCADERO RD",40.00,S,N,B,-,N,,,,,,,,,,N,3,0,1,2,A,-,11,21954,A,N,G,B,D,A,H,-,A,A,0,Y,,,,Y,,N,60,0,1,0,0,1,0,0,0,0,"- ","- ",,,"SAN LUIS OBISPO","MORRO BAY",-120.85479736328125,35.380073547363281
8852172,2019,2019-05-06,4004,2019-04-24,0808,1208,,3,5,3,4004,0,0,0,,0,,"6TH ST","VINE ST",0.00,,Y,A,-,N,,,,,,,,,,Y,4,0,2,2,A,-,12,22451,A,N,D,C,A,A,H,-,A,A,0,,,,,Y,,A,07,0,0,2,0,0,0,0,0,0,"- ","- ",35.620349884033203,-120.69342803955078,"SAN LUIS OBISPO","PASO ROBLES",-120.69342041015625,35.620319366455078
8852979,2019,2019-05-01,4001,2019-03-13,1755,P0106,463,3,5,3,4001,0,0,0,,0,OPERAT,"SOUTH ELM ST","SUNSET AV",0.00,,Y,A,-,N,,,,,,,,,,Y,4,0,1,2,A,-,09,21802,A,N,D,C,A,A,H,-,A,A,0,,,,,Y,,A,01,0,0,1,0,0,0,0,0,0,"- ","- ",,,"SAN LUIS OBISPO","ARROYO GRANDE",-120.60047149658203,35.119579315185547
8854997,2019,2019-05-07,4006,2019-04-16,2128,49251,SLO,2,5,4,4006,0,0,0,,0,ZONE1,FOOTHILL,CALIFORNIA,315.00,W,N,A,-,N,,,,,,,,,,N,4,0,1,2,A,-,08,22107,,N,D,G,A,A,H,-,A,D,0,,Y,,,Y,,A,07,0,0,1,0,0,0,1,0,0,"- ","- ",35.294670104980469,-120.66496276855469,"SAN LUIS OBISPO","SAN LUIS OBISPO",-120.66484069824219,35.294677734375
8855001,2019,2019-05-07,4006,2019-04-05,1852,9046,,5,5,4,4006,0,0,0,,0,,HIGUERA,MADONNA,0.00,,Y,A,-,N,,,,,,,,,,Y,4,0,1,2,A,-,08,22100,,N,B,C,A,A,H,-,A,A,0,,,,,Y,,A,01,0,0,1,0,0,0,0,0,0,"- ","- ",35.268299102783203,-120.67030334472656,"SAN LUIS OBISPO","SAN LUIS OBISPO",,
8860946,2019,2019-05-20,4001,2019-04-02,1507,P0115,463,2,5,3,4001,0,0,0,,0,OPERAT,"EAST GRAND AV","FAIR VIEW DR",301.00,E,N,B,-,N,,,,,,,,,,Y,3,0,1,2,A,-,09,21804,A,N,D,C,A,A,H,-,A,A,0,,,,,Y,,A,01,0,1,0,0,0,0,0,0,0,"- ","- ",,,"SAN LUIS OBISPO","ARROYO GRANDE",-120.60263824462891,35.120643615722656
8861298,2019,2019-05-21,4006,2019-04-26,0911,88911,,5,5,4,4006,0,0,0,,0,,"TANK FARM",LONG,0.00,,Y,A,-,N,,,,,,,,,,N,4,0,1,2,A,-,09,21800,A,N,D,G,A,A,H,-,A,D,0,,Y,,,Y,,A,01,0,0,1,0,0,0,1,0,0,"- ","- ",35.144889831542969,-120.40158843994141,"SAN LUIS OBISPO","SAN LUIS OBISPO",-120.671142578125,35.246810913085938
8861306,2019,2019-05-21,4006,2019-04-19,0636,68370,,5,5,4,4006,0,0,0,,0,,JOHNSON,BRECK,135.00,S,N,B,-,N,,,,,,,,,,Y,4,0,1,1,C,-,18,,,N,E,I,A,A,H,-,B,D,0,,,,,Y,,-,"- ",0,0,1,0,0,0,0,0,0,"- ","- ",35.279331207275391,-120.65090179443359,"SAN LUIS OBISPO","SAN LUIS OBISPO",-120.65089416503906,35.279449462890625
8869819,2019,2019-05-30,4008,2019-04-27,1429,3153,,6,5,4,4008,0,0,0,,0,,"GRAVES CREEK RD","BALBOA RD",707.00,S,N,A,-,N,,,,,,,,,,Y,2,0,1,1,A,-,08,22107,,N,E,I,A,A,H,-,A,D,0,,,,,Y,,A,07,1,0,0,0,0,0,0,0,0,"- ","- ",35.498851776123047,-120.69747161865234,"SAN LUIS OBISPO",ATASCADERO,-120.69709777832031,35.496997833251953
8873933,2019,2019-06-13,4005,2019-04-20,1057,P109,6,6,5,2,4005,0,0,0,,0,,"DOLLIVER ST","OCEAN VIEW AV",17.00,E,N,A,-,N,,,,,,,,,,Y,4,0,1,2,A,-,09,21802,A,N,D,C,A,A,H,-,A,D,0,,,,,Y,,D,22,0,0,1,0,0,0,0,0,0,"- ","- ",,,"SAN LUIS OBISPO","PISMO BEACH",-120.63919067382812,35.138702392578125
8873952,2019,2019-06-11,4006,2019-04-30,0049,82350,,2,5,4,4006,0,0,0,,0,,BULLOCK,WILLOW,895.00,S,N,B,-,N,,,,,,,,,,N,4,0,1,1,A,-,"- ",,,N,E,A,A,A,A,-,D,D,0,,Y,,,Y,Y,L,04,0,0,1,0,0,0,1,0,0,"- ","- ",,,"SAN LUIS OBISPO","SAN LUIS OBISPO",-120.64028167724609,35.256336212158203
8874038,2019,2019-06-11,4006,2019-05-07,1419,80908,,2,5,4,4006,0,0,0,,0,,BROAD,HIGH,76.00,S,N,A,-,N,,,,,,,,,,Y,2,0,1,1,C,-,18,,,N,F,I,A,A,H,-,A,A,0,,,,,Y,,-,"- ",1,0,0,0,0,0,0,0,0,"- ","- ",35.270999908447266,-120.65799713134766,"SAN LUIS OBISPO","SAN LUIS OBISPO",-120.65839385986328,35.272045135498047
8874042,2019,2019-06-11,4006,2019-05-14,1810,55150,,2,5,4,4006,0,0,0,,0,,MILL,"SANTA ROSA",0.00,,Y,A,-,N,,,,,,,,,,N,3,0,1,1,A,-,08,22107,,N,E,I,A,A,H,-,A,A,0,,,Y,,Y,,C,03,0,1,0,0,0,0,0,0,1,"- ","- ",35.170299530029297,-120.39409637451172,"SAN LUIS OBISPO","SAN LUIS OBISPO",-120.66146850585938,35.284320831298828
8879104,2019,2019-07-19,4006,2019-05-19,1506,30311,,7,5,4,4006,0,0,0,,0,,"CALLE JOAQUIN","LOS OSOS VALLEY RD",0.00,,Y,B,-,N,,,,,,,,,,Y,4,0,1,2,D,-,00,,,N,E,I,A,B,H,-,A,A,0,,,,,Y,,-,"- ",0,0,1,0,0,0,0,0,0,"- ","- ",35.246578216552734,-120.68321990966797,"SAN LUIS OBISPO","SAN LUIS OBISPO",-120.68302917480469,35.246730804443359
8879443,2019,2019-06-25,4006,2019-05-28,1756,S1882,,2,5,4,4006,0,0,0,,0,,"TAHOE RD","MUSTANG WY",232.00,S,N,A,-,N,,,,,,,,,,N,3,0,1,1,A,-,07,21658,A,N,E,I,A,A,H,-,A,A,0,,Y,,,Y,,L,04,0,1,0,0,0,0,1,0,0,"- ","- ",,,"SAN LUIS OBISPO","SAN LUIS OBISPO",-120.65819549560547,35.299083709716797
8881874,2019,2019-07-08,4006,2019-06-10,1550,16380,,1,5,4,4006,0,0,0,,0,,"TANK FARM RD",BROAD,0.00,,Y,A,-,N,,,,,,,,,,N,4,0,1,2,A,-,05,21650,1,N,G,G,A,A,H,-,A,D,0,,Y,,,Y,,L,04,0,0,1,0,0,0,1,0,0,"- ","- ",35.248920440673828,-120.6417236328125,"SAN LUIS OBISPO","SAN LUIS OBISPO",-120.64302062988281,35.248348236083984
8882965,2019,2019-07-08,4006,2019-05-24,1623,62657,,5,5,4,4006,0,0,0,,0,,"MARSH ST",MORRO,0.00,,Y,A,-,N,,,,,,,,,,N,4,0,1,2,A,-,08,22100,B,N,B,C,A,A,H,-,A,A,0,,,,,Y,,A,07,0,0,1,0,0,0,0,0,0,"- ","- ",35.279830932617188,-120.66104125976562,"SAN LUIS OBISPO","SAN LUIS OBISPO",-120.66101837158203,35.279811859130859
8886252,2019,2019-07-17,4006,2019-06-14,1653,22467,,5,5,4,4006,0,0,0,,0,,BROAD,ALPHONSO,0.00,,Y,A,-,N,,,,,,,,,,N,3,0,1,2,A,-,09,21804,A,N,B,G,A,A,H,-,A,D,0,,Y,,,Y,Y,L,04,0,1,0,0,0,0,1,0,0,"- ","- ",35.268600463867188,-120.65561676025391,"SAN LUIS OBISPO","SAN LUIS OBISPO",-120.65521240234375,35.268119812011719
8886568,2019,2019-07-19,4006,2019-06-01,1926,65419,,6,5,4,4006,0,0,0,,0,,MARSH,MORRO,133.00,E,N,A,-,N,,,,,,,,,,N,4,0,1,2,A,-,10,21950,A,F,G,B,B,A,H,-,A,A,0,Y,,,,Y,,A,01,0,0,1,0,1,0,0,0,0,"- ","- ",35.164649963378906,-120.39412689208984,"SAN LUIS OBISPO","SAN LUIS OBISPO",-120.66065979003906,35.280021667480469
8886569,2019,2019-07-19,4006,2019-06-04,1448,80908,,2,5,4,4006,0,0,0,,0,,BROAD,AEROVISTA,0.00,,Y,A,-,N,,,,,,,,,,Y,4,0,2,2,A,-,09,21802,A,N,D,C,A,A,H,-,A,A,0,,,,,Y,,A,07,0,0,2,0,0,0,0,0,0,"- ","- ",35.243141174316406,-120.64002990722656,"SAN LUIS OBISPO","SAN LUIS OBISPO",-120.63992309570312,35.243110656738281