CASE_ID,ACCIDENT_YEAR,PROC_DATE,JURIS,COLLISION_DATE,COLLISION_TIME,OFFICER_ID,REPORTING_DISTRICT,DAY_OF_WEEK,CHP_SHIFT,POPULATION,CNTY_CITY_LOC,SPECIAL_COND,BEAT_TYPE,CHP_BEAT_TYPE,CITY_DIVISION_LAPD,CHP_BEAT_CLASS,BEAT_NUMBER,PRIMARY_RD,SECONDARY_RD,DISTANCE,DIRECTION,INTERSECTION,WEATHER_1,WEATHER_2,STATE_HWY_IND,CALTRANS_COUNTY,CALTRANS_DISTRICT,STATE_ROUTE,ROUTE_SUFFIX,POSTMILE_PREFIX,POSTMILE,LOCATION_TYPE,RAMP_INTERSECTION,SIDE_OF_HWY,TOW_AWAY,COLLISION_SEVERITY,NUMBER_KILLED,NUMBER_INJURED,PARTY_COUNT,PRIMARY_COLL_FACTOR,PCF_CODE_OF_VIOL,PCF_VIOL_CATEGORY,PCF_VIOLATION,PCF_VIOL_SUBSECTION,HIT_AND_RUN,TYPE_OF_COLLISION,MVIW,PED_ACTION,ROAD_SURFACE,ROAD_COND_1,ROAD_COND_2,LIGHTING,CONTROL_DEVICE,CHP_ROAD_TYPE,PEDESTRIAN_ACCIDENT,BICYCLE_ACCIDENT,MOTORCYCLE_ACCIDENT,TRUCK_ACCIDENT,NOT_PRIVATE_PROPERTY,ALCOHOL_INVOLVED,STWD_VEHTYPE_AT_FAULT,CHP_VEHTYPE_AT_FAULT,COUNT_SEVERE_INJ,COUNT_VISIBLE_INJ,COUNT_COMPLAINT_PAIN,COUNT_PED_KILLED,COUNT_PED_INJURED,COUNT_BICYCLIST_KILLED,COUNT_BICYCLIST_INJURED,COUNT_MC_KILLED,COUNT_MC_INJURED,PRIMARY_RAMP,SECONDARY_RAMP,LATITUDE,LONGITUDE,COUNTY,CITY,POINT_X,POINT_Y
8891827,2019,2019-10-31,4008,2019-09-23,1215,3125,,1,5,4,4008,0,0,0,,0,,"EL CAMINO REAL","JUNIPERO AV",154.00,N,N,A,-,N,,,,,,,,,,N,4,0,1,2,A,-,03,22350,,N,C,C,A,A,H,-,A,D,0,,,,,Y,,A,01,0,0,1,0,0,0,0,0,0,"- ","- ",35.476348876953125,-120.65564727783203,"SAN LUIS OBISPO",ATASCADERO,-120.65571594238281,35.476661682128906
8893722,2019,2019-11-07,4008,2019-07-01,1534,2112,,1,5,4,4008,0,0,0,,0,,"MORRO RD","RT 101",198.00,W,N,A,-,Y,SLO,5,41,-,-,15.810,H,-,N,Y,4,0,3,2,A,-,09,21804,A,N,D,C,A,A,H,-,A,D,0,,,Y,,Y,,D,22,0,0,3,0,0,0,0,0,2,"- ",SO,35.484859466552734,-120.66522216796875,"SAN LUIS OBISPO",ATASCADERO,-120.66545104980469,35.484100341796875
8896020,2019,2020-01-08,4006,2019-06-18,1805,16380,,2,5,4,4006,0,0,0,,0,,"SANTA ROSA",WALNUT,0.00,,Y,A,-,Y,SLO,5,1,-,L,16.702,I,5,S,Y,4,0,3,2,A,-,12,21453,A,N,D,C,A,A,H,-,A,A,0,,,,,Y,,A,01,0,0,3,0,0,0,0,0,0,"- ","- ",35.285900115966797,-120.66294097900391,"SAN LUIS OBISPO","SAN LUIS OBISPO",-120.66290283203125,35.285919189453125
8896297,2019,2019-11-07,4008,2019-05-24,2221,3113,,5,5,4,4008,0,0,0,,0,,"MORRO RD","OLD MORRO RD EAST",2015.00,N,N,A,-,Y,SLO,5,41,-,-,11.950,H,-,N,Y,2,0,3,2,A,-,03,22350,,N,A,C,A,A,H,-,D,D,0,,,,,Y,,A,01,2,1,0,0,0,0,0,0,0,"- ","- ",35.459300994873047,-120.68189239501953,"SAN LUIS OBISPO",ATASCADERO,-120.70796203613281,35.451652526855469
8896869,2019,2019-07-29,4001,2019-06-14,0706,P0148,463,5,5,3,4001,0,0,0,,0,OPERAT,"BRISCO RD","BRISCO RD 180",0.00,,N,A,-,N,,,,,,,,,,Y,4,0,1,3,A,-,01,23152,A,N,C,E,A,A,H,-,A,D,0,,,,,Y,Y,A,01,0,0,1,0,0,0,0,0,0,"- ","- ",,,"SAN LUIS OBISPO","ARROYO GRANDE",-120.59611099999999,35.122486000000002
8902675,2019,2019-08-12,4006,2019-07-01,0758,80908,,1,5,4,4006,0,0,0,,0,,"SANTA ROSA",OAK,0.00,,Y,A,-,N,,,,,,,,,,Y,2,0,1,3,A,-,09,21800,A,N,D,C,A,A,H,-,A,A,0,,,Y,Y,Y,,C,02,1,0,0,0,0,0,0,0,1,"- ","- ",35.289131164550781,-120.66580963134766,"SAN LUIS OBISPO","SAN LUIS OBISPO",,
8902979,2019,2019-08-19,4006,2019-06-27,1146,80908,,4,5,4,4006,0,0,0,,0,,MARSH,NIPOMO,263.00,W,N,A,-,N,,,,,,,,,,N,4,0,2,2,A,-,01,23153,A,F,C,C,A,A,H,-,A,A,0,,,,,Y,Y,A,01,0,0,2,0,0,0,0,0,0,"- ","- ",35.277111053466797,-120.66554260253906,"SAN LUIS OBISPO","SAN LUIS OBISPO",-120.66574859619141,35.276962280273438
8907033,2019,2020-02-06,4003,2019-06-03,1030,N9704,7,1,5,2,4003,0,0,0,,0,002,"RT 1","SAN JACINTO ST",0.00,,Y,B,-,Y,SLO,5,1,-,-,31.130,I,5,S,N,3,0,1,2,A,-,10,21950,A,N,G,H,B,A,H,-,A,A,0,Y,,,,Y,,A,07,0,1,0,0,1,0,0,0,0,"- ","- ",,,"SAN LUIS OBISPO","MORRO BAY",-120.86063385009766,35.393787384033203
8907269,2019,2019-08-08,4001,2019-05-27,1545,P0114,461,1,5,3,4001,0,0,0,,0,OPERAT,"VALLEY RD","FAIR OAKS AV",530.00,S,N,A,-,N,,,,,,,,,,Y,2,0,1,2,A,-,00,23103,,N,B,C,A,A,H,-,A,D,0,,,Y,,Y,Y,-,,1,0,0,0,0,0,0,0,0,"- ","- ",,,"SAN LUIS OBISPO","ARROYO GRANDE",-120.58171844482422,35.1151123046875
8907273,2019,2019-08-08,4001,2019-05-17,1615,P0139,462,5,5,3,4001,0,0,0,,0,OPERAT,"WEST BRANCH ST","CAMINO MERCADO",0.00,,Y,A,-,N,,,,,,,,,,N,4,0,1,2,A,-,03,22350,,F,C,C,A,A,H,-,A,A,0,,,,,Y,,A,01,0,0,1,0,0,0,0,0,0,"- ","- ",,,"SAN LUIS OBISPO","ARROYO GRANDE",-120.60098266601562,35.128948211669922
8907277,2019,2019-08-26,4001,2019-05-20,1012,P0143,463,1,5,3,4001,0,0,0,,0,OPERAT,"S TRAFFIC WY","POOLE ST",21.00,S,N,A,-,N,,,,,,,,,,N,2,0,1,1,D,-,00,,,N,H,A,A,A,H,-,A,D,0,,Y,,,Y,,-,"- ",1,0,0,0,0,0,1,0,0,"- ","- ",,,"SAN LUIS OBISPO","ARROYO GRANDE",-120.57704162597656,35.120464324951172
8910809,2020,2022-06-18,4004,2020-01-05,2219,1425,,7,5,3,4004,0,0,0,,0,,"AIRPORT RD","DRY CREEK RD",2379.00,S,N,A,-,N,,,,,,,,,,Y,1,1,0,1,A,-,03,22350,,N,E,I,A,A,H,-,D,D,0,,,,,Y,,A,01,0,0,0,0,0,0,0,0,0,"- ","- ",35.662338256835938,-120.64098358154297,"SAN LUIS OBISPO","PASO ROBLES",-120.64097595214844,35.656364440917969
8914846,2019,2019-08-12,4001,2019-07-19,2209,P0106,"46 3",5,5,3,4001,0,0,0,,0,OPERAT,"N OAK PARK BL","EL CAMINO REAL",207.00,S,N,A,-,N,,,,,,,,,,Y,4,0,2,2,A,-,01,23152,A,N,D,C,A,A,H,-,C,A,0,,,,,Y,Y,A,01,0,0,2,0,0,0,0,0,0,"- ","- ",,,"SAN LUIS OBISPO","ARROYO GRANDE",-120.60704040527344,35.128952026367188
8916095,2019,2019-08-19,4005,2019-07-20,1517,P090,6,6,5,2,4005,0,0,0,,0,,"DOLLIVER ST","STIMSON AV",0.00,,Y,A,-,N,,,,,,,,,,Y,3,0,1,2,A,-,09,21802,A,N,D,C,A,A,H,-,A,D,0,,,,,Y,,A,01,0,1,0,0,0,0,0,0,0,"- ","- ",,,"SAN LUIS OBISPO","PISMO BEACH",,
8917142,2019,2019-08-19,4008,2019-07-27,2132,5011,,6,5,4,4008,0,0,0,,0,,"CURBARIL AV","SAN LUIS AV",50.00,W,N,A,-,N,,,,,,,,,,Y,4,0,2,2,A,-,09,21804,A,N,D,C,A,A,H,-,C,D,0,,,,,Y,,A,01,0,0,2,0,0,0,0,0,0,"- ","- ",,,"SAN LUIS OBISPO",ATASCADERO,-120.65776824951172,35.476795196533203
8919941,2019,2019-10-29,4004,2019-08-11,1336,1307,4004,7,5,3,4004,0,0,0,,0,4-8,"CRESTON RD","SANTA YNEZ AV",64.00,N,N,A,-,N,,,,,,,,,,Y,4,0,2,3,A,-,03,22350,,N,C,C,A,A,H,-,A,A,0,,,,Y,Y,,F,26,0,0,2,0,0,0,0,0,0,"- ","- ",35.610481262207031,-120.65901184082031,"SAN LUIS OBISPO","PASO ROBLES",-120.65901947021484,35.610694885253906
8922535,2019,2019-09-05,4008,2019-08-20,0759,3125,,2,5,4,4008,0,0,0,,0,,"CAPISTRANO AV","LEWIS AV",144.00,S,N,A,-,N,,,,,,,,,,N,3,0,1,2,A,-,10,21952,,N,G,B,F,A,H,-,A,D,0,Y,,Y,,Y,,C,02,0,1,0,0,1,0,0,0,0,"- ","- ",35.489269256591797,-120.66497039794922,"SAN LUIS OBISPO",ATASCADERO,-120.66473388671875,35.489719390869141
8925471,2019,2019-09-06,4004,2019-08-03,1755,1201,,6,5,3,4004,0,0,0,,0,,"S RIVER",NIBLICK,0.00,,Y,A,-,N,,,,,,,,,,N,4,0,1,2,A,-,10,21950,A,N,G,B,B,A,H,-,A,A,0,Y,,,,Y,,-,,0,0,1,0,1,0,0,0,0,"- ","- ",,,"SAN LUIS OBISPO","PASO ROBLES",-120.68026733398438,35.615020751953125
8926675,2019,2019-08-23,4006,2019-07-10,1934,90046,,3,5,4,4006,0,0,0,,0,,CHORRO,PEACH,0.00,,Y,A,-,N,,,,,,,,,,N,2,0,1,1,A,-,17,22109,,N,F,A,A,A,-,-,B,D,0,,,Y,,Y,,-,"- ",1,0,0,0,0,0,0,0,1,"- ","- ",,,"SAN LUIS OBISPO","SAN LUIS OBISPO",-120.66568756103516,35.283058166503906
8932258,2019,2019-09-17,4006,2019-08-04,2033,67850,,7,5,4,4006,0,0,0,,0,,SOUTH,EXPOSITION,0.00,,Y,A,-,N,,,,,,,,,,N,4,0,1,2,D,-,00,,,N,G,B,B,A,H,-,D,D,0,Y,,,,Y,,-,"- ",0,0,1,0,1,0,0,0,0,"- ","- ",35.269439697265625,-120.66448974609375,"SAN LUIS OBISPO","SAN LUIS OBISPO",,
8932266,2019,2019-09-17,4006,2019-08-13,1604,80908,,2,5,4,4006,0,0,0,,0,,"SANTA ROSA",MONTALBAN,212.00,N,N,A,-,N,,,,,,,,,,Y,3,0,1,2,A,-,09,21804,A,N,D,A,A,A,H,-,A,D,0,,,Y,,Y,,A,01,0,1,0,0,0,0,0,0,1,"- ","- ",35.288841247558594,-120.66541290283203,"SAN LUIS OBISPO","SAN LUIS OBISPO",-120.66542053222656,35.288814544677734
8932270,2019,2019-09-26,4006,2019-08-20,1553,98137,,2,5,4,4006,0,0,0,,0,,CAMELLIA,MARGARITA,60.00,N,N,A,-,N,,,,,,,,,,N,4,0,1,2,A,-,09,21804,A,N,B,C,A,A,H,-,A,D,0,,,,,Y,,A,01,0,0,1,0,0,0,0,0,0,"- ","- ",35.256999969482422,-120.66616821289062,"SAN LUIS OBISPO","SAN LUIS OBISPO",-120.66618347167969,35.256832122802734
8932644,2019,2019-09-16,4006,2019-07-18,1543,62657,,4,5,4,4006,0,0,0,,0,,"LEFF ST","OSOS ST",8.00,E,N,A,-,N,,,,,,,,,,N,4,0,3,4,A,-,10,21950,A,N,G,B,B,A,-,-,A,A,0,Y,,,,Y,,A,07,0,0,3,0,3,0,0,0,0,"- ","- ",35.276588439941406,-120.65660858154297,"SAN LUIS OBISPO","SAN LUIS OBISPO",-120.65666961669922,35.276573181152344
8935936,2019,2019-09-20,4001,2019-08-05,1839,P0131,461,1,5,3,4001,0,0,0,,0,,"FAIR OAKS","TRAFFIC WY",0.00,,Y,A,-,N,,,,,,,,,,N,4,0,1,2,A,-,01,23152,A,M,C,C,A,A,H,-,A,A,0,,,,,Y,Y,A,01,0,0,1,0,0,0,0,0,0,"- ","- ",,,"SAN LUIS OBISPO","ARROYO GRANDE",-120.57640838623047,35.119678497314453
8937893,2019,2019-09-23,4002,2019-09-05,1337,575,,4,5,3,4002,0,0,0,,0,,"N 7TH ST","W GRAND AV",0.00,,Y,A,-,N,,,,,,,,,,Y,3,0,1,2,A,-,08,22107,,N,A,C,A,A,H,-,A,D,0,,,Y,,Y,,D,22,0,1,0,0,0,0,0,0,1,"- ","- ",,,"SAN LUIS OBISPO","GROVER BEACH",-120.62271881103516,35.121608734130859
8939223,2019,2019-12-17,4008,2019-08-31,0304,3125,,6,5,4,4008,0,0,0,,0,,"MERCEDES AV","CEMETERY RD",1799.00,S,N,A,-,N,,,,,,,,,,N,1,1,0,1,A,-,01,23152,F,N,E,J,A,A,H,-,D,D,0,,,,,Y,,A,01,0,0,0,0,0,0,0,0,0,"- ","- ",35.498619079589844,-120.65924072265625,"SAN LUIS OBISPO",ATASCADERO,-120.65921020507812,35.498870849609375
8939391,2019,2019-11-20,4001,2019-10-05,1521,P0144,461,6,5,3,4001,0,0,0,,0,OPERAT,"VALLEY RD","VALLEY RD 495",0.00,,N,A,-,N,,,,,,,,,,Y,1,1,0,1,A,-,01,23152,A,N,E,I,A,A,H,-,A,D,0,,,,,Y,Y,A,01,0,0,0,0,0,0,0,0,0,"- ","- ",,,"SAN LUIS OBISPO","ARROYO GRANDE",-120.58130800000001,35.11459
8939592,2019,2020-02-13,4008,2019-10-06,0005,3125,,7,5,4,4008,0,0,0,,0,,"EL CAMINO REAL","DEL RIO RD",966.00,S,N,A,-,N,,,,,,,,,,Y,1,1,0,1,A,-,01,23152,A,N,E,I,A,A,H,-,D,D,0,,,,,Y,Y,A,01,0,0,0,0,0,0,0,0,0,"- ","- ",35.513591766357422,-120.69770050048828,"SAN LUIS OBISPO",ATASCADERO,-120.69638824462891,35.5113525390625
8942365,2019,2019-09-20,4001,2019-08-13,2015,P0114,"46 2",2,5,3,4001,0,0,0,,0,OPERAT,"BRANCH ST","BRISCO RD",0.00,,Y,A,-,N,,,,,,,,,,N,4,0,1,2,A,-,03,22350,,M,C,C,A,A,H,-,C,A,0,,,,,Y,,-,,0,0,1,0,0,0,0,0,0,"- ","- ",,,"SAN LUIS OBISPO","ARROYO GRANDE",-120.59304046630859,35.124778747558594
8945346,2019,2019-10-02,4002,2019-09-13,1838,011,,5,5,3,4002,0,0,0,,0,,"N OAK PARK BL","SARATOGA AV",13.00,N,N,A,-,N,,,,,,,,,,N,4,0,1,2,A,-,03,22350,,M,C,C,A,A,H,-,A,D,0,,,,,Y,Y,A,07,0,0,1,0,0,0,0,0,0,"- ","- ",,,"SAN LUIS OBISPO","GROVER BEACH",-120.60881042480469,35.125823974609375
8947457,2019,2019-12-30,4004,2019-09-03,1705,0895,,2,5,3,4004,0,0,0,,0,19-270,"OAK ST","32ND ST",0.00,,Y,A,-,N,,,,,,,,,,,4,0,1,2,A,-,09,21802,A,N,D,C,A,A,H,-,A,A,0,,,,,Y,,K,45,0,0,1,0,0,0,0,0,0,"- ","- ",,,"SAN LUIS OBISPO","PASO ROBLES",-120.69438934326172,35.647441864013672
8947745,2019,2019-10-16,4004,2019-09-29,1443,1201,,7,5,3,4004,0,0,0,,0,,"MELODY DR","CRESTON RD",0.00,,Y,A,-,N,,,,,,,,,,N,4,0,1,2,A,-,08,22107,,N,A,C,A,A,H,-,A,A,0,,,,,Y,,D,22,0,0,1,0,0,0,0,0,0,"- ","- ",35.623260498046875,-120.66265869140625,"SAN LUIS OBISPO","PASO ROBLES",-120.66266632080078,35.623268127441406
8953331,2019,2019-11-01,4004,2019-10-04,1807,1373,,5,5,3,4004,0,0,0,,0,,"28TH ST","SPRING ST",168.00,E,N,A,-,N,,,,,,,,,,N,4,0,1,2,A,-,03,22350,,N,G,B,D,A,H,-,A,D,0,Y,,,,Y,,D,22,0,0,1,0,1,0,0,0,0,"- ","- ",35.643100738525391,-120.69212341308594,"SAN LUIS OBISPO","PASO ROBLES",-120.69222259521484,35.643363952636719
8954255,2019,2019-10-10,4006,2019-08-29,1121,16380,,4,5,4,4006,0,0,0,,0,,HIGUERA,BRIDGE,0.00,,Y,A,-,N,,,,,,,,,,N,2,0,1,2,A,-,08,22100,B,N,D,G,A,A,H,-,A,D,0,,Y,,,Y,,L,04,1,0,0,0,0,0,1,0,0,"- ","- ",35.267189025878906,-120.67043304443359,"SAN LUIS OBISPO","SAN LUIS OBISPO",-120.67043304443359,35.267219543457031
8956323,2019,2019-11-08,4006,2019-09-23,1156,98137,,1,5,4,4006,0,0,0,,0,,CALIFORNIA,MONTEREY,0.00,,Y,A,-,N,,,,,,,,,,N,3,0,1,2,A,-,08,22107,,N,B,G,A,A,H,-,A,A,0,,Y,,,Y,,A,01,0,1,0,0,0,0,1,0,0,"- ","- ",35.286079406738281,-120.65453338623047,"SAN LUIS OBISPO","SAN LUIS OBISPO",-120.65460968017578,35.286109924316406
8956367,2019,2019-11-08,4006,2019-09-23,1440,98137,,1,5,4,4006,0,0,0,,0,,BROAD,FIERO,0.00,,Y,A,-,N,,,,,,,,,,Y,3,0,2,2,A,-,09,21801,A,N,D,C,A,A,H,-,A,A,0,,,,,Y,,A,01,0,2,0,0,0,0,0,0,0,"- ","- ",35.244659423828125,-120.64118194580078,"SAN LUIS OBISPO","SAN LUIS OBISPO",-120.64115905761719,35.244678497314453
8956391,2019,2019-11-08,4006,2019-09-15,0949,16380,,7,5,4,4006,0,0,0,,0,,FOOTHILL,CALIFORNIA,220.00,W,N,A,-,N,,,,,,,,,,Y,4,0,1,2,A,-,09,21804,A,N,D,C,A,A,H,-,A,D,0,,,,,Y,,A,01,0,0,1,0,0,0,0,0,0,"- ","- ",35.294689178466797,-120.66477966308594,"SAN LUIS OBISPO","SAN LUIS OBISPO",-120.66455841064453,35.294788360595703
8956395,2019,2019-11-08,4006,2019-09-18,1321,97574,4006,3,5,4,4006,0,0,0,,0,,"SANTA ROSA",BOYSEN,0.00,,Y,A,-,N,,,,,,,,,,Y,2,0,1,2,A,-,09,21804,A,N,B,C,A,A,H,-,A,D,0,,,,,Y,,A,01,1,0,0,0,0,0,0,0,0,"- ","- ",35.465190887451172,-120.65145111083984,"SAN LUIS OBISPO","SAN LUIS OBISPO",-120.66957092285156,35.295791625976562
8956680,2019,2019-10-21,4006,2019-09-11,0958,62657,,3,5,4,4006,0,0,0,,0,,"TANK FARM",LONG,0.00,,Y,A,-,N,,,,,,,,,,Y,4,0,1,2,A,-,09,21801,A,N,D,C,A,A,H,-,A,A,0,,,,,Y,,A,07,0,0,1,0,0,0,0,0,0,"- ","- ",35.245998382568359,-120.67109680175781,"SAN LUIS OBISPO","SAN LUIS OBISPO",-120.671142578125,35.246810913085938
8958674,2019,2020-09-14,4008,2019-09-11,1301,2133,,3,5,4,4008,0,0,0,,0,,"MORRO RD","ATASCADERO AV",90.00,W,N,A,-,Y,SLO,5,41,-,-,15.550,H,-,N,N,4,0,2,2,A,-,03,22350,,N,C,C,A,A,H,-,A,A,0,,,,,Y,,D,22,0,0,2,0,0,0,0,0,0,"- ","- ",,,"SAN LUIS OBISPO",ATASCADERO,-120.66653442382812,35.480381011962891
8961574,2019,2019-10-23,4002,2019-10-10,2205,459,,4,5,3,4002,0,0,0,,0,,"S 4TH ST","W GRAND AV",0.00,,Y,A,-,N,,,,,,,,,,N,4,0,1,2,A,-,10,21950,A,N,G,B,B,A,H,-,C,A,0,Y,,,,Y,,D,22,0,0,1,0,1,0,0,0,0,"- ","- ",,,"SAN LUIS OBISPO","GROVER BEACH",-120.62644195556641,35.121799468994141
8967911,2019,2019-11-15,4004,2019-10-06,1805,1349,,7,5,3,4004,0,0,0,,0,,"13TH ST","RIVERSIDE AV",130.00,E,N,A,-,N,,,,,,,,,,N,2,0,1,3,A,-,03,22350,,N,G,B,E,A,H,-,A,A,0,Y,,,,Y,,D,22,1,0,0,0,1,0,0,0,0,"- ","- ",35.628028869628906,-120.68708801269531,"SAN LUIS OBISPO","PASO ROBLES",-120.68658447265625,35.627998352050781
8968266,2019,2019-11-20,4008,2019-10-21,1416,2030,,1,5,4,4008,0,0,0,,0,,"EL CAMINO REAL","MORRO RD",351.00,N,N,A,-,N,,,,,,,,,,Y,4,0,2,3,A,-,03,22350,,N,C,C,A,A,H,-,A,D,0,,,,,Y,,A,07,0,0,2,0,0,0,0,0,0,"- ","- ",35.486099243164062,-120.66484832763672,"SAN LUIS OBISPO",ATASCADERO,-120.66569519042969,35.486835479736328
8974242,2019,2020-09-24,4003,2019-07-28,1124,V9096,7,7,5,2,4003,0,0,0,,0,002,"RT 1","SAN JACINTO",0.00,,Y,A,-,Y,SLO,5,1,-,-,31.080,H,-,S,Y,3,0,1,1,A,-,03,22350,,N,E,I,A,A,H,-,A,A,0,,,,,Y,,A,01,0,1,0,0,0,0,0,0,0,"- ","- ",,,"SAN LUIS OBISPO","MORRO BAY",-120.86036682128906,35.393096923828125
8974576,2019,2020-10-07,4004,2019-10-12,2121,1351,,6,5,3,4004,0,0,0,,0,,"RT 46 E","MILL RD",2381.00,E,N,A,-,Y,SLO,5,46,-,-,33.100,H,-,W,Y,4,0,2,2,A,-,03,22350,,N,C,C,A,A,H,-,D,D,0,,,,,Y,,A,01,0,0,2,0,0,0,0,0,0,"- ","- ",35.645240783691406,-120.63408660888672,"SAN LUIS OBISPO","PASO ROBLES",-120.62744903564453,35.648513793945312
8975058,2019,2020-10-07,4004,2019-10-17,1420,1208,,4,5,3,4004,0,0,0,,0,,"RT 46 E","UNION RD",0.00,,Y,A,-,Y,SLO,5,46,-,-,31.800,I,6,E,N,4,0,3,2,A,-,03,22350,,F,C,C,A,A,H,-,A,A,0,,,,,Y,,A,01,0,0,3,0,0,0,0,0,0,"- ","- ",35.644779205322266,-120.64945220947266,"SAN LUIS OBISPO","PASO ROBLES",-120.64942932128906,35.644435882568359
8975159,2019,2020-01-11,4004,2019-10-12,1231,1349,,6,5,3,4004,0,0,0,,0,,"RIVER OAKS DR","VINEYARD DR",505.00,W,N,A,-,N,,,,,,,,,,N,3,0,1,1,A,-,03,22350,,N,H,G,A,A,H,-,A,D,0,,Y,,,Y,,L,04,0,1,0,0,0,0,1,0,0,"- ","- ",35.648448944091797,-120.67543029785156,"SAN LUIS OBISPO","PASO ROBLES",-120.67697143554688,35.648548126220703
8975535,2019,2019-11-25,4001,2019-10-01,1450,P0139,46-3,2,5,3,4001,0,0,0,,0,OPERAT,"EL CAMINO REAL","N OAK PARK BL",0.00,,Y,A,-,N,,,,,,,,,,N,4,0,1,2,A,-,10,21950,A,N,G,B,B,A,H,-,A,A,0,Y,,,,Y,,A,01,0,0,1,0,1,0,0,0,0,"- ","- ",,,"SAN LUIS OBISPO","ARROYO GRANDE",-120.60685729980469,35.129501342773438
8975584,2019,2020-01-03,4001,2019-10-11,2219,P0148,46-2,5,5,3,4001,0,0,0,,0,OPERAT,"EAST GRAND AV","E GRAND AV 222",0.00,,Y,A,-,N,,,,,,,,,,Y,4,0,3,2,A,-,21,22106,,N,D,C,A,A,H,-,C,A,0,,,,,Y,,A,01,0,0,3,0,0,0,0,0,0,"- ","- ",,,"SAN LUIS OBISPO","ARROYO GRANDE",-120.58244500000001,35.121861000000003
8977611,2019,2020-07-13,4004,2019-11-10,1737,1201,,7,5,3,4004,0,0,0,,0,,"RT 46 E",JARDINE,6072.00,W,N,A,-,Y,SLO,5,46,-,-,33.490,H,-,E,N,4,0,3,2,A,-,09,21801,A,N,D,C,A,A,H,-,D,D,0,,,,,Y,,A,01,0,0,3,0,0,0,0,0,0,"- ","- ",,,"SAN LUIS OBISPO","PASO ROBLES",-120.62188720703125,35.651523590087891
8980250,2019,2019-12-02,4006,2019-10-11,1527,80908,,5,5,4,4006,0,0,0,,0,,KENTUCKY,FREDERICKS,0.00,,Y,A,-,N,,,,,,,,,,Y,2,0,1,2,A,-,09,21802,A,N,D,C,A,A,H,-,A,A,0,,,,,Y,,D,22,1,0,0,0,0,0,0,0,0,"- ","- ",35.2930908203125,-120.65923309326172,"SAN LUIS OBISPO","SAN LUIS OBISPO",-120.65927124023438,35.293128967285156
8980481,2019,2020-02-28,4004,2019-11-03,1617,1349,,7,5,3,4004,0,0,0,,0,,"RT 46 E","MILL RD",0.00,,Y,A,-,Y,SLO,5,46,-,-,32.650,I,5,E,Y,2,0,2,2,A,-,01,23152,B,N,D,C,A,A,H,-,A,D,0,,,,,Y,Y,A,01,1,1,0,0,0,0,0,0,0,"- ","- ",,,"SAN LUIS OBISPO","PASO ROBLES",-120.63473510742188,35.645076751708984
8980969,2019,2020-09-14,4008,2019-11-14,1655,2133,,4,5,4,4008,0,0,0,,0,,"MORRO RD","CURBARIL AV",365.00,W,N,A,-,Y,SLO,5,41,-,-,14.970,H,-,N,Y,4,0,2,2,A,-,03,22350,,N,C,C,A,A,H,-,D,A,0,,,,,Y,,A,07,0,0,2,0,0,0,0,0,0,"- ","- ",35.474220275878906,-120.66831970214844,"SAN LUIS OBISPO",ATASCADERO,-120.66893768310547,35.472084045410156
8981158,2019,2019-12-24,4008,2019-10-28,0803,3125,,1,5,4,4008,0,0,0,,0,,"EL CAMINO REAL",MALL,19.00,N,N,A,-,N,,,,,,,,,,Y,2,0,1,2,A,-,11,21950,B,N,G,B,B,A,H,-,A,A,0,Y,,,,Y,,N,60,1,0,0,0,1,0,0,0,0,"- ","- ",35.488079071044922,-120.66783905029297,"SAN LUIS OBISPO",ATASCADERO,-120.66793060302734,35.488132476806641
8984091,2019,2020-06-29,4008,2019-09-25,1805,3125,,3,5,4,4008,0,0,0,,0,,"MORRO RD","SANTA YSABEL AV",10.00,W,N,A,-,Y,SLO,5,41,-,-,14.900,H,-,N,N,3,0,1,2,A,-,17,21451,A,F,G,B,B,A,H,-,A,D,0,Y,,,,Y,,-,99,0,1,0,0,1,0,0,0,0,"- ","- ",35.486099243164062,-120.66484832763672,"SAN LUIS OBISPO",ATASCADERO,-120.66922760009766,35.471080780029297
8986717,2019,2019-12-18,4002,2019-10-23,1839,011,,3,5,3,4002,0,0,0,,0,,"S 13TH ST","FARROLL RD",0.00,,Y,A,-,N,,,,,,,,,,Y,3,0,1,2,A,-,09,21801,A,N,H,C,A,A,H,-,B,D,0,,,Y,,Y,Y,A,01,0,1,0,0,0,0,0,0,1,"- ","- ",,,"SAN LUIS OBISPO","GROVER BEACH",-120.61605072021484,35.111869812011719
8995593,2019,2019-12-19,4003,2019-10-16,2008,R8845,5,3,5,2,4003,0,0,0,,0,001,"QUINTANA RD","QUINTANA RD 1400",101.00,N,N,A,-,N,,,,,,,,,,N,2,0,1,2,A,-,17,21209,,F,C,G,A,A,H,-,D,D,0,,Y,,,Y,,-,,1,0,0,0,0,0,1,0,0,"- ","- ",,,"SAN LUIS OBISPO","MORRO BAY",,
8997280,2019,2020-09-14,4008,2019-11-09,1214,3113,,6,5,4,4008,0,0,0,,0,,"MORRO RD","PORTOLA RD",530.00,N,N,A,-,Y,SLO,5,41,-,-,14.840,H,-,S,N,4,0,1,2,A,-,03,22350,,F,C,C,A,A,H,-,A,A,0,,,,,Y,,A,01,0,0,1,0,0,0,0,0,0,"- ","- ",,,"SAN LUIS OBISPO",ATASCADERO,-120.66947174072266,35.470222473144531
8998068,2019,2020-01-28,4006,2019-11-05,0900,62657,,2,5,4,4006,0,0,0,,0,,SLACK,LONGVIEW,427.00,E,N,A,-,N,,,,,,,,,,N,4,0,1,2,A,-,06,21750,,N,D,G,A,A,H,-,A,A,0,,Y,,,Y,,L,04,0,0,1,0,0,0,1,0,0,"- ","- ",35.296070098876953,-120.6566162109375,"SAN LUIS OBISPO","SAN LUIS OBISPO",-120.65673828125,35.296070098876953