CASE_ID,ACCIDENT_YEAR,PROC_DATE,JURIS,COLLISION_DATE,COLLISION_TIME,OFFICER_ID,REPORTING_DISTRICT,DAY_OF_WEEK,CHP_SHIFT,POPULATION,CNTY_CITY_LOC,SPECIAL_COND,BEAT_TYPE,CHP_BEAT_TYPE,CITY_DIVISION_LAPD,CHP_BEAT_CLASS,BEAT_NUMBER,PRIMARY_RD,SECONDARY_RD,DISTANCE,DIRECTION,INTERSECTION,WEATHER_1,WEATHER_2,STATE_HWY_IND,CALTRANS_COUNTY,CALTRANS_DISTRICT,STATE_ROUTE,ROUTE_SUFFIX,POSTMILE_PREFIX,POSTMILE,LOCATION_TYPE,RAMP_INTERSECTION,SIDE_OF_HWY,TOW_AWAY,COLLISION_SEVERITY,NUMBER_KILLED,NUMBER_INJURED,PARTY_COUNT,PRIMARY_COLL_FACTOR,PCF_CODE_OF_VIOL,PCF_VIOL_CATEGORY,PCF_VIOLATION,PCF_VIOL_SUBSECTION,HIT_AND_RUN,TYPE_OF_COLLISION,MVIW,PED_ACTION,ROAD_SURFACE,ROAD_COND_1,ROAD_COND_2,LIGHTING,CONTROL_DEVICE,CHP_ROAD_TYPE,PEDESTRIAN_ACCIDENT,BICYCLE_ACCIDENT,MOTORCYCLE_ACCIDENT,TRUCK_ACCIDENT,NOT_PRIVATE_PROPERTY,ALCOHOL_INVOLVED,STWD_VEHTYPE_AT_FAULT,CHP_VEHTYPE_AT_FAULT,COUNT_SEVERE_INJ,COUNT_VISIBLE_INJ,COUNT_COMPLAINT_PAIN,COUNT_PED_KILLED,COUNT_PED_INJURED,COUNT_BICYCLIST_KILLED,COUNT_BICYCLIST_INJURED,COUNT_MC_KILLED,COUNT_MC_INJURED,PRIMARY_RAMP,SECONDARY_RAMP,LATITUDE,LONGITUDE,COUNTY,CITY,POINT_X,POINT_Y
8998072,2019,2020-01-28,4006,2019-11-06,1755,68370,,3,5,4,4006,0,0,0,,0,,"LOS OSOS VALLEY","AUTO PARK WY",498.00,E,N,A,-,N,,,,,,,,,,Y,4,0,2,2,A,-,03,22350,,N,C,C,A,A,H,-,C,D,0,,,,,Y,,A,01,0,0,2,0,0,0,0,0,0,"- ","- ",35.248649597167969,-120.68428039550781,"SAN LUIS OBISPO","SAN LUIS OBISPO",-120.68421936035156,35.248722076416016
8998427,2019,2020-01-24,4006,2019-11-01,1420,80908,,5,5,4,4006,0,0,0,,0,,MORRO,BUCHON,0.00,,Y,A,-,N,,,,,,,,,,N,4,0,1,2,A,-,09,21802,A,N,D,G,A,A,H,-,A,A,0,,Y,,,Y,,A,01,0,0,1,0,0,0,1,0,0,"- ","- ",35.277568817138672,-120.65892028808594,"SAN LUIS OBISPO","SAN LUIS OBISPO",-120.65898132324219,35.277549743652344
90011309,2015,2015-10-19,9745,2015-08-23,1430,013212,,7,2,4,4006,0,1,2,,2,202,"US-101 SOUTHBOUND","MARSH RD",1056.00,N,N,A,-,N,,,101,,,,,,S,Y,4,0,1,2,A,-,03,22350,,N,C,C,A,A,H,-,A,D,0,,,,,Y,,A,07,0,0,1,0,0,0,0,0,0,"- ","- ",35.27646,-120.67088,"SAN LUIS OBISPO","SAN LUIS OBISPO",-120.67081463,35.276438200000001
90011598,2015,2015-10-19,9745,2015-08-11,1455,018021,,2,2,2,4005,0,1,2,,2,404,"US-101 SOUTHBOUND","SPYGLASS DR",1200.00,S,N,A,-,Y,,,101,,,,,,S,Y,3,0,1,1,A,-,08,22107,,N,E,I,A,A,H,-,A,D,0,,,,,Y,,D,22,0,1,0,0,0,0,0,0,0,"- ","- ",35.15793,-120.67204,"SAN LUIS OBISPO","PISMO BEACH",-120.67206689,35.157861490000002
90011691,2015,2015-10-19,9745,2015-08-25,1730,014996,,2,2,9,4000,0,2,4,,1,051,"LOS BERROS RD","US 101 OFF RAMP TO LOS BERROS ROAD",0.00,,Y,A,-,Y,,,,,,,,,,Y,4,0,2,2,A,-,09,21802,A,N,D,C,A,A,H,-,A,A,0,,,,,Y,,A,01,0,0,2,0,0,0,0,0,0,"- ","- ",35.071890000000003,-120.51792,"SAN LUIS OBISPO",UNINCORPORATED,,
9001269,2019,2020-01-23,4006,2019-11-13,1946,66493,,3,5,4,4006,0,0,0,,0,,CALIFORNIA,TAFT,0.00,,Y,A,-,N,,,,,,,,,,Y,4,0,2,2,A,-,09,21802,A,N,D,C,A,A,H,-,C,A,0,,,,,Y,,A,01,0,0,2,0,0,0,0,0,0,"- ","- ",35.290958404541016,-120.66030883789062,"SAN LUIS OBISPO","SAN LUIS OBISPO",-120.66030120849609,35.290901184082031
9001273,2019,2020-01-23,4006,2019-11-05,1637,62657,,2,5,4,4006,0,0,0,,0,,PISMO,"SANTA ROSA",7.00,W,N,A,-,N,,,,,,,,,,N,3,0,1,2,A,-,10,21950,A,N,G,B,B,A,A,-,A,A,0,Y,,,,Y,,A,01,0,1,0,0,1,0,0,0,0,"- ","- ",35.279621124267578,-120.65744018554688,"SAN LUIS OBISPO","SAN LUIS OBISPO",-120.65744018554688,35.279659271240234
90012833,2015,2017-08-30,9740,2015-07-16,1013,015644,,4,1,9,4000,0,1,3,,2,011,"SR-46 W/B","VINEYARD DRIVE",75.00,E,N,A,-,Y,,,46,,,,,,W,Y,1,1,1,3,A,-,03,22350,,N,D,C,A,A,H,-,A,D,0,,,Y,Y,Y,,C,02,1,0,0,0,0,0,0,1,1,"- ","- ",35.5535,-120.7612,"SAN LUIS OBISPO",UNINCORPORATED,-120.7612147,35.55352834
90014035,2015,2015-10-19,9740,2015-08-28,1805,017791,,5,2,9,4000,0,3,5,,2,022,"ARBOR ROAD","LIVE OAK ROAD",1100.00,N,N,A,-,N,,,,,,,,,,Y,4,0,1,1,A,-,01,23152,A,N,F,A,A,A,G,-,A,D,0,,,,,Y,Y,A,07,0,0,1,0,0,0,0,0,0,"- ","- ",35.591259999999998,-120.71263999999999,"SAN LUIS OBISPO",UNINCORPORATED,-120.71277938,35.591119749999997
90015156,2015,2015-10-19,9740,2015-08-24,1508,011615,,1,2,9,4000,0,1,3,,1,015,SR-1,"SAN CARPOFORO CREK",14784.00,N,N,A,-,Y,,,1,,,,,,,N,2,0,1,1,A,-,08,22107,,N,F,A,A,A,H,-,A,D,0,,,Y,,Y,,C,02,1,0,0,0,0,0,0,0,1,"- ","- ",35.794899999999998,-121.34417000000001,"SAN LUIS OBISPO",UNINCORPORATED,-121.34416928,35.794866079999998
90015721,2015,2015-10-19,9745,2015-09-01,1645,020229,,2,2,4,4006,0,1,2,,2,202,"US-101 N/B FROM MARSH AVE.","HIGUERA ST",141.00,N,N,A,-,Y,,,101,,,,R,,N,N,4,0,1,2,A,-,03,22350,,N,C,C,A,A,H,-,A,D,0,,,,,Y,,A,01,0,0,1,0,0,0,0,0,0,"- ","- ",35.274149999999999,-120.67071,"SAN LUIS OBISPO","SAN LUIS OBISPO",-120.67071,35.274149999999999
90017567,2015,2015-10-19,9740,2015-09-09,1153,015644,,3,1,3,4004,0,1,2,,2,003,"US-101 SOUTHBOUND","STATE ROUTE 46W",81.00,N,N,A,-,Y,,,101,,,,,,S,Y,4,0,1,1,A,-,08,22107,,N,B,I,A,A,H,-,A,D,0,,,,,Y,,A,01,0,0,1,0,0,0,0,0,0,"- ","- ",35.589840000000002,-120.69556,"SAN LUIS OBISPO","PASO ROBLES",-120.69562031,35.589846739999999
90017698,2015,2015-10-19,9745,2015-09-12,1145,020229,,6,1,9,4000,0,3,5,,2,004,"SR-1 (MESA VIEW DR)","GRACIA WAY",528.00,S,N,A,-,Y,,,1,,,,,,,Y,3,0,1,1,A,-,08,22107,,N,F,A,A,A,H,-,A,D,0,,,Y,,Y,,C,02,0,1,0,0,0,0,0,0,1,"- ","- ",35.092199999999998,-120.5823,"SAN LUIS OBISPO",UNINCORPORATED,-120.58236579,35.092195850000003
90018198,2015,2015-10-19,9740,2015-09-01,0547,013733,,2,3,3,4004,0,3,5,,2,017,"RAMADA DRIVE","CALLE PROPANO",27.00,S,N,A,-,Y,,,,,,,,,,Y,3,0,1,1,A,-,01,23152,F,N,E,I,A,A,H,-,D,D,0,,,,,Y,Y,A,01,0,1,0,0,0,0,0,0,0,"- ","- ",35.588000000000001,-120.69499999999999,"SAN LUIS OBISPO","PASO ROBLES",-120.69499795999999,35.588469439999997
90018820,2015,2015-10-19,9745,2015-09-17,0735,013531,,4,1,9,4000,0,2,4,,1,052,"THOMPSON ROAD","WILLOW ROAD",0.00,,Y,A,-,N,,,,,,,,,,Y,4,0,2,2,A,-,09,21801,A,N,A,C,A,A,H,-,A,D,0,,,,,Y,,D,22,0,0,2,0,0,0,0,0,0,"- ","- ",35.059539999999998,-120.49406999999999,"SAN LUIS OBISPO",UNINCORPORATED,-120.49407999,35.059480100000002
90019046,2015,2015-10-19,9745,2015-09-17,1305,014996,,4,1,9,4000,0,3,5,,2,004,"EL CAMPO RD","HEIDI PL",90.00,N,N,A,-,N,,,,,,,,,,N,4,0,1,1,A,-,08,22107,,N,E,I,A,A,H,-,A,D,0,,,,,Y,,A,01,0,0,1,0,0,0,0,0,0,"- ","- ",35.084159999999997,-120.56544,"SAN LUIS OBISPO",UNINCORPORATED,-120.56550708,35.084295750000003
90019919,2015,2015-10-29,9740,2015-09-12,0201,018323,,6,3,9,4000,0,1,2,,2,004,"US-101 NORTHBOUND","MISSION STREET",528.00,S,N,A,-,Y,,,101,,,,,,N,Y,3,0,1,2,A,-,08,22107,,N,F,A,A,A,H,-,D,D,0,,,,,Y,,A,01,0,1,0,0,0,0,0,0,0,"- ","- ",35.735680000000002,-120.70114,"SAN LUIS OBISPO",UNINCORPORATED,-120.7011974,35.735696539999999
90020015,2015,2015-10-19,9740,2015-09-14,0930,014662,,1,1,9,4000,0,3,5,,2,022,"5110 PEACHY CANYON RD","PEACHY CANYON RD",1584.00,N,N,B,-,N,,,,,,,,,,Y,1,1,0,1,B,-,22,,,N,F,A,A,A,H,-,A,D,0,,,Y,,Y,,-,"- ",0,0,0,0,0,0,0,1,0,"- ","- ",35.627499999999998,-120.7942,"SAN LUIS OBISPO",UNINCORPORATED,,
90020172,2015,2015-10-19,9745,2015-09-20,1410,015716,,7,2,2,4005,0,1,2,,2,404,"US-101 SOUTHBOUND","MATTIE ROAD U/C",3168.00,N,N,A,-,Y,,,101,,,,,,S,N,4,0,1,3,A,-,03,22350,,N,C,C,A,A,H,-,A,D,0,,,,,Y,,A,01,0,0,1,0,0,0,0,0,0,"- ","- ",35.15484,-120.66417,"SAN LUIS OBISPO","PISMO BEACH",-120.66419517999999,35.15477619
90020223,2015,2015-10-19,9740,2015-09-20,0840,014543,,7,1,9,4000,0,1,3,,2,010,"MAIN ST.","VINEYARD DR",45.00,N,N,A,-,N,,,,,,,,,,Y,4,0,1,1,A,-,03,22350,,N,F,I,A,A,B,-,A,A,0,,,Y,,Y,,C,02,0,0,1,0,0,0,0,0,1,"- ","- ",35.542999999999999,-120.709,"SAN LUIS OBISPO",UNINCORPORATED,-120.70971736,35.543872499999999
90020755,2015,2015-10-19,9745,2015-09-23,0750,013206,9745,3,1,2,4005,0,1,2,,2,404,"US-101 NORTHBOUND","MATTIE RD",10.00,N,N,A,-,Y,,,101,,,,,,N,Y,4,0,1,1,A,-,08,22107,,N,E,I,A,A,H,-,A,D,0,,,,,Y,,A,01,0,0,1,0,0,0,0,0,0,"- ","- ",35.151069999999997,-120.65461000000001,"SAN LUIS OBISPO","PISMO BEACH",-120.65460868,35.151074479999998
9002101,2019,2020-01-03,4006,2019-11-26,1610,62657,,2,5,4,4006,0,0,0,,0,,"SANTA ROSA",FOOTHILL,0.00,,Y,A,-,N,,,,,,,,,,Y,3,0,1,3,A,-,02,22400,A,N,C,C,A,A,H,-,A,A,0,,,,,Y,,A,01,0,1,0,0,0,0,0,0,0,"- ","- ",34.294139862060547,-120.6680908203125,"SAN LUIS OBISPO","SAN LUIS OBISPO",-120.66806030273438,35.294071197509766
90022850,2015,2015-12-16,9740,2015-09-24,1145,013417,,4,1,9,4000,0,3,5,,2,017,"SANTA BARBARA RD","ALONDRA RD",0.00,,Y,A,-,N,,,,,,,,,,Y,3,0,2,2,A,-,09,21801,A,N,A,C,A,A,H,-,A,A,0,,,,,Y,,A,07,0,1,1,0,0,0,0,0,0,"- ","- ",35.449399999999997,-120.62737,"SAN LUIS OBISPO",UNINCORPORATED,-120.62733999,35.449300110000003
90023673,2015,2015-10-19,9740,2015-09-17,1055,013733,,4,1,9,4000,0,1,2,,2,004,"U.S. 101","SAN RAMON RD",2640.00,N,N,A,-,Y,,,,,,,,,,Y,4,0,1,1,A,-,01,23152,F,N,E,I,A,A,H,-,A,D,0,,,,,Y,Y,A,07,0,0,1,0,0,0,0,0,0,"- ","- ",35.530880000000003,-120.70902,"SAN LUIS OBISPO",UNINCORPORATED,-120.70998047,35.53225174
90024365,2015,2015-10-19,9740,2015-09-19,1500,014691,,6,2,9,4000,0,1,3,,2,008,SR-46,"BITTERWATER ROAD",5280.00,E,N,A,-,Y,,,46,,,,,,,Y,3,0,2,3,A,-,03,22350,,N,C,C,A,A,H,-,A,D,0,,,,,Y,,A,01,0,2,0,0,0,0,0,0,0,"- ","- ",35.721899999999998,-120.29770000000001,"SAN LUIS OBISPO",UNINCORPORATED,-120.29764872,35.721867269999997
90024528,2015,2015-10-19,9745,2015-09-27,0825,013212,,7,1,9,4000,0,1,2,,2,303,"US-101 NORTHBOUND TO AVILA BEACH DR.","AVILA BEACH DRIVE",0.00,,Y,A,-,Y,,,101,,,,R,,N,Y,4,0,2,2,A,-,09,21802,A,N,D,C,A,A,H,-,A,A,0,,,,,Y,,A,01,0,0,2,0,0,0,0,0,0,"- ","- ",35.179789999999997,-120.69889000000001,"SAN LUIS OBISPO",UNINCORPORATED,-120.69889000000001,35.179789999999997
90026788,2015,2015-10-19,9740,2015-09-24,0750,013417,,4,1,9,4000,0,3,5,,2,021,"LAS TABLAS RD","BENNETT WAY",0.00,,Y,A,-,N,,,,,,,,,,Y,3,0,1,2,A,-,17,21451,A,N,D,C,A,A,H,-,A,A,0,,,,,Y,,A,07,0,1,0,0,0,0,0,0,0,"- ","- ",35.55415,-120.71432,"SAN LUIS OBISPO",UNINCORPORATED,-120.71423994,35.554390099999999
90026972,2015,2015-10-19,9740,2015-09-26,0945,013984,,6,1,9,4000,0,1,3,,2,008,"SR 46 EAST","CENTER ST",0.00,,Y,A,-,Y,,,46,,,,,,,Y,2,0,2,2,A,-,12,22450,A,N,D,D,A,A,D,H,A,A,0,,,,,Y,,A,01,1,1,0,0,0,0,0,0,0,"- ","- ",35.662089999999999,-120.41414,"SAN LUIS OBISPO",UNINCORPORATED,-120.41413358,35.661406479999997
90027038,2015,2015-10-19,9745,2015-09-28,1937,020228,,1,2,9,4000,0,3,5,,2,005,"S. FRONTAGE ROAD","TEFFT STREET",230.00,S,N,A,-,N,,,,,,,,,,N,3,0,1,2,A,-,08,22107,,M,G,B,E,A,H,-,D,D,0,Y,,,,Y,,A,07,0,1,0,0,1,0,0,0,0,"- ","- ",35.03604,-120.48462000000001,"SAN LUIS OBISPO",UNINCORPORATED,-120.48466713000001,35.036088569999997
90028470,2015,2015-10-19,9745,2015-10-07,1320,013531,,3,1,9,4000,0,2,4,,1,055,"TEFFT STREET","MARY AVE",50.00,W,N,A,-,N,,,,,,,,,,N,4,0,1,2,A,-,03,22350,,N,C,C,A,A,H,-,A,D,0,,,,,Y,,A,07,0,0,1,0,0,0,0,0,0,"- ","- ",35.035550000000001,-120.48679,"SAN LUIS OBISPO",UNINCORPORATED,-120.48676836999999,35.035663130000003
90028894,2015,2015-10-19,9745,2015-10-05,1225,017930,,1,1,9,4000,0,2,4,,1,046,"PRICE CANYON RD",SR-227,0.00,,Y,A,-,Y,,,,,,,,,,N,4,0,1,2,A,-,03,22350,,N,C,C,A,A,H,-,A,A,0,,,,,Y,,E,22,0,0,1,0,0,0,0,0,0,"- ","- ",35.200589999999998,-120.60897,"SAN LUIS OBISPO",UNINCORPORATED,-120.60887996,35.200690039999998
90029589,2015,2016-03-28,9740,2015-10-04,0910,014543,,7,1,9,4000,0,1,2,,2,003,"US-101 NORTHBOUND","SAN RAMON RD. OVERCROSSSING",410.00,S,N,B,-,Y,,,101,,,,,,N,Y,4,0,5,2,A,-,03,22350,,N,A,C,A,B,H,-,A,A,0,,,,,Y,,D,22,0,0,5,0,0,0,0,0,0,"- ","- ",35.526560000000003,-120.70421,"SAN LUIS OBISPO",UNINCORPORATED,-120.70438759,35.526482700000003
90032348,2015,2015-10-19,9740,2015-10-01,0755,013733,,4,1,3,4004,0,1,2,,2,003,"U.S. 101 N/B TO SR-46 EAST","SR-46 EAST",375.00,S,N,B,-,Y,,,,,,,,,,Y,3,0,2,2,A,-,03,22350,,N,C,C,A,B,H,-,A,A,0,,,,,Y,,D,22,0,1,1,0,0,0,0,0,0,"- ","- ",35.641640000000002,-120.68424,"SAN LUIS OBISPO","PASO ROBLES",-120.6956007,35.588326389999999
90033825,2015,2015-10-19,9745,2015-10-13,1417,015716,,2,2,9,4000,0,1,2,,2,505,"US-101 NORTHBOUND","LAETITIA VINEYARD DRIVE",0.00,,Y,A,-,Y,,,101,,,,,,N,Y,3,0,1,2,A,-,09,21802,A,N,D,C,A,A,H,-,A,D,0,,,,,Y,,A,01,0,1,0,0,0,0,0,0,0,"- ","- ",35.089480000000002,-120.53742,"SAN LUIS OBISPO",UNINCORPORATED,-120.53743612,35.089454770000003
90034509,2015,2015-10-29,9740,2015-09-04,1255,013984,,5,1,9,4000,0,1,3,,2,011,"SR 46 WEST","BOOKER ROAD",1760.00,E,N,A,-,Y,,,46,,,,,,,Y,4,0,1,1,A,-,08,22107,,N,E,I,A,A,H,-,A,D,0,,,,,Y,,D,22,0,0,1,0,0,0,0,0,0,"- ","- ",35.568449999999999,-120.74195,"SAN LUIS OBISPO",UNINCORPORATED,-120.74190627999999,35.568382020000001
90034602,2015,2015-10-20,9745,2015-10-18,1615,017930,,7,2,9,4000,0,1,2,,2,404,"US-101 SOUTHBOUND","PRICE ST",3960.00,N,N,A,-,Y,,,,,,,,,,Y,3,0,3,2,A,-,03,22350,,N,C,C,A,A,H,-,A,D,0,,,,,Y,,D,22,0,2,1,0,0,0,0,0,0,"- ","- ",35.354570000000002,-120.78449999999999,"SAN LUIS OBISPO",UNINCORPORATED,,
90034939,2015,2015-10-20,9750,2015-10-09,1834,015915,,5,2,9,4000,0,1,2,,2,111,"US-101 N/B (EL CAMINO REAL)","SR-135 (BROADWAY)",2112.00,N,N,A,-,Y,,,101,,,,,,N,Y,4,0,1,2,A,-,07,21658,A,M,B,C,A,A,H,-,A,D,0,,,,Y,Y,,G,25,0,0,1,0,0,0,0,0,0,"- ","- ",34.987000000000002,-120.43311,"SAN LUIS OBISPO",UNINCORPORATED,-120.43320593999999,34.986985560000001
90041139,2015,2015-10-29,9745,2015-10-23,0724,013937,,5,1,2,4005,0,1,2,,2,404,"US-101 NORTHBOUND","WADSWORTH AVE",25.00,N,N,B,-,Y,,,101,,,,,,N,Y,4,0,1,4,A,-,03,22350,,N,C,C,A,A,H,-,A,D,0,,,,,Y,,A,07,0,0,1,0,0,0,0,0,0,"- ","- ",35.144480000000001,-120.64185000000001,"SAN LUIS OBISPO","PISMO BEACH",-120.64186916,35.144459050000002
90043445,2015,2015-11-03,9745,2015-10-29,1502,020228,,4,2,9,4000,0,3,5,,2,004,"PRINTZ RD","RED ROCK RD",5.00,N,N,A,-,N,,,,,,,,,,Y,4,0,1,2,A,-,01,23152,A,N,H,C,A,A,H,-,A,D,0,,,,,Y,Y,A,01,0,0,1,0,0,0,0,0,0,"- ","- ",35.145020000000002,-120.58389,"SAN LUIS OBISPO",UNINCORPORATED,-120.58381797,35.144952070000002
90045164,2015,2015-11-05,9745,2015-10-19,1700,020689,,1,2,9,4000,0,2,4,,1,052,"THOMPSON RD","WINEMAN RD",1584.00,N,N,A,-,N,,,,,,,,,,Y,2,0,4,1,C,-,18,,,N,F,A,A,A,H,-,A,D,0,,,,,Y,,-,"- ",2,2,0,0,0,0,0,0,0,"- ","- ",35.002519999999997,-120.43481,"SAN LUIS OBISPO",UNINCORPORATED,-120.43838357,35.002544640000004
90045429,2015,2015-11-05,9745,2015-11-01,1950,020144,,7,2,9,4000,0,3,5,,2,003,"SAN LUIS BAY DR","AVILA VALLEY DR",750.00,E,N,A,-,N,,,,,,,,,,N,3,0,1,1,A,-,08,22107,,N,E,I,A,A,H,-,D,D,0,,,,,Y,,A,07,0,1,0,0,0,0,0,0,0,"- ","- ",35.194960000000002,-120.71046,"SAN LUIS OBISPO",UNINCORPORATED,-120.71060242999999,35.194898049999999
90047411,2015,2015-11-09,9745,2015-11-03,1745,014996,,2,2,9,4000,0,1,3,,1,032,"SR-227 SOUTHBOUND","BUCKLEY RD",1056.00,N,N,A,-,Y,,,227,,,,,,S,Y,4,0,1,3,A,-,01,23152,A,M,C,C,A,A,H,-,A,D,0,,,,,Y,Y,A,01,0,0,1,0,0,0,0,0,0,"- ","- ",35.234110000000001,-120.63177,"SAN LUIS OBISPO",UNINCORPORATED,-120.63181705,35.23407117
90048566,2015,2015-11-11,9745,2015-10-06,2030,020229,,2,2,9,4000,0,2,4,,1,025,"LOS OSOS VALLEY RD","ALEXANDER AVE",222.00,W,N,A,-,N,,,,,,,,,,N,1,1,0,2,A,-,11,21954,A,N,G,B,D,A,H,-,D,D,0,Y,,,,Y,Y,N,60,0,0,0,1,0,0,0,0,0,"- ","- ",35.312640000000002,-120.84577,"SAN LUIS OBISPO",UNINCORPORATED,-120.84626369999999,35.312617709999998
90048693,2015,2015-11-11,9740,2015-11-02,1925,014691,,1,2,3,4004,0,1,2,,2,003,"US-101 SOUTHBOUND","NIBLICK ROAD",2640.00,S,N,B,-,Y,,,101,,,,,,S,Y,4,0,1,2,A,-,08,22107,,N,E,I,A,B,H,-,D,D,0,,,,,Y,,A,01,0,0,1,0,0,0,0,0,0,"- ","- ",35.608499999999999,-120.69217,"SAN LUIS OBISPO","PASO ROBLES",-120.69210861000001,35.608486810000002
90049953,2015,2015-11-12,9745,2015-10-31,0330,017238,,6,3,9,4000,0,1,3,,1,041,"SR-1 SOUTHBOUND","CALENDAR ROAD",1584.00,N,N,A,-,Y,,,,,,,,,,Y,2,0,1,1,A,-,08,22107,,N,E,I,A,A,H,-,C,D,0,,,,,Y,,A,01,1,0,0,0,0,0,0,0,0,"- ","- ",35.00112,-120.53259,"SAN LUIS OBISPO",UNINCORPORATED,,
90050499,2015,2015-11-13,9745,2015-11-09,1730,015144,,1,2,9,4000,0,1,2,,2,303,"US-101 SOUTHBOUND","HIGUERA ST",1584.00,S,N,B,C,Y,,,101,,,,,,S,Y,4,0,1,3,A,-,03,22350,,N,C,C,A,B,H,-,D,D,0,,,,,Y,,D,22,0,0,1,0,0,0,0,0,0,"- ","- ",35.218179999999997,-120.69476,"SAN LUIS OBISPO",UNINCORPORATED,-120.69472647000001,35.218152850000003
90051777,2015,2015-11-16,9745,2015-11-01,0750,017238,,7,1,9,4000,0,1,2,,2,505,"US-101 SOUTHBOUND","TEFFT STREET",5280.00,S,N,A,-,Y,,,101,,,,,,S,Y,2,0,1,2,A,-,08,22107,,N,C,C,A,A,H,-,A,D,0,,,Y,,Y,,A,07,1,0,0,0,0,0,0,0,1,"- ","- ",35.016579999999998,-120.46284,"SAN LUIS OBISPO",UNINCORPORATED,-120.46283622999999,35.016584090000002
90052465,2015,2015-11-17,9745,2015-11-13,1740,020689,,5,2,9,4000,0,1,2,,2,303,"US-101 SOUTHBOUND","AVILA BEACH DRIVE",100.00,N,N,A,-,Y,,,101,,,,,,S,Y,4,0,1,2,A,-,03,22350,,N,D,C,A,A,H,-,D,D,0,,,,,Y,,A,01,0,0,1,0,0,0,0,0,0,"- ","- ",35.179519999999997,-120.69923,"SAN LUIS OBISPO",UNINCORPORATED,-120.69929801000001,35.179460740000003
90052497,2015,2015-11-17,9745,2015-11-12,0540,013937,,4,3,4,4006,0,1,2,,1,101,"US-101 SOUTHBOUND","STAGECOACH RD",2640.00,N,N,A,-,Y,,,,,,,,,,N,4,0,2,2,A,-,03,22350,,N,B,C,A,A,H,-,D,D,0,,,,Y,Y,,F,26,0,0,2,0,0,0,0,0,0,"- ","- ",35.32734,-120.62032000000001,"SAN LUIS OBISPO","SAN LUIS OBISPO",,
90052558,2015,2015-11-17,9745,2015-10-16,1615,017968,,5,2,4,4006,0,1,2,,2,202,"US-101 N/B","MARSH STREET",528.00,N,N,A,-,Y,,,101,,,,,,N,N,4,0,1,2,A,-,03,22350,,N,C,C,A,A,H,-,A,D,0,,,,,Y,,A,07,0,0,1,0,0,0,0,0,0,"- ","- ",35.277590000000004,-120.67019000000001,"SAN LUIS OBISPO","SAN LUIS OBISPO",-120.67024028,35.277608139999998
90052763,2015,2015-11-17,9745,2015-11-15,0755,013212,,7,1,4,4006,0,1,2,,2,202,"US-101 SOUTHBOUND","GRAND AVE",315.00,S,N,B,C,Y,,,101,,,,,,S,Y,4,0,1,1,A,-,03,22350,,N,F,A,A,B,H,-,A,D,0,,,,,Y,,D,22,0,0,1,0,0,0,0,0,0,"- ","- ",35.29204,-120.65424,"SAN LUIS OBISPO","SAN LUIS OBISPO",-120.6542405,35.291970139999997
9005310,2019,2020-02-06,4001,2019-11-22,1035,P0106,463,5,5,3,4001,0,0,0,,0,OPERAT,"S HALCYON RD","DODSON WY",329.00,N,N,A,-,N,,,,,,,,,,N,4,0,1,2,A,-,09,21804,,N,D,C,A,A,H,-,A,D,0,,,,,Y,,A,01,0,0,1,0,0,0,0,0,0,"- ","- ",,,"SAN LUIS OBISPO","ARROYO GRANDE",-120.59159088134766,35.116413116455078
90053528,2015,2015-11-18,9745,2015-11-13,1745,014996,,5,2,3,4001,0,1,2,,2,402,"US-101 SOUTHBOUND","FAIR OAKS AVE",400.00,N,N,A,-,Y,,,,,,,,,,N,4,0,1,2,A,-,03,22350,,M,C,C,A,A,H,-,C,D,0,,,,,Y,,A,01,0,0,1,0,0,0,0,0,0,"- ","- ",35.119259999999997,-120.75885,"SAN LUIS OBISPO","ARROYO GRANDE",-120.57908856,35.119517790000003
90054681,2015,2015-11-19,9740,2015-11-08,1910,017791,,7,2,9,4000,0,1,2,,2,002,"U.S. 101 NORTHBOUND","VINEYARD DRIVE",200.00,N,N,B,-,Y,,,,,,,,,,N,2,0,1,2,A,-,11,21954,A,N,G,B,E,A,H,-,C,D,0,Y,,,,Y,,N,60,1,0,0,0,1,0,0,0,0,"- ","- ",35.544330000000002,-120.71464,"SAN LUIS OBISPO",UNINCORPORATED,-120.71458157000001,35.544254080000002
90056238,2015,2015-11-20,9745,2015-11-18,1050,012876,,3,1,9,4000,0,1,3,,2,023,"SR-1 SOUTHBOUND","KANSAS AVE",150.00,N,N,A,-,Y,,,1,,,,,,S,N,3,0,2,2,A,-,04,21703,,N,C,C,A,A,H,-,A,A,0,,,,,Y,,A,01,0,1,1,0,0,0,0,0,0,"- ","- ",35.320459999999997,-120.71701,"SAN LUIS OBISPO",UNINCORPORATED,-120.71676780999999,35.321086379999997