CASE_ID,ACCIDENT_YEAR,PROC_DATE,JURIS,COLLISION_DATE,COLLISION_TIME,OFFICER_ID,REPORTING_DISTRICT,DAY_OF_WEEK,CHP_SHIFT,POPULATION,CNTY_CITY_LOC,SPECIAL_COND,BEAT_TYPE,CHP_BEAT_TYPE,CITY_DIVISION_LAPD,CHP_BEAT_CLASS,BEAT_NUMBER,PRIMARY_RD,SECONDARY_RD,DISTANCE,DIRECTION,INTERSECTION,WEATHER_1,WEATHER_2,STATE_HWY_IND,CALTRANS_COUNTY,CALTRANS_DISTRICT,STATE_ROUTE,ROUTE_SUFFIX,POSTMILE_PREFIX,POSTMILE,LOCATION_TYPE,RAMP_INTERSECTION,SIDE_OF_HWY,TOW_AWAY,COLLISION_SEVERITY,NUMBER_KILLED,NUMBER_INJURED,PARTY_COUNT,PRIMARY_COLL_FACTOR,PCF_CODE_OF_VIOL,PCF_VIOL_CATEGORY,PCF_VIOLATION,PCF_VIOL_SUBSECTION,HIT_AND_RUN,TYPE_OF_COLLISION,MVIW,PED_ACTION,ROAD_SURFACE,ROAD_COND_1,ROAD_COND_2,LIGHTING,CONTROL_DEVICE,CHP_ROAD_TYPE,PEDESTRIAN_ACCIDENT,BICYCLE_ACCIDENT,MOTORCYCLE_ACCIDENT,TRUCK_ACCIDENT,NOT_PRIVATE_PROPERTY,ALCOHOL_INVOLVED,STWD_VEHTYPE_AT_FAULT,CHP_VEHTYPE_AT_FAULT,COUNT_SEVERE_INJ,COUNT_VISIBLE_INJ,COUNT_COMPLAINT_PAIN,COUNT_PED_KILLED,COUNT_PED_INJURED,COUNT_BICYCLIST_KILLED,COUNT_BICYCLIST_INJURED,COUNT_MC_KILLED,COUNT_MC_INJURED,PRIMARY_RAMP,SECONDARY_RAMP,LATITUDE,LONGITUDE,COUNTY,CITY,POINT_X,POINT_Y
90056820,2015,2015-11-23,9740,2015-11-10,1440,014691,,2,2,9,4000,0,1,3,,2,008,SR-46,"GENESEO ROAD",2112.00,E,N,A,-,Y,,,46,,,,,,,Y,2,0,2,1,C,-,18,,,N,F,A,A,A,H,-,A,D,0,,,Y,,Y,,-,"- ",1,1,0,0,0,0,0,0,2,"- ","- ",35.659309999999998,-120.55244999999999,"SAN LUIS OBISPO",UNINCORPORATED,-120.5524501,35.65951604
90056831,2015,2015-11-23,9740,2015-11-13,1450,017791,,5,2,3,4004,0,1,2,,2,003,"U.S. 101 SOUTHBOUND","NIBLICK RD",1056.00,S,N,A,-,Y,,,,,,,,,,Y,3,0,2,3,A,-,03,22350,,N,C,C,A,A,H,-,A,D,0,,,,,Y,,D,22,0,1,1,0,0,0,0,0,0,"- ","- ",35.610669999999999,-120.69168999999999,"SAN LUIS OBISPO","PASO ROBLES",-120.69058552,35.612703099999997
90057869,2015,2015-11-23,9745,2015-11-20,0220,016068,,5,3,9,4000,0,3,5,,2,004,"NOYES ROAD","PRINTZ RD",0.00,,Y,A,-,N,,,,,,,,,,Y,4,0,1,1,A,-,01,23152,A,N,E,I,A,A,H,-,D,A,0,,,,,Y,Y,A,07,0,0,1,0,0,0,0,0,0,"- ","- ",35.148380000000003,-120.58901,"SAN LUIS OBISPO",UNINCORPORATED,-120.58895995,35.148360080000003
90058589,2015,2015-11-24,9740,2015-11-13,2500,013984,,5,4,9,4000,0,1,2,,2,003,"RT 101","SR 46 EAST",1056.00,S,N,A,-,Y,,,,,,,,,,Y,2,0,1,1,A,-,01,23152,E,N,E,I,A,A,H,-,D,D,0,,,,,Y,,A,01,1,0,0,0,0,0,0,0,0,"- ","- ",35.638829999999999,-120.68382,"SAN LUIS OBISPO",UNINCORPORATED,,
90058872,2015,2015-11-24,9745,2015-11-18,0755,013212,,3,1,2,4005,0,1,2,,2,404,"US-101 NORTHBOUND","FRADY LN",850.00,N,N,A,-,N,,,101,,,,,,N,Y,4,0,1,4,A,-,03,22350,,N,C,C,A,A,H,-,A,D,0,,,,,Y,,A,07,0,0,1,0,0,0,0,0,0,"- ","- ",35.139069999999997,-120.63511,"SAN LUIS OBISPO","PISMO BEACH",-120.63503858999999,35.13933085
90059404,2015,2015-11-25,9740,2015-11-18,1810,014622,,3,2,4,4008,0,1,2,,2,001,"US-101 NORTHBOUND","SANTA ROSA ROAD",4224.00,S,N,A,-,Y,,,101,,,,,,N,N,4,0,1,2,A,-,03,22350,,N,C,C,A,A,H,-,D,D,0,,,,,Y,,D,22,0,0,1,0,0,0,0,0,0,"- ","- ",35.456539999999997,-120.64375,"SAN LUIS OBISPO",ATASCADERO,-120.64381423,35.456489849999997
90059769,2015,2015-11-25,9745,2015-11-22,1410,017930,,7,2,9,4000,0,2,4,,1,055,"TEFFT STREET","FRONTAGE RD",30.00,E,N,A,-,N,,,,,,,,,,N,4,0,2,4,A,-,03,22350,,N,C,C,A,A,H,-,A,D,0,,,,,Y,,A,01,0,0,2,0,0,0,0,0,0,"- ","- ",35.036630000000002,-120.48537,"SAN LUIS OBISPO",UNINCORPORATED,-120.48516698,35.036546119999997
90061421,2015,2015-11-30,9745,2015-11-28,1235,020229,,6,1,2,4005,0,1,2,,2,404,"US-101 NORTHBOUND","HINDS AVE",150.00,N,N,A,-,Y,,,101,,,,,,N,Y,3,0,1,2,A,-,01,23152,A,N,C,C,A,A,H,-,A,D,0,,,,,Y,Y,A,01,0,1,0,0,0,0,0,0,0,"- ","- ",35.142060000000001,-120.63924,"SAN LUIS OBISPO","PISMO BEACH",-120.63923602,35.142064589999997
90062945,2015,2015-12-01,9750,2015-11-25,1715,012697,,3,2,9,4000,0,1,3,,1,066,"SR-166 W/B","SR-33 HWY",300.00,E,N,A,-,Y,,,,,,,,,,Y,3,0,2,2,A,-,03,22350,,N,C,C,A,A,H,-,A,D,0,,,,,Y,,D,22,0,1,1,0,0,0,0,0,0,"- ","- ",34.936329999999998,-119.51166000000001,"SAN LUIS OBISPO",UNINCORPORATED,-119.5110256,34.936377350000001
90065666,2015,2015-12-04,9745,2015-11-27,1135,020144,,5,1,2,4005,0,1,2,,2,404,"US-101 NORTHBOUND","SPYGLASS DR",3696.00,N,N,A,-,Y,,,101,,,,,,N,Y,3,0,2,2,A,-,08,22107,,N,B,C,A,A,H,-,A,D,0,,,,,Y,,A,01,0,1,1,0,0,0,0,0,0,"- ","- ",35.172350000000002,-120.69467,"SAN LUIS OBISPO","PISMO BEACH",-120.69466147999999,35.172358610000003
90066927,2015,2015-12-07,9740,2015-11-23,1245,015167,,1,1,9,4000,0,1,3,,2,005,"STATE ROUTE 58","CALF CANYON ROAD",3168.00,W,N,A,-,Y,,,58,,,,,,,Y,2,0,2,2,A,-,03,22350,,N,D,C,A,A,H,-,A,D,0,,,Y,,Y,,C,02,1,0,1,0,0,0,0,0,1,"- ","- ",35.391240000000003,-120.5926,"SAN LUIS OBISPO",UNINCORPORATED,-120.59260320999999,35.391205599999999
90067712,2015,2015-12-08,9740,2015-11-23,2110,013246,,1,2,9,4000,0,3,5,,2,017,"MAIN ST.","ABBY RD",93.00,N,N,A,-,N,,,,,,,,,,Y,3,0,1,1,A,-,00,23123,,N,E,I,A,A,H,-,C,D,0,,,,,Y,,A,07,0,1,0,0,0,0,0,0,0,"- ","- ",35.557000000000002,-120.7011,"SAN LUIS OBISPO",UNINCORPORATED,-120.70121928,35.557004200000002
90068745,2015,2015-12-09,9740,2015-11-29,1730,016089,,7,2,3,4004,0,1,2,,2,003,"US-101 SOUTHBOUND","S SPRING STREET",200.00,S,N,A,-,Y,,,101,,,,,,S,Y,4,0,2,3,A,-,03,22350,,N,C,C,A,A,H,-,C,D,0,,,,,Y,,A,01,0,0,2,0,0,0,0,0,0,"- ","- ",35.60877,-120.69203,"SAN LUIS OBISPO","PASO ROBLES",-120.69204698999999,35.608773650000003
90072538,2015,2015-12-17,9745,2015-12-07,1012,015734,,1,1,4,4006,0,1,2,,2,202,"US-101 NORTHBOUND TO LOS OSOS VALLEY RD","LOS OSOS VALLEY RD",221.00,S,N,A,-,Y,,,101,,,,R,,N,Y,4,0,1,2,A,-,03,22350,,N,C,C,A,A,H,-,A,D,0,,,,,Y,,A,01,0,0,1,0,0,0,0,0,0,"- ","- ",35.24286,-120.68208,"SAN LUIS OBISPO","SAN LUIS OBISPO",-120.68208,35.24286
90072819,2015,2015-12-14,9745,2015-12-10,0625,017144,,4,1,9,4000,0,1,2,,2,303,"US-101 SOUTHBOUND","SAN LUIS BAY DR",2640.00,N,N,B,-,Y,,,101,,,,,,S,Y,4,0,1,1,A,-,08,22107,,N,E,I,A,A,H,-,D,D,0,,,,,Y,,A,01,0,0,1,0,0,0,0,0,0,"- ","- ",35.201479999999997,-120.69758,"SAN LUIS OBISPO",UNINCORPORATED,-120.69758306,35.201481080000001
9007508,2019,2020-07-13,4004,2019-12-09,0508,1351,,1,5,3,4004,0,0,0,,0,,"RT 46","RT 101",0.00,,Y,A,-,Y,SLO,5,46,-,-,21.940,H,-,E,Y,4,0,1,2,A,-,03,22350,,N,C,C,A,A,H,-,C,A,0,,,,,Y,,D,22,0,0,1,0,0,0,0,0,0,"- ","- ",35.642551422119141,-120.6849365234375,"SAN LUIS OBISPO","PASO ROBLES",-120.6849365234375,35.642551422119141
90075707,2015,2015-12-16,9745,2015-12-10,1138,017541,,4,1,2,4005,0,1,2,,2,404,"US-101 SOUTHBOUND","MATTIE RD.",200.00,S,N,C,-,Y,,,101,,,,,,S,Y,4,0,1,2,A,-,03,22350,,N,D,C,A,B,H,-,A,D,0,,,,,Y,,A,01,0,0,1,0,0,0,0,0,0,"- ","- ",35.15052,-120.65365,"SAN LUIS OBISPO","PISMO BEACH",-120.65367553999999,35.15044838
90076426,2015,2015-12-17,9745,2015-12-11,1440,017097,,5,2,9,4000,0,3,5,,2,002,"9TH STREET","LOS OSOS VALLEY RD",0.00,,Y,B,-,N,,,,,,,,,,N,4,0,2,2,A,-,21,22106,,N,C,C,A,B,H,-,A,A,0,,,,,Y,,A,07,0,0,2,0,0,0,0,0,0,"- ","- ",35.311300000000003,-120.83316000000001,"SAN LUIS OBISPO",UNINCORPORATED,-120.83315580999999,35.311230770000002
90079317,2015,2015-12-21,9745,2015-12-17,1702,020228,,4,2,9,4000,0,1,2,,2,404,"US-101 SOUTHBOUND","OAK PARK BLVD",47.00,S,N,A,-,Y,,,101,,,,,,S,Y,4,0,4,5,A,-,03,22350,,N,C,C,A,A,H,-,B,D,0,,,,,Y,,A,01,0,0,4,0,0,0,0,0,0,"- ","- ",35.130740000000003,-120.60665,"SAN LUIS OBISPO",UNINCORPORATED,-120.60678126000001,35.130055149999997
90080332,2015,2015-12-22,9745,2015-12-17,1714,017968,,4,2,9,4000,0,1,2,,2,303,"US-101 S/B","AVILA BEACH DRIVE",150.00,S,N,A,-,Y,,,101,,,,,,S,Y,4,0,1,2,A,-,03,22350,,N,C,C,A,A,H,-,C,D,0,,,,,Y,,A,01,0,0,1,0,0,0,0,0,0,"- ","- ",35.179670000000002,-120.69908,"SAN LUIS OBISPO",UNINCORPORATED,-120.69930757,35.179471710000001
90082065,2015,2015-12-24,9745,2015-12-18,1100,017238,,5,1,9,4000,0,2,4,,1,046,"PRICE CANYON RD","CORRAL DE PIEDRA RD",2112.00,W,N,A,-,N,,,,,,,,,,Y,3,0,1,1,A,-,08,22107,,N,E,I,A,A,H,-,D,D,0,,,,,Y,,A,01,0,1,0,0,0,0,0,0,0,"- ","- ",35.187510000000003,-120.61846,"SAN LUIS OBISPO",UNINCORPORATED,-120.6165148,35.189984199999998
90083282,2015,2015-12-28,9745,2015-12-25,1837,020228,,5,2,9,4000,0,1,3,,1,041,SR-41,"GARRETT LN",33.00,N,N,A,-,Y,,,,,,,,,,Y,3,0,1,1,A,-,01,23152,A,N,E,I,A,A,H,-,D,D,0,,,,,Y,Y,A,01,0,1,0,0,0,0,0,0,0,"- ","- ",35.047229999999999,-120.58224,"SAN LUIS OBISPO",UNINCORPORATED,,
90084397,2015,2015-12-29,9740,2015-12-14,0745,015451,,1,1,9,4000,0,1,2,,2,002,"US-101 SOUTHBOUND","LAS TABLAS RD",50.00,S,N,A,-,Y,,,101,,,,,,S,Y,3,0,1,1,A,-,03,22350,,N,E,I,A,B,H,-,A,D,0,,,,,Y,,A,01,0,1,0,0,0,0,0,0,0,"- ","- ",35.554169999999999,-120.71249,"SAN LUIS OBISPO",UNINCORPORATED,-120.71245626,35.554139210000002
90087474,2015,2016-01-04,9745,2015-12-24,1605,016714,,4,2,9,4000,0,3,5,,2,005,"OSAGE ST.","MESA RD.",0.00,,Y,C,-,N,,,,,,,,,,Y,4,0,1,2,A,-,12,22450,A,N,D,C,A,B,H,-,A,A,0,,,,,Y,,D,22,0,0,1,0,0,0,0,0,0,"- ","- ",35.027810000000002,-120.50791,"SAN LUIS OBISPO",UNINCORPORATED,-120.50787986,35.027820069999997
90087624,2015,2016-01-04,9745,2015-12-28,0240,013937,,1,3,9,4000,0,1,2,,2,303,"US-101 NORTHBOUND","HIGUERA ST",1584.00,S,N,A,-,Y,,,101,,,,,,N,Y,3,0,4,1,A,-,08,22107,,N,E,I,A,A,H,-,D,D,0,,,,,Y,,A,01,0,2,2,0,0,0,0,0,0,"- ","- ",35.21884,-120.69363,"SAN LUIS OBISPO",UNINCORPORATED,-120.69366406,35.218866490000003
90087684,2015,2016-01-04,9745,2015-12-29,1925,016514,,2,2,9,4000,0,2,4,,1,025,"LOS OSOS VALLEY RD","FOOTHILL BLVD",5280.00,W,N,A,-,N,,,,,,,,,,Y,2,0,1,2,A,-,08,22107,,N,B,C,A,A,H,-,D,D,0,,,,,Y,,D,22,1,0,0,0,0,0,0,0,0,"- ","- ",35.278449999999999,-120.71629,"SAN LUIS OBISPO",UNINCORPORATED,-120.72771808,35.282623909999998
90087713,2015,2016-01-04,9745,2015-12-31,1725,017968,,4,2,9,4000,0,3,5,,2,005,"HUASNA TOWNSITE RD","LA RANCHITA LANE",190.00,S,N,A,-,N,,,,,,,,,,Y,2,0,1,1,A,-,01,23152,A,N,E,I,A,A,H,-,D,D,0,,,,,Y,Y,A,01,1,0,0,0,0,0,0,0,0,"- ","- ",35.117159999999998,-120.39153,"SAN LUIS OBISPO",UNINCORPORATED,-120.39104819000001,35.115741489999998
90087839,2015,2016-01-04,9745,2015-12-31,0920,020229,,4,1,9,4000,0,3,5,,2,005,"ORCHARD AVE","CHERRY BLOSSOM PL",1000.00,N,N,A,-,N,,,,,,,,,,N,4,0,1,2,A,-,09,21801,A,F,B,C,A,A,H,-,A,D,0,,,,,Y,,A,01,0,0,1,0,0,0,0,0,0,"- ","- ",35.013060000000003,-120.47481999999999,"SAN LUIS OBISPO",UNINCORPORATED,-120.4664386,35.007802429999998
90087852,2015,2016-01-04,9745,2015-12-31,1132,020229,,4,1,9,4000,0,1,2,,2,505,"US-101 NORTHBOUND","TEFFT STREET",802.00,S,N,A,-,Y,,,101,,,,,,N,Y,3,0,2,2,A,-,03,22350,,N,C,C,A,A,H,-,A,D,0,,,,,Y,,A,07,0,1,1,0,0,0,0,0,0,"- ","- ",35.034289999999999,-120.48178,"SAN LUIS OBISPO",UNINCORPORATED,-120.48174169000001,35.034331530000003
9008961,2019,2019-12-31,4006,2019-11-29,1451,80908,,5,5,4,4006,0,0,0,,0,,MARSH,NIPOMO,65.00,W,N,B,-,N,,,,,,,,,,N,4,0,1,2,A,-,08,22107,,N,B,G,A,A,H,-,A,A,0,,Y,,,Y,,A,07,0,0,1,0,0,0,1,0,0,"- ","- ",35.277191162109375,-120.66523742675781,"SAN LUIS OBISPO","SAN LUIS OBISPO",-120.66521453857422,35.277286529541016
90092582,2015,2016-01-11,9745,2015-12-24,2138,020144,,4,2,4,4006,0,1,2,,2,202,"US-101 SOUTHBOUND","LOS OSOS VALLEY RD",2640.00,N,N,B,-,Y,,,101,,,,,,S,Y,3,0,3,3,A,-,03,22350,,N,C,C,A,A,H,-,D,D,0,,,,,Y,Y,A,01,0,1,2,0,0,0,0,0,0,"- ","- ",35.251190000000001,-120.6784,"SAN LUIS OBISPO","SAN LUIS OBISPO",-120.67839509,35.251187049999999
90094487,2016,2016-01-13,9745,2016-01-11,0720,015144,,1,1,2,4005,0,1,2,,2,404,"US-101 NORTHBOUND","SPYGLASS DR",2640.00,S,N,A,-,Y,,,101,,,,,,N,Y,4,0,1,1,A,-,08,22107,,N,E,I,A,B,H,-,A,D,0,,,,,Y,,A,01,0,0,1,0,0,0,0,0,0,"- ","- ",35.160730000000001,-120.67908,"SAN LUIS OBISPO","PISMO BEACH",-120.6790664,35.160764610000001
90095629,2016,2016-01-14,9740,2016-01-05,0755,013733,,2,1,9,4000,0,1,2,,2,001,"U.S. 101",SR-58,4752.00,N,N,C,-,Y,,,,,,,,,,N,4,0,2,2,A,-,03,22350,,N,E,I,A,B,H,-,A,D,0,,,,,Y,,A,01,0,0,2,0,0,0,0,0,0,"- ","- ",35.3949,-120.62299,"SAN LUIS OBISPO",UNINCORPORATED,,
90096597,2016,2016-01-15,9745,2016-01-14,1508,017968,,4,2,9,4000,0,2,4,,1,055,"W/B W TEFFT STREET","OAKGLEN AVENUE",10.00,E,N,A,-,N,,,,,,,,,,N,4,0,1,2,A,-,03,22350,,N,C,C,A,A,H,-,A,D,0,,,,,Y,,A,01,0,0,1,0,0,0,0,0,0,"- ","- ",35.03792,-120.48287000000001,"SAN LUIS OBISPO",UNINCORPORATED,-120.48284948,35.037867640000002
90097271,2016,2016-01-18,9740,2016-01-02,0110,017791,,6,3,9,4000,0,3,5,,2,022,"DEER TRAIL COURT","SPIKE COURT",500.00,W,N,A,-,N,,,,,,,,,,Y,4,0,1,1,A,-,01,23152,A,N,E,I,A,A,H,-,C,D,0,,,,,Y,Y,A,07,0,0,1,0,0,0,0,0,0,"- ","- ",35.750190000000003,-120.99867,"SAN LUIS OBISPO",UNINCORPORATED,-120.99840435,35.75029043
90097888,2015,2016-01-19,9750,2015-12-19,0515,013766,,6,3,9,4000,0,1,3,,2,061,SR-166,"TWITCHELL DAM RD",5280.00,E,N,B,-,Y,,,166,,,,,,,Y,1,1,0,1,A,-,08,22107,,N,E,I,A,A,H,-,D,D,0,,,,,Y,,A,07,0,0,0,0,0,0,0,0,0,"- ","- ",35.020490000000002,-120.32458,"SAN LUIS OBISPO",UNINCORPORATED,-120.32461324000001,35.020515799999998
90100984,2016,2016-01-22,9740,2016-01-13,0910,017426,,3,1,3,4004,0,1,2,,2,003,"US-101 NORTHBOUND",SR-46W,500.00,N,N,B,-,Y,,,101,,,,,,N,Y,4,0,2,1,A,-,08,22107,,N,E,I,A,A,H,-,A,D,0,,,,,Y,,A,01,0,0,2,0,0,0,0,0,0,"- ","- ",35.59355,-120.69495000000001,"SAN LUIS OBISPO","PASO ROBLES",-120.69526768999999,35.59355163
90102377,2016,2016-01-26,9740,2016-01-01,0810,017426,,5,1,9,4000,0,1,3,,2,010,"SR-41 NORTHBOUND","SAN LUIS OBISPO/KERN CO LINE",5280.00,S,N,A,-,Y,,,41,,,,,,N,Y,1,1,1,1,C,-,18,,,N,F,A,A,C,G,-,A,D,0,,,,,Y,,-,"- ",0,1,0,0,0,0,0,0,0,"- ","- ",35.779870000000003,-120.20963,"SAN LUIS OBISPO",UNINCORPORATED,-120.20961461,35.779808430000003
90102508,2016,2016-01-26,9745,2016-01-20,0215,017541,,3,3,9,4000,0,1,2,,2,303,"US-101 NORTHBOUND","SAN LUIS BAY DR",5280.00,N,N,B,-,Y,,,,,,,,,,Y,3,0,1,1,A,-,01,23152,A,N,E,I,A,B,H,-,D,D,0,,,,,Y,Y,A,01,0,1,0,0,0,0,0,0,0,"- ","- ",35.122700000000002,-120.4148,"SAN LUIS OBISPO",UNINCORPORATED,-120.69681043999999,35.210259270000002
90104872,2016,2016-01-28,9740,2016-01-15,0745,013733,,5,1,9,4000,0,2,4,,2,012,"NACIMIENTO LAKE DR","INTERLAKE RD",1584.00,S,N,B,-,N,,,,,,,,,,Y,3,0,1,1,A,-,03,22350,,N,E,I,A,B,H,-,A,D,0,,,,,Y,,D,22,0,1,0,0,0,0,0,0,0,"- ","- ",35.763170000000002,-120.88525,"SAN LUIS OBISPO",UNINCORPORATED,-120.88943820999999,35.770867699999997
90105718,2016,2016-01-29,9745,2016-01-21,0915,013937,,4,1,4,4006,0,2,S,,2,901,"HIGUERA ST","PRADO RD",15.00,N,N,A,-,N,,,,,,,,,,N,4,0,2,2,A,-,03,22350,,N,C,C,A,A,H,-,A,A,0,,,,,Y,,A,01,0,0,2,0,0,0,0,0,0,"- ","- ",35.254939999999998,-120.66895,"SAN LUIS OBISPO","SAN LUIS OBISPO",-120.66900416999999,35.254659099999998
90106923,2016,2016-02-01,9745,2016-01-23,0855,017144,,6,1,2,4005,0,1,2,,2,404,"US-101 SOUTHBOUND","PISMO CREEK",40.00,S,N,A,-,Y,,,101,,,,,,S,Y,3,0,1,1,A,-,08,22107,,N,E,I,A,B,H,-,A,D,0,,,,,Y,,D,22,0,1,0,0,0,0,0,0,0,"- ","- ",35.139290000000003,-120.63574,"SAN LUIS OBISPO","PISMO BEACH",-120.63574541,35.139277870000001
90107727,2016,2016-02-02,9745,2016-01-26,0810,018021,,2,1,3,4001,0,1,2,,2,402,"US-101 NORTHBOUND","BRISCO RD",1000.00,N,N,A,-,Y,,,101,,,,,,N,Y,4,0,3,3,A,-,03,22350,,N,B,C,A,A,H,-,A,D,0,,,,,Y,,A,01,0,0,3,0,0,0,0,0,0,"- ","- ",35.128839999999997,-120.60132,"SAN LUIS OBISPO","ARROYO GRANDE",-120.60150971,35.128473820000004
90108303,2016,2016-02-03,9745,2016-01-30,0829,015734,,6,1,9,4000,0,1,2,,1,101,"US-101 SOUTHBOUND","STAGE COACH RD",700.00,N,N,C,-,Y,,,101,,,,,,S,Y,4,0,1,2,A,-,03,22350,,N,C,C,A,B,H,-,A,D,0,,,,,Y,,A,01,0,0,1,0,0,0,0,0,0,"- ","- ",35.321039999999996,-120.62142,"SAN LUIS OBISPO",UNINCORPORATED,-120.62159182000001,35.321012690000003
90108754,2016,2016-02-03,9745,2016-02-03,0740,013531,,3,1,2,4005,0,1,2,,2,404,"US-101 NORTHBOUND","4TH STREET",450.00,S,N,A,-,Y,,,101,,,,,,N,Y,4,0,1,2,A,-,03,22350,,N,C,C,A,A,H,-,A,D,0,,,,,Y,,D,22,0,0,1,0,0,0,0,0,0,"- ","- ",35.136009999999999,-120.62153000000001,"SAN LUIS OBISPO","PISMO BEACH",-120.62149588,35.136100059999997
90112696,2016,2016-02-10,9745,2016-02-08,0720,013212,,1,1,9,4000,0,1,3,,2,023,"SR-1 SOUTHBOUND","HOLLISTER RD",25.00,N,N,A,-,Y,,,1,,,,,,S,Y,3,0,1,2,A,-,03,22350,,N,C,C,A,A,H,-,A,A,0,,,,,Y,,A,08,0,1,0,0,0,0,0,0,0,"- ","- ",35.331139999999998,-120.73518,"SAN LUIS OBISPO",UNINCORPORATED,-120.73520523000001,35.331052759999999
90113813,2016,2016-02-11,9745,2016-02-06,1013,017144,,6,1,9,4000,0,1,2,,2,505,"US-101 NORTHBOUND","HEMI RD",2640.00,N,N,A,-,Y,,,101,,,,,,N,Y,3,0,4,1,A,-,08,22107,,N,F,A,A,A,H,-,A,D,0,,,,,Y,,A,08,0,2,2,0,0,0,0,0,0,"- ","- ",35.097850000000001,-120.54552,"SAN LUIS OBISPO",UNINCORPORATED,-120.54574778999999,35.097706109999997
90118632,2016,2016-02-18,9745,2016-02-17,1330,017930,,3,1,9,4000,0,3,5,,2,002,"BAY OAKS DR","OAK RIDGE DR",12.00,W,N,B,-,N,,,,,,,,,,N,4,0,1,2,A,-,21,22106,,N,B,C,A,A,H,-,A,D,0,,,,Y,Y,,F,27,0,0,1,0,0,0,0,0,0,"- ","- ",35.307940000000002,-120.82512,"SAN LUIS OBISPO",UNINCORPORATED,-120.82509302,35.30792881
90120975,2016,2016-02-22,9745,2016-02-15,1610,016773,,1,2,9,4000,0,1,2,,2,303,"US-101 SOUTHBOUND","SAN LUIS BAY DR",3221.00,N,N,A,-,Y,,,,,,,,,,N,4,0,1,3,A,-,03,22350,,N,C,C,A,A,H,-,A,D,0,,,,,Y,,A,01,0,0,1,0,0,0,0,0,0,"- ","- ",35.239559999999997,-120.41489,"SAN LUIS OBISPO",UNINCORPORATED,,
90121951,2016,2016-02-23,9745,2016-02-15,2045,017968,,1,2,9,4000,0,3,5,,2,005,"S. FRONTAGE ROAD","HILL STREET",0.00,,Y,A,-,N,,,,,,,,,,N,3,0,1,2,A,-,10,21950,A,F,G,B,D,A,H,-,D,D,0,Y,,,,Y,Y,-,99,0,1,0,0,1,0,0,0,0,"- ","- ",35.0349,-120.48299,"SAN LUIS OBISPO",UNINCORPORATED,-120.48300999999999,35.034840019999997
90122827,2016,2016-02-24,9745,2016-02-18,1000,017144,,4,1,9,4000,0,3,5,,2,005,"HUTTON RD","CUYAMA LN",30.00,N,N,B,-,Y,,,,,,,,,,N,4,0,1,2,A,-,03,22350,,N,C,C,A,A,H,-,A,D,0,,,,,Y,,D,22,0,0,1,0,0,0,0,0,0,"- ","- ",34.996250000000003,-120.43543,"SAN LUIS OBISPO",UNINCORPORATED,-120.43543431000001,34.996231549999997
90124854,2016,2016-02-29,9740,2016-02-19,2008,015854,,5,2,9,4000,0,3,5,,2,017,"CRESTON RD","NEAL SPRINGS RD",2112.00,W,N,A,-,N,,,,,,,,,,Y,2,0,1,2,A,-,01,23152,A,N,B,C,A,A,H,-,D,D,0,,,Y,,Y,Y,C,02,1,0,0,0,0,0,0,0,1,"- ","- ",35.580300000000001,-120.62081999999999,"SAN LUIS OBISPO",UNINCORPORATED,-120.62067762,35.580137909999998
90128773,2016,2016-03-03,9745,2016-02-28,0219,017151,,7,3,9,4000,0,3,5,,2,002,"FOOTHILL BLVD","O'CONNER WAY",1320.00,N,N,A,-,N,,,,,,,,,,Y,3,0,1,1,A,-,01,23152,A,N,B,I,A,A,H,-,D,D,0,,,,,Y,Y,A,01,0,1,0,0,0,0,0,0,0,"- ","- ",35.283859999999997,-120.70386999999999,"SAN LUIS OBISPO",UNINCORPORATED,-120.70463952,35.283508419999997
90128926,2016,2016-03-03,9740,2016-02-29,0810,018323,,1,1,9,4000,0,3,5,,2,019,"MISSION STREET","RIVER ROAD",0.00,,Y,A,-,N,,,,,,,,,,N,4,0,1,2,A,-,09,21802,A,N,D,C,A,A,H,-,A,A,0,,,,,Y,,A,07,0,0,1,0,0,0,0,0,0,"- ","- ",35.752769999999998,-120.69609,"SAN LUIS OBISPO",UNINCORPORATED,-120.69614987,35.752790070000003
90129022,2016,2016-03-03,9740,2016-02-23,0745,014465,,2,1,9,4000,0,3,5,,2,016,"PARKHILL RD","HUER HUERO RD",15840.00,N,N,B,-,N,,,,,,,,,,Y,4,0,1,1,A,-,08,22107,,N,E,I,A,A,H,-,A,D,0,,,,,Y,,A,07,0,0,1,0,0,0,0,0,0,"- ","- ",35.392490000000002,-120.48775999999999,"SAN LUIS OBISPO",UNINCORPORATED,-120.4858153,35.392463319999997
90129455,2016,2016-03-04,9745,2016-02-25,0840,017144,,4,1,9,4000,0,1,2,,2,505,"US-101 NORTHBOUND","EL CAMPO RD",3696.00,S,N,A,-,Y,,,101,,,,,,N,Y,4,0,1,2,A,-,03,22350,,N,C,C,A,A,H,-,A,D,0,,,,,Y,,A,01,0,0,1,0,0,0,0,0,0,"- ","- ",35.107469999999999,-120.55467,"SAN LUIS OBISPO",UNINCORPORATED,-120.55477417,35.107318040000003