CASE_ID,ACCIDENT_YEAR,PROC_DATE,JURIS,COLLISION_DATE,COLLISION_TIME,OFFICER_ID,REPORTING_DISTRICT,DAY_OF_WEEK,CHP_SHIFT,POPULATION,CNTY_CITY_LOC,SPECIAL_COND,BEAT_TYPE,CHP_BEAT_TYPE,CITY_DIVISION_LAPD,CHP_BEAT_CLASS,BEAT_NUMBER,PRIMARY_RD,SECONDARY_RD,DISTANCE,DIRECTION,INTERSECTION,WEATHER_1,WEATHER_2,STATE_HWY_IND,CALTRANS_COUNTY,CALTRANS_DISTRICT,STATE_ROUTE,ROUTE_SUFFIX,POSTMILE_PREFIX,POSTMILE,LOCATION_TYPE,RAMP_INTERSECTION,SIDE_OF_HWY,TOW_AWAY,COLLISION_SEVERITY,NUMBER_KILLED,NUMBER_INJURED,PARTY_COUNT,PRIMARY_COLL_FACTOR,PCF_CODE_OF_VIOL,PCF_VIOL_CATEGORY,PCF_VIOLATION,PCF_VIOL_SUBSECTION,HIT_AND_RUN,TYPE_OF_COLLISION,MVIW,PED_ACTION,ROAD_SURFACE,ROAD_COND_1,ROAD_COND_2,LIGHTING,CONTROL_DEVICE,CHP_ROAD_TYPE,PEDESTRIAN_ACCIDENT,BICYCLE_ACCIDENT,MOTORCYCLE_ACCIDENT,TRUCK_ACCIDENT,NOT_PRIVATE_PROPERTY,ALCOHOL_INVOLVED,STWD_VEHTYPE_AT_FAULT,CHP_VEHTYPE_AT_FAULT,COUNT_SEVERE_INJ,COUNT_VISIBLE_INJ,COUNT_COMPLAINT_PAIN,COUNT_PED_KILLED,COUNT_PED_INJURED,COUNT_BICYCLIST_KILLED,COUNT_BICYCLIST_INJURED,COUNT_MC_KILLED,COUNT_MC_INJURED,PRIMARY_RAMP,SECONDARY_RAMP,LATITUDE,LONGITUDE,COUNTY,CITY,POINT_X,POINT_Y
90129472,2016,2016-03-04,9745,2016-02-25,0810,012876,,4,1,9,4000,0,1,2,,1,101,"US-101 SOUTHBOUND","MARSH ST",456.00,N,N,A,-,Y,,,,,,,,,,Y,3,0,1,1,A,-,03,22350,,N,F,A,A,A,E,H,A,D,0,,,Y,,Y,,C,02,0,1,0,0,0,0,0,0,1,"- ","- ",35.275219999999997,-120.67131999999999,"SAN LUIS OBISPO",UNINCORPORATED,,
90129494,2016,2016-03-04,9745,2016-02-27,1540,020689,,6,2,9,4000,0,3,5,,2,004,"SAN RAFAEL ST","SAN LUIS ST",130.00,S,N,A,-,N,,,,,,,,,,N,4,0,1,3,A,-,13,22515,A,N,G,B,E,A,H,-,A,D,0,Y,,,,Y,,A,07,0,0,1,0,1,0,0,0,0,"- ","- ",35.179850000000002,-120.72992000000001,"SAN LUIS OBISPO",UNINCORPORATED,-120.72936467,35.180105519999998
90129523,2016,2016-03-04,9745,2016-02-28,1350,016773,,7,1,9,4000,0,3,5,,2,003,"SAN LUIS BAY DR","SEE CANYON RD",0.00,,Y,A,-,N,,,,,,,,,,N,4,0,1,2,A,-,09,21802,A,N,D,C,A,A,H,-,A,A,0,,,,,Y,,A,01,0,0,1,0,0,0,0,0,0,"- ","- ",35.194130000000001,-120.71529,"SAN LUIS OBISPO",UNINCORPORATED,-120.71538987,35.194120040000001
90130408,2016,2016-03-07,9740,2016-02-10,0905,013733,,3,1,9,4000,0,1,3,,1,015,SR-1,"PICO AVE",0.00,,Y,A,-,Y,,,1,,,,,,,Y,3,0,1,2,A,-,09,21802,A,N,D,C,A,A,H,-,A,A,0,,,,,Y,,A,01,0,1,0,0,0,0,0,0,0,"- ","- ",35.615000000000002,-121.14651000000001,"SAN LUIS OBISPO",UNINCORPORATED,-121.14646473000001,35.61505871
90130462,2016,2016-04-07,9745,2016-03-02,0653,017144,,3,1,9,4000,0,1,2,,2,505,"US-101 NORTHBOUND","EL CAMPO RD",3696.00,S,N,A,-,Y,,,101,,,,,,N,Y,4,0,1,3,A,-,03,22350,,N,C,C,A,A,H,-,A,C,0,,,,,Y,,A,01,0,0,1,0,0,0,0,0,0,"- ","- ",35.107810000000001,-120.55528,"SAN LUIS OBISPO",UNINCORPORATED,-120.5553547,35.107690990000002
90130630,2016,2016-03-07,9745,2016-03-05,2255,017151,,6,3,9,4000,0,1,2,,1,101,"US-101 NORTHBOUND",SR-58,1584.00,S,N,C,-,Y,,,101,,,,,,N,Y,4,0,1,1,A,-,03,22350,,N,E,I,A,B,H,-,D,D,0,,,,,Y,,A,01,0,0,1,0,0,0,0,0,0,"- ","- ",35.37811,-120.63479,"SAN LUIS OBISPO",UNINCORPORATED,-120.63484953,35.378164339999998
90130677,2016,2016-03-07,9740,2016-02-22,0740,018323,,1,1,9,4000,0,3,5,,2,018,"CROCKER STREET","6TH STREET",0.00,,Y,A,-,N,,,,,,,,,,Y,3,0,2,2,A,-,21,22106,,N,D,C,A,A,H,-,A,A,0,,,,,Y,,D,22,0,1,1,0,0,0,0,0,0,"- ","- ",35.548749999999998,-120.70746,"SAN LUIS OBISPO",UNINCORPORATED,-120.70738994,35.548780049999998
9013253,2019,2020-02-13,4006,2019-12-11,1906,98137,,3,5,4,4006,0,0,0,,0,,MONTEREY,JOHNSON,0.00,,Y,A,-,N,,,,,,,,,,N,3,0,1,2,A,-,09,21801,A,N,D,G,A,A,H,-,C,A,0,,Y,,,Y,,A,01,0,1,0,0,0,0,1,0,0,"- ","- ",35.284278869628906,-120.65718841552734,"SAN LUIS OBISPO","SAN LUIS OBISPO",-120.65727233886719,35.284290313720703
90133099,2016,2016-03-09,9740,2016-02-29,1000,014662,,1,1,9,4000,0,1,2,,2,001,"US-101 NORTHBOUND",SR-58,4224.00,N,N,A,-,Y,,,101,,,,,,N,Y,3,0,1,1,A,-,08,22107,,N,E,I,A,A,H,-,A,D,0,,,,,Y,,A,01,0,1,0,0,0,0,0,0,0,"- ","- ",35.393900000000002,-120.6234,"SAN LUIS OBISPO",UNINCORPORATED,-120.62346657000001,35.39393089
90137280,2016,2016-03-15,9745,2016-03-10,0915,020229,,4,1,2,4005,0,1,2,,2,404,"US-101 NORTHBOUND","MATTIE RD",40.00,S,N,A,-,Y,,,101,,,,,,N,Y,4,0,2,3,A,-,03,22350,,N,C,C,A,A,H,-,A,D,0,,,,,Y,,A,01,0,0,2,0,0,0,0,0,0,"- ","- ",35.151049999999998,-120.65451,"SAN LUIS OBISPO","PISMO BEACH",-120.65451133000001,35.151045519999997
90138089,2016,2016-03-16,9745,2016-03-12,1732,020228,,6,2,9,4000,0,2,4,,1,058,"HUTTON RD","VISTA DEL RIO",550.00,N,N,A,-,N,,,,,,,,,,Y,4,0,1,1,A,-,08,22107,,N,E,I,A,A,H,-,A,D,0,,,,,Y,,A,07,0,0,1,0,0,0,0,0,0,"- ","- ",35.005540000000003,-120.44338999999999,"SAN LUIS OBISPO",UNINCORPORATED,-120.44341743,35.005512400000001
90140139,2016,2016-03-21,9740,2016-03-04,1630,016089,,5,2,4,4008,0,1,2,,2,002,"SAN ANSELMO ROAD FROM US 101 N/B","SAN ANSELMO RD",20.00,S,N,B,-,Y,,,,,,,,,,N,3,0,1,2,A,-,11,21954,A,N,G,B,E,A,H,-,A,A,0,Y,,,,Y,,N,60,0,1,0,0,1,0,0,0,0,"- ","- ",35.49736,-120.68247,"SAN LUIS OBISPO",ATASCADERO,-120.68466067,35.492607390000003
90140716,2016,2016-03-21,9745,2016-03-19,0930,017541,,6,1,9,4000,0,1,3,,1,041,SR-1,"WINTERHAVEN WAY",0.00,,Y,A,-,Y,,,,,,,,,,Y,4,0,1,2,A,-,03,22350,,N,C,C,A,A,H,-,A,D,0,,,,,Y,,D,22,0,0,1,0,0,0,0,0,0,"- ","- ",35.250999999999998,-120.358,"SAN LUIS OBISPO",UNINCORPORATED,-120.58571990999999,35.047280059999999
9014083,2020,2020-01-31,4002,2020-01-05,2012,721,,7,5,3,4002,0,0,0,,0,,"S 14TH ST","GRAND AV",338.00,S,N,A,-,N,,,,,,,,,,Y,3,0,1,2,A,-,01,23152,B,F,C,C,A,A,H,-,D,D,0,,,,,Y,Y,D,22,0,1,0,0,0,0,0,0,0,"- ","- ",,,"SAN LUIS OBISPO","GROVER BEACH",-120.61418151855469,35.120262145996094
9014345,2019,2020-02-11,4002,2019-12-15,1620,478,,7,5,3,4002,0,0,0,,0,,"S 4TH ST","S 4TH ST 100",0.00,,Y,A,-,N,,,,,,,,,,N,4,0,1,2,A,-,08,22102,,N,D,G,A,A,H,-,A,D,0,,Y,,,Y,Y,-,,0,0,1,0,0,0,1,0,0,"- ","- ",,,"SAN LUIS OBISPO","GROVER BEACH",,
90146049,2016,2016-03-28,9745,2016-03-18,1657,016002,,5,2,4,4006,0,1,2,,2,202,"US-101 SOUTHBOUND","LOS OSOS VALLEY RD",1300.00,N,N,A,-,Y,,,101,,,,,,S,Y,4,0,2,4,A,-,03,22350,,N,C,C,A,A,H,-,A,D,0,,,,,Y,,D,22,0,0,2,0,0,0,0,0,0,"- ","- ",35.247979999999998,-120.68031000000001,"SAN LUIS OBISPO","SAN LUIS OBISPO",-120.68031846,35.247985079999999
90146202,2016,2016-03-28,9745,2016-03-18,1800,016002,,5,2,4,4006,0,1,2,,2,202,"US-101 SOUTHBOUND","LOS OSOS VALLEY RD",150.00,N,N,A,-,Y,,,101,,,,,,S,Y,4,0,2,2,A,-,03,22350,,N,C,C,A,A,H,-,A,D,0,,,,,Y,,A,01,0,0,2,0,0,0,0,0,0,"- ","- ",35.245080000000002,-120.68206000000001,"SAN LUIS OBISPO","SAN LUIS OBISPO",-120.68206309,35.245081849999998
90150272,2016,2016-04-04,9745,2016-03-25,0750,020229,,5,1,9,4000,0,2,4,,1,049,"CORBETT CANYON RD","VERDE CANYON RD",1056.00,N,N,A,-,N,,,,,,,,,,Y,4,0,1,1,A,-,08,22107,,N,F,A,A,A,H,-,A,D,0,,,,,Y,,A,01,0,0,1,0,0,0,0,0,0,"- ","- ",35.173119999999997,-120.55977,"SAN LUIS OBISPO",UNINCORPORATED,-120.56059215000001,35.173570179999999
90150326,2016,2016-04-04,9745,2016-03-30,1738,016773,,3,2,4,4006,0,1,2,,2,202,"US-101 N/B","CALIFORNIA BLVD",90.00,S,N,A,-,Y,,,,,,,,,,Y,3,0,1,2,A,-,03,22350,,N,C,C,A,A,H,-,A,D,0,,,,,Y,,D,22,0,1,0,0,0,0,0,0,0,"- ","- ",35.172269999999997,-120.39346,"SAN LUIS OBISPO","SAN LUIS OBISPO",-120.65951656,35.289666879999999
90151085,2016,2016-04-05,9745,2016-03-29,1415,017097,,2,2,9,4000,0,3,5,,2,002,"SEE CANYON RD","BLACK WALNUT RD",8448.00,N,N,A,-,N,,,,,,,,,,Y,4,0,2,1,A,-,03,22350,,N,E,I,A,A,H,-,A,D,0,,,,,Y,,A,07,0,0,2,0,0,0,0,0,0,"- ","- ",35.240009999999998,-120.77453,"SAN LUIS OBISPO",UNINCORPORATED,-120.75418999999999,35.233359999999998
90157950,2016,2016-04-14,9740,2016-04-08,2200,014543,,5,3,9,4000,0,2,4,,2,012,"NACIMIENTO LAKE DR","FRAZIER RD",1584.00,W,N,B,-,N,,,,,,,,,,Y,2,0,1,1,A,-,08,22107,,N,E,I,A,A,H,-,D,D,0,,,,,Y,,A,01,1,0,0,0,0,0,0,0,0,"- ","- ",35.705410000000001,-120.81785000000001,"SAN LUIS OBISPO",UNINCORPORATED,-120.827141,35.710492459999998
90158005,2016,2016-04-14,9740,2016-04-09,0730,014543,,6,1,9,4000,0,1,2,,2,004,"US-101 NORTHBOUND","SAN MARCOS RD",180.00,N,N,B,-,Y,,,101,,,,,,N,Y,4,0,1,1,A,-,08,22107,,N,F,I,A,A,H,-,A,D,0,,,,,Y,,A,01,0,0,1,0,0,0,0,0,0,"- ","- ",35.730620000000002,-120.70101,"SAN LUIS OBISPO",UNINCORPORATED,-120.70107623,35.73061131
90158636,2016,2016-04-15,9745,2016-04-01,1115,017061,,5,1,9,4000,0,1,2,,1,101,"HIGUERA STREET","CLOVER RIDGE LN",2112.00,N,N,A,-,N,,,,,,,,,,Y,3,0,1,1,C,-,18,,,N,E,I,A,A,H,-,A,D,0,,,,,Y,,-,"- ",0,1,0,0,0,0,0,0,0,"- ","- ",35.229779999999998,-120.69065000000001,"SAN LUIS OBISPO",UNINCORPORATED,-120.69061351000001,35.230040959999997
90158751,2016,2016-04-15,9745,2016-04-05,1635,015734,,2,2,9,4000,0,2,4,,1,025,"LOS OSOS VALLEY RD","VALLE VISTA PL",110.00,W,N,A,-,N,,,,,,,,,,N,4,0,1,2,A,-,03,22350,,N,C,C,A,A,H,-,A,D,0,,,,,Y,,A,07,0,0,1,0,0,0,0,0,0,"- ","- ",35.274549999999998,-120.70953,"SAN LUIS OBISPO",UNINCORPORATED,-120.70956412,35.274505910000002
90158928,2016,2016-04-15,9745,2016-04-06,1350,015144,,3,1,9,4000,0,2,4,,1,046,"PRICE CANYON RD","LEMOORE ST",2640.00,E,N,B,-,N,,,,,,,,,,N,3,0,2,2,A,-,03,22350,,N,E,J,A,A,H,-,A,D,0,,Y,,,Y,,L,04,0,2,0,0,0,0,2,0,0,"- ","- ",35.151629999999997,-120.6336,"SAN LUIS OBISPO",UNINCORPORATED,-120.63292499000001,35.15222868
90159601,2016,2016-04-18,9745,2016-04-15,2105,018021,,5,2,9,4000,0,1,2,,1,101,"US-101 SOUTHBOUND","TV TOWER RD",3600.00,S,N,A,-,Y,,,101,,,,,,S,Y,2,0,5,4,A,-,01,23152,A,N,C,C,A,A,H,-,D,D,0,,,,,Y,Y,A,07,1,2,2,0,0,0,0,0,0,"- ","- ",35.336060000000003,-120.62607,"SAN LUIS OBISPO",UNINCORPORATED,-120.62607594000001,35.336056329999998
90159955,2016,2016-04-18,9745,2016-04-08,0755,020144,,5,1,2,4005,0,1,2,,2,404,"US-101 NORTHBOUND","HINDS AVE",500.00,N,N,B,-,Y,,,101,,,,,,N,Y,4,0,1,2,A,-,03,22350,,N,C,C,A,B,H,-,A,D,0,,,,,Y,,A,01,0,0,1,0,0,0,0,0,0,"- ","- ",35.144480000000001,-120.64118000000001,"SAN LUIS OBISPO","PISMO BEACH",-120.64149616,35.144125840000001
90160543,2016,2016-04-19,9745,2016-04-11,0920,015144,,1,1,9,4000,0,1,3,,2,023,"SR-1 NORTHBOUND","KANSAS AVE",2640.00,S,N,B,-,Y,,,1,,,,,,N,Y,4,0,2,4,A,-,03,22350,,N,C,C,A,A,H,-,A,D,0,,,,,Y,,A,01,0,0,2,0,0,0,0,0,0,"- ","- ",35.319839999999999,-120.70780999999999,"SAN LUIS OBISPO",UNINCORPORATED,-120.70781241,35.31987015
90160634,2016,2016-04-19,9745,2016-04-11,0827,017151,,1,1,9,4000,0,1,3,,1,011,SR-41,"CERRO ALTO RD.",3168.00,N,N,B,-,Y,,,41,,,,,,,N,4,0,2,2,A,-,05,21460,A,N,B,C,A,A,H,-,A,D,0,,,,,Y,,A,01,0,0,2,0,0,0,0,0,0,"- ","- ",35.440069999999999,-120.75427999999999,"SAN LUIS OBISPO",UNINCORPORATED,-120.754278,35.44007002
90165077,2016,2016-04-25,9740,2016-04-12,0615,013984,,2,1,9,4000,0,3,5,,2,019,"CROSS CANYON RD","RANCHITA CANYON RD",1056.00,W,N,B,-,N,,,,,,,,,,Y,3,0,1,2,A,-,05,21650,,N,B,C,A,A,H,-,B,D,0,,,,,Y,,D,22,0,1,0,0,0,0,0,0,0,"- ","- ",35.747140000000002,-120.62806,"SAN LUIS OBISPO",UNINCORPORATED,-120.61728788000001,35.747042200000003
90165162,2016,2016-04-25,9745,2016-04-17,0500,020689,,7,3,2,4005,0,1,2,,2,404,"US-101 NORTHBOUND","SPYGLASS DR.",3696.00,S,N,A,-,Y,,,,,,,,,,Y,4,0,1,2,A,-,08,22107,,N,B,C,A,A,H,-,D,D,0,,,,,Y,,A,01,0,0,1,0,0,0,0,0,0,"- ","- ",35.15916,-120.64474,"SAN LUIS OBISPO","PISMO BEACH",-120.67613562,35.159635600000001
90166242,2016,2016-04-26,9745,2016-04-24,0040,017930,,7,3,9,4000,0,2,S,,2,054,"LOPEZ DR.","BLUE SKY DR",1174.00,E,N,A,-,N,,,,,,,,,,Y,3,0,1,1,A,-,01,23152,A,N,E,I,A,A,H,-,D,D,0,,,,,Y,Y,A,01,0,1,0,0,0,0,0,0,0,"- ","- ",35.16281,-120.53361,"SAN LUIS OBISPO",UNINCORPORATED,-120.53447,35.159750000000003
90171946,2016,2016-05-03,9745,2016-04-21,2200,018021,,4,3,9,4000,0,2,4,,1,055,"TEFFT STREET","MARY AVE",0.00,,Y,A,-,N,,,,,,,,,,Y,4,0,5,2,A,-,09,21453,C,N,A,C,A,A,H,-,C,A,0,,,,,Y,,D,22,0,0,5,0,0,0,0,0,0,"- ","- ",35.035679999999999,-120.48666,"SAN LUIS OBISPO",UNINCORPORATED,-120.48662993000001,35.035740070000003
90172032,2016,2016-05-03,9745,2016-04-24,0300,020689,,7,3,3,4001,0,1,2,,2,402,"US-101 NORTHBOUND","OAK PARK BLVD",200.00,S,N,A,-,Y,,,101,,,,,,N,Y,4,0,1,1,A,-,08,22107,,N,E,I,A,A,H,-,D,D,0,,,,,Y,,A,01,0,0,1,0,0,0,0,0,0,"- ","- ",35.129959999999997,-120.60543,"SAN LUIS OBISPO","ARROYO GRANDE",-120.60542685,35.129974859999997
90173130,2016,2016-05-04,9745,2016-04-27,1255,016068,,3,1,9,4000,0,1,3,,1,021,"SR-1 NORTHBOUND","OLD CREEK ROAD",0.00,,Y,A,-,Y,,,1,,,,,,N,Y,3,0,2,2,A,-,12,21453,A,N,D,C,A,A,H,-,A,A,0,,,,,Y,,A,01,0,1,1,0,0,0,0,0,0,"- ","- ",35.428919999999998,-120.88189,"SAN LUIS OBISPO",UNINCORPORATED,-120.88188334,35.428925929999998
90173889,2016,2016-05-05,9745,2016-04-30,1510,017968,,6,2,9,4000,0,3,5,,2,004,"CORBETT CANYON RD","DAIRY LANE",528.00,N,N,A,-,N,,,,,,,,,,Y,2,0,1,1,A,-,03,22350,,N,F,A,A,A,H,-,A,D,0,,,,,Y,,A,07,1,0,0,0,0,0,0,0,0,"- ","- ",35.180540000000001,-120.57192000000001,"SAN LUIS OBISPO",UNINCORPORATED,-120.57172662000001,35.180681720000003
90175303,2016,2016-05-09,9740,2016-04-28,0900,013984,,4,1,9,4000,0,1,2,,2,001,"RT 101","SANTA BARBARA RD",6336.00,S,N,A,-,Y,,,101,,,,,,,Y,3,0,1,2,A,-,01,23153,A,F,C,C,A,A,H,-,A,D,0,,,,,Y,,D,22,0,1,0,0,0,0,0,0,0,"- ","- ",35.42624,-120.63321999999999,"SAN LUIS OBISPO",UNINCORPORATED,-120.63318697,35.426256819999999
90176253,2016,2016-05-10,9740,2016-04-30,1140,017426,,6,1,9,4000,0,1,2,,2,004,"US-101 SOUTHBOUND","10TH ST",2640.00,S,N,A,-,Y,,,101,,,,,,S,Y,3,0,2,1,A,-,08,22107,,N,E,I,A,A,H,-,A,D,0,,,,,Y,,A,07,0,1,1,0,0,0,0,0,0,"- ","- ",35.739359999999998,-120.70036,"SAN LUIS OBISPO",UNINCORPORATED,-120.70031508,35.739351339999999
90176414,2016,2016-05-10,9740,2016-05-01,1139,015644,,7,1,9,4000,0,3,5,,2,022,"NIDERER RD","VIA MUNOZ",47.00,E,N,A,-,N,,,,,,,,,,Y,3,0,1,1,A,-,08,22107,,N,E,I,A,A,H,-,A,D,0,,,,,Y,,A,07,0,1,0,0,0,0,0,0,0,"- ","- ",35.587229999999998,-120.77151000000001,"SAN LUIS OBISPO",UNINCORPORATED,-120.77135868000001,35.586964629999997
90176519,2016,2016-05-10,9745,2016-05-08,0220,017541,,7,3,9,4000,0,1,3,,1,032,SR-227,"NOYES RD",1056.00,S,N,A,-,Y,,,227,,,,,,,Y,4,0,1,1,A,-,08,22107,,N,E,I,A,A,H,-,D,D,0,,,,,Y,,A,01,0,0,1,0,0,0,0,0,0,"- ","- ",35.167520000000003,-120.57982,"SAN LUIS OBISPO",UNINCORPORATED,-120.57986495999999,35.167446470000002
90177022,2016,2016-05-11,9745,2016-05-08,1405,017930,,7,2,9,4000,0,1,3,,1,032,SR-227,"LOS RANCHOS RD",590.00,N,N,A,-,Y,,,227,,,,,,,N,3,0,1,1,A,-,03,22350,,N,E,J,A,A,D,-,A,D,0,,Y,,,Y,,L,04,0,1,0,0,0,0,1,0,0,"- ","- ",35.225549999999998,-120.62672000000001,"SAN LUIS OBISPO",UNINCORPORATED,-120.62663179,35.225608180000002
90178008,2016,2016-05-12,9740,2016-05-10,0050,013417,,2,3,4,4008,0,1,2,,2,001,"US-101 SOUTHBOUND","SANTA ROSA RD",50.00,S,N,A,-,Y,,,101,,,,,,S,N,4,0,1,1,C,-,18,,,N,H,H,A,A,H,-,D,D,0,,,Y,,Y,,-,"- ",0,0,1,0,0,0,0,0,1,"- ","- ",35.465049999999998,-120.65066,"SAN LUIS OBISPO",ATASCADERO,-120.65074479,35.464983490000002
90178330,2016,2016-05-12,9740,2016-05-07,0850,017426,,6,1,9,4000,0,1,3,,2,008,"SR-46 WESTBOUND","WHITLEY GARDENS DR",2640.00,W,N,A,-,Y,,,46,,,,,,W,Y,4,0,4,1,A,-,03,22350,,N,E,I,A,A,H,-,A,D,0,,,,,Y,,A,07,0,0,4,0,0,0,0,0,0,"- ","- ",35.655970000000003,-120.51728,"SAN LUIS OBISPO",UNINCORPORATED,-120.51713022,35.655689760000001
90181101,2016,2016-05-17,9745,2016-05-15,2100,015144,,7,2,9,4000,0,1,2,,2,505,"US-101 SOUTHBOUND","DIVISION STREET",325.00,N,N,A,-,Y,,,101,,,,,,S,Y,3,0,1,2,A,-,03,22350,,N,C,C,A,A,H,-,D,D,0,,,,,Y,,A,07,0,1,0,0,0,0,0,0,0,"- ","- ",35.0304,-120.47789,"SAN LUIS OBISPO",UNINCORPORATED,-120.47784701,35.030446519999998
90185783,2016,2016-05-24,9745,2016-05-22,1040,017097,,7,1,9,4000,0,1,2,,1,101,"US-101 N/B","TASSAJARA CREEK ROAD",100.00,N,N,A,-,Y,,,101,,,,,,N,Y,2,0,4,1,C,-,18,,,N,E,I,A,A,H,-,A,D,0,,,,,Y,,-,"- ",1,3,0,0,0,0,0,0,0,"- ","- ",35.370579999999997,-120.64072,"SAN LUIS OBISPO",UNINCORPORATED,-120.64096786,35.37065492
90187074,2016,2016-05-25,9745,2016-05-24,1225,015734,,2,1,9,4000,0,1,3,,2,023,"SR-1 NORTHBOUND","DAIRY CREEK",0.00,,Y,A,-,Y,,,1,,,,,,N,N,3,0,1,1,A,-,03,22350,,N,F,A,A,A,H,-,A,A,0,,Y,,,Y,,L,04,0,1,0,0,0,0,1,0,0,"- ","- ",35.331159999999997,-120.735,"SAN LUIS OBISPO",UNINCORPORATED,-120.73500137000001,35.331155129999999
90187567,2016,2016-05-25,9740,2016-05-04,1440,011615,,3,2,9,4000,0,1,3,,1,015,SR-1,"ARROYO DE LA CRUZ",2112.00,S,N,B,-,Y,,,1,,,,,,,Y,3,0,1,1,A,-,01,23152,,N,F,I,A,A,H,-,A,D,0,,,,,Y,Y,D,22,0,1,0,0,0,0,0,0,0,"- ","- ",35.701430000000002,-121.30231999999999,"SAN LUIS OBISPO",UNINCORPORATED,-121.3023233,35.701425469999997
90188021,2016,2016-05-26,9745,2016-05-23,1800,020229,,1,2,2,4005,0,1,2,,2,404,"US-101 SOUTHBOUND","SPYGLASS DR",2000.00,N,N,A,-,Y,,,101,,,,,,S,N,4,0,1,2,A,-,03,22350,,N,C,C,A,A,H,-,A,D,0,,,,,Y,,A,01,0,0,1,0,0,0,0,0,0,"- ","- ",35.171559999999999,-120.69435,"SAN LUIS OBISPO","PISMO BEACH",-120.69438805999999,35.171515569999997
90188245,2016,2016-05-26,9745,2016-05-21,1730,016514,,6,2,9,4000,0,3,5,,2,003,"BUCKLEY RD","VACHELL LN",238.00,E,N,A,-,N,,,,,,,,,,N,3,0,1,2,A,-,08,22107,,N,B,G,A,A,H,-,A,D,0,,Y,,,Y,,L,04,0,1,0,0,0,0,1,0,0,"- ","- ",35.235700000000001,-120.67400000000001,"SAN LUIS OBISPO",UNINCORPORATED,-120.67489105999999,35.235715319999997
90194062,2016,2016-06-03,9745,2016-05-26,0755,013206,9745,4,1,9,4000,0,2,4,,1,025,"LOS OSOS VALLEY RD","DORIS AVE",0.00,,Y,A,-,N,,,,,,,,,,N,3,0,1,2,A,-,05,21650,,F,D,G,A,A,H,-,A,A,0,,Y,,,Y,,L,04,0,1,0,0,0,0,1,0,0,"- ","- ",35.312649999999998,-120.8479,"SAN LUIS OBISPO",UNINCORPORATED,-120.84787993,35.312680069999999
9020029,2019,2020-02-05,4006,2019-12-03,1411,62657,,2,5,4,4006,0,0,0,,0,,PALOMAR,RAMONA,177.00,S,N,A,-,N,,,,,,,,,,N,4,0,1,2,A,-,09,21804,A,N,D,G,A,A,H,-,A,A,0,,Y,,,Y,,A,07,0,0,1,0,0,0,1,0,0,"- ","- ",35.292251586914062,-120.67436981201172,"SAN LUIS OBISPO","SAN LUIS OBISPO",-120.67434692382812,35.292308807373047
90200547,2016,2016-06-13,9740,2016-05-29,1820,011615,,7,2,9,4000,0,1,2,,2,004,"US-101 S/B","10 TH ST",7181.00,N,N,A,-,Y,,,101,,,,,,S,Y,4,0,2,1,A,-,08,22107,,N,E,I,A,A,H,-,A,D,0,,,,,Y,,A,01,0,0,2,0,0,0,0,0,0,"- ","- ",35.767270000000003,-120.70283000000001,"SAN LUIS OBISPO",UNINCORPORATED,-120.70295471999999,35.767167290000003
90200586,2016,2016-06-13,9745,2016-06-07,2200,020228,,2,3,9,4000,0,1,2,,2,505,"US-101 SOUTHBOUND","EL CAMPO RD",495.00,N,N,A,-,Y,,,101,,,,,,S,N,4,0,1,2,A,-,07,21658,A,N,B,C,A,A,H,-,D,D,0,,,,,Y,,D,22,0,0,1,0,0,0,0,0,0,"- ","- ",35.111550000000001,-120.56478,"SAN LUIS OBISPO",UNINCORPORATED,-120.56479568,35.11149022
90200608,2016,2016-06-13,9740,2016-06-07,1332,015854,,2,1,9,4000,0,1,2,,2,002,"US-101 NORTHBOUND","SAN RAMON RD",165.00,S,N,A,-,Y,,,101,,,,,,N,Y,3,0,1,1,A,-,08,22107,,N,E,I,A,A,H,-,A,D,0,,,,,Y,,A,01,0,1,0,0,0,0,0,0,0,"- ","- ",35.526730000000001,-120.70424,"SAN LUIS OBISPO",UNINCORPORATED,-120.70445192,35.52662711
90200723,2016,2016-06-14,9745,2016-06-08,1410,015144,,3,2,9,4000,0,3,5,,2,004,"HALCYON RD","MIRABELLA LANE",104.00,W,N,A,-,N,,,,,,,,,,Y,4,0,1,2,A,-,09,21804,A,N,D,C,A,A,H,-,A,D,0,,,,,Y,,A,01,0,0,1,0,0,0,0,0,0,"- ","- ",35.076270000000001,-120.58083999999999,"SAN LUIS OBISPO",UNINCORPORATED,-120.58081745,35.076257699999999
90206697,2016,2016-06-21,9745,2016-06-14,1650,017151,,2,2,9,4000,0,1,3,,1,032,SR-227,"PRICE CANYON RD",1056.00,N,N,A,-,Y,,,227,,,,,,,Y,4,0,1,2,A,-,03,22350,,N,C,C,A,A,H,-,A,D,0,,,,Y,Y,,D,22,0,0,1,0,0,0,0,0,0,"- ","- ",35.202840000000002,-120.61208999999999,"SAN LUIS OBISPO",UNINCORPORATED,-120.6121649,35.202768990000003