CASE_ID,ACCIDENT_YEAR,PROC_DATE,JURIS,COLLISION_DATE,COLLISION_TIME,OFFICER_ID,REPORTING_DISTRICT,DAY_OF_WEEK,CHP_SHIFT,POPULATION,CNTY_CITY_LOC,SPECIAL_COND,BEAT_TYPE,CHP_BEAT_TYPE,CITY_DIVISION_LAPD,CHP_BEAT_CLASS,BEAT_NUMBER,PRIMARY_RD,SECONDARY_RD,DISTANCE,DIRECTION,INTERSECTION,WEATHER_1,WEATHER_2,STATE_HWY_IND,CALTRANS_COUNTY,CALTRANS_DISTRICT,STATE_ROUTE,ROUTE_SUFFIX,POSTMILE_PREFIX,POSTMILE,LOCATION_TYPE,RAMP_INTERSECTION,SIDE_OF_HWY,TOW_AWAY,COLLISION_SEVERITY,NUMBER_KILLED,NUMBER_INJURED,PARTY_COUNT,PRIMARY_COLL_FACTOR,PCF_CODE_OF_VIOL,PCF_VIOL_CATEGORY,PCF_VIOLATION,PCF_VIOL_SUBSECTION,HIT_AND_RUN,TYPE_OF_COLLISION,MVIW,PED_ACTION,ROAD_SURFACE,ROAD_COND_1,ROAD_COND_2,LIGHTING,CONTROL_DEVICE,CHP_ROAD_TYPE,PEDESTRIAN_ACCIDENT,BICYCLE_ACCIDENT,MOTORCYCLE_ACCIDENT,TRUCK_ACCIDENT,NOT_PRIVATE_PROPERTY,ALCOHOL_INVOLVED,STWD_VEHTYPE_AT_FAULT,CHP_VEHTYPE_AT_FAULT,COUNT_SEVERE_INJ,COUNT_VISIBLE_INJ,COUNT_COMPLAINT_PAIN,COUNT_PED_KILLED,COUNT_PED_INJURED,COUNT_BICYCLIST_KILLED,COUNT_BICYCLIST_INJURED,COUNT_MC_KILLED,COUNT_MC_INJURED,PRIMARY_RAMP,SECONDARY_RAMP,LATITUDE,LONGITUDE,COUNTY,CITY,POINT_X,POINT_Y
90207064,2016,2016-06-22,9745,2016-06-20,1955,016068,,1,2,9,4000,0,1,3,,2,023,"SR-1 NORTHBOUND","KANSAS AVE",1584.00,N,N,A,-,Y,,,1,,,,,,N,Y,3,0,1,1,A,-,01,23152,A,N,E,I,A,A,H,-,A,D,0,,,,,Y,Y,A,01,0,1,0,0,0,0,0,0,0,"- ","- ",35.322589999999998,-120.72049,"SAN LUIS OBISPO",UNINCORPORATED,-120.72048503000001,35.322602410000002
90207371,2016,2016-06-22,9740,2016-06-02,1325,016089,,4,1,9,4000,0,1,3,,2,005,"SR-58 E/B","NAVAJO CREEK RD",0.40,E,N,A,-,Y,,,,,,,,,,Y,3,0,1,1,A,-,08,22107,,N,F,A,A,A,H,-,A,D,0,,,,,Y,,A,07,0,1,0,0,0,0,0,0,0,"- ","- ",,,"SAN LUIS OBISPO",UNINCORPORATED,-120.22429892,35.424209349999998
90207644,2016,2016-06-22,9740,2016-06-14,1610,015167,,2,2,9,4000,0,3,5,,2,017,"MOSS LANE","EL POMAR DR",6336.00,E,N,A,-,N,,,,,,,,,,N,4,0,1,2,A,-,06,21750,,N,B,C,A,A,H,-,A,D,0,,,,,Y,,D,22,0,0,1,0,0,0,0,0,0,"- ","- ",35.546610000000001,-120.68765,"SAN LUIS OBISPO",UNINCORPORATED,-120.68229454999999,35.546607940000001
90210137,2016,2016-06-27,9745,2016-06-23,1835,014996,,4,2,9,4000,0,1,2,,2,303,"US-101 SOUTHBOUND","HIGUERA ST",528.00,N,N,A,-,Y,,,101,,,,,,S,Y,3,0,1,1,A,-,01,23152,A,N,F,A,A,A,H,-,A,D,0,,,,,Y,Y,D,22,0,1,0,0,0,0,0,0,0,"- ","- ",35.226990000000001,-120.69154,"SAN LUIS OBISPO",UNINCORPORATED,-120.69141587999999,35.226984620000003
90211329,2016,2016-06-28,9740,2016-06-18,1150,014662,,6,1,9,4000,0,1,2,,2,001,"US 101 S/B",SR-58,6336.00,N,N,A,-,Y,,,,,,,,,,Y,3,0,1,2,A,-,07,21658,A,N,H,A,A,A,H,-,A,D,0,,,,,Y,,A,01,0,1,0,0,0,0,0,0,0,"- ","- ",35.621499999999997,-120.6215,"SAN LUIS OBISPO",UNINCORPORATED,,
90211549,2016,2016-06-28,9745,2016-06-27,1810,016002,,1,2,9,4000,0,2,4,,1,051,"LOS BERROS RD.","FALCON CREST DR",80.00,E,N,A,-,N,,,,,,,,,,Y,4,0,1,1,A,-,08,22107,,N,E,I,A,A,H,-,A,D,0,,,,,Y,,A,01,0,0,1,0,0,0,0,0,0,"- ","- ",35.101219999999998,-120.5719,"SAN LUIS OBISPO",UNINCORPORATED,-120.57176627,35.101072960000003
90215381,2016,2016-07-04,9740,2016-06-22,1630,019096,,3,2,4,4008,0,1,2,,2,002,"US-101 NORTHBOUND","DEL RIO RD",250.00,S,N,A,-,Y,,,101,,,,,,N,N,4,0,1,2,A,-,03,22350,,N,C,C,A,A,H,-,A,D,0,,,,,Y,,A,07,0,0,1,0,0,0,0,0,0,"- ","- ",35.511969999999998,-120.69837,"SAN LUIS OBISPO",ATASCADERO,-120.69842556,35.511931130000001
90215395,2016,2016-07-04,9740,2016-06-24,0510,017426,,5,3,3,4004,0,1,2,,2,003,"US-101 NORTHBOUND",SR-46W,1500.00,N,N,A,-,Y,,,101,,,,,,N,Y,4,0,1,2,A,-,03,22350,,N,C,C,A,A,H,-,C,D,0,,,,,Y,,A,01,0,0,1,0,0,0,0,0,0,"- ","- ",35.594949999999997,-120.69539,"SAN LUIS OBISPO","PASO ROBLES",-120.69524551000001,35.594946610000001
90215407,2016,2016-07-04,9740,2016-06-25,2045,014543,,6,2,9,4000,0,3,5,,2,019,"RIVER RD.","WELLSONA RD",3168.00,S,N,A,-,N,,,,,,,,,,Y,4,0,1,1,A,-,08,22107,,N,E,I,A,A,H,-,D,D,0,,,,,Y,,A,01,0,0,1,0,0,0,0,0,0,"- ","- ",35.686399999999999,-120.68409,"SAN LUIS OBISPO",UNINCORPORATED,-120.68095,35.69585
90215733,2016,2016-07-05,9745,2016-07-02,2330,020144,,6,3,9,4000,0,3,5,,2,005,"DIVISION STREET","LAS FLORES DR",528.00,S,N,A,-,N,,,,,,,,,,Y,4,0,1,1,A,-,01,23152,A,N,E,I,A,A,H,-,D,D,0,,,,,Y,Y,A,08,0,0,1,0,0,0,0,0,0,"- ","- ",35.009030000000003,-120.49545000000001,"SAN LUIS OBISPO",UNINCORPORATED,-120.49522835,35.009304669999999
9021605,2019,2020-02-06,4008,2019-12-23,1808,2030,,1,5,4,4008,0,0,0,,0,,"SAN ANDRES AV","TECORIDA AV",20.00,E,N,A,-,N,,,,,,,,,,N,4,0,1,1,A,-,21,22106,,N,G,B,A,A,H,-,A,D,0,,,,,Y,,A,01,0,0,1,0,0,0,0,0,0,"- ","- ",35.480789184570312,-120.66529083251953,"SAN LUIS OBISPO",ATASCADERO,-120.66508483886719,35.480792999267578
90216167,2016,2016-08-23,9740,2016-06-19,1823,011615,,7,2,9,4000,0,1,3,,1,015,SR-1,"ARROYO DE LA CRUZ",3062.00,N,N,A,-,Y,,,,,,,,,,Y,2,0,6,2,A,-,05,21460,,N,A,C,A,A,H,-,A,D,0,,,,,Y,,A,01,4,0,2,0,0,0,0,0,0,"- ","- ",35.717010000000002,-121.3096,"SAN LUIS OBISPO",UNINCORPORATED,,
90217057,2016,2016-07-06,9745,2016-07-05,1730,017930,,2,2,9,4000,0,1,2,,2,202,"US-101 NORTHBOUND","CALIFORNIA BLVD",250.00,N,N,A,-,Y,,,,,,,,,,Y,3,0,1,2,A,-,03,22350,,N,C,C,A,A,H,-,A,D,0,,,,,Y,,D,22,0,1,0,0,0,0,0,0,0,"- ","- ",35.29045,-120.65855000000001,"SAN LUIS OBISPO",UNINCORPORATED,-120.65867579,35.290296810000001
90219109,2016,2016-07-08,9745,2016-06-30,1855,016002,,4,2,9,4000,0,1,2,,2,505,"US-101 SOUTHBOUND","WILLOW RD.",5280.00,N,N,A,-,Y,,,101,,,,,,S,Y,4,0,2,5,A,-,03,22350,,M,C,C,A,A,H,-,A,D,0,,,,,Y,,B,07,0,0,2,0,0,0,0,0,0,"- ","- ",35.066769999999998,-120.51167,"SAN LUIS OBISPO",UNINCORPORATED,-120.51175696999999,35.066689609999997
90220697,2016,2016-07-12,9745,2016-07-10,0907,020229,,7,1,9,4000,0,1,2,,2,505,"US-101 NORTHBOUND",SR-166,10032.00,N,N,A,-,Y,,,101,,,,,,N,Y,3,0,2,2,A,-,09,21804,A,N,B,C,A,A,H,-,A,D,0,,,,,Y,,A,01,0,1,1,0,0,0,0,0,0,"- ","- ",35.003279999999997,-120.43928,"SAN LUIS OBISPO",UNINCORPORATED,-120.43927834,35.003281710000003
90225531,2016,2016-07-19,9745,2016-07-14,1630,016002,,4,2,9,4000,0,1,2,,2,505,"US-101 SOUTHBOUND","TEFFT ST.",6336.00,S,N,A,-,Y,,,101,,,,,,S,Y,4,0,1,3,A,-,03,22350,,N,D,C,A,A,H,-,A,D,0,,,,,Y,,A,01,0,0,1,0,0,0,0,0,0,"- ","- ",35.022069999999999,-120.46876,"SAN LUIS OBISPO",UNINCORPORATED,-120.46877596,35.022053640000003
90225802,2016,2016-07-19,9740,2016-07-04,1042,015644,,1,1,3,4004,0,3,5,,2,022,"INTERLAKE RD","LYNCH CANYON RD",5280.00,E,N,A,-,N,,,,,,,,,,N,2,0,2,2,A,-,03,22350,,N,C,C,A,A,H,-,A,D,0,,,Y,,Y,,C,02,1,1,0,0,0,0,0,0,2,"- ","- ",35.98836,-120.94767,"SAN LUIS OBISPO","PASO ROBLES",-120.94818535,35.788461429999998
90229863,2016,2016-07-25,9745,2016-07-17,1555,017930,,7,2,9,4000,0,2,4,,1,046,"PRICE CANYON RD","THOUSAND HILLS RD",1478.00,E,N,A,-,N,,,,,,,,,,Y,2,0,3,3,A,-,03,22350,,N,C,C,A,A,H,-,A,D,0,,,,,Y,Y,A,01,1,1,1,0,0,0,0,0,0,"- ","- ",35.166159999999998,-120.62935,"SAN LUIS OBISPO",UNINCORPORATED,-120.62936603999999,35.166169429999997
90230666,2016,2016-07-26,9745,2016-07-14,0740,013937,,4,1,3,4001,0,1,2,,2,402,"US-101 NORTHBOUND FROM GRAND AVE","GRAND AVE",200.00,N,N,B,-,Y,,,101,,,,R,,N,Y,3,0,1,2,A,-,17,23114,A,N,E,I,A,D,G,-,A,D,0,,,,Y,Y,,F,26,0,1,0,0,0,0,0,0,0,"- ","- ",35.121920000000003,-120.58341,"SAN LUIS OBISPO","ARROYO GRANDE",-120.58341,35.121920000000003
90236827,2016,2016-08-03,9745,2016-07-29,0300,013212,,5,3,9,4000,0,3,5,,2,002,"O'CONNER WAY","PARTNER RD",1056.00,N,N,A,-,N,,,,,,,,,,Y,4,0,1,1,A,-,08,22107,,N,E,I,A,A,H,-,A,D,0,,,,,Y,,A,01,0,0,1,0,0,0,0,0,0,"- ","- ",35.292340000000003,-120.71634,"SAN LUIS OBISPO",UNINCORPORATED,-120.71644979,35.292378390000003
90237853,2016,2016-08-04,9740,2016-07-29,2340,014543,,5,3,9,4000,0,3,5,,2,019,"ESTRELLA RD","AIRPORT RD",2112.00,W,N,A,-,N,,,,,,,,,,Y,3,0,1,1,A,-,01,23152,A,N,E,I,A,A,H,-,D,D,0,,,,,Y,Y,A,01,0,1,0,0,0,0,0,0,0,"- ","- ",35.718069999999997,-120.64869,"SAN LUIS OBISPO",UNINCORPORATED,-120.64752780000001,35.718070240000003
9023845,2019,2020-02-04,4006,2019-12-03,1023,62657,,2,5,4,4006,0,0,0,,0,,MADONNA,"RT 101",100.00,S,N,A,-,N,,,,,,,,,,N,4,0,1,2,A,-,03,22350,,N,C,G,A,A,H,-,A,A,0,,Y,,,Y,,L,04,0,0,1,0,0,0,1,0,0,"- ",SO,35.264301300048828,-120.67613220214844,"SAN LUIS OBISPO","SAN LUIS OBISPO",-120.67613220214844,35.264301300048828
90240802,2016,2016-08-09,9740,2016-07-23,0914,014465,,6,1,9,4000,0,1,3,,1,009,SR-46,"ANTELOPE RD",145.00,E,N,A,-,Y,,,46,,,,,,,Y,2,0,7,2,A,-,06,21751,,N,A,C,A,A,H,-,A,D,0,,,,,Y,,A,01,3,2,2,0,0,0,0,0,0,"- ","- ",35.743670000000002,-120.22848,"SAN LUIS OBISPO",UNINCORPORATED,-120.22848461,35.743728920000002
90242201,2016,2016-08-10,9740,2016-08-03,1310,016089,,3,1,9,4000,0,1,3,,1,014,"SR-1 S/B","VISTA DEL MAR AVE",0.00,,Y,A,-,Y,,,1,,,,,,S,Y,3,0,4,2,A,-,09,21801,A,N,A,C,A,A,H,-,A,A,0,,,,,Y,,A,07,0,2,2,0,0,0,0,0,0,"- ","- ",35.610430000000001,-121.14153,"SAN LUIS OBISPO",UNINCORPORATED,-121.14140137,35.610580030000001
90244396,2016,2016-08-15,9740,2016-07-31,1525,016849,,7,2,9,4000,0,1,3,,2,005,SR-58,"LA PANZA ROAD",8976.00,E,N,A,-,Y,,,58,,,,,,,Y,3,0,1,1,A,-,08,22107,,N,F,A,A,A,H,-,A,D,0,,,Y,,Y,,C,02,0,1,0,0,0,0,0,0,1,"- ","- ",35.461260000000003,-120.35017000000001,"SAN LUIS OBISPO",UNINCORPORATED,-120.35017008,35.461252620000003
90244400,2016,2016-08-15,9740,2016-08-04,2247,015644,,4,3,3,4004,0,1,2,,2,003,"US-101 SOUTHBOUND","SPRING ST",10.00,S,N,A,-,Y,,,101,,,,,,S,Y,4,0,1,1,A,-,01,23152,A,N,E,I,A,A,H,-,C,D,0,,,,,Y,Y,A,01,0,0,1,0,0,0,0,0,0,"- ","- ",35.653300000000002,-120.69370000000001,"SAN LUIS OBISPO","PASO ROBLES",-120.69368799999999,35.653331559999998
90244887,2016,2016-08-15,9745,2016-08-04,0855,013937,,4,1,9,4000,0,2,4,,1,025,"TURRI RD","LOS OSOS VALLEY RD",0.00,,Y,B,-,N,,,,,,,,,,Y,2,0,2,2,A,-,01,23152,E,N,D,C,A,A,H,-,A,A,0,,,,,Y,,A,01,1,0,1,0,0,0,0,0,0,"- ","- ",35.299950000000003,-120.77661000000001,"SAN LUIS OBISPO",UNINCORPORATED,-120.77661996,35.299960120000001
90245378,2016,2016-08-16,9740,2016-07-30,1404,019096,,6,2,9,4000,0,1,3,,2,011,SR-46,"VINEYARD DR",0.00,,Y,A,-,Y,,,46,,,,,,,Y,4,0,2,2,A,-,09,21802,A,N,D,C,A,A,H,-,A,A,0,,,,,Y,Y,A,07,0,0,2,0,0,0,0,0,0,"- ","- ",35.553179999999998,-120.7612,"SAN LUIS OBISPO",UNINCORPORATED,-120.76134641,35.553455620000001
90248709,2016,2016-08-19,9745,2016-08-10,1505,018021,,3,2,9,4000,0,2,4,,1,051,"LOS BERROS RD","MILTON ST",150.00,E,N,A,-,N,,,,,,,,,,Y,4,0,2,2,A,-,05,21460,A,N,D,C,A,A,H,-,A,D,0,,,,,Y,,A,07,0,0,2,0,0,0,0,0,0,"- ","- ",35.08229,-120.55167,"SAN LUIS OBISPO",UNINCORPORATED,-120.55189218,35.082350460000001
90248737,2016,2016-08-19,9740,2016-08-08,0820,013417,,1,1,9,4000,0,3,5,,2,017,"LAS TABLAS RD.","US-101 NORTHBOUND",0.00,,Y,A,-,N,,,,,,,,,,Y,3,0,1,2,A,-,17,21451,A,N,B,C,A,A,H,-,A,A,0,,,,,Y,,A,01,0,1,0,0,0,0,0,0,0,"- ","- ",35.554200000000002,-120.71156999999999,"SAN LUIS OBISPO",UNINCORPORATED,-120.71218986,35.554380100000003
90249399,2016,2016-08-22,9745,2016-08-19,1710,015144,,5,2,9,4000,0,2,4,,1,049,"CORBETT CANYON RD","DAIRY LN",528.00,N,N,A,-,N,,,,,,,,,,Y,3,0,2,1,A,-,01,23152,A,F,F,A,A,A,H,-,A,D,0,,,,,Y,Y,A,01,0,2,0,0,0,0,0,0,0,"- ","- ",35.180880000000002,-120.57129999999999,"SAN LUIS OBISPO",UNINCORPORATED,-120.57172662000001,35.180681720000003
90249621,2016,2016-08-22,9740,2016-07-31,1220,019259,,7,1,9,4000,0,1,3,,2,008,SR-46,"SHANDON REST AREA",0.00,,Y,A,-,Y,,,46,,,,,,,Y,3,0,4,3,A,-,08,22107,,N,D,C,A,A,H,-,A,D,0,,,,Y,Y,,A,01,0,4,0,0,0,0,0,0,0,"- ","- ",35.675310000000003,-120.34772,"SAN LUIS OBISPO",UNINCORPORATED,-120.34782662000001,35.675483280000002
90249657,2016,2016-08-22,9745,2016-08-13,1802,018021,,6,2,2,4005,0,1,2,,2,404,"US-101 NORTHBOUND","SPYGLASS DR",3696.00,N,N,A,-,Y,,,101,,,,,,N,Y,3,0,1,1,A,-,01,23152,A,N,E,I,A,A,H,-,A,D,0,,,,,Y,Y,A,07,0,1,0,0,0,0,0,0,0,"- ","- ",35.171289999999999,-120.69343000000001,"SAN LUIS OBISPO","PISMO BEACH",-120.69347308,35.171246150000002
90250370,2016,2016-08-23,9740,2016-08-05,2050,013246,,5,2,9,4000,0,3,5,,2,016,"SODA LAKE RD","PANORAMA RD.",46464.00,S,N,A,-,N,,,,,,,,,,Y,4,0,1,1,A,-,08,22107,,N,F,A,A,A,G,-,D,D,0,,,,,Y,,A,08,0,0,1,0,0,0,0,0,0,"- ","- ",35.074800000000003,-119.66160000000001,"SAN LUIS OBISPO",UNINCORPORATED,-119.66178238000001,35.074683880000002
90251144,2016,2016-08-23,9745,2016-08-14,1715,017968,,7,2,9,4000,0,1,2,,2,505,"US-101 S/B","LOS BERROS ROAD",528.00,S,N,A,-,Y,,,101,,,,,,S,N,4,0,1,2,A,-,03,22350,,N,C,C,A,A,H,-,A,D,0,,,,,Y,,A,01,0,0,1,0,0,0,0,0,0,"- ","- ",35.066409999999998,-120.51125999999999,"SAN LUIS OBISPO",UNINCORPORATED,-120.51138864000001,35.066291100000001
90251540,2016,2016-08-24,9745,2016-08-18,0710,020144,,4,1,9,4000,0,1,3,,1,043,SR-1,"TIENDA PL",1584.00,S,N,B,-,Y,,,1,,,,,,,Y,4,0,1,1,A,-,08,22107,,N,E,I,A,A,H,-,A,D,0,,,,,Y,,A,01,0,0,1,0,0,0,0,0,0,"- ","- ",35.061010000000003,-120.59705,"SAN LUIS OBISPO",UNINCORPORATED,-120.59712673999999,35.06099777
90251916,2016,2016-08-24,9745,2016-08-14,1325,017541,,7,1,9,4000,0,1,2,,2,505,"US-101 NORTHBOUND","NIPOMO CREEK",2640.00,N,N,A,-,Y,,,101,,,,,,N,Y,4,0,2,2,A,-,03,22350,,N,C,C,A,A,H,-,A,D,0,,,,,Y,,A,01,0,0,2,0,0,0,0,0,0,"- ","- ",35.006630000000001,-120.44438,"SAN LUIS OBISPO",UNINCORPORATED,-120.44444099,35.006516699999999
90252402,2016,2016-08-25,9740,2016-07-25,1710,015167,,1,2,9,4000,0,1,2,,2,004,"US101 (N/B)","N. SPRING STREET",0.00,,N,A,-,Y,,,101,,,,,,,Y,2,0,3,2,C,-,18,,,N,C,C,A,A,H,-,A,D,0,,,,,Y,,-,"- ",3,0,0,0,0,0,0,0,0,"- ","- ",35.656440000000003,-120.69691,"SAN LUIS OBISPO",UNINCORPORATED,-120.69735666,35.656184760000002
90254625,2016,2016-08-26,9745,2016-08-21,1544,017968,,7,2,2,4005,0,1,2,,2,404,"US-101 N/B","SHELL BEACH ROAD",528.00,S,N,A,-,Y,,,101,,,,,,N,Y,3,0,4,2,A,-,03,22350,,N,C,C,A,A,H,-,A,D,0,,,,,Y,,A,08,0,1,3,0,0,0,0,0,0,"- ","- ",35.149700000000003,-120.64973999999999,"SAN LUIS OBISPO","PISMO BEACH",-120.64977816,35.14960241
90255941,2016,2016-08-29,9745,2016-08-20,1752,018021,,6,2,9,4000,0,3,5,,2,005,"HUTTON RD","VISTA DEL RIO",689.00,S,N,A,-,N,,,,,,,,,,Y,4,0,1,4,A,-,03,22350,,N,C,C,A,A,H,-,A,D,0,,,,,Y,,A,01,0,0,1,0,0,0,0,0,0,"- ","- ",35.003480000000003,-120.44002999999999,"SAN LUIS OBISPO",UNINCORPORATED,-120.44006288,35.00346038
90256883,2016,2016-08-30,9745,2016-08-22,0220,016773,,1,3,9,4000,0,2,4,,1,048,"AVILA BEACH DRIVE","LUCAS LN",182.00,W,N,A,-,N,,,,,,,,,,Y,2,0,1,2,A,-,01,23152,A,N,B,E,A,A,H,-,C,D,0,,,,,Y,Y,A,01,1,0,0,0,0,0,0,0,0,"- ","- ",35.18159,-120.72999,"SAN LUIS OBISPO",UNINCORPORATED,-120.73045938999999,35.181786289999998
90257041,2016,2016-08-30,9740,2016-08-18,1325,019259,,4,1,3,4004,0,1,2,,2,003,"PINE STREET","RIVERSIDE AVE",0.00,,Y,A,-,N,,,,,,,,,,Y,3,0,2,2,A,-,09,21802,A,N,D,C,A,A,H,-,A,D,0,,,,,Y,,A,07,0,1,1,0,0,0,0,0,0,"- ","- ",35.617600000000003,-120.6875,"SAN LUIS OBISPO","PASO ROBLES",-120.6876299,35.61768
90257579,2016,2016-08-31,9745,2016-08-22,0541,015734,,1,3,9,4000,0,1,3,,1,041,"SR-1 SOUTHBOUND","OSO FLACO LAKE RD",0.00,,Y,B,-,Y,,,1,,,,,,S,Y,3,0,1,2,A,-,09,21801,A,N,D,C,A,A,H,-,D,D,0,,,,,Y,,A,07,0,1,0,0,0,0,0,0,0,"- ","- ",35.010779999999997,-120.56757,"SAN LUIS OBISPO",UNINCORPORATED,-120.56758843,35.010787559999997
90258126,2016,2016-08-31,9740,2016-08-25,2150,015644,,4,2,9,4000,0,2,4,,2,012,"NACIMIENTO LAKE DR (G-14)","CHIMNEY ROCK RD",1320.00,N,N,A,-,N,,,,,,,,,,Y,2,0,1,1,A,-,01,23152,F,N,E,I,A,A,H,-,D,D,0,,,,,Y,Y,D,22,1,0,0,0,0,0,0,0,0,"- ","- ",36.691400000000002,-120.8004,"SAN LUIS OBISPO",UNINCORPORATED,-120.79337868,35.690396389999997
90258335,2016,2016-08-31,9745,2016-08-28,1330,016773,,7,1,2,4005,0,1,2,,2,404,"US-101 SOUTHBOUND","FIVE CITIES DR",1214.00,N,N,A,-,Y,,,101,,,,,,S,Y,3,0,1,1,A,-,08,22107,,N,F,A,A,A,H,-,A,D,0,,,,,Y,,D,22,0,1,0,0,0,0,0,0,0,"- ","- ",35.138640000000002,-120.63342,"SAN LUIS OBISPO","PISMO BEACH",-120.63342165,35.13863242
90259191,2016,2016-09-01,9745,2016-08-30,1840,016068,,2,2,9,4000,0,1,3,,1,032,SR-227,"PRICE CANYON ROAD",2640.00,N,N,A,-,Y,,,227,,,,,,,Y,3,0,1,1,A,-,08,22107,,N,E,I,A,A,H,-,A,D,0,,,,,Y,,A,01,0,1,0,0,0,0,0,0,0,"- ","- ",35.205199999999998,-120.61367,"SAN LUIS OBISPO",UNINCORPORATED,-120.61374375,35.205163630000001
90259349,2016,2016-09-01,9745,2016-08-27,0650,016390,,6,1,9,4000,0,1,3,,1,045,SR-1,"OSO FLACO LAKE RD",0.00,,Y,A,-,Y,,,1,,,,,,,Y,4,0,1,2,A,-,09,21802,A,N,D,C,A,A,H,-,A,A,0,,,,,Y,,D,22,0,0,1,0,0,0,0,0,0,"- ","- ",35.010750000000002,-120.56758000000001,"SAN LUIS OBISPO",UNINCORPORATED,-120.56760048,35.010758500000001
90259995,2016,2016-09-02,9745,2016-08-27,1215,017817,,6,1,9,4000,0,2,4,,1,048,"AVILA BEACH DRIVE","DIABLO CANYON RD",2400.00,E,N,A,-,N,,,,,,,,,,N,3,0,1,2,A,-,08,22107,,N,B,G,A,A,H,-,A,D,0,,Y,,,Y,,L,04,0,1,0,0,0,0,1,0,0,"- ","- ",35.178190000000001,-120.74805000000001,"SAN LUIS OBISPO",UNINCORPORATED,-120.74827852999999,35.178127189999998
90261029,2016,2016-09-08,9740,2016-08-11,1710,013133,,4,2,9,4000,0,1,3,,2,010,SR-41,"RT 46",21120.00,N,N,A,-,Y,,,41,,,,,,,Y,4,0,1,2,A,-,05,21460,A,N,A,C,A,A,H,-,A,D,0,,,,Y,Y,Y,A,01,0,0,1,0,0,0,0,0,0,"- ","- ",35.77814,-120.22548,"SAN LUIS OBISPO",UNINCORPORATED,-120.22545937,35.778100790000003
90262704,2016,2016-09-07,9745,2016-09-02,1950,020689,,5,2,9,4000,0,1,2,,2,505,"US-101 SOUTHBOUND","EL CAMPO RD",0.00,,Y,A,-,Y,,,101,,,,,,S,Y,2,0,3,2,A,-,17,24250,,N,D,C,A,A,H,-,D,A,0,,,,Y,Y,,A,01,1,1,1,0,0,0,0,0,0,"- ","- ",35.111150000000002,-120.56362,"SAN LUIS OBISPO",UNINCORPORATED,-120.56361531,35.111165720000002
90262809,2016,2016-09-07,9745,2016-09-03,1915,020689,,6,2,9,4000,0,3,5,,2,005,"POMEROY RD","GRANT AVE",0.00,,Y,A,-,N,,,,,,,,,,Y,3,0,1,2,A,-,08,22107,,N,A,E,A,A,H,-,D,D,0,,,,,Y,,A,01,0,1,0,0,0,0,0,0,0,"- ","- ",35.076529999999998,-120.54302,"SAN LUIS OBISPO",UNINCORPORATED,-120.54303987999999,35.076660019999998
90264978,2016,2016-09-09,9745,2016-09-04,1026,018021,,7,1,2,4005,0,1,2,,2,404,"US-101 NORTHBOUND","PISMO CREEK",10.00,S,N,A,-,Y,,,101,,,,,,N,Y,4,0,3,2,A,-,03,22350,,N,B,I,A,A,H,-,A,D,0,,,,,Y,,A,07,0,0,3,0,0,0,0,0,0,"- ","- ",35.138419999999996,-120.63088,"SAN LUIS OBISPO","PISMO BEACH",-120.63089573000001,35.138347189999998
90266002,2016,2016-09-12,9740,2016-09-03,1620,016849,,6,2,9,4000,0,3,5,,2,022,"SANTA ROSA CREEK ROAD","SR-46 WEST",1584.00,N,N,A,-,N,,,,,,,,,,N,2,0,1,1,A,-,08,22107,,N,F,A,A,A,H,-,A,D,0,,,Y,,Y,,C,02,1,0,0,0,0,0,0,0,1,"- ","- ",35.537149999999997,-120.8625,"SAN LUIS OBISPO",UNINCORPORATED,-120.86237260999999,35.537201709999998
90266390,2016,2016-09-13,9745,2016-09-10,2000,020144,,6,2,9,4000,0,3,5,,2,005,"UPPER LOS BERROS RD","DANA FOOTHILL RD",1584.00,E,N,A,-,N,,,,,,,,,,Y,3,0,1,1,A,-,01,23152,A,N,F,A,A,A,H,-,D,D,0,,,,,Y,Y,D,22,0,1,0,0,0,0,0,0,0,"- ","- ",35.0916,-120.50659,"SAN LUIS OBISPO",UNINCORPORATED,-120.50640269,35.090696469999997
90266787,2016,2016-09-13,9740,2016-07-25,0435,018323,,1,3,9,4000,0,1,2,,2,001,"US-101 NORTHBOUND","SAN DIEGO WAY",393.00,S,N,A,-,Y,,,,,,,,,,Y,1,1,0,1,A,-,08,22107,,N,E,I,A,A,H,-,C,D,0,,,,,Y,,A,01,0,0,0,0,0,0,0,0,0,"- ","- ",35.45093,-120.63968,"SAN LUIS OBISPO",UNINCORPORATED,,
90269186,2016,2016-09-16,9745,2016-09-14,0725,016390,,3,1,9,4000,0,1,3,,1,041,"RT 1","HALCYON ROAD",400.00,N,N,A,-,Y,,,1,,,,,,,Y,4,0,2,2,A,-,03,22350,,N,C,C,A,A,H,-,A,D,0,,,,,Y,,A,01,0,0,2,0,0,0,0,0,0,"- ","- ",35.098100000000002,-120.5934,"SAN LUIS OBISPO",UNINCORPORATED,-120.59340227,35.098180489999997