CASE_ID,ACCIDENT_YEAR,PROC_DATE,JURIS,COLLISION_DATE,COLLISION_TIME,OFFICER_ID,REPORTING_DISTRICT,DAY_OF_WEEK,CHP_SHIFT,POPULATION,CNTY_CITY_LOC,SPECIAL_COND,BEAT_TYPE,CHP_BEAT_TYPE,CITY_DIVISION_LAPD,CHP_BEAT_CLASS,BEAT_NUMBER,PRIMARY_RD,SECONDARY_RD,DISTANCE,DIRECTION,INTERSECTION,WEATHER_1,WEATHER_2,STATE_HWY_IND,CALTRANS_COUNTY,CALTRANS_DISTRICT,STATE_ROUTE,ROUTE_SUFFIX,POSTMILE_PREFIX,POSTMILE,LOCATION_TYPE,RAMP_INTERSECTION,SIDE_OF_HWY,TOW_AWAY,COLLISION_SEVERITY,NUMBER_KILLED,NUMBER_INJURED,PARTY_COUNT,PRIMARY_COLL_FACTOR,PCF_CODE_OF_VIOL,PCF_VIOL_CATEGORY,PCF_VIOLATION,PCF_VIOL_SUBSECTION,HIT_AND_RUN,TYPE_OF_COLLISION,MVIW,PED_ACTION,ROAD_SURFACE,ROAD_COND_1,ROAD_COND_2,LIGHTING,CONTROL_DEVICE,CHP_ROAD_TYPE,PEDESTRIAN_ACCIDENT,BICYCLE_ACCIDENT,MOTORCYCLE_ACCIDENT,TRUCK_ACCIDENT,NOT_PRIVATE_PROPERTY,ALCOHOL_INVOLVED,STWD_VEHTYPE_AT_FAULT,CHP_VEHTYPE_AT_FAULT,COUNT_SEVERE_INJ,COUNT_VISIBLE_INJ,COUNT_COMPLAINT_PAIN,COUNT_PED_KILLED,COUNT_PED_INJURED,COUNT_BICYCLIST_KILLED,COUNT_BICYCLIST_INJURED,COUNT_MC_KILLED,COUNT_MC_INJURED,PRIMARY_RAMP,SECONDARY_RAMP,LATITUDE,LONGITUDE,COUNTY,CITY,POINT_X,POINT_Y
90270617,2016,2016-09-19,9745,2016-09-15,1624,016002,,4,2,9,4000,0,1,2,,2,303,"US-101 SOUTHBOUND","AVILA BEACH DRIVE",528.00,S,N,A,-,Y,,,101,,,,,,S,N,4,0,1,2,A,-,03,22350,,N,C,C,A,A,H,-,A,D,0,,,,,Y,,A,01,0,0,1,0,0,0,0,0,0,"- ","- ",35.178800000000003,-120.69871000000001,"SAN LUIS OBISPO",UNINCORPORATED,-120.69874727,35.178775250000001
9027252,2020,2020-02-20,4008,2020-01-26,0319,,1047,7,5,4,4008,0,0,0,,0,,"SANTA LUCIA RD","SAN GABRIEL RD",648.00,E,N,A,-,N,,,,,,,,,,Y,4,0,1,1,A,-,03,22350,,N,F,A,A,A,H,-,D,D,0,,,,,Y,,A,01,0,0,1,0,0,0,0,0,0,"- ","- ",35.481098175048828,-120.69783020019531,"SAN LUIS OBISPO",ATASCADERO,-120.69617462158203,35.482242584228516
90273730,2016,2016-09-22,9745,2016-09-14,0005,014996,,3,3,9,4000,0,1,2,,2,505,"US 101 S/B TO WILLOW ROAD","WILLOW RD",528.00,N,N,A,-,Y,,,,,,,,,,Y,3,0,1,1,A,-,01,23152,A,N,F,A,A,A,H,-,C,D,0,,,,,Y,Y,A,07,0,1,0,0,0,0,0,0,0,"- ","- ",35.055900000000001,-120.50301,"SAN LUIS OBISPO",UNINCORPORATED,,
90275482,2016,2016-09-26,9740,2016-08-27,1100,017426,,6,1,9,4000,0,3,5,,2,017,"RAMADA DR","CALLE PROPANO",15.00,N,N,A,-,N,,,,,,,,,,Y,1,1,0,1,A,-,08,22107,,N,E,I,A,A,H,-,A,A,0,,,,,Y,,A,01,0,0,0,0,0,0,0,0,0,"- ","- ",35.58849,-120.69490999999999,"SAN LUIS OBISPO",UNINCORPORATED,-120.69495555,35.588579469999999
90277197,2016,2016-09-27,9740,2016-09-15,1905,013984,,4,2,9,4000,0,1,3,,2,011,"SR 46 WEST","GREEN VALLEY RD",7920.00,E,N,A,-,Y,,,46,,,,,,,Y,2,0,1,2,A,-,01,23152,A,N,E,I,A,A,H,-,D,D,0,,,,,Y,Y,A,01,1,0,0,0,0,0,0,0,0,"- ","- ",35.539239999999999,-120.98121,"SAN LUIS OBISPO",UNINCORPORATED,-120.98121431,35.539333659999997
90277305,2016,2016-09-27,9740,2016-09-10,1155,013733,,6,1,9,4000,0,1,2,,2,004,"U.S. 101 N/B","WELLSONA RD",0.00,,Y,A,-,Y,,,,,,,,,,Y,3,0,2,2,A,-,09,21802,A,N,D,C,A,A,H,-,A,A,0,,,,,Y,,A,07,0,2,0,0,0,0,0,0,0,"- ","- ",35.695540000000001,-120.69665999999999,"SAN LUIS OBISPO",UNINCORPORATED,-120.69653,35.69585008
90279407,2016,2016-09-29,9745,2016-09-24,0140,016514,,6,3,9,4000,0,1,3,,2,023,"SR-1 NORTHBOUND","EDUCATION DR",528.00,N,N,A,-,Y,,,1,,,,,,N,Y,3,0,1,1,A,-,01,23152,A,N,F,A,A,A,H,-,C,D,0,,,,,Y,Y,A,01,0,1,0,0,0,0,0,0,0,"- ","- ",35.333680000000001,-120.74418,"SAN LUIS OBISPO",UNINCORPORATED,-120.74419042,35.333538660000002
9028252,2019,2020-02-03,4006,2019-12-29,1732,68099,,7,5,4,4006,0,0,0,,0,,LAUREL,AUGUSTA,0.00,,Y,A,-,N,,,,,,,,,,N,4,0,1,2,A,-,10,21950,A,N,G,B,B,A,H,-,C,A,0,Y,,,,Y,,D,22,0,0,1,0,1,0,0,0,0,"- ","- ",35.266799926757812,-120.63951873779297,"SAN LUIS OBISPO","SAN LUIS OBISPO",-120.63951110839844,35.266860961914062
90283060,2016,2016-10-04,9745,2016-09-30,2210,015144,,5,3,9,4000,0,3,5,,2,002,"MOUNTAIN VIEW DR","RAMONA AVE",288.00,S,N,A,-,N,,,,,,,,,,Y,3,0,1,2,A,-,01,23152,A,N,C,E,A,A,H,-,D,D,0,,,,,Y,Y,D,22,0,1,0,0,0,0,0,0,0,"- ","- ",35.31982,-120.82442,"SAN LUIS OBISPO",UNINCORPORATED,-120.82439850999999,35.31981888
90284396,2016,2016-10-05,9740,2016-09-22,1221,018323,,4,1,9,4000,0,3,5,,2,017,"SOUTH MAIN STREET","1ST STREET",0.00,,Y,A,-,N,,,,,,,,,,Y,3,0,1,2,A,-,03,22350,,N,C,C,A,A,H,-,A,D,0,,,,,Y,,D,22,0,1,0,0,0,0,0,0,0,"- ","- ",35.552239999999998,-120.70272,"SAN LUIS OBISPO",UNINCORPORATED,-120.70271999000001,35.552250010000002
90284484,2016,2016-10-05,9745,2016-09-24,1527,017817,,6,2,9,4000,0,1,3,,1,041,"SR-1 NORTHBOUND","PIER AVE.",10.00,S,N,A,-,Y,,,1,,,,,,N,N,4,0,1,2,A,-,21,22106,,N,C,C,A,A,H,-,A,D,0,,,,,Y,,A,01,0,0,1,0,0,0,0,0,0,"- ","- ",35.107909999999997,-120.62412999999999,"SAN LUIS OBISPO",UNINCORPORATED,-120.6237689,35.10807372
90284946,2016,2016-10-05,9745,2016-09-27,0743,017541,,2,1,9,4000,0,1,2,,2,404,"US-101 NORTHBOUND","4TH STREET",1584.00,S,N,A,-,Y,,,,,,,,,,N,4,0,2,3,A,-,03,22350,,N,C,C,A,A,H,-,A,D,0,,,,,Y,,A,01,0,0,2,0,0,0,0,0,0,"- ","- ",35.13353,-120.61548999999999,"SAN LUIS OBISPO",UNINCORPORATED,-120.61721598,35.134103850000002
90285441,2016,2016-10-06,9745,2016-09-29,0935,013531,,4,1,9,4000,0,1,3,,1,045,SR-1,"OSO FLACO LAKE RD",2500.00,S,N,A,-,Y,,,1,,,,,,,Y,4,0,1,1,A,-,08,22107,,N,E,I,A,A,H,-,A,D,0,,,,,Y,,A,01,0,0,1,0,0,0,0,0,0,"- ","- ",35.004750000000001,-120.57019,"SAN LUIS OBISPO",UNINCORPORATED,-120.57012106000001,35.004721179999997
90286130,2016,2016-10-06,9740,2016-09-09,1258,018323,,5,1,9,4000,0,1,2,,2,004,"US-101 SOUTHBOUND","WELLSONA RD",0.00,,Y,A,-,Y,,,101,,,,,,S,Y,2,0,3,2,A,-,09,21802,A,N,D,C,A,A,H,-,A,A,0,,,,,Y,,A,07,1,1,1,0,0,0,0,0,0,"- ","- ",35.695869999999999,-120.69678,"SAN LUIS OBISPO",UNINCORPORATED,-120.69679619,35.695870190000001
90288195,2016,2016-10-10,9745,2016-10-06,1710,014713,,4,2,9,4000,0,1,3,,1,032,SR-227,"CRESTMONT DR",305.00,N,N,A,-,Y,,,227,,,,,,,N,4,0,1,2,A,-,03,22350,,N,C,C,A,A,H,-,A,D,0,,,,,Y,,A,08,0,0,1,0,0,0,0,0,0,"- ","- ",35.228250000000003,-120.62846,"SAN LUIS OBISPO",UNINCORPORATED,-120.62840610000001,35.228286500000003
90288304,2016,2016-10-10,9745,2016-10-08,2225,020689,,6,3,9,4000,0,2,4,,1,053,"POMEROY RD","MEADOWOOD PL",120.00,S,N,A,-,Y,,,,,,,,,,Y,4,0,1,1,A,-,08,22107,,N,E,I,A,A,H,-,C,D,0,,,,,Y,,A,01,0,0,1,0,0,0,0,0,0,"- ","- ",35.052549999999997,-120.52706999999999,"SAN LUIS OBISPO",UNINCORPORATED,-120.52737627,35.052943659999997
90293692,2016,2016-10-17,9745,2016-10-15,0120,020689,,6,3,2,4005,0,1,2,,2,404,"US-101 SOUTHBOUND","4TH STREET",50.00,N,N,B,-,Y,,,101,,,,,,S,Y,3,0,1,1,A,-,01,23152,A,N,F,A,A,A,H,-,C,D,0,,,,,Y,Y,A,01,0,1,0,0,0,0,0,0,0,"- ","- ",35.136110000000002,-120.62215999999999,"SAN LUIS OBISPO","PISMO BEACH",-120.6221516,35.136132920000001
90295206,2016,2016-10-18,9745,2016-10-14,1157,016002,,5,1,9,4000,0,2,4,,1,058,"ORCHARD RD","FAITH PL",0.00,,Y,B,-,N,,,,,,,,,,Y,4,0,3,2,A,-,09,21801,A,N,D,C,A,A,H,-,A,A,0,,,,,Y,,A,01,0,0,3,0,0,0,0,0,0,"- ","- ",35.00806,-120.46691,"SAN LUIS OBISPO",UNINCORPORATED,-120.46689991,35.008070050000001
90296159,2016,2016-10-19,9745,2016-10-17,0755,015144,,1,1,2,4005,0,1,2,,2,404,"US-101 NORTHBOUND","AVILA BEACH DRIVE",1056.00,S,N,B,-,Y,,,101,,,,,,N,Y,4,0,1,2,A,-,03,22350,,N,C,C,A,B,H,-,A,D,0,,,,,Y,,A,01,0,0,1,0,0,0,0,0,0,"- ","- ",35.176459999999999,-120.69764000000001,"SAN LUIS OBISPO","PISMO BEACH",-120.69756870000001,35.176482139999997
90299184,2016,2016-10-24,9740,2016-10-16,2350,014622,,7,3,9,4000,0,3,5,,2,017,"EL POMAR DRIVE","CRIPPLE CREEK ROAD",451.00,W,N,B,C,N,,,,,,,,,,Y,4,0,1,1,A,-,08,22107,,N,E,I,A,B,H,-,D,D,0,,,,,Y,,A,07,0,0,1,0,0,0,0,0,0,"- ","- ",35.547220000000003,-120.56247999999999,"SAN LUIS OBISPO",UNINCORPORATED,-120.56228814000001,35.54729596
90299887,2016,2016-10-24,9750,2016-10-16,1840,015916,,7,2,9,4000,0,1,3,,1,063,"SR-166 (CUYAMA HIGHWAY)","SCHOOL HOUSE CANYON ROAD",48576.00,W,N,B,F,Y,,,166,,,,,,,Y,2,0,3,2,A,-,05,21460,A,N,A,C,A,B,H,-,D,D,0,,,,,Y,,D,22,3,0,0,0,0,0,0,0,0,"- ","- ",35.061369999999997,-119.97056000000001,"SAN LUIS OBISPO",UNINCORPORATED,-119.97057057000001,35.061299030000001
90301690,2016,2016-10-26,9740,2016-10-21,0659,019096,,5,1,9,4000,0,1,3,,2,005,"SR-58 W/B",SR-229,5280.00,E,N,A,-,Y,,,58,,,,,,W,Y,4,0,1,1,A,-,08,22107,,N,E,I,A,A,H,-,B,D,0,,,,,Y,,D,22,0,0,1,0,0,0,0,0,0,"- ","- ",35.432650000000002,-120.53664000000001,"SAN LUIS OBISPO",UNINCORPORATED,-120.53670916,35.432657089999999
90301773,2016,2016-10-26,9745,2016-10-16,2155,017930,,7,2,9,4000,0,1,3,,1,011,SR-41,"BEAR RIDGE RD",1584.00,S,N,B,C,Y,,,41,,,,,,,Y,3,0,1,1,A,-,01,23152,A,N,E,I,A,B,H,-,D,D,0,,,,,Y,Y,A,07,0,1,0,0,0,0,0,0,0,"- ","- ",35.423760000000001,-120.78569,"SAN LUIS OBISPO",UNINCORPORATED,-120.78569460999999,35.423783450000002
90302750,2016,2016-10-27,9740,2016-10-25,0835,014465,,2,1,4,4008,0,1,2,,2,002,"US 101 (N/B)","SAN RAMON RD O/C",60.00,N,N,A,-,Y,,,,,,,,,,Y,4,0,1,2,A,-,03,22350,,N,C,C,A,A,H,-,A,D,0,,,,Y,Y,,F,26,0,0,1,0,0,0,0,0,0,"- ","- ",35.5274,-120.70469,"SAN LUIS OBISPO",ATASCADERO,-120.70475267,35.526660309999997
90303398,2016,2016-10-27,9745,2016-10-22,0957,017968,,6,1,9,4000,0,1,2,,1,101,"US-101 SOUTHBOUND","MONTEREY ST",1056.00,N,N,A,-,Y,,,101,,,,,,S,Y,2,0,1,2,A,-,07,21658,A,N,F,A,A,A,H,-,A,D,0,,,Y,,Y,,A,01,1,0,0,0,0,0,0,0,1,"- ","- ",35.295059999999999,-120.63728999999999,"SAN LUIS OBISPO",UNINCORPORATED,-120.63729736000001,35.295243679999999
9030600,2019,2020-01-29,4001,2019-11-17,0914,P0106,46-1,7,5,3,4001,0,0,0,,0,OPERAT,"CORBETT CANYON","CORRAL PL",52.00,S,N,A,-,N,,,,,,,,,,Y,2,0,2,2,A,-,03,22350,,N,C,C,A,A,H,-,A,A,0,,,Y,,Y,,C,02,2,0,0,0,0,0,0,0,2,"- ","- ",,,"SAN LUIS OBISPO","ARROYO GRANDE",-120.56968688964844,35.134395599365234
9030753,2019,2020-01-30,4004,2019-10-31,1520,23,4004,4,5,3,4004,0,0,0,,0,002,"PINE ST","10TH ST",80.00,N,N,A,-,N,,,,,,,,,,N,4,0,1,2,A,-,00,2818,,N,G,B,E,A,H,-,A,A,0,Y,,,,Y,,A,01,0,0,1,0,1,0,0,0,0,"- ","- ",35.624748229980469,-120.68871307373047,"SAN LUIS OBISPO","PASO ROBLES",-120.68873596191406,35.624969482421875
90308565,2016,2016-11-01,9745,2016-10-31,1359,015734,,1,1,9,4000,0,3,5,,2,002,"TURRI RD","SOUTH BAY BLVD",14784.00,E,N,A,-,N,,,,,,,,,,Y,4,0,1,1,A,-,08,22107,,N,E,I,A,A,H,-,A,D,0,,,,,Y,,A,01,0,0,1,0,0,0,0,0,0,"- ","- ",35.324910000000003,-120.78377,"SAN LUIS OBISPO",UNINCORPORATED,-120.78310114,35.324707439999997
90308734,2016,2016-11-01,9745,2016-10-27,0825,012876,,4,1,9,4000,0,3,5,,2,002,"SAN LUIS BAY DR","SEE CANYON RD",250.00,E,N,A,-,N,,,,,,,,,,N,4,0,1,1,C,-,18,,,N,F,A,A,A,H,-,A,D,0,,Y,,,Y,,-,"- ",0,0,1,0,0,0,1,0,0,"- ","- ",35.194299999999998,-120.71438999999999,"SAN LUIS OBISPO",UNINCORPORATED,-120.71456784999999,35.19424703
90310435,2016,2016-11-03,9745,2016-10-22,1435,016002,,6,2,9,4000,0,3,5,,2,003,"MONTE RD","AVILA BEACH DRIVE",228.00,E,N,A,-,N,,,,,,,,,,Y,4,0,1,1,A,-,01,23152,F,N,E,I,A,A,H,-,A,D,0,,,,,Y,,A,01,0,0,1,0,0,0,0,0,0,"- ","- ",35.182879999999997,-120.70046000000001,"SAN LUIS OBISPO",UNINCORPORATED,-120.70044132,35.182951080000002
90311684,2016,2016-11-04,9745,2016-11-01,1205,014713,,2,1,9,4000,0,1,2,,1,101,"US-101 NORTHBOUND","TASSAJARA CREEK ROAD",2640.00,S,N,A,-,Y,,,101,,,,,,N,Y,2,0,1,1,A,-,08,22107,,N,E,I,A,A,H,-,A,D,0,,,,,Y,,A,01,1,0,0,0,0,0,0,0,0,"- ","- ",35.364989999999999,-120.63856,"SAN LUIS OBISPO",UNINCORPORATED,-120.63860746,35.36496537
90311789,2016,2016-11-04,9745,2016-11-02,1440,014996,,3,2,9,4000,0,2,4,,1,058,"ORCHARD AVE","GRANDE AVE",325.00,S,N,A,-,N,,,,,,,,,,Y,4,0,1,1,A,-,08,22107,,N,E,I,A,A,H,-,A,D,0,,,,,Y,,A,07,0,0,1,0,0,0,0,0,0,"- ","- ",35.026150000000001,-120.49075000000001,"SAN LUIS OBISPO",UNINCORPORATED,-120.49063468,35.02618468
9031451,2020,2020-09-25,4008,2020-01-15,0810,3125,,3,5,4,4008,0,0,0,,0,,"MORRO RD",MORRO,42.00,E,N,A,-,Y,SLO,5,41,-,-,15.840,H,-,N,N,4,0,1,2,A,-,03,22350,,N,C,C,A,A,H,-,A,D,0,,,,,Y,,A,01,0,0,1,0,0,0,0,0,0,"- ",SO,35.484798431396484,-120.66522216796875,"SAN LUIS OBISPO",ATASCADERO,-120.66532897949219,35.484531402587891
9031731,2020,2020-03-20,4002,2020-01-23,1607,575,,4,5,3,4002,0,0,0,,0,,"W GRAND AV","4TH ST",0.00,,-,A,-,N,,,,,,,,,,N,4,0,2,2,A,-,03,22350,,N,C,C,A,A,H,-,A,A,0,,,,,Y,,A,01,0,0,2,0,0,0,0,0,0,"- ","- ",,,"SAN LUIS OBISPO","GROVER BEACH",-120.62644195556641,35.121799468994141
9031776,2020,2020-09-16,4002,2020-01-20,2010,459,,1,5,3,4002,0,0,0,,0,,"EL CAMINO REAL","RT 101",0.00,,-,A,C,Y,SLO,5,101,-,-,13.320,R,4,S,N,4,0,1,2,A,-,00,21450,A,M,C,C,A,B,H,-,C,A,0,,,,,Y,,-,,0,0,1,0,0,0,0,0,0,"- ",SO,,,"SAN LUIS OBISPO","GROVER BEACH",-120.58633422851562,35.122051239013672
90319512,2016,2016-11-15,9745,2016-11-13,2052,020144,,7,2,9,4000,0,2,4,,1,024,"SOUTH BAY BLVD","LOS OLIVOS AVE",0.00,,Y,E,-,Y,,,,,,,,,,N,4,0,1,2,A,-,01,23152,A,N,D,C,A,A,H,-,D,D,0,,,,,Y,Y,A,07,0,0,1,0,0,0,0,0,0,"- ","- ",35.312519999999999,-120.82377,"SAN LUIS OBISPO",UNINCORPORATED,-120.82377988,35.312570020000003
90320886,2016,2016-11-16,9745,2016-11-11,1625,016714,,5,2,9,4000,0,1,2,,2,303,"US-101 S/B","AVILA BEACH DR.",8.00,S,N,A,-,Y,,,101,,,,,,S,Y,4,0,1,2,A,-,03,22350,,N,D,C,A,A,H,-,A,D,0,,,,Y,Y,,A,01,0,0,1,0,0,0,0,0,0,"- ","- ",35.179630000000003,-120.69944,"SAN LUIS OBISPO",UNINCORPORATED,-120.69944313000001,35.179627279999998
90321180,2016,2016-11-16,9745,2016-11-11,1755,020229,,5,2,9,4000,0,1,2,,2,505,"US-101 NORTHBOUND","EL CAMPO RD",0.00,,Y,A,-,Y,,,101,,,,,,N,Y,4,0,1,2,A,-,08,22101,D,N,B,C,A,A,H,-,D,A,0,,,,,Y,,A,01,0,0,1,0,0,0,0,0,0,"- ","- ",35.111330000000002,-120.5635,"SAN LUIS OBISPO",UNINCORPORATED,-120.56349965,35.111330989999999
90321892,2016,2016-11-17,9740,2016-11-03,0700,013246,,4,1,9,4000,0,3,5,,2,017,"S. EL POMAR","RANCHO RD.",3696.00,S,N,A,-,N,,,,,,,,,,Y,3,0,2,2,A,-,05,21460,A,N,A,C,A,A,H,-,B,D,0,,,,,Y,,D,22,0,1,1,0,0,0,0,0,0,"- ","- ",35.530900000000003,-120.6317,"SAN LUIS OBISPO",UNINCORPORATED,-120.62944091,35.530995249999997
90324745,2016,2016-11-18,9745,2016-11-17,1721,017968,,4,2,4,4006,0,1,2,,2,202,"US-101 SOUTHBOUND","MADONNA ROAD",500.00,S,N,A,-,Y,,,101,,,,,,S,Y,4,0,2,2,A,-,03,22350,,N,C,C,A,A,H,-,C,D,0,,,,,Y,,A,01,0,0,2,0,0,0,0,0,0,"- ","- ",35.265160000000002,-120.67368,"SAN LUIS OBISPO","SAN LUIS OBISPO",-120.67371785,35.265164349999999
90324797,2016,2016-11-18,9745,2016-11-14,1730,016068,,1,2,4,4006,0,1,2,,2,202,"US-101 SOUTHBOUND","MARSH ST",528.00,N,N,A,-,Y,,,101,,,,,,S,Y,4,0,1,4,A,-,03,22350,,N,C,C,A,A,H,-,C,D,0,,,,,Y,,A,01,0,0,1,0,0,0,0,0,0,"- ","- ",35.275469999999999,-120.67113000000001,"SAN LUIS OBISPO","SAN LUIS OBISPO",-120.67113838,35.275472899999997
90325519,2016,2016-11-21,9740,2016-09-30,2042,015644,,5,2,9,4000,0,1,2,,2,004,"US-101 NORTHBOUND","WELLSONA RD",0.00,,Y,A,-,Y,,,101,,,,,,N,Y,1,1,3,2,A,-,01,23152,A,N,D,C,A,A,H,-,C,A,0,,,,,Y,Y,A,01,2,0,1,0,0,0,0,0,0,"- ","- ",35.695869999999999,-120.69656000000001,"SAN LUIS OBISPO",UNINCORPORATED,-120.69654756,35.695869829999999
90325929,2016,2016-11-21,9745,2016-11-11,1710,014713,,5,2,9,4000,0,1,3,,1,021,"SR-1 SOUTHBOUND","STUDIO DR",0.00,,Y,B,-,Y,,,1,,,,,,S,Y,4,0,1,2,A,-,09,21801,A,N,D,C,A,A,H,-,C,D,0,,,,,Y,,A,01,0,0,1,0,0,0,0,0,0,"- ","- ",35.433630000000001,-120.8858,"SAN LUIS OBISPO",UNINCORPORATED,-120.88583713,35.433616309999998
90326110,2016,2016-11-21,9740,2016-11-06,1545,016089,,7,2,9,4000,0,3,5,,2,022,"ADELAIDA RD","VINE HILL ROAD",2640.00,W,N,A,-,N,,,,,,,,,,Y,2,0,2,1,A,-,03,22350,,N,F,A,A,A,H,-,A,D,0,,,Y,,Y,,C,02,1,0,1,0,0,0,0,0,2,"- ","- ",35.651690000000002,-120.73899,"SAN LUIS OBISPO",UNINCORPORATED,-120.74491257,35.650749050000002
90326425,2016,2016-11-21,9745,2016-11-16,0818,018021,,3,1,9,4000,0,1,2,,1,101,"US-101 SOUTHBOUND","TASSAJARA CREEK ROAD",4224.00,S,N,A,-,Y,,,101,,,,,,S,Y,4,0,1,6,A,-,03,22350,,N,C,C,A,A,H,-,A,A,0,,,,,Y,,A,07,0,0,1,0,0,0,0,0,0,"- ","- ",35.357930000000003,-120.63717,"SAN LUIS OBISPO",UNINCORPORATED,-120.63724067,35.357905170000002
90327479,2016,2016-11-22,9740,2016-11-07,1840,011615,,1,2,9,4000,0,1,3,,2,011,SR-46W,"N GREEN VALLEY RD",8448.00,E,N,A,-,Y,,,46,,,,,,,Y,2,0,1,1,A,-,01,23152,,N,E,I,A,A,H,-,D,D,0,,,,,Y,Y,A,01,1,0,0,0,0,0,0,0,0,"- ","- ",35.539450000000002,-120.98276,"SAN LUIS OBISPO",UNINCORPORATED,-120.98276466,35.539415140000003
90327587,2016,2016-11-22,9745,2016-11-17,1725,017097,,4,2,4,4006,0,1,2,,2,202,"US-101 S/B","MARSH ST",528.00,N,N,A,-,Y,,,101,,,,,,S,Y,4,0,3,5,A,-,03,22350,,N,C,C,A,A,H,-,D,D,0,,,,,Y,,A,01,0,0,3,0,0,0,0,0,0,"- ","- ",35.275649999999999,-120.67109000000001,"SAN LUIS OBISPO","SAN LUIS OBISPO",-120.67107875000001,35.275646250000001
90328629,2016,2016-11-23,9745,2016-11-17,1600,017097,,4,2,9,4000,0,1,2,,2,303,"US-101 SOUTHBOUND","SAN LUIS BAY DR",528.00,N,N,A,-,Y,,,101,,,,,,S,Y,3,0,1,2,A,-,03,22350,,N,C,C,A,A,H,-,A,D,0,,,,,Y,,A,01,0,1,0,0,0,0,0,0,0,"- ","- ",35.198189999999997,-120.69879,"SAN LUIS OBISPO",UNINCORPORATED,-120.69882905999999,35.198204949999997
90328681,2016,2016-11-23,9740,2016-11-20,1455,013733,,7,2,9,4000,0,1,3,,1,014,SR-1,"WINDSOR BLVD",535.00,S,N,C,-,Y,,,1,,,,,,,Y,4,0,1,1,A,-,08,22107,,N,E,I,A,B,H,-,A,D,0,,,,,Y,,A,01,0,0,1,0,0,0,0,0,0,"- ","- ",35.568339999999999,-121.10221,"SAN LUIS OBISPO",UNINCORPORATED,-121.10232762,35.568141439999998
90328697,2016,2016-11-23,9740,2016-11-20,1150,013733,,7,1,9,4000,0,2,4,,2,012,"NACIMIENTO LAKE DR","FRAZIER RD",550.00,S,N,C,-,N,,,,,,,,,,Y,4,0,1,1,A,-,03,22350,,N,E,I,A,B,H,-,A,D,0,,,,,Y,,A,01,0,0,1,0,0,0,0,0,0,"- ","- ",35.708500000000001,-120.82295999999999,"SAN LUIS OBISPO",UNINCORPORATED,-120.82094656,35.707662620000001
90328891,2016,2016-11-23,9740,2016-11-20,1015,013733,,7,1,9,4000,0,1,2,,2,004,"U.S. 101","S. CAMP ROBERTS O/C",1584.00,N,N,C,-,Y,,,,,,,,,,Y,3,0,2,1,A,-,03,22350,,N,E,I,A,B,H,-,A,D,0,,,,,Y,,A,01,0,2,0,0,0,0,0,0,0,"- ","- ",35.778350000000003,-120.71709,"SAN LUIS OBISPO",UNINCORPORATED,,
90328925,2016,2016-11-23,9745,2016-11-18,1825,017151,,5,2,2,4005,0,1,2,,2,404,"US-101 SOUTHBOUND","PRICE ST",3168.00,N,N,A,-,Y,,,101,,,,,,S,Y,4,0,1,3,A,-,03,22350,,N,C,C,A,A,H,-,D,D,0,,,,,Y,,A,07,0,0,1,0,0,0,0,0,0,"- ","- ",35.152970000000003,-120.65992,"SAN LUIS OBISPO","PISMO BEACH",-120.65996593,35.152885580000003
90330899,2016,2016-11-28,9740,2016-11-23,1440,014543,,3,2,9,4000,0,1,2,,2,002,"US-101 NORTHBOUND","LAS TABLAS RD",1584.00,N,N,A,-,Y,,,101,,,,,,N,Y,3,0,3,2,A,-,03,22350,,N,C,C,A,A,H,-,A,D,0,,,,,Y,,A,01,0,1,2,0,0,0,0,0,0,"- ","- ",35.55762,-120.70905,"SAN LUIS OBISPO",UNINCORPORATED,-120.70898669,35.557561470000003
90331048,2016,2016-11-28,9745,2016-11-21,1734,016068,,1,2,4,4006,0,1,2,,2,202,"US-101 SOUTHBOUND","LOS OSOS VALLEY ROAD",1056.00,N,N,A,-,Y,,,101,,,,,,S,Y,4,0,3,5,A,-,03,22350,,N,C,C,A,A,H,-,B,D,0,,,,,Y,Y,A,01,0,0,3,0,0,0,0,0,0,"- ","- ",35.247050000000002,-120.68084,"SAN LUIS OBISPO","SAN LUIS OBISPO",-120.68086962,35.247067809999997
90331726,2016,2016-11-29,9745,2016-11-20,1615,016068,,7,2,4,4006,0,1,2,,2,202,"US-101 NORTHBOUND TO LOS OSOS VALLEY RD","LOS OSOS VALLEY ROAD",15.00,S,N,B,C,Y,,,101,,,,R,,N,Y,4,0,2,2,A,-,03,22350,,N,C,C,A,A,H,-,A,A,0,,,,,Y,,A,01,0,0,2,0,0,0,0,0,0,"- ","- ",35.24324,-120.68176,"SAN LUIS OBISPO","SAN LUIS OBISPO",-120.68176,35.24324
90331842,2016,2016-11-29,9745,2016-11-27,1735,016068,,7,2,9,4000,0,1,2,,2,505,"US-101 SOUTHBOUND","LOS BERROS ROAD OVER CROSSING",300.00,N,N,A,-,Y,,,101,,,,,,S,Y,4,0,3,2,A,-,01,23152,A,N,C,C,A,A,H,-,D,D,0,,,,,Y,Y,D,22,0,0,3,0,0,0,0,0,0,"- ","- ",35.071899999999999,-120.51649999999999,"SAN LUIS OBISPO",UNINCORPORATED,-120.51649618,35.071903820000003