CASE_ID,ACCIDENT_YEAR,PROC_DATE,JURIS,COLLISION_DATE,COLLISION_TIME,OFFICER_ID,REPORTING_DISTRICT,DAY_OF_WEEK,CHP_SHIFT,POPULATION,CNTY_CITY_LOC,SPECIAL_COND,BEAT_TYPE,CHP_BEAT_TYPE,CITY_DIVISION_LAPD,CHP_BEAT_CLASS,BEAT_NUMBER,PRIMARY_RD,SECONDARY_RD,DISTANCE,DIRECTION,INTERSECTION,WEATHER_1,WEATHER_2,STATE_HWY_IND,CALTRANS_COUNTY,CALTRANS_DISTRICT,STATE_ROUTE,ROUTE_SUFFIX,POSTMILE_PREFIX,POSTMILE,LOCATION_TYPE,RAMP_INTERSECTION,SIDE_OF_HWY,TOW_AWAY,COLLISION_SEVERITY,NUMBER_KILLED,NUMBER_INJURED,PARTY_COUNT,PRIMARY_COLL_FACTOR,PCF_CODE_OF_VIOL,PCF_VIOL_CATEGORY,PCF_VIOLATION,PCF_VIOL_SUBSECTION,HIT_AND_RUN,TYPE_OF_COLLISION,MVIW,PED_ACTION,ROAD_SURFACE,ROAD_COND_1,ROAD_COND_2,LIGHTING,CONTROL_DEVICE,CHP_ROAD_TYPE,PEDESTRIAN_ACCIDENT,BICYCLE_ACCIDENT,MOTORCYCLE_ACCIDENT,TRUCK_ACCIDENT,NOT_PRIVATE_PROPERTY,ALCOHOL_INVOLVED,STWD_VEHTYPE_AT_FAULT,CHP_VEHTYPE_AT_FAULT,COUNT_SEVERE_INJ,COUNT_VISIBLE_INJ,COUNT_COMPLAINT_PAIN,COUNT_PED_KILLED,COUNT_PED_INJURED,COUNT_BICYCLIST_KILLED,COUNT_BICYCLIST_INJURED,COUNT_MC_KILLED,COUNT_MC_INJURED,PRIMARY_RAMP,SECONDARY_RAMP,LATITUDE,LONGITUDE,COUNTY,CITY,POINT_X,POINT_Y
90332203,2016,2016-11-29,9740,2016-11-26,2315,014662,,6,3,9,4000,0,1,3,,2,007,"SR-41 S/B","HOMESTEAD RD",4752.00,N,N,B,-,Y,,,41,,,,,,S,Y,4,0,1,1,A,-,03,22350,,N,E,I,A,B,H,-,D,D,0,,,,,Y,,A,07,0,0,1,0,0,0,0,0,0,"- ","- ",35.5062,-120.6253,"SAN LUIS OBISPO",UNINCORPORATED,-120.6253356,35.506154180000003
90333597,2016,2016-11-30,9740,2016-11-27,1305,016089,,7,1,9,4000,0,3,5,,2,019,"MISSION ST","SAN LUIS OBISPO RD",150.00,S,N,A,-,N,,,,,,,,,,Y,4,0,1,2,A,-,09,21804,A,N,D,C,A,A,H,-,A,D,0,,,,,Y,,A,07,0,0,1,0,0,0,0,0,0,"- ","- ",35.74485,-120.69696999999999,"SAN LUIS OBISPO",UNINCORPORATED,-120.69735,35.745370000000001
90334668,2016,2016-12-01,9745,2016-11-19,1850,017968,,6,2,9,4000,0,3,5,,2,004,"HI MOUNTAIN ROAD","ST. REMY PLACE",5280.00,S,N,A,-,N,,,,,,,,,,N,3,0,1,1,A,-,03,22350,,N,F,A,A,A,G,-,D,D,0,,,Y,,Y,Y,C,02,0,1,0,0,0,0,0,0,1,"- ","- ",35.206679999999999,-120.39091000000001,"SAN LUIS OBISPO",UNINCORPORATED,-120.41102015,35.20702
90334739,2016,2016-12-01,9745,2016-11-21,0832,015144,,1,1,2,4005,0,1,2,,2,404,"US-101 NORTHBOUND","MATTIE RD",1.00,N,N,A,-,Y,,,101,,,,,,N,Y,3,0,3,6,A,-,03,22350,,N,C,C,A,A,H,-,A,D,0,,,,Y,Y,,D,22,0,1,2,0,0,0,0,0,0,"- ","- ",35.151049999999998,-120.65448000000001,"SAN LUIS OBISPO","PISMO BEACH",-120.65448378000001,35.15103731
90335218,2016,2016-12-01,9745,2016-11-24,0907,014713,,4,1,9,4000,0,3,5,,2,004,"LOPEZ DRIVE","CECCHETTI RD",592.00,E,N,A,-,N,,,,,,,,,,Y,4,0,1,1,A,-,08,22107,,N,F,A,A,A,H,-,A,D,0,,,,,Y,,A,01,0,0,1,0,0,0,0,0,0,"- ","- ",35.151800000000001,-120.53532,"SAN LUIS OBISPO",UNINCORPORATED,-120.53541641,35.151857
90336631,2016,2016-12-05,9745,2016-11-18,1624,017968,,5,2,9,4000,0,2,4,,1,051,"LOS BERROS ROAD","QUAILWOOD LANE",0.00,,Y,A,-,N,,,,,,,,,,Y,2,0,2,2,A,-,03,22350,,N,A,C,A,A,H,-,A,D,0,,,,,Y,,A,07,1,0,1,0,0,0,0,0,0,"- ","- ",35.076900000000002,-120.5248,"SAN LUIS OBISPO",UNINCORPORATED,-120.52459998,35.076640089999998
90339004,2016,2016-12-07,9745,2016-11-27,0143,017817,,7,3,9,4000,0,1,2,,2,505,"US-101 NORTHBOUND","LAETITIA WINERY DR.",1300.00,N,N,C,-,Y,,,101,,,,,,N,Y,3,0,2,2,A,-,08,22107,,N,E,I,A,B,H,-,D,D,0,,,,,Y,Y,D,22,0,2,0,0,0,0,0,0,0,"- ","- ",35.092910000000003,-120.54210999999999,"SAN LUIS OBISPO",UNINCORPORATED,-120.54222162000001,35.09277676
90339053,2016,2016-12-07,9745,2016-11-27,1734,017151,,7,2,9,4000,0,1,2,,2,505,"US-101 SOUTHBOUND","LOS BERROS RD",400.00,N,N,B,-,Y,,,101,,,,,,S,Y,4,0,1,4,A,-,03,22350,,N,C,C,A,A,H,-,D,D,0,,,,,Y,,A,07,0,0,1,0,0,0,0,0,0,"- ","- ",35.072839999999999,-120.51755,"SAN LUIS OBISPO",UNINCORPORATED,-120.51753411,35.072858869999997
90340576,2016,2016-12-08,9740,2016-11-22,1830,014543,,2,2,9,4000,0,1,2,,2,002,"US-101 SOUTBOUND TO SAN ANSELMO RD.","SAN ANSELMO RD",0.00,,Y,A,-,Y,,,,,,,,,,N,3,0,1,2,A,-,21,22106,,N,D,G,A,A,H,-,D,A,0,,Y,,,Y,,J,48,0,1,0,0,0,0,1,0,0,"- ","- ",35.496720000000003,-120.68339,"SAN LUIS OBISPO",UNINCORPORATED,,
90340747,2016,2017-03-03,9745,2016-11-09,1425,013212,,3,2,9,4000,0,1,3,,2,023,"SR-1 SOUTHBOUND","HOLLISTER AVE",75.00,N,N,A,-,Y,,,1,,,,,,S,Y,1,1,3,3,A,-,03,22350,,N,C,C,A,A,H,-,A,A,0,,,,Y,Y,,F,26,0,2,1,0,0,0,0,0,0,"- ","- ",35.331209999999999,-120.73556000000001,"SAN LUIS OBISPO",UNINCORPORATED,-120.73557458000001,35.331159589999999
90340775,2016,2016-12-08,9745,2016-12-02,0730,013531,,5,1,9,4000,0,1,2,,2,505,"US-101 NORTHBOUND","LAETITIA ROAD",0.00,,Y,A,-,Y,,,101,,,,,,N,Y,4,0,1,1,A,-,08,22107,,N,E,I,A,A,H,-,A,D,0,,,,,Y,,A,01,0,0,1,0,0,0,0,0,0,"- ","- ",35.089680000000001,-120.53762999999999,"SAN LUIS OBISPO",UNINCORPORATED,-120.53767429,35.08961446
90345725,2016,2016-12-15,9740,2016-11-29,0940,014460,,2,1,9,4000,0,3,5,,2,016,"LAS PILITAS ROAD","PARK HILL ROAD",5280.00,W,N,A,-,N,,,,,,,,,,Y,3,0,1,1,A,-,01,23152,A,N,E,I,A,A,H,-,A,D,0,,,,,Y,Y,D,22,0,1,0,0,0,0,0,0,0,"- ","- ",35.221800000000002,-120.2658,"SAN LUIS OBISPO",UNINCORPORATED,-120.44947352,35.371575749999998
90345832,2016,2016-12-15,9745,2016-11-22,2025,020144,,2,2,4,4006,0,1,2,,2,202,"US-101 SOUTHBOUND","MADONNA ROAD",2112.00,S,N,A,-,Y,,,101,,,,,,S,N,1,1,0,2,A,-,11,21956,,N,G,B,D,A,H,-,C,D,0,Y,,,,Y,Y,N,60,0,0,0,1,0,0,0,0,0,"- ","- ",35.258850000000002,-120.67406,"SAN LUIS OBISPO","SAN LUIS OBISPO",-120.67393533000001,35.258803020000002
90346017,2016,2016-12-15,9745,2016-12-09,1335,017144,,5,1,4,4006,0,1,2,,2,202,"US-101 N/B TO MADONNA RD.","MADONNA RD",150.00,S,N,B,-,Y,,,101,,,,R,,N,Y,4,0,1,3,A,-,03,22350,,N,C,C,A,A,H,-,A,D,0,,,,,Y,,A,01,0,0,1,0,0,0,0,0,0,"- ","- ",35.265729999999998,-120.67315000000001,"SAN LUIS OBISPO","SAN LUIS OBISPO",-120.67315000000001,35.265729999999998
90346238,2016,2016-12-15,9745,2016-12-15,0652,013531,,4,1,9,4000,0,1,2,,2,505,"US-101 NORTHBOUND","HEMI ROAD",138.00,S,N,B,-,Y,,,101,,,,,,N,Y,4,0,1,1,A,-,08,22107,,N,E,I,A,A,H,-,A,D,0,,,,,Y,,A,01,0,0,1,0,0,0,0,0,0,"- ","- ",35.084090000000003,-120.53009,"SAN LUIS OBISPO",UNINCORPORATED,-120.53007984,35.084099739999999
90350214,2016,2016-12-21,9745,2016-12-18,1456,017930,,7,2,9,4000,0,3,5,,2,002,"CLARK VALLEY RD","CAMPBELL RD",240.00,S,N,A,B,N,,,,,,,,,,Y,2,0,2,1,A,-,08,22107,,N,E,I,A,A,A,-,A,D,0,,,,,Y,,D,22,2,0,0,0,0,0,0,0,0,"- ","- ",35.285510000000002,-120.79732,"SAN LUIS OBISPO",UNINCORPORATED,,
90350331,2016,2016-12-21,9745,2016-12-20,0745,015144,,2,1,2,4005,0,1,2,,2,404,"US-101 NORTHBOUND","PISMO CREEK BRIDGE",100.00,S,N,A,-,Y,,,101,,,,,,N,Y,4,0,1,4,A,-,03,22350,,N,C,C,A,A,H,-,A,D,0,,,,,Y,,A,01,0,0,1,0,0,0,0,0,0,"- ","- ",35.139200000000002,-120.6348,"SAN LUIS OBISPO","PISMO BEACH",-120.63478331,35.139260970000002
90350408,2016,2016-12-21,9745,2016-12-20,1103,015144,,2,1,9,4000,0,1,3,,1,041,SR-1,"BELRIDGE ST",60.00,S,N,A,-,Y,,,1,,,,,,,N,4,0,1,2,A,-,03,22350,,N,C,C,A,A,H,-,A,D,0,,,,,Y,,D,22,0,0,1,0,0,0,0,0,0,"- ","- ",35.102879999999999,-120.61792,"SAN LUIS OBISPO",UNINCORPORATED,-120.6179734,35.102806170000001
9035144,2020,2020-09-25,4008,2020-02-02,1642,2030,,7,5,4,4008,0,0,0,,0,,"MORRO RD","EL CAMINO REAL",0.00,,Y,A,-,Y,SLO,5,41,-,-,15.960,I,5,S,N,3,0,1,2,A,-,12,21453,A,M,D,C,A,A,H,-,A,A,0,,,,,Y,,-,"- ",0,1,0,0,0,0,0,0,0,"- ","- ",35.486099243164062,-120.66484832763672,"SAN LUIS OBISPO",ATASCADERO,-120.66482543945312,35.486244201660156
90352873,2016,2016-12-27,9745,2016-12-16,1415,016390,,5,2,2,4005,0,1,2,,2,404,"US 101 S/B","PRICE STREET",4224.00,N,N,A,-,Y,,,,,,,,,,Y,4,0,1,4,A,-,03,22350,,N,C,C,A,A,H,-,A,D,0,,,,,Y,,A,01,0,0,1,0,0,0,0,0,0,"- ","- ",35.155099999999997,-120.6649,"SAN LUIS OBISPO","PISMO BEACH",,
90354050,2016,2016-12-27,9740,2016-12-10,0750,013246,,6,1,9,4000,0,1,3,,2,005,"S.R. 58","SHELL CREEK RD",2640.00,W,N,A,-,Y,,,,,,,,,,Y,3,0,2,1,A,-,01,23152,E,N,E,I,A,A,H,-,A,D,0,,,,,Y,,A,01,0,1,1,0,0,0,0,0,0,"- ","- ",35.4604,-120.3436,"SAN LUIS OBISPO",UNINCORPORATED,,
90355045,2016,2016-12-27,9745,2016-12-15,2018,016002,,4,2,9,4000,0,1,2,,2,505,"US-101 NORTHBOUND","LAETITIA VINEYARD DR",3168.00,S,N,C,-,Y,,,101,,,,,,N,Y,4,0,2,1,A,-,08,22107,,N,E,I,A,B,H,-,D,D,0,,,,,Y,,A,01,0,0,2,0,0,0,0,0,0,"- ","- ",35.083559999999999,-120.52941,"SAN LUIS OBISPO",UNINCORPORATED,-120.52948933,35.08348393
90357421,2016,2016-12-29,9745,2016-12-27,1800,017097,,2,2,4,4006,0,1,2,,2,202,"US-101 S/B","LOS OSOS VALLEY RD",528.00,S,N,A,-,Y,,,101,,,,,,S,Y,3,0,6,3,A,-,03,22350,,N,C,C,A,A,H,-,D,D,0,,,,,Y,,A,07,0,1,5,0,0,0,0,0,0,"- ","- ",35.2408,-120.68378,"SAN LUIS OBISPO","SAN LUIS OBISPO",-120.68371200999999,35.24079768
90357868,2016,2016-12-29,9745,2016-12-24,0450,016390,,6,3,9,4000,0,2,4,,1,046,"PRICE CANYON ROAD","W. ORMONDE RD.",2640.00,E,N,A,-,N,,,,,,,,,,Y,4,0,1,1,A,-,08,22107,,N,F,A,A,B,H,-,D,D,0,,,,Y,Y,,G,25,0,0,1,0,0,0,0,0,0,"- ","- ",35.186100000000003,-120.6187,"SAN LUIS OBISPO",UNINCORPORATED,-120.61914442,35.185222269999997
90358371,2016,2016-12-30,9745,2016-12-23,1138,018021,,5,1,9,4000,0,1,3,,1,011,"SR-41 SOUTHBOUND","TORO CREEK RD",430.00,S,N,C,-,Y,,,41,,,,,,S,Y,2,0,1,1,A,-,03,22350,,N,F,A,A,B,H,-,A,D,0,,,,,Y,,D,22,1,0,0,0,0,0,0,0,0,"- ","- ",35.45722,-120.7504,"SAN LUIS OBISPO",UNINCORPORATED,-120.75044683,35.457245999999998
90359321,2016,2017-01-02,9745,2016-12-30,1230,016514,,5,1,9,4000,0,1,3,,1,021,"SR-1 SOUTHBOUND","STUDIO DR",326.00,N,N,B,-,Y,,,1,,,,,,S,N,3,0,2,1,C,-,18,,,N,F,A,A,A,H,-,A,D,0,,Y,,,Y,,-,"- ",0,2,0,0,0,0,2,0,0,"- ","- ",35.421990000000001,-120.87788,"SAN LUIS OBISPO",UNINCORPORATED,-120.87789793,35.421982239999998
90361170,2016,2017-03-20,9745,2016-12-25,1545,020689,,7,2,9,4000,0,2,4,,1,051,"LOS BERROS RD","STANTON RD",380.00,E,N,A,-,N,,,,,,,,,,Y,1,1,1,2,A,-,03,22350,,N,C,C,A,A,H,-,A,D,0,,,Y,,Y,,C,02,0,0,1,0,0,0,0,1,1,"- ","- ",35.079369999999997,-120.54652,"SAN LUIS OBISPO",UNINCORPORATED,-120.54616606,35.079264109999997
90365960,2017,2017-01-10,9745,2017-01-06,1341,016002,,5,1,9,4000,0,2,4,,1,055,"TEFFT STREET","MARY AVE",115.00,E,N,A,-,N,,,,,,,,,,Y,4,0,3,5,A,-,03,22350,,N,C,C,A,A,H,-,A,A,0,,,,,Y,,D,22,0,0,3,0,0,0,0,0,0,"- ","- ",35.035969999999999,-120.48622,"SAN LUIS OBISPO",UNINCORPORATED,-120.48631089,35.03591574
90366154,2017,2017-01-10,9745,2017-01-06,1442,016514,,5,2,9,4000,0,3,5,,2,002,"SANTA YNEZ AVE","11TH STREET",73.00,W,N,A,-,N,,,,,,,,,,Y,4,0,1,2,A,-,08,22107,,N,B,C,A,A,H,-,A,D,0,,,,,Y,,A,01,0,0,1,0,0,0,0,0,0,"- ","- ",35.315049999999999,-120.83114,"SAN LUIS OBISPO",UNINCORPORATED,-120.83131466,35.315049999999999
90373097,2016,2017-01-19,9740,2016-12-31,1558,014622,,6,2,9,4000,0,1,2,,2,001,"US-101 SOUTHBOUND",SR-58,11088.00,N,N,A,-,Y,,,101,,,,,,S,Y,2,0,3,1,A,-,01,23152,A,N,E,I,A,A,H,-,A,D,0,,,,,Y,Y,A,01,2,1,0,0,0,0,0,0,0,"- ","- ",35.4129,-120.6267,"SAN LUIS OBISPO",UNINCORPORATED,-120.62670722999999,35.412898679999998
90373968,2017,2017-01-20,9745,2017-01-13,2050,020689,,5,2,9,4000,0,3,5,,2,004,"SILVER SPUR PL","22ND STREET",0.00,,Y,A,-,N,,,,,,,,,,Y,3,0,1,1,A,-,01,23152,A,N,E,I,A,A,H,-,D,A,0,,,,,Y,Y,A,01,0,1,0,0,0,0,0,0,0,"- ","- ",35.094110000000001,-120.60731,"SAN LUIS OBISPO",UNINCORPORATED,-120.60739998,35.094160080000002
90376466,2017,2017-01-24,9745,2017-01-21,0641,014713,,6,1,9,4000,0,1,2,,1,101,"US-101 NORTHBOUND","HAWK HILL RD",2453.00,S,N,B,-,Y,,,101,,,,,,N,Y,4,0,1,1,A,-,08,22107,,N,E,I,A,B,H,-,B,D,0,,,,,Y,,A,07,0,0,1,0,0,0,0,0,0,"- ","- ",35.30668,-120.62542000000001,"SAN LUIS OBISPO",UNINCORPORATED,-120.62536795,35.306664640000001
90380472,2017,2017-01-27,9740,2017-01-08,1415,018323,,7,2,9,4000,0,1,3,,2,011,SR-46,"VINEYARD DRIVE",0.00,,Y,B,-,Y,,,46,,,,,,,Y,3,0,2,2,A,-,09,21801,A,N,A,C,A,A,H,-,A,D,0,,,,,Y,,A,01,0,2,0,0,0,0,0,0,0,"- ","- ",35.553339999999999,-120.7616,"SAN LUIS OBISPO",UNINCORPORATED,-120.76159137,35.553324449999998
90382379,2017,2017-01-31,9745,2017-01-26,0120,013531,,4,3,9,4000,0,3,5,,2,005,"CAMINO CABALLO","POMEROY ROAD",55.00,W,N,A,-,N,,,,,,,,,,Y,3,0,1,1,A,-,01,23152,A,N,E,I,A,A,H,-,C,D,0,,,,,Y,Y,D,22,0,1,0,0,0,0,0,0,0,"- ","- ",35.034840000000003,-120.50087000000001,"SAN LUIS OBISPO",UNINCORPORATED,-120.50101255,35.034788229999997
90382698,2017,2017-01-31,9745,2017-01-23,2035,015734,,1,2,9,4000,0,1,2,,1,101,"US-101 NORTHBOUND","TASSAJARA CREEK ROAD",1056.00,N,N,B,-,Y,,,101,,,,,,N,Y,3,0,2,2,A,-,01,23152,A,N,E,I,A,A,H,-,D,D,0,,,,,Y,Y,D,22,0,1,1,0,0,0,0,0,0,"- ","- ",35.372169999999997,-120.64054,"SAN LUIS OBISPO",UNINCORPORATED,-120.64028128,35.371946909999998
90385496,2017,2017-02-03,9745,2017-02-01,0520,015144,,3,3,9,4000,0,1,3,,1,045,SR-1,"VIA CONCHA RD",225.00,N,N,E,-,Y,,,1,,,,,,,Y,4,0,1,1,A,-,08,22107,,N,F,A,A,A,H,-,D,D,0,,,,,Y,,A,07,0,0,1,0,0,0,0,0,0,"- ","- ",35.027500000000003,-120.56108,"SAN LUIS OBISPO",UNINCORPORATED,-120.56117930000001,35.027501020000003
90386955,2017,2017-02-06,9740,2017-01-25,0726,013246,,3,1,4,4008,0,1,2,,2,001,"U.S. 101 N/B","SANTA BARBARA RD.",3168.00,N,N,A,-,Y,,,,,,,,,,Y,4,0,2,2,C,-,18,,,N,D,C,A,C,G,H,B,D,0,,,,,Y,,-,"- ",0,0,2,0,0,0,0,0,0,"- ","- ",35.451900000000002,-120.64019999999999,"SAN LUIS OBISPO",ATASCADERO,-120.64035358,35.45202948
90386997,2017,2017-02-06,9740,2017-01-25,0350,014465,,3,3,4,4008,0,1,2,,2,001,"US 101 (N/B)","SANTA BARBARA RD",2112.00,N,N,A,-,Y,,,,,,,,,,Y,4,0,1,1,C,-,18,,,N,E,I,A,C,G,-,D,D,0,,,,,Y,,-,"- ",0,0,1,0,0,0,0,0,0,"- ","- ",35.279000000000003,-120.3827,"SAN LUIS OBISPO",ATASCADERO,-120.6393396,35.449238360000003
90387310,2017,2017-02-07,9745,2017-01-31,1455,013212,,2,2,9,4000,0,1,3,,1,041,"SR-1 NORTHBOUND","BELRIDGE ST",0.00,,Y,A,-,Y,,,1,,,,,,N,N,4,0,1,2,A,-,05,21650,,N,D,G,A,A,H,-,A,A,0,,Y,,,Y,,L,04,0,0,1,0,0,0,1,0,0,"- ","- ",35.102980000000002,-120.61803999999999,"SAN LUIS OBISPO",UNINCORPORATED,-120.61809967000001,35.102897509999998
90387525,2017,2017-03-27,9745,2017-02-03,1123,015144,,5,1,9,4000,0,2,4,,1,052,"THOMPSON AVE","DANA ST",0.00,,Y,B,-,N,,,,,,,,,,Y,4,0,1,2,A,-,09,21802,A,N,D,C,A,B,H,-,A,A,0,,,,,Y,,A,01,0,0,1,0,0,0,0,0,0,"- ","- ",35.042169999999999,-120.47505,"SAN LUIS OBISPO",UNINCORPORATED,-120.47507993000001,35.042110049999998
90388835,2017,2017-02-08,9740,2017-02-01,1030,014460,,3,1,9,4000,0,3,5,,2,021,"LAS TABLAS ROAD","US-101 SOUTHBOUND",0.00,,Y,A,-,N,,,,,,,,,,N,4,0,1,2,A,-,12,21453,A,N,D,C,A,A,H,-,A,A,0,,,,,Y,,D,22,0,0,1,0,0,0,0,0,0,"- ","- ",35.331499999999998,-120.42440000000001,"SAN LUIS OBISPO",UNINCORPORATED,-120.71218986,35.554380100000003
90389009,2017,2017-02-08,9740,2017-02-05,2110,016849,,7,2,9,4000,0,1,2,,2,001,"US-101 NORTHBOUND",SR-58,1584.00,N,N,C,-,Y,,,101,,,,,,N,N,4,0,1,1,A,-,08,22107,,N,E,I,A,B,H,-,D,D,0,,,,,Y,,A,07,0,0,1,0,0,0,0,0,0,"- ","- ",35.393320000000003,-120.62421999999999,"SAN LUIS OBISPO",UNINCORPORATED,-120.62390799000001,35.39313276
90391664,2017,2017-02-13,9745,2017-02-08,2118,013531,,3,2,9,4000,0,1,2,,2,505,"US-101 SOUTHBOUND","TEFFT STREET",10560.00,S,N,B,C,Y,,,101,,,,,,S,N,4,0,1,2,A,-,01,23152,A,N,C,C,A,B,H,-,D,D,0,,,,,Y,Y,A,01,0,0,1,0,0,0,0,0,0,"- ","- ",35.015979999999999,-120.46221,"SAN LUIS OBISPO",UNINCORPORATED,-120.46217851,35.01601883
90393274,2017,2017-02-14,9740,2017-01-28,2332,014460,,6,3,9,4000,0,2,4,,2,012,"NACIMIENTO LAKE DRIVE","OAK FLAT ROAD",3168.00,E,N,A,-,N,,,,,,,,,,Y,3,0,2,1,A,-,01,23152,A,N,E,I,A,A,H,-,D,D,0,,,,,Y,Y,D,22,0,1,1,0,0,0,0,0,0,"- ","- ",35.405099999999997,-120.43340000000001,"SAN LUIS OBISPO",UNINCORPORATED,-120.7331757,35.675858470000001
90394252,2017,2017-02-15,9740,2017-02-03,1140,014460,,5,1,9,4000,0,1,2,,2,002,"US-101 (N/B) TO LAS TABLAS ROAD","LAS TABLAS ROAD",51.00,S,N,C,-,Y,,,,,,,,,,Y,3,0,2,3,A,-,03,22350,,N,C,C,A,B,H,-,A,A,0,,,,,Y,,A,08,0,1,1,0,0,0,0,0,0,"- ","- ",35.331499999999998,-120.4242,"SAN LUIS OBISPO",UNINCORPORATED,-120.71229323,35.554268159999999
90395006,2017,2017-02-16,9740,2017-02-04,1200,019259,,6,1,9,4000,0,3,5,,2,019,"CHOLAME VALLEY RD",SR-46,14256.00,N,N,A,-,N,,,,,,,,,,N,3,0,1,1,A,-,03,22350,,N,F,D,A,D,G,H,A,D,0,,Y,,,Y,,L,04,0,1,0,0,0,0,1,0,0,"- ","- ",35.76502,-120.31318,"SAN LUIS OBISPO",UNINCORPORATED,-120.31402856,35.765480289999999
90395107,2017,2017-02-22,9750,2017-02-11,1716,019656,,6,2,9,4000,0,1,3,,2,061,SR-166,"SUEY CREEK RD",9504.00,E,N,B,-,Y,,,166,,,,,,,Y,3,0,2,3,A,-,01,23152,A,N,C,C,A,A,H,-,A,D,0,,,,,Y,Y,A,01,0,1,1,0,0,0,0,0,0,"- ","- ",35.016489999999997,-120.3389,"SAN LUIS OBISPO",UNINCORPORATED,-120.33891019000001,35.016572609999997
90395170,2017,2017-02-16,9740,2017-02-07,0910,013733,,2,1,9,4000,0,3,5,,2,022,"VINEYARD DRIVE","SR-46 WEST",18480.00,N,N,C,-,N,,,,,,,,,,Y,4,0,1,1,A,-,03,22350,,N,E,I,A,B,F,-,A,D,0,,,,,Y,,A,01,0,0,1,0,0,0,0,0,0,"- ","- ",35.5837,-120.80876000000001,"SAN LUIS OBISPO",UNINCORPORATED,-120.80679424,35.583314260000002
90395884,2017,2017-02-17,9740,2017-02-07,0945,014543,,2,1,9,4000,0,1,2,,2,001,"US-101 NORTHBOUND",SR-58,4752.00,N,N,B,C,Y,,,,,,,,,,Y,4,0,1,3,A,-,03,22350,,N,C,E,E,B,H,-,A,D,0,Y,,,,Y,,A,01,0,0,1,0,1,0,0,0,0,"- ","- ",,,"SAN LUIS OBISPO",UNINCORPORATED,,
90397162,2017,2017-02-21,9740,2017-01-06,1026,013984,,5,1,9,4000,0,3,5,,2,017,"TEMPLETON RD","RIVER ROAD",2112.00,N,N,A,-,N,,,,,,,,,,Y,1,1,0,1,A,-,03,22350,,N,E,I,A,A,H,-,A,D,0,,,,,Y,,A,07,0,0,0,0,0,0,0,0,0,"- ","- ",35.512419999999999,-120.65418,"SAN LUIS OBISPO",UNINCORPORATED,-120.65424174,35.512435689999997
90397344,2017,2017-02-21,9745,2017-02-13,0055,017151,,1,3,2,4005,0,1,2,,2,404,"US-101 NORTHBOUND","SPYGLASS DR",150.00,S,N,A,-,Y,,,101,,,,,,N,Y,4,0,1,2,A,-,03,22350,,N,D,E,A,A,H,-,D,D,0,,,,,Y,,A,01,0,0,1,0,0,0,0,0,0,"- ","- ",35.163119999999999,-120.68489,"SAN LUIS OBISPO","PISMO BEACH",-120.68491493000001,35.163063350000002
90397433,2017,2017-07-18,9745,2017-02-13,1345,018021,,1,1,9,4000,0,2,4,,1,026,"PREFUMO CANYON RD","SERPENTINE LN",4224.00,N,N,A,-,N,,,,,,,,,,N,2,0,1,2,A,-,05,21202,A,N,B,G,A,A,H,-,A,D,0,,Y,,,Y,,L,04,1,0,0,0,0,0,1,0,0,"- ","- ",35.260060000000003,-120.75636,"SAN LUIS OBISPO",UNINCORPORATED,-120.75712849999999,35.260240680000003
90399074,2017,2017-02-23,9740,2017-02-10,1820,15854,,5,2,4,4008,0,1,2,,2,001,"SANTA ROSA RD","US-101 S/B FROM SANTA ROSA RD",5.00,N,N,B,-,Y,,,,,,,,,,N,2,0,1,2,A,-,10,21950,A,N,G,B,B,B,H,-,C,A,0,Y,,,,Y,,A,07,1,0,0,0,1,0,0,0,0,"- ","- ",35.465499999999999,-120.65188000000001,"SAN LUIS OBISPO",ATASCADERO,,
90401980,2017,2017-02-28,9740,2017-01-28,1254,015644,,6,1,3,4004,0,1,2,,2,003,"US-101 SOUTHBOUND",SR-46,110.00,N,N,A,-,Y,,,101,,,,,,S,Y,1,1,0,1,A,-,08,22107,,N,F,I,A,A,H,-,A,D,0,,,,,Y,,A,01,0,0,0,0,0,0,0,0,0,"- ","- ",35.589100000000002,-120.69571999999999,"SAN LUIS OBISPO","PASO ROBLES",-120.69572622,35.58910083
90403880,2017,2017-03-01,9745,2017-02-18,0800,016390,,6,1,2,4005,0,1,2,,2,404,"US-101 S/B","PRICE CANYON RD. O/C",1584.00,N,N,C,-,Y,,,101,,,,,,S,Y,3,0,1,1,A,-,08,22107,,N,F,A,A,B,H,-,A,D,0,,,,,Y,,A,01,0,1,0,0,0,0,0,0,0,"- ","- ",35.145200000000003,-120.6431,"SAN LUIS OBISPO","PISMO BEACH",-120.64306216999999,35.145242580000001
90404079,2017,2017-03-02,9740,2017-02-16,1810,018323,,4,2,9,4000,0,1,2,,2,002,"US-101 NORTHBOUND","MAIN STREET",1925.00,N,N,B,-,Y,,,101,,,,,,N,Y,4,0,1,1,A,-,08,22107,,N,F,A,A,B,H,-,D,D,0,,,,,Y,,A,01,0,0,1,0,0,0,0,0,0,"- ","- ",35.57058,-120.69918,"SAN LUIS OBISPO",UNINCORPORATED,-120.69932000999999,35.570652809999999