CASE_ID,ACCIDENT_YEAR,PROC_DATE,JURIS,COLLISION_DATE,COLLISION_TIME,OFFICER_ID,REPORTING_DISTRICT,DAY_OF_WEEK,CHP_SHIFT,POPULATION,CNTY_CITY_LOC,SPECIAL_COND,BEAT_TYPE,CHP_BEAT_TYPE,CITY_DIVISION_LAPD,CHP_BEAT_CLASS,BEAT_NUMBER,PRIMARY_RD,SECONDARY_RD,DISTANCE,DIRECTION,INTERSECTION,WEATHER_1,WEATHER_2,STATE_HWY_IND,CALTRANS_COUNTY,CALTRANS_DISTRICT,STATE_ROUTE,ROUTE_SUFFIX,POSTMILE_PREFIX,POSTMILE,LOCATION_TYPE,RAMP_INTERSECTION,SIDE_OF_HWY,TOW_AWAY,COLLISION_SEVERITY,NUMBER_KILLED,NUMBER_INJURED,PARTY_COUNT,PRIMARY_COLL_FACTOR,PCF_CODE_OF_VIOL,PCF_VIOL_CATEGORY,PCF_VIOLATION,PCF_VIOL_SUBSECTION,HIT_AND_RUN,TYPE_OF_COLLISION,MVIW,PED_ACTION,ROAD_SURFACE,ROAD_COND_1,ROAD_COND_2,LIGHTING,CONTROL_DEVICE,CHP_ROAD_TYPE,PEDESTRIAN_ACCIDENT,BICYCLE_ACCIDENT,MOTORCYCLE_ACCIDENT,TRUCK_ACCIDENT,NOT_PRIVATE_PROPERTY,ALCOHOL_INVOLVED,STWD_VEHTYPE_AT_FAULT,CHP_VEHTYPE_AT_FAULT,COUNT_SEVERE_INJ,COUNT_VISIBLE_INJ,COUNT_COMPLAINT_PAIN,COUNT_PED_KILLED,COUNT_PED_INJURED,COUNT_BICYCLIST_KILLED,COUNT_BICYCLIST_INJURED,COUNT_MC_KILLED,COUNT_MC_INJURED,PRIMARY_RAMP,SECONDARY_RAMP,LATITUDE,LONGITUDE,COUNTY,CITY,POINT_X,POINT_Y
90404317,2017,2017-03-02,9745,2017-02-22,2330,016390,,3,3,9,4000,0,3,5,,2,004,"ORCUTT ROAD","LOPEZ DR",0.00,,Y,A,-,N,,,,,,,,,,Y,3,0,1,1,A,-,03,22350,,N,F,A,A,A,H,-,D,A,0,,,,,Y,,A,01,0,1,0,0,0,0,0,0,0,"- ","- ",35.172440000000002,-120.5299,"SAN LUIS OBISPO",UNINCORPORATED,-120.53000994,35.172510080000002
90404968,2017,2017-03-02,9740,2017-02-17,1123,013133,,5,1,9,4000,0,1,3,,2,010,SR-41,SR-46,10560.00,N,N,C,G,Y,,,41,,,,,,,N,3,0,1,1,C,-,18,,,N,F,A,A,B,H,-,A,D,0,,,,Y,Y,,-,"- ",0,1,0,0,0,0,0,0,0,"- ","- ",35.765360000000001,-120.25162,"SAN LUIS OBISPO",UNINCORPORATED,-120.25159454,35.765332180000001
90404972,2017,2017-03-02,9740,2017-02-17,0714,013417,,5,1,9,4000,0,1,2,,2,004,"US-101 NORTHBOUND","S. CAMP ROBERTS RXR OVERCROSSING",522.00,N,N,C,-,Y,,,101,,,,,,N,Y,2,0,2,1,A,-,03,22350,,N,E,I,A,B,H,-,A,D,0,,,,,Y,,A,07,1,0,1,0,0,0,0,0,0,"- ","- ",35.778649999999999,-120.71769,"SAN LUIS OBISPO",UNINCORPORATED,-120.71770581,35.778617560000001
90404980,2017,2017-03-02,9740,2017-02-18,1825,017426,,6,2,9,4000,0,3,5,,2,019,"ESTRELLA RD","MARTINGALE CIR",5808.00,E,N,A,-,N,,,,,,,,,,Y,4,0,2,1,A,-,03,22350,,N,E,I,A,A,H,-,D,D,0,,,,,Y,,A,01,0,0,2,0,0,0,0,0,0,"- ","- ",35.681480000000001,-120.54156,"SAN LUIS OBISPO",UNINCORPORATED,-120.55224386,35.683554630000003
90407591,2017,2017-03-07,9745,2017-03-04,1400,016714,,6,2,9,4000,0,1,3,,1,021,"SR-1 (CABRILLO HIGHWAY)","VILLA CREEK RD.",4752.00,N,N,A,-,Y,,,1,,,,,,,Y,2,0,3,2,A,-,08,22107,,N,D,C,A,A,H,-,A,D,0,,,,,Y,,A,01,1,0,2,0,0,0,0,0,0,"- ","- ",35.478360000000002,-120.99196000000001,"SAN LUIS OBISPO",UNINCORPORATED,-120.9919417,35.478382889999999
90408459,2017,2017-03-08,9745,2017-03-03,1450,020229,,5,2,9,4000,0,1,2,,2,404,"US-101 SOUTHBOUND","MATTIE RD",3696.00,N,N,A,-,Y,,,101,,,,,,S,Y,4,0,1,2,A,-,03,22350,,N,C,C,A,A,H,-,A,D,0,,,,,Y,,A,07,0,0,1,0,0,0,0,0,0,"- ","- ",35.15466,-120.66379000000001,"SAN LUIS OBISPO",UNINCORPORATED,-120.66380492,35.154622199999999
90408772,2017,2017-03-09,9745,2017-03-03,0535,020689,,5,3,9,4000,0,2,4,,1,025,"LOS OSOS VALLEY RD","FAIRCHILD WAY",0.00,,Y,A,-,N,,,,,,,,,,N,4,0,1,2,A,-,07,21658,A,F,B,C,A,A,H,-,C,A,0,,,,,Y,,D,22,0,0,1,0,0,0,0,0,0,"- ","- ",35.31062,-120.82856,"SAN LUIS OBISPO",UNINCORPORATED,-120.82857994,35.310730040000003
90410261,2017,2017-03-10,9745,2017-03-05,0706,017541,,7,1,9,4000,0,1,2,,2,505,"US-101 NORTHBOUND","LAETITIA WINERY DR",3960.00,N,N,C,-,Y,,,101,,,,,,N,Y,3,0,1,1,A,-,08,22107,,N,E,I,A,B,H,-,A,D,0,,,,,Y,,A,07,0,1,0,0,0,0,0,0,0,"- ","- ",35.103200000000001,-120.54971999999999,"SAN LUIS OBISPO",UNINCORPORATED,-120.54972085,35.103199140000001
90414153,2017,2017-03-16,9745,2017-03-16,0915,016390,,4,1,3,4001,0,1,2,,2,402,"US-101 N/B","BRISCO ROAD",528.00,S,N,A,-,Y,,,101,,,,,,N,Y,4,0,2,2,A,-,03,22350,,N,C,C,A,A,H,-,A,D,0,,,,,Y,,A,01,0,0,2,0,0,0,0,0,0,"- ","- ",35.123640000000002,-120.59069,"SAN LUIS OBISPO","ARROYO GRANDE",-120.59071256999999,35.123563349999998
90414656,2017,2017-03-17,9740,2017-03-12,1955,015854,,7,2,9,4000,0,3,5,,2,017,"LUPINE LN","TEMPLETON RD",3696.00,N,N,A,-,N,,,,,,,,,,Y,2,0,1,1,A,-,08,22107,,N,E,I,A,A,H,-,D,D,0,,,,,Y,,D,22,1,0,0,0,0,0,0,0,0,"- ","- ",35.535910000000001,-120.66280999999999,"SAN LUIS OBISPO",UNINCORPORATED,-120.66266401,35.536562490000001
90415640,2017,2017-03-20,9745,2017-03-11,2108,017541,,6,2,9,4000,0,1,2,,2,303,"US-101 NORTHBOUND","LOS OSOS VALLEY RD",3168.00,S,N,A,-,Y,,,101,,,,,,N,Y,4,0,1,2,A,-,08,22107,,N,B,C,A,A,H,-,D,D,0,,,,,Y,,A,01,0,0,1,0,0,0,0,0,0,"- ","- ",35.234610000000004,-120.68595999999999,"SAN LUIS OBISPO",UNINCORPORATED,-120.6859778,35.234635339999997
90416501,2017,2017-03-22,9745,2017-03-11,1730,017097,,6,2,9,4000,0,3,5,,2,005,"DANA FOOTHILL RD","TEFFT STREET",100.00,N,N,A,-,N,,,,,,,,,,Y,4,0,1,1,A,-,08,22107,,N,E,I,A,A,H,-,A,D,0,,,,,Y,,A,07,0,0,1,0,0,0,0,0,0,"- ","- ",35.055970000000002,-120.45856999999999,"SAN LUIS OBISPO",UNINCORPORATED,-120.45845579,35.055952189999999
90420452,2017,2017-03-24,9745,2017-03-17,1723,017817,,5,2,9,4000,0,3,5,,2,004,"25TH STREET","PASO ROBLES ST",0.00,,Y,A,-,N,,,,,,,,,,N,4,0,1,2,A,-,09,21802,A,N,D,C,A,A,H,-,A,D,0,,,,,Y,,A,01,0,0,1,0,0,0,0,0,0,"- ","- ",35.101129999999998,-120.60218,"SAN LUIS OBISPO",UNINCORPORATED,-120.60219993,35.101140020000003
90420532,2017,2017-03-24,9745,2017-03-19,1110,016068,,7,1,9,4000,0,3,5,,2,003,"MONTE RD","AVILA BEACH DRIVE",450.00,N,N,A,-,N,,,,,,,,,,Y,4,0,1,1,A,-,08,22107,,N,E,I,A,A,H,-,A,D,0,,,,,Y,,D,22,0,0,1,0,0,0,0,0,0,"- ","- ",35.180500000000002,-120.69929999999999,"SAN LUIS OBISPO",UNINCORPORATED,-120.69995423,35.183411479999997
9042164,2020,2020-02-19,4003,2020-01-07,1546,V9096,8,2,5,2,4003,0,0,0,,0,002,"MAIN ST","SEQUOIA ST",135.00,S,N,A,-,N,,,,,,,,,,Y,3,0,1,2,A,-,01,23153,A,N,D,C,A,A,H,-,A,D,0,,,,,Y,Y,A,01,0,1,0,0,0,0,0,0,0,"- ","- ",,,"SAN LUIS OBISPO","MORRO BAY",-120.86075592041016,35.394985198974609
90421848,2017,2017-03-27,9745,2017-03-22,1605,017144,,3,2,9,4000,0,1,2,,2,505,US-101,"EL CAMPO RD",0.00,,Y,B,-,Y,,,101,,,,,,,Y,3,0,1,2,A,-,09,21802,A,N,D,C,A,A,H,-,A,D,0,,,,,Y,,D,22,0,1,0,0,0,0,0,0,0,"- ","- ",35.111280000000001,-120.56379,"SAN LUIS OBISPO",UNINCORPORATED,-120.5638072,35.111226119999998
90423575,2017,2017-03-29,9740,2017-03-23,0705,017426,,4,1,9,4000,0,3,5,,2,017,"EL CAMINO REAL","SANTA CLARA RD",100.00,N,N,A,-,N,,,,,,,,,,Y,4,0,3,2,A,-,03,22350,,N,C,C,A,A,H,-,A,D,0,,,,,Y,,A,01,0,0,3,0,0,0,0,0,0,"- ","- ",35.440600000000003,-120.62889,"SAN LUIS OBISPO",UNINCORPORATED,-120.62820667,35.44010626
90425053,2017,2017-03-31,9740,2017-03-22,1507,014622,,3,2,4,4008,0,1,2,,2,002,"US-101 SOUTHBOUND",SR-41,890.00,N,N,B,-,Y,,,101,,,,,,S,Y,4,0,1,1,A,-,08,22107,,N,E,I,A,A,H,-,A,D,0,,,,,Y,,A,01,0,0,1,0,0,0,0,0,0,"- ","- ",35.486739999999998,-120.66802,"SAN LUIS OBISPO",ATASCADERO,-120.66797373,35.486820360000003
90428930,2017,2017-04-06,9745,2017-04-01,1435,016002,,6,2,9,4000,0,2,4,,1,053,"POMEROY RD","LIVE OAK RIDGE RD",528.00,S,N,A,-,N,,,,,,,,,,N,3,0,1,2,A,-,08,22107,,F,G,B,E,A,H,-,A,D,0,Y,,,,Y,Y,A,01,0,1,0,0,1,0,0,0,0,"- ","- ",35.043059999999997,-120.52431,"SAN LUIS OBISPO",UNINCORPORATED,-120.52425595,35.04403971
90428988,2017,2017-04-06,9745,2017-03-31,1955,013212,,5,2,9,4000,0,2,4,,1,025,"LOS OSOS VALLEY RD","9TH STREET",0.00,,Y,A,-,N,,,,,,,,,,Y,4,0,2,2,A,-,09,21801,A,N,D,C,A,A,H,-,E,A,0,,,,,Y,,A,01,0,0,2,0,0,0,0,0,0,"- ","- ",35.31127,-120.83313,"SAN LUIS OBISPO",UNINCORPORATED,-120.8331728,35.311239530000002
90429909,2017,2017-04-07,9745,2017-04-04,1530,014996,,2,2,9,4000,0,2,4,,1,046,"PRICE CANYON RD","CORRAL DE PIEDRA RD",4224.00,W,N,A,-,N,,,,,,,,,,Y,3,0,1,1,A,-,08,22107,,N,E,I,A,A,H,-,A,D,0,,,,,Y,,A,08,0,1,0,0,0,0,0,0,0,"- ","- ",35.185600000000001,-120.61899,"SAN LUIS OBISPO",UNINCORPORATED,-120.61921907999999,35.184664730000001
90430890,2017,2017-04-10,9740,2017-04-08,1602,016849,,6,2,9,4000,0,2,4,,2,012,"PARKHILL ROAD","EARTH STAR PLACE",1584.00,W,N,A,-,N,,,,,,,,,,Y,3,0,2,2,A,-,01,23152,A,F,A,C,A,A,H,-,A,D,0,,,,,Y,Y,D,22,0,1,1,0,0,0,0,0,0,"- ","- ",35.369250000000001,-120.39960000000001,"SAN LUIS OBISPO",UNINCORPORATED,-120.39890500999999,35.368720060000001
90430965,2017,2017-04-10,9745,2017-04-04,0744,018021,,2,1,9,4000,0,3,5,,2,005,"DIVISION STREET","AVENIDA DE SOCIOS",0.00,,Y,A,-,N,,,,,,,,,,Y,4,0,1,2,A,-,09,21801,A,N,A,C,A,A,H,-,A,D,0,,,,,Y,,A,01,0,0,1,0,0,0,0,0,0,"- ","- ",35.029110000000003,-120.47918,"SAN LUIS OBISPO",UNINCORPORATED,-120.47916992,35.029120050000003
90430976,2017,2017-04-10,9745,2017-04-05,1000,018021,,3,1,9,4000,0,1,2,,2,505,"US-101 NORTHBOUND","TEFFT STREET",5280.00,S,N,A,-,Y,,,101,,,,,,N,Y,4,0,1,1,A,-,08,22107,,N,B,I,A,A,H,-,A,D,0,,,,,Y,,A,01,0,0,1,0,0,0,0,0,0,"- ","- ",35.027209999999997,-120.47408,"SAN LUIS OBISPO",UNINCORPORATED,-120.47405832,35.027233440000003
90431866,2017,2017-04-11,9745,2017-04-09,2052,017151,,7,2,9,4000,0,1,3,,1,041,SR-1,"BEACH ST",300.00,N,N,A,-,Y,,,1,,,,,,,Y,4,0,2,2,A,-,03,22350,,N,C,C,A,A,H,-,C,D,0,,,,,Y,,A,01,0,0,2,0,0,0,0,0,0,"- ","- ",35.09975,-120.61372,"SAN LUIS OBISPO",UNINCORPORATED,-120.61373463,35.099729510000003
90432024,2017,2017-04-11,9745,2017-04-09,1402,016002,,7,2,9,4000,0,1,3,,1,045,SR-1,"DIVISION STREET",441.00,N,N,A,-,Y,,,1,,,,,,,Y,3,0,2,1,A,-,01,23152,A,N,F,A,A,A,H,-,A,D,0,,,,,Y,Y,A,01,0,1,1,0,0,0,0,0,0,"- ","- ",34.992400000000004,-120.57061,"SAN LUIS OBISPO",UNINCORPORATED,-120.57054994000001,34.992400000000004
90432747,2017,2017-04-26,9745,2017-04-01,0658,016390,,6,1,9,4000,0,3,5,,2,004,"HALCYON ROAD",SR-1,86.00,N,N,A,-,N,,,,,,,,,,Y,3,0,2,2,A,-,05,21460,A,N,A,C,A,A,H,-,A,D,0,,,,,Y,,A,01,0,1,1,0,0,0,0,0,0,"- ","- ",35.098379999999999,-120.59224,"SAN LUIS OBISPO",UNINCORPORATED,-120.592313,35.09838972
90432868,2017,2017-04-12,9740,2017-03-28,1000,013733,,2,1,9,4000,0,1,2,,2,001,"U.S. 101 S/B TO TRAFFIC WAY","TRAFFIC WAY",20.00,N,N,B,-,Y,,,,,,,,,,Y,4,0,1,2,A,-,01,23152,E,N,C,C,A,A,H,-,A,A,0,,,,,Y,,A,01,0,0,1,0,0,0,0,0,0,"- ","- ",35.488480000000003,-120.67121,"SAN LUIS OBISPO",UNINCORPORATED,,
90432921,2017,2017-04-12,9740,2017-04-01,1130,013984,,6,1,9,4000,0,1,3,,2,010,"RT 41","SR 46 EAST",15840.00,N,N,A,-,Y,,,41,,,,,,,Y,3,0,1,1,A,-,03,22350,,N,E,I,A,A,H,-,A,D,0,,,Y,,Y,,C,02,0,1,0,0,0,0,0,0,1,"- ","- ",35.771740000000001,-120.23815,"SAN LUIS OBISPO",UNINCORPORATED,-120.23813579,35.771634390000003
90433162,2017,2017-04-12,9740,2017-04-01,0245,014460,,6,3,9,4000,0,1,3,,2,005,SR-58,"EAST POZO ROAD",7920.00,W,N,A,-,Y,,,,,,,,,,Y,2,0,1,1,A,-,01,23152,A,N,E,I,A,A,H,-,D,D,0,,,,,Y,Y,D,22,1,0,0,0,0,0,0,0,0,"- ","- ",35.235399999999998,-120.117,"SAN LUIS OBISPO",UNINCORPORATED,-120.60452792,35.393287450000003
90433560,2017,2017-04-13,9740,2017-04-04,1700,013733,,2,2,9,4000,0,2,4,,2,012,"NACIMIENTO LAKE DR","GATEWAY DR",3696.00,S,N,A,-,N,,,,,,,,,,Y,2,0,2,2,A,-,01,23152,A,N,D,C,A,A,H,-,A,D,0,,,,,Y,Y,D,22,1,1,0,0,0,0,0,0,0,"- ","- ",35.719729999999998,-120.84849,"SAN LUIS OBISPO",UNINCORPORATED,-120.84865741999999,35.720139889999999
90434604,2017,2017-04-14,9745,2017-04-08,0012,017541,,6,3,4,4006,0,1,2,,2,202,"US-101 SOUTHBOUND TO MONTEREY STREET","BUENA VISTA AVE",300.00,N,N,C,-,Y,,,101,,,,R,,S,Y,2,0,1,2,A,-,11,21954,A,N,G,B,D,B,H,-,D,D,0,Y,,,,Y,Y,N,60,1,0,0,0,1,0,0,0,0,"- ","- ",35.29204,-120.64829,"SAN LUIS OBISPO","SAN LUIS OBISPO",-120.64829,35.29204
90437121,2017,2017-04-18,9745,2017-04-11,1840,015144,,2,2,2,4005,0,1,2,,2,404,"US-101 SOUTHBOUND","SPYGLASS DR",4224.00,S,N,A,-,Y,,,101,,,,,,S,Y,3,0,2,2,A,-,03,22350,,N,C,C,A,A,H,-,A,D,0,,,,,Y,,A,01,0,2,0,0,0,0,0,0,0,"- ","- ",35.158940000000001,-120.67465,"SAN LUIS OBISPO","PISMO BEACH",-120.67467238,35.158882550000001
90438208,2017,2017-04-19,9745,2017-04-17,1810,017930,,1,2,9,4000,0,1,2,,1,101,"US-101 NORTHBOUND","RESERVOIR CANYON RD",1056.00,N,N,B,-,Y,,,101,,,,,,N,Y,3,0,1,1,A,-,08,22107,,N,E,I,A,A,H,-,A,D,0,,,,,Y,,A,07,0,1,0,0,0,0,0,0,0,"- ","- ",35.296599999999998,-120.6298,"SAN LUIS OBISPO",UNINCORPORATED,-120.62979779,35.296595420000003
90438530,2017,2017-04-20,9745,2017-04-18,0648,020144,,2,1,9,4000,0,2,4,,1,058,"ORCHARD RD","CHERRY BLOSSOM PL",3168.00,N,N,B,C,N,,,,,,,,,,Y,4,0,1,1,A,-,03,22350,,N,E,I,A,B,F,-,A,D,0,,,,,Y,,D,22,0,0,1,0,0,0,0,0,0,"- ","- ",35.011240000000001,-120.4722,"SAN LUIS OBISPO",UNINCORPORATED,-120.47220021,35.011405889999999
90439102,2017,2019-05-02,9745,2017-03-20,1346,017817,,1,1,9,4000,0,1,3,,1,032,SR-227,"OLD PRICE CANYON RD.",53.00,N,N,B,-,Y,,,227,,,,,,,Y,1,1,1,2,A,-,09,21804,A,N,D,C,A,A,H,-,A,D,0,,,,,Y,,A,01,0,1,0,0,0,0,0,0,0,"- ","- ",35.202750000000002,-120.61197,"SAN LUIS OBISPO",UNINCORPORATED,-120.61205287999999,35.202660620000003
90440379,2017,2017-04-24,9740,2017-04-18,0830,014662,,2,1,9,4000,0,1,3,,1,014,SR-1,SR-46W,7920.00,S,N,B,C,Y,,,1,,,,,,,Y,4,0,1,1,C,-,18,,,N,E,I,A,B,H,-,A,D,0,,,,,Y,,-,"- ",0,0,1,0,0,0,0,0,0,"- ","- ",35.514400000000002,-121.0314,"SAN LUIS OBISPO",UNINCORPORATED,-121.03146076,35.51434398
90440408,2017,2017-04-24,9745,2017-04-17,1315,020229,,1,1,2,4005,0,1,2,,2,404,"US-101 SOUTHBOUND","PRICE ST UNDERCROSSING",5.00,S,N,B,-,Y,,,101,,,,,,S,N,4,0,1,2,A,-,03,22350,,N,C,C,A,B,H,-,A,D,0,,,,,Y,,A,07,0,0,1,0,0,0,0,0,0,"- ","- ",35.139569999999999,-120.63645,"SAN LUIS OBISPO","PISMO BEACH",-120.63643386,35.139602179999997
9044328,2020,2020-03-10,4006,2020-01-16,1740,68045,SLO,4,5,4,4006,0,0,0,,0,,MEADOW,SOUTH,69.00,S,N,B,C,N,,,,,,,,,,N,3,0,1,2,A,-,10,21950,A,F,G,B,B,B,H,-,B,D,0,Y,,,,Y,,A,01,0,1,0,0,1,0,0,0,0,"- ","- ",35.269458770751953,-120.65814208984375,"SAN LUIS OBISPO","SAN LUIS OBISPO",-120.65819549560547,35.269329071044922
9044682,2019,2020-06-30,4004,2019-12-22,1752,1201,,7,5,3,4004,0,0,0,,0,,"RT 46 E","DRY CREEK RD",6466.00,W,N,C,-,Y,SLO,5,46,-,-,33.420,H,-,W,Y,4,0,1,2,A,-,01,23152,A,F,C,C,A,B,H,-,D,D,0,,,,,Y,Y,A,08,0,0,1,0,0,0,0,0,0,"- ","- ",35.659011840820312,-120.60305786132812,"SAN LUIS OBISPO","PASO ROBLES",-120.62253570556641,35.651168823242188
90447304,2017,2017-05-02,9740,2017-04-20,0557,013246,,4,3,9,4000,0,1,3,,2,008,SR-46E,"SHANDON REST AREA ENTRANCE",0.00,,Y,A,-,Y,,,46,,,,,,,Y,4,0,6,2,A,-,09,21801,A,N,A,C,A,A,H,-,B,D,0,,,,,Y,,A,01,0,0,6,0,0,0,0,0,0,"- ","- ",35.675199999999997,-120.3477,"SAN LUIS OBISPO",UNINCORPORATED,-120.34786121,35.675462000000003
90448333,2017,2017-05-03,9745,2017-04-21,0858,014910,,5,1,9,4000,0,3,5,,2,003,"SAN LUIS BAY DRIVE","ONTARIO RD",0.00,,Y,A,-,N,,,,,,,,,,N,3,0,1,1,A,-,12,22450,A,N,E,I,A,A,H,-,A,A,0,,,Y,,Y,,C,02,0,1,0,0,0,0,0,0,1,"- ","- ",35.196089999999998,-120.70061,"SAN LUIS OBISPO",UNINCORPORATED,-120.70057988000001,35.19611003
90448842,2017,2017-05-04,9740,2017-04-21,0825,013246,,5,1,9,4000,0,1,3,,2,008,SR-46E,"FLOWER LN.",844.00,W,N,A,-,Y,,,46,,,,,,,Y,3,0,2,3,A,-,03,22350,,N,C,C,A,A,D,-,A,D,0,,,,Y,Y,,D,22,0,1,1,0,0,0,0,0,0,"- ","- ",35.662399999999998,-120.3719,"SAN LUIS OBISPO",UNINCORPORATED,-120.37189985000001,35.662416
90448939,2017,2017-05-04,9740,2017-04-24,1443,016849,,1,2,3,4004,0,1,2,,2,003,"US-101 SOUTHBOUND","SR-46 WEST",815.00,N,N,A,-,Y,,,101,,,,,,S,Y,4,0,1,2,A,-,03,22350,,N,C,A,A,A,H,-,A,D,0,,,,,Y,,A,01,0,0,1,0,0,0,0,0,0,"- ","- ",35.591700000000003,-120.6955,"SAN LUIS OBISPO","PASO ROBLES",-120.69551946999999,35.591700279999998
90449138,2017,2017-05-04,9740,2017-04-24,1135,014460,,1,1,9,4000,0,1,3,,2,007,SR-41,"CRIPPLE CREEK ROAD",3696.00,S,N,A,-,Y,,,,,,,,,,N,3,0,1,1,A,-,08,22107,,N,F,A,A,A,H,-,A,D,0,,,Y,,Y,,C,02,0,1,0,0,0,0,0,0,1,"- ","- ",35.313800000000001,-120.3347,"SAN LUIS OBISPO",UNINCORPORATED,-120.56383633999999,35.526295490000003
90452825,2017,2017-05-10,9745,2017-05-03,1650,017817,,3,2,9,4000,0,1,2,,2,505,"US-101 SOUTHBOUND","LAETITIA VINEYARD DR.",2500.00,N,N,A,-,Y,,,101,,,,,,S,Y,4,0,3,4,A,-,03,22350,,N,C,C,A,A,H,-,A,D,0,,,,,Y,,A,01,0,0,3,0,0,0,0,0,0,"- ","- ",35.104019999999998,-120.55141,"SAN LUIS OBISPO",UNINCORPORATED,-120.5514474,35.103976099999997
90455717,2017,2017-05-16,9740,2017-04-30,1233,014662,,7,1,9,4000,0,3,5,,2,021,"LAS TABLAS RD","LOS ROBLES RD",36.00,E,N,A,-,N,,,,,,,,,,Y,2,0,1,2,A,-,03,22350,,N,C,C,A,A,H,-,A,D,0,,,Y,,Y,,C,02,1,0,0,0,0,0,0,0,1,"- ","- ",35.555900000000001,-120.71129999999999,"SAN LUIS OBISPO",UNINCORPORATED,-120.73294511,35.556248959999998
90457309,2017,2017-05-16,9745,2017-05-12,0530,020144,,5,3,2,4005,0,1,2,,2,404,"US-101 NORTHBOUND","JAMES WAY",1000.00,S,N,B,-,Y,,,101,,,,,,N,Y,4,0,1,1,C,-,18,,,N,H,H,A,A,H,-,C,D,0,,,,,Y,,-,"- ",0,0,1,0,0,0,0,0,0,"- ","- ",35.137799999999999,-120.62833000000001,"SAN LUIS OBISPO","PISMO BEACH",-120.62833148,35.13779315
90457358,2017,2017-05-16,9740,2017-05-06,0600,014662,,6,1,9,4000,0,1,2,,2,004,"US 101 NORTHBOUND","EXLINE RD",383.00,N,N,A,-,Y,,,,,,,,,,Y,4,0,1,2,A,-,08,22107,,N,C,C,A,A,H,-,B,D,0,,,,,Y,,A,07,0,0,1,0,0,0,0,0,0,"- ","- ",35.6843,-120.6968,"SAN LUIS OBISPO",UNINCORPORATED,-120.69671436,35.683721919999996
90458303,2017,2017-05-18,9740,2017-05-07,0047,015644,,7,3,9,4000,0,3,5,,2,022,"PEACHY CANYON RD","OLD SETTLER RD",10032.00,W,N,B,-,N,,,,,,,,,,Y,3,0,5,1,A,-,03,22350,,N,F,A,A,A,H,-,D,D,0,,,,,Y,,A,01,0,4,1,0,0,0,0,0,0,"- ","- ",35.618940000000002,-120.73944,"SAN LUIS OBISPO",UNINCORPORATED,-120.74115009,35.619746980000002
90458823,2017,2017-05-18,9745,2017-05-15,2053,016714,,1,2,9,4000,0,1,2,,1,101,"US-101 S/B","TV TOWER RD.",5808.00,S,N,A,-,Y,,,101,,,,,,S,Y,4,0,1,1,C,-,18,,,N,E,I,A,A,H,-,D,D,0,,,,,Y,,-,"- ",0,0,1,0,0,0,0,0,0,"- ","- ",35.331150000000001,-120.62285,"SAN LUIS OBISPO",UNINCORPORATED,-120.62281025,35.331180709999998
90459546,2017,2017-05-19,9745,2017-05-18,1000,020144,,4,1,9,4000,0,1,2,,2,505,"US-101 NORTHBOUND","LOS BERROS RD",1000.00,N,N,A,-,Y,,,101,,,,,,N,N,4,0,1,2,A,-,03,22350,,N,C,C,A,A,H,-,A,D,0,,,,,Y,,A,01,0,0,1,0,0,0,0,0,0,"- ","- ",35.074190000000002,-120.51855999999999,"SAN LUIS OBISPO",UNINCORPORATED,-120.51853957,35.074217320000002
90461570,2017,2017-05-23,9740,2017-05-16,1725,014543,,2,2,9,4000,0,1,3,,2,007,SR-41,"W. CENTRE ST.",0.00,,Y,A,-,Y,,,41,,,,,,,Y,4,0,4,2,A,-,09,21802,A,N,A,C,A,A,H,-,A,A,0,,,,,Y,,A,01,0,0,4,0,0,0,0,0,0,"- ","- ",35.661439999999999,-120.41409,"SAN LUIS OBISPO",UNINCORPORATED,-120.41411606,35.661436739999999
90462303,2017,2017-05-24,9740,2017-05-08,1530,014622,,1,2,9,4000,0,3,5,,2,024,"SANTA ROSA CREEK ROAD","MAIN STREET",528.00,N,N,A,-,N,,,,,,,,,,Y,3,0,3,2,A,-,03,22350,,N,C,C,A,A,H,-,A,D,0,,,,,Y,,A,01,0,2,1,0,0,0,0,0,0,"- ","- ",35.568049999999999,-121.07380000000001,"SAN LUIS OBISPO",UNINCORPORATED,-121.07434322,35.567466779999997
90462347,2017,2017-05-24,9740,2017-05-18,1635,015854,,4,2,9,4000,0,3,5,,2,021,"LAS TABLAS RD","BENNETT WAY",0.00,,Y,A,-,N,,,,,,,,,,Y,4,0,1,2,A,-,12,21453,A,N,D,C,A,A,H,-,A,A,0,,,,,Y,,A,01,0,0,1,0,0,0,0,0,0,"- ","- ",35.554220000000001,-120.71423,"SAN LUIS OBISPO",UNINCORPORATED,-120.71423994,35.554390099999999
90462950,2017,2017-05-24,9745,2017-05-19,1444,016068,,5,2,9,4000,0,3,5,,2,002,"OCEAN BLVD","HIDALGO AVE",20.00,N,N,A,-,N,,,,,,,,,,N,4,0,1,2,A,-,01,23152,F,N,B,E,A,A,H,-,A,D,0,,,,,Y,,A,01,0,0,1,0,0,0,0,0,0,"- ","- ",35.430100000000003,-120.8826,"SAN LUIS OBISPO",UNINCORPORATED,-120.88428981,35.431994240000002