CASE_ID,ACCIDENT_YEAR,PROC_DATE,JURIS,COLLISION_DATE,COLLISION_TIME,OFFICER_ID,REPORTING_DISTRICT,DAY_OF_WEEK,CHP_SHIFT,POPULATION,CNTY_CITY_LOC,SPECIAL_COND,BEAT_TYPE,CHP_BEAT_TYPE,CITY_DIVISION_LAPD,CHP_BEAT_CLASS,BEAT_NUMBER,PRIMARY_RD,SECONDARY_RD,DISTANCE,DIRECTION,INTERSECTION,WEATHER_1,WEATHER_2,STATE_HWY_IND,CALTRANS_COUNTY,CALTRANS_DISTRICT,STATE_ROUTE,ROUTE_SUFFIX,POSTMILE_PREFIX,POSTMILE,LOCATION_TYPE,RAMP_INTERSECTION,SIDE_OF_HWY,TOW_AWAY,COLLISION_SEVERITY,NUMBER_KILLED,NUMBER_INJURED,PARTY_COUNT,PRIMARY_COLL_FACTOR,PCF_CODE_OF_VIOL,PCF_VIOL_CATEGORY,PCF_VIOLATION,PCF_VIOL_SUBSECTION,HIT_AND_RUN,TYPE_OF_COLLISION,MVIW,PED_ACTION,ROAD_SURFACE,ROAD_COND_1,ROAD_COND_2,LIGHTING,CONTROL_DEVICE,CHP_ROAD_TYPE,PEDESTRIAN_ACCIDENT,BICYCLE_ACCIDENT,MOTORCYCLE_ACCIDENT,TRUCK_ACCIDENT,NOT_PRIVATE_PROPERTY,ALCOHOL_INVOLVED,STWD_VEHTYPE_AT_FAULT,CHP_VEHTYPE_AT_FAULT,COUNT_SEVERE_INJ,COUNT_VISIBLE_INJ,COUNT_COMPLAINT_PAIN,COUNT_PED_KILLED,COUNT_PED_INJURED,COUNT_BICYCLIST_KILLED,COUNT_BICYCLIST_INJURED,COUNT_MC_KILLED,COUNT_MC_INJURED,PRIMARY_RAMP,SECONDARY_RAMP,LATITUDE,LONGITUDE,COUNTY,CITY,POINT_X,POINT_Y
90463086,2017,2017-05-24,9740,2017-05-04,1953,018323,,4,2,9,4000,0,1,2,,2,004,"US-101 SOUTHBOUND","SAN MARCOS RD",0.00,,Y,A,-,Y,,,101,,,,,,S,Y,4,0,3,2,A,-,09,21801,A,N,D,C,A,A,D,E,D,D,0,,,,,Y,,A,01,0,0,3,0,0,0,0,0,0,"- ","- ",35.722000000000001,-120.6978,"SAN LUIS OBISPO",UNINCORPORATED,-120.69796823999999,35.721933659999998
90465220,2017,2017-05-26,9740,2017-05-13,0746,013984,,6,1,9,4000,0,1,3,,2,008,"SR 46 EAST","RT 41",0.00,,Y,A,-,Y,,,46,,,,,,,Y,1,1,2,2,A,-,09,21801,A,N,D,C,A,A,H,-,A,D,0,,,,,Y,,A,08,2,0,0,0,0,0,0,0,0,"- ","- ",35.734520000000003,-120.28444,"SAN LUIS OBISPO",UNINCORPORATED,-120.28443203,35.734473680000001
90465725,2017,2017-05-26,9745,2017-05-25,1550,016002,,4,2,9,4000,0,2,4,,1,055,"TEFFT ST.","US-101 NORTHBOUND ONRAMP",0.00,,Y,B,-,Y,,,,,,,,,,Y,4,0,1,2,A,-,17,21451,A,N,A,C,A,A,H,-,A,A,0,,,,,Y,,D,22,0,0,1,0,0,0,0,0,0,"- ","- ",35.037129999999998,-120.48430999999999,"SAN LUIS OBISPO",UNINCORPORATED,,
90467505,2017,2017-05-30,9745,2017-05-27,2215,016390,,6,3,9,4000,0,3,5,,2,004,"S. HALCYON RD.","MOUNTAIN VIEW RD.",100.00,S,N,A,-,N,,,,,,,,,,Y,3,0,1,1,A,-,08,22107,,N,F,A,A,A,H,-,D,D,0,,,,,Y,,A,07,0,1,0,0,0,0,0,0,0,"- ","- ",35.084060000000001,-120.58991,"SAN LUIS OBISPO",UNINCORPORATED,-120.58943415,35.083527439999997
90468007,2017,2017-05-31,9745,2017-05-23,0630,014713,,2,1,9,4000,0,2,4,,1,025,"LOS OSOS VALLEY ROAD","TURRI RD",4224.00,E,N,A,-,N,,,,,,,,,,Y,3,0,1,1,A,-,08,22107,,N,E,I,A,A,H,-,B,D,0,,,,,Y,,A,07,0,1,0,0,0,0,0,0,0,"- ","- ",35.294870000000003,-120.76128,"SAN LUIS OBISPO",UNINCORPORATED,-120.76352129,35.295766159999999
90468355,2017,2017-05-31,9745,2017-05-27,0807,017968,,6,1,9,4000,0,2,4,,1,048,"AVILA BEACH DRIVE","SAN JUAN STREET",165.00,W,N,A,-,N,,,,,,,,,,N,3,0,1,2,A,-,11,21954,A,N,G,B,D,A,H,-,A,D,0,Y,,,,Y,,N,60,0,1,0,0,1,0,0,0,0,"- ","- ",35.180280000000003,-120.73645,"SAN LUIS OBISPO",UNINCORPORATED,-120.73649702,35.18022414
90468568,2017,2017-05-31,9745,2017-05-31,0655,014996,,3,1,9,4000,0,1,3,,1,032,"SR 227","FARMHOUSE LN",104.00,N,N,B,-,Y,,,,,,,,,,N,3,0,1,2,A,-,08,22107,,N,H,G,A,A,H,-,A,D,0,,Y,,,Y,,L,04,0,1,0,0,0,0,1,0,0,"- ","- ",35.23901,-120.63639999999999,"SAN LUIS OBISPO",UNINCORPORATED,,
90468765,2017,2017-06-01,9740,2017-05-20,1815,018069,,6,2,9,4000,0,1,3,,2,011,"SR-46 E/B","GREEN VALLEY ROAD",16421.00,E,N,A,-,Y,,,46,,,,,,E,Y,2,0,1,1,A,-,01,23152,A,N,F,A,A,A,H,-,A,D,0,,,,,Y,Y,A,01,1,0,0,0,0,0,0,0,0,"- ","- ",35.539270000000002,-120.98108000000001,"SAN LUIS OBISPO",UNINCORPORATED,-120.98108216,35.539341620000002
90469816,2017,2017-06-02,9745,2017-06-01,2350,014713,,4,3,9,4000,0,3,5,,2,002,"STENNER CREEK ROAD",SR-1,5280.00,E,N,A,-,N,,,,,,,,,,Y,4,0,2,1,A,-,08,22107,,N,E,J,A,A,H,-,D,D,0,,,,,Y,,A,01,0,0,2,0,0,0,0,0,0,"- ","- ",35.322119999999998,-120.67925,"SAN LUIS OBISPO",UNINCORPORATED,-120.67923009,35.322093529999997
90471055,2017,2017-07-17,9740,2017-05-30,1739,015854,,2,2,9,4000,0,3,5,,2,017,"LAS TABLAS RD","EDDY ST",239.00,E,N,A,-,N,,,,,,,,,,N,4,0,1,2,A,-,08,22100,B,N,D,C,A,A,H,-,A,D,0,,,,,Y,,A,01,0,0,1,0,0,0,0,0,0,"- ","- ",35.554429999999996,-120.70677000000001,"SAN LUIS OBISPO",UNINCORPORATED,-120.70653666,35.554389999999998
90471818,2017,2017-09-12,9745,2017-06-03,1115,020689,,6,1,9,4000,0,2,4,,1,058,"ORCHARD RD","CHERRY BLOSSOM PL",300.00,S,N,A,-,N,,,,,,,,,,Y,4,0,1,2,A,-,08,22107,,N,B,C,A,A,H,-,A,D,0,,,,,Y,,A,01,0,0,1,0,0,0,0,0,0,"- ","- ",35.005290000000002,-120.462,"SAN LUIS OBISPO",UNINCORPORATED,-120.46288704,35.00575044
90472092,2017,2017-06-06,9745,2017-05-27,2200,017061,,6,3,9,4000,0,2,4,,1,052,"THOMPSON RD",SR-166,30.00,N,N,A,-,N,,,,,,,,,,N,4,0,1,2,A,-,03,22350,,N,C,C,A,A,H,-,C,A,0,,,,,Y,,A,07,0,0,1,0,0,0,0,0,0,"- ","- ",34.996549999999999,-120.43411,"SAN LUIS OBISPO",UNINCORPORATED,-120.4340481,34.996446200000001
90472207,2017,2017-06-06,9740,2017-06-06,0740,013984,,2,1,9,4000,0,3,5,,2,016,"SANTA MARGARITA LAKE RD","POZO RD",1056.00,E,N,A,-,N,,,,,,,,,,N,2,0,1,2,A,-,03,22350,,N,C,C,A,A,H,-,A,D,0,,,Y,,Y,,C,02,1,0,0,0,0,0,0,0,1,"- ","- ",35.321159999999999,-120.50055999999999,"SAN LUIS OBISPO",UNINCORPORATED,-120.50558313000001,35.319026950000001
90472225,2017,2017-06-06,9745,2017-05-29,1855,016514,,1,2,9,4000,0,1,3,,1,011,"SR-41 NORTHBOUND","BEAR RIDGE RD",6864.00,S,N,A,-,Y,,,,,,,,,,Y,4,0,1,2,A,-,08,22107,,N,B,C,A,A,H,-,A,D,0,,,,,Y,,A,01,0,0,1,0,0,0,0,0,0,"- ","- ",35.311500000000002,-120.80719999999999,"SAN LUIS OBISPO",UNINCORPORATED,-120.79911828,35.414127149999999
90472605,2017,2017-06-07,9745,2017-05-29,1152,017857,,1,1,9,4000,0,1,3,,1,021,"SR-1 NORTHBOUND","VILLA CREEK RD",5808.00,N,N,A,-,Y,,,1,,,,,,N,Y,2,0,5,3,A,-,03,22350,,N,C,C,A,A,H,-,A,D,0,,,,,Y,,A,01,1,4,0,0,0,0,0,0,0,"- ","- ",35.478189999999998,-120.99169000000001,"SAN LUIS OBISPO",UNINCORPORATED,-120.99170168000001,35.478177109999997
90474639,2017,2017-06-09,9745,2017-06-06,2014,017151,,2,2,9,4000,0,2,4,,1,055,"TEFFT ST.","MESA RD",0.00,,Y,A,-,N,,,,,,,,,,Y,4,0,2,2,A,-,12,22450,A,N,D,C,A,A,H,-,B,A,0,,,,,Y,,A,07,0,0,2,0,0,0,0,0,0,"- ","- ",35.024700000000003,-120.49854000000001,"SAN LUIS OBISPO",UNINCORPORATED,-120.49846989,35.024690020000001
90474824,2017,2017-06-09,9745,2017-06-07,1630,017151,,3,2,9,4000,0,3,5,,2,005,"DANA FOOTHILL RD","SHEEHY RD",1584.00,N,N,A,-,N,,,,,,,,,,Y,3,0,1,1,A,-,08,22107,,N,E,I,A,A,H,-,A,D,0,,,,,Y,,D,22,0,1,0,0,0,0,0,0,0,"- ","- ",35.078830000000004,-120.50111,"SAN LUIS OBISPO",UNINCORPORATED,-120.50145276000001,35.078994790000003
90475778,2017,2017-06-12,9740,2017-05-31,0555,013246,,3,3,9,4000,0,3,5,,2,022,"SAN MARCOS RD.","U.S. 101",1584.00,W,N,C,-,N,,,,,,,,,,Y,4,0,4,2,A,-,09,21804,A,N,D,C,A,B,H,-,A,D,0,,,,,Y,,D,22,0,0,4,0,0,0,0,0,0,"- ","- ",35.717799999999997,-120.6986,"SAN LUIS OBISPO",UNINCORPORATED,-120.69848691999999,35.718079600000003
90477924,2017,2017-06-14,9740,2017-06-12,1550,013733,,1,2,9,4000,0,3,5,,2,022,"CHIMNEY ROCK RD","ADELAIDA RD",0.00,,Y,A,-,N,,,,,,,,,,N,3,0,1,1,C,-,18,,,N,H,A,A,A,B,-,A,D,0,,Y,,,Y,,-,"- ",0,1,0,0,0,0,1,0,0,"- ","- ",35.656860000000002,-120.87515999999999,"SAN LUIS OBISPO",UNINCORPORATED,-120.87534992,35.656870040000001
90477963,2017,2017-06-14,9740,2017-06-01,2110,014460,,4,2,9,4000,0,1,3,,2,008,SR-46,"MCMILLAN CANYON ROAD",6864.00,E,N,A,-,Y,,,,,,,,,,Y,2,0,1,2,A,-,01,23152,G,N,C,C,A,A,H,-,D,D,0,,,,Y,Y,Y,D,22,1,0,0,0,0,0,0,0,0,"- ","- ",35.394500000000001,-120.233,"SAN LUIS OBISPO",UNINCORPORATED,-120.41161755,35.661446470000001
90478279,2017,2017-06-14,9745,2017-06-09,1615,016714,,5,2,4,4006,0,1,2,,2,202,"US-101 S/B","LOS OSOS VALLEY RD.",311.00,S,N,A,-,Y,,,101,,,,,,S,Y,4,0,3,2,A,-,03,22350,,N,C,C,A,A,H,-,A,D,0,,,,,Y,,A,01,0,0,3,0,0,0,0,0,0,"- ","- ",35.24438,-120.68253,"SAN LUIS OBISPO","SAN LUIS OBISPO",-120.68249738999999,35.244360299999997
90481575,2017,2017-06-20,9745,2017-06-16,1255,020689,,5,1,2,4005,0,1,2,,2,404,"US-101 NORTHBOUND","MATTIE RD",375.00,S,N,A,-,Y,,,101,,,,,,N,Y,3,0,3,3,A,-,03,22350,,N,C,C,A,A,H,-,A,D,0,,,,,Y,,A,07,0,2,1,0,0,0,0,0,0,"- ","- ",35.149929999999998,-120.65067999999999,"SAN LUIS OBISPO","PISMO BEACH",-120.65068856000001,35.149902900000001
90482515,2017,2017-06-21,9745,2017-06-18,2103,020144,,7,2,9,4000,0,1,2,,2,505,"US-101 SOUTHBOUND","TEFFT STREET",5280.00,S,N,A,-,Y,,,101,,,,,,S,N,4,0,1,2,A,-,03,22350,,N,C,C,A,A,H,-,D,D,0,,,,,Y,,A,01,0,0,1,0,0,0,0,0,0,"- ","- ",35.029870000000003,-120.47716,"SAN LUIS OBISPO",UNINCORPORATED,-120.47718904,35.029838570000003
90482745,2017,2017-06-21,9745,2017-06-16,0047,014713,,5,3,2,4005,0,1,2,,2,404,"US-101 SOUTHBOUND","4TH STREET",69.00,N,N,A,-,Y,,,101,,,,,,S,Y,3,0,1,1,A,-,01,23152,A,N,F,A,A,A,H,-,D,D,0,,,,,Y,Y,D,23,0,1,0,0,0,0,0,0,0,"- ","- ",35.136180000000003,-120.62229000000001,"SAN LUIS OBISPO","PISMO BEACH",-120.62228883,35.136183199999998
90486603,2017,2017-06-23,9745,2017-06-21,1800,017097,,3,2,9,4000,0,3,5,,2,005,"S. FRONTAGE RD.","SOUTHLAND ST",527.00,N,N,A,-,N,,,,,,,,,,Y,3,0,1,3,A,-,08,22107,,N,B,E,A,A,H,-,A,D,0,,,,,Y,,A,01,0,1,0,0,0,0,0,0,0,"- ","- ",35.024760000000001,-120.47212,"SAN LUIS OBISPO",UNINCORPORATED,-120.47231375,35.025017660000003
90487425,2017,2017-06-29,9745,2017-06-13,2247,020144,,2,3,9,4000,0,1,2,,2,303,"US-101 SOUTHBOUND","HIGUERA ST",5280.00,S,N,A,-,Y,,,101,,,,,,S,Y,2,0,4,1,A,-,01,23152,A,N,F,A,A,A,H,-,D,D,0,,,,,Y,Y,A,07,2,1,1,0,0,0,0,0,0,"- ","- ",35.211120000000001,-120.69692999999999,"SAN LUIS OBISPO",UNINCORPORATED,-120.69701120000001,35.211124380000001
90487607,2017,2017-06-26,9745,2017-06-23,2000,017097,,5,2,9,4000,0,1,3,,1,043,SR-1,"VALLEY RD",2112.00,S,N,B,-,Y,,,1,,,,,,,Y,3,0,1,1,A,-,03,22350,,N,F,A,A,A,H,-,A,D,0,,,Y,,Y,,C,02,0,1,0,0,0,0,0,0,1,"- ","- ",35.092030000000001,-120.58232,"SAN LUIS OBISPO",UNINCORPORATED,-120.58232227000001,35.092029279999998
90487653,2017,2017-06-26,9745,2017-06-16,1241,017857,,5,1,4,4006,0,1,2,,2,202,"US-101 SOUTHBOUND","LOS OSOS VALLEY RD",1056.00,N,N,A,-,Y,,,101,,,,,,S,Y,2,0,1,3,A,-,03,22350,,N,C,C,A,A,H,-,A,D,0,,,Y,,Y,,C,02,1,0,0,0,0,0,0,0,1,"- ","- ",35.247619999999998,-120.68065,"SAN LUIS OBISPO","SAN LUIS OBISPO",-120.68056746000001,35.247570379999999
90489734,2017,2017-06-28,9745,2017-06-21,1105,017144,,3,1,9,4000,0,1,2,,1,101,"US-101 NORTHBOUND","TV TOWER RD",1500.00,S,N,B,-,Y,,,101,,,,,,N,N,3,0,1,1,A,-,08,22107,,N,E,I,A,A,H,-,A,D,0,,,Y,,Y,,C,02,0,1,0,0,0,0,0,0,1,"- ","- ",35.338749999999997,-120.62735000000001,"SAN LUIS OBISPO",UNINCORPORATED,-120.62734608,35.338751389999999
90489945,2017,2017-06-28,9745,2017-06-23,1634,019809,,5,2,9,4000,0,2,4,,1,053,"POMEROY RD","WILLOW RD",0.00,,Y,A,-,N,,,,,,,,,,Y,4,0,4,2,A,-,09,21801,A,N,D,C,A,A,H,-,A,A,0,,,,,Y,,A,08,0,0,4,0,0,0,0,0,0,"- ","- ",35.047849999999997,-120.5243,"SAN LUIS OBISPO",UNINCORPORATED,-120.52428986,35.047400029999999
90491586,2017,2017-06-30,9745,2017-06-16,1705,017061,,5,2,9,4000,0,1,2,,1,101,"US-101 SOUTHBOUND","MARSH ST",150.00,N,N,A,-,Y,,,,,,,,,,Y,4,0,1,3,A,-,03,22350,,N,C,C,A,A,H,-,A,D,0,,,,,Y,,A,07,0,0,1,0,0,0,0,0,0,"- ","- ",35.273969999999998,-120.67213,"SAN LUIS OBISPO",UNINCORPORATED,,
90494225,2017,2017-07-05,9745,2017-06-24,1013,017857,,6,1,9,4000,0,3,5,,2,002,"ONTARIO ROAD","CASTILLO ROAD",1056.00,N,N,A,-,N,,,,,,,,,,N,3,0,1,2,A,-,00,21760,B,N,H,G,A,A,H,-,A,D,0,,Y,,,Y,,A,08,0,1,0,0,0,0,1,0,0,"- ","- ",35.20879,-120.69750999999999,"SAN LUIS OBISPO",UNINCORPORATED,-120.69744952000001,35.20839642
90495964,2017,2017-07-07,9745,2017-06-22,0732,017144,,4,1,9,4000,0,1,2,,1,101,"US-101 SOUTHBOUND","STAGECOACH RD",739.00,N,N,B,-,Y,,,101,,,,,,S,Y,2,0,2,2,A,-,03,22350,,N,C,C,A,A,H,-,A,D,0,,,,Y,Y,,D,22,1,0,1,0,0,0,0,0,0,"- ","- ",35.319580000000002,-120.62139000000001,"SAN LUIS OBISPO",UNINCORPORATED,-120.62136519000001,35.319583469999998
90496007,2017,2017-07-07,9745,2017-06-28,1626,016714,,3,2,4,4006,0,1,2,,2,202,"US-101 S/B","LOS OSOS VALLEY RD.",688.00,N,N,A,-,Y,,,101,,,,,,S,Y,2,0,1,3,A,-,03,22350,,N,C,C,A,A,H,-,A,D,0,,,Y,,Y,,D,22,1,0,0,0,0,0,0,0,1,"- ","- ",35.247079999999997,-120.68080999999999,"SAN LUIS OBISPO","SAN LUIS OBISPO",-120.68084841,35.247103090000003
90496313,2017,2017-07-07,9745,2017-06-29,0635,016773,,4,1,9,4000,0,1,3,,2,023,"SR-1 NORTHBOUND","EDUCATION DR",588.00,N,N,A,-,Y,,,1,,,,,,N,Y,3,0,1,1,C,-,18,,,N,E,I,A,A,H,-,A,D,0,,,,,Y,,-,"- ",0,1,0,0,0,0,0,0,0,"- ","- ",35.333500000000001,-120.74375000000001,"SAN LUIS OBISPO",UNINCORPORATED,-120.74374983,35.333501390000002
9049642,2020,2020-05-21,4008,2020-02-07,1545,2133,,5,5,4,4008,0,0,0,,0,,"EL CAMINO REAL","CURBARIL AV",0.00,,Y,A,-,N,,,,,,,,,,Y,4,0,1,2,A,-,12,21453,A,N,D,C,A,A,H,-,A,A,0,,,,,Y,,D,22,0,0,1,0,0,0,0,0,0,"- ","- ",35.477500915527344,-120.65640258789062,"SAN LUIS OBISPO",ATASCADERO,-120.65627288818359,35.477519989013672
90496503,2017,2017-07-10,9740,2017-06-27,1633,014662,,2,2,9,4000,0,1,3,,2,008,SR-46E,"JARDINE RD",0.00,,Y,A,-,Y,,,,,,,,,,Y,3,0,5,2,A,-,09,21802,A,N,D,C,A,A,H,-,A,A,0,,,,,Y,,A,01,0,3,2,0,0,0,0,0,0,"- ","- ",38.659199999999998,-120.6026,"SAN LUIS OBISPO",UNINCORPORATED,,
90496628,2017,2017-07-10,9740,2017-06-21,1327,014622,,3,1,3,4004,0,1,2,,2,003,"US-101 SOUTHBOUND","SR-46 WEST",200.00,S,N,A,-,Y,,,101,,,,,,S,Y,3,0,3,3,A,-,03,22350,,N,C,C,A,A,D,-,A,D,0,,,,,Y,,A,07,0,1,2,0,0,0,0,0,0,"- ","- ",35.588290000000001,-120.69577,"SAN LUIS OBISPO","PASO ROBLES",-120.69583922,35.588300410000002
90496631,2017,2017-07-10,9740,2017-07-02,0900,015644,,7,1,9,4000,0,1,2,,2,004,"US-101 SOUTHBOUND","SAN MARCOS RD",1584.00,N,N,A,-,Y,,,101,,,,,,S,Y,3,0,2,2,A,-,03,22350,,N,C,C,A,A,H,-,A,A,0,,,,Y,Y,,D,22,0,1,1,0,0,0,0,0,0,"- ","- ",35.72784,-120.70029,"SAN LUIS OBISPO",UNINCORPORATED,-120.70039916,35.727785320000002
90496634,2017,2017-07-10,9740,2017-06-28,1955,018995,,3,2,9,4000,0,3,5,,2,024,"RODEO GROUNDS RD","BURTON DR",627.00,W,N,A,-,N,,,,,,,,,,Y,2,0,1,1,A,-,08,22107,,F,E,I,A,A,H,-,A,D,0,,,,,Y,,A,07,1,0,0,0,0,0,0,0,0,"- ","- ",35.562220000000003,-121.08387999999999,"SAN LUIS OBISPO",UNINCORPORATED,-121.08374734,35.562202859999999
90496936,2017,2017-07-10,9740,2017-05-23,1438,013952,,2,2,9,4000,0,2,4,,2,012,"NACIMIENTO LAKE DR","STEELHEAD ROAD",430.00,W,N,A,-,N,,,,,,,,,,N,2,0,1,1,A,-,03,22350,,N,F,A,A,A,H,-,A,D,0,,,Y,,Y,,C,02,1,0,0,0,0,0,0,0,1,"- ","- ",35.740850000000002,-120.87273999999999,"SAN LUIS OBISPO",UNINCORPORATED,-120.87347578000001,35.741554610000001
90498797,2017,2017-07-12,9740,2017-07-11,1515,016849,,2,2,4,4008,0,1,2,,2,002,"US-101 NORTHBOUND","SAN ANSELMO ROAD",633.00,S,N,A,-,Y,,,101,,,,,,N,Y,4,0,3,2,A,-,03,22350,,N,C,C,A,A,H,-,A,D,0,,,,,Y,,A,07,0,0,3,0,0,0,0,0,0,"- ","- ",35.49597,-120.68122,"SAN LUIS OBISPO",ATASCADERO,-120.68125053,35.495925710000002
90499998,2017,2017-07-13,9745,2017-07-04,1820,017151,,2,2,9,4000,0,1,3,,1,011,SR-41,"TORO CREEK RD",528.00,S,N,A,-,Y,,,41,,,,,,,Y,3,0,3,1,A,-,08,22107,,N,E,I,A,A,H,-,A,D,0,,,,,Y,Y,A,01,0,2,1,0,0,0,0,0,0,"- ","- ",35.455629999999999,-120.75093,"SAN LUIS OBISPO",UNINCORPORATED,-120.75094692,35.455633349999999
90500129,2017,2017-07-13,9745,2017-07-04,1247,016002,,2,1,9,4000,0,2,4,,1,051,"LOS BERROS RD.","EL CAMPO RD.",0.00,,Y,A,-,N,,,,,,,,,,N,2,0,1,2,A,-,09,21802,A,N,D,G,A,A,H,-,A,A,0,,Y,,,Y,,A,07,1,0,0,0,0,0,1,0,0,"- ","- ",35.093339999999998,-120.5628,"SAN LUIS OBISPO",UNINCORPORATED,-120.56279986,35.093320089999999
90500326,2017,2017-07-13,9745,2017-07-08,1752,017151,,6,2,9,4000,0,3,5,,2,003,"SAN LUIS BAY DR.","AVILA BEACH DR.",75.00,N,N,A,-,N,,,,,,,,,,Y,4,0,1,1,A,-,01,23152,A,N,E,I,A,A,H,-,A,D,0,,,,,Y,Y,A,01,0,0,1,0,0,0,0,0,0,"- ","- ",35.188899999999997,-120.71881999999999,"SAN LUIS OBISPO",UNINCORPORATED,-120.71896652,35.188052910000003
90500617,2017,2017-07-14,9745,2017-07-05,0610,014996,,3,1,9,4000,0,1,3,,1,045,SR-1,"OSO FLACO LAKE RD",0.00,,Y,B,-,Y,,,1,,,,,,,Y,4,0,5,2,A,-,09,21802,A,N,D,C,A,A,H,-,A,A,0,,,,,Y,,A,01,0,0,5,0,0,0,0,0,0,"- ","- ",35.010759999999998,-120.56751,"SAN LUIS OBISPO",UNINCORPORATED,-120.56758680999999,35.010791509999997
90501652,2017,2017-07-17,9740,2017-07-09,0015,017952,,7,3,9,4000,0,1,2,,2,002,"US-101 N/B","SR-46 (WEST)",1056.00,S,N,A,-,Y,,,101,,,,,,N,Y,3,0,1,1,A,-,01,23152,A,N,E,I,A,A,H,-,C,D,0,,,,,Y,Y,A,07,0,1,0,0,0,0,0,0,0,"- ","- ",35.587609999999998,-120.69533,"SAN LUIS OBISPO",UNINCORPORATED,-120.69568510000001,35.587661820000001
90502137,2017,2017-07-17,9745,2017-07-11,1845,020689,,2,2,9,4000,0,1,3,,1,032,SR-227,"BIDDLE RANCH RD",3168.00,S,N,A,-,Y,,,227,,,,,,,Y,4,0,4,2,A,-,03,22350,,N,C,C,A,A,H,-,A,D,0,,,,,Y,,A,01,0,0,4,0,0,0,0,0,0,"- ","- ",35.204970000000003,-120.61358,"SAN LUIS OBISPO",UNINCORPORATED,-120.61363492,35.204942920000001
90502360,2017,2017-07-17,9740,2017-07-09,1823,018995,,7,2,9,4000,0,1,3,,2,008,"SR-46 E/B","GRUENHAGEN FLAT RD.",528.00,W,N,A,-,Y,,,46,,,,,,E,Y,2,0,1,2,A,-,03,22350,,N,C,C,A,A,H,-,A,D,0,,,Y,,Y,,A,08,1,0,0,0,0,0,0,0,1,"- ","- ",35.65889,-120.48457999999999,"SAN LUIS OBISPO",UNINCORPORATED,-120.48457802,35.659060150000002
90502904,2017,2017-07-18,9745,2017-07-17,1555,020229,,1,2,9,4000,0,1,2,,2,505,"US-101 SOUTHBOUND","LOS BERROS RD",5.00,N,N,A,-,Y,,,101,,,,,,S,N,4,0,1,2,A,-,03,22350,,N,C,C,A,A,H,-,A,D,0,,,,,Y,,A,01,0,0,1,0,0,0,0,0,0,"- ","- ",35.071980000000003,-120.51661,"SAN LUIS OBISPO",UNINCORPORATED,-120.51659368999999,35.071997260000003
90503310,2017,2017-07-18,9750,2017-07-15,1428,018616,,6,2,9,4000,0,1,3,,2,061,SR-166,"TEPUSQUET RD",15840.00,W,N,A,-,Y,,,166,,,,,,,Y,3,0,1,1,A,-,08,22107,,N,F,A,A,A,H,-,A,D,0,,,Y,,Y,,C,02,0,1,0,0,0,0,0,0,1,"- ","- ",35.025979999999997,-120.25660999999999,"SAN LUIS OBISPO",UNINCORPORATED,-120.25667003,35.026090379999999
90503477,2017,2017-07-19,9740,2017-07-12,0936,013984,,3,1,3,4004,0,1,2,,2,004,"RT 101","N. MISSION ST.",1056.00,N,N,A,-,Y,,,,,,,,,,Y,4,0,1,1,C,-,18,,,N,E,I,A,A,H,-,A,D,0,,,,,Y,,-,"- ",0,0,1,0,0,0,0,0,0,"- ","- ",35.77928,-120.71975,"SAN LUIS OBISPO","PASO ROBLES",-120.70868812000001,35.772736100000003
90504223,2017,2017-07-19,9740,2017-07-14,1715,014543,,5,2,9,4000,0,1,3,,2,005,"SR-58 E/B","SODA LAKE RD",31680.00,E,N,A,-,Y,,,58,,,,,,E,Y,4,0,1,1,A,-,08,22107,,N,F,A,A,A,H,-,A,D,0,,,,,Y,,D,22,0,0,1,0,0,0,0,0,0,"- ","- ",35.338079999999998,-119.90364,"SAN LUIS OBISPO",UNINCORPORATED,-119.90363223999999,35.338104819999998
90507436,2017,2017-07-25,9740,2017-07-18,1710,018995,,2,2,9,4000,0,3,5,,2,017,"EL POMAR DR","CRIPPLE CREEK RD",612.00,W,N,A,-,N,,,,,,,,,,Y,4,0,1,1,A,-,03,22350,,N,E,I,A,A,H,-,A,A,0,,,,,Y,,A,01,0,0,1,0,0,0,0,0,0,"- ","- ",35.547139999999999,-120.56287,"SAN LUIS OBISPO",UNINCORPORATED,-120.56281697,35.547202579999997
90509789,2017,2017-07-27,9745,2017-07-21,1712,020144,,5,2,9,4000,0,1,3,,1,041,"CIENAGA ST","HALCYON RD",300.00,W,N,A,-,Y,,,,,,,,,,N,4,0,3,2,A,-,03,22350,,N,C,C,A,A,H,-,A,D,0,,,,,Y,,A,01,0,0,3,0,0,0,0,0,0,"- ","- ",35.098129999999998,-120.59327999999999,"SAN LUIS OBISPO",UNINCORPORATED,,
90510131,2017,2017-07-27,9745,2017-07-23,1305,015144,,7,1,2,4005,0,1,2,,2,404,"US-101 NORTHBOUND","4TH STREET",2112.00,S,N,B,-,Y,,,101,,,,,,N,N,4,0,2,2,A,-,04,21703,,N,C,C,A,A,H,-,A,D,0,,,,,Y,,D,22,0,0,2,0,0,0,0,0,0,"- ","- ",35.133490000000002,-120.61574,"SAN LUIS OBISPO","PISMO BEACH",-120.61578396,35.13339946