CASE_ID,ACCIDENT_YEAR,PROC_DATE,JURIS,COLLISION_DATE,COLLISION_TIME,OFFICER_ID,REPORTING_DISTRICT,DAY_OF_WEEK,CHP_SHIFT,POPULATION,CNTY_CITY_LOC,SPECIAL_COND,BEAT_TYPE,CHP_BEAT_TYPE,CITY_DIVISION_LAPD,CHP_BEAT_CLASS,BEAT_NUMBER,PRIMARY_RD,SECONDARY_RD,DISTANCE,DIRECTION,INTERSECTION,WEATHER_1,WEATHER_2,STATE_HWY_IND,CALTRANS_COUNTY,CALTRANS_DISTRICT,STATE_ROUTE,ROUTE_SUFFIX,POSTMILE_PREFIX,POSTMILE,LOCATION_TYPE,RAMP_INTERSECTION,SIDE_OF_HWY,TOW_AWAY,COLLISION_SEVERITY,NUMBER_KILLED,NUMBER_INJURED,PARTY_COUNT,PRIMARY_COLL_FACTOR,PCF_CODE_OF_VIOL,PCF_VIOL_CATEGORY,PCF_VIOLATION,PCF_VIOL_SUBSECTION,HIT_AND_RUN,TYPE_OF_COLLISION,MVIW,PED_ACTION,ROAD_SURFACE,ROAD_COND_1,ROAD_COND_2,LIGHTING,CONTROL_DEVICE,CHP_ROAD_TYPE,PEDESTRIAN_ACCIDENT,BICYCLE_ACCIDENT,MOTORCYCLE_ACCIDENT,TRUCK_ACCIDENT,NOT_PRIVATE_PROPERTY,ALCOHOL_INVOLVED,STWD_VEHTYPE_AT_FAULT,CHP_VEHTYPE_AT_FAULT,COUNT_SEVERE_INJ,COUNT_VISIBLE_INJ,COUNT_COMPLAINT_PAIN,COUNT_PED_KILLED,COUNT_PED_INJURED,COUNT_BICYCLIST_KILLED,COUNT_BICYCLIST_INJURED,COUNT_MC_KILLED,COUNT_MC_INJURED,PRIMARY_RAMP,SECONDARY_RAMP,LATITUDE,LONGITUDE,COUNTY,CITY,POINT_X,POINT_Y
90511495,2017,2017-07-28,9745,2017-07-21,1758,016002,,5,2,3,4001,0,1,2,,2,402,"US-101 SOUTHBOUND","GRAND AVE",390.00,N,N,A,-,Y,,,101,,,,,,S,Y,4,0,1,3,A,-,03,22350,,N,C,C,A,A,H,-,A,D,0,,,,,Y,,D,22,0,0,1,0,0,0,0,0,0,"- ","- ",35.121699999999997,-120.58505,"SAN LUIS OBISPO","ARROYO GRANDE",-120.58505941999999,35.12166861
90511613,2017,2017-07-28,9745,2017-07-25,0050,014713,,2,3,4,4006,0,1,2,,2,202,"US-101 SOUTHBOUND","MARSH ST",500.00,S,N,A,-,Y,,,101,,,,,,S,Y,3,0,4,2,A,-,01,23152,A,N,C,C,A,A,H,-,A,D,0,,,,,Y,Y,A,01,0,2,2,0,0,0,0,0,0,"- ","- ",35.27223,-120.67223,"SAN LUIS OBISPO","SAN LUIS OBISPO",-120.67222807,35.272229379999999
90511624,2017,2017-07-28,9750,2017-07-08,2155,020510,,6,2,9,4000,0,1,3,,1,067,SR-33,SR-166,19.00,S,N,A,-,Y,,,33,,,,,,,Y,2,0,1,1,A,-,03,22350,,N,E,I,A,A,H,-,D,D,0,,,,,Y,,A,07,1,0,0,0,0,0,0,0,0,"- ","- ",34.936149999999998,-119.51282,"SAN LUIS OBISPO",UNINCORPORATED,-119.51251311999999,34.935939019999999
90512670,2017,2017-07-31,9740,2017-07-28,0720,014465,,5,1,4,4008,0,1,2,,2,002,"US 101 N/B","DEL RIO RD",2640.00,N,N,A,-,Y,,,,,,,,,,Y,3,0,1,1,A,-,01,23152,A,N,F,A,A,A,H,-,A,D,0,,,,,Y,Y,A,07,0,1,0,0,0,0,0,0,0,"- ","- ",35.520130000000002,-120.70363999999999,"SAN LUIS OBISPO",ATASCADERO,-120.70357068,35.519608339999998
90513028,2017,2017-07-31,9740,2017-07-22,1215,015644,,6,1,9,4000,0,3,5,,2,017,"BITTERWATER RD","BITTERWATER VALLEY RD",216.00,N,N,A,-,N,,,,,,,,,,Y,3,0,2,1,A,-,08,22107,,N,F,A,A,A,H,-,A,D,0,,,,,Y,,A,07,0,2,0,0,0,0,0,0,0,"- ","- ",35.558579999999999,-120.10954,"SAN LUIS OBISPO",UNINCORPORATED,-120.10815241,35.557694939999998
90516610,2017,2017-08-04,9745,2017-07-28,1500,020689,,5,2,9,4000,0,1,2,,1,101,"US-101 SOUTHBOUND","TV TOWER RD",1584.00,S,N,A,-,Y,,,101,,,,,,S,Y,3,0,1,2,D,-,00,,,N,B,C,A,A,H,-,A,D,0,,,,,Y,,-,"- ",0,1,0,0,0,0,0,0,0,"- ","- ",35.340400000000002,-120.62772,"SAN LUIS OBISPO",UNINCORPORATED,-120.62768293000001,35.340397940000003
9051790,2020,2020-04-14,4004,2020-02-22,2152,1306,,6,5,3,4004,0,0,0,,0,,"STONEY CREEK DR","CORRAL CREEK AV E",118.00,E,N,A,-,N,,,,,,,,,,Y,4,0,1,2,A,-,01,23152,A,N,D,E,A,A,H,-,C,D,0,,,,,Y,Y,A,01,0,0,1,0,0,0,0,0,0,"- ","- ",35.605258941650391,-120.65994262695312,"SAN LUIS OBISPO","PASO ROBLES",-120.66195678710938,35.604701995849609
90519118,2017,2017-08-08,9745,2017-07-31,1717,017817,,1,2,9,4000,0,3,5,,2,004,"OSO FLACO LAKE RD",SR-1,3500.00,W,N,A,-,N,,,,,,,,,,Y,3,0,3,1,A,-,08,22107,,N,E,I,A,A,H,-,A,D,0,,,,,Y,,A,07,0,1,2,0,0,0,0,0,0,"- ","- ",35.01444,-120.58062,"SAN LUIS OBISPO",UNINCORPORATED,-120.5786188,35.01392062
90519437,2017,2017-08-09,9740,2017-07-26,1515,014662,,3,2,9,4000,0,1,3,,2,011,SR-46W,"CAMINO DEL CAPITAN",2112.00,E,N,A,-,Y,,,46,,,,,,,Y,3,0,1,1,A,-,03,22350,,N,E,I,A,A,H,-,A,D,0,,,Y,,Y,,C,02,0,1,0,0,0,0,0,0,1,"- ","- ",35.5441,-120.90649999999999,"SAN LUIS OBISPO",UNINCORPORATED,-120.90644928,35.544256760000003
90519572,2017,2017-08-09,9745,2017-07-31,2325,020144,,1,3,4,4006,0,1,2,,2,202,"US-101 NORTHBOUND","OSOS ST",10.00,N,N,A,-,Y,,,101,,,,,,N,Y,4,0,1,1,A,-,08,22107,,N,E,I,A,A,H,-,D,D,0,,,,,Y,,A,01,0,0,1,0,0,0,0,0,0,"- ","- ",35.285649999999997,-120.66485,"SAN LUIS OBISPO","SAN LUIS OBISPO",-120.6648275,35.285620999999999
90520159,2017,2017-08-09,9745,2017-08-03,1440,016714,,4,2,9,4000,0,2,4,,1,024,"SOUTH BAY BLVD. (290 BLOCK)","TURRI RD.",3696.00,N,N,A,-,N,,,,,,,,,,Y,4,0,1,2,A,-,03,22350,,N,C,C,A,A,H,-,A,D,0,,,,,Y,,D,22,0,0,1,0,0,0,0,0,0,"- ","- ",35.346670000000003,-120.82568999999999,"SAN LUIS OBISPO",UNINCORPORATED,-120.82573529,35.346407640000002
90522628,2017,2017-08-14,9740,2017-08-05,1020,016816,,6,1,9,4000,0,3,5,,2,018,"CRESTON RD","S. EL POMAR RD.",1056.00,E,N,A,-,N,,,,,,,,,,N,2,0,1,1,D,-,00,,,N,F,A,A,A,A,-,A,D,0,,Y,,,Y,,-,"- ",1,0,0,0,0,0,1,0,0,"- ","- ",35.572189999999999,-120.60509,"SAN LUIS OBISPO",UNINCORPORATED,-120.60547517000001,35.57241535
90522647,2017,2017-08-14,9740,2017-08-05,2145,018995,,6,2,9,4000,0,2,4,,2,012,"NACIMIENTO LAKE DR","FRAZIER RD",5280.00,N,N,A,-,N,,,,,,,,,,N,2,0,1,1,A,-,03,22350,,N,H,A,A,A,H,-,D,D,0,,,,,Y,,D,22,1,0,0,0,0,0,0,0,0,"- ","- ",35.713030000000003,-120.83743,"SAN LUIS OBISPO",UNINCORPORATED,-120.83778379,35.713387689999998
90523230,2017,2017-09-12,9740,2017-07-23,1648,016849,,7,2,9,4000,0,3,5,,2,017,"CRESTON ROAD",SR-41,1889.00,N,N,A,-,N,,,,,,,,,,Y,1,1,1,1,A,-,01,23152,A,N,F,A,A,A,H,-,A,D,0,,,,,Y,Y,A,07,0,1,0,0,0,0,0,0,0,"- ","- ",35.539090000000002,-120.52471,"SAN LUIS OBISPO",UNINCORPORATED,-120.52466314999999,35.539065970000003
90523248,2017,2017-08-16,9740,2017-03-31,1427,017952,,5,2,9,4000,0,1,3,,2,008,SR-46,"EAST CENTRE ST.",1056.00,E,N,A,G,Y,,,46,,,,,,,Y,1,1,3,5,A,-,05,21460,A,N,A,C,A,A,H,-,A,D,0,,,,Y,Y,,G,25,0,2,1,0,0,0,0,0,0,"- ","- ",35.668840000000003,-120.35704,"SAN LUIS OBISPO",UNINCORPORATED,-120.3570706,35.668868940000003
90523487,2017,2017-08-15,9745,2017-08-08,1835,017151,,2,2,2,4005,0,1,2,,2,404,"US-101 NORTHBOUND TO 4TH ST","4 TH ST",100.00,S,N,A,-,Y,,,101,,,,R,,N,Y,4,0,2,3,A,-,01,23152,A,N,C,C,A,A,H,-,A,D,0,,,,,Y,Y,A,01,0,0,2,0,0,0,0,0,0,"- ","- ",35.136499999999998,-120.6216,"SAN LUIS OBISPO","PISMO BEACH",-120.6216,35.136499999999998
90523612,2017,2017-08-15,9745,2017-08-07,1515,016390,,1,2,4,4006,0,1,2,,1,101,"US-101 N/B","SR-1 O/C",10.00,N,N,A,-,Y,,,101,,,,,,N,Y,4,0,2,2,A,-,03,22350,,N,C,C,A,A,H,-,A,D,0,,,,,Y,,A,01,0,0,2,0,0,0,0,0,0,"- ","- ",35.287050000000001,-120.66313,"SAN LUIS OBISPO","SAN LUIS OBISPO",-120.66307135,35.286973529999997
90523851,2017,2017-08-15,9745,2017-08-09,1730,017097,,3,2,4,4006,0,1,2,,2,202,"US-101 NB","GRAND AVE",200.00,S,N,A,-,Y,,,101,,,,,,N,Y,4,0,1,2,A,-,03,22350,,N,C,C,A,A,H,-,A,D,0,,,,,Y,,A,07,0,0,1,0,0,0,0,0,0,"- ","- ",35.29186,-120.65532,"SAN LUIS OBISPO","SAN LUIS OBISPO",-120.65532033,35.291796789999999
90523924,2017,2017-08-15,9745,2017-08-11,1820,019809,,5,2,9,4000,0,1,2,,2,505,"US 101 S/B","TEFFT STREET",3000.00,S,N,A,-,Y,,,,,,,,,,Y,4,0,2,2,A,-,03,22350,,N,C,C,A,A,H,-,A,D,0,,,,,Y,,A,07,0,0,2,0,0,0,0,0,0,"- ","- ",35.033090000000001,-120.48069,"SAN LUIS OBISPO",UNINCORPORATED,,
90524004,2017,2017-08-15,9745,2017-08-13,1346,015144,,7,1,2,4005,0,1,2,,2,404,"US-101 NORTHBOUND","FRADY LN",30.00,S,N,A,-,Y,,,101,,,,,,N,Y,4,0,2,2,A,-,04,21703,,N,C,C,A,A,H,-,A,D,0,,,,,Y,,A,07,0,0,2,0,0,0,0,0,0,"- ","- ",35.138719999999999,-120.63258,"SAN LUIS OBISPO","PISMO BEACH",-120.63257064,35.138757839999997
90525775,2017,2017-08-17,9745,2017-08-12,0747,016773,,6,1,9,4000,0,2,4,,1,024,"SOUTH BAY BLVD","NIPOMO AVE",0.00,,Y,B,-,N,,,,,,,,,,Y,4,0,1,2,A,-,09,21802,A,N,D,C,A,A,H,-,A,A,0,,,,,Y,,A,01,0,0,1,0,0,0,0,0,0,"- ","- ",35.614699999999999,-120.82329,"SAN LUIS OBISPO",UNINCORPORATED,-120.8234799,35.316550040000003
90525810,2017,2017-08-17,9745,2017-08-17,0750,013531,,4,1,9,4000,0,1,2,,2,505,"US-101 NORTHBOUND","LOS BERROS ROAD",200.00,S,N,A,-,Y,,,101,,,,,,N,N,4,0,1,2,A,-,03,22350,,N,C,C,A,A,H,-,A,D,0,,,,,Y,,A,01,0,0,1,0,0,0,0,0,0,"- ","- ",35.071120000000001,-120.51555999999999,"SAN LUIS OBISPO",UNINCORPORATED,-120.51550669,35.07116774
90527096,2017,2017-08-21,9740,2017-08-13,0530,016816,,7,3,3,4004,0,1,2,,2,003,"US-101 N/B",SR-46W,100.00,S,N,A,-,Y,,,101,,,,,,N,Y,4,0,3,1,A,-,08,22107,,N,E,I,A,A,H,-,D,D,0,,,,,Y,,A,01,0,0,3,0,0,0,0,0,0,"- ","- ",35.590209999999999,-120.69546,"SAN LUIS OBISPO","PASO ROBLES",-120.69534336,35.590199230000003
90527327,2017,2017-08-21,9740,2017-08-14,1610,015854,,1,2,4,4008,0,1,2,,2,001,"US-101 NORTHBOUND","CURBARIL AVE",1056.00,S,N,A,-,Y,,,101,,,,,,N,Y,3,0,1,1,A,-,08,22107,,N,F,A,A,A,H,-,A,D,0,,,,,Y,,D,22,0,1,0,0,0,0,0,0,0,"- ","- ",35.473080000000003,-120.65643,"SAN LUIS OBISPO",ATASCADERO,-120.65649294000001,35.473043879999999
90527662,2017,2017-08-21,9740,2017-08-14,0815,013133,,1,1,9,4000,0,1,3,,2,010,SR-41,SR-46,24816.00,N,N,A,-,Y,,,41,,,,,,,Y,4,0,2,2,A,-,03,22350,,N,A,C,A,A,B,-,A,D,0,,,,,Y,,A,01,0,0,2,0,0,0,0,0,0,"- ","- ",35.776919999999997,-120.22712,"SAN LUIS OBISPO",UNINCORPORATED,-120.22709543000001,35.77689256
90528565,2017,2017-08-22,9745,2017-08-17,1802,016714,,4,2,9,4000,0,2,4,,1,025,"LOS OSOS VALLEY RD. (10200 BLOCK)","VALLE VISTA PL.",138.00,W,N,A,-,N,,,,,,,,,,Y,4,0,3,3,A,-,03,22350,,N,C,C,A,A,H,-,A,D,0,,,,,Y,,A,01,0,0,3,0,0,0,0,0,0,"- ","- ",35.274700000000003,-120.70962,"SAN LUIS OBISPO",UNINCORPORATED,-120.70961862,35.274568500000001
90529350,2017,2017-08-23,9745,2017-08-18,1735,017097,,5,2,9,4000,0,1,3,,1,040,SR-227,"CORBETT CANYON RD",1650.00,S,N,A,-,Y,,,227,,,,,,,Y,2,0,1,1,A,-,03,22350,,N,F,A,A,A,H,-,A,D,0,,,Y,,Y,,C,02,1,0,0,0,0,0,0,0,1,"- ","- ",35.191330000000001,-120.60355,"SAN LUIS OBISPO",UNINCORPORATED,-120.6036261,35.191292539999999
9053043,2019,2020-03-03,4004,2019-12-23,2230,890,,1,5,3,4004,0,0,0,,0,,"RIVER RD","RIVERBANK LN",0.00,,Y,A,-,N,,,,,,,,,,Y,4,0,1,2,A,-,01,23152,A,N,D,C,A,A,H,-,C,A,0,,,,,Y,Y,A,07,0,0,1,0,0,0,0,0,0,"- ","- ",35.610198974609375,-120.680908203125,"SAN LUIS OBISPO","PASO ROBLES",-120.68094635009766,35.610141754150391
90535395,2017,2017-08-28,9745,2017-08-21,0812,017541,,1,1,9,4000,0,1,2,,2,505,"US-101 NORTHBOUND","LOS BERROS RD",5280.00,N,N,A,-,Y,,,101,,,,,,N,Y,4,0,1,2,A,-,03,22350,,N,C,C,A,A,H,-,A,D,0,,,,,Y,,A,01,0,0,1,0,0,0,0,0,0,"- ","- ",35.083410000000001,-120.52949,"SAN LUIS OBISPO",UNINCORPORATED,-120.52945273,35.083445740000002
90538846,2017,2017-09-01,9745,2017-08-30,0535,013531,,3,3,9,4000,0,1,2,,2,505,"US-101 SOUTHBOUND","TEFFT STREET",1850.00,S,N,B,-,Y,,,101,,,,,,S,Y,3,0,1,1,A,-,08,22107,,N,E,I,A,A,H,-,D,D,0,,,,,Y,,A,07,0,1,0,0,0,0,0,0,0,"- ","- ",35.033000000000001,-120.48051,"SAN LUIS OBISPO",UNINCORPORATED,-120.48055682,35.032949279999997
90538867,2017,2017-09-01,9745,2017-08-29,1455,014996,,2,2,9,4000,0,1,3,,1,032,"SR 227","BIDDLE RANCH RD",0.00,,N,A,-,Y,,,227,,,,,,,Y,4,0,1,2,A,-,03,22350,,N,D,C,A,A,H,-,A,D,0,,,,,Y,,E,23,0,0,1,0,0,0,0,0,0,"- ","- ",35.219200000000001,-120.61839000000001,"SAN LUIS OBISPO",UNINCORPORATED,-120.61838371,35.219205520000003
90539904,2017,2017-09-04,9740,2017-08-25,1735,018069,,5,2,9,4000,0,1,3,,2,011,SR-46,"VINEYARD DRIVE",75.00,W,N,A,-,Y,,,46,,,,,,,Y,4,0,1,1,A,-,08,22107,,N,F,A,A,A,H,-,A,A,0,,,,,Y,,D,22,0,0,1,0,0,0,0,0,0,"- ","- ",35.553310000000003,-120.76185,"SAN LUIS OBISPO",UNINCORPORATED,-120.7617972,35.553212690000002
90539906,2017,2017-09-04,9740,2017-08-25,1505,018069,,5,2,9,4000,0,2,4,,2,012,"NACIMIENTO LAKE DRIVE","OAK FLAT ROAD",2640.00,W,N,A,-,N,,,,,,,,,,Y,3,0,1,2,A,-,08,22107,,N,B,C,A,A,H,-,A,D,0,,,,,Y,,A,01,0,1,0,0,0,0,0,0,0,"- ","- ",35.68009,-120.7508,"SAN LUIS OBISPO",UNINCORPORATED,-120.75146542,35.680065759999998
90540477,2017,2017-09-05,9745,2017-09-03,0250,020229,,7,3,9,4000,0,3,5,,2,001,"TV TOWER RD",US-101,5808.00,W,N,A,-,N,,,,,,,,,,Y,3,0,1,1,A,-,01,23152,A,N,F,A,A,A,H,-,D,D,0,,,,,Y,Y,A,07,0,1,0,0,0,0,0,0,0,"- ","- ",35.345379999999999,-120.6412,"SAN LUIS OBISPO",UNINCORPORATED,-120.64120173000001,35.34540595
90540584,2017,2017-09-05,9745,2017-08-24,1820,017144,,4,2,4,4006,0,1,2,,2,202,"US-101 N/B TO LOS OSOS VALLEY RD.","LOS OSOS VALLEY RD",70.00,S,N,A,-,Y,,,101,,,,R,,N,Y,4,0,2,3,A,-,03,22350,,M,C,C,A,A,H,-,A,D,0,,,,,Y,,A,07,0,0,2,0,0,0,0,0,0,"- ","- ",35.243079999999999,-120.68201000000001,"SAN LUIS OBISPO","SAN LUIS OBISPO",-120.68201000000001,35.243079999999999
90540966,2017,2017-09-05,9740,2017-08-29,2200,013984,,2,3,9,4000,0,1,2,,2,001,"RT 101","SANTA BARBARA RD",11088.00,S,N,A,-,Y,,,101,,,,,,,Y,3,0,1,1,A,-,01,23152,F,N,F,I,A,A,H,-,D,D,0,,,,,Y,,A,01,0,1,0,0,0,0,0,0,0,"- ","- ",35.41337,-120.62682,"SAN LUIS OBISPO",UNINCORPORATED,-120.62682614000001,35.413368009999999
90541017,2017,2017-09-05,9745,2017-09-03,1626,017097,,7,2,9,4000,0,3,5,,2,004,"SAN ANTONIA ST","SAN LUIS ST",0.00,,Y,A,-,N,,,,,,,,,,Y,4,0,1,2,A,-,09,21802,A,N,D,C,A,A,H,-,A,A,0,,,,,Y,,A,07,0,0,1,0,0,0,0,0,0,"- ","- ",35.180219999999998,-120.73067,"SAN LUIS OBISPO",UNINCORPORATED,-120.73067988,35.180230029999997
90541054,2017,2017-09-05,9740,2017-09-01,1355,015854,,5,1,4,4008,0,1,2,,2,002,"US-101 NORTHBOUND","DEL RIO RD",528.00,S,N,A,-,Y,,,101,,,,,,N,Y,4,0,1,1,A,-,04,21703,,N,E,I,A,A,H,-,A,D,0,,,,,Y,,D,22,0,0,1,0,0,0,0,0,0,"- ","- ",35.511490000000002,-120.69816,"SAN LUIS OBISPO",ATASCADERO,-120.6981311,35.511510219999998
90541776,2017,2017-09-06,9745,2017-09-05,0750,014713,,2,1,9,4000,0,1,2,,1,101,"US-101 SOUTHBOUND","CUESTA SPRINGS ROAD",2112.00,N,N,A,-,Y,,,101,,,,,,S,Y,4,0,2,4,A,-,03,22350,,N,C,C,A,A,H,-,A,D,0,,,,,Y,,D,22,0,0,2,0,0,0,0,0,0,"- ","- ",35.360750000000003,-120.63811,"SAN LUIS OBISPO",UNINCORPORATED,-120.63823073,35.360706880000002
90543461,2017,2017-09-08,9745,2017-08-31,1915,014996,,4,2,3,4004,0,1,2,,2,404,US-101,"PRICE ST",600.00,N,N,A,-,Y,,,,,,,,,,N,4,0,1,2,A,-,03,22350,,N,F,C,A,A,H,-,A,D,0,,,Y,,Y,,C,02,0,0,1,0,0,0,0,0,1,"- ","- ",35.15202,-120.65788999999999,"SAN LUIS OBISPO","PASO ROBLES",,
90543936,2017,2017-09-08,9740,2017-09-02,1830,018069,,6,2,9,4000,0,1,2,,2,004,"US-101 SOUTHBOUND","SAN MARCOS ROAD",528.00,S,N,A,-,Y,,,101,,,,,,S,N,3,0,1,2,A,-,03,22350,,N,C,C,A,A,D,H,A,D,0,,,Y,,Y,,C,02,0,1,0,0,0,0,0,0,1,"- ","- ",35.719299999999997,-120.69653,"SAN LUIS OBISPO",UNINCORPORATED,-120.69670062,35.719212220000003
90544906,2017,2017-09-11,9745,2017-09-08,0725,017541,,5,1,9,4000,0,1,2,,2,505,"US-101 NORTHBOUND","LOS BERROS RD",3696.00,S,N,A,-,Y,,,101,,,,,,N,Y,4,0,1,2,A,-,03,22350,,N,C,C,A,A,H,-,A,D,0,,,,,Y,,A,01,0,0,1,0,0,0,0,0,0,"- ","- ",35.06297,-120.50808000000001,"SAN LUIS OBISPO",UNINCORPORATED,-120.50803326,35.063013259999998
90550400,2017,2017-09-18,9745,2017-09-09,0111,017817,,6,3,9,4000,0,1,3,,1,040,SR-227,"EDNA VALLEY LN.",208.00,N,N,B,-,Y,,,227,,,,,,,Y,3,0,1,2,A,-,08,22107,,N,A,C,A,A,H,-,D,D,0,,,,,Y,,A,01,0,1,0,0,0,0,0,0,0,"- ","- ",35.174860000000002,-120.58667,"SAN LUIS OBISPO",UNINCORPORATED,-120.58665357,35.17487929
90552074,2017,2017-09-20,9745,2017-09-14,1040,016390,,4,1,9,4000,0,3,5,,2,003,"MONTE ROAD","MONTE ROAD ON TO US-101 N/B",32.00,E,N,A,-,N,,,,,,,,,,Y,3,0,1,1,A,-,08,22107,,N,E,I,A,A,H,-,A,D,0,,,,,Y,,A,01,0,1,0,0,0,0,0,0,0,"- ","- ",35.182650000000002,-120.70071,"SAN LUIS OBISPO",UNINCORPORATED,-120.70074855999999,35.18267341
90552149,2017,2017-09-20,9740,2017-09-16,0920,015644,,6,1,9,4000,0,3,5,,2,022,"ADELAIDA RD","VINEYARD DR",6336.00,N,N,A,-,N,,,,,,,,,,Y,2,0,1,1,C,-,18,,,N,H,H,A,A,H,-,A,D,0,,,Y,,Y,,-,"- ",1,0,0,0,0,0,0,0,1,"- ","- ",35.639290000000003,-120.83395,"SAN LUIS OBISPO",UNINCORPORATED,-120.83523886,35.639542679999998
90552595,2017,2017-09-20,9740,2017-09-20,2500,013984,,3,4,9,4000,0,3,5,,2,022,UNKNOWN,(UNKNOWN),0.00,,N,E,-,Y,,,,,,,,,,N,4,0,1,1,D,-,00,,,N,E,I,A,A,H,-,D,D,0,,,,,Y,,-,"- ",0,0,1,0,0,0,0,0,0,"- ","- ",,,"SAN LUIS OBISPO",UNINCORPORATED,,
90553318,2017,2017-09-25,9740,2017-09-21,0530,013984,,4,3,9,4000,0,3,5,,2,024,"SANTA ROSA CREEK RD","FERRASCI RD",128.00,E,N,A,-,N,,,,,,,,,,Y,3,0,1,1,A,-,01,23152,A,N,E,I,A,A,H,-,D,D,0,,,,,Y,Y,D,22,0,1,0,0,0,0,0,0,0,"- ","- ",35.568089999999998,-121.06574999999999,"SAN LUIS OBISPO",UNINCORPORATED,-121.06539331,35.568340079999999
90554678,2017,2017-10-18,9740,2017-09-02,1831,013952,,6,2,9,4000,0,1,2,,2,004,"US 101 S/B","SAN MARCOS ROAD",528.00,S,N,A,-,Y,,,,,,,,,,N,2,0,2,2,A,-,03,22350,,N,B,C,A,A,D,-,A,A,0,,,Y,,Y,,C,02,1,1,0,0,0,0,0,0,2,"- ","- ",,,"SAN LUIS OBISPO",UNINCORPORATED,,
90555956,2017,2017-09-26,9745,2017-09-18,0655,017817,,1,1,2,4005,0,1,2,,2,404,"US-101 NORTHBOUND","MATTIE RD.",950.00,N,N,B,-,Y,,,101,,,,,,N,Y,4,0,1,3,A,-,03,22350,,N,C,C,A,A,H,-,A,D,0,,,,,Y,,D,22,0,0,1,0,0,0,0,0,0,"- ","- ",35.151530000000001,-120.65638,"SAN LUIS OBISPO","PISMO BEACH",-120.65636225,35.151590349999999
9055621,2020,2020-06-05,4008,2020-02-16,2154,3134,,7,5,4,4008,0,0,0,,0,,"SANTA BARBARA RD","SAN ANTONIO RD",275.00,E,N,A,-,N,,,,,,,,,,Y,4,0,1,1,A,-,03,22350,,N,E,I,A,A,H,-,D,D,0,,,,,Y,,A,01,0,0,1,0,0,0,0,0,0,"- ","- ",35.443691253662109,-120.63760375976562,"SAN LUIS OBISPO",ATASCADERO,-120.63712310791016,35.444507598876953
90557065,2017,2017-09-27,9745,2017-09-21,1050,014713,,4,1,9,4000,0,3,5,,2,003,"HIGUERA ST","CLOVER RIDGE LN",341.00,N,N,A,-,N,,,,,,,,,,Y,3,0,1,2,A,-,12,22450,A,N,C,C,A,A,H,-,A,A,0,,,,Y,Y,,A,07,0,1,0,0,0,0,0,0,0,"- ","- ",35.22504,-120.69059,"SAN LUIS OBISPO",UNINCORPORATED,-120.69060682,35.225195110000001
90557279,2017,2017-09-27,9745,2017-09-25,0838,013531,,1,1,2,4005,0,1,2,,2,404,"US-101 NORTHBOUND","MATTIE ROAD",10.00,S,N,A,-,Y,,,101,,,,,,N,Y,4,0,2,2,A,-,03,22350,,N,C,C,A,A,D,-,A,D,0,,,,,Y,,A,07,0,0,2,0,0,0,0,0,0,"- ","- ",35.151040000000002,-120.65449,"SAN LUIS OBISPO","PISMO BEACH",-120.65449022999999,35.151039230000002
90557491,2017,2017-09-27,9740,2017-09-08,1628,013952,,5,2,3,4004,0,1,2,,2,002,"US 101 N/B","STATE ROUTE 46W",860.00,S,N,A,-,Y,,,,,,,,,,Y,4,0,1,2,A,-,03,22350,,N,C,C,A,A,H,-,A,D,0,,,,,Y,,D,22,0,0,1,0,0,0,0,0,0,"- ","- ",35.586640000000003,-120.69589999999999,"SAN LUIS OBISPO","PASO ROBLES",,
90557866,2017,2017-09-28,9745,2017-09-26,1040,016068,,2,1,9,4000,0,3,5,,2,003,"BUCKLEY RD","VACHELL LN",75.00,E,N,A,-,N,,,,,,,,,,Y,4,0,1,1,A,-,03,22350,,N,F,A,A,A,H,-,A,A,0,,,,Y,Y,,G,27,0,0,1,0,0,0,0,0,0,"- ","- ",35.235799999999998,-120.6754,"SAN LUIS OBISPO",UNINCORPORATED,-120.67543062,35.235772189999999
90560718,2017,2017-10-02,9740,2017-09-16,0025,017426,,6,3,9,4000,0,3,5,,2,017,"EL CAMINO REAL","WALNUT ST",1056.00,N,N,A,-,N,,,,,,,,,,Y,4,0,2,1,A,-,03,22350,,N,E,I,A,A,H,-,D,D,0,,,,,Y,,A,01,0,0,2,0,0,0,0,0,0,"- ","- ",35.426020000000001,-120.60414,"SAN LUIS OBISPO",UNINCORPORATED,-120.60549832,35.42847853
90560834,2017,2017-10-02,9740,2017-09-24,1545,017952,,7,2,9,4000,0,1,3,,2,010,SR-41,SR-46,15840.00,N,N,A,-,Y,,,41,,,,,,,Y,4,0,1,1,A,-,08,22107,,N,F,A,A,A,H,-,A,D,0,,,Y,,Y,,C,02,0,0,1,0,0,0,0,0,1,"- ","- ",35.764879999999998,-120.25211,"SAN LUIS OBISPO",UNINCORPORATED,-120.25205828,35.764833160000002