CASE_ID,ACCIDENT_YEAR,PROC_DATE,JURIS,COLLISION_DATE,COLLISION_TIME,OFFICER_ID,REPORTING_DISTRICT,DAY_OF_WEEK,CHP_SHIFT,POPULATION,CNTY_CITY_LOC,SPECIAL_COND,BEAT_TYPE,CHP_BEAT_TYPE,CITY_DIVISION_LAPD,CHP_BEAT_CLASS,BEAT_NUMBER,PRIMARY_RD,SECONDARY_RD,DISTANCE,DIRECTION,INTERSECTION,WEATHER_1,WEATHER_2,STATE_HWY_IND,CALTRANS_COUNTY,CALTRANS_DISTRICT,STATE_ROUTE,ROUTE_SUFFIX,POSTMILE_PREFIX,POSTMILE,LOCATION_TYPE,RAMP_INTERSECTION,SIDE_OF_HWY,TOW_AWAY,COLLISION_SEVERITY,NUMBER_KILLED,NUMBER_INJURED,PARTY_COUNT,PRIMARY_COLL_FACTOR,PCF_CODE_OF_VIOL,PCF_VIOL_CATEGORY,PCF_VIOLATION,PCF_VIOL_SUBSECTION,HIT_AND_RUN,TYPE_OF_COLLISION,MVIW,PED_ACTION,ROAD_SURFACE,ROAD_COND_1,ROAD_COND_2,LIGHTING,CONTROL_DEVICE,CHP_ROAD_TYPE,PEDESTRIAN_ACCIDENT,BICYCLE_ACCIDENT,MOTORCYCLE_ACCIDENT,TRUCK_ACCIDENT,NOT_PRIVATE_PROPERTY,ALCOHOL_INVOLVED,STWD_VEHTYPE_AT_FAULT,CHP_VEHTYPE_AT_FAULT,COUNT_SEVERE_INJ,COUNT_VISIBLE_INJ,COUNT_COMPLAINT_PAIN,COUNT_PED_KILLED,COUNT_PED_INJURED,COUNT_BICYCLIST_KILLED,COUNT_BICYCLIST_INJURED,COUNT_MC_KILLED,COUNT_MC_INJURED,PRIMARY_RAMP,SECONDARY_RAMP,LATITUDE,LONGITUDE,COUNTY,CITY,POINT_X,POINT_Y
90560899,2017,2017-10-02,9745,2017-09-29,1533,016714,,5,2,9,4000,0,1,2,,1,101,"US-101 N/B","FOX HOLLOW RD.",114.00,S,N,A,-,Y,,,101,,,,,,N,Y,4,0,1,2,A,-,03,22350,,N,C,C,A,A,H,-,A,D,0,,,,,Y,,A,01,0,0,1,0,0,0,0,0,0,"- ","- ",35.295160000000003,-120.63636,"SAN LUIS OBISPO",UNINCORPORATED,-120.63636076,35.295175540000002
90561933,2017,2017-10-04,9740,2017-07-31,2051,018995,,1,2,9,4000,0,1,3,,1,009,"SR-46 E/B",SR-41,10560.00,E,N,A,-,Y,,,46,,,,,,E,Y,1,1,0,3,A,-,01,23152,A,N,A,C,A,A,H,-,D,D,0,,,,Y,Y,Y,A,01,0,0,0,0,0,0,0,0,0,"- ","- ",35.735950000000003,-120.27462,"SAN LUIS OBISPO",UNINCORPORATED,-120.27466975,35.736231889999999
90562915,2017,2017-10-04,9745,2017-09-30,0640,016390,,6,1,9,4000,0,2,4,,1,049,"CORBETT CANYON ROAD",SR-227,3168.00,E,N,E,-,N,,,,,,,,,,Y,3,0,1,1,A,-,08,22107,,N,E,I,A,A,H,-,B,D,0,,,,,Y,,A,07,0,1,0,0,0,0,0,0,0,"- ","- ",35.19594,-120.59157,"SAN LUIS OBISPO",UNINCORPORATED,-120.59253507,35.195929479999997
90562949,2017,2017-10-04,9745,2017-09-27,0901,014713,,3,1,2,4005,0,1,2,,2,404,"US-101 NORTHBOUND","HINDS AVE",923.00,S,N,A,-,Y,,,101,,,,,,N,Y,4,0,1,5,A,-,03,22350,,N,C,C,A,A,H,-,A,D,0,,,,,Y,,D,22,0,0,1,0,0,0,0,0,0,"- ","- ",35.139659999999999,-120.63601,"SAN LUIS OBISPO","PISMO BEACH",-120.63600584,35.139669599999998
90564521,2017,2017-10-06,9745,2017-09-29,0440,020229,,5,3,4,4006,0,1,2,,2,202,"US-101 SOUTHBOUND","MADONNA RD",1500.00,S,N,A,-,Y,,,101,,,,,,S,Y,3,0,1,1,A,-,01,23152,A,M,E,I,A,A,H,-,D,D,0,,,,,Y,Y,A,01,0,1,0,0,0,0,0,0,0,"- ","- ",35.257129999999997,-120.67476000000001,"SAN LUIS OBISPO","SAN LUIS OBISPO",-120.67481515,35.257161869999997
90565634,2017,2017-10-09,9740,2017-09-30,0935,015644,,6,1,9,4000,0,1,3,,2,011,SR-46,"VINEYARD DR.",1584.00,W,N,A,-,N,,,46,,,,,,,Y,3,0,1,2,A,-,06,21751,,N,B,C,A,A,H,-,A,A,0,,,,,Y,,A,01,0,1,0,0,0,0,0,0,0,"- ","- ",35.55106,-120.76593,"SAN LUIS OBISPO",UNINCORPORATED,-120.76592956,35.55105872
90565691,2017,2017-10-09,9740,2017-10-01,1348,016849,,7,1,3,4004,0,1,2,,2,003,"US-101 NORTHBOUND","SR-46 WEST",4622.00,N,N,A,-,Y,,,101,,,,,,N,Y,4,0,1,1,A,-,01,23152,A,N,F,A,A,A,H,-,A,D,0,,,Y,,Y,Y,C,02,0,0,1,0,0,0,0,0,1,"- ","- ",35.601700000000001,-120.69240000000001,"SAN LUIS OBISPO","PASO ROBLES",-120.69254153999999,35.601736099999997
90567405,2017,2017-10-11,9740,2017-09-29,1925,015854,,5,2,4,4008,0,1,2,,2,001,"US-101 NORTHBOUND",SR-41,1056.00,S,N,A,-,Y,,,101,,,,,,N,Y,2,0,1,1,A,-,01,23152,A,N,F,A,A,A,H,-,C,D,0,,,Y,,Y,Y,C,02,1,0,0,0,0,0,0,0,1,"- ","- ",35.483359999999998,-120.6621,"SAN LUIS OBISPO",ATASCADERO,-120.66213657,35.483324029999999
90570089,2017,2017-10-13,9745,2017-10-12,0220,020229,,4,3,9,4000,0,1,3,,2,023,"SR-1 NORTHBOUND","PASEO DE CABALLO",0.00,,Y,A,-,Y,,,1,,,,,,N,Y,3,0,1,1,A,-,08,22107,,N,E,I,A,A,H,-,D,D,0,,,,,Y,,A,01,0,1,0,0,0,0,0,0,0,"- ","- ",35.316659999999999,-120.69208999999999,"SAN LUIS OBISPO",UNINCORPORATED,-120.69204612,35.316705730000002
90570116,2017,2017-10-13,9745,2017-10-09,1620,014996,,1,2,9,4000,0,2,4,,1,052,"THOMPSON AVE","DAY ST",0.00,,Y,A,-,N,,,,,,,,,,Y,4,0,2,2,A,-,09,21802,A,N,D,C,A,A,H,-,A,A,0,,,,,Y,,A,01,0,0,2,0,0,0,0,0,0,"- ","- ",35.047559999999997,-120.48108999999999,"SAN LUIS OBISPO",UNINCORPORATED,-120.48108997999999,35.047560009999998
90570779,2017,2017-10-16,9740,2017-10-02,1507,017952,,1,2,9,4000,0,1,2,,2,004,"US-101 S/B","N. SPRING ST.",867.00,N,N,A,-,Y,,,101,,,,,,S,Y,2,0,2,1,A,-,08,22107,,N,F,A,A,A,H,-,A,D,0,,,,,Y,,D,22,1,1,0,0,0,0,0,0,0,"- ","- ",35.655560000000001,-120.69727,"SAN LUIS OBISPO",UNINCORPORATED,-120.69725647,35.65557063
90571095,2017,2017-10-16,9745,2017-10-14,2110,016002,,6,2,9,4000,0,1,2,,2,505,"US-101 SOUTHBOUND","WILLOW RD.",1584.00,N,N,A,-,Y,,,101,,,,,,S,Y,4,0,1,2,A,-,03,22350,,N,C,C,A,A,H,-,C,D,0,,,,,Y,,A,01,0,0,1,0,0,0,0,0,0,"- ","- ",35.059220000000003,-120.50492,"SAN LUIS OBISPO",UNINCORPORATED,-120.50488364,35.059252239999999
90572148,2017,2017-10-18,9745,2017-10-06,1830,020689,,5,2,9,4000,0,3,5,,2,004,"OSO FLACO LAKE RD",SR-1,6864.00,E,N,A,-,N,,,,,,,,,,Y,2,0,1,1,A,-,01,23152,A,N,E,I,A,A,H,-,B,D,0,,,,,Y,Y,A,01,1,0,0,0,0,0,0,0,0,"- ","- ",35.00421,-120.54421000000001,"SAN LUIS OBISPO",UNINCORPORATED,-120.54589068999999,35.004690359999998
90572585,2017,2017-10-18,9750,2017-10-07,0020,020510,,6,3,9,4000,0,1,2,,2,111,"US-101 S/B ON RAMP FROM SR-166",SR-166,80.00,S,N,A,-,Y,,,101,,,,R,,S,N,3,0,1,1,A,-,01,23152,A,N,F,A,A,A,H,-,C,D,0,,,Y,,Y,Y,C,02,0,1,0,0,0,0,0,0,1,"- ","- ",34.995910000000002,-120.43505,"SAN LUIS OBISPO",UNINCORPORATED,-120.43505,34.995910000000002
90574599,2017,2017-10-19,9740,2017-10-07,1215,017426,,6,1,9,4000,0,3,5,,2,017,"MAIN ST. (100 BLOCK)","1ST ST",0.00,,Y,A,-,N,,,,,,,,,,N,4,0,1,2,D,-,00,,,N,D,G,A,A,H,-,A,A,0,,Y,,,Y,,-,"- ",0,0,1,0,0,0,1,0,0,"- ","- ",35.552370000000003,-120.70291,"SAN LUIS OBISPO",UNINCORPORATED,-120.70271999000001,35.552250010000002
90574965,2017,2017-10-20,9745,2017-08-29,2256,014910,,2,3,9,4000,0,1,2,,1,101,"US-101 SOUTHBOUND","TV TOWER RD",7920.00,S,N,A,-,Y,,,101,,,,,,S,Y,1,2,2,5,A,-,01,23152,A,N,E,I,A,A,H,-,D,D,0,,,,,Y,Y,A,01,1,1,0,0,0,0,0,0,0,"- ","- ",35.327159999999999,-120.62044,"SAN LUIS OBISPO",UNINCORPORATED,-120.62038277000001,35.327168520000001
90575048,2017,2017-10-20,9745,2017-10-18,1100,020689,,3,1,9,4000,0,1,3,,2,023,SR-1,"HIGHLAND DR",0.00,,Y,A,-,Y,,,1,,,,,,,Y,3,0,2,2,A,-,12,21453,A,N,D,C,A,A,H,-,A,A,0,,,,,Y,,D,22,0,2,0,0,0,0,0,0,0,"- ","- ",35.298430000000003,-120.67379,"SAN LUIS OBISPO",UNINCORPORATED,-120.67375878999999,35.29846861
90575211,2017,2017-10-20,9745,2017-10-16,1713,015144,,1,2,9,4000,0,1,2,,2,505,"US-101 SOUTHBOUND","LOS BERROS RD",2640.00,N,N,A,-,Y,,,101,,,,,,S,Y,4,0,1,3,A,-,03,22350,,N,C,C,A,A,H,-,A,D,0,,,,,Y,,A,01,0,0,1,0,0,0,0,0,0,"- ","- ",35.076270000000001,-120.52200999999999,"SAN LUIS OBISPO",UNINCORPORATED,-120.52201698,35.076260470000001
90577117,2017,2017-10-24,9745,2017-10-22,1925,019809,,7,2,9,4000,0,3,5,,2,005,"DIVISION STREET","LAS FLORES DR",550.00,S,N,A,-,N,,,,,,,,,,Y,3,0,1,1,A,-,01,23152,A,N,E,I,A,A,H,-,D,D,0,,,,,Y,Y,E,22,0,1,0,0,0,0,0,0,0,"- ","- ",35.009030000000003,-120.49545000000001,"SAN LUIS OBISPO",UNINCORPORATED,-120.49525577999999,35.00924861
90578186,2017,2017-10-25,9740,2017-10-18,1800,018069,,3,2,9,4000,0,1,2,,2,002,"US-101 S/B","VINEYARD DRIVE O/C",1584.00,S,N,A,-,Y,,,101,,,,,,S,Y,2,0,1,2,A,-,07,21658,A,N,B,C,A,A,H,-,A,D,0,,,,,Y,,A,01,1,0,0,0,0,0,0,0,0,"- ","- ",35.538089999999997,-120.7124,"SAN LUIS OBISPO",UNINCORPORATED,-120.71237935000001,35.538098439999999
90582452,2017,2017-12-05,9740,2017-10-28,1910,018995,,6,2,9,4000,0,3,5,,2,019,"RIVER ROAD","ESTRELLA ROAD",0.00,,Y,A,-,N,,,,,,,,,,Y,2,0,1,2,A,-,09,21801,A,N,D,C,A,A,H,-,D,D,0,,,,,Y,,A,01,1,0,0,0,0,0,0,0,0,"- ","- ",35.736400000000003,-120.6853,"SAN LUIS OBISPO",UNINCORPORATED,-120.68537994,35.736420090000003
90585244,2017,2017-11-01,9745,2017-10-25,1405,020689,,3,2,9,4000,0,1,3,,1,021,"SR-1 NORTHBOUND","OLD CREEK RD",100.00,N,N,A,-,Y,,,1,,,,,,N,N,4,0,1,2,A,-,03,22350,,N,C,C,A,A,H,-,A,D,0,,,,,Y,,A,07,0,0,1,0,0,0,0,0,0,"- ","- ",35.429290000000002,-120.8823,"SAN LUIS OBISPO",UNINCORPORATED,-120.88224683999999,35.429336999999997
90586369,2017,2017-11-02,9745,2017-10-27,1204,013531,,5,1,9,4000,0,1,3,,1,043,"SR-1 (WILLOW ROAD)","WINTERHAVEN WAY",800.00,N,N,A,-,Y,,,1,,,,,,,Y,2,0,1,2,A,-,09,21801,A,N,A,C,A,A,H,-,A,D,0,,,Y,,Y,,A,07,1,0,0,0,0,0,0,0,1,"- ","- ",35.047280000000001,-120.58926,"SAN LUIS OBISPO",UNINCORPORATED,-120.58925988,35.047267310000002
9058800,2020,2020-03-18,4006,2020-01-22,1545,60659,,3,5,4,4006,0,0,0,,0,,PALM,CHORRO,0.00,,Y,A,-,N,,,,,,,,,,Y,4,0,2,2,A,-,12,21453,A,N,D,C,A,A,H,-,A,A,0,,,,,Y,,A,07,0,0,2,0,0,0,0,0,0,"- ","- ",36.165321350097656,-120.39511871337891,"SAN LUIS OBISPO","SAN LUIS OBISPO",-120.66429901123047,35.281448364257812
90588384,2017,2017-11-06,9745,2017-10-29,0040,017817,,7,3,2,4005,0,1,2,,2,404,"US-101 SOUTHBOUND","SPYGLASS DR",1050.00,S,N,B,-,Y,,,101,,,,,,S,Y,3,0,2,1,A,-,08,22107,,N,E,I,A,A,H,-,C,D,0,,,,,Y,,A,01,0,1,1,0,0,0,0,0,0,"- ","- ",35.162379999999999,-120.68377,"SAN LUIS OBISPO","PISMO BEACH",-120.683756,35.162414630000001
90591080,2017,2017-11-09,9740,2017-11-02,1550,014465,,4,2,9,4000,0,1,3,,2,007,SR-41,"CRIPPLE CREEK RD",1554.00,N,N,B,-,Y,,,41,,,,,,,N,4,0,2,2,A,-,03,22350,,N,C,C,A,A,D,-,A,A,0,,,,,Y,,D,22,0,0,2,0,0,0,0,0,0,"- ","- ",35.53443,-120.55234,"SAN LUIS OBISPO",UNINCORPORATED,-120.55233708999999,35.53439874
90593990,2017,2017-11-14,9740,2017-10-31,2319,013952,,2,3,9,4000,0,3,5,,2,019,"MISSION STREET","MISSION ST TO N/B US 101",680.00,S,N,A,-,N,,,,,,,,,,Y,4,0,1,1,A,-,01,23152,A,N,F,A,A,A,H,-,D,D,0,,,,,Y,Y,A,01,0,0,1,0,0,0,0,0,0,"- ","- ",35.768099999999997,-120.7021,"SAN LUIS OBISPO",UNINCORPORATED,-120.70201278,35.768630909999999
9059844,2020,2020-03-09,4004,2020-01-30,1651,1208,,4,5,3,4004,0,0,0,,0,,"RIVER RD","CRESTON RD",0.00,,Y,A,-,N,,,,,,,,,,Y,4,0,1,2,A,-,09,21453,C,N,D,C,A,A,H,-,A,A,0,,,,,Y,,A,01,0,0,1,0,0,0,0,0,0,"- ","- ",35.629081726074219,-120.68315887451172,"SAN LUIS OBISPO","PASO ROBLES",-120.68318176269531,35.629108428955078
90605508,2017,2017-11-29,9745,2017-11-22,0850,020144,,3,1,2,4005,0,1,2,,2,404,"US-101 NORTHBOUND","MATTIE RD",4224.00,N,N,A,-,Y,,,101,,,,,,N,Y,3,0,1,2,A,-,03,22350,,N,C,C,A,A,H,-,A,D,0,,,,,Y,,A,01,0,1,0,0,0,0,0,0,0,"- ","- ",35.155790000000003,-120.66648000000001,"SAN LUIS OBISPO","PISMO BEACH",-120.66646305,35.155833340000001
90605702,2017,2017-11-30,9740,2017-11-22,1302,014662,,3,1,9,4000,0,3,5,,2,016,"EL CAMINO REAL","SANTA BARBARA RD",1584.00,S,N,A,-,N,,,,,,,,,,Y,3,0,1,2,A,-,08,22107,,N,D,C,A,A,H,-,A,D,0,,,,,Y,,A,01,0,1,0,0,0,0,0,0,0,"- ","- ",35.2639,-120.3755,"SAN LUIS OBISPO",UNINCORPORATED,-120.63200136,35.444432620000001
90606424,2017,2017-11-30,9745,2017-09-23,2500,016773,,6,4,9,4000,0,3,5,,2,004,"VALLEY RD","SUNRISE TERRACE",1056.00,N,N,A,-,N,,,,,,,,,,Y,1,1,0,1,A,-,01,23152,A,N,F,A,A,A,H,-,D,D,0,,,Y,,Y,Y,C,02,0,0,0,0,0,0,0,1,0,"- ","- ",35.109340000000003,-120.58087,"SAN LUIS OBISPO",UNINCORPORATED,-120.5808562,35.109397119999997
90611795,2017,2017-12-06,9745,2017-12-01,1735,017097,,5,2,4,4006,0,1,2,,2,202,"US-101 NB","MARSH ST",20.00,N,N,A,-,Y,,,101,,,,,,N,Y,4,0,1,4,A,-,03,22350,,N,C,C,A,A,H,-,D,D,0,,,,,Y,,A,01,0,0,1,0,0,0,0,0,0,"- ","- ",35.27458,-120.67124,"SAN LUIS OBISPO","SAN LUIS OBISPO",-120.67119704,35.274565920000001
90612913,2017,2017-12-08,9745,2017-11-28,0740,017144,,2,1,3,4001,0,1,2,,2,402,"US-101 NORTHBOUND","OAK PARK BLVD",2112.00,S,N,A,-,Y,,,101,,,,,,N,Y,3,0,1,3,A,-,03,22350,,N,C,C,A,A,H,-,A,D,0,,,,,Y,,D,22,0,1,0,0,0,0,0,0,0,"- ","- ",35.128169999999997,-120.60098000000001,"SAN LUIS OBISPO","ARROYO GRANDE",-120.60096799999999,35.128193170000003
90613254,2017,2017-12-08,9745,2017-12-05,0950,017930,,2,1,9,4000,0,3,5,,2,003,"MONTE RD","US-101 NORTHBOUND",100.00,E,N,A,-,N,,,,,,,,,,Y,4,0,1,1,A,-,08,22107,,N,F,A,A,A,H,-,A,D,0,,,,,Y,,A,01,0,0,1,0,0,0,0,0,0,"- ","- ",35.182670000000002,-120.70081999999999,"SAN LUIS OBISPO",UNINCORPORATED,-120.70072442,35.182696059999998
90619533,2017,2017-12-18,9745,2017-12-15,1712,016714,,5,2,9,4000,0,1,3,,1,032,"SR-227, (BROAD ST.)","BUCKLEY RD.",528.00,N,N,A,-,Y,,,227,,,,,,,Y,4,0,1,2,A,-,03,22350,,N,C,C,A,A,H,-,D,D,0,,,,,Y,,A,01,0,0,1,0,0,0,0,0,0,"- ","- ",35.232689999999998,-120.63082,"SAN LUIS OBISPO",UNINCORPORATED,-120.63076713,35.232716799999999
90619624,2017,2017-12-18,9745,2017-12-17,2008,017151,,7,2,9,4000,0,2,4,,1,055,"TEFFT STREET","MESA RD",0.00,,Y,A,-,N,,,,,,,,,,Y,4,0,1,2,A,-,12,22450,A,N,D,C,A,A,H,-,D,A,0,,,,,Y,,A,01,0,0,1,0,0,0,0,0,0,"- ","- ",35.024729999999998,-120.49872000000001,"SAN LUIS OBISPO",UNINCORPORATED,-120.49846989,35.024690020000001
90621539,2017,2017-12-20,9745,2017-12-17,1155,014996,,7,1,9,4000,0,2,4,,1,053,"POMEROY RD","WILLOW RD",0.00,,Y,A,-,N,,,,,,,,,,Y,4,0,1,2,A,-,17,21451,A,N,A,C,A,A,H,-,A,A,0,,,,,Y,,A,01,0,0,1,0,0,0,0,0,0,"- ","- ",35.04759,-120.52419999999999,"SAN LUIS OBISPO",UNINCORPORATED,-120.52428986,35.047400029999999
90622719,2017,2017-12-21,9745,2017-12-15,1730,015716,,5,2,9,4000,0,3,5,,2,002,"O'CONNOR WAY","FOOTHILL BLVD",910.00,W,N,A,-,N,,,,,,,,,,Y,4,0,2,2,A,-,09,21801,A,N,C,C,A,A,H,-,D,D,0,,,,,Y,,A,07,0,0,2,0,0,0,0,0,0,"- ","- ",35.283729999999998,-120.70968999999999,"SAN LUIS OBISPO",UNINCORPORATED,-120.70999934,35.283813019999997
90626217,2017,2017-12-26,9740,2017-12-24,0010,017426,,7,3,9,4000,0,1,2,,2,002,"US-101 SOUTHBOUND","LAS TABLAS RD",200.00,N,N,A,-,Y,,,101,,,,,,S,Y,4,0,1,2,A,-,01,23152,A,N,C,C,A,A,H,-,C,D,0,,,,,Y,Y,A,01,0,0,1,0,0,0,0,0,0,"- ","- ",35.554949999999998,-120.71171,"SAN LUIS OBISPO",UNINCORPORATED,-120.71171045,35.554950419999997
90626844,2017,2017-12-26,9750,2017-12-22,0528,014820,,5,3,9,4000,0,1,2,,2,111,"US-101 NB",SR-166,1584.00,S,N,A,-,Y,,,101,,,,,,N,Y,4,0,2,2,A,-,07,21658,A,N,B,C,A,A,H,-,D,D,0,,,,,Y,,A,01,0,0,2,0,0,0,0,0,0,"- ","- ",34.993000000000002,-120.43414,"SAN LUIS OBISPO",UNINCORPORATED,-120.43408288000001,34.993008330000002
90626885,2017,2017-12-26,9745,2017-12-18,1510,017817,,1,2,9,4000,0,2,4,,1,055,"MESA RD.","TEFFT STREET",0.00,,Y,A,-,N,,,,,,,,,,Y,3,0,2,2,A,-,09,21802,A,N,D,C,A,A,H,-,A,A,0,,,,,Y,,D,22,0,2,0,0,0,0,0,0,0,"- ","- ",35.02469,-120.49853,"SAN LUIS OBISPO",UNINCORPORATED,-120.49846989,35.024690020000001
90626917,2017,2017-12-26,9745,2017-12-19,1148,017817,,2,1,9,4000,0,1,2,,2,303,"US-101 NORTHBOUND","LOS OSOS VALLEY RD",4224.00,S,N,A,-,Y,,,101,,,,,,N,Y,4,0,1,2,A,-,03,22350,,N,C,C,A,A,H,-,A,D,0,,,,,Y,,A,01,0,0,1,0,0,0,0,0,0,"- ","- ",35.233449999999998,-120.68788000000001,"SAN LUIS OBISPO",UNINCORPORATED,-120.68790767,35.233497049999997
90627702,2017,2017-12-27,9745,2017-12-22,1730,020229,,5,2,9,4000,0,1,2,,2,303,"US-101 SOUTHBOUND","SAN LUIS BAY DR",1200.00,N,N,A,-,Y,,,101,,,,,,S,Y,4,0,1,2,A,-,03,22350,,N,C,C,A,A,H,-,D,D,0,,,,,Y,,A,01,0,0,1,0,0,0,0,0,0,"- ","- ",35.211460000000002,-120.69705,"SAN LUIS OBISPO",UNINCORPORATED,-120.69699325000001,35.211456939999998
90629829,2017,2017-12-29,9745,2017-12-22,1950,014996,,5,2,9,4000,0,2,4,,1,055,"TEFFT STREET","US-101 NORTHBOUND",0.00,,Y,A,-,N,,,,,,,,,,N,4,0,2,2,A,-,17,21451,A,N,D,C,A,A,H,-,C,A,0,,,,,Y,,A,01,0,0,2,0,0,0,0,0,0,"- ","- ",35.037100000000002,-120.48424,"SAN LUIS OBISPO",UNINCORPORATED,-120.48472998,35.036800049999997
90629972,2017,2017-12-29,9745,2017-12-24,1115,020144,,7,1,9,4000,0,1,2,,2,505,"US-101 NORTHBOUND","EL CAMPO RD",500.00,N,N,B,-,Y,,,101,,,,,,N,N,4,0,1,2,A,-,07,21658,A,N,B,C,A,A,H,-,A,D,0,,,,,Y,,D,22,0,0,1,0,0,0,0,0,0,"- ","- ",35.112160000000003,-120.56634,"SAN LUIS OBISPO",UNINCORPORATED,-120.56634785999999,35.112139069999998
9063007,2020,2020-07-15,4002,2020-04-06,1745,478,,1,5,3,4002,0,0,0,,0,,"W GRAND AV","N 7TH ST",90.00,W,N,A,-,N,,,,,,,,,,N,3,0,1,2,A,-,08,22107,,N,C,C,A,A,H,-,A,D,0,,Y,,,Y,,L,04,0,1,0,0,0,0,1,0,0,"- ","- ",,,"SAN LUIS OBISPO","GROVER BEACH",-120.62302398681641,35.121623992919922
90633249,2018,2018-01-04,9745,2018-01-03,1459,016714,,3,2,9,4000,0,3,5,,2,002,"TRAVIS DR. (200 BLOCK)","RODMAN DR.",528.00,E,N,C,-,N,,,,,,,,,,Y,4,0,1,2,A,-,03,22350,,N,C,E,A,B,H,-,A,D,0,,,,Y,Y,,A,01,0,0,1,0,0,0,0,0,0,"- ","- ",35.304168701171875,-120.85221862792969,"SAN LUIS OBISPO",UNINCORPORATED,-120.85208129882812,35.304214477539062
90634067,2018,2018-01-05,9745,2018-01-03,1655,016714,,3,2,2,4003,0,1,3,,2,022,"SR-1 S/B, (CABRILLO HIGHWAY)","MORRO BAY BLVD.",1056.00,N,N,C,-,Y,,,1,,,,,,S,Y,3,0,1,1,A,-,08,22107,,N,E,I,A,B,H,-,C,D,0,,,,,Y,,D,22,0,1,0,0,0,0,0,0,0,"- ","- ",35.368751525878906,-120.84281921386719,"SAN LUIS OBISPO","MORRO BAY",-120.84272766113281,35.368915557861328
90635079,2017,2018-01-08,9745,2017-12-30,2057,016002,,6,2,9,4000,0,1,2,,2,505,"US-101 NORTHBOUND","LOS BERROS RD.",2640.00,N,N,A,-,Y,,,101,,,,,,N,Y,3,0,1,1,A,-,01,23152,A,N,E,I,A,A,H,-,D,D,0,,,,,Y,Y,D,22,0,1,0,0,0,0,0,0,0,"- ","- ",35.077500000000001,-120.52285000000001,"SAN LUIS OBISPO",UNINCORPORATED,-120.52289023,35.077445040000001
90635346,2018,2018-01-08,9745,2018-01-05,0800,013212,,5,1,9,4000,0,1,2,,2,303,"US-101 NORTHBOUND","SAN LUIS BAY DR",400.00,S,N,B,-,Y,,,101,,,,,,N,N,4,0,1,1,A,-,08,22107,,N,E,I,A,B,H,-,A,D,0,,,,,Y,,A,01,0,0,1,0,0,0,0,0,0,"- ","- ",35.19281005859375,-120.70057678222656,"SAN LUIS OBISPO",UNINCORPORATED,-120.70049285888672,35.192783355712891
9063594,2020,2020-07-24,4004,2020-03-13,1054,1208,,5,5,3,4004,0,0,0,,0,,"SPRING ST","34TH ST",217.00,S,N,B,-,N,,,,,,,,,,,4,0,1,2,A,-,05,21650,1,N,H,G,A,A,H,-,A,D,0,,Y,,,Y,,L,04,0,0,1,0,0,0,1,0,0,"- ","- ",35.649360656738281,-120.69243621826172,"SAN LUIS OBISPO","PASO ROBLES",-120.69327545166016,35.649005889892578
90639053,2018,2018-01-12,9745,2018-01-11,1610,016714,,4,2,9,4000,0,1,3,,1,043,"SR-1, (MESA VIEW DR.)","VALLEY RD.",528.00,S,N,A,-,Y,,,1,,,,,,,Y,3,0,1,1,A,-,08,22107,,N,E,I,A,A,H,-,A,D,0,,,,,Y,,A,01,0,1,0,0,0,0,0,0,0,"- ","- ",35.096839904785156,-120.58158111572266,"SAN LUIS OBISPO",UNINCORPORATED,-120.58150482177734,35.096843719482422
90641471,2017,2018-01-17,9745,2017-12-10,1530,016002,,7,2,9,4000,0,1,2,,2,505,"US-101 NORTHBOUND","EL CAMPO RD",5808.00,S,N,B,-,Y,,,101,,,,,,N,Y,1,1,0,1,A,-,01,23152,A,N,E,I,A,A,H,-,A,D,0,,,,,Y,Y,D,22,0,0,0,0,0,0,0,0,0,"- ","- ",35.102029999999999,-120.5485,"SAN LUIS OBISPO",UNINCORPORATED,-120.54857715,35.101969080000003
90642860,2018,2018-01-18,9740,2018-01-16,1854,014662,,2,2,3,4004,0,1,2,,2,004,"US 101 SOUTHBOUND","24TH ST",2112.00,N,N,A,-,Y,,,,,,,,,,Y,3,0,1,1,A,-,08,22107,,N,E,I,A,A,H,-,D,D,0,,,,,Y,,A,07,0,1,0,0,0,0,0,0,0,"- ","- ",35.651199340820312,-120.09020233154297,"SAN LUIS OBISPO","PASO ROBLES",,
90651180,2018,2018-01-30,9745,2018-01-27,2155,017144,,6,2,9,4000,0,3,5,,2,002,"7TH STREET","EL MORO AVE.",0.00,,Y,A,-,N,,,,,,,,,,N,3,0,1,2,A,-,01,23152,A,M,B,C,A,A,H,-,D,D,0,,,Y,,Y,Y,C,02,0,1,0,0,0,0,0,0,1,"- ","- ",35.326248168945312,-120.83540344238281,"SAN LUIS OBISPO",UNINCORPORATED,-120.83541870117188,35.326290130615234
90652096,2018,2018-01-31,9740,2018-01-25,2115,018069,,4,2,9,4000,0,3,5,,2,024,SR-1,"BURTON DRIVE",1056.00,N,N,A,-,Y,,,1,,,,,,,Y,2,0,1,1,A,-,08,22107,,N,E,I,A,A,H,-,D,D,0,,,,,Y,,A,01,1,0,0,0,0,0,0,0,0,"- ","- ",35.554981231689453,-121.08534240722656,"SAN LUIS OBISPO",UNINCORPORATED,-121.08533477783203,35.554946899414062