CASE_ID,ACCIDENT_YEAR,PROC_DATE,JURIS,COLLISION_DATE,COLLISION_TIME,OFFICER_ID,REPORTING_DISTRICT,DAY_OF_WEEK,CHP_SHIFT,POPULATION,CNTY_CITY_LOC,SPECIAL_COND,BEAT_TYPE,CHP_BEAT_TYPE,CITY_DIVISION_LAPD,CHP_BEAT_CLASS,BEAT_NUMBER,PRIMARY_RD,SECONDARY_RD,DISTANCE,DIRECTION,INTERSECTION,WEATHER_1,WEATHER_2,STATE_HWY_IND,CALTRANS_COUNTY,CALTRANS_DISTRICT,STATE_ROUTE,ROUTE_SUFFIX,POSTMILE_PREFIX,POSTMILE,LOCATION_TYPE,RAMP_INTERSECTION,SIDE_OF_HWY,TOW_AWAY,COLLISION_SEVERITY,NUMBER_KILLED,NUMBER_INJURED,PARTY_COUNT,PRIMARY_COLL_FACTOR,PCF_CODE_OF_VIOL,PCF_VIOL_CATEGORY,PCF_VIOLATION,PCF_VIOL_SUBSECTION,HIT_AND_RUN,TYPE_OF_COLLISION,MVIW,PED_ACTION,ROAD_SURFACE,ROAD_COND_1,ROAD_COND_2,LIGHTING,CONTROL_DEVICE,CHP_ROAD_TYPE,PEDESTRIAN_ACCIDENT,BICYCLE_ACCIDENT,MOTORCYCLE_ACCIDENT,TRUCK_ACCIDENT,NOT_PRIVATE_PROPERTY,ALCOHOL_INVOLVED,STWD_VEHTYPE_AT_FAULT,CHP_VEHTYPE_AT_FAULT,COUNT_SEVERE_INJ,COUNT_VISIBLE_INJ,COUNT_COMPLAINT_PAIN,COUNT_PED_KILLED,COUNT_PED_INJURED,COUNT_BICYCLIST_KILLED,COUNT_BICYCLIST_INJURED,COUNT_MC_KILLED,COUNT_MC_INJURED,PRIMARY_RAMP,SECONDARY_RAMP,LATITUDE,LONGITUDE,COUNTY,CITY,POINT_X,POINT_Y
90661700,2018,2018-02-14,9750,2018-02-13,1549,017884,,2,2,9,4000,0,1,2,,2,111,"US-101 S/B",SR-166,1700.00,S,N,B,C,Y,,,101,,,,,,S,Y,4,0,2,2,A,-,08,22107,,N,C,C,A,B,H,-,A,D,0,,,,,Y,,A,01,0,0,2,0,0,0,0,0,0,"- ","- ",34.991519927978516,-120.43408203125,"SAN LUIS OBISPO",UNINCORPORATED,-120.43410491943359,34.99151611328125
90662357,2018,2018-02-15,9745,2018-02-09,1530,016002,,5,2,9,4000,0,2,4,,1,052,"N. THOMPSON AVE.","DAY ST.",0.00,,Y,A,-,N,,,,,,,,,,Y,3,0,4,2,A,-,09,21801,A,N,A,C,A,A,H,-,A,D,0,,,,,Y,,D,22,0,1,3,0,0,0,0,0,0,"- ","- ",35.047538757324219,-120.48696136474609,"SAN LUIS OBISPO",UNINCORPORATED,-120.48108673095703,35.047561645507812
90663187,2018,2018-02-16,9745,2018-02-05,1230,017541,,1,1,9,4000,0,1,3,,1,032,SR-227,"PATCHETT RD",2640.00,S,N,A,-,Y,,,227,,,,,,,N,3,0,1,2,A,-,08,22107,,N,B,C,A,A,H,-,A,D,0,,,Y,,Y,,A,01,0,1,0,0,0,0,0,0,1,"- ","- ",35.176620483398438,-120.58889007568359,"SAN LUIS OBISPO",UNINCORPORATED,-120.58887481689453,35.1766357421875
90665539,2018,2018-02-21,9740,2018-02-15,1020,013733,,4,1,4,4008,0,1,2,,2,002,"U.S. 101 S/B","SAN ANSELMO ROAD",1056.00,N,N,A,-,Y,,,,,,,,,,Y,4,0,1,3,A,-,03,22350,,N,C,C,A,A,D,-,A,D,0,,,,,Y,,A,01,0,0,1,0,0,0,0,0,0,"- ","- ",35.498500823974609,-120.68514251708984,"SAN LUIS OBISPO",ATASCADERO,-120.68577575683594,35.498836517333984
90665624,2018,2018-02-21,9740,2018-02-18,1105,016154,,7,1,9,4000,0,3,5,,2,016,"LAS PILITAS RD","POZO RD",5280.00,E,N,A,-,N,,,,,,,,,,Y,3,0,1,2,A,-,06,21751,,N,A,C,A,A,H,-,A,D,0,,,,,Y,,A,07,0,1,0,0,0,0,0,0,0,"- ","- ",35.348079681396484,-120.52330780029297,"SAN LUIS OBISPO",UNINCORPORATED,-120.52300262451172,35.347988128662109
90665732,2018,2018-02-21,9745,2018-02-17,1310,017541,,6,1,9,4000,0,1,3,,1,045,SR-1,"OSO FLACO LAKE RD",0.00,,Y,A,-,Y,,,1,,,,,,,Y,4,0,5,2,A,-,09,21802,A,N,D,C,A,A,H,-,A,D,0,,,,,Y,,A,07,0,0,5,0,0,0,0,0,0,"- ","- ",35.010761260986328,-120.56754302978516,"SAN LUIS OBISPO",UNINCORPORATED,-120.56758880615234,35.010780334472656
90666432,2018,2018-08-27,9745,2018-02-20,1250,014996,,2,1,2,4005,0,1,2,,2,404,US-101,"WADSWORTH AVE",1056.00,N,N,A,-,Y,,,101,,,,,,,Y,4,0,1,2,A,-,08,22107,,N,B,C,A,A,H,-,A,D,0,,,,Y,Y,,A,01,0,0,1,0,0,0,0,0,0,"- ","- ",35.144859313964844,-120.64246368408203,"SAN LUIS OBISPO","PISMO BEACH",-120.64238739013672,35.144935607910156
90672962,2018,2018-03-01,9745,2018-02-26,1439,014713,,1,2,9,4000,0,1,3,,1,011,SR-41,"BEAR RIDGE RD",6336.00,N,N,B,C,Y,,,41,,,,,,,Y,3,0,4,2,A,-,03,22350,,N,A,C,A,B,H,-,A,D,0,,,,,Y,,D,22,0,4,0,0,0,0,0,0,0,"- ","- ",35.427970886230469,-120.76103210449219,"SAN LUIS OBISPO",UNINCORPORATED,-120.76103210449219,35.427986145019531
90678307,2018,2018-03-08,9740,2018-03-05,1005,013733,,1,1,9,4000,0,1,2,,2,004,"US-101 NORTHBOUND","SAN MARCOS ROAD",0.00,,Y,B,-,Y,,,101,,,,,,N,Y,4,0,2,2,A,-,09,21801,A,N,D,C,A,A,D,-,A,A,0,,,,,Y,,A,01,0,0,2,0,0,0,0,0,0,"- ","- ",35.721908569335938,-120.69769287109375,"SAN LUIS OBISPO",UNINCORPORATED,-120.69768524169922,35.721912384033203
90680854,2018,2018-03-13,9740,2018-03-10,1807,018988,,6,2,4,4008,0,1,2,,2,001,"US-101 NORTHBOUND","SANTA ROSA RD O/C",4752.00,S,N,C,-,Y,,,101,,,,,,N,N,4,0,1,1,A,-,03,22350,,N,B,I,A,B,H,-,C,D,0,,,,,Y,,A,01,0,0,1,0,0,0,0,0,0,"- ","- ",35.453891754150391,-120.64183807373047,"SAN LUIS OBISPO",ATASCADERO,-120.64180755615234,35.45391845703125
90681670,2018,2018-03-14,9740,2018-03-13,0800,017426,,2,1,9,4000,0,1,2,,2,001,"US-101 NORTHBOUND",SR-58,4224.00,N,N,B,C,Y,,,101,,,,,,N,Y,4,0,1,1,A,-,03,22350,,N,E,I,A,B,H,-,A,D,0,,,,,Y,,A,01,0,0,1,0,0,0,0,0,0,"- ","- ",35.394111633300781,-120.62329864501953,"SAN LUIS OBISPO",UNINCORPORATED,-120.62336730957031,35.394142150878906
90683125,2018,2018-03-15,9745,2018-03-13,1710,016068,,2,2,9,4000,0,1,3,,1,011,SR-41,"OLD MORRO ROAD WEST",92.00,N,N,B,C,Y,,,41,,,,,,,Y,4,0,1,2,A,-,08,22107,,N,B,C,A,B,H,-,A,D,0,,,,,Y,,A,07,0,0,1,0,0,0,0,0,0,"- ","- ",35.460498809814453,-120.7333984375,"SAN LUIS OBISPO",UNINCORPORATED,-120.7333984375,35.460502624511719
90683225,2018,2018-03-15,9740,2018-03-10,1535,018069,,6,2,9,4000,0,2,4,,2,012,"NACIMIENTO LAKE DRIVE","FRAZIER ROAD",8976.00,N,N,C,-,N,,,,,,,,,,Y,3,0,1,1,A,-,08,22107,,N,F,A,A,B,H,-,A,D,0,,,,,Y,,A,07,0,1,0,0,0,0,0,0,0,"- ","- ",35.118728637695312,-120.84722900390625,"SAN LUIS OBISPO",UNINCORPORATED,-120.8477783203125,35.718959808349609
9068445,2020,2020-10-09,4008,2020-04-10,1555,3125,C,5,5,4,4008,0,0,0,,0,,"MARICOPA RD","SAN ANSELMO RD",420.00,N,N,A,-,N,,,,,,,,,,N,2,0,1,1,A,-,03,22350,,N,H,A,A,A,H,-,A,D,0,,,,,Y,,D,22,1,0,0,0,0,0,0,0,0,"- ","- ",35.492610931396484,-120.68463134765625,"SAN LUIS OBISPO",ATASCADERO,-120.68604278564453,35.492954254150391
90685577,2018,2018-03-20,9745,2018-03-16,2020,020689,,5,2,9,4000,0,3,5,,2,004,"HALCYON RD",SR-1,100.00,E,N,B,-,N,,,,,,,,,,N,4,0,1,2,A,-,09,21804,A,F,D,C,A,B,H,-,C,D,0,,,,,Y,,D,22,0,0,1,0,0,0,0,0,0,"- ","- ",35.080371856689453,-120.58625793457031,"SAN LUIS OBISPO",UNINCORPORATED,-120.59230041503906,35.098426818847656
90688691,2018,2018-03-23,9745,2018-03-16,0212,014713,,5,3,9,4000,0,3,5,,2,005,"SUMMIT STATION ROAD","N. FRONTAGE ROAD",0.00,,Y,B,C,N,,,,,,,,,,Y,3,0,1,1,A,-,01,23152,A,N,E,I,A,B,H,-,D,D,0,,,,,Y,Y,A,01,0,1,0,0,0,0,0,0,0,"- ","- ",35.067291259765625,-120.51261138916016,"SAN LUIS OBISPO",UNINCORPORATED,-120.51277923583984,35.067188262939453
90690709,2018,2018-03-27,9745,2018-03-23,1610,013531,,5,2,9,4000,0,1,3,,1,045,"SR-1 NORTHBOUND","12TH STREET",700.00,N,N,A,-,Y,,,1,,,,,,N,N,4,0,1,2,A,-,03,22350,,N,C,C,A,A,C,-,A,D,0,,,,,Y,,A,07,0,0,1,0,0,0,0,0,0,"- ","- ",34.975971221923828,-120.57093048095703,"SAN LUIS OBISPO",UNINCORPORATED,-120.57096862792969,34.975971221923828
90691258,2018,2018-03-27,9745,2018-03-25,1915,017930,,7,2,9,4000,0,1,3,,1,041,"SR-1 (PACIFIC BLVD.)","MONROE DR",39.00,N,N,A,-,Y,,,1,,,,,,,Y,3,0,1,2,A,-,09,21802,A,N,D,C,A,A,H,-,B,D,0,,,,,Y,,A,01,0,1,0,0,0,0,0,0,0,"- ","- ",35.108100891113281,-120.62370300292969,"SAN LUIS OBISPO",UNINCORPORATED,-120.62376403808594,35.108070373535156
90691459,2018,2018-03-29,9740,2018-03-20,1725,017952,,2,2,3,4004,0,1,2,,2,003,"US-101 NORTHBOUND","NIBLICK RD.",4224.00,S,N,B,C,Y,,,101,,,,,,N,Y,3,0,4,3,A,-,03,22350,,N,C,C,A,B,H,-,A,D,0,,,,,Y,,A,01,0,4,0,0,0,0,0,0,0,"- ","- ",35.604110717773438,-120.69229125976562,"SAN LUIS OBISPO","PASO ROBLES",-120.69233703613281,35.604110717773438
90692169,2018,2018-03-28,9745,2018-03-25,2359,017968,,7,3,9,4000,0,1,2,,2,505,"US-101 N/B","TOWER GROVE DRIVE",2112.00,N,N,A,-,Y,,,101,,,,,,N,Y,4,0,1,2,A,-,03,22350,,M,C,C,A,A,H,-,D,D,0,,,,,Y,,A,01,0,0,1,0,0,0,0,0,0,"- ","- ",35.096298217773438,-120.54473114013672,"SAN LUIS OBISPO",UNINCORPORATED,-120.54482269287109,35.096240997314453
90696476,2018,2018-08-14,9745,2018-03-27,1722,016002,,2,2,9,4000,0,3,5,,2,005,"MARY AVE.","TEFFT STREET",400.00,N,N,A,-,N,,,,,,,,,,Y,4,0,2,2,A,-,09,21804,A,N,D,C,A,A,H,-,A,A,0,,,,,Y,,A,07,0,0,2,0,0,0,0,0,0,"- ","- ",35.036701202392578,-120.48750305175781,"SAN LUIS OBISPO",UNINCORPORATED,-120.48740386962891,35.036636352539062
90696689,2018,2018-04-02,9745,2018-03-28,1900,020211,,3,2,9,4000,0,2,S,,2,054,"LOPEZ DRIVE","BIDDLE PARK",3168.00,E,N,A,-,N,,,,,,,,,,Y,1,1,0,1,A,-,03,22350,,N,E,I,A,A,H,-,A,D,0,,,Y,,Y,,C,02,0,0,0,0,0,0,0,1,0,"- ","- ",35.184101104736328,-120.50155639648438,"SAN LUIS OBISPO",UNINCORPORATED,-120.50167846679688,35.184188842773438
90696715,2018,2018-04-02,9740,2018-03-28,1620,016849,,3,2,9,4000,0,1,3,,2,011,SR-46,"GAHAN PLACE",322.00,E,N,A,-,N,,,46,,,,,,,Y,4,0,1,2,A,-,03,22350,,N,C,C,A,A,H,-,A,D,0,,,,,Y,,D,22,0,0,1,0,0,0,0,0,0,"- ","- ",35.587799072265625,-120.70220184326172,"SAN LUIS OBISPO",UNINCORPORATED,-120.70220947265625,35.587818145751953
90696963,2018,2018-04-02,9745,2018-03-30,1200,017817,,5,1,9,4000,0,3,5,,2,003,"ORCUTT RD.","HANSEN LN.",568.00,N,N,A,-,N,,,,,,,,,,Y,2,0,1,1,A,-,08,22107,,N,E,I,A,A,H,-,A,D,0,,,,,Y,,A,01,1,0,0,0,0,0,0,0,0,"- ","- ",35.256008148193359,-120.63002777099609,"SAN LUIS OBISPO",UNINCORPORATED,-120.62944793701172,35.255298614501953
90696980,2018,2018-04-27,9745,2018-03-31,1515,017930,,6,2,9,4000,0,1,2,,2,505,"US-101 NORTHBOUND","LAETITIA WINERY DR.",6336.00,N,N,B,-,Y,,,101,,,,,,N,Y,4,0,1,2,A,-,01,23152,A,N,C,C,A,A,H,-,A,D,0,,,,,Y,Y,D,22,0,0,1,0,0,0,0,0,0,"- ","- ",35.102298736572266,-120.54879760742188,"SAN LUIS OBISPO",UNINCORPORATED,-120.548828125,35.102275848388672
90697226,2018,2018-04-03,9740,2018-04-01,1937,017952,,7,2,9,4000,0,1,2,,2,001,"US-101 SOUTHBOUND",SR-58,10560.00,N,N,A,-,Y,,,101,,,,,,S,Y,4,0,1,2,A,-,03,22350,,N,C,C,A,A,H,-,D,D,0,,,,,Y,,A,01,0,0,1,0,0,0,0,0,0,"- ","- ",35.416900634765625,-120.62834167480469,"SAN LUIS OBISPO",UNINCORPORATED,-120.62840270996094,35.4168701171875
90697400,2018,2018-04-03,9745,2018-03-30,1800,016514,,5,2,9,4000,0,3,5,,2,002,"CANET RD",SR-1,364.00,W,N,A,-,N,,,,,,,,,,Y,2,0,1,1,A,-,01,23152,A,N,F,A,A,A,H,-,A,D,0,,,Y,,Y,Y,C,02,1,0,0,0,0,0,0,0,1,"- ","- ",35.354698181152344,-120.78559875488281,"SAN LUIS OBISPO",UNINCORPORATED,-120.78551483154297,35.354629516601562
90697627,2018,2018-04-03,9745,2018-03-30,1822,017930,,5,2,9,4000,0,2,4,,1,055,"TEFFT STREET","US-101 NORTHBOUND",30.00,W,N,A,-,N,,,,,,,,,,N,3,0,2,2,A,-,03,22350,,N,C,C,A,A,H,-,A,D,0,,,,,Y,,A,01,0,2,0,0,0,0,0,0,0,"- ","- ",35.036998748779297,-120.48439788818359,"SAN LUIS OBISPO",UNINCORPORATED,-120.48480987548828,35.036750793457031
90700309,2018,2018-04-06,9750,2018-04-05,0618,014820,,4,1,9,4000,0,1,2,,2,111,"US-101 N/B","SR-166 E/B",1584.00,S,N,B,-,Y,,,101,,,,,,N,Y,4,0,1,3,A,-,03,22350,,N,C,C,A,A,H,-,B,D,0,,,,,Y,,A,01,0,0,1,0,0,0,0,0,0,"- ","- ",34.987621307373047,-120.43321990966797,"SAN LUIS OBISPO",UNINCORPORATED,-120.43329620361328,34.98760986328125
90701749,2018,2018-04-09,9740,2018-03-30,1120,013733,,5,1,9,4000,0,1,2,,2,003,"US-101 NORTHBOUND",SR-46,1584.00,S,N,A,-,Y,,,,,,,,,,Y,3,0,2,2,A,-,07,21658,,N,E,I,A,A,H,-,A,D,0,,,,,Y,,A,01,0,2,0,0,0,0,0,0,0,"- ","- ",35.638210296630859,-120.68421173095703,"SAN LUIS OBISPO",UNINCORPORATED,-120.69606781005859,35.585025787353516
90702878,2018,2018-04-10,9745,2018-04-03,0828,013531,,2,1,2,4005,0,1,2,,2,404,"US-101 SOUTHBOUND","SPYGLASS DRIVE",528.00,S,N,B,-,Y,,,101,,,,,,S,Y,3,0,2,4,A,-,03,22350,,N,C,C,A,A,H,-,A,D,0,,,,,Y,,A,01,0,2,0,0,0,0,0,0,0,"- ","- ",35.164379119873047,-120.68810272216797,"SAN LUIS OBISPO","PISMO BEACH",-120.68793487548828,35.164585113525391
90703715,2018,2018-04-11,9745,2018-04-11,0720,014996,,3,1,9,4000,0,1,3,,1,011,SR-41,"MISSION DRIVE",1056.00,N,N,A,-,Y,,,41,,,,,,,Y,4,0,1,1,A,-,08,22107,,N,F,A,A,A,H,-,A,D,0,,,,,Y,,D,22,0,0,1,0,0,0,0,0,0,"- ","- ",35.392349243164062,-120.83690643310547,"SAN LUIS OBISPO",UNINCORPORATED,-120.83689880371094,35.392333984375
90704241,2018,2018-04-12,9745,2018-04-07,1937,017541,,6,2,9,4000,0,3,5,,2,004,"OSO FLACO LAKE RD",SR-1,4000.00,E,N,A,-,N,,,,,,,,,,Y,4,0,1,1,A,-,08,22107,,N,E,I,A,A,H,-,D,D,0,,,,,Y,,A,01,0,0,1,0,0,0,0,0,0,"- ","- ",35.007080078125,-120.55432891845703,"SAN LUIS OBISPO",UNINCORPORATED,-120.55492401123047,35.00726318359375
90705196,2018,2018-04-13,9745,2018-04-08,1535,017541,,7,2,3,4001,0,1,2,,2,404,"US 101 SOUTHBOUND TO GRAND AVE.","GRAND AVE",300.00,N,N,A,-,Y,,,,,,,,,,Y,3,0,1,1,A,-,08,22107,,N,E,I,A,A,H,-,A,D,0,,,Y,,Y,,C,02,0,1,0,0,0,0,0,0,1,"- ","- ",35.121620178222656,-120.58570098876953,"SAN LUIS OBISPO","ARROYO GRANDE",,
90705257,2018,2018-06-20,9745,2018-03-23,2500,014996,,5,4,9,4000,0,1,2,,2,505,US-101,"TOWER GROVE DRIVE",1584.00,N,N,A,-,Y,,,101,,,,,,,Y,1,1,0,1,A,-,01,23152,A,N,E,I,A,A,H,-,D,D,0,,,,,Y,Y,A,01,0,0,0,0,0,0,0,0,0,"- ","- ",35.092380523681641,-120.54280853271484,"SAN LUIS OBISPO",UNINCORPORATED,-120.54279327392578,35.092391967773438
90705791,2018,2018-04-16,9740,2018-03-28,1055,019259,,3,1,9,4000,0,1,3,,2,007,SR-41,"LA PANZA RD",0.00,,Y,A,-,Y,,,41,,,,,,,Y,3,0,1,2,A,-,09,21802,A,N,D,C,A,A,H,-,A,D,0,,,,,Y,,A,07,0,1,0,0,0,0,0,0,0,"- ","- ",35.534339904785156,-120.52371978759766,"SAN LUIS OBISPO",UNINCORPORATED,-120.52371978759766,35.534358978271484
90706319,2018,2018-04-17,9740,2018-03-06,0610,013984,,2,1,9,4000,0,3,5,,2,017,"BITTERWATER ROAD","TWISSELMAN LANE",4752.00,S,N,A,-,N,,,,,,,,,,Y,1,1,4,1,A,-,03,22350,,N,F,A,A,A,H,-,D,D,0,,,,,Y,,A,07,3,1,0,0,0,0,0,0,0,"- ","- ",35.535110473632812,-120.08746337890625,"SAN LUIS OBISPO",UNINCORPORATED,-120.08808135986328,35.537693023681641
90708089,2018,2018-04-18,9745,2018-04-16,1615,016068,,1,2,4,4006,0,1,3,,1,021,"SR-1 NORTHBOUND","OCEAN AVE",0.00,,Y,A,-,Y,,,,,,,,,,Y,3,0,1,2,A,-,09,21802,A,N,D,C,A,A,H,-,A,D,0,,,,,Y,,E,22,0,1,0,0,0,0,0,0,0,"- ","- ",35.433700561523438,-120.88569641113281,"SAN LUIS OBISPO","SAN LUIS OBISPO",-120.91792297363281,35.450061798095703
90708159,2018,2018-04-18,9745,2018-04-16,1555,017097,,1,2,9,4000,0,2,4,,1,038,"ORCUTT RD","AVOCADO LN",528.00,N,N,B,-,N,,,,,,,,,,Y,2,0,2,2,A,-,05,21460,A,N,A,C,A,B,H,-,A,D,0,,,,,Y,,A,07,1,1,0,0,0,0,0,0,0,"- ","- ",35.239879608154297,-120.60579681396484,"SAN LUIS OBISPO",UNINCORPORATED,-120.60521697998047,35.239768981933594
90709423,2018,2018-04-19,9745,2018-04-17,1635,020229,,2,2,9,4000,0,1,3,,1,040,"SR-227 SOUTHBOUND","NOYES RD",700.00,N,N,A,-,Y,,,227,,,,,,S,Y,3,0,1,1,A,-,08,22107,,N,F,A,A,A,H,-,A,D,0,,,,,Y,,A,01,0,1,0,0,0,0,0,0,0,"- ","- ",35.170310974121094,-120.58338928222656,"SAN LUIS OBISPO",UNINCORPORATED,-120.58340454101562,35.170295715332031
90711136,2018,2018-04-23,9745,2018-04-21,1802,019809,,6,2,9,4000,0,2,4,,1,026,"PREFUMO CANYON RD","SAN LUIS OBISPO CITY LIMITS",680.00,W,N,A,-,N,,,,,,,,,,Y,3,0,2,2,A,-,01,23152,A,N,A,C,A,A,H,-,A,D,0,,,,,Y,Y,A,01,0,2,0,0,0,0,0,0,0,"- ","- ",35.262489318847656,-120.70982360839844,"SAN LUIS OBISPO",UNINCORPORATED,-120.70982360839844,35.262489318847656
90711661,2018,2018-04-24,9745,2018-04-20,1910,017541,,5,2,4,4006,0,3,5,,2,004,"WILLOW RD",SR-1,2.00,E,N,A,-,N,,,,,,,,,,N,4,0,1,2,A,-,03,22350,,N,C,C,A,A,H,-,A,D,0,,,,,Y,,A,07,0,0,1,0,0,0,0,0,0,"- ","- ",35.046848297119141,-120.56983184814453,"SAN LUIS OBISPO","SAN LUIS OBISPO",-120.57691192626953,35.047298431396484
9071319,2020,2020-12-21,4006,2020-06-12,0008,68099,SLO,5,5,4,4006,0,0,0,,0,,OLIVE,"SANTA ROSA",0.00,,Y,A,-,Y,SLO,5,1,-,-,16.850,I,5,N,Y,3,0,1,2,A,-,12,21453,A,N,D,C,A,A,H,-,C,A,0,,,Y,,Y,,D,23,0,1,0,0,0,0,0,0,1,"- ","- ",35.287498474121094,-120.66432952880859,"SAN LUIS OBISPO","SAN LUIS OBISPO",-120.66424560546875,35.28753662109375
90716823,2018,2018-04-30,9745,2018-04-22,1235,019809,,7,1,9,4000,0,3,5,,2,005,"MARY AVE","TEFFT STREET",0.00,,Y,A,-,N,,,,,,,,,,Y,4,0,1,2,A,-,07,21658,A,N,B,C,A,A,H,-,A,D,0,,,,,Y,,D,22,0,0,1,0,0,0,0,0,0,"- ","- ",35.035701751708984,-120.48668670654297,"SAN LUIS OBISPO",UNINCORPORATED,-120.48663330078125,35.035739898681641
90717216,2018,2018-05-01,9750,2018-04-28,1810,017709,,6,2,9,4000,0,1,3,,1,065,"SR-166 W/B",SR-33,8976.00,W,N,A,-,Y,,,166,,,,,,W,N,2,0,1,1,A,-,03,22350,,N,F,A,A,A,H,-,A,D,0,,,Y,,Y,,C,02,1,0,0,0,0,0,0,0,1,"- ","- ",34.93450927734375,-119.53269195556641,"SAN LUIS OBISPO",UNINCORPORATED,-119.53267669677734,34.934406280517578
90717389,2018,2018-05-01,9745,2018-04-28,2057,020211,,6,2,9,4000,0,2,4,,1,055,"THOMPSON ROAD","TEFFT STREET",210.00,S,N,A,-,N,,,,,,,,,,Y,2,0,1,1,A,-,12,21453,A,N,E,I,A,A,H,-,C,A,0,,,,,Y,,A,01,1,0,0,0,0,0,0,0,0,"- ","- ",35.0423583984375,-120.47553253173828,"SAN LUIS OBISPO",UNINCORPORATED,-120.47605133056641,35.042900085449219
90718258,2018,2018-05-02,9740,2018-04-22,1400,019259,,7,2,9,4000,0,3,5,,2,022,"ANDERSON RD",SR-46,0.00,,Y,A,-,Y,,,,,,,,,,Y,4,0,2,1,A,-,01,23152,A,N,E,I,A,A,H,-,A,D,0,,,,,Y,Y,A,07,0,0,2,0,0,0,0,0,0,"- ","- ",35.573680877685547,-120.73297119140625,"SAN LUIS OBISPO",UNINCORPORATED,-120.73269653320312,35.573551177978516
90718650,2018,2018-05-02,9740,2018-04-26,1735,020773,,4,2,9,4000,0,3,5,,2,019,"S. EL POMAR RD.","SUMMIT RD",300.00,S,N,A,-,N,,,,,,,,,,N,3,0,1,1,A,-,08,22107,,N,F,A,A,A,H,-,A,D,0,,,Y,,Y,,C,02,0,1,0,0,0,0,0,0,1,"- ","- ",35.531089782714844,-120.63168334960938,"SAN LUIS OBISPO",UNINCORPORATED,-120.62952423095703,35.531017303466797
90718703,2018,2018-05-02,9740,2018-05-01,1157,013984,,2,1,4,4008,0,1,2,,2,002,"US-101 NORTHBOUND","DEL RIO RD",528.00,N,N,A,-,Y,,,101,,,,,,N,Y,4,0,1,1,C,-,18,,,N,E,I,A,A,H,-,A,D,0,,,,,Y,,-,"- ",0,0,1,0,0,0,0,0,0,"- ","- ",35.51708984375,-120.70198822021484,"SAN LUIS OBISPO",ATASCADERO,-120.70201110839844,35.517074584960938
90720883,2018,2018-05-07,9740,2018-04-22,1204,014662,,7,1,9,4000,0,1,3,,2,007,SR-41,"CLARK RD",4224.00,S,N,A,-,Y,,,,,,,,,,Y,2,0,1,1,A,-,03,22350,,N,E,I,A,A,H,-,A,D,0,,,Y,,Y,,C,02,1,0,0,0,0,0,0,0,1,"- ","- ",36.619300842285156,-120.40000152587891,"SAN LUIS OBISPO",UNINCORPORATED,-120.40071105957031,35.618793487548828
90721598,2018,2018-05-07,9740,2018-05-04,1730,016849,,5,2,4,4008,0,1,2,,2,002,"US-101 NORTHBOUND","DEL RIO ROAD",1968.00,N,N,A,-,Y,,,101,,,,,,N,Y,4,0,2,2,A,-,03,22350,,N,C,C,A,A,H,-,A,D,0,,,,,Y,,A,01,0,0,2,0,0,0,0,0,0,"- ","- ",35.517910003662109,-120.70252227783203,"SAN LUIS OBISPO",ATASCADERO,-120.70256805419922,35.517875671386719
90721612,2018,2018-05-07,9740,2018-05-04,0800,017426,,5,1,9,4000,0,3,5,,2,021,"VINEYARD DR","BETHEL RD",600.00,W,N,A,-,N,,,,,,,,,,N,4,0,1,2,A,-,03,22350,,N,C,C,A,A,H,-,A,D,0,,,,,Y,,D,22,0,0,1,0,0,0,0,0,0,"- ","- ",35.543308258056641,-120.73330688476562,"SAN LUIS OBISPO",UNINCORPORATED,-120.73329925537109,35.543319702148438
90723023,2018,2018-05-09,9745,2018-05-09,0340,020211,,3,3,4,4006,0,1,2,,2,202,"US-101 SOUTHBOUND","SANTA ROSA ST",100.00,N,N,A,-,Y,,,101,,,,,,S,Y,3,0,1,2,A,-,03,22350,,N,C,C,A,A,H,-,C,D,0,,,,,Y,,D,22,0,1,0,0,0,0,0,0,0,"- ","- ",35.287040710449219,-120.66327667236328,"SAN LUIS OBISPO","SAN LUIS OBISPO",-120.66326904296875,35.287021636962891
90724198,2018,2018-05-10,9740,2018-05-08,1530,016849,,2,2,9,4000,0,1,3,,2,005,SR-58,"SHELL CREEK ROAD",3491.00,E,N,A,-,Y,,,58,,,,,,,Y,2,0,1,1,A,-,08,22107,,N,E,I,A,A,H,-,A,D,0,,,,,Y,,A,01,1,0,0,0,0,0,0,0,0,"- ","- ",35.454700469970703,-120.32453155517578,"SAN LUIS OBISPO",UNINCORPORATED,-120.32453155517578,35.454700469970703