CASE_ID,ACCIDENT_YEAR,PROC_DATE,JURIS,COLLISION_DATE,COLLISION_TIME,OFFICER_ID,REPORTING_DISTRICT,DAY_OF_WEEK,CHP_SHIFT,POPULATION,CNTY_CITY_LOC,SPECIAL_COND,BEAT_TYPE,CHP_BEAT_TYPE,CITY_DIVISION_LAPD,CHP_BEAT_CLASS,BEAT_NUMBER,PRIMARY_RD,SECONDARY_RD,DISTANCE,DIRECTION,INTERSECTION,WEATHER_1,WEATHER_2,STATE_HWY_IND,CALTRANS_COUNTY,CALTRANS_DISTRICT,STATE_ROUTE,ROUTE_SUFFIX,POSTMILE_PREFIX,POSTMILE,LOCATION_TYPE,RAMP_INTERSECTION,SIDE_OF_HWY,TOW_AWAY,COLLISION_SEVERITY,NUMBER_KILLED,NUMBER_INJURED,PARTY_COUNT,PRIMARY_COLL_FACTOR,PCF_CODE_OF_VIOL,PCF_VIOL_CATEGORY,PCF_VIOLATION,PCF_VIOL_SUBSECTION,HIT_AND_RUN,TYPE_OF_COLLISION,MVIW,PED_ACTION,ROAD_SURFACE,ROAD_COND_1,ROAD_COND_2,LIGHTING,CONTROL_DEVICE,CHP_ROAD_TYPE,PEDESTRIAN_ACCIDENT,BICYCLE_ACCIDENT,MOTORCYCLE_ACCIDENT,TRUCK_ACCIDENT,NOT_PRIVATE_PROPERTY,ALCOHOL_INVOLVED,STWD_VEHTYPE_AT_FAULT,CHP_VEHTYPE_AT_FAULT,COUNT_SEVERE_INJ,COUNT_VISIBLE_INJ,COUNT_COMPLAINT_PAIN,COUNT_PED_KILLED,COUNT_PED_INJURED,COUNT_BICYCLIST_KILLED,COUNT_BICYCLIST_INJURED,COUNT_MC_KILLED,COUNT_MC_INJURED,PRIMARY_RAMP,SECONDARY_RAMP,LATITUDE,LONGITUDE,COUNTY,CITY,POINT_X,POINT_Y
90724645,2018,2018-05-11,9745,2018-05-05,1245,016714,,6,1,9,4000,0,1,3,,2,023,"SR-1 N/B, (CABRILLO HIGHWAY)","KANSAS AVE.",22.00,S,N,A,-,Y,,,1,,,,,,N,N,4,0,1,3,A,-,03,22350,,F,C,C,A,A,H,-,A,A,0,,,,,Y,,-,99,0,0,1,0,0,0,0,0,0,"- ","- ",35.320968627929688,-120.71640014648438,"SAN LUIS OBISPO",UNINCORPORATED,-120.71637725830078,35.321029663085938
90728505,2018,2018-05-17,9740,2018-05-13,2215,013733,,7,3,9,4000,0,1,2,,2,002,"US-101 NORTHBOUND","VINEYARD DR",1056.00,N,N,A,-,Y,,,101,,,,,,N,Y,2,0,1,1,A,-,08,22107,,N,E,I,A,A,H,-,D,D,0,,,,,Y,,A,01,1,0,0,0,0,0,0,0,0,"- ","- ",35.547931671142578,-120.71576690673828,"SAN LUIS OBISPO",UNINCORPORATED,-120.71584320068359,35.547924041748047
90728512,2018,2018-05-17,9745,2018-05-10,0711,013531,,4,1,9,4000,0,2,4,,1,025,"LOS OSOS VALLEY ROAD","SOUTH BAY BLVD.",150.00,W,N,A,-,N,,,,,,,,,,Y,3,0,1,1,A,-,08,22107,,N,E,I,A,A,H,-,A,D,0,,,,,Y,,A,01,0,1,0,0,0,0,0,0,0,"- ","- ",35.310398101806641,-120.82579040527344,"SAN LUIS OBISPO",UNINCORPORATED,-120.82586669921875,35.310321807861328
90737103,2018,2018-05-30,9740,2018-05-27,1523,018995,,7,2,9,4000,0,1,2,,2,004,"US-101 NORTHBOUND","STOCKDALE RD",133.00,N,N,A,-,Y,,,101,,,,,,N,Y,3,0,2,1,A,-,08,22107,,N,F,A,A,A,H,-,A,D,0,,,,,Y,,A,07,0,2,0,0,0,0,0,0,0,"- ","- ",35.667591094970703,-120.69619750976562,"SAN LUIS OBISPO",UNINCORPORATED,-120.69598388671875,35.667575836181641
90738250,2018,2018-10-23,9745,2018-05-26,2237,020211,,6,3,9,4000,0,2,4,,1,052,"SOUTH THOMPSON AVENUE","WINEMAN ROAD",2112.00,N,N,A,-,N,,,,,,,,,,Y,1,2,0,1,A,-,08,22107,,N,E,I,A,A,H,-,D,D,0,,,,,Y,,A,07,0,0,0,0,0,0,0,0,0,"- ","- ",35.003379821777344,-120.43898010253906,"SAN LUIS OBISPO",UNINCORPORATED,-120.43907928466797,35.003864288330078
90739125,2018,2018-06-01,9745,2018-05-28,1540,016002,,1,2,9,4000,0,1,2,,2,505,"US-101 SOUTHBOUND","LAETITA VINEYARD DR.",2112.00,N,N,A,-,Y,,,101,,,,,,S,Y,4,0,1,3,A,-,03,22350,,N,C,C,A,A,H,-,A,D,0,,,,,Y,,A,01,0,0,1,0,0,0,0,0,0,"- ","- ",35.091251373291016,-120.54167175292969,"SAN LUIS OBISPO",UNINCORPORATED,-120.54164123535156,35.091289520263672
90740104,2018,2018-06-04,9740,2018-05-29,1135,014662,,2,1,9,4000,0,3,5,,2,017,"S. EL POMAR RD","RANCHO RD",1584.00,N,N,A,-,N,,,,,,,,,,Y,3,0,1,2,A,-,03,22350,,N,D,C,A,A,H,-,A,D,0,,,,,Y,,A,07,0,1,0,0,0,0,0,0,0,"- ","- ",35.532299041748047,-120.61489868164062,"SAN LUIS OBISPO",UNINCORPORATED,-120.6142578125,35.533802032470703
90740398,2018,2018-06-04,9740,2018-05-27,1630,018995,,7,2,9,4000,0,2,4,,2,012,"NACIMIENTO LAKE DR","FRAZIER RD",2525.00,W,N,A,-,N,,,,,,,,,,Y,4,0,1,2,A,-,08,22107,,N,B,C,A,A,H,-,A,D,0,,,,,Y,,D,22,0,0,1,0,0,0,0,0,0,"- ","- ",35.711299896240234,-120.82996368408203,"SAN LUIS OBISPO",UNINCORPORATED,-120.82988739013672,35.711322784423828
90740474,2018,2018-06-04,9745,2018-05-29,0515,016773,,2,3,9,4000,0,3,5,,2,004,"OSO FLACO LAKE RD","SR-1 SOUTHBOUND",5808.00,W,N,B,-,N,,,,,,,,,,Y,4,0,1,1,A,-,08,22107,,N,F,A,A,A,H,-,B,D,0,,,,,Y,,A,07,0,0,1,0,0,0,0,0,0,"- ","- ",35.016189575195312,-120.58686065673828,"SAN LUIS OBISPO",UNINCORPORATED,-120.58590698242188,35.015972137451172
90740519,2018,2018-06-04,9745,2018-06-03,1317,020211,,7,1,9,4000,0,2,4,,1,025,"PECHO VALLEY RD","HAZARD CANYON RD.",528.00,E,N,A,-,N,,,,,,,,,,Y,3,0,1,1,A,-,03,22350,,N,F,A,A,A,B,-,A,D,0,,,Y,,Y,,C,02,0,1,0,0,0,0,0,0,1,"- ","- ",35.301048278808594,-120.86219024658203,"SAN LUIS OBISPO",UNINCORPORATED,-120.86232757568359,35.300907135009766
90741064,2018,2018-06-05,9745,2018-05-28,1815,020229,,1,2,9,4000,0,1,2,,2,505,"US-101 SOUTHBOUND","EL CAMPO RD",2640.00,S,N,A,-,Y,,,101,,,,,,S,N,4,0,1,2,A,-,03,22350,,N,C,C,A,A,H,-,A,D,0,,,,,Y,,A,01,0,0,1,0,0,0,0,0,0,"- ","- ",35.109920501708984,-120.5606689453125,"SAN LUIS OBISPO",UNINCORPORATED,-120.56066131591797,35.109947204589844
90741563,2018,2018-06-05,9740,2018-06-02,1540,016849,,6,2,3,4004,0,1,2,,2,002,"US-101 SOUTHBOUND","SR-46 WEST",562.00,S,N,A,-,Y,,,101,,,,,,S,Y,4,0,1,1,A,-,08,22107,,N,E,I,A,A,H,-,A,D,0,,,,,Y,,A,01,0,0,1,0,0,0,0,0,0,"- ","- ",35.587730407714844,-120.69583892822266,"SAN LUIS OBISPO","PASO ROBLES",-120.6959228515625,35.587741851806641
90742110,2018,2018-06-06,9745,2018-05-28,1425,017968,,1,2,9,4000,0,1,2,,2,505,"US-101 S/B","TEFFT STREET",5280.00,S,N,A,-,Y,,,101,,,,,,S,N,4,0,1,2,A,-,03,22350,,N,C,C,A,A,H,-,A,D,0,,,,,Y,,A,01,0,0,1,0,0,0,0,0,0,"- ","- ",35.025588989257812,-120.47257232666016,"SAN LUIS OBISPO",UNINCORPORATED,-120.47257995605469,35.025577545166016
90746339,2018,2018-06-12,9740,2018-06-09,0530,013984,,6,3,9,4000,0,3,5,,2,019,"N. RIVER ROAD","WELLSONA RD",627.00,S,N,A,-,N,,,,,,,,,,Y,3,0,1,1,A,-,01,23152,A,F,E,I,A,A,H,-,D,D,0,,,,,Y,Y,A,07,0,1,0,0,0,0,0,0,0,"- ","- ",35.695720672607422,-120.68295288085938,"SAN LUIS OBISPO",UNINCORPORATED,-120.68094635009766,35.695850372314453
90748075,2018,2018-06-14,9745,2018-06-10,0400,016714,,7,3,9,4000,0,2,4,,1,025,"LOS OSOS VALLEY RD. (1700 BLOCK)","BUCKSKIN DR.",933.00,E,N,A,-,N,,,,,,,,,,Y,2,0,1,2,A,-,01,23152,A,N,A,C,A,A,H,-,D,D,0,,,,Y,Y,Y,A,07,1,0,0,0,0,0,0,0,0,"- ","- ",35.307098388671875,-120.81614685058594,"SAN LUIS OBISPO",UNINCORPORATED,-120.81591033935547,35.307094573974609
90748277,2018,2018-06-14,9745,2018-06-07,1803,019809,,4,2,9,4000,0,1,2,,2,404,"US 101 S/B","4TH STREET",2112.00,S,N,A,-,Y,,,,,,,,,,Y,3,0,2,4,A,-,03,22350,,N,C,C,A,A,H,-,A,D,0,,,,,Y,,A,07,0,1,1,0,0,0,0,0,0,"- ","- ",35.133010864257812,-120.61533355712891,"SAN LUIS OBISPO",UNINCORPORATED,,
90748370,2018,2018-06-14,9745,2018-06-09,1512,020211,,6,2,2,4005,0,1,2,,2,404,"US-101 NORTHBOUND","WADSWORTH AVE",528.00,S,N,A,-,Y,,,101,,,,,,N,Y,3,0,1,1,A,-,08,22107,,N,E,I,A,A,H,-,A,D,0,,,,,Y,,A,01,0,1,0,0,0,0,0,0,0,"- ","- ",35.14276123046875,-120.63987731933594,"SAN LUIS OBISPO","PISMO BEACH",-120.63991546630859,35.142715454101562
90748442,2018,2018-06-14,9745,2018-06-09,0040,016714,,6,3,9,4000,0,1,2,,2,505,"US-101 N/B",SR-166,1056.00,N,N,A,-,Y,,,101,,,,,,N,Y,2,0,1,1,A,-,08,22107,,N,E,I,A,A,H,-,C,D,0,,,,,Y,,A,01,1,0,0,0,0,0,0,0,0,"- ","- ",35.002071380615234,-120.43807983398438,"SAN LUIS OBISPO",UNINCORPORATED,-120.43814849853516,35.002010345458984
9074913,2020,2020-05-20,4006,2020-02-27,1443,27552,,4,5,4,4006,0,0,0,,0,,"LOS OSOS VALLEY","PREFUMO CANYON RD",0.00,,Y,A,-,N,,,,,,,,,,N,3,0,1,2,A,-,09,21801,A,N,G,G,A,A,H,-,A,D,0,,Y,,,Y,,A,01,0,1,0,0,0,0,1,0,0,"- ","- ",,,"SAN LUIS OBISPO","SAN LUIS OBISPO",-120.69840240478516,35.263530731201172
90749157,2018,2018-06-15,9740,2018-06-10,0750,014460,,7,1,9,4000,0,1,3,,2,005,SR-58,"REDHILL ROAD",7920.00,E,N,A,-,Y,,,58,,,,,,,N,2,0,1,1,C,-,18,,,N,E,H,A,A,H,-,A,D,0,,,Y,,Y,,-,"- ",1,0,0,0,0,0,0,0,1,"- ","- ",35.409969329833984,-120.25238037109375,"SAN LUIS OBISPO",UNINCORPORATED,-120.25234985351562,35.409923553466797
90750929,2018,2018-06-19,9740,2018-06-14,1100,013733,,4,1,3,4004,0,1,2,,2,003,"U.S. 101 N/B TO SR-46 EAST",SR-46,543.00,S,N,A,-,Y,,,,,,,,,,Y,2,0,1,3,A,-,03,22350,,N,C,C,A,A,H,-,A,A,0,,,,,Y,,A,07,1,0,0,0,0,0,0,0,0,"- ","- ",35.641281127929688,-120.68421936035156,"SAN LUIS OBISPO","PASO ROBLES",-120.69566345214844,35.587867736816406
90752107,2018,2018-06-20,9745,2018-06-11,1810,016002,,1,2,9,4000,0,2,4,,1,052,"THOMPSON AVE","SEA ST",12.00,N,N,A,-,N,,,,,,,,,,Y,4,0,1,2,A,-,03,22350,,N,C,C,A,A,H,-,A,D,0,,,,,Y,,A,01,0,0,1,0,0,0,0,0,0,"- ","- ",35.046550750732422,-120.48002624511719,"SAN LUIS OBISPO",UNINCORPORATED,-120.47995758056641,35.046543121337891
90752144,2018,2018-06-20,9745,2018-06-11,1032,017817,,1,1,9,4000,0,2,4,,1,053,"POMEROY RD.","APPLEGATE WAY",0.00,,Y,A,-,N,,,,,,,,,,Y,2,0,3,2,A,-,09,21801,A,N,A,C,A,A,H,-,A,D,0,,,,,Y,,D,22,1,2,0,0,0,0,0,0,0,"- ","- ",35.066818237304688,-120.53810882568359,"SAN LUIS OBISPO",UNINCORPORATED,-120.53800201416016,35.066951751708984
90754563,2018,2018-06-25,9740,2018-06-14,1145,016816,,4,1,9,4000,0,3,5,,2,017,"RAMADA DRIVE","CALLE PROPANO",0.00,,Y,A,-,N,,,,,,,,,,Y,3,0,2,2,A,-,09,21802,A,N,D,C,A,A,H,-,A,A,0,,,,,Y,,I,11,0,2,0,0,0,0,0,0,0,"- ","- ",35.588508605957031,-120.69471740722656,"SAN LUIS OBISPO",UNINCORPORATED,-120.69496917724609,35.588539123535156
90754736,2018,2018-06-25,9740,2018-06-15,1510,020773,,5,2,3,4004,0,1,2,,2,003,"US-101 NORTHBOUND","13TH ST",2000.00,N,N,A,-,Y,,,101,,,,,,N,N,4,0,1,2,A,-,03,22350,,N,C,C,A,A,H,-,A,D,0,,,,,Y,,A,01,0,0,1,0,0,0,0,0,0,"- ","- ",35.635051727294922,-120.68479919433594,"SAN LUIS OBISPO","PASO ROBLES",-120.68510437011719,35.635215759277344
90754837,2018,2018-06-25,9740,2018-06-16,0555,014460,,6,3,9,4000,0,3,5,,2,021,"LAS TABLAS ROAD","HEATHER COURT",364.00,W,N,B,-,N,,,,,,,,,,Y,3,0,1,2,A,-,03,22350,,N,C,C,A,A,H,-,B,D,0,,,,,Y,,A,01,0,1,0,0,0,0,0,0,0,"- ","- ",35.554428100585938,-120.71880340576172,"SAN LUIS OBISPO",UNINCORPORATED,-120.71884155273438,35.554401397705078
90756080,2018,2018-06-26,9745,2018-06-22,0610,013531,,5,1,9,4000,0,2,4,,1,058,"HUTTON ROAD","VISTA DEL RIO",1056.00,S,N,A,-,N,,,,,,,,,,Y,3,0,2,3,A,-,03,22350,,N,C,C,A,A,H,-,B,D,0,,,,,Y,,A,07,0,1,1,0,0,0,0,0,0,"- ","- ",35.003730773925781,-120.44059753417969,"SAN LUIS OBISPO",UNINCORPORATED,-120.44052886962891,35.003810882568359
90757016,2018,2018-06-27,9745,2018-06-26,1630,014713,,2,2,9,4000,0,2,4,,1,025,"LOS OSOS VALLEY ROAD","SOUTH BAY BLVD.",260.00,E,N,A,-,N,,,,,,,,,,N,4,0,2,3,A,-,03,22350,,N,C,C,A,A,H,-,A,A,0,,,,,Y,,D,22,0,0,2,0,0,0,0,0,0,"- ","- ",35.309761047363281,-120.82454681396484,"SAN LUIS OBISPO",UNINCORPORATED,-120.82468414306641,35.309749603271484
90760068,2018,2018-06-29,9745,2018-06-22,1015,016002,,5,1,3,4001,0,1,2,,2,402,"US-101 NORTHBOUND","FAIR OAKS AVE",2640.00,S,N,A,-,Y,,,101,,,,,,N,Y,2,0,2,2,A,-,08,22107,,N,D,C,A,A,H,-,A,D,0,,,,,Y,,A,07,1,1,0,0,0,0,0,0,0,"- ","- ",35.114681243896484,-120.57070159912109,"SAN LUIS OBISPO","ARROYO GRANDE",-120.57068634033203,35.114696502685547
90761199,2018,2018-07-02,9740,2018-06-14,1918,019259,,4,2,9,4000,0,1,3,,1,014,SR-1,"VISTA DEL MAR AVE",1016.00,S,N,A,-,Y,,,1,,,,,,,Y,2,0,1,1,A,-,01,23152,A,N,E,I,A,A,H,-,A,D,0,,,,,Y,Y,A,07,1,0,0,0,0,0,0,0,0,"- ","- ",35.608558654785156,-121.13877105712891,"SAN LUIS OBISPO",UNINCORPORATED,-121.13887023925781,35.608440399169922
90761211,2018,2018-07-02,9740,2018-06-17,1334,020773,,7,1,4,4008,0,1,2,,2,002,"US-101 SOUTHBOUND","TRAFFIC WAY",1000.00,N,N,A,-,Y,,,101,,,,,,S,Y,2,0,2,1,A,-,08,22107,,N,F,A,A,A,H,-,A,D,0,,,Y,,Y,Y,C,02,2,0,0,0,0,0,0,0,2,"- ","- ",35.490741729736328,-120.67415618896484,"SAN LUIS OBISPO",ATASCADERO,-120.67418670654297,35.490707397460938
90764379,2018,2018-07-06,9740,2018-07-01,1820,016816,,7,2,9,4000,0,1,3,,2,010,SR-41,"KERN CO. LINE",1056.00,S,N,A,G,Y,,,41,,,,,,,Y,2,0,1,1,A,-,03,22350,,N,F,A,A,A,H,-,A,D,0,,,Y,,Y,,C,02,1,0,0,0,0,0,0,0,1,"- ","- ",35.782798767089844,-120.20098114013672,"SAN LUIS OBISPO",UNINCORPORATED,-120.20098876953125,35.782737731933594
90766159,2018,2018-07-10,9740,2018-07-01,1623,019259,,7,2,9,4000,0,3,5,,2,024,"WINDSOR BLVD","MOONSTONE BEACH DR",0.00,,Y,A,-,N,,,,,,,,,,N,4,0,1,2,A,-,09,21802,A,N,D,C,A,A,H,-,A,A,0,,,,,Y,,D,22,0,0,1,0,0,0,0,0,0,"- ","- ",35.568580627441406,-120.10418701171875,"SAN LUIS OBISPO",UNINCORPORATED,-121.10413360595703,35.568531036376953
90768201,2018,2018-07-12,9745,2018-07-06,1510,020689,,5,2,9,4000,0,3,5,,2,005,"ORCHARD RD","FAITH PL",140.00,S,N,A,-,N,,,,,,,,,,Y,3,0,3,1,A,-,08,22107,,N,E,I,A,A,H,-,A,D,0,,,,,Y,,A,01,0,3,0,0,0,0,0,0,0,"- ","- ",35.011039733886719,-120.47161102294922,"SAN LUIS OBISPO",UNINCORPORATED,-120.46651458740234,35.007846832275391
90768727,2018,2018-07-13,9745,2018-07-08,1645,020689,,7,2,9,4000,0,1,2,,2,404,"US-101 NORTHBOUND","AVILA BEACH DRIVE",300.00,S,N,A,-,Y,,,101,,,,,,N,N,4,0,1,3,A,-,03,22350,,N,C,C,A,A,H,-,A,D,0,,,,,Y,,A,07,0,0,1,0,0,0,0,0,0,"- ","- ",35.177261352539062,-120.69779205322266,"SAN LUIS OBISPO",UNINCORPORATED,-120.69778442382812,35.177261352539062
90770504,2018,2018-07-17,9750,2018-07-16,1405,017616,,1,2,9,4000,0,1,3,,1,063,"SR-166 W/B","SIERRA MADRE RD",5280.00,E,N,A,-,Y,,,166,,,,,,W,Y,2,0,1,1,A,-,08,22107,,N,E,I,A,A,H,-,A,D,0,,,,,Y,,A,01,1,0,0,0,0,0,0,0,0,"- ","- ",35.105140686035156,-120.07259368896484,"SAN LUIS OBISPO",UNINCORPORATED,-120.0726318359375,35.105098724365234
90771513,2018,2018-07-18,9740,2018-07-11,1657,016154,,3,2,3,4004,0,1,2,,2,003,"US-101 NORTHBOUND",SR-46W,4752.00,N,N,A,-,Y,,,101,,,,,,N,Y,3,0,1,2,A,-,03,22350,,N,C,C,A,A,H,-,A,D,0,,,,,Y,,A,01,0,1,0,0,0,0,0,0,0,"- ","- ",35.601219177246094,-120.69259643554688,"SAN LUIS OBISPO","PASO ROBLES",-120.69270324707031,35.60125732421875
90771530,2018,2018-07-18,9740,2018-07-12,1525,016154,,4,2,3,4004,0,1,2,,2,003,"US-101 SOUTHBOUND","24TH ST",1300.00,N,N,A,-,Y,,,101,,,,,,S,Y,3,0,1,2,A,-,03,22350,,N,C,C,A,A,H,-,A,D,0,,,,,Y,,A,01,0,1,0,0,0,0,0,0,0,"- ","- ",35.645599365234375,-120.68689727783203,"SAN LUIS OBISPO","PASO ROBLES",-120.68696594238281,35.645561218261719
90771924,2018,2018-07-18,9745,2018-07-17,1235,020211,,2,1,9,4000,0,1,2,,2,505,"US-101 SOUTHBOUND","NIPOMO CREEK",250.00,N,N,A,-,Y,,,101,,,,,,S,Y,3,0,3,1,A,-,08,22107,,N,E,I,A,A,H,-,A,D,0,,,,,Y,,A,01,0,3,0,0,0,0,0,0,0,"- ","- ",35.003879547119141,-120.44045257568359,"SAN LUIS OBISPO",UNINCORPORATED,-120.44037628173828,35.003978729248047
90772135,2018,2018-07-18,9750,2018-07-13,2240,016874,,5,3,9,4000,0,1,3,,2,061,"SR-166 (E/B)","ALAMO CREEK RD",1056.00,W,N,A,-,Y,,,166,,,,,,,Y,2,0,1,1,A,-,01,23152,A,N,F,A,A,A,H,-,D,D,0,,,Y,,Y,Y,C,02,1,0,0,0,0,0,0,0,1,"- ","- ",35.020069122314453,-120.31494140625,"SAN LUIS OBISPO",UNINCORPORATED,-120.31492614746094,35.020023345947266
90773492,2018,2018-07-20,9745,2018-07-19,0740,014713,,4,1,9,4000,0,1,2,,1,101,"US-101 SOUTHBOUND","TASSAJARA CREEK ROAD",4040.00,S,N,A,-,Y,,,101,,,,,,S,Y,4,0,2,3,A,-,03,22350,,N,C,C,A,A,H,-,A,D,0,,,,,Y,,D,23,0,0,2,0,0,0,0,0,0,"- ","- ",35.359348297119141,-120.63787078857422,"SAN LUIS OBISPO",UNINCORPORATED,-120.63777160644531,35.359386444091797
90773770,2018,2018-07-20,9740,2018-07-13,1330,019259,,5,1,9,4000,0,3,5,,2,018,"WHITLEY GARDENS DR","ROSS DR",528.00,S,N,A,-,N,,,,,,,,,,Y,3,0,1,1,A,-,03,22350,,N,E,I,A,A,H,-,A,D,0,,,,,Y,,A,01,0,1,0,0,0,0,0,0,0,"- ","- ",35.655811309814453,-120.50596618652344,"SAN LUIS OBISPO",UNINCORPORATED,-120.50609588623047,35.655612945556641
90774316,2018,2018-07-23,9740,2018-07-15,1420,016849,,7,2,9,4000,0,1,3,,2,007,SR-41,"VIA VISTA WAY",1974.00,W,N,A,-,Y,,,41,,,,,,,Y,2,0,1,1,A,-,03,22350,,N,E,I,A,A,H,-,A,D,0,,,Y,,Y,,C,02,1,0,0,0,0,0,0,0,1,"- ","- ",35.510601043701172,-120.62380218505859,"SAN LUIS OBISPO",UNINCORPORATED,-120.62380218505859,35.510574340820312
90774875,2018,2018-07-23,9745,2018-07-15,1250,020229,,7,1,9,4000,0,1,2,,2,505,"US-101 SOUTHBOUND","LOS BERROS RD",1400.00,S,N,A,-,Y,,,101,,,,,,S,Y,3,0,2,2,A,-,03,22350,,N,C,C,A,A,H,-,A,D,0,,,,,Y,,A,07,0,1,1,0,0,0,0,0,0,"- ","- ",35.068450927734375,-120.51289367675781,"SAN LUIS OBISPO",UNINCORPORATED,-120.51316070556641,35.068210601806641
90774949,2018,2018-07-23,9745,2018-07-18,0843,016714,,3,1,9,4000,0,1,3,,2,023,"SR-1 S/B, (CABRILLO HIGHWAY)","KANSAS AVE.",42.00,N,N,A,-,Y,,,1,,,,,,S,Y,3,0,2,2,A,-,03,22350,,N,C,C,A,A,H,-,A,A,0,,,,,Y,,A,01,0,2,0,0,0,0,0,0,0,"- ","- ",35.321029663085938,-120.716796875,"SAN LUIS OBISPO",UNINCORPORATED,-120.71677398681641,35.321090698242188
90775534,2018,2018-07-24,9745,2018-07-13,1636,016002,,5,2,9,4000,0,1,2,,2,505,"US-101 NORTHBOUND","EL CAMPO RD",2112.00,S,N,A,-,Y,,,101,,,,,,N,Y,4,0,1,2,C,-,18,,,N,H,A,A,A,H,-,A,D,0,,,,,Y,,-,"- ",0,0,1,0,0,0,0,0,0,"- ","- ",35.107921600341797,-120.55567932128906,"SAN LUIS OBISPO",UNINCORPORATED,-120.55569458007812,35.107891082763672
90776312,2018,2018-07-25,9745,2018-07-21,1312,017151,,6,1,9,4000,0,3,5,,2,005,"POMEROY RD","TALL TREE DR",65.00,N,N,A,-,N,,,,,,,,,,Y,3,0,2,2,A,-,03,22350,,N,C,C,A,A,H,-,A,D,0,,,,,Y,,A,01,0,1,1,0,0,0,0,0,0,"- ","- ",35.039340972900391,-120.51682281494141,"SAN LUIS OBISPO",UNINCORPORATED,-120.51625061035156,35.039360046386719
90779046,2018,2018-07-27,9740,2018-07-20,1540,016154,,5,2,9,4000,0,2,4,,2,012,"NACIMIENTO LAKE DR","SLATE RANCH RD.",1584.00,E,N,A,-,N,,,,,,,,,,Y,3,0,1,2,A,-,08,22107,,N,D,C,A,A,H,-,A,D,0,,,,,Y,,A,01,0,1,0,0,0,0,0,0,0,"- ","- ",35.645530700683594,-120.71051025390625,"SAN LUIS OBISPO",UNINCORPORATED,-120.71061706542969,35.645599365234375
90780059,2018,2018-07-30,9740,2018-07-22,1455,016849,,7,2,9,4000,0,3,5,,2,017,"CRESTON ROAD","CAMP 8 ROAD",2835.00,S,N,A,-,N,,,,,,,,,,Y,3,0,1,1,A,-,08,22107,,N,E,I,A,A,H,-,A,D,0,,,,,Y,,D,22,0,1,0,0,0,0,0,0,0,"- ","- ",35.552398681640625,-120.53369903564453,"SAN LUIS OBISPO",UNINCORPORATED,-120.53385162353516,35.552722930908203
90780389,2018,2018-07-30,9745,2018-07-15,1206,017541,,7,1,9,4000,0,1,2,,2,505,"US-101 NORTHBOUND","TEFFT STREET",750.00,N,N,A,-,Y,,,101,,,,,,N,Y,2,0,2,2,A,-,07,21658,A,N,B,C,A,A,H,-,A,D,0,,,,,Y,,A,07,1,0,1,0,0,0,0,0,0,"- ","- ",35.038810729980469,-120.48628997802734,"SAN LUIS OBISPO",UNINCORPORATED,-120.48625183105469,35.038841247558594
90781316,2018,2018-07-31,9740,2018-07-21,1111,013984,,6,1,9,4000,0,1,3,,2,010,"RT 41","SR 46 EAST",15840.00,N,N,A,-,Y,,,41,,,,,,,Y,2,0,2,1,A,-,08,22107,,N,F,I,A,A,H,-,A,D,0,,,,,Y,,A,07,2,0,0,0,0,0,0,0,0,"- ","- ",35.734378814697266,-120.28446197509766,"SAN LUIS OBISPO",UNINCORPORATED,-120.28433990478516,35.734489440917969
90781363,2018,2018-07-31,9740,2018-07-24,1645,019259,,2,2,9,4000,0,1,2,,2,001,"US-101 SOUTHBOUND",SR-58,1584.00,N,N,A,-,Y,,,101,,,,,,S,Y,2,0,1,2,A,-,07,21658,A,N,B,C,A,A,H,-,A,D,0,,,,,Y,,A,01,1,0,0,0,0,0,0,0,0,"- ","- ",35.3914794921875,-120.62512969970703,"SAN LUIS OBISPO",UNINCORPORATED,-120.62512969970703,35.3914794921875
90781423,2018,2018-07-31,9745,2018-07-29,1554,016002,,7,2,9,4000,0,1,2,,2,505,"US-101 SOUTHBOUND","TEFFT STREET",528.00,N,N,A,-,Y,,,101,,,,,,S,N,4,0,2,2,A,-,03,22350,,N,C,C,A,A,H,-,A,D,0,,,,,Y,,A,01,0,0,2,0,0,0,0,0,0,"- ","- ",35.038089752197266,-120.48589324951172,"SAN LUIS OBISPO",UNINCORPORATED,-120.48588562011719,35.038093566894531