CASE_ID,ACCIDENT_YEAR,PROC_DATE,JURIS,COLLISION_DATE,COLLISION_TIME,OFFICER_ID,REPORTING_DISTRICT,DAY_OF_WEEK,CHP_SHIFT,POPULATION,CNTY_CITY_LOC,SPECIAL_COND,BEAT_TYPE,CHP_BEAT_TYPE,CITY_DIVISION_LAPD,CHP_BEAT_CLASS,BEAT_NUMBER,PRIMARY_RD,SECONDARY_RD,DISTANCE,DIRECTION,INTERSECTION,WEATHER_1,WEATHER_2,STATE_HWY_IND,CALTRANS_COUNTY,CALTRANS_DISTRICT,STATE_ROUTE,ROUTE_SUFFIX,POSTMILE_PREFIX,POSTMILE,LOCATION_TYPE,RAMP_INTERSECTION,SIDE_OF_HWY,TOW_AWAY,COLLISION_SEVERITY,NUMBER_KILLED,NUMBER_INJURED,PARTY_COUNT,PRIMARY_COLL_FACTOR,PCF_CODE_OF_VIOL,PCF_VIOL_CATEGORY,PCF_VIOLATION,PCF_VIOL_SUBSECTION,HIT_AND_RUN,TYPE_OF_COLLISION,MVIW,PED_ACTION,ROAD_SURFACE,ROAD_COND_1,ROAD_COND_2,LIGHTING,CONTROL_DEVICE,CHP_ROAD_TYPE,PEDESTRIAN_ACCIDENT,BICYCLE_ACCIDENT,MOTORCYCLE_ACCIDENT,TRUCK_ACCIDENT,NOT_PRIVATE_PROPERTY,ALCOHOL_INVOLVED,STWD_VEHTYPE_AT_FAULT,CHP_VEHTYPE_AT_FAULT,COUNT_SEVERE_INJ,COUNT_VISIBLE_INJ,COUNT_COMPLAINT_PAIN,COUNT_PED_KILLED,COUNT_PED_INJURED,COUNT_BICYCLIST_KILLED,COUNT_BICYCLIST_INJURED,COUNT_MC_KILLED,COUNT_MC_INJURED,PRIMARY_RAMP,SECONDARY_RAMP,LATITUDE,LONGITUDE,COUNTY,CITY,POINT_X,POINT_Y
90782320,2018,2018-08-01,9740,2018-07-24,1605,014622,,2,2,9,4000,0,3,5,,2,023,"AVONNE AVENUE","OTTER WAY",203.00,N,N,A,-,N,,,,,,,,,,N,3,0,1,2,A,-,09,21804,A,N,D,G,A,A,H,-,A,D,0,,Y,,,Y,,L,04,0,1,0,0,0,0,1,0,0,"- ","- ",35.614669799804688,-121.14388275146484,"SAN LUIS OBISPO",UNINCORPORATED,-121.14385223388672,35.614604949951172
90782386,2018,2018-08-01,9740,2018-07-28,1410,017426,,6,2,9,4000,0,2,4,,2,012,"G-14 (NACIMIENTO LAKE DR.)","VALLEY QUAIL PL",150.00,E,N,A,-,N,,,,,,,,,,N,4,0,3,2,A,-,03,22350,,N,C,C,A,A,H,-,A,D,0,,,,,Y,,A,01,0,0,3,0,0,0,0,0,0,"- ","- ",35.670581817626953,-120.72698974609375,"SAN LUIS OBISPO",UNINCORPORATED,-120.72697448730469,35.670547485351562
90782767,2018,2018-08-02,9745,2018-08-01,1205,017541,,3,1,9,4000,0,1,3,,2,023,SR-1,"OLD CREEK RD",30.00,S,N,A,-,Y,,,1,,,,,,,N,4,0,2,2,A,-,03,22350,,N,C,C,A,A,H,-,A,D,0,,,,,Y,,A,07,0,0,2,0,0,0,0,0,0,"- ","- ",35.428821563720703,-120.88179779052734,"SAN LUIS OBISPO",UNINCORPORATED,-120.88179016113281,35.428825378417969
90785107,2018,2018-08-06,9745,2018-08-02,1838,020211,,4,2,9,4000,0,1,2,,2,505,"US-101 SOUTHBOUND","TEFT STREET",5280.00,S,N,A,-,Y,,,101,,,,,,S,Y,3,0,3,4,A,-,07,21658,A,N,C,C,A,A,H,-,A,D,0,,,,,Y,Y,A,01,0,1,2,0,0,0,0,0,0,"- ","- ",35.026058197021484,-120.47313690185547,"SAN LUIS OBISPO",UNINCORPORATED,-120.47312164306641,35.026081085205078
9078627,2020,2020-10-02,4008,2020-03-21,1958,2032,,6,5,4,4008,0,0,0,,0,,"WEST FRONT RD","SANTA ROSA",0.00,,Y,B,-,Y,SLO,5,101,-,-,44.300,R,4,S,Y,4,0,2,1,A,-,01,23153,A,N,E,I,A,A,H,-,C,A,0,,,,,Y,Y,A,01,0,0,2,0,0,0,0,0,0,"- ",SF,35.468738555908203,-120.65411376953125,"SAN LUIS OBISPO",ATASCADERO,-120.65422821044922,35.469444274902344
9078635,2020,2020-09-30,4008,2020-03-31,1455,3114,4008,2,5,4,4008,0,0,0,,0,,"EL CAMINO REAL","MORRO RD",0.00,,Y,A,-,Y,SLO,5,41,-,-,15.960,I,5,N,N,3,0,1,2,A,-,09,21453,B,N,G,B,B,A,H,-,A,A,0,Y,,,,Y,,A,01,0,1,0,0,1,0,0,0,0,"- ","- ",35.486099243164062,-120.66484832763672,"SAN LUIS OBISPO",ATASCADERO,-120.66482543945312,35.486244201660156
90787009,2018,2018-08-08,9745,2018-08-02,1600,017097,,4,2,9,4000,0,1,2,,2,303,"US-101 SB TO AVILA BEACH DR.","AVILA BEACH DRIVE",0.00,,Y,A,-,Y,,,101,,,,R,,S,Y,2,0,2,2,A,-,09,21802,A,N,D,C,A,A,H,-,A,A,0,,,,,Y,,A,01,2,0,0,0,0,0,0,0,0,"- ","- ",35.179790496826172,-120.70043182373047,"SAN LUIS OBISPO",UNINCORPORATED,-120.70043182373047,35.179790496826172
90789981,2018,2018-08-14,9740,2018-07-26,2315,017952,,4,3,9,4000,0,3,5,,2,017,"O DONOVAN RD",SR-58,105.00,N,N,A,-,N,,,,,,,,,,Y,2,0,3,1,A,-,01,23152,A,N,E,I,A,A,B,D,D,D,0,,,,,Y,Y,A,01,1,1,1,0,0,0,0,0,0,"- ","- ",35.451869964599609,-120.47952270507812,"SAN LUIS OBISPO",UNINCORPORATED,-120.47932434082031,35.451625823974609
90791027,2018,2018-08-15,9745,2018-08-09,1643,016002,,4,2,9,4000,0,2,S,,2,054,"LOPEZ DR.","MISSION SPRINGS RD.",360.00,S,N,A,-,N,,,,,,,,,,Y,2,0,1,1,A,-,08,22107,,N,E,I,A,A,H,-,A,D,0,,,Y,,Y,,C,02,1,0,0,0,0,0,0,0,1,"- ","- ",35.165351867675781,-120.53349304199219,"SAN LUIS OBISPO",UNINCORPORATED,-120.53350830078125,35.165351867675781
90791039,2018,2018-08-15,9740,2018-07-14,1234,014662,,6,1,9,4000,0,1,3,,2,005,SR-58,"SEVEN MILE RD",6864.00,E,N,A,-,Y,,,58,,,,,,,Y,1,1,0,1,A,-,03,22350,,N,E,I,A,A,H,-,A,D,0,,,Y,,Y,,C,02,0,0,0,0,0,0,0,1,0,"- ","- ",35.337730407714844,-119.84319305419922,"SAN LUIS OBISPO",UNINCORPORATED,-119.84316253662109,35.337730407714844
90791048,2018,2018-08-15,9740,2018-08-03,1405,017952,,5,2,9,4000,0,1,3,,1,015,SR-1,"MONTERY CO. LINE",6864.00,S,N,A,-,Y,,,1,,,,,,,Y,2,0,1,1,A,-,08,22107,,N,E,I,A,A,H,-,A,D,0,,,Y,,Y,,C,02,1,0,0,0,0,0,0,0,1,"- ","- ",35.784111022949219,-121.33267974853516,"SAN LUIS OBISPO",UNINCORPORATED,-121.33264923095703,35.784168243408203
90791144,2018,2018-08-15,9745,2018-08-09,1630,017097,,4,2,4,4006,0,1,2,,2,202,"US-101 SB","LOS OSOS VALLEY RD",20.00,N,N,A,-,Y,,,101,,,,,,S,Y,4,0,2,3,A,-,03,22350,,N,C,C,A,A,H,-,A,D,0,,,,,Y,,D,23,0,0,2,0,0,0,0,0,0,"- ","- ",35.244918823242188,-120.68215179443359,"SAN LUIS OBISPO","SAN LUIS OBISPO",-120.68215942382812,35.244922637939453
90791166,2018,2018-08-15,9740,2018-08-11,1020,017426,,6,1,9,4000,0,3,5,,2,023,"SANTA RITA RD","OLD CREEK RD",7920.00,E,N,A,-,N,,,,,,,,,,N,2,0,1,1,A,-,03,22350,,N,F,A,A,A,H,-,A,D,0,,Y,,,Y,,L,04,1,0,0,0,0,0,1,0,0,"- ","- ",35.478160858154297,-120.83782958984375,"SAN LUIS OBISPO",UNINCORPORATED,-120.83782958984375,35.478160858154297
90794820,2018,2018-08-21,9740,2018-08-12,1415,020773,,7,2,3,4004,0,1,2,,2,003,"US-101 NORTHBOUND","13TH ST",20.00,S,N,A,-,Y,,,101,,,,,,N,Y,3,0,3,3,A,-,03,22350,,N,C,C,A,A,H,-,A,D,0,,,,,Y,,D,22,0,2,1,0,0,0,0,0,0,"- ","- ",35.627830505371094,-120.68641662597656,"SAN LUIS OBISPO","PASO ROBLES",-120.68645477294922,35.627826690673828
90796169,2018,2018-08-22,9745,2018-08-09,1605,017857,,4,2,9,4000,0,3,5,,2,002,"SANTA YSABEL AVE","16TH STREET",0.00,,Y,A,-,N,,,,,,,,,,N,3,0,1,2,A,-,09,21801,A,N,A,C,A,A,H,-,A,D,0,,,Y,,Y,,A,01,0,1,0,0,0,0,0,0,1,"- ","- ",35.329959869384766,-120.82540893554688,"SAN LUIS OBISPO",UNINCORPORATED,-120.825439453125,35.329971313476562
90796222,2018,2018-08-22,9745,2018-08-13,0750,016773,,1,1,2,4005,0,1,2,,2,404,"US-101 NORTHBOUND","FIVE CITIES DR",1056.00,S,N,A,-,Y,,,101,,,,,,N,Y,4,0,1,3,A,-,03,22350,,N,C,C,A,A,H,-,A,D,0,,,,,Y,,A,01,0,0,1,0,0,0,0,0,0,"- ","- ",35.138301849365234,-120.63085174560547,"SAN LUIS OBISPO","PISMO BEACH",-120.63084411621094,35.138336181640625
90796566,2018,2018-08-23,9740,2018-08-19,2336,015854,,7,3,9,4000,0,1,3,,2,010,SR-41,SR-46,14256.00,N,N,A,-,Y,,,41,,,,,,,Y,4,0,1,1,C,-,18,,,N,H,H,A,A,C,-,D,D,0,,,,Y,Y,,-,"- ",0,0,1,0,0,0,0,0,0,"- ","- ",35.762561798095703,-120.25383758544922,"SAN LUIS OBISPO",UNINCORPORATED,-120.25387573242188,35.762588500976562
90796577,2018,2018-08-23,9745,2018-08-13,0747,017541,,1,1,9,4000,0,1,2,,2,404,"US-101 NORTHBOUND","TRAFFIC WAY",2640.00,S,N,A,-,Y,,,101,,,,,,N,Y,4,0,1,2,A,-,03,22350,,N,C,C,A,A,H,-,A,D,0,,,,,Y,,D,22,0,0,1,0,0,0,0,0,0,"- ","- ",35.113670349121094,-120.56923675537109,"SAN LUIS OBISPO",UNINCORPORATED,-120.5692138671875,35.113712310791016
90796780,2018,2019-05-02,9745,2018-08-15,1015,020229,,3,1,9,4000,0,1,2,,2,505,"US-101 SOUTHBOUND","EL CAMPO RD",0.00,,Y,A,-,Y,,,101,,,,,,S,Y,4,0,2,2,A,-,09,21802,A,N,D,C,A,A,H,-,A,D,0,,,,,Y,,A,07,0,0,2,0,0,0,0,0,0,"- ","- ",35.111148834228516,-120.56365966796875,"SAN LUIS OBISPO",UNINCORPORATED,-120.56365203857422,35.111175537109375
90797674,2018,2018-08-24,9745,2018-08-20,1040,020229,,1,1,9,4000,0,2,S,,2,054,"LOPEZ DR","ORCUTT RD",528.00,S,N,A,-,N,,,,,,,,,,N,4,0,1,2,A,-,04,21703,,N,H,A,A,A,H,-,A,D,0,,Y,,,Y,,L,04,0,0,1,0,0,0,1,0,0,"- ","- ",35.174098968505859,-120.52826690673828,"SAN LUIS OBISPO",UNINCORPORATED,-120.53067016601562,35.171173095703125
90798319,2018,2018-08-27,9740,2018-08-19,1220,017426,,7,1,3,4004,0,1,3,,2,011,"SR-46 WESTBOUND","THEATRE DR.",25.00,E,N,A,-,Y,,,46,,,,,,W,Y,3,0,1,2,A,-,03,22350,,N,C,C,A,A,H,-,A,A,0,,,Y,,Y,,C,02,0,1,0,0,0,0,0,0,1,"- ","- ",35.589141845703125,-120.69953918457031,"SAN LUIS OBISPO","PASO ROBLES",-120.69950103759766,35.589061737060547
90799138,2018,2018-08-27,9745,2018-08-19,1610,017968,,7,2,9,4000,0,1,2,,2,505,"US-101 S/B","TEFFT STREET",1056.00,S,N,A,-,Y,,,101,,,,,,S,N,2,0,1,3,A,-,03,22350,,N,C,C,A,A,H,-,A,D,0,,,,,Y,,D,22,1,0,0,0,0,0,0,0,0,"- ","- ",35.027408599853516,-120.47460174560547,"SAN LUIS OBISPO",UNINCORPORATED,-120.47457885742188,35.027427673339844
90799312,2018,2018-08-27,9740,2018-08-25,1500,018995,,6,2,9,4000,0,2,4,,2,012,"NACIMIENTO LAKE DR","OAK FLAT RD",2386.00,E,N,A,-,Y,,,,,,,,,,Y,4,0,1,2,A,-,03,22350,,N,C,C,A,A,H,-,A,D,0,,,,,Y,,A,01,0,0,1,0,0,0,0,0,0,"- ","- ",35.680019378662109,-120.75079345703125,"SAN LUIS OBISPO",UNINCORPORATED,-120.73567962646484,35.676437377929688
90799341,2018,2018-08-27,9745,2018-08-20,1727,017968,,1,2,9,4000,0,1,2,,2,303,"US-101 S/B","AVILA BEACH DRIVE",45.00,S,N,A,-,Y,,,101,,,,,,S,Y,2,0,1,2,A,-,03,22350,,N,C,C,A,A,H,-,A,D,0,,,,Y,Y,,G,25,1,0,0,0,0,0,0,0,0,"- ","- ",35.179908752441406,-120.69972229003906,"SAN LUIS OBISPO",UNINCORPORATED,-120.69970703125,35.179920196533203
90799899,2018,2018-08-28,9745,2018-08-22,0640,014543,,3,1,9,4000,0,3,5,,2,002,"SEE CANYON RD","BLACK WALNUT RD",4224.00,N,N,B,-,N,,,,,,,,,,Y,3,0,1,1,A,-,01,23152,A,N,E,I,A,A,H,-,B,D,0,,,,,Y,Y,A,01,0,1,0,0,0,0,0,0,0,"- ","- ",35.235668182373047,-120.76371765136719,"SAN LUIS OBISPO",UNINCORPORATED,-120.75418853759766,35.233360290527344
90800167,2018,2018-08-28,9745,2018-08-15,1743,017857,,3,2,9,4000,0,1,3,,1,043,SR-1,"GRACIA WAY",724.00,N,N,A,-,Y,,,1,,,,,,,Y,2,0,2,2,A,-,08,22107,,N,F,A,A,A,H,-,A,D,0,,,Y,,Y,,C,02,1,1,0,0,0,0,0,0,2,"- ","- ",35.096481323242188,-120.58142852783203,"SAN LUIS OBISPO",UNINCORPORATED,-120.58147430419922,35.096477508544922
90803300,2018,2018-08-31,9740,2018-08-29,2210,014460,,3,3,3,4004,0,1,2,,2,003,"US-101 NORTHBOUND","NIBLICK RD",1367.00,N,N,A,-,Y,,,101,,,,,,N,N,4,0,1,2,A,-,07,21658,A,N,C,C,A,A,H,-,D,D,0,,,,,Y,,A,01,0,0,1,0,0,0,0,0,0,"- ","- ",35.61859130859375,-120.68630218505859,"SAN LUIS OBISPO","PASO ROBLES",-120.68635559082031,35.618614196777344
90803326,2018,2018-08-31,9745,2018-08-21,0938,015144,,2,1,9,4000,0,1,3,,1,041,SR-1,"21ST STREET",0.00,,Y,B,-,Y,,,1,,,,,,,N,3,0,1,2,A,-,09,21802,A,F,A,G,A,A,H,-,A,A,0,,Y,,,Y,,D,22,0,1,0,0,0,0,1,0,0,"- ","- ",35.098140716552734,-120.60904693603516,"SAN LUIS OBISPO",UNINCORPORATED,-120.60904693603516,35.098140716552734
90805391,2018,2018-09-04,9745,2018-09-02,0020,013531,,7,3,9,4000,0,3,5,,2,004,"BRANCH MILL RD","HUASNA RD",3168.00,W,N,A,-,N,,,,,,,,,,Y,4,0,1,1,A,-,03,22350,,N,E,I,A,A,H,-,D,D,0,,,,,Y,,A,01,0,0,1,0,0,0,0,0,0,"- ","- ",35.130470275878906,-120.54907989501953,"SAN LUIS OBISPO",UNINCORPORATED,-120.54081726074219,35.134990692138672
90805748,2018,2018-09-05,9745,2018-08-25,1230,016714,,6,1,9,4000,0,3,5,,2,002,"TURRI RD. (1900 BLOCK)","SOUTH BAY BLVD.",2640.00,S,N,A,-,N,,,,,,,,,,Y,3,0,1,1,A,-,03,22350,,N,F,A,A,A,H,-,A,D,0,,,Y,,Y,,C,02,0,1,0,0,0,0,0,0,1,"- ","- ",35.330669403076172,-120.81620025634766,"SAN LUIS OBISPO",UNINCORPORATED,-120.81710815429688,35.332084655761719
90809000,2018,2018-09-10,9750,2018-09-05,1151,016469,,3,1,9,4000,0,1,3,,1,065,SR-166,"KIRSCHENMANN RD",2112.00,E,N,A,-,Y,,,166,,,,,,,N,3,0,2,1,A,-,08,22107,,N,F,A,A,A,H,-,A,D,0,,,,,Y,,A,01,0,2,0,0,0,0,0,0,0,"- ","- ",34.934009552001953,-119.59116363525391,"SAN LUIS OBISPO",UNINCORPORATED,-119.59111022949219,34.933837890625
90810870,2018,2018-09-12,9740,2018-09-07,1742,018988,,5,2,9,4000,0,1,3,,1,015,SR-1,"ELEPHANT SEAL VISTA POINT",0.00,,Y,A,-,Y,,,1,,,,,,,Y,4,0,1,2,A,-,09,21804,A,N,D,C,A,A,H,-,A,A,0,,,,,Y,,A,01,0,0,1,0,0,0,0,0,0,"- ","- ",35.662921905517578,-121.25673675537109,"SAN LUIS OBISPO",UNINCORPORATED,-121.25663757324219,35.663105010986328
90810927,2018,2018-09-12,9740,2018-09-11,1405,018988,,2,2,9,4000,0,1,2,,2,002,"US-101 NORTHBOUND","MAIN ST",2112.00,N,N,A,-,Y,,,101,,,,,,N,Y,4,0,1,1,A,-,08,22107,,N,E,I,A,A,D,-,A,A,0,,,,,Y,,A,01,0,0,1,0,0,0,0,0,0,"- ","- ",35.571529388427734,-120.69898986816406,"SAN LUIS OBISPO",UNINCORPORATED,-120.69889068603516,35.571479797363281
90811609,2018,2018-09-12,9745,2018-09-06,1805,016002,,4,2,9,4000,0,3,5,,2,004,"BRANCH MILL RD","TANNER LN",2640.00,E,N,A,-,N,,,,,,,,,,Y,4,0,1,1,A,-,08,22107,,N,F,A,A,A,H,-,A,D,0,,,Y,,Y,,C,02,0,0,1,0,0,0,0,0,1,"- ","- ",35.130489349365234,-120.54940032958984,"SAN LUIS OBISPO",UNINCORPORATED,-120.550048828125,35.129947662353516
90812467,2018,2018-09-13,9745,2018-09-09,1935,020689,,7,2,9,4000,0,1,3,,1,043,SR-1,"NORTHVIEW AVE",106.00,S,N,A,-,Y,,,1,,,,,,,Y,3,0,1,1,A,-,08,22107,,N,F,A,A,A,H,-,D,D,0,,,,,Y,,A,01,0,1,0,0,0,0,0,0,0,"- ","- ",35.073501586914062,-120.59030151367188,"SAN LUIS OBISPO",UNINCORPORATED,-120.59034729003906,35.073520660400391
90812506,2018,2018-09-13,9745,2018-09-10,0640,017541,,1,1,9,4000,0,1,2,,2,505,"US-101 NORTHBOUND","NIPOMO CREEK",1056.00,N,N,A,-,Y,,,101,,,,,,N,N,4,0,1,2,A,-,03,22350,,N,E,J,A,A,H,-,A,D,0,,,,,Y,,A,01,0,0,1,0,0,0,0,0,0,"- ","- ",35.005420684814453,-120.44239044189453,"SAN LUIS OBISPO",UNINCORPORATED,-120.44239044189453,35.005424499511719
90812828,2018,2018-09-13,9740,2018-09-03,1625,019259,,1,2,9,4000,0,3,5,,2,018,"UNION RD","PENMAN SPRINGS RD",2640.00,E,N,A,-,N,,,,,,,,,,Y,4,0,1,1,A,-,08,22107,,N,F,A,A,A,H,-,A,D,0,,,,,Y,,D,22,0,0,1,0,0,0,0,0,0,"- ","- ",35.630210876464844,-120.60494232177734,"SAN LUIS OBISPO",UNINCORPORATED,-120.60560607910156,35.630176544189453
90813597,2018,2018-09-14,9750,2018-09-07,0918,014820,,5,1,9,4000,0,1,3,,2,061,SR-166,"TEPUSQUET RD",13728.00,W,N,A,-,Y,,,166,,,,,,,Y,4,0,1,2,A,-,05,21460,A,N,A,C,A,A,H,-,A,D,0,,,,Y,Y,,A,01,0,0,1,0,0,0,0,0,0,"- ","- ",35.028301239013672,-120.24488067626953,"SAN LUIS OBISPO",UNINCORPORATED,-120.24491882324219,35.028224945068359
90816713,2018,2018-09-19,9745,2018-09-15,1142,017144,,6,1,9,4000,0,2,4,,1,048,"AVILA BEACH DRIVE","CAVE LANDING RD",2640.00,E,N,A,-,N,,,,,,,,,,N,3,0,1,1,A,-,08,22107,,N,F,A,A,A,H,-,A,D,0,,Y,,,Y,,L,04,0,1,0,0,0,0,1,0,0,"- ","- ",35.188461303710938,-120.72241973876953,"SAN LUIS OBISPO",UNINCORPORATED,-120.72869110107422,35.181159973144531
90819505,2018,2019-09-23,9745,2018-07-29,1715,017817,,7,2,9,4000,0,1,2,,1,101,"US-101 SOUTHBOUND","RESERVOIR CANYON RD",660.00,S,N,A,-,Y,,,101,,,,,,S,Y,1,1,0,2,A,-,01,23152,G,N,C,C,A,A,H,-,A,D,0,,,,,Y,Y,D,22,0,0,0,0,0,0,0,0,0,"- ","- ",35.295490264892578,-120.63358306884766,"SAN LUIS OBISPO",UNINCORPORATED,-120.63357543945312,35.295436859130859
90820004,2018,2018-09-24,9745,2018-09-20,0806,017541,,4,1,9,4000,0,1,2,,2,505,"US-101 NORTHBOUND","LOS BERROS RD",1700.00,N,N,A,-,Y,,,101,,,,,,N,Y,4,0,1,3,A,-,03,22350,,N,C,C,A,A,H,-,A,D,0,,,,,Y,,A,01,0,0,1,0,0,0,0,0,0,"- ","- ",35.075218200683594,-120.51994323730469,"SAN LUIS OBISPO",UNINCORPORATED,-120.51992034912109,35.075248718261719
90820787,2018,2018-09-25,9740,2018-09-20,1351,014622,,4,1,4,4008,0,1,2,,2,002,"US-101 SOUTHBOUND","DEL RIO ROAD",3770.00,S,N,A,-,Y,,,101,,,,,,S,Y,3,0,2,2,A,-,07,21658,A,N,B,C,A,A,H,-,A,D,0,,,,,Y,,A,01,0,2,0,0,0,0,0,0,0,"- ","- ",35.504051208496094,-120.69242858886719,"SAN LUIS OBISPO",ATASCADERO,-120.69239044189453,35.50408935546875
90821056,2018,2018-09-25,9740,2018-09-21,1530,018988,,5,2,4,4008,0,1,2,,2,002,"US-101 NORTHBOUND","DEL RIO RD",186.00,S,N,A,-,Y,,,101,,,,,,N,Y,4,0,2,5,A,-,03,22350,,N,C,C,A,A,H,-,A,D,0,,,,,Y,,A,01,0,0,2,0,0,0,0,0,0,"- ","- ",35.512660980224609,-120.69907379150391,"SAN LUIS OBISPO",ATASCADERO,-120.69898223876953,35.512722015380859
90821521,2018,2018-09-26,9740,2018-09-15,1125,013733,,6,1,9,4000,0,1,3,,2,008,SR-46,"EAST CENTRE ST.",5280.00,E,N,A,-,Y,,,46,,,,,,,Y,4,0,1,2,A,-,09,21804,A,N,D,C,A,A,H,-,A,A,0,,,,Y,Y,,D,22,0,0,1,0,0,0,0,0,0,"- ","- ",35.675548553466797,-120.34803771972656,"SAN LUIS OBISPO",UNINCORPORATED,-120.34795379638672,35.675407409667969
90822695,2018,2018-09-27,9740,2018-09-22,1710,018069,,6,2,9,4000,0,3,5,,2,022,"ADELADIA ROAD","NACIMIENTO LAKE DRIVE",30624.00,W,N,A,-,N,,,,,,,,,,Y,2,0,1,2,A,-,08,22107,,N,B,C,A,A,H,-,A,D,0,,,Y,,Y,,C,02,1,0,0,0,0,0,0,0,1,"- ","- ",35.65032958984375,-120.80712127685547,"SAN LUIS OBISPO",UNINCORPORATED,-120.80631256103516,35.6500244140625
9082377,2020,2020-06-11,4008,2020-02-23,1418,2114,,7,5,4,4008,0,0,0,,0,,"EL CAMINO REAL","SAN JACINTO AV",580.00,N,N,A,-,N,,,,,,,,,,Y,4,0,1,1,C,-,18,,,N,E,J,A,A,H,-,A,D,0,,,,,Y,,-,"- ",0,0,1,0,0,0,0,0,0,"- ","- ",35.495361328125,-120.67964935302734,"SAN LUIS OBISPO",ATASCADERO,-120.68079376220703,35.496711730957031
90825766,2018,2018-10-01,9745,2018-09-17,0638,016773,,1,1,9,4000,0,1,3,,1,045,"SR-1 SOUTHBOUND","DIVISION STREET",1584.00,N,N,E,-,Y,,,1,,,,,,S,Y,4,0,1,2,A,-,09,21804,A,N,D,C,A,A,H,-,B,D,0,,,,Y,Y,,A,01,0,0,1,0,0,0,0,0,0,"- ","- ",34.995670318603516,-120.57060241699219,"SAN LUIS OBISPO",UNINCORPORATED,-120.57054901123047,34.995670318603516
90825864,2018,2018-10-01,9740,2018-09-27,1145,013733,,4,1,9,4000,0,3,5,,2,023,"OLD CREEK RD","SR-46 WEST",3168.00,S,N,A,-,N,,,,,,,,,,Y,4,0,1,1,A,-,08,22107,,N,E,I,A,A,H,-,A,D,0,,,,,Y,,A,07,0,0,1,0,0,0,0,0,0,"- ","- ",35.525768280029297,-120.85906219482422,"SAN LUIS OBISPO",UNINCORPORATED,-120.85842132568359,35.526153564453125
90825915,2018,2018-10-01,9745,2018-09-23,1105,017968,,7,1,9,4000,0,1,3,,1,032,"SR-227 SOUTHBOUND","BUCKLEY ROAD",0.00,,Y,A,-,Y,,,227,,,,,,S,N,3,0,1,2,A,-,08,22107,,N,H,G,A,A,H,-,A,A,0,,Y,,,Y,,A,07,0,1,0,0,0,0,1,0,0,"- ","- ",35.230789184570312,-120.62973785400391,"SAN LUIS OBISPO",UNINCORPORATED,-120.62979888916016,35.230754852294922
90827262,2018,2018-10-03,9740,2018-09-23,0710,013984,,7,1,3,4004,0,1,2,,2,003,"US-101 NORTHBOUND","SR 46 EAST",1056.00,N,N,A,-,Y,,,101,,,,,,N,Y,4,0,1,1,A,-,08,22107,,N,F,I,A,A,H,-,A,D,0,,,,,Y,Y,A,01,0,0,1,0,0,0,0,0,0,"- ","- ",35.645378112792969,-120.68675994873047,"SAN LUIS OBISPO","PASO ROBLES",-120.68662261962891,35.645458221435547
90827739,2018,2018-10-03,9745,2018-09-26,1536,017857,,3,2,9,4000,0,1,3,,2,023,"SR-1 SOUTHBOUND","WESTMONT AVENUE",0.00,,Y,A,-,Y,,,1,,,,,,S,Y,4,0,1,3,A,-,09,21801,A,N,D,C,A,A,H,-,A,D,0,,,,,Y,,A,01,0,0,1,0,0,0,0,0,0,"- ","- ",35.30133056640625,-120.6761474609375,"SAN LUIS OBISPO",UNINCORPORATED,-120.6761474609375,35.30133056640625
90832625,2018,2018-10-10,9740,2018-10-03,1939,016849,,3,2,9,4000,0,1,2,,2,001,"US-101 NORTHBOUND",SR-58,4736.00,N,N,C,-,Y,,,101,,,,,,N,Y,4,0,1,1,A,-,03,22350,,N,E,I,A,B,H,-,E,D,0,,,,,Y,,A,07,0,0,1,0,0,0,0,0,0,"- ","- ",35.395359039306641,-120.62299346923828,"SAN LUIS OBISPO",UNINCORPORATED,-120.62293243408203,35.395343780517578
90832978,2018,2018-10-10,9740,2018-10-05,1710,016849,,5,2,9,4000,0,1,3,,2,005,SR-58,"DIGGER PINES ROAD",652.00,W,N,A,-,Y,,,58,,,,,,,Y,4,0,1,1,A,-,08,22107,,N,E,J,A,A,H,-,A,D,0,,,,,Y,,A,01,0,0,1,0,0,0,0,0,0,"- ","- ",35.403640747070312,-120.57330322265625,"SAN LUIS OBISPO",UNINCORPORATED,-120.5732421875,35.403610229492188
90837556,2018,2018-10-16,9740,2018-10-11,2010,019486,,4,2,3,4004,0,1,2,,2,003,"US-101 NORTHBOUND",SR-46,528.00,N,N,A,-,Y,,,101,,,,,,N,Y,3,0,1,3,A,-,03,22350,,N,C,C,A,A,D,-,D,A,0,,,,,Y,,A,01,0,1,0,0,0,0,0,0,0,"- ","- ",35.593360900878906,-120.69538116455078,"SAN LUIS OBISPO","PASO ROBLES",-120.69526672363281,35.593360900878906