CASE_ID,ACCIDENT_YEAR,PROC_DATE,JURIS,COLLISION_DATE,COLLISION_TIME,OFFICER_ID,REPORTING_DISTRICT,DAY_OF_WEEK,CHP_SHIFT,POPULATION,CNTY_CITY_LOC,SPECIAL_COND,BEAT_TYPE,CHP_BEAT_TYPE,CITY_DIVISION_LAPD,CHP_BEAT_CLASS,BEAT_NUMBER,PRIMARY_RD,SECONDARY_RD,DISTANCE,DIRECTION,INTERSECTION,WEATHER_1,WEATHER_2,STATE_HWY_IND,CALTRANS_COUNTY,CALTRANS_DISTRICT,STATE_ROUTE,ROUTE_SUFFIX,POSTMILE_PREFIX,POSTMILE,LOCATION_TYPE,RAMP_INTERSECTION,SIDE_OF_HWY,TOW_AWAY,COLLISION_SEVERITY,NUMBER_KILLED,NUMBER_INJURED,PARTY_COUNT,PRIMARY_COLL_FACTOR,PCF_CODE_OF_VIOL,PCF_VIOL_CATEGORY,PCF_VIOLATION,PCF_VIOL_SUBSECTION,HIT_AND_RUN,TYPE_OF_COLLISION,MVIW,PED_ACTION,ROAD_SURFACE,ROAD_COND_1,ROAD_COND_2,LIGHTING,CONTROL_DEVICE,CHP_ROAD_TYPE,PEDESTRIAN_ACCIDENT,BICYCLE_ACCIDENT,MOTORCYCLE_ACCIDENT,TRUCK_ACCIDENT,NOT_PRIVATE_PROPERTY,ALCOHOL_INVOLVED,STWD_VEHTYPE_AT_FAULT,CHP_VEHTYPE_AT_FAULT,COUNT_SEVERE_INJ,COUNT_VISIBLE_INJ,COUNT_COMPLAINT_PAIN,COUNT_PED_KILLED,COUNT_PED_INJURED,COUNT_BICYCLIST_KILLED,COUNT_BICYCLIST_INJURED,COUNT_MC_KILLED,COUNT_MC_INJURED,PRIMARY_RAMP,SECONDARY_RAMP,LATITUDE,LONGITUDE,COUNTY,CITY,POINT_X,POINT_Y
90850052,2018,2018-10-31,9745,2018-10-29,0627,020211,,1,1,9,4000,0,1,2,,2,505,"US-101 NORTHBOUND","CHERRY BLOSSOM PL",528.00,S,N,A,-,Y,,,101,,,,,,N,Y,4,0,1,3,A,-,03,22350,,N,C,C,A,A,H,-,D,D,0,,,,,Y,,A,01,0,0,1,0,0,0,0,0,0,"- ","- ",35.014228820800781,-120.45877075195312,"SAN LUIS OBISPO",UNINCORPORATED,-120.45878601074219,35.014198303222656
90850727,2018,2018-11-01,9745,2018-10-19,2150,016719,,5,2,9,4000,0,1,3,,1,032,"SR-227 S/B","LOS RANCHOS ROAD",1056.00,S,N,A,-,Y,,,227,,,,,,S,Y,2,0,2,3,A,-,01,23152,A,N,A,C,A,A,H,-,D,D,0,,,,,Y,Y,A,01,1,1,0,0,0,0,0,0,0,"- ","- ",35.221511840820312,-120.62159729003906,"SAN LUIS OBISPO",UNINCORPORATED,-120.62161254882812,35.221481323242188
90851722,2018,2018-11-02,9745,2018-10-25,0650,015144,,4,1,9,4000,0,3,5,,2,004,"LA TEENA PL","NOYES RD",20.00,S,N,A,-,N,,,,,,,,,,Y,4,0,2,2,A,-,01,23152,A,N,D,C,A,A,H,-,B,A,0,,,,,Y,Y,A,01,0,0,2,0,0,0,0,0,0,"- ","- ",35.150421142578125,-120.58680725097656,"SAN LUIS OBISPO",UNINCORPORATED,-120.58678436279297,35.150444030761719
90851821,2018,2018-11-02,9745,2018-10-30,1650,017151,,2,2,9,4000,0,2,4,,1,058,"JOSHUA RD","ORCHARD RD",300.00,S,N,A,-,N,,,,,,,,,,Y,4,0,1,1,A,-,08,22107,,N,E,I,A,A,H,-,A,D,0,,,,,Y,,A,08,0,0,1,0,0,0,0,0,0,"- ","- ",35.003360748291016,-120.45616912841797,"SAN LUIS OBISPO",UNINCORPORATED,-120.45733642578125,35.003158569335938
90853927,2018,2018-11-06,9745,2018-10-30,1707,017930,,2,2,9,4000,0,2,4,,1,030,"TANK FARM RD","SANTA FE RD",1400.00,W,N,A,-,N,,,,,,,,,,Y,4,0,1,4,A,-,03,22350,,N,C,C,A,A,H,-,A,A,0,,,,,Y,,A,01,0,0,1,0,0,0,0,0,0,"- ","- ",35.246799468994141,-120.64990234375,"SAN LUIS OBISPO",UNINCORPORATED,-120.65203857421875,35.246856689453125
90854306,2018,2018-11-06,9740,2018-10-28,1250,013133,,7,1,9,4000,0,3,5,,2,019,"SOUTH EL POMAR RD","EL POMAR DR",1584.00,N,N,A,-,N,,,,,,,,,,N,2,0,1,1,A,-,08,22107,,N,F,A,A,A,H,-,A,A,0,,,Y,,Y,Y,C,02,1,0,0,0,0,0,0,0,1,"- ","- ",35.555339813232422,-120.61271667480469,"SAN LUIS OBISPO",UNINCORPORATED,-120.61148071289062,35.556739807128906
90854536,2018,2018-11-06,9740,2018-09-16,1755,018069,,7,2,9,4000,0,1,3,,2,011,SR-46,"ARBOR RD",1156.00,W,N,A,-,Y,,,46,,,,,,,Y,1,1,1,3,A,-,08,22107,,N,C,C,A,A,H,-,A,D,0,,,Y,,Y,Y,C,02,1,0,0,0,0,0,0,1,1,"- ","- ",35.581699371337891,-120.71782684326172,"SAN LUIS OBISPO",UNINCORPORATED,-120.71787261962891,35.581756591796875
90855069,2018,2018-11-07,9745,2018-11-05,1216,013531,,1,1,9,4000,0,1,2,,2,505,"US-101 NORTHBOUND","LOS BERROS ROAD",1050.00,S,N,A,-,Y,,,101,,,,,,N,Y,3,0,3,2,A,-,03,22350,,N,C,C,A,A,H,-,A,D,0,,,,,Y,,D,22,0,3,0,0,0,0,0,0,0,"- ","- ",35.069110870361328,-120.51348114013672,"SAN LUIS OBISPO",UNINCORPORATED,-120.51358795166016,35.069015502929688
90855546,2018,2018-11-07,9745,2018-11-02,1845,020689,,5,2,9,4000,0,1,2,,2,505,"US-101 NORTHBOUND","WILLOW RD",4224.00,S,N,A,-,Y,,,101,,,,,,N,Y,4,0,2,1,A,-,08,22107,,N,E,I,A,A,H,-,D,D,0,,,,,Y,,A,01,0,0,2,0,0,0,0,0,0,"- ","- ",35.04949951171875,-120.49579620361328,"SAN LUIS OBISPO",UNINCORPORATED,-120.49580383300781,35.049495697021484
90856314,2018,2018-11-08,9740,2018-10-28,1315,016816,,7,1,9,4000,0,1,2,,2,004,"US-101 SOUTHBOUND","10TH STREET",2112.00,N,N,A,-,Y,,,101,,,,,,S,Y,2,0,2,1,A,-,03,22350,,N,E,I,A,A,D,-,A,D,0,,,,Y,Y,,F,25,2,0,0,0,0,0,0,0,0,"- ","- ",35.753700256347656,-120.69969940185547,"SAN LUIS OBISPO",UNINCORPORATED,-120.69967651367188,35.753696441650391
90857124,2018,2018-11-09,9745,2018-11-06,0820,017541,,2,1,9,4000,0,1,2,,2,404,"US-101 NORTHBOUND","OAK PARK BLVD",2640.00,N,N,A,-,Y,,,,,,,,,,Y,4,0,2,2,A,-,03,22350,,N,C,C,A,A,H,-,A,D,0,,,,,Y,,A,01,0,0,2,0,0,0,0,0,0,"- ","- ",35.133098602294922,-120.61505126953125,"SAN LUIS OBISPO",UNINCORPORATED,-120.61477661132812,35.132911682128906
90857145,2018,2018-11-09,9745,2018-11-07,1745,017146,,3,2,9,4000,0,1,2,,2,505,"US-101 S/B OFFRAMP TO TEFFT ST.","TEFFT ST.",40.00,N,N,A,-,Y,,,101,,,,R,,S,N,4,0,1,3,A,-,03,22350,,N,C,C,A,A,H,-,D,A,0,,,,,Y,,D,22,0,0,1,0,0,0,0,0,0,"- ","- ",35.036609649658203,-120.4854736328125,"SAN LUIS OBISPO",UNINCORPORATED,-120.4854736328125,35.036609649658203
90859044,2018,2018-11-13,9745,2018-10-09,0635,017144,,2,1,9,4000,0,1,2,,2,505,"US-101 SOUTHBOUND","EL CAMPO RD",1385.00,S,N,B,-,Y,,,101,,,,,,S,Y,1,1,0,3,C,-,18,,,N,H,H,A,A,H,-,D,D,0,,,Y,,Y,,-,"- ",0,0,0,0,0,0,0,1,0,"- ","- ",35.109500885009766,-120.55940246582031,"SAN LUIS OBISPO",UNINCORPORATED,-120.55943298339844,35.109416961669922
90860810,2018,2018-11-15,9740,2018-11-04,2500,017952,,7,4,4,4008,0,1,2,,2,002,"US-101 SOUTHBOUND","SAN ANSELMO RD",528.00,N,N,A,-,Y,,,101,,,,,,S,N,4,0,1,1,A,-,08,22107,,N,E,I,A,A,H,-,D,D,0,,,,,Y,,A,01,0,0,1,0,0,0,0,0,0,"- ","- ",35.498008728027344,-120.68440246582031,"SAN LUIS OBISPO",ATASCADERO,-120.68447113037109,35.497905731201172
90862995,2018,2018-11-19,9740,2018-11-09,1604,016849,,5,2,9,4000,0,3,5,,2,019,"N. RIVER RD","RIVER RD",5280.00,N,N,A,-,N,,,,,,,,,,Y,3,0,3,2,A,-,09,21804,A,N,D,C,A,A,H,-,A,D,0,,,,,Y,,A,01,0,2,1,0,0,0,0,0,0,"- ","- ",35.677879333496094,-120.68598175048828,"SAN LUIS OBISPO",UNINCORPORATED,-120.68275451660156,35.750499725341797
90863937,2018,2018-11-20,9740,2018-11-14,0755,014662,,3,1,9,4000,0,1,2,,2,002,"US 101 NB TO DEL RIO RD","DEL RIO RD",10.00,S,N,A,-,Y,,,,,,,,,,N,4,0,2,2,A,-,03,22350,,N,C,C,A,A,H,-,A,A,0,,,,,Y,,A,01,0,0,2,0,0,0,0,0,0,"- ","- ",35.513351440429688,-120.69857025146484,"SAN LUIS OBISPO",UNINCORPORATED,-120.69930267333984,35.513225555419922
90863971,2018,2018-11-20,9740,2018-11-12,1030,014662,,1,1,9,4000,0,3,5,,2,017,"VAQUERO RD","EL POMAR DR",3168.00,N,N,A,-,N,,,,,,,,,,N,4,0,1,1,C,-,18,,,N,E,I,A,A,H,-,A,D,0,,,,,Y,,-,"- ",0,0,1,0,0,0,0,0,0,"- ","- ",35.566928863525391,-120.6846923828125,"SAN LUIS OBISPO",UNINCORPORATED,-120.6854248046875,35.566352844238281
90864091,2018,2018-11-20,9740,2018-11-12,1035,017952,,1,1,3,4004,0,1,2,,2,003,"US-101 N/B TO SR-46 (EAST)","SR-46 EAST",528.00,S,N,A,-,Y,,,101,,,,R,,N,N,4,0,2,2,A,-,03,22350,,N,C,C,A,A,H,-,A,D,0,,,,,Y,,A,01,0,0,2,0,0,0,0,0,0,"- ","- ",35.640640258789062,-120.68412017822266,"SAN LUIS OBISPO","PASO ROBLES",-120.68412017822266,35.640640258789062
90864142,2018,2018-11-20,9740,2018-11-11,1300,019700,,7,1,9,4000,0,3,5,,2,016,"SODA LAKE ROAD",SR166,31680.00,N,N,A,-,N,,,,,,,,,,Y,4,0,1,1,A,-,03,22350,,N,F,A,A,A,B,-,A,D,0,,,Y,,Y,,C,02,0,0,1,0,0,0,0,0,1,"- ","- ",35.024639129638672,-119.33615875244141,"SAN LUIS OBISPO",UNINCORPORATED,-119.5255126953125,35.016342163085938
90864263,2018,2018-11-20,9740,2018-11-15,1445,016849,,4,2,4,4008,0,1,2,,2,002,"US-101 NORTHBOUND","TRAFFIC WAY",727.00,S,N,A,-,Y,,,101,,,,,,N,Y,4,0,1,2,A,-,08,22107,,N,B,C,A,A,H,-,A,D,0,,,,,Y,,D,22,0,0,1,0,0,0,0,0,0,"- ","- ",35.487590789794922,-120.66874694824219,"SAN LUIS OBISPO",ATASCADERO,-120.66878509521484,35.487529754638672
90865125,2018,2018-11-21,9745,2018-11-16,1205,017144,,5,1,9,4000,0,3,5,,2,002,"FERRELL AVE","BUSH DR",575.00,N,N,A,-,N,,,,,,,,,,N,3,0,1,2,A,-,09,21804,A,N,D,C,A,A,H,-,A,D,0,,,,,Y,,A,01,0,1,0,0,0,0,0,0,0,"- ","- ",35.316501617431641,-120.83686065673828,"SAN LUIS OBISPO",UNINCORPORATED,-120.83683776855469,35.316505432128906
90867312,2018,2018-11-26,9745,2018-11-16,1726,017857,,5,2,9,4000,0,1,2,,2,202,"US-101 SOUTHBOUND","MARSH STREET",400.00,S,N,A,-,Y,,,,,,,,,,Y,4,0,3,3,A,-,03,22350,,N,C,C,A,A,H,-,E,D,0,,,,,Y,,A,01,0,0,3,0,0,0,0,0,0,"- ","- ",35.273250579833984,-120.67186737060547,"SAN LUIS OBISPO",UNINCORPORATED,-120.67182922363281,35.273380279541016
90867646,2018,2018-11-26,9740,2018-11-19,1735,014622,,1,2,4,4008,0,1,2,,2,002,"US-101 NORTHBOUND","DEL RIO ROAD",528.00,S,N,A,-,Y,,,101,,,,,,N,N,4,0,5,2,A,-,03,22350,,N,C,C,A,A,H,-,C,D,0,,,,,Y,Y,A,01,0,0,5,0,0,0,0,0,0,"- ","- ",35.512111663818359,-120.69860076904297,"SAN LUIS OBISPO",ATASCADERO,-120.69857025146484,35.512134552001953
9086774,2020,2020-07-24,4004,2020-04-13,1415,1384,,1,5,3,4004,0,0,0,,0,,"GOLDDEN HILL RD","VISTA COLIMA",234.00,N,N,A,-,N,,,,,,,,,,N,3,0,1,1,A,-,03,22350,,N,H,A,A,A,B,-,A,D,0,,,Y,,Y,,C,02,0,1,0,0,0,0,0,0,1,"- ","- ",35.628761291503906,-120.65543365478516,"SAN LUIS OBISPO","PASO ROBLES",-120.65567016601562,35.630500793457031
90868468,2018,2018-11-27,9745,2018-10-18,1725,020168,,4,2,9,4000,0,3,5,,2,005,"CAMINO CABALLO","OSAGE STREET",0.00,,Y,A,-,N,,,,,,,,,,Y,1,1,0,1,A,-,01,23152,F,N,F,A,A,A,H,-,A,A,0,,,Y,,Y,,C,02,0,0,0,0,0,0,0,1,0,"- ","- ",35.034580230712891,-120.50460052490234,"SAN LUIS OBISPO",UNINCORPORATED,-120.50425720214844,35.035060882568359
90869525,2018,2018-11-28,9740,2018-11-19,1605,018069,,1,2,9,4000,0,2,4,,2,012,"NACIMIENTO LAKE DR","CHIMNEY ROCK ROAD",2640.00,E,N,A,-,N,,,,,,,,,,Y,2,0,1,1,A,-,01,23152,A,N,F,A,A,A,H,-,A,D,0,,,,,Y,Y,A,01,1,0,0,0,0,0,0,0,0,"- ","- ",35.690139770507812,-120.78903961181641,"SAN LUIS OBISPO",UNINCORPORATED,-120.78912353515625,35.690132141113281
90873287,2018,2018-12-03,9750,2018-11-21,2005,019070,,3,2,9,4000,0,1,2,,2,111,"US-101 (NORTHBOUND)",SR-166,2112.00,S,N,C,-,Y,,,101,,,,,,,Y,3,0,1,1,A,-,08,22107,,N,E,I,A,B,H,-,C,D,0,,,,,Y,,A,01,0,1,0,0,0,0,0,0,0,"- ","- ",34.990890502929688,-120.43388366699219,"SAN LUIS OBISPO",UNINCORPORATED,-120.43378448486328,34.990901947021484
90873386,2018,2018-12-03,9740,2018-11-24,0300,016816,,6,3,9,4000,0,3,5,,2,017,"MORNINGSIDE DRIVE","CARMEL ROAD",300.00,S,N,A,-,N,,,,,,,,,,Y,4,0,1,1,A,-,01,23152,A,N,E,I,A,B,H,-,D,D,0,,,,,Y,Y,A,01,0,0,1,0,0,0,0,0,0,"- ","- ",35.424350738525391,-120.62216949462891,"SAN LUIS OBISPO",UNINCORPORATED,-120.62208557128906,35.424339294433594
90876371,2018,2018-12-05,9745,2018-11-27,0722,017541,,2,1,9,4000,0,1,2,,2,404,"US-101 NORTHBOUND","SPYGLASS DR",800.00,S,N,A,-,Y,,,101,,,,,,N,Y,4,0,3,2,A,-,03,22350,,N,C,C,A,A,H,-,A,D,0,,,,,Y,,A,01,0,0,3,0,0,0,0,0,0,"- ","- ",35.162441253662109,-120.68334197998047,"SAN LUIS OBISPO",UNINCORPORATED,-120.68334197998047,35.162441253662109
9087741,2020,2020-06-17,4001,2020-02-16,1911,P0143,463,7,5,3,4001,0,0,0,,0,OPERAT,"EL CAMINO REAL","ROBLES ST",188.00,W,N,A,-,N,,,,,,,,,,Y,4,0,1,1,A,-,03,22350,,N,E,J,A,A,H,-,D,D,0,,,,,Y,,A,01,0,0,1,0,0,0,0,0,0,"- ","- ",,,"SAN LUIS OBISPO","ARROYO GRANDE",-120.60237884521484,35.128425598144531
9087742,2020,2020-06-17,4001,2020-02-10,1104,P0144,461,1,5,3,4001,0,0,0,,0,OPERAT,"FAIR OAKS AV","WOODLAND DR",859.00,E,N,A,-,N,,,,,,,,,,Y,3,0,1,1,A,-,08,22107,,N,F,I,A,A,H,-,A,D,0,,,,,Y,,A,01,0,1,0,0,0,0,0,0,0,"- ","- ",,,"SAN LUIS OBISPO","ARROYO GRANDE",-120.58542633056641,35.112785339355469
90877601,2018,2018-12-06,9745,2018-12-02,1545,016514,,7,2,9,4000,0,3,5,,2,002,"MOUNTAIN VIEW AVE","LOS OLIVOS AVE",258.00,N,N,A,-,N,,,,,,,,,,Y,2,0,1,2,A,-,05,21650,,N,A,C,A,A,H,-,A,D,0,,,,,Y,,A,08,1,0,0,0,0,0,0,0,0,"- ","- ",35.313529968261719,-120.82441711425781,"SAN LUIS OBISPO",UNINCORPORATED,-120.82444000244141,35.313358306884766
90883293,2018,2018-12-14,9745,2018-11-10,1930,017146,,6,2,9,4000,0,2,4,,1,052,"THOMPSON AVENUE","WINEMAN ROAD",0.00,,Y,A,-,N,,,,,,,,,,Y,1,2,0,2,A,-,09,21802,A,N,D,C,A,A,H,-,D,A,0,,,Y,,Y,Y,D,22,0,0,0,0,0,0,0,2,0,"- ","- ",34.998908996582031,-120.43543243408203,"SAN LUIS OBISPO",UNINCORPORATED,-120.43543243408203,34.998939514160156
90884241,2018,2019-02-13,9745,2018-12-14,1507,017144,,5,2,9,4000,0,1,3,,1,032,"SR-227 SOUTHBOUND","LOS RANCHOS RD",600.00,N,N,B,-,Y,,,227,,,,,,S,Y,3,0,2,3,A,-,03,22350,,N,C,C,A,A,H,-,A,A,0,,,,,Y,,A,01,0,2,0,0,0,0,0,0,0,"- ","- ",35.224998474121094,-120.62624359130859,"SAN LUIS OBISPO",UNINCORPORATED,-120.62623596191406,35.225006103515625
90884544,2018,2018-12-17,9750,2018-12-15,1635,017616,,6,2,9,4000,0,1,3,,2,061,"SR-166 E/B","SUEY CREEK RD",7392.00,E,N,A,-,Y,,,166,,,,,,E,Y,3,0,1,1,A,-,08,22107,,N,E,I,A,A,H,-,B,D,0,,,,,Y,,A,01,0,1,0,0,0,0,0,0,0,"- ","- ",35.016101837158203,-120.34651947021484,"SAN LUIS OBISPO",UNINCORPORATED,-120.34654235839844,35.016029357910156
90885797,2018,2018-12-19,9740,2018-12-10,1435,018988,,1,2,9,4000,0,1,3,,2,010,SR-41,"KERN COUNTY LINE",56.00,S,N,B,-,Y,,,41,,,,,,,Y,3,0,3,3,A,-,07,21658,A,N,B,C,A,A,H,-,A,D,0,,,,Y,Y,,A,01,0,3,0,0,0,0,0,0,0,"- ","- ",35.779209136962891,-120.1947021484375,"SAN LUIS OBISPO",UNINCORPORATED,-120.19475555419922,35.779132843017578
90886390,2018,2018-12-19,9745,2018-12-07,1602,017817,,5,2,9,4000,0,1,3,,1,043,SR-1,"GRACIA WAY",150.00,S,N,A,-,Y,,,1,,,,,,,Y,3,0,1,1,A,-,03,22350,,N,E,I,A,A,H,-,A,D,0,,,Y,,Y,,C,02,0,1,0,0,0,0,0,0,1,"- ","- ",35.091869354248047,-120.58226013183594,"SAN LUIS OBISPO",UNINCORPORATED,-120.58222961425781,35.091899871826172
90886963,2018,2018-12-20,9740,2018-10-11,0445,016154,,4,3,3,4004,0,1,2,,2,003,"US-101 SOUTHBOUND","13TH ST",254.00,N,N,B,-,Y,,,101,,,,,,S,N,1,1,0,2,A,-,17,21461,,F,G,B,E,A,H,-,D,D,0,Y,,,,Y,,N,60,0,0,0,1,0,0,0,0,0,"- ","- ",35.628940582275391,-120.68681335449219,"SAN LUIS OBISPO","PASO ROBLES",-120.68679809570312,35.628940582275391
90887199,2018,2019-01-04,9740,2018-11-20,1805,016154,,2,2,9,4000,0,1,3,,2,008,"SR-46 W/B","LUCY BROWN RD.",3960.00,E,N,B,-,Y,,,46,,,,,,W,Y,1,1,7,1,A,-,08,22107,,N,F,A,A,A,D,-,D,C,0,,,,,Y,,A,07,1,6,0,0,0,0,0,0,0,"- ","- ",35.677680969238281,-120.34410095214844,"SAN LUIS OBISPO",UNINCORPORATED,-120.34413909912109,35.677738189697266
90889451,2018,2018-12-24,9740,2018-12-20,1330,018069,,4,1,3,4004,0,1,2,,2,003,"US-101 NORTHBOUND",SR-46,2429.00,N,N,B,-,Y,,,101,,,,,,N,Y,4,0,1,2,A,-,07,21658,A,N,C,C,A,A,H,-,A,D,0,,,,,Y,,A,01,0,0,1,0,0,0,0,0,0,"- ","- ",35.596031188964844,-120.69515228271484,"SAN LUIS OBISPO","PASO ROBLES",-120.69513702392578,35.596027374267578
90893050,2018,2018-12-28,9740,2018-12-23,1238,013984,,7,1,9,4000,0,3,5,,2,018,"GENESEO ROAD","MOON VALLEY RD",500.00,N,N,A,-,N,,,,,,,,,,Y,3,0,1,1,A,-,08,22107,,N,E,I,A,A,H,-,A,D,0,,,,,Y,,A,07,0,1,0,0,0,0,0,0,0,"- ","- ",35.629650115966797,-120.55615234375,"SAN LUIS OBISPO",UNINCORPORATED,-120.55587768554688,35.629611968994141
90896756,2019,2019-01-03,9745,2019-01-03,0105,016390,,4,3,9,4000,0,1,2,,2,505,"US-101 S/B","LOS BERROS RD.",20.00,N,N,A,-,Y,,,101,,,,,,S,Y,3,0,1,1,A,-,08,22107,,N,E,I,A,A,H,-,D,D,0,,,,,Y,,A,01,0,1,0,0,0,0,0,0,0,"- ","- ",35.071990966796875,-120.51650238037109,"SAN LUIS OBISPO",UNINCORPORATED,-120.51654052734375,35.071945190429688
90898862,2019,2019-01-07,9745,2019-01-03,1630,019809,,4,2,3,4001,0,1,2,,2,402,"US 101 N/B TO GRAND AVE","GRAND AVE",25.00,S,N,A,-,Y,,,,,,,,,,Y,4,0,1,2,A,-,03,22350,,N,C,C,A,A,H,-,A,A,0,,,,,Y,,D,22,0,0,1,0,0,0,0,0,0,"- ","- ",35.121570587158203,-120.58264923095703,"SAN LUIS OBISPO","ARROYO GRANDE",-120.65328979492188,35.291801452636719
90898923,2019,2019-01-07,9745,2019-01-06,2255,017144,,7,3,9,4000,0,1,2,,1,101,"US-101 NORTHBOUND",SR-58,2400.00,S,N,C,-,Y,,,101,,,,,,N,Y,3,0,1,1,A,-,08,22107,,N,E,I,A,B,H,-,D,D,0,,,,,Y,,A,07,0,1,0,0,0,0,0,0,0,"- ","- ",35.377971649169922,-120.63507843017578,"SAN LUIS OBISPO",UNINCORPORATED,-120.63504791259766,35.377944946289062
90899747,2018,2019-01-08,9740,2018-12-30,1943,020773,,7,2,4,4008,0,1,2,,2,002,"US-101 SOUTHBOUND","SAN RAMON RD",500.00,N,N,A,-,Y,,,101,,,,,,S,Y,3,0,1,1,A,-,08,22107,,N,E,I,A,A,H,-,D,D,0,,,,,Y,,A,07,0,1,0,0,0,0,0,0,0,"- ","- ",35.527400970458984,-120.70497894287109,"SAN LUIS OBISPO",ATASCADERO,-120.70515441894531,35.527271270751953
90899984,2019,2019-01-08,9740,2019-01-03,1530,016154,,4,2,9,4000,0,3,5,,2,023,"OLD CREEK RD",SR-46,5500.00,S,N,A,-,N,,,,,,,,,,Y,3,0,1,1,A,-,08,22107,,N,F,A,A,A,H,-,A,D,0,,,Y,,Y,,C,02,0,1,0,0,0,0,0,0,1,"- ","- ",35.521041870117188,-120.85494995117188,"SAN LUIS OBISPO",UNINCORPORATED,-120.85498809814453,35.521072387695312
90900713,2019,2019-01-09,9740,2019-01-06,1713,016849,,7,2,9,4000,0,1,2,,2,001,"US-101 NORTHBOUND",SR-58,4045.00,N,N,C,-,Y,,,101,,,,,,N,Y,4,0,2,2,A,-,03,22350,,N,E,I,A,B,H,-,D,D,0,,,,,Y,,A,01,0,0,2,0,0,0,0,0,0,"- ","- ",35.393260955810547,-120.62389373779297,"SAN LUIS OBISPO",UNINCORPORATED,-120.62384796142578,35.393234252929688
90901156,2019,2019-01-09,9745,2019-01-01,1225,015144,,2,1,9,4000,0,3,5,,2,004,"PIER AVE","AIR PARK DR",168.00,E,N,A,-,N,,,,,,,,,,N,3,0,1,2,A,-,21,22106,,N,G,B,D,A,H,-,A,D,0,Y,,,,Y,,A,01,0,1,0,0,1,0,0,0,0,"- ","- ",35.106239318847656,-120.62690734863281,"SAN LUIS OBISPO",UNINCORPORATED,-120.62701416015625,35.106231689453125
90902501,2019,2019-01-11,9745,2019-01-10,0553,016714,,4,3,9,4000,0,2,4,,1,052,"THOMPSON AVE.",SR-166,0.00,,Y,E,-,N,,,,,,,,,,Y,4,0,1,1,A,-,03,22350,,N,E,I,A,B,H,-,D,A,0,,,,,Y,,A,01,0,0,1,0,0,0,0,0,0,"- ","- ",34.996219635009766,-120.43393707275391,"SAN LUIS OBISPO",UNINCORPORATED,-120.43401336669922,34.996368408203125
90904167,2019,2019-01-14,9740,2019-01-11,1023,010820,,5,1,4,4008,0,1,2,,2,001,"U.S.101 (N/B)","SANTA ROSA STREET O/C",900.00,S,N,B,-,Y,,,,,,,,,,Y,4,0,1,2,A,-,03,22350,,N,C,C,A,A,D,-,A,A,0,,,,,Y,,A,01,0,0,1,0,0,0,0,0,0,"- ","- ",35.46234130859375,-120.64804840087891,"SAN LUIS OBISPO",ATASCADERO,-120.64978790283203,35.463790893554688
90904186,2019,2019-01-14,9745,2019-01-03,1050,015144,,4,1,9,4000,0,1,3,,1,043,SR-1,"FOWLER LN",0.00,,Y,A,-,Y,,,1,,,,,,,Y,2,0,1,2,A,-,01,23152,A,N,B,C,A,A,H,-,A,A,0,,,,,Y,Y,A,01,1,0,0,0,0,0,0,0,0,"- ","- ",35.067848205566406,-120.59414672851562,"SAN LUIS OBISPO",UNINCORPORATED,-120.59417724609375,35.06787109375
90904934,2019,2019-01-15,9745,2019-01-07,0925,017968,,1,1,9,4000,0,3,5,,2,002,"SANTA YSABEL AVENUE","12TH STREET",25.00,E,N,B,-,N,,,,,,,,,,Y,3,0,1,3,A,-,03,22350,,N,C,C,A,B,H,-,A,D,0,,,,,Y,,A,01,0,1,0,0,0,0,0,0,0,"- ","- ",35.330009460449219,-120.82968139648438,"SAN LUIS OBISPO",UNINCORPORATED,-120.82981872558594,35.329959869384766
90904950,2019,2019-01-15,9745,2019-01-14,1710,017146,,1,2,9,4000,0,2,4,,1,055,"TEFFT ST.","THOMPSON AVE",8.00,W,N,C,-,N,,,,,,,,,,N,4,0,1,2,A,-,03,22350,,N,C,C,A,B,H,-,C,A,0,,,,,Y,,D,22,0,0,1,0,0,0,0,0,0,"- ","- ",35.042911529541016,-120.47605895996094,"SAN LUIS OBISPO",UNINCORPORATED,-120.47606658935547,35.042884826660156
90905720,2019,2019-01-16,9745,2019-01-09,1435,017857,,3,2,9,4000,0,1,2,,1,101,"US-101 NORTHBOUND","TASSAJARA CREEK ROAD",2112.00,S,N,C,-,Y,,,101,,,,,,N,Y,4,0,1,1,A,-,08,22107,,N,E,I,A,B,H,-,A,D,0,,,,,Y,,A,07,0,0,1,0,0,0,0,0,0,"- ","- ",35.364818572998047,-120.63845825195312,"SAN LUIS OBISPO",UNINCORPORATED,-120.63851928710938,35.364791870117188