CASE_ID,ACCIDENT_YEAR,PROC_DATE,JURIS,COLLISION_DATE,COLLISION_TIME,OFFICER_ID,REPORTING_DISTRICT,DAY_OF_WEEK,CHP_SHIFT,POPULATION,CNTY_CITY_LOC,SPECIAL_COND,BEAT_TYPE,CHP_BEAT_TYPE,CITY_DIVISION_LAPD,CHP_BEAT_CLASS,BEAT_NUMBER,PRIMARY_RD,SECONDARY_RD,DISTANCE,DIRECTION,INTERSECTION,WEATHER_1,WEATHER_2,STATE_HWY_IND,CALTRANS_COUNTY,CALTRANS_DISTRICT,STATE_ROUTE,ROUTE_SUFFIX,POSTMILE_PREFIX,POSTMILE,LOCATION_TYPE,RAMP_INTERSECTION,SIDE_OF_HWY,TOW_AWAY,COLLISION_SEVERITY,NUMBER_KILLED,NUMBER_INJURED,PARTY_COUNT,PRIMARY_COLL_FACTOR,PCF_CODE_OF_VIOL,PCF_VIOL_CATEGORY,PCF_VIOLATION,PCF_VIOL_SUBSECTION,HIT_AND_RUN,TYPE_OF_COLLISION,MVIW,PED_ACTION,ROAD_SURFACE,ROAD_COND_1,ROAD_COND_2,LIGHTING,CONTROL_DEVICE,CHP_ROAD_TYPE,PEDESTRIAN_ACCIDENT,BICYCLE_ACCIDENT,MOTORCYCLE_ACCIDENT,TRUCK_ACCIDENT,NOT_PRIVATE_PROPERTY,ALCOHOL_INVOLVED,STWD_VEHTYPE_AT_FAULT,CHP_VEHTYPE_AT_FAULT,COUNT_SEVERE_INJ,COUNT_VISIBLE_INJ,COUNT_COMPLAINT_PAIN,COUNT_PED_KILLED,COUNT_PED_INJURED,COUNT_BICYCLIST_KILLED,COUNT_BICYCLIST_INJURED,COUNT_MC_KILLED,COUNT_MC_INJURED,PRIMARY_RAMP,SECONDARY_RAMP,LATITUDE,LONGITUDE,COUNTY,CITY,POINT_X,POINT_Y
90906869,2019,2019-01-17,9745,2019-01-16,1755,018253,,3,2,9,4000,0,1,3,,1,045,SR-1,"HILLVIEW PL",0.00,,Y,A,-,Y,,,1,,,,,,,Y,3,0,3,2,A,-,09,21802,A,N,D,C,A,B,H,-,D,A,0,,,,,Y,,A,07,0,1,2,0,0,0,0,0,0,"- ","- ",35.041938781738281,-120.56800079345703,"SAN LUIS OBISPO",UNINCORPORATED,-120.56807708740234,35.041938781738281
90907814,2019,2019-01-21,9740,2019-01-17,1801,019700,,4,2,3,4004,0,1,2,,2,003,"SR46 WEST ON RAMP TO US-101 NORTHBOUND","SR-46 W/B",642.00,N,N,A,-,Y,,,46,,,,R,,,Y,3,0,1,3,A,-,01,23152,A,N,C,C,A,A,H,-,C,D,0,,,,Y,Y,Y,A,01,0,1,0,0,0,0,0,0,0,"- ","- ",35.591159820556641,-120.69518280029297,"SAN LUIS OBISPO","PASO ROBLES",-120.69518280029297,35.591159820556641
90908015,2019,2019-01-21,9740,2019-01-13,2500,018988,,7,4,9,4000,0,3,5,,2,019,"JARDINE RD","DRY CREEK RD",0.00,,Y,A,-,N,,,,,,,,,,Y,3,0,1,1,A,-,03,22350,,M,E,I,A,A,H,-,D,D,0,,,,,Y,,A,01,0,1,0,0,0,0,0,0,0,"- ","- ",35.659488677978516,-120.60559844970703,"SAN LUIS OBISPO",UNINCORPORATED,-120.60562133789062,35.659530639648438
90914028,2018,2019-01-28,9750,2018-12-12,0150,020511,,3,3,9,4000,0,1,3,,1,063,SR-166,"COTTONWOOD CANYON RD",19536.00,W,N,A,-,Y,,,166,,,,,,,Y,1,1,0,2,A,-,08,22107,,N,A,C,A,A,H,-,D,D,0,,,,Y,Y,,D,22,0,0,0,0,0,0,0,0,0,"- ","- ",35.054840087890625,-119.91539764404297,"SAN LUIS OBISPO",UNINCORPORATED,-119.91541290283203,35.054813385009766
90914234,2019,2019-01-28,9740,2019-01-27,0420,018988,,7,3,9,4000,0,1,3,,2,005,SR-58,"WILHELMINA AVE",749.00,W,N,A,-,Y,,,58,,,,,,,Y,4,0,1,1,C,-,18,,,N,H,H,A,A,H,-,D,D,0,,,,,Y,,-,"- ",0,0,1,0,0,0,0,0,0,"- ","- ",35.385410308837891,-120.61942291259766,"SAN LUIS OBISPO",UNINCORPORATED,-120.61940002441406,35.385364532470703
90918414,2019,2019-02-04,9740,2019-02-02,1335,016849,,6,1,4,4008,0,1,2,,2,002,"US-101 SOUTHBOUND","TRAFFIC WAY",45.00,N,N,B,-,Y,,,101,,,,,,S,Y,2,0,1,1,A,-,03,22350,,N,E,I,A,B,H,-,A,D,0,,,,,Y,,A,01,1,0,0,0,0,0,0,0,0,"- ","- ",35.488609313964844,-120.67120361328125,"SAN LUIS OBISPO",ATASCADERO,-120.67117309570312,35.488655090332031
90919653,2019,2019-02-05,9745,2019-01-26,2110,017151,,6,2,9,4000,0,2,4,,1,052,"THOMPSON AVE","WILLOW RD.",1056.00,S,N,A,-,N,,,,,,,,,,Y,3,0,1,1,A,-,08,22107,,N,F,A,A,A,H,-,D,D,0,,,,,Y,,A,07,0,1,0,0,0,0,0,0,0,"- ","- ",35.055999755859375,-120.49040222167969,"SAN LUIS OBISPO",UNINCORPORATED,-120.49172973632812,35.057319641113281
90920583,2019,2019-02-06,9740,2019-02-03,0910,019259,,7,1,9,4000,0,2,4,,2,012,"NACIMIENTO LAKE DRIVE","MUSTANG SPRINGS RD",100.00,E,N,C,-,N,,,,,,,,,,N,2,0,1,2,A,-,05,21460,A,N,B,C,A,B,H,-,A,D,0,,,Y,,Y,,C,02,1,0,0,0,0,0,0,0,1,"- ","- ",35.643821716308594,-120.70326232910156,"SAN LUIS OBISPO",UNINCORPORATED,-120.70323181152344,35.643760681152344
90921465,2019,2019-02-07,9745,2019-02-05,1540,017097,,2,2,9,4000,0,1,3,,2,023,"SR-1 NB","KANSAS AVE",20.00,S,N,B,-,Y,,,1,,,,,,N,Y,4,0,2,2,A,-,03,22350,,N,C,C,A,B,H,-,A,A,0,,,,,Y,,A,01,0,0,2,0,0,0,0,0,0,"- ","- ",35.321010589599609,-120.71640014648438,"SAN LUIS OBISPO",UNINCORPORATED,-120.71639251708984,35.321037292480469
90923127,2019,2019-02-11,9740,2019-01-24,1223,010820,,4,1,4,4008,0,1,2,,2,001,"U.S. 101 (S/B)","SANTA BARBARA ROAD",13200.00,S,N,A,-,Y,,,,,,,,,,Y,2,0,1,1,A,-,03,22350,,N,E,I,A,A,H,-,A,A,0,,,,,Y,,A,01,1,0,0,0,0,0,0,0,0,"- ","- ",35.413169860839844,-120.62674713134766,"SAN LUIS OBISPO",ATASCADERO,-120.62609100341797,35.408958435058594
90923420,2019,2019-02-11,9740,2019-01-24,2026,019486,,4,2,9,4000,0,3,5,,2,021,"OAK VIEW RD","VINEYARD DR",2112.00,S,N,A,-,N,,,,,,,,,,Y,3,0,2,1,A,-,01,23152,A,N,E,I,A,A,H,-,D,D,0,,,,,Y,Y,A,07,0,2,0,0,0,0,0,0,0,"- ","- ",35.548881530761719,-120.75538635253906,"SAN LUIS OBISPO",UNINCORPORATED,-120.75540924072266,35.54949951171875
90924413,2019,2019-02-12,9745,2019-02-08,1930,017097,,5,2,9,4000,0,1,2,,2,303,"US-101 SB","HIGUERA ST.",250.00,S,N,B,C,Y,,,101,,,,,,S,Y,4,0,1,1,A,-,03,22350,,N,F,A,A,B,H,-,C,D,0,,,,,Y,,A,01,0,0,1,0,0,0,0,0,0,"- ","- ",35.223201751708984,-120.69191741943359,"SAN LUIS OBISPO",UNINCORPORATED,-120.69180297851562,35.223167419433594
90925041,2019,2019-02-12,9740,2019-01-29,1102,010820,,2,1,9,4000,0,3,5,,2,017,"EL CAMINO REAL","CARMEL ROAD",1106.00,N,N,A,-,N,,,,,,,,,,Y,2,0,3,2,A,-,03,22350,,N,C,C,A,A,H,-,A,A,0,,,,,Y,,A,01,2,1,0,0,0,0,0,0,0,"- ","- ",35.434291839599609,-120.61804962158203,"SAN LUIS OBISPO",UNINCORPORATED,-120.61762237548828,35.434272766113281
90925886,2019,2019-02-13,9745,2019-02-06,1636,020226,,3,2,9,4000,0,1,2,,2,505,"US-101 NORTHBOUND","HEMI ROAD",0.00,,Y,A,-,Y,,,101,,,,,,N,Y,4,0,1,2,A,-,09,21804,A,N,D,C,A,A,H,-,A,D,0,,,,,Y,,A,01,0,0,1,0,0,0,0,0,0,"- ","- ",35.084320068359375,-120.53041076660156,"SAN LUIS OBISPO",UNINCORPORATED,-120.53034973144531,35.084377288818359
90926670,2019,2019-02-14,9740,2019-02-12,1740,018988,,2,2,9,4000,0,1,2,,2,002,"US-101 NORTHBOUND","SAN RAMON RD",1056.00,N,N,B,-,Y,,,101,,,,,,N,N,4,0,1,2,A,-,03,22350,,N,C,C,A,A,H,-,D,D,0,,,,,Y,,A,01,0,0,1,0,0,0,0,0,0,"- ","- ",35.529319763183594,-120.70697784423828,"SAN LUIS OBISPO",UNINCORPORATED,-120.70695495605469,35.529346466064453
90926897,2019,2019-03-27,9745,2019-02-08,1250,015144,,5,1,2,4005,0,1,2,,2,404,"US-101 SOUTHBOUND","SPYGLASS DR",1584.00,S,N,A,-,Y,,,101,,,,,,S,Y,4,0,1,3,A,-,01,23152,F,N,E,I,A,A,H,-,A,A,0,,,,,Y,,A,07,0,0,1,0,0,0,0,0,0,"- ","- ",35.162021636962891,-120.68295288085938,"SAN LUIS OBISPO","PISMO BEACH",-120.68292236328125,35.162094116210938
90927862,2019,2019-02-18,9740,2019-02-10,1025,019259,,7,1,9,4000,0,2,4,,2,012,"NACIMIENTO LAKE DR","FRAZIER ROAD",4224.00,W,N,C,-,N,,,,,,,,,,Y,4,0,1,1,A,-,03,22350,,N,E,I,A,B,H,-,A,D,0,,,,,Y,,D,22,0,0,1,0,0,0,0,0,0,"- ","- ",35.711139678955078,-120.8350830078125,"SAN LUIS OBISPO",UNINCORPORATED,-120.83536529541016,35.711284637451172
9092857,2020,2020-07-02,4001,2020-03-05,1508,P0144,461,4,5,3,4001,0,0,0,,0,OPERAT,"VALLEY RD","FAIR OAKS AV",929.00,S,N,A,-,N,,,,,,,,,,Y,4,0,2,2,A,-,09,21804,A,N,D,C,A,A,H,-,A,A,0,,,,,Y,,A,01,0,0,2,0,0,0,0,0,0,"- ","- ",,,"SAN LUIS OBISPO","ARROYO GRANDE",-120.58097839355469,35.114200592041016
90929396,2019,2019-02-19,9740,2019-02-09,0500,017952,,6,3,9,4000,0,3,5,,2,023,"AVONNE AVE.","OTTER WAY",1584.00,S,N,C,-,N,,,,,,,,,,Y,4,0,1,1,A,-,03,22350,,M,E,I,A,B,H,-,D,D,0,,,,,Y,Y,D,22,0,0,1,0,0,0,0,0,0,"- ","- ",35.611351013183594,-121.14021301269531,"SAN LUIS OBISPO",UNINCORPORATED,-121.14018249511719,35.611461639404297
90929439,2019,2019-02-19,9740,2019-02-08,1248,010820,,5,1,9,4000,0,1,2,,2,001,"U.S. 101 (N/B)",SR-58,3168.00,N,N,A,-,Y,,,,,,,,,,Y,4,0,1,1,A,-,03,22350,,N,E,I,A,A,H,-,A,A,0,,,,,Y,,A,01,0,0,1,0,0,0,0,0,0,"- ","- ",35.391059875488281,-120.62519073486328,"SAN LUIS OBISPO",UNINCORPORATED,,
90929459,2019,2019-02-19,9740,2019-02-13,1305,017426,,3,1,9,4000,0,3,5,,2,019,"L ST.","10TH ST.",0.00,,Y,B,-,N,,,,,,,,,,Y,4,0,1,2,A,-,12,22450,A,N,D,C,A,B,H,-,A,A,0,,,,,Y,,A,01,0,0,1,0,0,0,0,0,0,"- ","- ",35.747730255126953,-120.69834136962891,"SAN LUIS OBISPO",UNINCORPORATED,-120.69828796386719,35.747730255126953
90932559,2019,2019-02-25,9740,2019-02-18,1543,014622,,1,2,9,4000,0,1,3,,1,014,"SR-1 SOUTHBOUND","ARDATH DRIVE",1056.00,S,N,B,-,Y,,,1,,,,,,S,N,2,0,1,1,A,-,08,22107,,N,F,A,A,A,H,-,A,D,0,,Y,,,Y,,L,04,1,0,0,0,0,0,1,0,0,"- ","- ",35.548629760742188,-121.06867218017578,"SAN LUIS OBISPO",UNINCORPORATED,-121.06865692138672,35.548641204833984
90933496,2019,2019-02-25,9740,2019-02-17,1620,016816,,7,2,9,4000,0,1,2,,2,004,"US-101 SOUTHBOUND","WELLSONA ROAD",0.00,,Y,B,F,Y,,,101,,,,,,S,Y,2,0,2,2,A,-,09,21802,A,N,D,C,A,C,H,-,A,A,0,,,,,Y,,A,08,1,0,1,0,0,0,0,0,0,"- ","- ",35.696060180664062,-120.69676208496094,"SAN LUIS OBISPO",UNINCORPORATED,-120.69679260253906,35.696060180664062
90933574,2019,2019-02-25,9740,2019-02-18,1420,016816,,1,2,9,4000,0,3,5,,2,022,"CYPRESS MOUNTAIN ROAD","CHIMNEY ROCK ROAD",5280.00,S,N,A,-,N,,,,,,,,,,Y,3,0,1,1,A,-,03,22350,,N,E,I,A,A,H,-,A,D,0,,,,,Y,,D,22,0,1,0,0,0,0,0,0,0,"- ","- ",35.643878936767578,-120.92166137695312,"SAN LUIS OBISPO",UNINCORPORATED,-120.9207763671875,35.644901275634766
90933946,2019,2019-02-26,9740,2019-02-14,0657,010820,,4,1,4,4008,0,1,2,,2,002,"US-101 SOUTHBOUND","TRAFFIC WAY",315.00,N,N,C,-,Y,,,101,,,,,,S,Y,4,0,1,1,A,-,03,22350,,N,E,I,A,B,H,-,A,A,0,,,,,Y,,A,01,0,0,1,0,0,0,0,0,0,"- ","- ",35.489051818847656,-120.67191314697266,"SAN LUIS OBISPO",ATASCADERO,-120.67189025878906,35.489078521728516
90935493,2019,2019-02-27,9745,2019-02-21,1740,017930,,4,2,9,4000,0,1,2,,2,505,"US-101 NORTHBOUND","TEFFT ST.",200.00,N,N,B,D,Y,,,101,,,,,,N,N,4,0,1,2,A,-,03,22350,,N,C,C,A,C,H,-,B,D,0,,,,,Y,,A,07,0,0,1,0,0,0,0,0,0,"- ","- ",35.037399291992188,-120.48490142822266,"SAN LUIS OBISPO",UNINCORPORATED,-120.48493194580078,35.037368774414062
90935835,2019,2019-02-28,9740,2019-02-23,1535,018069,,6,2,9,4000,0,1,3,,2,007,"RAMADA DRIVE","MARQUITA AVENUE",0.00,,Y,A,-,N,,,,,,,,,,Y,4,0,1,3,A,-,09,21801,A,N,D,C,A,A,H,-,A,D,0,,,,,Y,,A,01,0,0,1,0,0,0,0,0,0,"- ","- ",35.575248718261719,-120.6971435546875,"SAN LUIS OBISPO",UNINCORPORATED,-120.69722747802734,35.575260162353516
9093606,2020,2020-09-24,4006,2020-03-03,0854,14713,,2,5,4,4006,0,0,0,,0,,"FOOTHILL BL","CASA ST",12.00,W,N,A,-,N,,,,,,,,,,Y,3,0,1,2,A,-,09,21802,A,N,A,C,A,A,H,-,A,D,0,,,,,Y,,A,01,0,1,0,0,0,0,0,0,0,"- ","- ",35.294239044189453,-120.66586303710938,"SAN LUIS OBISPO","SAN LUIS OBISPO",-120.66587066650391,35.294300079345703
90938038,2019,2019-03-01,9745,2019-02-28,0856,020211,,4,1,2,4005,0,1,2,,2,404,"US-101 NORTHBOUND","MATTIE RD",1200.00,S,N,A,-,Y,,,101,,,,,,N,Y,3,0,1,3,A,-,03,22350,,N,C,C,A,A,H,-,A,D,0,,,,,Y,,A,01,0,1,0,0,0,0,0,0,0,"- ","- ",35.149959564208984,-120.65088653564453,"SAN LUIS OBISPO","PISMO BEACH",-120.65088653564453,35.14996337890625
90938967,2019,2019-03-04,9745,2019-02-21,1456,017857,,4,2,9,4000,0,2,4,,1,055,"FRONTAGE ROAD","TEFFT STREET",0.00,,Y,A,-,N,,,,,,,,,,Y,4,0,4,2,A,-,12,21453,A,N,D,C,A,A,H,-,A,A,0,,,,,Y,,A,01,0,0,4,0,0,0,0,0,0,"- ","- ",35.036510467529297,-120.48533630371094,"SAN LUIS OBISPO",UNINCORPORATED,-120.48525238037109,35.0364990234375
90940214,2019,2019-03-05,9740,2019-03-01,1425,016816,,5,2,9,4000,0,2,4,,2,012,"NACIMIENTO LAKE DR","FRAZIER RD",1056.00,S,N,C,-,Y,,,,,,,,,,Y,4,0,1,1,A,-,03,22350,,N,E,I,A,B,H,-,A,D,0,,,,,Y,,A,01,0,0,1,0,0,0,0,0,0,"- ","- ",35.705520629882812,-120.81794738769531,"SAN LUIS OBISPO",UNINCORPORATED,-120.81953430175781,35.707023620605469
90941487,2019,2019-03-07,9745,2019-02-27,1615,017817,,3,2,9,4000,0,3,5,,2,003,"SAN LUIS BAY DR.","ONTARIO RD.",0.00,,Y,B,C,N,,,,,,,,,,Y,4,0,1,3,A,-,09,21801,A,N,A,C,A,B,H,-,A,D,0,,,,,Y,,A,01,0,0,1,0,0,0,0,0,0,"- ","- ",35.196208953857422,-120.70037078857422,"SAN LUIS OBISPO",UNINCORPORATED,-120.70057678222656,35.196109771728516
90943328,2019,2019-03-11,9745,2019-02-22,0208,015716,,5,3,2,4005,0,1,2,,2,404,"US-101 SOUTHBOUND","AVILA BEACH DRIVE",1056.00,S,N,B,-,Y,,,101,,,,,,S,Y,3,0,1,1,A,-,01,23152,A,N,F,A,A,B,H,-,D,D,0,,,,,Y,Y,A,01,0,1,0,0,0,0,0,0,0,"- ","- ",35.174789428710938,-120.6971435546875,"SAN LUIS OBISPO","PISMO BEACH",-120.69723510742188,35.174739837646484
90943563,2019,2019-03-11,9745,2019-03-05,1147,013531,,2,1,9,4000,0,1,2,,2,505,"US-101 SOUTHBOUND","TEFFT STREET",7392.00,S,N,B,C,Y,,,101,,,,,,S,N,4,0,1,1,A,-,01,23152,F,N,E,I,A,B,H,-,A,D,0,,,,,Y,,A,07,0,0,1,0,0,0,0,0,0,"- ","- ",35.020370483398438,-120.46688842773438,"SAN LUIS OBISPO",UNINCORPORATED,-120.46691131591797,35.020343780517578
90949279,2019,2019-03-19,9745,2019-03-11,0145,017968,,1,3,2,4005,0,1,2,,2,404,"US-101 N/B","SPYGLASS DRIVE",528.00,N,N,A,-,Y,,,101,,,,,,N,Y,4,0,1,1,A,-,08,22107,,N,E,I,A,A,H,-,C,D,0,,,,,Y,,A,01,0,0,1,0,0,0,0,0,0,"- ","- ",35.168010711669922,-120.69074249267578,"SAN LUIS OBISPO","PISMO BEACH",-120.69068145751953,35.168056488037109
90949969,2019,2019-03-20,9745,2019-03-20,0745,013531,,3,1,9,4000,0,3,5,,2,005,"WILLOW ROAD","NORTH THOMPSON AVENUE",0.00,,Y,B,C,N,,,,,,,,,,N,4,0,1,2,A,-,21,22106,,N,C,C,A,B,H,-,A,D,0,,,,,Y,,D,22,0,0,1,0,0,0,0,0,0,"- ","- ",35.059310913085938,-120.494140625,"SAN LUIS OBISPO",UNINCORPORATED,-120.49407958984375,35.059478759765625
90950036,2019,2019-03-20,9745,2019-03-18,1153,013531,,1,1,3,4001,0,1,2,,2,404,"US-101 NORTHBOUND","OAK PARK BLVD.",2100.00,S,N,A,-,Y,,,101,,,,,,N,Y,4,0,1,4,A,-,03,22350,,N,C,C,A,A,H,-,A,D,0,,,,Y,Y,,A,01,0,0,1,0,0,0,0,0,0,"- ","- ",35.127689361572266,-120.59992980957031,"SAN LUIS OBISPO","ARROYO GRANDE",-120.59994506835938,35.127662658691406
90951433,2019,2019-03-22,9745,2019-03-21,1225,017817,,4,1,4,4006,0,1,2,,2,303,"US-101 SOUTHBOUND","LOS OSOS VALLEY RD.",1450.00,N,N,B,-,Y,,,101,,,,,,S,N,4,0,1,2,A,-,08,22107,,N,C,C,A,A,H,-,A,D,0,,,,,Y,,D,22,0,0,1,0,0,0,0,0,0,"- ","- ",35.254531860351562,-120.67645263671875,"SAN LUIS OBISPO","SAN LUIS OBISPO",-120.67640686035156,35.254501342773438
9095224,2020,2020-08-03,4006,2020-04-09,0910,98169,,4,5,4,4006,0,0,0,,0,,PALOMAR,"LUNETA DR",25.00,S,N,B,C,N,,,,,,,,,,N,3,0,1,2,A,-,"- ",,2,N,B,E,A,B,H,-,A,A,0,,Y,,,Y,Y,L,04,0,1,0,0,0,0,1,0,0,"- ","- ",35.2913818359375,-120.67395782470703,"SAN LUIS OBISPO","SAN LUIS OBISPO",-120.67404174804688,35.291473388671875
90952504,2019,2019-03-25,9745,2019-03-24,0508,016714,,7,3,9,4000,0,1,3,,1,011,"SR-41 (ATASCADERO RD.)","CERRO ALTO RD.",1056.00,E,N,A,-,Y,,,41,,,,,,,Y,3,0,1,1,A,-,03,22350,,N,E,I,A,A,H,-,D,D,0,,,,,Y,,A,01,0,1,0,0,0,0,0,0,0,"- ","- ",35.433391571044922,-120.75163269042969,"SAN LUIS OBISPO",UNINCORPORATED,-120.75166320800781,35.433387756347656
90953322,2019,2019-03-26,9740,2019-03-16,2310,019259,,6,3,9,4000,0,1,3,,2,005,SR-58,"LA PANZA RD",8976.00,E,N,A,-,Y,,,58,,,,,,,Y,3,0,1,1,A,-,01,23152,A,N,F,A,A,A,H,-,D,D,0,,,,,Y,Y,D,22,0,1,0,0,0,0,0,0,0,"- ","- ",35.461399078369141,-120.35122680664062,"SAN LUIS OBISPO",UNINCORPORATED,-120.35121154785156,35.461429595947266
90953419,2019,2019-03-26,9750,2019-03-18,1145,016170,,1,1,9,4000,0,1,3,,1,063,SR-166,"COTTONWOOD CANYON RD",5808.00,W,N,A,-,Y,,,166,,,,,,,N,3,0,1,2,A,-,17,23114,A,N,E,J,A,A,H,-,A,D,0,,,,Y,Y,,-,99,0,1,0,0,0,0,0,0,0,"- ","- ",35.044040679931641,-119.8936767578125,"SAN LUIS OBISPO",UNINCORPORATED,-119.89375305175781,35.043830871582031
90954047,2019,2019-03-26,9745,2019-02-16,0805,016068,,6,1,2,4005,0,1,2,,2,404,"US-101 N/B","PRICE STREET",100.00,S,N,A,-,Y,,,101,,,,,,N,Y,2,0,6,4,A,-,03,22350,,N,C,C,A,A,H,-,A,D,0,,,,,Y,,I,11,1,1,4,0,0,0,0,0,0,"- ","- ",35.151100158691406,-120.65448760986328,"SAN LUIS OBISPO","PISMO BEACH",-120.65450286865234,35.151042938232422
90959144,2019,2019-04-02,9745,2019-03-24,1125,017541,,7,1,9,4000,0,3,5,,2,002,"SAN LUIS BAY DR","US 101 NORTHBOUND TO SAN LUIS BAY DR.",0.00,,Y,A,-,N,,,,,,,,,,N,4,0,2,2,A,-,09,21802,A,N,D,G,A,A,H,-,A,A,0,,Y,,,Y,,A,01,0,0,2,0,0,0,2,0,0,"- ","- ",35.1951904296875,-120.69754028320312,"SAN LUIS OBISPO",UNINCORPORATED,-120.69922,35.196060000000003
90959199,2019,2019-04-02,9745,2019-03-26,1620,017541,,2,2,9,4000,0,1,2,,2,404,"US-101 SOUTHBOUND","TRAFFIC WAY",1000.00,S,N,A,-,Y,,,101,,,,,,S,N,4,0,1,2,A,-,03,22350,,N,C,C,A,A,H,-,A,D,0,,,,,Y,,D,22,0,0,1,0,0,0,0,0,0,"- ","- ",35.114341735839844,-120.57057189941406,"SAN LUIS OBISPO",UNINCORPORATED,-120.57061767578125,35.114269256591797
90960567,2019,2019-05-23,9750,2019-03-26,1559,017496,,2,2,9,4000,0,1,3,,2,061,SR-166,"ALAMO CREEK RD",15840.00,E,N,A,-,Y,,,166,,,,,,,Y,3,0,2,2,A,-,06,21750,A,N,B,C,A,A,H,-,A,D,0,,,,,Y,,A,01,0,2,0,0,0,0,0,0,0,"- ","- ",35.025581359863281,-120.268310546875,"SAN LUIS OBISPO",UNINCORPORATED,-120.268310546875,35.025581359863281
90960753,2019,2019-04-04,9745,2019-04-03,2235,017151,,3,3,4,4006,0,1,2,,2,202,"US-101 SOUTHBOUND TO MADONNA RD.","MADONNA RD.",150.00,E,N,A,-,Y,,,101,,,,R,,S,N,4,0,5,2,A,-,03,22350,,N,C,C,A,A,H,-,A,D,0,,,,,Y,,A,07,0,0,5,0,0,0,0,0,0,"- ","- ",35.26409912109375,-120.67520141601562,"SAN LUIS OBISPO","SAN LUIS OBISPO",-120.67520141601562,35.26409912109375
90963234,2019,2019-04-08,9745,2019-04-06,2240,019809,,6,3,9,4000,0,3,5,,2,004,"WILLOW RD",SR-1,80.00,E,N,A,-,N,,,,,,,,,,Y,2,0,2,1,A,-,01,23152,A,N,E,I,A,A,H,-,C,D,0,,,,,Y,Y,A,01,1,1,0,0,0,0,0,0,0,"- ","- ",35.047218322753906,-120.56992340087891,"SAN LUIS OBISPO",UNINCORPORATED,-120.57665252685547,35.047298431396484
90963701,2019,2019-04-08,9740,2019-04-03,2224,016849,,3,3,4,4008,0,1,2,,2,001,"US-101 NORTHBOUND",SR-41,273.00,S,N,A,-,Y,,,,,,,,,,Y,2,0,2,3,A,-,08,22107,,N,D,C,A,A,H,-,C,D,0,,,,,Y,,A,01,1,0,1,0,0,0,0,0,0,"- ","- ",35.484718322753906,-120.66809844970703,"SAN LUIS OBISPO",ATASCADERO,-120.66432189941406,35.484977722167969
90964455,2019,2019-04-09,9745,2019-03-30,0225,016390,,6,3,9,4000,0,1,3,,1,011,SR-41,"CERRO ALTO RD.",3696.00,N,N,A,-,Y,,,41,,,,,,,Y,4,0,1,1,A,-,01,23152,A,N,E,I,A,A,H,-,D,D,0,,,,,Y,Y,D,22,0,0,1,0,0,0,0,0,0,"- ","- ",35.438919067382812,-120.75396728515625,"SAN LUIS OBISPO",UNINCORPORATED,-120.75397491455078,35.438915252685547
90965226,2019,2019-04-10,9745,2019-04-05,1610,016390,,5,2,9,4000,0,1,3,,2,023,"SR-1 NORTHBOUND","S. BAY BLVD.",2130.00,S,N,A,-,Y,,,1,,,,,,N,Y,4,0,1,1,A,-,08,22107,,N,E,I,A,A,H,-,A,D,0,,,,,Y,,A,08,0,0,1,0,0,0,0,0,0,"- ","- ",35.363288879394531,-120.81623077392578,"SAN LUIS OBISPO",UNINCORPORATED,-120.81623840332031,35.363246917724609
90965324,2019,2019-04-10,9745,2019-04-05,1609,018253,,5,2,4,4006,0,1,2,,2,303,"US-101 SOUTHBOUND","LOS OSOS VALLEY ROAD",528.00,N,N,A,-,Y,,,101,,,,,,S,Y,3,0,2,3,A,-,03,22350,,N,C,C,A,A,H,-,A,D,0,,,,,Y,,A,01,0,1,1,0,0,0,0,0,0,"- ","- ",35.245460510253906,-120.68173217773438,"SAN LUIS OBISPO","SAN LUIS OBISPO",-120.68180847167969,35.245506286621094
90965963,2019,2019-04-11,9740,2019-04-04,0845,013733,,4,1,9,4000,0,1,3,,2,011,SR-46,"N. GREEN VALLEY ROAD",17952.00,E,N,B,-,Y,,,46,,,,,,,Y,3,0,1,1,A,-,01,23152,A,N,E,I,A,A,H,-,A,D,0,,,,,Y,Y,A,01,0,1,0,0,0,0,0,0,0,"- ","- ",35.54888916015625,-120.95461273193359,"SAN LUIS OBISPO",UNINCORPORATED,-120.95458984375,35.548847198486328