CASE_ID,ACCIDENT_YEAR,PROC_DATE,JURIS,COLLISION_DATE,COLLISION_TIME,OFFICER_ID,REPORTING_DISTRICT,DAY_OF_WEEK,CHP_SHIFT,POPULATION,CNTY_CITY_LOC,SPECIAL_COND,BEAT_TYPE,CHP_BEAT_TYPE,CITY_DIVISION_LAPD,CHP_BEAT_CLASS,BEAT_NUMBER,PRIMARY_RD,SECONDARY_RD,DISTANCE,DIRECTION,INTERSECTION,WEATHER_1,WEATHER_2,STATE_HWY_IND,CALTRANS_COUNTY,CALTRANS_DISTRICT,STATE_ROUTE,ROUTE_SUFFIX,POSTMILE_PREFIX,POSTMILE,LOCATION_TYPE,RAMP_INTERSECTION,SIDE_OF_HWY,TOW_AWAY,COLLISION_SEVERITY,NUMBER_KILLED,NUMBER_INJURED,PARTY_COUNT,PRIMARY_COLL_FACTOR,PCF_CODE_OF_VIOL,PCF_VIOL_CATEGORY,PCF_VIOLATION,PCF_VIOL_SUBSECTION,HIT_AND_RUN,TYPE_OF_COLLISION,MVIW,PED_ACTION,ROAD_SURFACE,ROAD_COND_1,ROAD_COND_2,LIGHTING,CONTROL_DEVICE,CHP_ROAD_TYPE,PEDESTRIAN_ACCIDENT,BICYCLE_ACCIDENT,MOTORCYCLE_ACCIDENT,TRUCK_ACCIDENT,NOT_PRIVATE_PROPERTY,ALCOHOL_INVOLVED,STWD_VEHTYPE_AT_FAULT,CHP_VEHTYPE_AT_FAULT,COUNT_SEVERE_INJ,COUNT_VISIBLE_INJ,COUNT_COMPLAINT_PAIN,COUNT_PED_KILLED,COUNT_PED_INJURED,COUNT_BICYCLIST_KILLED,COUNT_BICYCLIST_INJURED,COUNT_MC_KILLED,COUNT_MC_INJURED,PRIMARY_RAMP,SECONDARY_RAMP,LATITUDE,LONGITUDE,COUNTY,CITY,POINT_X,POINT_Y
91100956,2019,2019-10-18,9745,2019-10-12,1440,019400,,6,2,9,4000,0,2,4,,1,025,"LOS OSOS VALLEY RD","TURRI RD",3168.00,E,N,A,-,N,,,,,,,,,,Y,4,0,1,2,A,-,03,22350,,N,C,C,A,A,H,-,A,D,0,,,,,Y,,A,01,0,0,1,0,0,0,0,0,0,"- ","- ",35.296588897705078,-120.76560211181641,"SAN LUIS OBISPO",UNINCORPORATED,-120.76674652099609,35.296955108642578
91102019,2019,2019-10-21,9745,2019-10-11,2250,020773,,5,3,9,4000,0,3,5,,2,005,"SOUTH FRONTAGE RD","STORY ST",0.00,,Y,A,-,N,,,,,,,,,,Y,3,0,1,2,A,-,09,21802,A,N,D,C,A,A,H,-,C,A,0,,,Y,,Y,,A,01,0,1,0,0,0,0,0,0,1,"- ","- ",35.027240753173828,-120.4747314453125,"SAN LUIS OBISPO",UNINCORPORATED,-120.4747314453125,35.027290344238281
91103667,2019,2019-10-23,9740,2019-10-13,2240,013984,,7,3,9,4000,0,3,5,,2,018,"BITTERWATER RD",SR-46,27456.00,S,N,A,-,N,,,,,,,,,,Y,2,0,1,1,A,-,01,23152,A,N,F,I,A,A,H,-,D,D,0,,,,,Y,Y,D,22,1,0,0,0,0,0,0,0,0,"- ","- ",35.671890258789062,-120.24079895019531,"SAN LUIS OBISPO",UNINCORPORATED,-120.24066925048828,35.672069549560547
91106732,2019,2019-10-25,9740,2019-10-24,1535,016154,,4,2,9,4000,0,1,3,,2,011,SR-46,"JACK CREEK RD",2112.00,E,N,A,-,Y,,,46,,,,,,,Y,4,0,1,2,A,-,03,22350,,N,C,C,A,A,H,-,A,D,0,,,,,Y,,A,01,0,0,1,0,0,0,0,0,0,"- ","- ",35.548908233642578,-120.78575897216797,"SAN LUIS OBISPO",UNINCORPORATED,-120.78577423095703,35.548954010009766
91107108,2019,2019-10-25,9745,2019-10-20,0645,017144,,7,1,9,4000,0,2,4,,1,046,"PRICE CANYON RD","ORMONDE RD",3696.00,N,N,B,-,N,,,,,,,,,,Y,3,0,1,1,A,-,08,22107,,N,F,A,A,A,H,-,B,D,0,,,,,Y,,A,07,0,1,0,0,0,0,0,0,0,"- ","- ",35.187599182128906,-120.617919921875,"SAN LUIS OBISPO",UNINCORPORATED,-120.61777496337891,35.187885284423828
91110948,2019,2019-10-31,9745,2019-10-24,1715,016390,,4,2,9,4000,0,3,5,,2,004,"S. HALCYON ROAD","W. EL CAMPO ROAD",0.00,,Y,A,-,N,,,,,,,,,,Y,4,0,1,2,A,-,12,22450,A,N,D,C,A,A,H,-,A,A,0,,,,,Y,,A,01,0,0,1,0,0,0,0,0,0,"- ","- ",35.073871612548828,-120.57594299316406,"SAN LUIS OBISPO",UNINCORPORATED,-120.57594299316406,35.073959350585938
91111399,2019,2019-11-01,9745,2019-10-24,0858,014713,,4,1,2,4005,0,1,2,,2,404,"US-101 (NORTHBOUND)","HINDS AVE",750.00,N,N,A,-,Y,,,101,,,,,,,Y,2,0,2,3,A,-,03,22350,,N,C,C,A,A,H,-,A,D,0,,,,,Y,,A,07,1,1,0,0,0,0,0,0,0,"- ","- ",35.143028259277344,-120.64034271240234,"SAN LUIS OBISPO","PISMO BEACH",-120.64030456542969,35.14306640625
91111954,2019,2019-11-04,9740,2019-10-24,0228,019259,,4,3,4,4008,0,1,2,,2,001,"US-101 S/B FROM SR-41",SR-41,331.00,S,N,A,-,Y,,,101,,,,R,,S,Y,2,0,1,1,A,-,03,22350,,N,E,I,A,A,H,-,C,A,0,,,,,Y,,A,01,1,0,0,0,0,0,0,0,0,"- ","- ",35.484390258789062,-120.66388702392578,"SAN LUIS OBISPO",ATASCADERO,-120.66388702392578,35.484390258789062
91113130,2019,2019-11-04,9740,2019-11-02,1615,019486,,6,2,9,4000,0,3,5,,2,017,"TEMPLETON RD","SOUTH EL POMAR ROAD",1584.00,S,N,A,-,N,,,,,,,,,,Y,2,0,1,1,A,-,03,22350,,N,E,I,A,A,H,-,A,A,0,,,Y,,Y,,C,02,1,0,0,0,0,0,0,0,1,"- ","- ",35.51995849609375,-120.66072845458984,"SAN LUIS OBISPO",UNINCORPORATED,-120.66063690185547,35.519931793212891
91114690,2019,2019-11-06,9745,2019-10-30,1545,017151,,3,2,2,4005,0,1,2,,2,404,"US-101 SOUTHBOUND","PRICE ST",528.00,N,N,A,-,Y,,,101,,,,,,S,Y,4,0,1,2,A,-,03,22350,,N,C,C,A,A,H,-,A,D,0,,,,,Y,,A,01,0,0,1,0,0,0,0,0,0,"- ","- ",35.150901794433594,-120.65470123291016,"SAN LUIS OBISPO","PISMO BEACH",-120.65472412109375,35.150825500488281
91115430,2019,2019-11-07,9740,2019-11-06,0750,017426,,3,1,9,4000,0,3,5,,2,017,"EL CAMINO REAL","RANDOM OAKS DR",300.00,N,N,A,-,N,,,,,,,,,,Y,4,0,1,2,A,-,03,22350,,N,C,C,A,A,H,-,A,D,0,,,,,Y,,A,01,0,0,1,0,0,0,0,0,0,"- ","- ",35.4356689453125,-120.62071990966797,"SAN LUIS OBISPO",UNINCORPORATED,-120.62049865722656,35.435516357421875
91116242,2019,2019-11-08,9745,2019-11-02,0653,015144,,6,1,9,4000,0,1,3,,1,045,SR-1,"OSO FLACO LAKE RD",0.00,,Y,A,-,Y,,,1,,,,,,,Y,3,0,2,4,A,-,09,21802,A,N,D,C,A,A,H,-,B,A,0,,,,,Y,,A,01,0,2,0,0,0,0,0,0,0,"- ","- ",35.010761260986328,-120.56751251220703,"SAN LUIS OBISPO",UNINCORPORATED,-120.56758880615234,35.010791778564453
91117163,2019,2019-11-11,9740,2019-11-05,0434,018988,,2,3,3,4004,0,1,2,,2,003,"US-101 SOUTHBOUND","NIBLICK RD",1584.00,S,N,A,-,Y,,,101,,,,,,S,Y,3,0,1,1,A,-,08,22107,,N,E,I,A,A,H,-,D,D,0,,,,Y,Y,,G,26,0,1,0,0,0,0,0,0,0,"- ","- ",35.609970092773438,-120.69190216064453,"SAN LUIS OBISPO","PASO ROBLES",-120.69180297851562,35.609947204589844
91120707,2019,2019-11-14,9745,2019-11-12,1332,018253,,2,1,9,4000,0,1,3,,1,021,"SR-1 SOUTHBOUND","OLD CREEK ROAD",52.00,N,N,A,-,Y,,,1,,,,,,S,Y,3,0,2,3,A,-,03,22350,,N,C,C,A,A,H,-,A,B,0,,,,,Y,,D,22,0,1,1,0,0,0,0,0,0,"- ","- ",35.428798675537109,-120.88172912597656,"SAN LUIS OBISPO",UNINCORPORATED,-120.88188171386719,35.428672790527344
91121108,2019,2019-11-15,9745,2019-11-09,2246,020335,,6,3,9,4000,0,2,4,,1,049,SR-227,"CORBETT CANYON RD",0.00,,Y,E,-,N,,,227,,,,,,,Y,2,0,1,1,A,-,12,22450,A,N,E,I,A,A,H,-,D,A,0,,,,,Y,,D,22,1,0,0,0,0,0,0,0,0,"- ","- ",35.196830749511719,-120.60298156738281,"SAN LUIS OBISPO",UNINCORPORATED,-120.60295104980469,35.196842193603516
91121168,2019,2019-11-15,9745,2019-11-13,1727,018253,,3,2,9,4000,0,1,2,,2,202,"LOS OSOS VALLEY ROAD","FOOTHILL BLVD",528.00,E,N,A,-,N,,,,,,,,,,Y,4,0,1,3,A,-,03,22350,,N,C,C,A,A,H,-,D,D,0,,,,,Y,,A,01,0,0,1,0,0,0,0,0,0,"- ","- ",35.276191711425781,-120.71109008789062,"SAN LUIS OBISPO",UNINCORPORATED,-120.71045684814453,35.275535583496094
91121821,2019,2019-11-18,9740,2019-11-05,0720,010820,,2,1,4,4008,0,1,2,,2,002,"U.S. 101 (S/B)",SR-41,728.00,N,N,A,-,Y,,,,,,,,,,Y,4,0,1,2,A,-,03,22350,,N,C,C,A,A,H,-,A,A,0,,,,,Y,,D,22,0,0,1,0,0,0,0,0,0,"- ","- ",35.486480712890625,-120.66752624511719,"SAN LUIS OBISPO",ATASCADERO,-120.66712188720703,35.486343383789062
91122438,2019,2019-11-18,9740,2019-11-10,1727,016849,,7,2,9,4000,0,3,5,,2,017,"SOUTH EL POMAR ROAD","SUMMIT ROAD",247.00,S,N,A,-,N,,,,,,,,,,Y,4,0,1,1,A,-,03,22350,,N,E,I,A,A,H,-,D,A,0,,,,,Y,,A,07,0,0,1,0,0,0,0,0,0,"- ","- ",35.531078338623047,-120.63168334960938,"SAN LUIS OBISPO",UNINCORPORATED,-120.62969207763672,35.53106689453125
91123681,2019,2019-11-19,9745,2019-11-10,1153,017541,,7,1,9,4000,0,1,2,,2,505,"US-101 NORTHBOUND","TEFFT STREET",900.00,N,N,A,-,Y,,,101,,,,,,N,Y,4,0,2,3,A,-,03,22350,,N,C,C,A,A,H,-,A,D,0,,,,,Y,,A,01,0,0,2,0,0,0,0,0,0,"- ","- ",35.038349151611328,-120.48622894287109,"SAN LUIS OBISPO",UNINCORPORATED,-120.48600006103516,35.038551330566406
9112556,2020,2020-11-06,4001,2020-05-29,1944,P0152,46-2,5,5,3,4001,0,0,0,,0,OPERAT,"JAMES WY","MEADOW WY",0.00,,Y,A,-,N,,,,,,,,,,Y,4,0,1,1,A,-,07,21658,A,N,A,I,A,A,H,-,A,D,0,,,,,Y,,A,01,0,0,1,0,0,0,0,0,0,"- ","- ",,,"SAN LUIS OBISPO","ARROYO GRANDE",-120.60066986083984,35.133121490478516
91125816,2019,2019-11-21,9745,2019-11-17,1445,018454,,7,2,9,4000,0,1,3,,1,041,SR-1,"22ND STREET",0.00,,Y,A,-,Y,,,1,,,,,,,N,4,0,1,2,A,-,09,21801,A,N,D,C,A,A,H,-,A,A,0,,,,,Y,,A,01,0,0,1,0,0,0,0,0,0,"- ","- ",35.098140716552734,-120.60738372802734,"SAN LUIS OBISPO",UNINCORPORATED,-120.60738372802734,35.098125457763672
91127558,2019,2019-11-22,9745,2019-11-19,1149,013531,,2,1,9,4000,0,1,2,,2,505,"US-101 SOUTHBOUND","TEFFT STREET",6864.00,S,N,A,-,Y,,,101,,,,,,S,Y,3,0,1,2,A,-,07,21658,A,F,E,I,A,A,H,-,A,D,0,,,,,Y,,D,22,0,1,0,0,0,0,0,0,0,"- ","- ",35.022098541259766,-120.46884918212891,"SAN LUIS OBISPO",UNINCORPORATED,-120.46883392333984,35.022113800048828
91131457,2019,2019-11-27,9740,2019-11-26,1730,017952,,2,2,3,4004,0,1,2,,2,003,"US-101 N/B","SR-46 (WEST)",3168.00,N,N,A,-,Y,,,101,,,,,,N,Y,4,0,1,2,A,-,03,22350,,N,C,C,A,A,H,-,D,D,0,,,,,Y,,A,01,0,0,1,0,0,0,0,0,0,"- ","- ",35.598991394042969,-120.69377136230469,"SAN LUIS OBISPO","PASO ROBLES",-120.69380187988281,35.599002838134766
91131803,2019,2020-02-04,9740,2019-11-24,2300,018988,,7,3,9,4000,0,3,5,,2,022,"PEACHY CANYON RD","MERRY HILL RD",15312.00,W,N,A,-,N,,,,,,,,,,Y,2,0,1,1,A,-,08,22107,,N,E,I,A,A,H,-,D,D,0,,,,,Y,,A,01,1,0,0,0,0,0,0,0,0,"- ","- ",35.618930816650391,-120.73954772949219,"SAN LUIS OBISPO",UNINCORPORATED,-120.74057769775391,35.619457244873047
91132439,2019,2019-12-02,9740,2019-11-27,1325,010820,,3,1,9,4000,0,1,3,,2,007,SR-41,"CRIPPLE CREEK ROAD",6864.00,S,N,B,-,Y,,,41,,,,,,,Y,3,0,1,1,A,-,08,22107,,N,E,I,A,B,H,-,A,A,0,,,,,Y,,A,01,0,1,0,0,0,0,0,0,0,"- ","- ",35.520938873291016,-120.57315063476562,"SAN LUIS OBISPO",UNINCORPORATED,-120.57309722900391,35.520820617675781
91132440,2019,2019-12-02,9740,2019-11-27,1110,010820,,3,1,4,4008,0,1,2,,2,002,"U.S. 101 (N/B)","DEL RIO ROAD O/C",200.00,N,N,B,-,Y,,,,,,,,,,Y,3,0,1,2,A,-,03,22350,,N,C,C,A,B,H,-,A,A,0,,,,,Y,,A,01,0,1,0,0,0,0,0,0,0,"- ","- ",35.513599395751953,-120.69950103759766,"SAN LUIS OBISPO",ATASCADERO,-120.69984436035156,35.513671875
9113318,2020,2020-08-27,4004,2020-05-24,0824,1349,,7,5,3,4004,0,0,0,,0,,"NIBLICK RD","RIVER RD",520.00,W,N,A,-,N,,,,,,,,,,Y,2,0,4,3,A,-,01,23152,F,F,D,C,A,A,H,-,A,A,0,,,,,Y,,A,01,2,0,2,0,0,0,0,0,0,"- ","- ",35.615009307861328,-120.68020629882812,"SAN LUIS OBISPO","PASO ROBLES",-120.68202209472656,35.615039825439453
91134293,2019,2019-12-04,9745,2019-11-24,2040,020773,,7,2,9,4000,0,1,2,,2,505,"US-101 SOUTHBOUND","EL CAMPO RD",2112.00,S,N,A,-,Y,,,101,,,,,,S,Y,3,0,1,1,A,-,01,23152,F,N,E,I,A,A,H,-,D,D,0,,,,,Y,,A,01,0,1,0,0,0,0,0,0,0,"- ","- ",35.108131408691406,-120.55651092529297,"SAN LUIS OBISPO",UNINCORPORATED,-120.55654907226562,35.108051300048828
91135554,2019,2019-12-04,9745,2019-11-27,1320,018253,,3,1,9,4000,0,2,4,,1,038,"ORCUTT RD","BIDDLE RANCH RD",10.00,S,N,A,-,N,,,,,,,,,,N,4,0,1,2,A,-,03,22350,,N,C,C,A,A,H,-,A,D,0,,,,,Y,,A,07,0,0,1,0,0,0,0,0,0,"- ","- ",35.220691680908203,-120.59713745117188,"SAN LUIS OBISPO",UNINCORPORATED,-120.59710693359375,35.220695495605469
91137103,2019,2019-12-05,9745,2019-12-04,1715,017968,,3,2,9,4000,0,1,3,,1,032,"SR-227 SOUTHBOUND","FARMHOUSE LANE",100.00,S,N,B,C,Y,,,,,,,,,,Y,4,0,3,2,A,-,03,22350,,N,C,C,A,B,H,-,C,D,0,,,,,Y,,A,07,0,0,3,0,0,0,0,0,0,"- ","- ",35.238681793212891,-120.63593292236328,"SAN LUIS OBISPO",UNINCORPORATED,,
91138170,2019,2019-12-10,9740,2019-12-03,1155,020057,,2,1,3,4004,0,1,2,,2,003,"US-101 N/B","NIBLICK RD",4752.00,S,N,B,-,Y,,,101,,,,,,N,N,4,0,1,2,A,-,07,21658,A,N,B,C,A,A,H,-,A,D,0,,,,,Y,,A,08,0,0,1,0,0,0,0,0,0,"- ","- ",35.602691650390625,-120.69241333007812,"SAN LUIS OBISPO","PASO ROBLES",-120.69242095947266,35.602691650390625
9114299,2020,2020-11-02,4006,2020-08-29,1830,29980,,6,5,4,4006,0,0,0,,0,,"ROCKVIEW PL",BROAD,334.00,W,N,B,-,N,,,,,,,,,,Y,2,0,1,1,A,-,01,23152,,N,E,I,A,A,H,-,A,A,0,,,,,Y,Y,A,07,1,0,0,0,0,0,0,0,0,"- ","- ",35.258411407470703,-120.64922332763672,"SAN LUIS OBISPO","SAN LUIS OBISPO",-120.64907073974609,35.258388519287109
91143293,2019,2019-12-13,9745,2019-12-09,0902,015144,,1,1,2,4005,0,1,2,,2,404,"US-101 NORTHBOUND","JAMES WAY",528.00,S,N,A,-,Y,,,101,,,,,,N,N,4,0,1,2,A,-,03,22350,,N,C,C,A,A,H,-,A,D,0,,,,,Y,,D,22,0,0,1,0,0,0,0,0,0,"- ","- ",35.138290405273438,-120.63076782226562,"SAN LUIS OBISPO","PISMO BEACH",-120.63076019287109,35.138317108154297
91144956,2019,2019-12-17,9745,2019-12-06,1540,017968,,5,2,9,4000,0,2,4,,1,048,"AVILA BEACH DRIVE","SHELL BEACH ROAD",10.00,W,N,A,-,N,,,,,,,,,,Y,3,0,1,2,A,-,09,21802,A,N,D,C,A,A,H,-,A,A,0,,,Y,,Y,,A,01,0,1,0,0,0,0,0,0,1,"- ","- ",35.179759979248047,-120.700439453125,"SAN LUIS OBISPO",UNINCORPORATED,-120.70043182373047,35.179771423339844
91144974,2019,2019-12-17,9740,2019-10-11,0320,019259,,5,3,9,4000,0,3,5,,2,019,"ESTRELLA ROAD","MARTINGALE CIR",410.00,E,N,A,-,N,,,,,,,,,,Y,1,1,1,1,A,-,01,23152,F,N,E,I,A,A,H,-,D,D,0,,,,,Y,,A,01,1,0,0,0,0,0,0,0,0,"- ","- ",35.688011169433594,-120.56948852539062,"SAN LUIS OBISPO",UNINCORPORATED,-120.56951141357422,35.688106536865234
91145625,2019,2020-01-21,9750,2019-11-10,2346,020511,,7,3,9,4000,0,1,2,,2,111,"US-101 N/B",SR-166,75.00,S,N,E,-,Y,,,101,,,,,,N,Y,2,0,2,2,A,-,01,23152,A,N,C,C,A,A,H,-,D,D,0,,,,,Y,Y,A,01,2,0,0,0,0,0,0,0,0,"- ","- ",34.996101379394531,-120.43450164794922,"SAN LUIS OBISPO",UNINCORPORATED,-120.43457794189453,34.996082305908203
91146225,2019,2019-12-18,9745,2019-12-15,1717,017151,,7,2,9,4000,0,1,3,,2,023,"SR-1 SOUTHBOUND","HIGHLAND DR",0.00,,Y,A,-,Y,,,1,,,,,,S,Y,4,0,1,2,A,-,12,21453,A,N,D,C,A,A,H,-,D,A,0,,,,,Y,,D,22,0,0,1,0,0,0,0,0,0,"- ","- ",35.29840087890625,-120.67389678955078,"SAN LUIS OBISPO",UNINCORPORATED,-120.67391967773438,35.298377990722656
91146691,2019,2019-12-18,9745,2019-12-08,1520,020417,,7,2,9,4000,0,3,5,,2,004,"UPPER LOPEZ CANYON ROAD","WITTENBERG CREEK ROAD",4224.00,N,N,B,-,N,,,,,,,,,,Y,2,0,4,1,A,-,01,23152,A,N,F,A,A,B,H,-,A,D,0,,,,,Y,Y,D,22,1,2,1,0,0,0,0,0,0,"- ","- ",35.227001190185547,-120.45860290527344,"SAN LUIS OBISPO",UNINCORPORATED,-120.45892333984375,35.227069854736328
91147342,2019,2019-12-19,9740,2019-12-15,1333,019259,,7,1,9,4000,0,1,2,,2,004,"US-101 NORTHBOUND","EXLINE RD",528.00,S,N,A,-,Y,,,101,,,,,,N,Y,4,0,1,1,A,-,08,22107,,N,F,D,A,A,H,-,A,D,0,,,,Y,Y,,G,25,0,0,1,0,0,0,0,0,0,"- ","- ",35.681949615478516,-120.69669342041016,"SAN LUIS OBISPO",UNINCORPORATED,-120.69675445556641,35.681949615478516
91149966,2019,2019-12-23,9740,2019-12-17,2245,019965,,2,3,9,4000,0,1,2,,2,002,"US-101 NORTHBOUND","CURBARIL AVE",1056.00,S,N,A,-,Y,,,,,,,,,,Y,3,0,1,1,A,-,08,22107,,N,E,J,A,A,H,-,D,D,0,,,,,Y,Y,A,01,0,1,0,0,0,0,0,0,0,"- ","- ",35.473148345947266,-120.65663146972656,"SAN LUIS OBISPO",UNINCORPORATED,-120.65693664550781,35.473865509033203
91149991,2019,2019-12-23,9740,2019-12-17,1716,017952,,2,2,9,4000,0,1,2,,2,002,"US-101 N/B","SAN RAMON RD",2640.00,N,N,A,-,Y,,,101,,,,,,N,Y,4,0,2,3,A,-,03,22350,,N,C,C,A,A,H,-,D,D,0,,,,,Y,,A,01,0,0,2,0,0,0,0,0,0,"- ","- ",35.532768249511719,-120.70997619628906,"SAN LUIS OBISPO",UNINCORPORATED,-120.70997619628906,35.532772064208984
91152064,2019,2019-12-24,9750,2019-12-22,1650,017616,,7,2,9,4000,0,1,3,,2,061,SR-166,"ALAMO CREEK RD",7920.00,E,N,C,-,Y,,,166,,,,,,,Y,2,0,1,1,A,-,03,22350,,N,E,I,A,B,H,-,D,D,0,,,,,Y,,D,22,1,0,0,0,0,0,0,0,0,"- ","- ",35.018829345703125,-120.28855133056641,"SAN LUIS OBISPO",UNINCORPORATED,-120.28862762451172,35.0189208984375
91156209,2019,2019-12-31,9745,2019-12-22,0146,020226,,7,3,9,4000,0,1,2,,2,303,"US-101 NORTHBOUND","SAN LUIS BAY DRIVE",6336.00,N,N,A,-,Y,,,101,,,,,,N,Y,2,0,1,1,A,-,01,23152,A,N,E,I,A,A,H,-,D,D,0,,,,,Y,Y,A,01,1,0,0,0,0,0,0,0,0,"- ","- ",35.213428497314453,-120.69654846191406,"SAN LUIS OBISPO",UNINCORPORATED,-120.69664001464844,35.213436126708984
91156822,2019,2019-12-31,9740,2019-12-23,1655,017952,,1,2,9,4000,0,3,5,,2,017,"LA PANZA RD",SR-58,1056.00,N,N,A,-,N,,,,,,,,,,Y,3,0,2,1,A,-,08,22107,,N,E,I,A,A,H,-,B,D,0,,,,,Y,,A,01,0,1,1,0,0,0,0,0,0,"- ","- ",35.470809936523438,-120.38262176513672,"SAN LUIS OBISPO",UNINCORPORATED,-120.38140869140625,35.470653533935547
91158660,2019,2020-01-03,9745,2019-12-28,0440,019400,,6,3,9,4000,0,1,3,,1,011,SR-41,"DEL PRADO RD",5280.00,S,N,A,-,Y,,,41,,,,,,,Y,3,0,1,2,A,-,05,21460,A,N,B,C,A,A,H,-,D,D,0,,,,,Y,,A,01,0,1,0,0,0,0,0,0,0,"- ","- ",35.404949188232422,-120.81582641601562,"SAN LUIS OBISPO",UNINCORPORATED,-120.81593322753906,35.405055999755859
91158842,2019,2020-01-03,9740,2019-12-22,0616,013984,,7,1,9,4000,0,1,3,,2,008,"SR 46 EAST","SHANDON REST AREA",500.00,W,N,B,G,Y,,,46,,,,,,,Y,2,0,2,2,A,-,00,22017,,N,C,C,A,A,H,-,D,D,0,,,,Y,Y,Y,G,27,1,1,0,0,0,0,0,0,0,"- ","- ",35.674690246582031,-120.34938812255859,"SAN LUIS OBISPO",UNINCORPORATED,-120.34928131103516,35.674530029296875
91160347,2020,2020-01-06,9745,2020-01-03,1415,020689,,5,2,9,4000,0,3,5,,2,004,"23RD STREET","THE PIKE",150.00,S,N,A,-,N,,,,,,,,,,Y,4,0,1,2,A,-,08,22107,,N,E,I,A,A,H,-,A,D,0,,,,,Y,,A,01,0,0,1,0,0,0,0,0,0,"- ","- ",35.105499267578125,-120.60569763183594,"SAN LUIS OBISPO",UNINCORPORATED,-120.60564422607422,35.106208801269531
91161354,2019,2020-01-08,9740,2019-12-20,1750,020894,,5,2,3,4004,0,1,2,,2,003,"U.S. 101 NORTHBOUND","13TH ST",1056.00,N,N,A,-,Y,,,,,,,,,,Y,2,0,1,2,A,-,01,23152,A,N,B,C,A,A,H,-,D,D,0,,,,,Y,Y,A,01,1,0,0,0,0,0,0,0,0,"- ","- ",35.631698608398438,-120.68637084960938,"SAN LUIS OBISPO","PASO ROBLES",-120.68657684326172,35.630905151367188
91164525,2020,2020-01-13,9740,2020-01-12,0300,020057,,7,3,9,4000,0,3,5,,2,022,"WATER VIEW DR","HERITAGE RD",0.00,,Y,E,-,N,,,,,,,,,,Y,4,0,1,1,A,-,03,22350,,N,E,I,A,A,H,-,D,A,0,,,,,Y,,D,22,0,0,1,0,0,0,0,0,0,"- ","- ",35.727550506591797,-120.89553070068359,"SAN LUIS OBISPO",UNINCORPORATED,-120.89539337158203,35.727348327636719
91165332,2019,2020-01-14,9745,2019-12-08,0958,016514,,7,1,9,4000,0,1,2,,1,101,"US-101 NORTHBOUND",SR-58,0.00,,N,B,C,Y,,,101,,,,,,N,Y,1,1,3,1,A,-,08,22107,,N,E,I,A,B,H,-,A,D,0,,,,,Y,,A,07,2,0,1,0,0,0,0,0,0,"- ","- ",35.377899169921875,-120.63469696044922,"SAN LUIS OBISPO",UNINCORPORATED,-120.63491058349609,35.378093719482422
91166834,2020,2020-01-16,9750,2020-01-12,0920,016469,,7,1,9,4000,0,1,3,,1,063,SR-166,"COTTONWOOD CANYON RD",25344.00,W,N,A,-,Y,,,166,,,,,,,Y,4,0,1,1,A,-,08,22107,,N,F,A,A,A,H,-,A,D,0,,,,,Y,,A,01,0,0,1,0,0,0,0,0,0,"- ","- ",35.061298370361328,-119.95162963867188,"SAN LUIS OBISPO",UNINCORPORATED,-119.95164489746094,35.061187744140625
9117211,2020,2020-09-09,4005,2020-06-07,1343,P109,8,7,5,2,4005,0,0,0,,0,,"BELLO ST","PRICE CANYON RD",0.00,,Y,A,-,N,,,,,,,,,,N,4,0,1,2,A,-,09,21802,A,N,D,C,A,A,H,-,A,A,0,,,,Y,Y,,A,01,0,0,1,0,0,0,0,0,0,"- ","- ",,,"SAN LUIS OBISPO","PISMO BEACH",-120.63791656494141,35.141960144042969
9117367,2020,2020-09-09,4005,2020-06-20,1405,P090,5,6,5,2,4005,0,0,0,,0,,"PRICE ST","MATTIE RD",0.00,,Y,A,-,N,,,,,,,,,,Y,4,0,1,2,A,-,09,21801,A,N,D,C,A,A,H,-,A,A,0,,,,,Y,,A,01,0,0,1,0,0,0,0,0,0,"- ","- ",,,"SAN LUIS OBISPO","PISMO BEACH",-120.65475000000001,35.150440000000003
91174757,2020,2020-01-28,9740,2020-01-11,1857,019259,,6,2,9,4000,0,1,2,,2,004,"US-101 SOUTHBOUND","MISSION ST",50.00,N,N,A,-,Y,,,101,,,,,,S,Y,2,0,1,1,A,-,01,23152,A,N,E,I,A,A,D,-,C,D,0,,,,,Y,Y,A,01,1,0,0,0,0,0,0,0,0,"- ","- ",35.770698547363281,-120.70633697509766,"SAN LUIS OBISPO",UNINCORPORATED,-120.70631408691406,35.770725250244141