CASE_ID,ACCIDENT_YEAR,PROC_DATE,JURIS,COLLISION_DATE,COLLISION_TIME,OFFICER_ID,REPORTING_DISTRICT,DAY_OF_WEEK,CHP_SHIFT,POPULATION,CNTY_CITY_LOC,SPECIAL_COND,BEAT_TYPE,CHP_BEAT_TYPE,CITY_DIVISION_LAPD,CHP_BEAT_CLASS,BEAT_NUMBER,PRIMARY_RD,SECONDARY_RD,DISTANCE,DIRECTION,INTERSECTION,WEATHER_1,WEATHER_2,STATE_HWY_IND,CALTRANS_COUNTY,CALTRANS_DISTRICT,STATE_ROUTE,ROUTE_SUFFIX,POSTMILE_PREFIX,POSTMILE,LOCATION_TYPE,RAMP_INTERSECTION,SIDE_OF_HWY,TOW_AWAY,COLLISION_SEVERITY,NUMBER_KILLED,NUMBER_INJURED,PARTY_COUNT,PRIMARY_COLL_FACTOR,PCF_CODE_OF_VIOL,PCF_VIOL_CATEGORY,PCF_VIOLATION,PCF_VIOL_SUBSECTION,HIT_AND_RUN,TYPE_OF_COLLISION,MVIW,PED_ACTION,ROAD_SURFACE,ROAD_COND_1,ROAD_COND_2,LIGHTING,CONTROL_DEVICE,CHP_ROAD_TYPE,PEDESTRIAN_ACCIDENT,BICYCLE_ACCIDENT,MOTORCYCLE_ACCIDENT,TRUCK_ACCIDENT,NOT_PRIVATE_PROPERTY,ALCOHOL_INVOLVED,STWD_VEHTYPE_AT_FAULT,CHP_VEHTYPE_AT_FAULT,COUNT_SEVERE_INJ,COUNT_VISIBLE_INJ,COUNT_COMPLAINT_PAIN,COUNT_PED_KILLED,COUNT_PED_INJURED,COUNT_BICYCLIST_KILLED,COUNT_BICYCLIST_INJURED,COUNT_MC_KILLED,COUNT_MC_INJURED,PRIMARY_RAMP,SECONDARY_RAMP,LATITUDE,LONGITUDE,COUNTY,CITY,POINT_X,POINT_Y
91176945,2020,2020-02-07,9745,2020-01-23,1700,020689,,4,2,9,4000,0,3,5,,2,005,"LOS BERROS RD.","DALE AVE.",1056.00,N,N,A,-,N,,,,,,,,,,Y,4,0,1,2,A,-,09,21801,A,N,D,C,A,A,H,-,A,D,0,,,,,Y,,D,22,0,0,1,0,0,0,0,0,0,"- ","- ",35.075199127197266,-120.52359771728516,"SAN LUIS OBISPO",UNINCORPORATED,-120.5235595703125,35.075275421142578
91177095,2020,2020-01-30,9745,2020-01-23,1935,017968,,4,2,9,4000,0,1,3,,1,041,SR-1,"PIER AVENUE",0.00,,Y,A,-,Y,,,1,,,,,,,N,4,0,1,2,A,-,08,22107,,N,B,C,A,A,H,-,C,A,0,,,,,Y,,D,22,0,0,1,0,0,0,0,0,0,"- ","- ",35.107311248779297,-120.62348937988281,"SAN LUIS OBISPO",UNINCORPORATED,-120.62342834472656,35.107341766357422
91177299,2020,2020-01-31,9740,2020-01-11,1858,019259,,6,2,9,4000,0,1,2,,2,004,"US-101 SOUTHBOUND","MISSION ST",20.00,N,N,A,-,Y,,,101,,,,,,S,Y,2,0,2,2,C,-,18,,,N,D,C,A,A,D,-,D,D,0,,,,,Y,Y,-,"- ",1,1,0,0,0,0,0,0,0,"- ","- ",35.770679473876953,-120.70630645751953,"SAN LUIS OBISPO",UNINCORPORATED,-120.70629119873047,35.770698547363281
91179465,2020,2020-02-06,9745,2020-01-30,1955,020773,,4,2,9,4000,0,1,3,,1,043,SR-1,"WINTERHAVEN WAY",1056.00,N,N,A,-,Y,,,1,,,,,,,Y,2,0,2,2,A,-,01,23152,A,N,C,C,A,A,H,-,D,D,0,,,Y,,Y,Y,A,07,1,1,0,0,0,0,0,0,1,"- ","- ",35.047199249267578,-120.59053039550781,"SAN LUIS OBISPO",UNINCORPORATED,-120.59053039550781,35.047248840332031
91180646,2020,2020-02-05,9745,2020-02-01,1424,017968,,6,2,9,4000,0,3,5,,2,002,"SANTA MARIA AVENUE","6TH STREET",0.00,,Y,A,-,N,,,,,,,,,,N,4,0,1,2,A,-,12,22450,A,N,D,C,A,A,H,-,A,A,0,,,,,Y,,D,22,0,0,1,0,0,0,0,0,0,"- ","- ",35.328140258789062,-120.83651733398438,"SAN LUIS OBISPO",UNINCORPORATED,-120.83651733398438,35.328128814697266
91182579,2020,2020-02-07,9745,2020-02-06,0547,019070,,4,3,3,4001,0,1,2,,2,402,"US-101 NORTHBOUND","OAK PARK BLVD",600.00,S,N,A,-,Y,,,101,,,,,,N,Y,4,0,3,2,A,-,07,21658,A,N,B,C,A,A,H,-,D,D,0,,,,,Y,,A,01,0,0,3,0,0,0,0,0,0,"- ","- ",35.129890441894531,-120.60482025146484,"SAN LUIS OBISPO","ARROYO GRANDE",-120.60483551025391,35.129844665527344
91183536,2020,2020-02-10,9745,2020-02-08,0748,020211,,6,1,9,4000,0,1,3,,1,045,SR-1,"OSO FLACO LAKE RD",0.00,,Y,E,-,Y,,,1,,,,,,,Y,3,0,1,2,A,-,09,21802,A,N,D,C,A,B,H,-,A,A,0,,,,,Y,,D,22,0,1,0,0,0,0,0,0,0,"- ","- ",35.010719299316406,-120.56752777099609,"SAN LUIS OBISPO",UNINCORPORATED,-120.56760406494141,35.010749816894531
91185375,2020,2020-02-12,9745,2020-02-10,0951,015144,,1,1,9,4000,0,3,5,,2,004,"HUASNA RD","SANTA MANUELA RD.",1584.00,E,N,A,-,N,,,,,,,,,,Y,3,0,1,1,A,-,08,22107,,N,E,I,A,A,H,-,A,D,0,,,,,Y,,A,07,0,1,0,0,0,0,0,0,0,"- ","- ",35.135299682617188,-120.48520660400391,"SAN LUIS OBISPO",UNINCORPORATED,-120.48538970947266,35.135425567626953
91188068,2020,2020-02-18,9745,2020-02-09,0120,017541,,7,3,9,4000,0,1,3,,1,041,SR-1,"RIO RD",1584.00,N,N,A,-,Y,,,1,,,,,,,Y,3,0,1,1,A,-,08,22107,,M,E,I,A,A,H,-,D,D,0,,,,,Y,Y,A,07,0,1,0,0,0,0,0,0,0,"- ","- ",35.089981079101562,-120.58119964599609,"SAN LUIS OBISPO",UNINCORPORATED,-120.581787109375,35.090137481689453
91189946,2020,2020-02-20,9740,2020-02-11,2305,013984,,2,3,9,4000,0,3,5,,2,017,"S. RIVER ROAD","LOTHAR LN",150.00,S,N,A,-,N,,,,,,,,,,Y,2,0,1,1,A,-,01,23152,A,N,E,I,A,A,H,-,D,D,0,,,,,Y,Y,D,22,1,0,0,0,0,0,0,0,0,"- ","- ",35.579208374023438,-120.65823364257812,"SAN LUIS OBISPO",UNINCORPORATED,-120.65830230712891,35.579200744628906
91190341,2020,2020-02-20,9745,2020-02-15,0640,020211,,6,1,9,4000,0,1,2,,2,505,"US-101 NORTHBOUND",SR-166,135.00,N,N,A,-,Y,,,101,,,,,,N,Y,2,0,2,1,A,-,08,22107,,N,E,I,A,A,H,-,B,D,0,,,,,Y,,A,01,1,1,0,0,0,0,0,0,0,"- ","- ",34.996711730957031,-120.43463897705078,"SAN LUIS OBISPO",UNINCORPORATED,-120.43473052978516,34.996685028076172
91191279,2020,2020-02-21,9745,2020-02-19,1530,019400,,3,2,9,4000,0,3,5,,2,005,"DIVISION STREET","AVENIDA DE SOCIOS",0.00,,Y,A,-,N,,,,,,,,,,Y,4,0,3,2,A,-,09,21801,A,N,D,C,A,A,H,-,A,D,0,,,,,Y,,A,01,0,0,3,0,0,0,0,0,0,"- ","- ",35.028888702392578,-120.47937774658203,"SAN LUIS OBISPO",UNINCORPORATED,-120.47917175292969,35.029121398925781
91191311,2020,2020-02-21,9745,2020-02-19,1605,019280,,3,2,4,4006,0,1,2,,2,202,"US-101 SOUTHBOUND","MARSH STREET",2112.00,N,N,A,-,Y,,,101,,,,,,S,Y,4,0,1,2,A,-,08,22107,,N,B,C,A,A,H,-,A,D,0,,,,,Y,,A,01,0,0,1,0,0,0,0,0,0,"- ","- ",35.280010223388672,-120.66954803466797,"SAN LUIS OBISPO","SAN LUIS OBISPO",-120.66951751708984,35.279994964599609
91192119,2020,2020-02-24,9745,2020-02-19,0555,017144,,3,3,9,4000,0,3,5,,2,002,"SANTA MARIA AVE","11TH STREET",0.00,,Y,B,-,N,,,,,,,,,,Y,4,0,1,2,A,-,12,22450,A,M,D,C,A,A,H,-,D,D,0,,,,,Y,Y,A,01,0,0,1,0,0,0,0,0,0,"- ","- ",35.328098297119141,-120.83100128173828,"SAN LUIS OBISPO",UNINCORPORATED,-120.83099365234375,35.328098297119141
91193172,2020,2020-02-25,9745,2020-02-18,0735,020417,,2,1,9,4000,0,1,2,,2,505,"US-101 N/B TO LOS BERROS RD.","LOS BERROS RD",20.00,S,N,B,-,Y,,,101,,,,R,,N,N,4,0,1,2,A,-,03,22350,,N,C,C,A,A,H,-,A,D,0,,,,,Y,,D,22,0,0,1,0,0,0,0,0,0,"- ","- ",35.07196044921875,-120.51483154296875,"SAN LUIS OBISPO",UNINCORPORATED,-120.51483154296875,35.07196044921875
91193881,2020,2020-02-26,9745,2020-02-21,0515,018454,,5,3,9,4000,0,3,5,,2,004,"HALCYON RD",SR-1,739.00,N,N,A,-,N,,,,,,,,,,Y,4,0,1,1,A,-,08,22107,,N,E,I,A,A,H,-,D,D,0,,,,,Y,,A,01,0,0,1,0,0,0,0,0,0,"- ","- ",35.100151062011719,-120.59156036376953,"SAN LUIS OBISPO",UNINCORPORATED,-120.59162902832031,35.100055694580078
9119458,2020,2020-09-09,4008,2020-06-03,2051,2133,,3,5,4,4008,0,0,0,,0,,"EL CAMINO REAL","EAST MALL",14.00,N,N,A,-,N,,,,,,,,,,N,2,0,1,2,A,-,10,21954,B,N,G,B,C,A,H,-,C,B,0,Y,,,,Y,,A,01,1,0,0,0,1,0,0,0,0,"- ","- ",35.488079071044922,-120.66783142089844,"SAN LUIS OBISPO",ATASCADERO,-120.66790008544922,35.488121032714844
9119459,2020,2020-09-09,4008,2020-06-13,0743,3125,,6,5,4,4008,0,0,0,,0,,"EL CAMINO REAL","SAN ANSELMO RD S",88.00,S,N,A,-,N,,,,,,,,,,N,3,0,1,1,A,-,03,22350,,N,F,A,A,A,H,-,A,D,0,,Y,,,Y,,L,04,0,1,0,0,0,0,1,0,0,"- ","- ",35.498119354248047,-120.68196105957031,"SAN LUIS OBISPO",ATASCADERO,-120.68302917480469,35.499305725097656
91198212,2020,2020-02-28,9740,2020-02-20,1123,016154,,4,1,9,4000,0,3,5,,2,019,"JARDINE RD","ESTRELLA RD.",1584.00,S,N,A,-,N,,,,,,,,,,Y,3,0,1,1,A,-,08,22107,,N,E,I,A,A,H,-,A,D,0,,,,,Y,,A,01,0,1,0,0,0,0,0,0,0,"- ","- ",35.698711395263672,-120.60517883300781,"SAN LUIS OBISPO",UNINCORPORATED,-120.60518646240234,35.697662353515625
91198603,2020,2020-02-28,9740,2020-02-27,1326,016849,,4,1,4,4008,0,1,2,,2,002,"S/B US-101 TRAFFIC WAY OFF RAMP","TRAFFIC WAY",32.00,N,N,A,-,Y,,,101,,,,R,,,Y,4,0,1,2,A,-,03,22350,,N,C,C,A,A,H,-,A,A,0,,,,,Y,,A,01,0,0,1,0,0,0,0,0,0,"- ","- ",35.488430023193359,-120.67124938964844,"SAN LUIS OBISPO",ATASCADERO,-120.67124938964844,35.488430023193359
91198845,2020,2020-02-28,9745,2020-02-18,0456,017144,,2,3,3,4001,0,1,2,,2,402,"US-101 N/B TO GRAND AVE.","GRAND AVE.",209.00,S,N,A,-,Y,,,101,,,,R,,N,Y,4,0,2,1,A,-,08,22107,,N,E,I,A,A,H,-,C,D,0,,,,,Y,,A,01,0,0,2,0,0,0,0,0,0,"- ","- ",35.121330261230469,-120.58251953125,"SAN LUIS OBISPO","ARROYO GRANDE",-120.58251953125,35.121330261230469
91201587,2020,2020-03-04,9745,2020-02-27,1510,019400,,4,2,9,4000,0,2,4,,1,055,"TEFFT STREET","MAGENTA LN",90.00,E,N,A,-,N,,,,,,,,,,Y,4,0,1,2,A,-,09,21804,A,N,D,C,A,A,H,-,A,D,0,,,,,Y,,A,07,0,0,1,0,0,0,0,0,0,"- ","- ",35.034858703613281,-120.48818969726562,"SAN LUIS OBISPO",UNINCORPORATED,-120.48821258544922,35.034858703613281
9120169,2020,2020-09-30,4004,2020-06-03,1751,1304,,3,5,3,4004,0,0,0,,0,,"RT 46 E","GOLDEN HILL RD",415.00,W,N,A,-,Y,SLO,5,46,-,-,31.230,H,-,E,N,4,0,1,2,A,-,03,22350,,N,C,C,A,A,H,-,A,D,0,,,,,Y,,A,01,0,0,1,0,0,0,0,0,0,"- ","- ",35.643470764160156,-120.65737915039062,"SAN LUIS OBISPO","PASO ROBLES",-120.65946197509766,35.644424438476562
91202676,2020,2020-03-05,9745,2020-02-28,1614,019400,,5,2,9,4000,0,2,4,,1,048,"AVILA BEACH DRIVE","FIRST STREET",3696.00,N,N,A,-,N,,,,,,,,,,N,2,0,1,2,A,-,08,22107,,N,H,E,A,A,H,-,A,D,0,,Y,,,Y,,L,04,1,0,0,0,0,0,1,0,0,"- ","- ",35.178371429443359,-120.74742126464844,"SAN LUIS OBISPO",UNINCORPORATED,-120.72459411621094,35.179752349853516
9120294,2020,2020-09-22,4008,2020-06-14,1251,4080,,7,5,4,4008,0,0,0,,0,,"MORRO RD","PORTOLA RD",31.00,E,N,A,-,Y,SLO,5,41,-,-,14.750,H,-,S,Y,4,0,1,2,A,-,03,22350,,N,C,C,A,A,H,-,A,A,0,,,,,Y,,A,01,0,0,1,0,0,0,0,0,0,"- ","- ",35.469051361083984,-120.67001342773438,"SAN LUIS OBISPO",ATASCADERO,-120.66985321044922,35.468936920166016
91203861,2020,2020-03-09,9740,2020-03-03,0845,013984,,2,1,9,4000,0,1,3,,2,008,"SR 46 EAST","GRUENHAAGEN FLAT ROAD",792.00,W,N,A,-,Y,,,46,,,,,,,Y,3,0,3,2,A,-,03,22350,,N,C,C,A,A,H,-,A,D,0,,,,Y,Y,,A,07,0,3,0,0,0,0,0,0,0,"- ","- ",35.658939361572266,-120.48374176025391,"SAN LUIS OBISPO",UNINCORPORATED,-120.48374176025391,35.6590576171875
91204602,2020,2020-03-09,9745,2020-03-02,1700,019400,,1,2,9,4000,0,3,5,,2,004,"13TH STREET","THE PIKE",0.00,,Y,A,-,N,,,,,,,,,,Y,3,0,3,2,A,-,03,22350,,N,C,C,A,A,H,-,A,A,0,,,,,Y,,D,22,0,1,2,0,0,0,0,0,0,"- ","- ",35.106548309326172,-120.61618041992188,"SAN LUIS OBISPO",UNINCORPORATED,-120.61640930175781,35.106601715087891
91205241,2020,2020-03-10,9745,2020-03-08,0004,019070,,7,3,9,4000,0,1,3,,1,045,SR-1,"THORNBERRY PL",2112.00,N,N,C,-,Y,,,1,,,,,,,Y,3,0,1,1,A,-,08,22107,,N,E,I,A,B,H,-,D,D,0,,,,,Y,,D,22,0,1,0,0,0,0,0,0,0,"- ","- ",34.988239288330078,-120.570556640625,"SAN LUIS OBISPO",UNINCORPORATED,-120.570556640625,34.988239288330078
91207407,2020,2020-03-13,9740,2020-03-12,1735,016849,,4,2,9,4000,0,1,3,,2,005,SR-58,"LA PANZA ROAD",679.00,E,N,A,-,Y,,,58,,,,,,,Y,4,0,1,1,A,-,08,22107,,N,E,I,A,A,H,-,A,D,0,,,,,Y,,A,07,0,0,1,0,0,0,0,0,0,"- ","- ",35.467849731445312,-120.37689971923828,"SAN LUIS OBISPO",UNINCORPORATED,-120.37691497802734,35.467823028564453
91208169,2020,2020-03-16,9740,2020-03-06,1535,019486,,5,2,9,4000,0,3,5,,2,024,"MOONSTONE BEACH DR","CHATHAM LN",5.00,S,N,B,-,N,,,,,,,,,,Y,4,0,1,1,A,-,08,22107,,N,E,I,A,A,H,-,A,A,0,,,,,Y,,A,01,0,0,1,0,0,0,0,0,0,"- ","- ",35.570308685302734,-121.11107635498047,"SAN LUIS OBISPO",UNINCORPORATED,-121.11116790771484,35.570400238037109
91209814,2020,2020-03-17,9745,2020-03-12,1500,020689,,4,2,9,4000,0,2,4,,1,052,"THOMPSON AVE.","BEE ST.",50.00,S,N,A,-,N,,,,,,,,,,N,4,0,1,4,A,-,03,22350,,N,C,C,A,A,H,-,A,D,0,,,,,Y,,A,07,0,0,1,0,0,0,0,0,0,"- ","- ",35.045398712158203,-120.47879791259766,"SAN LUIS OBISPO",UNINCORPORATED,-120.47874450683594,35.045429229736328
91210135,2020,2020-03-17,9745,2020-03-14,2039,020773,,6,2,3,4001,0,1,2,,2,402,"US-101 SOUTHBOUND","OAK PARK BLVD",300.00,S,N,B,-,Y,,,101,,,,,,S,Y,2,0,1,1,A,-,03,22350,,N,F,A,A,A,H,-,D,D,0,,,Y,,Y,,C,02,1,0,0,0,0,0,0,0,1,"- ","- ",35.129531860351562,-120.60436248779297,"SAN LUIS OBISPO","ARROYO GRANDE",-120.60436248779297,35.1295166015625
91210429,2020,2020-03-17,9745,2020-03-16,1705,020168,,1,2,9,4000,0,1,2,,1,101,"US-101 SOUTHBOUND","TV TOWER RD",3168.00,S,N,C,-,Y,,,101,,,,,,S,Y,4,0,2,1,A,-,08,22107,,N,E,I,A,B,H,-,A,D,0,,,,,Y,,A,01,0,0,2,0,0,0,0,0,0,"- ","- ",35.338081359863281,-120.627197265625,"SAN LUIS OBISPO",UNINCORPORATED,-120.62720489501953,35.338077545166016
91211260,2020,2020-03-18,9745,2020-03-16,0622,017144,,1,1,2,4005,0,1,2,,2,404,"US-101 NORTHBOUND","OAK PARK BLVD",300.00,N,N,B,-,Y,,,101,,,,,,N,Y,3,0,1,3,A,-,07,21658,A,N,C,C,A,B,H,-,D,D,0,,,,,Y,,A,07,0,1,0,0,0,0,0,0,0,"- ","- ",35.130489349365234,-120.60778045654297,"SAN LUIS OBISPO","PISMO BEACH",-120.6077880859375,35.130455017089844
91217815,2020,2020-06-26,9740,2020-03-15,2015,018988,,7,2,9,4000,0,1,3,,1,009,SR-46,SR-41,8712.00,E,N,B,-,Y,,,46,,,,,,,Y,1,1,1,2,A,-,06,21751,,N,A,C,A,B,H,-,D,D,0,,,,Y,Y,,M,47,1,0,0,0,0,0,0,0,0,"- ","- ",35.740650177001953,-120.25596618652344,"SAN LUIS OBISPO",UNINCORPORATED,-120.25598907470703,35.740737915039062
91219407,2020,2020-04-01,9740,2020-03-30,0447,019700,,1,3,9,4000,0,3,5,,2,019,"11TH STREET","L STREET",0.00,,Y,A,-,N,,,,,,,,,,Y,3,0,1,2,A,-,12,22450,A,F,D,C,A,A,H,-,C,A,0,,,,,Y,,A,07,0,1,0,0,0,0,0,0,0,"- ","- ",35.748970031738281,-120.69798278808594,"SAN LUIS OBISPO",UNINCORPORATED,-120.69808959960938,35.749019622802734
91220630,2020,2020-04-06,9745,2020-03-24,1339,017968,,2,1,9,4000,0,1,2,,2,303,"US-101 S/B","SAN LUIS BAY DRIVE",500.00,N,N,A,-,Y,,,101,,,,,,S,Y,3,0,1,1,A,-,08,22107,,N,E,I,A,A,H,-,A,D,0,,,,,Y,,A,07,0,1,0,0,0,0,0,0,0,"- ","- ",35.200160980224609,-120.69786071777344,"SAN LUIS OBISPO",UNINCORPORATED,-120.69805145263672,35.200233459472656
91222650,2020,2020-04-07,9740,2020-04-02,1405,020057,,4,2,9,4000,0,3,5,,2,023,"SANTA ROSA CREEK RD",SR-46W,1584.00,N,N,A,-,N,,,,,,,,,,Y,2,0,2,1,A,-,08,22107,,N,F,A,A,A,H,-,A,D,0,,,Y,,Y,,C,02,1,1,0,0,0,0,0,0,2,"- ","- ",35.537120819091797,-120.86260986328125,"SAN LUIS OBISPO",UNINCORPORATED,-120.86260986328125,35.537120819091797
91223569,2020,2020-04-09,9745,2020-04-06,1500,020773,,1,2,9,4000,0,2,4,,1,058,"ORCHARD RD","GRAND AVE",0.00,,Y,B,-,N,,,,,,,,,,Y,4,0,1,2,A,-,09,21802,A,N,D,C,A,A,H,-,A,A,0,,,,,Y,,A,01,0,0,1,0,0,0,0,0,0,"- ","- ",35.027000427246094,-120.04917907714844,"SAN LUIS OBISPO",UNINCORPORATED,-120.49133,35.026870000000002
91225902,2020,2020-04-15,9745,2020-04-04,1820,017817,,6,2,9,4000,0,3,5,,2,003,"ALTA MIRA LN.","CONTRY CLUB DR.",950.00,S,N,B,-,N,,,,,,,,,,Y,3,0,1,1,A,-,01,23152,A,N,E,I,A,A,H,-,A,D,0,,,,,Y,Y,A,01,0,1,0,0,0,0,0,0,0,"- ","- ",35.202499389648438,-120.62600708007812,"SAN LUIS OBISPO",UNINCORPORATED,-120.62782287597656,35.204624176025391
91227164,2020,2020-04-20,9745,2020-04-08,0400,017968,,3,3,4,4006,0,1,2,,2,202,"US-101 N/B","PRADO ROAD",840.00,N,N,B,-,Y,,,101,,,,,,N,Y,2,0,1,1,A,-,08,22107,,N,E,I,A,B,H,-,C,D,0,,,,,Y,,A,01,1,0,0,0,0,0,0,0,0,"- ","- ",35.259021759033203,-120.67346954345703,"SAN LUIS OBISPO","SAN LUIS OBISPO",-120.67360687255859,35.259059906005859
91230298,2020,2020-04-28,9745,2020-04-22,1820,019809,,3,2,9,4000,0,3,5,,2,004,"HUASNA RD","EVERGLADE RD",528.00,S,N,A,-,N,,,,,,,,,,Y,3,0,1,1,A,-,08,22107,,N,E,I,A,A,H,-,A,D,0,,,,,Y,,E,22,0,1,0,0,0,0,0,0,0,"- ","- ",35.134319305419922,-120.50627136230469,"SAN LUIS OBISPO",UNINCORPORATED,-120.50576019287109,35.134387969970703
91230347,2020,2020-04-28,9745,2020-04-27,0955,020029,,1,1,9,4000,0,1,3,,1,032,"SR-227 NORTHBOUND","OLD PRICE CANYON RD",608.00,N,N,A,-,Y,,,227,,,,,,N,Y,3,0,1,2,A,-,03,22350,,N,C,C,A,A,H,-,A,D,0,,,,,Y,,D,22,0,1,0,0,0,0,0,0,0,"- ","- ",35.203830718994141,-120.61286926269531,"SAN LUIS OBISPO",UNINCORPORATED,-120.61297607421875,35.203758239746094
91233848,2020,2020-05-05,9745,2020-04-25,1540,017817,,6,2,9,4000,0,1,2,,1,101,"US-101 NORTHBOUND",SR-58,1200.00,S,N,A,-,Y,,,101,,,,,,N,Y,4,0,1,1,A,-,08,22107,,N,E,I,A,A,H,-,A,D,0,,,,,Y,,A,07,0,0,1,0,0,0,0,0,0,"- ","- ",35.375991821289062,-120.63658142089844,"SAN LUIS OBISPO",UNINCORPORATED,-120.63665008544922,35.376045227050781
91233936,2020,2020-07-07,9745,2020-04-25,1647,020226,,6,2,9,4000,0,3,5,,2,002,"TURRI ROAD","S. BAY BLVD",5280.00,E,N,A,-,N,,,,,,,,,,Y,2,0,1,2,A,-,09,21804,A,F,D,C,A,A,H,-,A,D,0,,,Y,,Y,,-,99,1,0,0,0,0,0,0,0,1,"- ","- ",35.32720947265625,-120.808349609375,"SAN LUIS OBISPO",UNINCORPORATED,-120.81114959716797,35.328792572021484
91238402,2020,2020-05-15,9745,2020-05-05,1404,017857,,2,2,9,4000,0,3,5,,2,002,"N. OCEAN AVENUE","CAYUCOS DRIVE",0.00,,Y,A,-,N,,,,,,,,,,N,3,0,1,2,A,-,21,22106,,F,G,B,B,A,H,-,A,A,0,Y,,,,Y,,D,22,0,1,0,0,1,0,0,0,0,"- ","- ",35.449501037597656,-120.90589904785156,"SAN LUIS OBISPO",UNINCORPORATED,-120.90583801269531,35.449531555175781
91238737,2020,2020-05-18,9740,2020-05-13,0205,018988,,3,3,9,4000,0,1,3,,1,009,SR-46,"ANTELOPE RD",3696.00,W,N,A,-,Y,,,46,,,,,,,Y,2,0,2,1,A,-,08,22107,,N,E,I,A,A,H,-,D,D,0,,,,Y,Y,,G,27,1,1,0,0,0,0,0,0,0,"- ","- ",35.742660522460938,-120.24085998535156,"SAN LUIS OBISPO",UNINCORPORATED,-120.24085998535156,35.742652893066406
91240074,2020,2020-05-20,9745,2020-05-08,1755,017817,,5,2,4,4006,0,3,5,,2,003,"HIGUERA ST.","CLOVER RIDGE LN",2500.00,N,N,A,-,N,,,,,,,,,,Y,4,0,2,2,A,-,03,22350,,N,C,C,A,A,H,-,A,D,0,,,,,Y,,A,01,0,0,2,0,0,0,0,0,0,"- ","- ",35.231060028076172,-120.69013977050781,"SAN LUIS OBISPO","SAN LUIS OBISPO",-120.69017791748047,35.231021881103516
91240417,2020,2020-05-20,9745,2020-05-08,0715,016773,,5,1,9,4000,0,3,5,,2,001,"RODMAN DR","PECHO VALLEY RD",0.00,,Y,A,-,N,,,,,,,,,,N,3,0,1,2,A,-,08,22107,,F,A,G,A,A,H,-,A,D,0,,Y,,,Y,,A,01,0,1,0,0,0,0,1,0,0,"- ","- ",35.308128356933594,-120.05651092529297,"SAN LUIS OBISPO",UNINCORPORATED,-120.85666656494141,35.308128356933594
91243512,2020,2020-05-28,9745,2020-05-26,1055,016514,,2,1,9,4000,0,1,3,,1,011,SR-41,"CERRO ALTO RD.",1056.00,S,N,A,-,Y,,,41,,,,,,,N,3,0,1,1,A,-,08,22107,,N,E,I,A,A,H,-,A,D,0,,Y,,,Y,,L,04,0,1,0,0,0,0,1,0,0,"- ","- ",35.428398132324219,-120.75820159912109,"SAN LUIS OBISPO",UNINCORPORATED,-120.75820159912109,35.428440093994141
91246524,2020,2020-06-02,9745,2020-05-22,1904,018253,,5,2,9,4000,0,3,5,,2,003,"NIPOMO AVE","11TH STREET",0.00,,Y,A,-,N,,,,,,,,,,Y,3,0,1,2,A,-,12,22450,A,N,D,C,A,A,H,-,A,A,0,,,,,Y,,A,07,0,1,0,0,0,0,0,0,0,"- ","- ",35.316909790039062,-120.83109283447266,"SAN LUIS OBISPO",UNINCORPORATED,-120.83106994628906,35.316898345947266
91246773,2020,2020-06-03,9745,2020-05-30,1055,016390,,6,1,9,4000,0,1,3,,1,032,SR-227,"PRICE CANYON ROAD",0.00,,Y,B,-,Y,,,227,,,,,,,Y,3,0,2,2,A,-,03,22350,,N,D,C,A,B,H,-,A,A,0,,,,Y,Y,,A,01,0,1,1,0,0,0,0,0,0,"- ","- ",35.200588226318359,-120.60900115966797,"SAN LUIS OBISPO",UNINCORPORATED,-120.60893249511719,35.200710296630859
91248401,2020,2020-06-08,9740,2020-06-03,0545,017498,,3,3,9,4000,0,3,5,,2,019,"NORTH RIVER ROAD","WELLSONA RD",3168.00,N,N,A,-,N,,,,,,,,,,Y,2,0,2,2,A,-,05,21460,A,N,A,C,A,A,H,-,B,C,0,,,,,Y,,A,01,1,1,0,0,0,0,0,0,0,"- ","- ",35.704311370849609,-120.68144226074219,"SAN LUIS OBISPO",UNINCORPORATED,-120.68374633789062,35.688682556152344
91249058,2020,2020-06-08,9745,2020-05-29,1835,019280,,5,2,9,4000,0,3,5,,2,005,"DIVISION STREET","RIVERSIDE ROAD",0.00,,Y,A,-,N,,,,,,,,,,Y,4,0,1,1,A,-,01,23152,F,N,E,I,A,A,H,-,A,A,0,,,,,Y,,A,01,0,0,1,0,0,0,0,0,0,"- ","- ",35.009990692138672,-120.50176239013672,"SAN LUIS OBISPO",UNINCORPORATED,-120.50182342529297,35.009780883789062