CASE_ID,ACCIDENT_YEAR,PROC_DATE,JURIS,COLLISION_DATE,COLLISION_TIME,OFFICER_ID,REPORTING_DISTRICT,DAY_OF_WEEK,CHP_SHIFT,POPULATION,CNTY_CITY_LOC,SPECIAL_COND,BEAT_TYPE,CHP_BEAT_TYPE,CITY_DIVISION_LAPD,CHP_BEAT_CLASS,BEAT_NUMBER,PRIMARY_RD,SECONDARY_RD,DISTANCE,DIRECTION,INTERSECTION,WEATHER_1,WEATHER_2,STATE_HWY_IND,CALTRANS_COUNTY,CALTRANS_DISTRICT,STATE_ROUTE,ROUTE_SUFFIX,POSTMILE_PREFIX,POSTMILE,LOCATION_TYPE,RAMP_INTERSECTION,SIDE_OF_HWY,TOW_AWAY,COLLISION_SEVERITY,NUMBER_KILLED,NUMBER_INJURED,PARTY_COUNT,PRIMARY_COLL_FACTOR,PCF_CODE_OF_VIOL,PCF_VIOL_CATEGORY,PCF_VIOLATION,PCF_VIOL_SUBSECTION,HIT_AND_RUN,TYPE_OF_COLLISION,MVIW,PED_ACTION,ROAD_SURFACE,ROAD_COND_1,ROAD_COND_2,LIGHTING,CONTROL_DEVICE,CHP_ROAD_TYPE,PEDESTRIAN_ACCIDENT,BICYCLE_ACCIDENT,MOTORCYCLE_ACCIDENT,TRUCK_ACCIDENT,NOT_PRIVATE_PROPERTY,ALCOHOL_INVOLVED,STWD_VEHTYPE_AT_FAULT,CHP_VEHTYPE_AT_FAULT,COUNT_SEVERE_INJ,COUNT_VISIBLE_INJ,COUNT_COMPLAINT_PAIN,COUNT_PED_KILLED,COUNT_PED_INJURED,COUNT_BICYCLIST_KILLED,COUNT_BICYCLIST_INJURED,COUNT_MC_KILLED,COUNT_MC_INJURED,PRIMARY_RAMP,SECONDARY_RAMP,LATITUDE,LONGITUDE,COUNTY,CITY,POINT_X,POINT_Y
91251824,2020,2020-08-04,9740,2020-06-08,1025,019800,,1,1,9,4000,0,1,A,,2,720,"CALIFORNIA BLVD","ARIZONA BLVD",0.00,,Y,A,-,N,,,,,,,,,,N,4,0,2,2,A,-,09,21800,C,N,D,C,A,A,H,-,A,A,0,,,,,Y,,A,01,0,0,2,0,0,0,0,0,0,"- ","- ",35.794681549072266,-120.7474365234375,"SAN LUIS OBISPO",UNINCORPORATED,-120.747535,35.794803000000002
91251931,2020,2020-06-17,9745,2020-06-09,0055,018253,,2,3,9,4000,0,3,5,,2,004,"ARRIBA PLACE","AVENIDA DE ARBOLES",100.00,W,N,A,-,N,,,,,,,,,,Y,4,0,1,1,A,-,03,22350,,N,E,I,A,A,H,-,C,D,0,,,,,Y,,A,07,0,0,1,0,0,0,0,0,0,"- ","- ",35.043670654296875,-120.57467651367188,"SAN LUIS OBISPO",UNINCORPORATED,,
91252265,2020,2020-06-16,9740,2020-05-15,1522,017952,,5,2,9,4000,0,1,3,,1,014,"STATE ROUTE 1 (SR-1)","ARDATH DRIVE",3461.00,S,N,A,-,Y,,,1,,,,,,,Y,1,1,0,2,A,-,08,22107,,N,D,C,A,A,H,-,A,D,0,,,Y,,Y,,A,07,0,0,0,0,0,0,0,1,0,"- ","- ",35.544231414794922,-121.06381988525391,"SAN LUIS OBISPO",UNINCORPORATED,-121.06378173828125,35.544277191162109
91253188,2020,2020-06-17,9745,2020-06-12,0735,015144,,5,1,9,4000,0,3,5,,2,004,"OSO FLACO LAKE RD",SR-1,14784.00,W,N,B,-,N,,,,,,,,,,Y,3,0,1,1,A,-,03,22350,,N,E,I,A,A,H,-,A,D,0,,,,,Y,,A,07,0,1,0,0,0,0,0,0,0,"- ","- ",35.027748107910156,-120.61573791503906,"SAN LUIS OBISPO",UNINCORPORATED,-120.61299133300781,35.025733947753906
91254123,2020,2020-06-18,9740,2020-06-15,1550,017498,,1,2,9,4000,0,3,5,,2,022,"CHIMNEY ROCK RD",G-14,6336.00,W,N,A,-,N,,,,,,,,,,Y,3,0,1,1,A,-,03,22350,,N,E,I,A,A,H,-,A,D,0,,,,,Y,,A,01,0,1,0,0,0,0,0,0,0,"- ","- ",35.679981231689453,-120.80951690673828,"SAN LUIS OBISPO",UNINCORPORATED,,
91254573,2020,2020-06-19,9745,2020-06-07,1053,016773,,7,1,9,4000,0,3,5,,2,005,"ORCHARD AVE","RANGE PL",792.00,S,N,A,-,N,,,,,,,,,,Y,3,0,1,2,A,-,09,21801,A,N,D,C,A,A,H,-,A,D,0,,,,,Y,,A,01,0,1,0,0,0,0,0,0,0,"- ","- ",35.013401031494141,-120.47532653808594,"SAN LUIS OBISPO",UNINCORPORATED,-120.47532653808594,35.013351440429688
91255246,2020,2020-06-22,9740,2020-06-18,1830,018988,,4,2,9,4000,0,3,5,,2,018,"W CENTRE ST",SR-41,2112.00,W,N,A,-,N,,,,,,,,,,Y,3,0,1,1,A,-,08,22107,,N,E,I,A,A,H,-,A,D,0,,,,,Y,,A,01,0,1,0,0,0,0,0,0,0,"- ","- ",35.655448913574219,-120.40721893310547,"SAN LUIS OBISPO",UNINCORPORATED,-120.41413879394531,35.661388397216797
91255562,2020,2020-06-22,9740,2020-06-21,1908,020057,,7,2,9,4000,0,3,5,,2,019,"L STREET","11TH ST",90.00,S,N,A,-,N,,,,,,,,,,Y,3,0,1,1,A,-,01,23152,A,N,F,A,A,A,H,-,A,D,0,,,Y,,Y,Y,C,02,0,1,0,0,0,0,0,0,1,"- ","- ",35.748760223388672,-120.6982421875,"SAN LUIS OBISPO",UNINCORPORATED,-120.69812774658203,35.748775482177734
91256327,2020,2020-07-13,9745,2020-06-14,1645,020168,,7,2,4,4006,0,1,2,,2,202,"US-101 NORTHBOUND","MARSH ST",37.00,N,N,A,-,Y,,,101,,,,,,N,Y,4,0,3,2,A,-,08,22107,,N,C,C,A,A,H,-,A,D,0,,,,,Y,,A,01,0,0,3,0,0,0,0,0,0,"- ","- ",35.274700164794922,-120.67118835449219,"SAN LUIS OBISPO","SAN LUIS OBISPO",-120.67115783691406,35.274692535400391
91256642,2020,2020-06-24,9740,2020-06-15,1508,017952,,1,2,9,4000,0,1,3,,1,014,SR-1,"BURTON DR",0.00,,Y,A,-,Y,,,1,,,,,,,Y,3,0,2,2,A,-,12,21453,A,N,D,C,A,A,H,-,A,A,0,,,,,Y,,A,01,0,2,0,0,0,0,0,0,0,"- ","- ",35.555389404296875,-121.08267974853516,"SAN LUIS OBISPO",UNINCORPORATED,-121.08266448974609,35.555305480957031
91256708,2020,2020-06-24,9740,2020-06-18,1440,020057,,4,2,9,4000,0,2,4,,2,012,"NACIMIENTO LAKE DR.","CHIMNEY ROCK RD",1320.00,N,N,A,-,N,,,,,,,,,,Y,3,0,1,2,A,-,05,21460,A,N,A,C,A,A,H,-,A,D,0,,,,Y,Y,,A,07,0,1,0,0,0,0,0,0,0,"- ","- ",35.690891265869141,-120.80020141601562,"SAN LUIS OBISPO",UNINCORPORATED,-120.79338073730469,35.690395355224609
91259879,2020,2020-06-29,9745,2020-06-19,1655,020689,,5,2,9,4000,0,2,4,,1,051,"LOS BERROS RD.","QUAILWOOD LN",200.00,E,N,A,-,N,,,,,,,,,,Y,3,0,1,1,A,-,08,22107,,N,E,I,A,A,H,-,A,D,0,,,,,Y,,A,01,0,1,0,0,0,0,0,0,0,"- ","- ",35.076801300048828,-120.52490234375,"SAN LUIS OBISPO",UNINCORPORATED,-120.52413940429688,35.076244354248047
91260088,2020,2020-06-29,9750,2020-06-22,1704,016469,,1,2,9,4000,0,3,5,,2,060,"US-101 S/B TO SR-166 EAST","SR-166 EAST",0.00,,Y,A,-,Y,,,101,,,,R,,S,Y,4,0,1,2,A,-,09,21802,A,N,D,C,A,A,H,-,A,A,0,,,,,Y,,A,01,0,0,1,0,0,0,0,0,0,"- ","- ",34.996288299560547,-120.43470001220703,"SAN LUIS OBISPO",UNINCORPORATED,-120.43470001220703,34.996288299560547
91260124,2020,2020-06-29,9745,2020-06-14,0945,020773,,7,1,9,4000,0,3,5,,2,004,"EL CAMPO RD","LOS BERROS CREEK",1000.00,E,N,A,-,N,,,,,,,,,,N,2,0,1,1,A,-,08,22107,,N,F,A,A,A,H,-,A,D,0,,,Y,,Y,,C,02,1,0,0,0,0,0,0,0,1,"- ","- ",35.095878601074219,-120.56079864501953,"SAN LUIS OBISPO",UNINCORPORATED,-120.56098937988281,35.095623016357422
91260212,2020,2020-06-29,9745,2020-06-27,1500,020689,,6,2,9,4000,0,1,2,,2,404,"US-101 SOUTHBOUND","SPYGLASS DR",3168.00,S,N,A,-,Y,,,,,,,,,,N,4,0,1,2,A,-,03,22350,,N,C,C,A,A,H,-,A,D,0,,,,,Y,,A,01,0,0,1,0,0,0,0,0,0,"- ","- ",35.159698486328125,-120.67669677734375,"SAN LUIS OBISPO",UNINCORPORATED,,
91261825,2020,2020-07-01,9745,2020-06-27,2238,019070,,6,3,9,4000,0,1,2,,2,505,"US-101 SOUTHBOUND","TEFFT STREET",2640.00,N,N,C,-,Y,,,101,,,,,,S,Y,3,0,1,2,A,-,03,22350,,N,C,C,A,B,H,-,D,D,0,,,,,Y,,A,07,0,1,0,0,0,0,0,0,0,"- ","- ",35.042510986328125,-120.48993682861328,"SAN LUIS OBISPO",UNINCORPORATED,-120.48988342285156,35.042560577392578
91262364,2020,2020-07-02,9740,2020-06-29,2359,019070,,1,3,9,4000,0,1,2,,2,001,"US-101 SOUTHBOUND",SR-58,10032.00,N,N,A,-,Y,,,101,,,,,,S,Y,3,0,1,1,A,-,08,22107,,N,E,I,A,A,H,-,D,D,0,,,,,Y,,A,01,0,1,0,0,0,0,0,0,0,"- ","- ",35.40911865234375,-120.62599945068359,"SAN LUIS OBISPO",UNINCORPORATED,-120.62612152099609,35.409095764160156
91262566,2020,2020-07-02,9750,2020-06-25,1430,016469,,4,2,9,4000,0,1,3,,2,061,SR-166,"US-101 N/B TO SR-166",0.00,,Y,A,-,Y,,,166,,,,,,,Y,3,0,3,2,A,-,12,22450,A,N,A,C,A,A,H,-,A,A,0,,,,,Y,,A,01,0,3,0,0,0,0,0,0,0,"- ","- ",34.996181488037109,-120.43433380126953,"SAN LUIS OBISPO",UNINCORPORATED,-120.43435668945312,34.996326446533203
91263177,2020,2020-07-03,9745,2020-06-25,2050,017968,,4,2,2,4005,0,1,2,,2,404,"US-101 S/B","PRICE STREET",2640.00,N,N,A,-,Y,,,101,,,,,,S,Y,4,0,1,2,A,-,03,22350,,N,C,C,A,A,H,-,C,D,0,,,,,Y,,A,01,0,0,1,0,0,0,0,0,0,"- ","- ",35.153041839599609,-120.6602783203125,"SAN LUIS OBISPO","PISMO BEACH",-120.66027069091797,35.153053283691406
91263197,2020,2020-07-03,9745,2020-06-28,1653,020417,,7,2,9,4000,0,1,2,,1,101,"US-101 S/B","RESERVOIR CANYON RD",990.00,N,N,B,G,Y,,,101,,,,,,S,N,2,0,1,1,A,-,08,22107,,N,E,I,A,A,H,-,A,D,0,,,Y,,Y,,C,02,1,0,0,0,0,0,0,0,1,"- ","- ",35.298061370849609,-120.62751007080078,"SAN LUIS OBISPO",UNINCORPORATED,-120.62754821777344,35.298107147216797
91263643,2020,2020-07-06,9745,2020-07-01,1310,015144,,3,1,2,4005,0,1,2,,2,404,"US-101 NORTHBOUND","SPYGLASS DR",3168.00,S,N,B,-,Y,,,101,,,,,,N,Y,4,0,1,2,A,-,03,22350,,N,C,C,A,A,H,-,A,D,0,,,,,Y,,A,07,0,0,1,0,0,0,0,0,0,"- ","- ",35.159610748291016,-120.67629241943359,"SAN LUIS OBISPO","PISMO BEACH",-120.67626953125,35.15966796875
91267308,2020,2020-07-13,9745,2020-06-25,2105,020226,,4,2,9,4000,0,1,2,,2,505,"US-101 NORTHBOUND","EL CAMPO ROAD",450.00,N,N,A,-,Y,,,101,,,,,,N,Y,4,0,1,2,A,-,04,21703,,N,C,C,A,A,H,-,D,D,0,,,,,Y,,A,07,0,0,1,0,0,0,0,0,0,"- ","- ",35.111740112304688,-120.56511688232422,"SAN LUIS OBISPO",UNINCORPORATED,-120.56510925292969,35.111774444580078
91267627,2020,2020-07-13,9745,2020-07-07,0630,017857,,2,1,9,4000,0,1,2,,2,505,"US-101 NORTHBOUND",SR-166,7920.00,N,N,B,-,Y,,,101,,,,,,N,Y,4,0,1,2,A,-,03,22350,,N,C,C,A,A,H,-,A,D,0,,,,,Y,,D,22,0,0,1,0,0,0,0,0,0,"- ","- ",35.010799407958984,-120.45259857177734,"SAN LUIS OBISPO",UNINCORPORATED,-120.45256042480469,35.010868072509766
91268986,2020,2020-07-15,9745,2020-07-10,1655,017151,,5,2,9,4000,0,1,2,,2,303,"US-101 SOUTHBOUND","SAN LUIS BAY DR",528.00,N,N,A,-,Y,,,101,,,,,,S,N,4,0,1,2,A,-,03,22350,,N,C,C,A,A,H,-,A,D,0,,,,,Y,,A,01,0,0,1,0,0,0,0,0,0,"- ","- ",35.199199676513672,-120.69840240478516,"SAN LUIS OBISPO",UNINCORPORATED,-120.69844055175781,35.199214935302734
91272603,2020,2020-07-22,9740,2020-07-15,0137,020302,,3,3,9,4000,0,3,5,,2,017,"S. RIVER ROAD","OAK LN",528.00,S,N,A,-,N,,,,,,,,,,N,3,0,1,1,A,-,08,22107,,N,E,I,A,A,H,-,D,D,0,,,,,Y,,D,22,0,1,0,0,0,0,0,0,0,"- ","- ",35.604099273681641,-120.68271636962891,"SAN LUIS OBISPO",UNINCORPORATED,-120.68268585205078,35.603904724121094
91275189,2020,2020-07-27,9745,2020-07-16,1137,015144,,4,1,3,4001,0,1,2,,2,402,"US-101 SOUTHBOUND","BRISCO RD",2640.00,S,N,A,-,Y,,,101,,,,,,S,Y,4,0,1,6,A,-,17,23114,A,N,E,J,A,A,H,-,A,D,0,,,,Y,Y,,G,27,0,0,1,0,0,0,0,0,0,"- ","- ",35.124481201171875,-120.59417724609375,"SAN LUIS OBISPO","ARROYO GRANDE",-120.59417724609375,35.124492645263672
91275507,2020,2020-07-28,9745,2020-07-20,1010,016773,,1,1,9,4000,0,3,5,,2,004,"BLACK LAKE CANYON DRIVE","AUGUSTA DR",50.00,S,N,A,-,N,,,,,,,,,,Y,3,0,1,1,C,-,18,,,N,E,I,A,A,H,-,A,D,0,,,,,Y,,-,"- ",0,1,0,0,0,0,0,0,0,"- ","- ",35.051101684570312,-120.53523254394531,"SAN LUIS OBISPO",UNINCORPORATED,-120.53536224365234,35.050834655761719
9127579,2020,2020-11-05,4002,2020-07-23,1505,337,,4,5,3,4002,0,0,0,,0,,"N OAK PARK BL","ATLATNIC CITY AV",438.00,N,N,A,-,N,,,,,,,,,,Y,4,0,1,1,A,-,21,22106,,N,H,I,A,A,H,-,A,A,0,,,,,Y,,A,01,0,0,1,0,0,0,0,0,0,"- ","- ",,,"SAN LUIS OBISPO","GROVER BEACH",-120.60870361328125,35.127876281738281
91276435,2020,2020-07-29,9745,2020-07-26,2255,020773,,7,3,9,4000,0,1,2,,2,505,"US-101 NORTHBOUND","TEFFT STREET",2640.00,S,N,A,-,Y,,,101,,,,,,N,N,4,0,1,2,A,-,03,22350,,N,C,C,A,A,H,-,D,D,0,,,,,Y,,A,01,0,0,1,0,0,0,0,0,0,"- ","- ",35.034549713134766,-120.48197937011719,"SAN LUIS OBISPO",UNINCORPORATED,-120.48197937011719,35.034549713134766
91277252,2020,2020-07-30,9740,2020-07-25,1605,020057,,6,2,9,4000,0,1,3,,2,008,"SR-46 E","CHOLAME VALLEY RD",1200.00,W,N,A,-,Y,,,46,,,,,,,N,4,0,1,2,D,-,00,,,N,A,C,A,A,H,-,A,D,0,,,,Y,Y,,-,"- ",0,0,1,0,0,0,0,0,0,"- ","- ",35.732700347900391,-120.29091644287109,"SAN LUIS OBISPO",UNINCORPORATED,-120.29093170166016,35.732723236083984
9127787,2020,2020-11-06,4002,2020-06-30,1757,721,,2,5,3,4002,0,0,0,,0,,"N 13TH ST","NEWPORT AV",0.00,,Y,B,-,N,,,,,,,,,,N,4,0,1,2,A,-,11,21954,A,N,G,B,D,A,H,-,A,D,0,Y,,,,Y,,N,60,0,0,1,0,1,0,0,0,0,"- ","- ",,,"SAN LUIS OBISPO","GROVER BEACH",-120.61502838134766,35.125118255615234
91279349,2020,2020-08-03,9745,2020-07-30,2230,020689,,4,3,9,4000,0,1,3,,1,043,SR-1,"GARRETT LN",50.00,E,N,A,-,Y,,,1,,,,,,,Y,4,0,1,2,A,-,01,23152,A,N,C,C,A,A,H,-,C,D,0,,,,,Y,Y,A,01,0,0,1,0,0,0,0,0,0,"- ","- ",35.047199249267578,-120.58229827880859,"SAN LUIS OBISPO",UNINCORPORATED,-120.58229827880859,35.047267913818359
91279661,2020,2020-08-03,9740,2020-07-28,1010,021275,,2,1,9,4000,0,1,3,,2,006,SR-229,SR-58,3168.00,N,N,A,-,N,,,229,,,,,,,N,3,0,2,2,A,-,05,21650,,N,H,G,A,A,H,-,A,D,0,,Y,,,Y,,L,04,0,2,0,0,0,0,2,0,0,"- ","- ",35.435298919677734,-120.54360961914062,"SAN LUIS OBISPO",UNINCORPORATED,-120.54363250732422,35.435317993164062
91282024,2020,2020-08-06,9745,2020-08-02,1746,020211,,7,2,9,4000,0,1,3,,1,043,"SR-1 SOUTHBOUND","WINTERHAVEN WAY",1426.00,N,N,A,-,Y,,,1,,,,,,S,N,3,0,1,1,A,-,08,22107,,N,F,A,A,A,H,-,A,D,0,,,Y,,Y,,C,02,0,1,0,0,0,0,0,0,1,"- ","- ",35.047210693359375,-120.59047698974609,"SAN LUIS OBISPO",UNINCORPORATED,-120.59047698974609,35.047248840332031
91282258,2020,2020-08-07,9740,2020-08-06,1440,016154,,4,2,9,4000,0,1,3,,2,007,SR-41,"CLARK RD.",5850.00,S,N,A,-,Y,,,41,,,,,,,Y,3,0,1,1,A,-,08,22107,,N,E,I,A,A,H,-,A,D,0,,,,,Y,,D,22,0,1,0,0,0,0,0,0,0,"- ","- ",35.615501403808594,-120.40438079833984,"SAN LUIS OBISPO",UNINCORPORATED,-120.40441131591797,35.615520477294922
91284278,2020,2020-08-11,9745,2020-07-31,1650,019809,,5,2,9,4000,0,3,5,,2,005,"JOSHUA ST","HUTTON RD",300.00,W,N,A,-,N,,,,,,,,,,Y,4,0,2,2,A,-,03,22350,,N,C,C,A,A,H,-,A,D,0,,,,,Y,,A,01,0,0,2,0,0,0,0,0,0,"- ","- ",35.007400512695312,-120.45062255859375,"SAN LUIS OBISPO",UNINCORPORATED,-120.44992828369141,35.007793426513672
91285119,2020,2020-08-14,9745,2020-08-04,1450,017817,,2,2,4,4006,0,3,5,,2,003,"SEE CANYON ROAD","SKYVIEW TRAIL",405.00,S,N,A,-,N,,,,,,,,,,N,2,0,1,1,A,-,08,22107,,N,F,A,A,A,H,-,A,D,0,,Y,,,Y,,L,04,1,0,0,0,0,0,1,0,0,"- ","- ",35.204071044921875,-120.71623992919922,"SAN LUIS OBISPO","SAN LUIS OBISPO",-120.71630096435547,35.204158782958984
91287497,2020,2020-08-17,9740,2020-08-07,2305,020710,,5,3,9,4000,0,1,2,,2,001,SR-58,"CARNAZA RD",80.00,W,N,A,-,Y,,,58,,,,,,,N,4,0,3,1,A,-,03,22350,,N,E,H,A,A,H,-,D,D,0,,,,,Y,,A,07,0,0,3,0,0,0,0,0,0,"- ","- ",35.387561798095703,-120.15544128417969,"SAN LUIS OBISPO",UNINCORPORATED,-120.15544128417969,35.387561798095703
91289553,2020,2020-08-20,9740,2020-08-14,1240,016816,,5,1,9,4000,0,1,2,,2,001,"US-101 NORTHBOUND","SANTA BARBARA RD",8976.00,S,N,A,-,Y,,,101,,,,,,N,Y,3,0,1,2,A,-,01,23152,A,F,B,I,A,A,H,-,A,D,0,,,,,Y,,A,01,0,1,0,0,0,0,0,0,0,"- ","- ",35.421089172363281,-120.63023376464844,"SAN LUIS OBISPO",UNINCORPORATED,-120.63032531738281,35.421043395996094
91289646,2020,2020-08-20,9745,2020-08-15,1635,020211,,6,2,9,4000,0,2,4,,1,048,"AVILA BEACH DRIVE","CAVE LANDING RD",792.00,W,N,A,-,N,,,,,,,,,,Y,4,0,1,1,A,-,08,22107,,N,E,I,A,A,H,-,A,D,0,,,,,Y,,A,01,0,0,1,0,0,0,0,0,0,"- ","- ",35.180561065673828,-120.72354888916016,"SAN LUIS OBISPO",UNINCORPORATED,-120.72404479980469,35.184864044189453
91290804,2020,2020-08-24,9740,2020-08-16,1450,021275,,7,2,9,4000,0,1,3,,2,005,"SR-58 W/B","CAMATTA CREEK RD",721.00,W,N,A,-,Y,,,58,,,,,,W,Y,3,0,2,1,A,-,08,22107,,N,E,I,A,A,H,-,A,D,0,,,,,Y,,D,22,0,1,1,0,0,0,0,0,0,"- ","- ",35.429599761962891,-120.289306640625,"SAN LUIS OBISPO",UNINCORPORATED,-120.2894287109375,35.429512023925781
91291063,2020,2020-08-24,9740,2020-08-17,0420,019700,,1,3,9,4000,0,1,3,,2,008,SR-46,"E. CENTRE STREET",2640.00,W,N,A,-,Y,,,46,,,,,,,Y,3,0,1,1,A,-,08,22107,,N,E,I,A,A,H,-,D,D,0,,,,,Y,,D,22,0,1,0,0,0,0,0,0,0,"- ","- ",35.662860870361328,-120.3626708984375,"SAN LUIS OBISPO",UNINCORPORATED,-120.36281585693359,35.663177490234375
91291862,2020,2020-08-25,9745,2020-08-15,2000,019809,,6,2,9,4000,0,3,5,,2,001,"TV TOWER RD","RT 101",6864.00,W,N,A,-,N,,,,,,,,,,Y,3,0,2,1,A,-,08,22107,,N,F,A,A,A,H,-,D,D,0,,,,,Y,,A,07,0,2,0,0,0,0,0,0,0,"- ","- ",35.346641540527344,-120.64420318603516,"SAN LUIS OBISPO",UNINCORPORATED,,
91292994,2020,2020-08-26,9750,2020-08-21,1650,017496,,5,2,9,4000,0,1,2,,2,111,"US-101 N/B","SR-166 EAST",700.00,S,N,A,-,Y,,,101,,,,,,N,Y,3,0,1,2,A,-,03,22350,,N,C,C,A,A,H,-,A,D,0,,,,,Y,,A,01,0,1,0,0,0,0,0,0,0,"- ","- ",34.993549346923828,-120.43417358398438,"SAN LUIS OBISPO",UNINCORPORATED,-120.43415832519531,34.993549346923828
91295376,2020,2020-08-28,9745,2020-08-21,1515,017817,,5,2,9,4000,0,1,2,,2,505,"US-101 N/B","VISTA DEL RIO",250.00,S,N,A,-,Y,,,101,,,,,,N,Y,4,0,1,2,A,-,03,22350,,N,C,C,A,A,H,-,A,D,0,,,,Y,Y,,A,07,0,0,1,0,0,0,0,0,0,"- ","- ",35.010360717773438,-120.45187377929688,"SAN LUIS OBISPO",UNINCORPORATED,-120.45181274414062,35.010467529296875
91296136,2020,2020-08-31,9745,2020-08-27,1135,016390,,4,1,9,4000,0,1,2,,2,505,"US-101 S/B","TEFFT STREET",3168.00,S,N,A,-,Y,,,101,,,,,,S,Y,4,0,1,2,A,-,03,22350,,N,C,C,A,A,H,-,A,D,0,,,,,Y,,A,01,0,0,1,0,0,0,0,0,0,"- ","- ",35.030189514160156,-120.47763061523438,"SAN LUIS OBISPO",UNINCORPORATED,-120.47760009765625,35.030220031738281
91297283,2020,2020-09-01,9740,2020-08-28,1550,017498,,5,2,9,4000,0,1,3,,2,008,"SR-46 E/B","GENESEO RD",0.00,,Y,A,-,Y,,,46,,,,,,E,Y,4,0,2,2,A,-,09,21802,A,N,D,C,A,A,H,-,A,A,0,,,,,Y,,A,07,0,0,2,0,0,0,0,0,0,"- ","- ",35.659309387207031,-120.56088256835938,"SAN LUIS OBISPO",UNINCORPORATED,-120.56088256835938,35.659461975097656
91298549,2020,2020-09-03,9745,2020-08-21,1923,017817,,5,2,9,4000,0,1,2,,1,101,"US-101 SOUTHBOUND","STAGE COACH RD.",0.00,,Y,A,-,Y,,,101,,,,,,S,Y,3,0,3,2,A,-,09,21801,A,N,D,C,A,A,H,-,B,D,0,,,,,Y,,A,07,0,3,0,0,0,0,0,0,0,"- ","- ",35.316890716552734,-120.62152862548828,"SAN LUIS OBISPO",UNINCORPORATED,-120.62149810791016,35.316879272460938
91299155,2020,2020-09-04,9745,2020-08-30,1130,016390,,7,1,9,4000,0,2,S,,2,054,"LOPEZ DRIVE","TALLY FARMS RD.",325.00,W,N,A,-,N,,,,,,,,,,Y,2,0,1,2,A,-,03,22350,,N,C,C,A,A,H,-,A,D,0,,,Y,,Y,,A,01,1,0,0,0,0,0,0,0,1,"- ","- ",35.172721862792969,-120.52977752685547,"SAN LUIS OBISPO",UNINCORPORATED,-120.52969360351562,35.172863006591797
9129999,2020,2020-09-17,4006,2020-07-01,1358,62657,,3,5,4,4006,0,0,0,,0,,"S HIGUERA",PRADO,0.00,,Y,A,-,N,,,,,,,,,,Y,4,0,1,2,A,-,09,21801,A,N,A,C,A,A,H,-,A,A,0,,,,,Y,,A,01,0,0,1,0,0,0,0,0,0,"- ","- ",35.254661560058594,-120.66905975341797,"SAN LUIS OBISPO","SAN LUIS OBISPO",-120.66902160644531,35.254619598388672
91301606,2020,2020-09-09,9745,2020-09-01,1727,014910,,2,2,9,4000,0,2,4,,1,025,"LOS OSOS VALLEY ROAD","SOUTH BAY BLVD",18.00,E,N,A,-,N,,,,,,,,,,Y,3,0,1,2,A,-,01,23152,A,N,C,C,A,A,H,-,A,A,0,,,,,Y,Y,A,01,0,1,0,0,0,0,0,0,0,"- ","- ",35.3101806640625,-120.82530212402344,"SAN LUIS OBISPO",UNINCORPORATED,-120.82536315917969,35.310123443603516
91304195,2020,2020-09-14,9740,2020-09-05,2140,020057,,6,2,9,4000,0,3,5,,2,022,"ADELAIDA RD","TOYON WAY",15.00,W,N,A,-,N,,,,,,,,,,Y,3,0,1,1,C,-,18,,,N,E,J,A,A,H,-,D,D,0,,,,,Y,,-,"- ",0,1,0,0,0,0,0,0,0,"- ","- ",35.640628814697266,-120.86267852783203,"SAN LUIS OBISPO",UNINCORPORATED,-120.86246490478516,35.640632629394531
91304275,2020,2020-09-14,9745,2020-09-12,1140,017151,,6,1,9,4000,0,3,5,,2,002,"SOUTH BAY BLVD","LOS OSOS VALLEY RD",30.00,N,N,B,-,N,,,,,,,,,,N,4,0,1,2,A,-,03,22350,,N,C,C,A,A,H,-,A,D,0,,,,,Y,,A,01,0,0,1,0,0,0,0,0,0,"- ","- ",35.310100555419922,-120.82530212402344,"SAN LUIS OBISPO",UNINCORPORATED,-120.82536315917969,35.310222625732422
91305596,2020,2020-09-16,9750,2020-09-07,0000,020511,,1,3,9,4000,0,1,2,,2,111,"US-101 N/B",SR-166,500.00,S,N,A,-,Y,,,101,,,,,,N,Y,3,0,2,1,A,-,01,23152,A,N,E,I,A,A,H,-,D,D,0,,,,,Y,Y,A,01,0,1,1,0,0,0,0,0,0,"- ","- ",34.991409301757812,-120.43379974365234,"SAN LUIS OBISPO",UNINCORPORATED,-120.43385314941406,34.991401672363281