CASE_ID,ACCIDENT_YEAR,PROC_DATE,JURIS,COLLISION_DATE,COLLISION_TIME,OFFICER_ID,REPORTING_DISTRICT,DAY_OF_WEEK,CHP_SHIFT,POPULATION,CNTY_CITY_LOC,SPECIAL_COND,BEAT_TYPE,CHP_BEAT_TYPE,CITY_DIVISION_LAPD,CHP_BEAT_CLASS,BEAT_NUMBER,PRIMARY_RD,SECONDARY_RD,DISTANCE,DIRECTION,INTERSECTION,WEATHER_1,WEATHER_2,STATE_HWY_IND,CALTRANS_COUNTY,CALTRANS_DISTRICT,STATE_ROUTE,ROUTE_SUFFIX,POSTMILE_PREFIX,POSTMILE,LOCATION_TYPE,RAMP_INTERSECTION,SIDE_OF_HWY,TOW_AWAY,COLLISION_SEVERITY,NUMBER_KILLED,NUMBER_INJURED,PARTY_COUNT,PRIMARY_COLL_FACTOR,PCF_CODE_OF_VIOL,PCF_VIOL_CATEGORY,PCF_VIOLATION,PCF_VIOL_SUBSECTION,HIT_AND_RUN,TYPE_OF_COLLISION,MVIW,PED_ACTION,ROAD_SURFACE,ROAD_COND_1,ROAD_COND_2,LIGHTING,CONTROL_DEVICE,CHP_ROAD_TYPE,PEDESTRIAN_ACCIDENT,BICYCLE_ACCIDENT,MOTORCYCLE_ACCIDENT,TRUCK_ACCIDENT,NOT_PRIVATE_PROPERTY,ALCOHOL_INVOLVED,STWD_VEHTYPE_AT_FAULT,CHP_VEHTYPE_AT_FAULT,COUNT_SEVERE_INJ,COUNT_VISIBLE_INJ,COUNT_COMPLAINT_PAIN,COUNT_PED_KILLED,COUNT_PED_INJURED,COUNT_BICYCLIST_KILLED,COUNT_BICYCLIST_INJURED,COUNT_MC_KILLED,COUNT_MC_INJURED,PRIMARY_RAMP,SECONDARY_RAMP,LATITUDE,LONGITUDE,COUNTY,CITY,POINT_X,POINT_Y
91307085,2020,2020-09-18,9745,2020-09-13,1500,020168,,7,2,4,4006,0,1,2,,2,202,US-101,"OSOS ST",3.00,S,N,A,-,Y,,,101,,,,,,,Y,4,0,6,2,A,-,08,22107,,N,E,I,A,A,H,-,A,D,0,,,,,Y,,A,01,0,0,6,0,0,0,0,0,0,"- ","- ",35.285430908203125,-120.66458129882812,"SAN LUIS OBISPO","SAN LUIS OBISPO",-120.66476440429688,35.285667419433594
91307205,2020,2020-09-18,9740,2020-09-11,0925,019800,,5,1,9,4000,0,1,2,,2,002,"US-101 S/B","SAN ANSELMO RD",35.00,S,N,A,-,Y,,,,,,,,,,Y,2,0,1,1,A,-,08,22107,,N,F,A,A,A,H,-,A,D,0,,,Y,,Y,,C,02,1,0,0,0,0,0,0,0,1,"- ","- ",35.497051239013672,-120.68309020996094,"SAN LUIS OBISPO",UNINCORPORATED,,
91308215,2020,2020-09-21,9745,2020-09-13,1146,018009,,7,1,9,4000,0,2,4,,1,048,"AVILA BEACH DRIVE","SAN JUAN ST",0.00,,Y,A,-,N,,,,,,,,,,Y,3,0,3,2,A,-,09,21801,A,N,D,C,A,A,H,-,A,A,0,,,,,Y,Y,A,07,0,2,1,0,0,0,0,0,0,"- ","- ",35.180469512939453,-120.73592376708984,"SAN LUIS OBISPO",UNINCORPORATED,-120.73605346679688,35.180488586425781
91310640,2020,2020-09-24,9745,2020-09-21,1245,018454,,1,1,3,4001,0,1,2,,2,402,"US-101 NORTHBOUND","OAK PARK BLVD",700.00,S,N,A,-,Y,,,101,,,,,,N,Y,4,0,1,1,A,-,08,22107,,N,E,I,A,A,H,-,A,D,0,,,,,Y,,A,07,0,0,1,0,0,0,0,0,0,"- ","- ",35.129150390625,-120.60276794433594,"SAN LUIS OBISPO","ARROYO GRANDE",-120.602783203125,35.129123687744141
91315915,2020,2020-10-01,9745,2020-09-27,0648,018009,,7,1,9,4000,0,1,2,,2,505,"U.S. 101 NORTHBOUND","LAETITIA VINYARD",1584.00,S,N,A,-,Y,,,,,,,,,,Y,4,0,1,1,A,-,08,22107,,N,E,I,A,A,H,-,A,D,0,,,,,Y,,A,01,0,0,1,0,0,0,0,0,0,"- ","- ",35.086639404296875,-120.53330230712891,"SAN LUIS OBISPO",UNINCORPORATED,-120.53335571289062,35.086742401123047
91320158,2020,2020-10-08,9745,2020-10-04,1530,020689,,7,2,9,4000,0,2,4,,1,048,"AVILA BEACH DRIVE","BABE LN",700.00,W,N,A,-,N,,,,,,,,,,N,4,0,1,1,A,-,08,22107,,N,F,A,A,A,H,-,A,D,0,,,Y,,Y,,C,02,0,0,1,0,0,0,0,0,1,"- ","- ",35.17559814453125,-120.75360107421875,"SAN LUIS OBISPO",UNINCORPORATED,-120.75372314453125,35.1756591796875
91321667,2020,2020-10-12,9740,2020-10-04,0950,021275,,7,1,9,4000,0,2,4,,2,012,"NACIMIENTO LAKE DR","BLUEGILL DRIVE",1100.00,N,N,A,-,N,,,,,,,,,,Y,4,0,1,1,A,-,01,23152,A,N,E,I,A,A,H,-,A,D,0,,,,,Y,Y,A,01,0,0,1,0,0,0,0,0,0,"- ","- ",35.750820159912109,-120.87722778320312,"SAN LUIS OBISPO",UNINCORPORATED,-120.87708282470703,35.750724792480469
91322012,2020,2020-10-12,9745,2020-10-10,1625,019809,,6,2,2,4005,0,1,2,,2,404,"US 101 S/B","SPYGLASS DR",2112.00,S,N,A,-,Y,,,,,,,,,,N,4,0,1,2,A,-,03,22350,,N,C,C,A,A,H,-,A,D,0,,,,,Y,,A,01,0,0,1,0,0,0,0,0,0,"- ","- ",35.161911010742188,-120.68235778808594,"SAN LUIS OBISPO","PISMO BEACH",-120.68104553222656,35.161384582519531
91322274,2020,2020-10-12,9740,2020-10-10,1420,018988,,6,2,9,4000,0,3,5,,2,022,"SAN SIMEON CREEK RD",SR-1,30624.00,E,N,A,-,N,,,,,,,,,,Y,4,0,1,1,A,-,08,22107,,N,E,I,A,A,H,-,A,D,0,,,,,Y,,A,01,0,0,1,0,0,0,0,0,0,"- ","- ",35.6309814453125,-121.05075836181641,"SAN LUIS OBISPO",UNINCORPORATED,-121.05119323730469,35.630130767822266
91322844,2020,2020-10-13,9745,2020-10-10,1305,018454,,6,1,2,4005,0,1,2,,2,404,"US-101 NORTHBOUND","PRICE ST",1320.00,S,N,A,-,Y,,,101,,,,,,N,Y,4,0,1,2,A,-,08,22107,,N,D,C,A,A,H,-,A,D,0,,,,,Y,,A,01,0,0,1,0,0,0,0,0,0,"- ","- ",35.138641357421875,-120.632080078125,"SAN LUIS OBISPO","PISMO BEACH",-120.632080078125,35.138633728027344
91323447,2020,2020-10-14,9750,2020-10-06,0605,016469,,2,1,9,4000,0,1,2,,2,111,"US-101 N/B","BROADWAY O/C",2640.00,N,N,A,-,Y,,,101,,,,,,N,Y,3,0,3,3,A,-,03,22350,,N,C,C,A,A,H,-,B,D,0,,,,,Y,,A,01,0,3,0,0,0,0,0,0,0,"- ","- ",34.990230560302734,-120.43363189697266,"SAN LUIS OBISPO",UNINCORPORATED,-120.43369293212891,34.990222930908203
91323632,2020,2020-10-14,9740,2020-10-03,2315,017498,,6,3,9,4000,0,1,3,,2,008,"SR-46 WESTBOUND","MC MILLAN CYN RD",9504.00,W,N,A,-,Y,,,46,,,,,,W,Y,3,0,1,1,A,-,08,22107,,N,F,A,A,A,H,-,D,D,0,,,,,Y,,D,22,0,1,0,0,0,0,0,0,0,"- ","- ",35.6610107421875,-120.44580841064453,"SAN LUIS OBISPO",UNINCORPORATED,-120.44580078125,35.660774230957031
91324780,2020,2020-10-15,9745,2020-10-14,0610,016390,,3,1,9,4000,0,3,5,,2,005,"ORCHARD ROAD","FAITH PLACE",325.00,N,N,A,-,N,,,,,,,,,,Y,2,0,1,1,C,-,18,,,N,E,J,A,A,C,-,D,D,0,,,,,Y,,-,"- ",1,0,0,0,0,0,0,0,0,"- ","- ",35.011859893798828,-120.47286987304688,"SAN LUIS OBISPO",UNINCORPORATED,-120.46775817871094,35.008613586425781
91325300,2020,2020-10-16,9740,2020-10-10,0523,021275,,6,3,4,4008,0,1,2,,2,001,"US-101 SOUTHBOUND","SANTA ROSA RD",4858.00,S,N,A,-,Y,,,101,,,,,,S,Y,3,0,1,1,A,-,03,22350,,N,E,H,A,A,H,-,D,D,0,,,,,Y,,D,22,0,1,0,0,0,0,0,0,0,"- ","- ",35.454509735107422,-120.64250946044922,"SAN LUIS OBISPO",ATASCADERO,-120.64253234863281,35.454494476318359
91327701,2020,2020-10-21,9740,2020-10-09,1650,019648,,5,2,3,4004,0,1,2,,2,003,"US-101 NORTHBOUND","NIBLICK ROAD",2112.00,S,N,A,-,Y,,,101,,,,,,N,N,4,0,1,2,A,-,03,22350,,N,C,C,A,A,H,-,A,D,0,,,,,Y,,A,01,0,0,1,0,0,0,0,0,0,"- ","- ",35.610008239746094,-120.69187927246094,"SAN LUIS OBISPO","PASO ROBLES",-120.69147491455078,35.609893798828125
9132911,2020,2020-09-17,4008,2020-07-22,1141,3125,,3,5,4,4008,0,0,0,,0,,"MORRO RD","OLD MORRO RD W",2481.00,W,N,A,-,Y,SLO,5,41,-,-,13.800,H,-,N,Y,4,0,1,1,A,-,08,22107,,N,F,A,A,A,H,-,A,D,0,,,,,Y,,A,01,0,0,1,0,0,0,0,0,0,"- ","- ",35.459300994873047,-120.68189239501953,"SAN LUIS OBISPO",ATASCADERO,-120.68101501464844,35.459087371826172
91332382,2020,2020-10-27,9745,2020-10-18,0002,017817,,7,3,9,4000,0,2,4,,1,055,"S. MESA RD.","TEFFT ST.",0.00,,Y,A,-,N,,,,,,,,,,Y,4,0,1,3,A,-,12,22450,A,N,D,C,A,A,H,-,C,A,0,,,,,Y,,A,07,0,0,1,0,0,0,0,0,0,"- ","- ",35.024700164794922,-120.49852752685547,"SAN LUIS OBISPO",UNINCORPORATED,-120.49846649169922,35.024688720703125
91333952,2020,2020-10-29,9745,2020-10-22,1550,017151,,4,2,9,4000,0,2,4,,1,025,"LOS OSOS VALLEY RD","FOOTHILL BLVD",500.00,E,N,B,-,N,,,,,,,,,,Y,3,0,1,2,A,-,03,22350,,N,C,C,A,A,H,-,A,D,0,,,,,Y,,A,01,0,1,0,0,0,0,0,0,0,"- ","- ",35.275299072265625,-120.71019744873047,"SAN LUIS OBISPO",UNINCORPORATED,-120.71051788330078,35.275596618652344
91335975,2020,2020-10-30,9740,2020-10-29,1450,020057,,4,2,3,4004,0,1,2,,2,003,"US-101 N/B TO S. SPRING ST.","NIBLICK RD.",2000.00,S,N,A,-,Y,,,101,,,,R,,N,Y,4,0,1,2,A,-,03,22350,,N,C,C,A,A,H,-,A,D,0,,,,,Y,,A,07,0,0,1,0,0,0,0,0,0,"- ","- ",35.609310150146484,-120.69135284423828,"SAN LUIS OBISPO","PASO ROBLES",-120.69135284423828,35.609310150146484
91336859,2020,2020-11-02,9745,2020-10-23,0150,017061,,5,3,9,4000,0,3,5,,2,004,"PRINTZ RD","NOYES RD",0.00,,Y,A,-,N,,,,,,,,,,Y,3,0,2,1,A,-,03,22350,,N,E,I,A,A,H,-,D,A,0,,,,,Y,,A,01,0,1,1,0,0,0,0,0,0,"- ","- ",35.148239135742188,-120.58931732177734,"SAN LUIS OBISPO",UNINCORPORATED,-120.58895874023438,35.148361206054688
91337036,2020,2020-11-02,9745,2020-10-31,1610,020689,,6,2,9,4000,0,3,5,,2,004,"HALCYON RD","MOUNTAIN VIEW RD.",600.00,N,N,A,-,N,,,,,,,,,,Y,3,0,1,1,A,-,01,23152,A,N,E,I,A,A,H,-,A,D,0,,,,,Y,Y,D,22,0,1,0,0,0,0,0,0,0,"- ","- ",35.085098266601562,-120.5906982421875,"SAN LUIS OBISPO",UNINCORPORATED,-120.59082794189453,35.085071563720703
91337792,2020,2020-11-03,9745,2020-10-25,1534,020417,,7,2,9,4000,0,2,4,,1,048,"AVILA BEACH DR.","ONTARIO RD.",900.00,W,N,B,-,N,,,,,,,,,,Y,3,0,1,2,A,-,03,22350,,N,C,C,A,A,H,-,A,D,0,,,,,Y,,A,01,0,1,0,0,0,0,0,0,0,"- ","- ",35.182350158691406,-120.70693206787109,"SAN LUIS OBISPO",UNINCORPORATED,-120.70662689208984,35.182285308837891
91338918,2020,2020-11-04,9740,2020-11-01,1210,018069,,7,1,9,4000,0,1,3,,2,008,"SR-46 W/B","DAVIS ROAD",102.00,W,N,A,-,Y,,,46,,,,,,W,Y,3,0,1,1,A,-,08,22107,,N,E,I,A,A,H,-,A,D,0,,,,,Y,,A,01,0,1,0,0,0,0,0,0,0,"- ","- ",35.732589721679688,-120.29091644287109,"SAN LUIS OBISPO",UNINCORPORATED,-120.29098510742188,35.732692718505859
91340281,2020,2020-11-05,9745,2020-09-18,1305,020773,,5,1,9,4000,0,2,4,,1,042,"ORCUTT ROAD","EDNA RANCH CIRCLE",2640.00,N,N,A,-,N,,,,,,,,,,Y,1,1,0,2,A,-,01,23152,F,N,C,C,A,A,H,-,A,D,0,,,Y,,Y,,C,02,0,0,0,0,0,0,0,1,0,"- ","- ",35.205829620361328,-120.57959747314453,"SAN LUIS OBISPO",UNINCORPORATED,-120.58013916015625,35.206378936767578
91340442,2020,2020-11-05,9740,2020-10-31,0127,019259,,6,3,9,4000,0,1,2,,2,004,"US-101 NORTHBOUND","SAN MARCOS RD",2640.00,N,N,A,-,Y,,,101,,,,,,N,Y,4,0,1,1,A,-,08,22107,,N,F,A,A,A,H,-,D,D,0,,,,,Y,,D,22,0,0,1,0,0,0,0,0,0,"- ","- ",35.730018615722656,-120.70102691650391,"SAN LUIS OBISPO",UNINCORPORATED,-120.70096588134766,35.730033874511719
91343711,2020,2020-11-12,9745,2020-11-05,1740,018454,,4,2,3,4001,0,1,2,,2,402,"US-101 SOUTHBOUND","EL CAMPO RD",2640.00,N,N,A,-,Y,,,101,,,,,,S,N,4,0,1,2,A,-,03,22350,,N,C,C,A,A,H,-,D,D,0,,,,,Y,,A,01,0,0,1,0,0,0,0,0,0,"- ","- ",35.114151000976562,-120.57038879394531,"SAN LUIS OBISPO","ARROYO GRANDE",-120.57040405273438,35.114131927490234
91346825,2020,2020-11-17,9740,2020-11-13,1310,017498,,5,1,9,4000,0,1,3,,2,008,SR-46,"SR-41 (NORTH)",0.00,,Y,A,-,Y,,,46,,,,,,,Y,4,0,3,2,A,-,09,21801,A,N,A,C,A,A,H,-,A,D,0,,,,,Y,,A,07,0,0,3,0,0,0,0,0,0,"- ","- ",35.734050750732422,-120.28684234619141,"SAN LUIS OBISPO",UNINCORPORATED,-120.28684234619141,35.734058380126953
91348846,2020,2020-11-19,9745,2020-10-29,0100,016773,,4,3,9,4000,0,3,5,,2,005,"EUCALYPTUS RD","OSAGE ST",65.00,S,N,A,-,N,,,,,,,,,,Y,3,0,1,2,A,-,12,22450,A,F,E,I,F,A,H,-,C,A,0,Y,,,,Y,,A,01,0,1,0,0,1,0,0,0,0,"- ","- ",35.020469665527344,-120.51175689697266,"SAN LUIS OBISPO",UNINCORPORATED,-120.51177215576172,35.020439147949219
91351331,2020,2020-11-23,9740,2020-11-15,1800,020710,,7,2,9,4000,0,3,5,,2,017,"LA PANZA ROAD","JOAQUIN WAY",6600.00,E,N,A,-,N,,,,,,,,,,Y,4,0,1,1,C,-,18,,,N,E,H,A,A,H,-,D,D,0,,,,,Y,,-,"- ",0,0,1,0,0,0,0,0,0,"- ","- ",35.488010406494141,-120.43376159667969,"SAN LUIS OBISPO",UNINCORPORATED,-120.43462371826172,35.488479614257812
91356743,2020,2020-12-01,9740,2020-11-22,1618,021275,,7,2,9,4000,0,1,2,,2,003,"US-101 NORTHBOUND","13TH ST",1500.00,N,N,A,-,Y,,,,,,,,,,Y,3,0,1,1,A,-,08,22107,,N,E,I,A,A,H,-,A,D,0,,,,,Y,,A,01,0,1,0,0,0,0,0,0,0,"- ","- ",35.632400512695312,-120.6864013671875,"SAN LUIS OBISPO",UNINCORPORATED,-120.68638610839844,35.632114410400391
9135729,2020,2020-09-16,4005,2020-07-07,1940,P081,3,2,5,2,4005,0,0,0,,0,,"SHELL BEACH RD","VISTA DEL MAR",10.00,N,N,A,-,N,,,,,,,,,,Y,4,0,2,1,A,-,08,22107,,N,E,I,A,A,D,-,A,D,0,,,,,Y,,A,01,0,0,2,0,0,0,0,0,0,"- ","- ",,,"SAN LUIS OBISPO","PISMO BEACH",-120.67626190185547,35.159290313720703
91357556,2020,2020-12-02,9745,2020-10-15,0440,017061,,4,3,4,4006,0,1,2,,2,202,"US-101 SOUTHBOUND","MADONNA RD",3696.00,S,N,A,-,Y,,,101,,,,,,S,Y,1,1,0,2,A,-,11,21956,,N,G,B,E,A,H,-,C,D,0,Y,,,,Y,Y,N,60,0,0,0,1,0,0,0,0,0,"- ","- ",35.257469177246094,-120.67472076416016,"SAN LUIS OBISPO","SAN LUIS OBISPO",-120.67465972900391,35.257434844970703
9135803,2020,2020-09-23,4008,2020-07-14,1708,2030,,2,5,4,4008,0,0,0,,0,,"TRAFFIC WY","HONDA AV",0.00,,Y,A,-,N,,,,,,,,,,N,2,0,2,2,A,-,09,21801,A,N,A,C,A,A,H,-,A,A,0,,,Y,,Y,,A,01,1,0,1,0,0,0,0,0,1,"- ","- ",35.498649597167969,-120.66615295410156,"SAN LUIS OBISPO",ATASCADERO,-120.66610717773438,35.498611450195312
91358954,2020,2020-12-04,9740,2020-11-24,1650,020302,,2,2,9,4000,0,1,3,,2,011,SR-46W,"ARBOR RD",100.00,W,N,A,-,Y,,,46,,,,,,,N,3,0,1,2,A,-,06,21750,,N,B,G,A,A,H,-,A,D,0,,Y,,,Y,,M,46,0,1,0,0,0,0,1,0,0,"- ","- ",35.581809997558594,-120.717529296875,"SAN LUIS OBISPO",UNINCORPORATED,-120.71764373779297,35.581947326660156
91360195,2020,2020-12-07,9745,2020-11-20,1743,018009,,5,2,9,4000,0,1,2,,2,505,"U.S. 101 SOUTHBOUND","EL CAMPO ROAD",1056.00,S,N,A,-,Y,,,,,,,,,,Y,4,0,1,2,A,-,03,22350,,N,C,C,A,A,H,-,D,D,0,,,,,Y,,A,01,0,0,1,0,0,0,0,0,0,"- ","- ",35.109851837158203,-120.56034851074219,"SAN LUIS OBISPO",UNINCORPORATED,,
91367428,2020,2020-12-15,9745,2020-12-04,1635,017817,,5,2,3,4001,0,1,2,,2,404,"US-101 SOUTHBOUND","EL CAMPO RD.",1100.00,N,N,A,-,Y,,,101,,,,,,S,N,4,0,1,2,A,-,01,23152,A,F,C,C,A,A,H,-,A,D,0,,,,,Y,Y,A,01,0,0,1,0,0,0,0,0,0,"- ","- ",35.112308502197266,-120.56725311279297,"SAN LUIS OBISPO","ARROYO GRANDE",-120.5672607421875,35.112285614013672
91367904,2020,2020-12-15,9740,2020-12-08,1440,021275,,2,2,9,4000,0,1,2,,2,002,"US-101 NORTHBOUND","VINEYARD DR",970.00,S,N,A,-,Y,,,101,,,,,,N,Y,3,0,2,3,A,-,03,22350,,N,C,C,A,A,H,-,A,D,0,,,,,Y,,A,01,0,1,1,0,0,0,0,0,0,"- ","- ",35.541149139404297,-120.71337890625,"SAN LUIS OBISPO",UNINCORPORATED,-120.71336364746094,35.541156768798828
91368462,2020,2020-12-16,9745,2020-12-11,2037,017151,,5,2,9,4000,0,1,3,,2,023,"SR-1 NORTHBOUND","GILARDI RD",600.00,N,N,A,-,Y,,,1,,,,,,N,Y,3,0,1,1,A,-,01,23152,A,N,E,I,A,A,H,-,D,D,0,,,,,Y,Y,A,01,0,1,0,0,0,0,0,0,0,"- ","- ",35.346019744873047,-120.76828002929688,"SAN LUIS OBISPO",UNINCORPORATED,-120.76823425292969,35.3460693359375
91368548,2020,2020-12-16,9745,2020-12-06,0355,018009,,7,3,9,4000,0,1,3,,1,045,"SR-1 SOUTHBOUND","OSO FLACO LAKE RD",2640.00,S,N,A,-,Y,,,1,,,,,,S,Y,3,0,2,1,A,-,08,22107,,F,E,I,A,A,H,-,D,D,0,,,,,Y,,A,01,0,2,0,0,0,0,0,0,0,"- ","- ",35.003158569335938,-120.57048034667969,"SAN LUIS OBISPO",UNINCORPORATED,-120.57051086425781,35.003158569335938
91376005,2020,2020-12-28,9740,2020-12-13,1410,020710,,7,2,9,4000,0,1,3,,2,010,SR-41,SR-46,15840.00,N,N,B,-,Y,,,41,,,,,,,Y,2,0,1,1,A,-,01,23152,A,N,F,A,A,B,H,-,A,D,0,,,,,Y,Y,A,01,1,0,0,0,0,0,0,0,0,"- ","- ",35.766220092773438,-120.25041198730469,"SAN LUIS OBISPO",UNINCORPORATED,-120.25039672851562,35.766193389892578
91377264,2020,2020-12-29,9740,2020-12-24,1230,019800,,4,1,9,4000,0,3,5,,2,017,"MAIN ST","CREEKSIDE RANCH RD",0.00,,Y,B,-,N,,,,,,,,,,Y,4,0,2,2,A,-,09,21801,A,N,A,C,A,A,H,-,A,A,0,,,,,Y,,D,22,0,0,2,0,0,0,0,0,0,"- ","- ",35.559898376464844,-120.70072174072266,"SAN LUIS OBISPO",UNINCORPORATED,-120.70085144042969,35.559539794921875
91377927,2020,2020-12-30,9745,2020-12-26,2050,020029,,6,2,9,4000,0,1,2,,2,303,"US-101 SOUTHBOUND","SAN LUIS BAY DR",2000.00,N,N,A,-,Y,,,101,,,,,,S,Y,4,0,1,2,A,-,08,22107,,N,C,C,A,A,H,-,D,D,0,,,,,Y,,A,01,0,0,1,0,0,0,0,0,0,"- ","- ",35.210849761962891,-120.69708251953125,"SAN LUIS OBISPO",UNINCORPORATED,-120.69702911376953,35.210845947265625
91378939,2020,2020-12-31,9745,2020-12-28,0805,015144,,1,1,9,4000,0,1,2,,2,303,"US-101 SOUTHBOUND","AVILA BEACH DRIVE",450.00,N,N,B,C,Y,,,101,,,,,,S,Y,3,0,1,1,A,-,08,22107,,N,F,A,A,B,H,-,A,D,0,,,,,Y,,A,07,0,1,0,0,0,0,0,0,0,"- ","- ",35.181060791015625,-120.70101928710938,"SAN LUIS OBISPO",UNINCORPORATED,-120.70082855224609,35.181205749511719
91380175,2020,2021-01-04,9745,2020-12-20,1800,020211,,7,2,9,4000,0,1,3,,1,041,"SR-1 (CABRILLO HIGHWAY)","ROSE ST",30.00,E,N,A,-,Y,,,1,,,,,,,N,3,0,1,2,A,-,11,21954,A,N,G,B,E,A,H,-,D,D,0,Y,,,,Y,,N,60,0,1,0,0,1,0,0,0,0,"- ","- ",35.098110198974609,-120.60317993164062,"SAN LUIS OBISPO",UNINCORPORATED,-120.60317993164062,35.098136901855469
91380245,2020,2021-01-04,9745,2020-12-28,0725,016773,,1,1,9,4000,0,1,2,,2,303,"US-101 NORTHBOUND","HIGUERA ST",1584.00,S,N,C,-,Y,,,101,,,,,,N,Y,3,0,1,1,A,-,08,22107,,N,E,J,A,B,H,-,A,D,0,,,,,Y,,D,22,0,1,0,0,0,0,0,0,0,"- ","- ",35.217681884765625,-120.69452667236328,"SAN LUIS OBISPO",UNINCORPORATED,-120.694580078125,35.217720031738281
9138113,2020,2020-09-23,4004,2020-07-27,1609,890,,1,5,3,4004,0,0,0,,0,,"SPRING ST",24TH,0.00,,Y,A,-,N,,,,,,,,,,Y,4,0,1,2,A,-,09,21802,A,N,D,C,A,A,H,-,A,A,0,,,,,Y,,D,22,0,0,1,0,0,0,0,0,0,"- ","- ",35.639259338378906,-120.69246673583984,"SAN LUIS OBISPO","PASO ROBLES",-120.69243621826172,35.639129638671875
91381328,2020,2021-01-05,9750,2020-12-12,1400,018616,,6,2,9,4000,0,1,3,,1,062,SR-166,"SIERRA MADRE RD",3168.00,E,N,A,-,Y,,,166,,,,,,,Y,2,0,6,1,A,-,05,21460,A,N,F,A,A,A,H,-,A,D,0,,,,,Y,,A,08,3,1,2,0,0,0,0,0,0,"- ","- ",35.108440399169922,-120.07991790771484,"SAN LUIS OBISPO",UNINCORPORATED,-120.07988739013672,35.108531951904297
91383648,2020,2021-01-07,9745,2020-12-28,1810,017968,,1,2,9,4000,0,1,3,,1,041,SR-1,"FOWLER LN",0.00,,Y,A,-,Y,,,1,,,,,,,N,3,0,1,2,A,-,08,22107,,F,B,G,A,A,H,-,D,D,0,,Y,,,Y,,A,01,0,1,0,0,0,0,1,0,0,"- ","- ",35.067909240722656,-120.59423065185547,"SAN LUIS OBISPO",UNINCORPORATED,-120.59417724609375,35.06787109375
91383938,2020,2021-01-08,9740,2020-12-28,2056,019648,,1,2,9,4000,0,3,5,,2,022,"JACK CREEK ROAD","VINEYARD DRIVE",9504.00,W,N,A,-,N,,,,,,,,,,Y,3,0,2,1,A,-,01,23152,A,M,E,I,A,A,H,-,D,D,0,,,,,Y,Y,A,07,0,2,0,0,0,0,0,0,0,"- ","- ",35.553348541259766,-120.78627777099609,"SAN LUIS OBISPO",UNINCORPORATED,-120.79322814941406,35.547489166259766
91384240,2020,2021-01-08,9745,2020-12-29,2302,020029,,2,3,9,4000,0,1,2,,2,303,"US-101 N/B FROM SAN LUIS BAY DR","SAN LUIS BAY DR",33.00,N,N,A,-,Y,,,101,,,,R,,N,Y,2,0,1,1,A,-,03,22350,,N,F,I,A,A,H,-,C,D,0,,,,,Y,,A,01,1,0,0,0,0,0,0,0,0,"- ","- ",35.196071624755859,-120.69841766357422,"SAN LUIS OBISPO",UNINCORPORATED,-120.69841766357422,35.196071624755859
91385440,2020,2021-01-11,9740,2020-12-28,0915,019259,,1,1,3,4004,0,1,2,,2,003,"US-101 SOUTHBOUND","NIBLICK RD",2112.00,S,N,C,-,Y,,,101,,,,,,S,Y,4,0,1,2,A,-,08,22107,,N,E,I,A,B,H,-,A,D,0,,,,Y,Y,,A,07,0,0,1,0,0,0,0,0,0,"- ","- ",35.610221862792969,-120.69171905517578,"SAN LUIS OBISPO","PASO ROBLES",-120.69175720214844,35.610225677490234
9138802,2020,2020-09-25,4001,2020-07-13,1457,P0144,462,1,5,3,4001,0,0,0,,0,OPERAT,"CROWN HILL ST","CROWN TER",6.00,S,N,A,-,N,,,,,,,,,,N,4,0,2,2,A,-,08,22107,,N,D,B,E,A,H,-,A,A,0,Y,Y,,,Y,,L,04,0,0,2,0,1,0,1,0,0,"- ","- ",,,"SAN LUIS OBISPO","ARROYO GRANDE",-120.57444763183594,35.125423431396484
9138803,2020,2020-09-25,4001,2020-07-20,1626,P0139,461,1,5,3,4001,0,0,0,,0,OPERAT,"HUASNA RD","STAGECOACH RD",0.00,,Y,A,-,N,,,,,,,,,,Y,2,0,1,2,A,-,06,21750,,N,B,C,A,A,H,-,A,D,0,,,Y,,Y,,C,02,1,0,0,0,0,0,0,0,1,"- ","- ",,,"SAN LUIS OBISPO","ARROYO GRANDE",-120.56546020507812,35.12786865234375
9138869,2020,2020-10-28,4004,2020-08-04,1148,1349,,2,5,3,4004,0,0,0,,0,,"RIVER RD","SERENADE DR",48.00,S,N,A,-,N,,,,,,,,,,N,3,0,1,1,A,-,03,22350,,N,E,I,A,A,D,-,A,A,0,,,,,Y,,A,08,0,1,0,0,0,0,0,0,0,"- ","- ",35.611591339111328,-120.68058013916016,"SAN LUIS OBISPO","PASO ROBLES",-120.68051910400391,35.611461639404297
9139144,2020,2020-11-10,4004,2020-08-09,1013,1373,,7,5,3,4004,0,0,0,,0,,24TH,"RIVERSIDE AV",0.00,,Y,A,-,N,,,,,,,,,,Y,3,0,3,2,-,-,"- ",,A,N,D,C,A,A,H,-,A,A,0,,,,,Y,,A,07,0,1,2,0,0,0,0,0,0,"- ","- ",35.639801025390625,-120.68814849853516,"SAN LUIS OBISPO","PASO ROBLES",-120.68810272216797,35.639789581298828