CASE_ID,ACCIDENT_YEAR,PROC_DATE,JURIS,COLLISION_DATE,COLLISION_TIME,OFFICER_ID,REPORTING_DISTRICT,DAY_OF_WEEK,CHP_SHIFT,POPULATION,CNTY_CITY_LOC,SPECIAL_COND,BEAT_TYPE,CHP_BEAT_TYPE,CITY_DIVISION_LAPD,CHP_BEAT_CLASS,BEAT_NUMBER,PRIMARY_RD,SECONDARY_RD,DISTANCE,DIRECTION,INTERSECTION,WEATHER_1,WEATHER_2,STATE_HWY_IND,CALTRANS_COUNTY,CALTRANS_DISTRICT,STATE_ROUTE,ROUTE_SUFFIX,POSTMILE_PREFIX,POSTMILE,LOCATION_TYPE,RAMP_INTERSECTION,SIDE_OF_HWY,TOW_AWAY,COLLISION_SEVERITY,NUMBER_KILLED,NUMBER_INJURED,PARTY_COUNT,PRIMARY_COLL_FACTOR,PCF_CODE_OF_VIOL,PCF_VIOL_CATEGORY,PCF_VIOLATION,PCF_VIOL_SUBSECTION,HIT_AND_RUN,TYPE_OF_COLLISION,MVIW,PED_ACTION,ROAD_SURFACE,ROAD_COND_1,ROAD_COND_2,LIGHTING,CONTROL_DEVICE,CHP_ROAD_TYPE,PEDESTRIAN_ACCIDENT,BICYCLE_ACCIDENT,MOTORCYCLE_ACCIDENT,TRUCK_ACCIDENT,NOT_PRIVATE_PROPERTY,ALCOHOL_INVOLVED,STWD_VEHTYPE_AT_FAULT,CHP_VEHTYPE_AT_FAULT,COUNT_SEVERE_INJ,COUNT_VISIBLE_INJ,COUNT_COMPLAINT_PAIN,COUNT_PED_KILLED,COUNT_PED_INJURED,COUNT_BICYCLIST_KILLED,COUNT_BICYCLIST_INJURED,COUNT_MC_KILLED,COUNT_MC_INJURED,PRIMARY_RAMP,SECONDARY_RAMP,LATITUDE,LONGITUDE,COUNTY,CITY,POINT_X,POINT_Y
91395681,2020,2021-01-28,9745,2020-12-03,0609,015144,,4,1,4,4006,0,1,2,,2,202,"US-101 NORTHBOUND","LOS OSOS VALLEY RD",2622.00,N,N,E,-,Y,,,101,,,,,,N,N,1,1,0,2,A,-,11,21956,,N,G,B,E,A,H,-,D,D,0,Y,,,,Y,,N,60,0,0,0,1,0,0,0,0,0,"- ","- ",35.2510986328125,-120.67825317382812,"SAN LUIS OBISPO","SAN LUIS OBISPO",-120.67819976806641,35.251071929931641
9140003,2020,2020-09-29,4001,2020-07-09,1740,P0106,46-3,4,5,3,4001,0,0,0,,0,OPERAT,"EAST GRAND AV","FAIR VIEW DR",415.00,E,N,A,-,N,,,,,,,,,,Y,4,0,2,2,A,-,08,22107,,N,D,C,A,A,H,-,A,D,0,,,,,Y,,A,01,0,0,2,0,0,0,0,0,0,"- ","- ",,,"SAN LUIS OBISPO","ARROYO GRANDE",-120.60225677490234,35.120624542236328
91408153,2020,2021-02-15,9740,2020-10-26,1850,020057,,1,2,3,4004,0,1,2,,2,003,"US-101 SOUTHBOUND","NIBLICK ROAD",3960.00,S,N,A,-,Y,,,101,,,,,,S,Y,1,1,1,4,A,-,03,22350,,N,C,C,A,A,D,-,B,A,0,,,,,Y,,D,22,0,1,0,0,0,0,0,0,0,"- ","- ",35.602828979492188,-120.692626953125,"SAN LUIS OBISPO","PASO ROBLES",-120.69266510009766,35.602832794189453
9141703,2020,2020-10-17,4008,2020-08-15,2119,2032,,6,5,4,4008,0,0,0,,0,,"EL CAMINO REAL","LA UVA LN",125.00,S,N,A,-,N,,,,,,,,,,Y,3,0,1,2,A,-,01,23152,A,N,C,E,A,-,H,-,C,D,0,,,,,Y,Y,A,01,0,1,0,0,0,0,0,0,0,"- ","- ",35.506168365478516,-120.69190216064453,"SAN LUIS OBISPO",ATASCADERO,-120.69159698486328,35.505924224853516
9141895,2020,2020-11-04,4008,2020-07-18,1028,3125,C,6,5,4,4008,0,0,0,,0,,"SANTA ANA RD","EAST FRONT RD",0.00,,Y,A,-,Y,SLO,5,101,-,-,44.160,R,4,N,Y,2,0,4,2,A,-,12,21453,A,N,D,C,A,A,H,-,A,A,0,,,,,Y,,A,07,1,1,2,0,0,0,0,0,0,"- ","- ",35.466098785400391,-120.65099334716797,"SAN LUIS OBISPO",ATASCADERO,-120.65269470214844,35.467830657958984
9141903,2020,2020-11-04,4008,2020-07-21,1848,5155,,2,5,4,4008,0,0,0,,0,,"MORRO RD","RT 101",37.00,W,N,A,-,Y,SLO,5,41,-,-,15.850,H,-,N,N,4,0,1,2,A,-,03,22350,,N,C,C,A,A,H,-,A,A,0,,,,,Y,,A,01,0,0,1,0,0,0,0,0,0,"- ",SF,35.484859466552734,-120.66522216796875,"SAN LUIS OBISPO",ATASCADERO,-120.66529083251953,35.484672546386719
9142316,2020,2020-10-01,4006,2020-07-25,2311,19810,,6,5,4,4006,0,0,0,,0,,"TANK FARM","RIGHETTI RANCH",0.00,,Y,A,-,N,,,,,,,,,,Y,3,0,1,1,A,-,03,22350,,N,A,I,A,A,H,-,C,D,0,,,,,Y,,A,01,0,1,0,0,0,0,0,0,0,"- ","- ",35.250259399414062,-120.63310241699219,"SAN LUIS OBISPO","SAN LUIS OBISPO",-120.63310199999999,35.250259
9144764,2020,2020-10-13,4008,2020-08-14,0931,3125,,5,5,4,4008,0,0,0,,0,,"EL CAMINO REAL","MONTECITO AV",18.00,N,N,A,-,N,,,,,,,,,,Y,4,0,1,2,A,-,21,22106,,N,D,C,A,A,H,-,A,D,0,,,,,Y,,A,07,0,0,1,0,0,0,0,0,0,"- ","- ",35.466018676757812,-120.64891815185547,"SAN LUIS OBISPO",ATASCADERO,-120.64884185791016,35.466197967529297
9147882,2020,2020-10-20,4004,2020-08-31,0803,1349,,1,5,3,4004,0,0,0,,0,,"24TH ST","RIVERSIDE AV",0.00,,Y,A,-,N,,,,,,,,,,N,4,0,1,2,A,-,12,21453,A,N,D,C,A,A,H,-,A,A,0,,,,,Y,,D,22,0,0,1,0,0,0,0,0,0,"- ","- ",35.639801025390625,-120.68814849853516,"SAN LUIS OBISPO","PASO ROBLES",-120.68810272216797,35.639789581298828
9148329,2020,2020-10-22,4002,2020-08-27,1623,721,,4,5,3,4002,0,0,0,,0,,"W GRAND AV","N 7TH ST",0.00,,Y,A,-,N,,,,,,,,,,N,4,0,1,2,-,-,"- ",,,N,C,C,A,A,H,-,A,D,0,,,,,Y,,D,22,0,0,1,0,0,0,0,0,0,"- ","- ",,,"SAN LUIS OBISPO","GROVER BEACH",-120.62271881103516,35.121608734130859
9148555,2020,2020-10-26,4002,2020-08-26,1819,337,,3,5,3,4002,0,0,0,,0,,"S 4TH ST","W GRAND AV",0.00,,Y,A,-,N,,,,,,,,,,N,4,0,1,2,A,-,03,22350,,N,C,C,A,A,H,-,A,A,0,,,,,Y,,A,01,0,0,1,0,0,0,0,0,0,"- ","- ",,,"SAN LUIS OBISPO","GROVER BEACH",-120.62644195556641,35.121799468994141
9149751,2020,2020-11-25,4008,2020-08-15,0926,3125,,6,5,4,4008,0,0,0,,0,,"SAN RAMON RD","RT 101",45.00,N,N,A,-,Y,SLO,5,101,-,-,49.300,R,1,S,N,2,0,2,2,A,-,09,21801,A,N,H,G,A,A,H,-,A,D,0,,Y,,,Y,,D,22,1,0,1,0,0,0,2,0,0,"- ",SO,35.52655029296875,-120.7047119140625,"SAN LUIS OBISPO",ATASCADERO,-120.70458984375,35.526237487792969
9152979,2020,2020-10-22,4008,2020-08-28,1123,2154,,5,5,4,4008,0,0,0,,0,,"EL CAMINO REAL","MONTECITO AV",325.00,S,N,A,-,N,,,,,,,,,,N,4,0,2,2,A,-,09,21804,A,N,D,-,A,A,H,-,A,D,0,,,,,Y,,A,01,0,0,2,0,0,0,0,0,0,"- ","- ",35.466018676757812,-120.64891815185547,"SAN LUIS OBISPO",ATASCADERO,-120.64813995361328,35.465450286865234
9153033,2020,2020-10-29,4006,2020-08-20,2156,68099,,4,5,4,4006,0,0,0,,0,,AUGUSTA,"SAN CARLOS DR",0.00,,Y,A,-,N,,,,,,,,,,Y,3,0,1,2,A,-,08,22107,,N,B,E,A,A,H,-,C,D,0,,,,,Y,,A,01,0,1,0,0,0,0,0,0,0,"- ","- ",35.271270751953125,-120.64634704589844,"SAN LUIS OBISPO","SAN LUIS OBISPO",-120.64646148681641,35.271270751953125
9156517,2020,2020-11-23,4004,2020-09-16,1428,1208,,3,5,3,4004,0,0,0,,0,,"LANA ST","FRANCES ST",110.00,W,N,A,-,N,,,,,,,,,,Y,4,0,1,4,A,-,03,22350,,N,B,C,E,A,H,-,A,D,0,Y,,,,Y,,A,01,0,0,1,0,1,0,0,0,0,"- ","- ",35.619388580322266,-120.66185760498047,"SAN LUIS OBISPO","PASO ROBLES",-120.66208648681641,35.620403289794922
9162290,2020,2020-10-24,4006,2020-08-24,1908,77891,,1,5,4,4006,0,0,0,,0,,"HIGUERA ST",FONTANA,552.00,S,N,A,-,N,,,,,,,,,,Y,4,0,1,2,-,-,"- ",,,N,C,C,A,A,H,-,A,B,0,,,,,Y,,A,01,0,0,1,0,0,0,0,0,0,"- ","- ",35.259700775146484,-120.66889953613281,"SAN LUIS OBISPO","SAN LUIS OBISPO",-120.66889953613281,35.259841918945312
9162392,2020,2020-12-02,4006,2020-09-03,1617,98539,,4,5,4,4006,0,0,0,,0,,"SANTA ROSA",MONTEREY,0.00,,Y,A,-,N,,,,,,,,,,N,3,0,1,2,A,-,08,22107,,F,G,B,B,A,-,-,A,A,0,Y,,,,Y,Y,-,99,0,1,0,0,1,0,0,0,0,"- ","- ",,,"SAN LUIS OBISPO","SAN LUIS OBISPO",-120.65995788574219,35.282600402832031
9164078,2020,2020-11-25,4008,2020-09-05,1710,3125,,6,5,4,4008,0,0,0,,0,,"MORRO RD","CURBARIL AV",13.00,W,N,A,-,Y,SLO,5,41,-,-,15.110,I,5,S,N,3,0,1,2,A,-,17,21451,A,N,G,B,B,A,D,-,A,A,0,Y,,,,Y,,A,07,0,1,0,0,1,0,0,0,0,"- ","- ",35.474220275878906,-120.66832733154297,"SAN LUIS OBISPO",ATASCADERO,-120.66835784912109,35.474086761474609
9164975,2020,2020-11-03,4008,2020-09-30,2311,3134,,3,5,4,4008,0,0,0,,0,,"SANTA YSABEL AV","CURBARIL AV",428.00,N,N,A,-,N,,,,,,,,,,Y,3,0,1,3,A,-,08,22107,,N,D,E,A,A,H,-,C,D,0,,,,,Y,,A,01,0,1,0,0,0,0,0,0,0,"- ","- ",35.479259490966797,-120.65450286865234,"SAN LUIS OBISPO",ATASCADERO,-120.65535736083984,35.480083465576172
9165510,2020,2020-12-02,4008,2020-09-24,1117,2154,,4,5,4,4008,0,0,0,,0,,"MERCEDES AV","RT 41",0.00,,Y,A,-,Y,SLO,5,41,-,R,16.925,I,5,N,Y,4,0,2,2,A,-,09,21801,A,N,D,C,A,A,H,-,A,D,0,,,,,Y,,A,01,0,0,2,0,0,0,0,0,0,"- ","- ",35.500770568847656,-120.65834808349609,"SAN LUIS OBISPO",ATASCADERO,-120.65912628173828,35.499237060546875
9166250,2020,2020-11-10,4004,2020-09-28,1751,1448,,1,5,3,4004,0,0,0,,0,,"SPRING ST","26TH ST",0.00,,Y,A,-,N,,,,,,,,,,,3,0,1,2,A,-,09,21802,A,N,D,G,A,A,H,-,A,D,0,,Y,,,Y,,L,04,0,1,0,0,0,0,1,0,0,"- ","- ",35.641201019287109,-120.69268035888672,"SAN LUIS OBISPO","PASO ROBLES",-120.69259643554688,35.641258239746094
9166550,2020,2020-12-02,4005,2020-09-05,1446,P090,7,6,5,2,4005,0,0,0,,0,,"FIVE CITIES DR","A AV",216.00,S,N,A,-,N,,,,,,,,,,Y,3,0,2,3,A,-,09,21804,,N,D,C,A,A,H,-,A,D,0,,,,,Y,,A,01,0,1,1,0,0,0,0,0,0,"- ","- ",,,"SAN LUIS OBISPO","PISMO BEACH",-120.62969207763672,35.136917114257812
9167375,2020,2020-10-23,4008,2020-08-25,0005,3113,,2,5,4,4008,0,0,0,,0,,"SANTA ROSA RD","EAST FRONT RD",57.00,W,N,A,-,N,,,,,,,,,,N,3,0,1,1,A,-,01,21200,5,N,F,A,A,A,H,-,C,D,0,,Y,,,Y,Y,L,04,0,1,0,0,0,0,1,0,0,"- ","- ",35.466098785400391,-120.65099334716797,"SAN LUIS OBISPO",ATASCADERO,-120.65101623535156,35.466079711914062
9169847,2020,2021-01-11,4001,2020-09-01,0300,P0139,463,2,5,3,4001,0,0,0,,0,OPERAT,"S RENA ST","DODSON WY",202.00,N,N,A,-,N,,,,,,,,,,N,4,0,1,3,A,-,08,22107,,F,C,E,A,A,H,-,C,D,0,,,,,Y,,A,01,0,0,1,0,0,0,0,0,0,"- ","- ",,,"SAN LUIS OBISPO","ARROYO GRANDE",-120.59033203125,35.116062164306641
9170821,2020,2021-01-13,4004,2020-10-19,1851,1426,,1,5,3,4004,0,0,0,,0,,"CRESTON RD","WALNUT DR",45.00,E,N,-,-,,,,,,,,,,,,3,0,1,2,A,-,10,21950,A,N,G,B,C,A,H,-,D,D,0,Y,,,,Y,,A,01,0,1,0,0,1,0,0,0,0,"- ","- ",35.627590179443359,-120.67429351806641,"SAN LUIS OBISPO","PASO ROBLES",-120.67399597167969,35.627468109130859
9172230,2020,2020-11-24,4004,2020-10-04,1308,1373,,7,5,3,4004,0,0,0,,0,,"RT 46E","GOLDEN HILL RD",35.00,W,N,A,-,Y,SLO,5,46,-,-,31.300,H,-,E,Y,4,0,1,2,A,-,03,22350,,N,C,C,A,A,H,-,A,A,0,,,,,Y,,A,07,0,0,1,0,0,0,0,0,0,"- ","- ",35.644428253173828,-120.657958984375,"SAN LUIS OBISPO","PASO ROBLES",-120.65826416015625,35.644428253173828
9177743,2020,2020-12-15,4004,2020-10-21,1820,1304,,3,5,3,4004,0,0,0,,0,,"13TH ST","RIVER RD",0.00,,Y,A,-,N,,,,,,,,,,N,4,0,1,2,A,-,05,21650,1,N,D,G,A,A,H,-,A,A,0,,Y,,,Y,,L,04,0,0,1,0,0,0,1,0,0,"- ","- ",35.629081726074219,-120.68315887451172,"SAN LUIS OBISPO","PASO ROBLES",-120.68318176269531,35.629108428955078
9177820,2020,2021-01-08,4008,2020-10-17,1303,3125,,6,5,4,4008,0,0,0,,0,,"CURBARIL AV","CORTEZ AV",0.00,,Y,A,-,N,,,,,,,,,,N,2,0,1,2,A,-,08,22107,,N,H,G,A,A,H,-,A,D,0,,Y,,,Y,,L,04,1,0,0,0,0,0,1,0,0,"- ","- ",35.486869812011719,-120.64795684814453,"SAN LUIS OBISPO",ATASCADERO,-120.64810180664062,35.486991882324219
9182587,2020,2020-11-24,4006,2020-09-28,1401,16380,,1,5,4,4006,0,0,0,,0,,CHORRO,ISLAY,39.00,S,N,A,-,N,,,,,,,,,,Y,4,0,1,3,A,-,03,22350,,N,B,E,A,A,H,-,A,D,0,,,,,Y,,A,01,0,0,1,0,0,0,0,0,0,"- ","- ",35.275688171386719,-120.65920257568359,"SAN LUIS OBISPO","SAN LUIS OBISPO",-120.65940093994141,35.275974273681641
9185016,2020,2021-02-10,4006,2020-12-12,0522,68045,,6,5,4,4006,0,0,0,,0,,OLIVE,"SANTA ROSA",0.00,,Y,C,-,N,,,,,,,,,,N,3,0,1,2,A,-,10,21950,C,N,G,B,B,B,H,-,C,A,0,Y,,,,Y,,A,07,0,1,0,0,1,0,0,0,0,"- ","- ",35.287460327148438,-120.66445159912109,"SAN LUIS OBISPO","SAN LUIS OBISPO",-120.66426,35.287520000000001
9188252,2020,2020-12-31,4003,2020-10-09,1705,H9596,6,5,5,2,4003,0,0,0,,0,002,"ATASCADERO RD","MAIN ST",50.00,E,N,A,-,N,,,,,,,,,,N,4,0,1,2,A,-,03,22350,,N,C,C,A,A,H,-,A,A,0,,,,,Y,,D,22,0,0,1,0,0,0,0,0,0,"- ","- ",,,"SAN LUIS OBISPO","MORRO BAY",-120.85466766357422,35.380260467529297
9189903,2020,2020-12-28,4001,2020-10-13,0158,P0139,461,2,5,3,4001,0,0,0,,0,OPERAT,"RT 101","EAST GRAND AV",0.00,,N,A,-,Y,SLO,5,101,-,-,13.314,R,4,N,Y,3,0,1,2,A,-,01,23152,G,M,C,C,A,A,H,-,A,A,0,,,,,Y,Y,A,01,0,1,0,0,0,0,0,0,0,NO,"- ",,,"SAN LUIS OBISPO","ARROYO GRANDE",-120.58594512939453,35.122161865234375
9189905,2020,2020-12-21,4001,2020-10-08,2138,P0139,462,4,5,3,4001,0,0,0,,0,OPERAT,"N OAK PARK BL","WEST BRANCH ST",0.00,,Y,A,-,N,,,,,,,,,,Y,4,0,1,2,A,-,12,21453,A,F,D,C,A,A,H,-,C,A,0,,,,,Y,Y,-,99,0,0,1,0,0,0,0,0,0,"- ","- ",,,"SAN LUIS OBISPO","ARROYO GRANDE",-120.60652923583984,35.130588531494141
9191791,2020,2021-02-05,4002,2020-11-19,1622,093,101,4,5,3,4002,0,0,0,,0,,"N 4TH ST","OCEAN VIEW AV",976.00,N,N,A,-,N,,,,,,,,,,Y,4,0,1,2,A,-,03,22350,,N,C,C,A,A,H,-,B,D,0,,,,,Y,,A,01,0,0,1,0,0,0,0,0,0,"- ","- ",,,"SAN LUIS OBISPO","GROVER BEACH",-120.62393951416016,35.131145477294922
9191792,2020,2021-02-01,4008,2020-11-14,1827,3125,,6,5,4,4008,0,0,0,,0,,"EL CAMINO REAL","EAST MALL",24.00,N,N,A,-,N,,,,,,,,,,N,2,0,1,2,A,-,10,21950,A,N,G,B,B,A,H,-,C,A,0,Y,,,,Y,,A,01,1,0,0,0,1,0,0,0,0,"- ","- ",35.488079071044922,-120.66783142089844,"SAN LUIS OBISPO",ATASCADERO,-120.66793060302734,35.488136291503906
9191937,2020,2021-02-10,4002,2020-11-16,1355,721,,1,5,3,4002,0,0,0,,0,,"N OAK PARK BL","SIERRA DR",80.00,S,N,A,-,N,,,,,,,,,,N,3,0,3,2,A,-,05,21460,A,N,D,C,A,A,H,-,A,D,0,,,,,Y,,A,01,0,2,1,0,0,0,0,0,0,"- ","- ",,,"SAN LUIS OBISPO","GROVER BEACH",-120.60769653320312,35.128471374511719
9191967,2020,2020-12-18,4006,2020-10-30,0615,10938,,5,5,4,4006,0,0,0,,0,,"HIGUERA ST",SUBURBAN,0.00,,Y,B,-,N,,,,,,,,,,Y,4,0,2,2,A,-,12,21453,A,N,D,C,A,B,H,-,C,A,0,,,,,Y,,D,22,0,0,2,0,0,0,0,0,0,"- ","- ",35.244010925292969,-120.67527008056641,"SAN LUIS OBISPO","SAN LUIS OBISPO",-120.67539978027344,35.244029998779297
9192184,2020,2021-01-26,4004,2020-10-10,1924,1441,,6,5,3,4004,0,0,0,,0,001,"THEATRE DR","RT 101",0.00,,Y,A,-,Y,SLO,5,46,-,-,29.812,I,5,W,N,4,0,1,2,A,-,08,22107,,N,B,D,A,A,H,-,C,A,0,,,,,Y,,A,01,0,0,1,0,0,0,0,0,0,"- ",SF,,,"SAN LUIS OBISPO","PASO ROBLES",-120.68357849121094,35.643184661865234
9193315,2020,2020-12-15,4006,2020-10-15,2026,98137,,4,5,4,4006,0,0,0,,0,,ROYAL,"LOS OSOS VALLEY",269.00,E,N,A,-,N,,,,,,,,,,N,4,0,2,2,A,-,17,22109,,N,C,C,A,A,H,-,C,D,0,,,,,Y,,-,,0,0,2,0,0,0,0,0,0,"- ","- ",35.259178161621094,-120.69178771972656,"SAN LUIS OBISPO","SAN LUIS OBISPO",-120.69190979003906,35.259120941162109
9193317,2020,2020-12-15,4006,2020-10-10,1848,68099,,6,5,4,4006,0,0,0,,0,,JOHNSON,"SYDNEY ST",0.00,,Y,A,-,N,,,,,,,,,,Y,3,0,2,2,A,-,09,21802,A,N,D,C,A,A,H,-,C,A,0,,,,,Y,,A,01,0,2,0,0,0,0,0,0,0,"- ","- ",35.271541595458984,-120.64395904541016,"SAN LUIS OBISPO","SAN LUIS OBISPO",-120.64392852783203,35.271549224853516
9198061,2020,2021-02-01,4003,2020-11-09,1214,S1377,3,1,5,2,4003,0,0,0,,0,001,"MAIN ST","DUNES ST",0.00,,Y,A,-,N,,,,,,,,,,Y,3,0,1,2,A,-,09,21802,A,N,D,C,A,A,H,-,A,A,0,,,,,Y,,A,01,0,1,0,0,0,0,0,0,0,"- ","- ",,,"SAN LUIS OBISPO","MORRO BAY",-120.85002899169922,35.367828369140625
9198068,2020,2021-02-01,4003,2020-11-28,1951,V9096,6,6,5,2,4003,0,0,0,,0,001,"CLARABELLE DR","RADCLIFF AV",63.00,S,N,A,-,N,,,,,,,,,,Y,3,0,1,2,A,-,01,23152,A,N,A,E,A,A,H,-,C,D,0,,,,,Y,Y,A,07,0,1,0,0,0,0,0,0,0,"- ","- ",,,"SAN LUIS OBISPO","MORRO BAY",-120.84912872314453,35.374843597412109
9199736,2020,2021-01-22,4001,2020-11-02,0721,P0143,"46 1",1,5,3,4001,0,0,0,,0,OPERAT,"TRAFFIC WY","FAIR OAKS AV",121.00,S,N,A,-,N,,,,,,,,,,N,4,0,1,2,A,-,08,22107,,N,D,C,A,A,H,-,A,D,0,,,Y,,Y,,A,07,0,0,1,0,0,0,0,0,1,"- ","- ",,,"SAN LUIS OBISPO","ARROYO GRANDE",-120.57616424560547,35.119415283203125
9200117,2020,2021-02-23,4006,2020-12-02,1637,89870,,3,5,4,4006,0,0,0,,0,,"HIGUERA ST","VACHELL LN",0.00,,Y,A,-,N,,,,,,,,,,Y,3,0,2,2,A,-,09,21802,A,N,D,C,A,A,H,-,A,D,0,,,,,Y,,D,22,0,1,1,0,0,0,0,0,0,"- ","- ",35.143501281738281,-120.40329742431641,"SAN LUIS OBISPO","SAN LUIS OBISPO",-120.67598724365234,35.243110656738281
9201693,2020,2021-02-25,4006,2020-12-05,1230,97574,,6,5,4,4006,0,0,0,,0,,"HIGUERA ST",ELKS,0.00,,Y,A,-,N,,,,,,,,,,N,4,0,1,2,A,-,08,22107,A,F,G,B,B,A,H,-,A,D,0,Y,,,,Y,Y,-,,0,0,1,0,1,0,0,0,0,"- ","- ",35.263881683349609,-120.67051696777344,"SAN LUIS OBISPO","SAN LUIS OBISPO",-120.67044067382812,35.263710021972656
9205358,2020,2021-02-01,4003,2020-12-16,1354,S1377,6,3,5,2,4003,0,0,0,,0,001,"MAIN ST","ATASCADERO RD",0.00,,Y,A,-,Y,SLO,5,41,-,-,0.050,H,-,S,N,4,0,1,2,A,-,04,21703,,N,C,D,A,A,H,-,A,A,0,,,,,Y,,A,01,0,0,1,0,0,0,0,0,0,"- ","- ",,,"SAN LUIS OBISPO","MORRO BAY",-120.85474395751953,35.380287170410156
9215687,2020,2021-02-11,4008,2020-12-17,1534,3125,,4,5,4,4008,0,0,0,,0,,"EL CAMINO REAL","PUEBLO AV",193.00,N,N,A,-,N,,,,,,,,,,Y,3,0,2,2,A,-,21,22106,,N,D,C,A,A,H,-,A,D,0,,,,,Y,,A,01,0,1,1,0,0,0,0,0,0,"- ","- ",35.4805908203125,-120.65827941894531,"SAN LUIS OBISPO",ATASCADERO,-120.65850830078125,35.480926513671875
9215958,2020,2021-02-08,4001,2020-12-26,2244,P0148,46-2,6,5,3,4001,0,0,0,,0,OPERAT,"BRISCO RD","LINDA ST",223.00,S,N,A,-,N,,,,,,,,,,Y,4,0,1,2,A,-,01,23152,A,N,D,E,A,A,H,-,C,D,0,,,,,Y,Y,A,01,0,0,1,0,0,0,0,0,0,"- ","- ",,,"SAN LUIS OBISPO","ARROYO GRANDE",-120.59808349609375,35.121433258056641
9231379,2020,2021-03-18,4002,2020-01-05,1234,020417,,7,5,3,4002,0,0,0,,0,,"OAK PARK BL","CAPISTRANO CT",55.00,N,N,B,-,N,,,,,,,,,,Y,2,0,1,4,A,-,08,22107,,N,B,E,A,A,H,-,A,D,0,,,,,Y,Y,J,48,1,0,0,0,0,0,0,0,0,"- ","- ",35.1085205078125,-120.60740661621094,"SAN LUIS OBISPO","GROVER BEACH",-120.60736083984375,35.108489990234375
9258044,2020,2021-04-30,4005,2020-11-20,1130,P115,5,5,5,2,4005,0,0,0,,0,,"DOLLIVER ST","WADSWORTH AV",0.00,,Y,A,-,N,,,,,,,,,,N,4,0,1,2,A,-,12,22450,A,N,G,B,D,A,H,-,A,A,0,Y,,,,Y,,A,01,0,0,1,0,1,0,0,0,0,"- ","- ",,,"SAN LUIS OBISPO","PISMO BEACH",,
4752478,2011,2012-05-30,4006,2011-04-04,0958,36190,,1,5,4,4006,0,0,0,,0,,BROAD,FUNSTON,0.00,,Y,A,-,N,,,,,,,,,,Y,3,0,2,2,A,-,09,21801,A,N,D,C,A,A,H,-,A,D,0,,,,,Y,,A,01,0,2,0,0,0,0,0,0,0,"- ","- ",,,"SAN LUIS OBISPO","SAN LUIS OBISPO",-120.6555165,35.268507
4752487,2011,2012-04-20,4006,2011-03-30,0103,40150,,3,5,4,4006,0,0,0,,0,,JOHNSON,ELLA,139.00,S,N,A,-,N,,,,,,,,,,N,3,0,1,1,A,-,17,21208,B,N,H,G,A,A,H,-,C,D,0,,Y,,,Y,,L,04,0,1,0,0,0,0,1,0,0,"- ","- ",,,"SAN LUIS OBISPO","SAN LUIS OBISPO",-120.64876932999999,35.277015769999998
4756514,2011,2012-07-11,4006,2011-05-05,2024,27734,,4,5,4,4006,0,0,0,,0,,CHORRO,WALNUT,0.00,,Y,A,-,N,,,,,,,,,,N,3,0,1,2,A,-,14,21201,D,N,D,G,A,A,H,-,C,D,0,,Y,,,Y,,L,04,0,1,0,0,0,0,1,0,0,"- ","- ",,,"SAN LUIS OBISPO","SAN LUIS OBISPO",-120.66633899999999,35.283807000000003
4756584,2011,2012-10-03,4006,2011-05-18,0951,54160,,3,5,4,4006,0,0,0,,0,,"RT 1",OLIVE,10.00,S,N,B,-,Y,SLO,5,1,-,-,16.840,H,-,N,N,3,0,1,2,A,-,08,21717,,N,B,G,A,A,H,-,A,A,0,,Y,,,Y,,A,07,0,1,0,0,0,0,1,0,0,"- ","- ",,,"SAN LUIS OBISPO","SAN LUIS OBISPO",-120.66335563,35.285698029999999
4756622,2011,2012-09-26,9740,2011-05-06,0930,015675,,5,1,9,4000,0,1,3,,1,006,"RT 229","RT 58",6864.00,N,N,A,-,Y,SLO,5,229,-,-,1.300,H,-,N,Y,2,0,1,1,A,-,08,22107,,N,E,I,A,A,H,-,A,D,0,,,Y,,Y,,C,02,1,0,0,0,0,0,0,0,1,"- ","- ",35.441180000000003,-120.54498,"SAN LUIS OBISPO",UNINCORPORATED,-120.54454334,35.440737570000003
4756903,2011,2012-09-27,9740,2011-05-20,1535,18323,,5,2,9,4000,0,1,2,,2,002,"RT 101","MAIN ST",2112.00,S,N,A,-,Y,SLO,5,101,-,-,52.040,H,-,N,Y,3,0,1,3,A,-,08,22107,,N,B,E,A,A,H,-,A,D,1,,,,Y,Y,,F,26,0,1,0,0,0,0,0,0,0,"- ","- ",35.562060000000002,-120.70493999999999,"SAN LUIS OBISPO",UNINCORPORATED,-120.70521671,35.561747990000001
4756911,2011,2012-12-12,9740,2011-05-24,0818,12113,,2,1,9,4000,0,1,3,,2,011,"RT 46","CLASSEN RANCH LN",15.00,E,N,A,-,Y,SLO,5,46,-,R,21.170,H,-,W,Y,4,0,1,2,A,-,03,22350,,N,C,C,A,A,H,-,A,D,0,,,,,Y,,A,01,0,0,1,0,0,0,0,0,0,"- ","- ",35.58569,-120.70845,"SAN LUIS OBISPO",UNINCORPORATED,-120.70682785,35.58616688
4757710,2011,2012-05-08,4005,2011-04-06,0955,P086,5,3,5,2,4005,0,0,0,,0,,"FIVE CITIES DR","4TH ST",55.00,N,N,A,-,N,,,,,,,,,,N,4,0,2,3,A,-,03,22350,,N,C,C,A,A,H,-,A,A,0,,,,,Y,,-,"- ",0,0,2,0,0,0,0,0,0,"- ","- ",,,"SAN LUIS OBISPO","PISMO BEACH",-120.62242676,35.135803000000003