CASE_ID,ACCIDENT_YEAR,PROC_DATE,JURIS,COLLISION_DATE,COLLISION_TIME,OFFICER_ID,REPORTING_DISTRICT,DAY_OF_WEEK,CHP_SHIFT,POPULATION,CNTY_CITY_LOC,SPECIAL_COND,BEAT_TYPE,CHP_BEAT_TYPE,CITY_DIVISION_LAPD,CHP_BEAT_CLASS,BEAT_NUMBER,PRIMARY_RD,SECONDARY_RD,DISTANCE,DIRECTION,INTERSECTION,WEATHER_1,WEATHER_2,STATE_HWY_IND,CALTRANS_COUNTY,CALTRANS_DISTRICT,STATE_ROUTE,ROUTE_SUFFIX,POSTMILE_PREFIX,POSTMILE,LOCATION_TYPE,RAMP_INTERSECTION,SIDE_OF_HWY,TOW_AWAY,COLLISION_SEVERITY,NUMBER_KILLED,NUMBER_INJURED,PARTY_COUNT,PRIMARY_COLL_FACTOR,PCF_CODE_OF_VIOL,PCF_VIOL_CATEGORY,PCF_VIOLATION,PCF_VIOL_SUBSECTION,HIT_AND_RUN,TYPE_OF_COLLISION,MVIW,PED_ACTION,ROAD_SURFACE,ROAD_COND_1,ROAD_COND_2,LIGHTING,CONTROL_DEVICE,CHP_ROAD_TYPE,PEDESTRIAN_ACCIDENT,BICYCLE_ACCIDENT,MOTORCYCLE_ACCIDENT,TRUCK_ACCIDENT,NOT_PRIVATE_PROPERTY,ALCOHOL_INVOLVED,STWD_VEHTYPE_AT_FAULT,CHP_VEHTYPE_AT_FAULT,COUNT_SEVERE_INJ,COUNT_VISIBLE_INJ,COUNT_COMPLAINT_PAIN,COUNT_PED_KILLED,COUNT_PED_INJURED,COUNT_BICYCLIST_KILLED,COUNT_BICYCLIST_INJURED,COUNT_MC_KILLED,COUNT_MC_INJURED,PRIMARY_RAMP,SECONDARY_RAMP,LATITUDE,LONGITUDE,COUNTY,CITY,POINT_X,POINT_Y
6368943,2013,2014-04-19,4008,2013-10-12,0628,3015,,6,5,4,4008,0,0,0,,0,,"PORTOLA RD","COROMAR AV",277.00,W,N,A,-,N,,,,,,,,,,Y,4,0,1,1,A,-,03,22350,,N,E,I,A,A,C,-,B,D,0,,,,,Y,Y,A,01,0,0,1,0,0,0,0,0,0,"- ","- ",,,"SAN LUIS OBISPO",ATASCADERO,-120.6558297,35.467782100000001
6370264,2014,2014-06-10,4006,2014-01-22,1111,54160,,3,5,4,4006,0,0,0,,0,,"TANK FARM RD",BROAD,400.00,E,N,A,-,N,,,,,,,,,,N,3,0,1,2,D,-,00,,,F,C,G,A,A,H,-,A,A,0,,Y,,,Y,,-,"- ",0,1,0,0,0,0,1,0,0,"- ","- ",,,"SAN LUIS OBISPO","SAN LUIS OBISPO",-120.64180406,35.248810740000003
6370407,2014,2016-03-05,9745,2014-01-23,1915,016068,,4,2,4,4006,0,1,2,,2,202,"RT 101","MADONNA RD",280.00,N,N,A,-,Y,SLO,5,101,-,-,27.550,H,-,S,Y,3,0,1,1,A,-,01,23152,A,N,E,I,A,A,H,-,D,A,1,,,,,Y,Y,A,01,0,1,0,0,0,0,0,0,0,"- ","- ",35.267099999999999,-120.67364000000001,"SAN LUIS OBISPO","SAN LUIS OBISPO",-120.6735181,35.266733410000001
6370410,2014,2014-06-20,4005,2014-01-18,1404,P085,1,6,5,2,4005,0,0,0,,0,,"SHELL BEACH RD",ENCANTO,0.00,,Y,A,-,N,,,,,,,,,,Y,4,0,1,2,A,-,03,22350,,N,C,C,A,A,H,-,A,D,0,,,,,Y,,A,01,0,0,1,0,0,0,0,0,0,"- ","- ",,,"SAN LUIS OBISPO","PISMO BEACH",-120.69717998,35.173350030000002
6370414,2014,2016-01-11,4005,2014-01-12,1636,P087,3,7,5,2,4005,0,0,0,,0,,DOLLIVER,ADDIE,0.00,,Y,A,-,Y,SLO,5,1,-,-,15.330,H,-,S,N,3,0,2,2,A,-,03,22350,,N,D,C,A,A,H,-,A,D,0,,,Y,,Y,Y,C,03,0,1,1,0,0,0,0,0,2,"- ","- ",,,"SAN LUIS OBISPO","PISMO BEACH",-120.63844043,35.137970520000003
6371542,2014,2016-03-05,9740,2014-01-25,1120,14662,,6,1,9,4000,0,3,5,,2,017,"SANTA BARBARA RD","RT 101",10.00,N,N,B,-,Y,SLO,5,101,-,-,42.410,R,3,N,Y,4,0,2,1,A,-,08,22107,,N,E,I,A,A,H,-,A,D,1,,,,,Y,,A,01,0,0,2,0,0,0,0,0,0,"- ",FR,35.555900000000001,-120.71120000000001,"SAN LUIS OBISPO",UNINCORPORATED,-120.63851789,35.445615230000001
6371546,2014,2014-06-02,9740,2014-01-15,0650,12113,,3,1,9,4000,0,3,5,,2,018,"UNION RD","PENMAN SPRINGS RD",4224.00,W,N,A,-,N,,,,,,,,,,Y,3,0,1,2,A,-,05,21460,A,N,A,C,A,A,H,-,A,D,0,,,,,Y,,A,01,0,1,0,0,0,0,0,0,0,"- ","- ",35.632539999999999,-120.62829000000001,"SAN LUIS OBISPO",UNINCORPORATED,-120.62780397,35.632342950000002
6372554,2014,2014-06-03,9740,2014-01-21,0650,013984,,2,1,9,4000,0,3,5,,2,018,"LINNE RD","PRISKA LN",0.00,,Y,A,-,N,,,,,,,,,,Y,3,0,1,2,A,-,06,21750,,N,D,C,A,A,H,-,A,D,0,,,,,Y,,D,22,0,1,0,0,0,0,0,0,0,"- ","- ",35.611800000000002,-120.63083,"SAN LUIS OBISPO",UNINCORPORATED,-120.63057992,35.61192011
6377603,2014,2015-11-16,9745,2014-01-31,0745,012876,,5,1,9,4000,0,1,2,,2,404,"RT 101","MATTIE RD",3168.00,N,N,B,-,Y,SLO,5,101,-,-,18.370,H,-,N,Y,4,0,1,2,A,-,04,21703,,N,C,C,A,A,H,-,A,D,1,,,,,Y,,A,07,0,0,1,0,0,0,0,0,0,"- ","- ",35.155650000000001,-120.66576999999999,"SAN LUIS OBISPO",UNINCORPORATED,-120.66431242,35.154994520000002
6377697,2014,2016-03-05,9745,2014-01-29,1705,13212,,3,2,4,4006,0,1,2,,2,303,"RT 101","AVILA BEACH DR",200.00,N,N,A,-,Y,SLO,5,101,-,R,21.180,H,-,S,N,4,0,1,2,A,-,03,22350,,N,C,C,A,A,H,-,B,D,1,,,,,Y,,A,01,0,0,1,0,0,0,0,0,0,"- ","- ",35.181539999999998,-120.70092,"SAN LUIS OBISPO","SAN LUIS OBISPO",-120.70020215,35.180457730000001
6377720,2014,2016-03-05,9745,2014-01-21,0910,015144,,2,1,9,4000,0,1,2,,2,505,"RT 101","TEFFT ST",1056.00,N,N,B,-,Y,SLO,5,101,-,-,5.050,H,-,N,N,4,0,1,1,A,-,08,22107,,N,E,I,A,A,H,-,A,D,1,,,,,Y,,A,01,0,0,1,0,0,0,0,0,0,"- ","- ",35.039549999999998,-120.48703,"SAN LUIS OBISPO",UNINCORPORATED,-120.48663036000001,35.03926285
6378260,2014,2016-01-11,9745,2014-02-04,0845,011620,,2,1,9,4000,0,1,3,,2,023,"RT 1","KANSAS AV",350.00,S,N,A,-,Y,SLO,5,1,-,-,20.820,H,-,N,Y,4,0,1,4,A,-,03,22350,,N,C,C,A,A,H,-,A,D,1,,,,,Y,,A,01,0,0,1,0,0,0,0,0,0,"- ","- ",35.320520000000002,-120.71487,"SAN LUIS OBISPO",UNINCORPORATED,-120.71535933,35.320632799999998
6378277,2014,2014-06-10,9740,2014-01-29,2105,13133,,3,2,9,4000,0,3,5,,2,018,"EL POMAR DR","MOSS LN",1584.00,N,N,A,-,N,,,,,,,,,,Y,3,0,1,1,A,-,01,23152,A,N,E,I,A,A,H,-,D,D,0,,,,,Y,Y,A,01,0,1,0,0,0,0,0,0,0,"- ","- ",35.547649999999997,-120.69886,"SAN LUIS OBISPO",UNINCORPORATED,-120.69899271,35.547403629999998
6379204,2014,2014-06-16,9740,2014-02-07,0810,011452,,5,1,9,4000,0,3,5,,2,021,"THEATER DR","GOLDEN MEADOW DR",0.00,,Y,B,-,N,,,,,,,,,,N,4,0,1,2,A,-,09,21802,A,N,H,G,A,A,H,-,A,A,0,,Y,,,Y,,A,01,0,0,1,0,0,0,1,0,0,"- ","- ",35.573599999999999,-120.6985,"SAN LUIS OBISPO",UNINCORPORATED,-120.69838999,35.573630110000003
6379208,2014,2014-06-16,9740,2014-02-11,0730,13733,,2,1,9,4000,0,3,5,,2,018,"LINNE RD","CHAPARRAL RD",484.00,E,N,B,-,N,,,,,,,,,,Y,3,0,1,1,A,-,08,22107,,N,E,I,A,B,H,-,A,D,0,,,,,Y,,A,07,0,1,0,0,0,0,0,0,0,"- ","- ",35.597720000000002,-120.60927,"SAN LUIS OBISPO",UNINCORPORATED,-120.60346,35.598979999999997
6381466,2014,2014-06-17,4008,2014-02-08,1542,1029,,6,5,4,4008,0,0,0,,0,,"EL CAMINO REAL","ARCADE RD",35.00,S,N,C,-,N,,,,,,,,,,N,4,0,1,2,A,-,08,22102,,N,D,C,A,B,H,-,A,A,0,,,,,Y,Y,D,22,0,0,1,0,0,0,0,0,0,"- ","- ",,,"SAN LUIS OBISPO",ATASCADERO,-120.65417256000001,35.473708870000003
6381494,2014,2016-01-14,9750,2014-02-11,0950,014358,,2,1,9,4000,0,1,3,,1,063,"RT 166","SIERRA MADRE RD",46464.00,E,N,A,-,Y,SLO,5,166,-,R,46.900,H,-,W,Y,4,0,1,1,A,-,08,22107,,N,E,I,A,A,H,-,A,D,0,,,,Y,Y,,G,27,0,0,1,0,0,0,0,0,0,"- ","- ",35.061019999999999,-119.95426,"SAN LUIS OBISPO",UNINCORPORATED,-119.93677868,35.057988719999997
6382582,2014,2014-06-10,4006,2014-01-27,0737,5900,,1,5,4,4006,0,0,0,,0,,CALIFORNIA,TAFT,0.00,,Y,A,-,N,,,,,,,,,,N,3,0,1,2,A,-,09,21801,A,N,D,G,A,A,H,-,B,D,0,,Y,,,Y,,D,22,0,1,0,0,0,0,1,0,0,"- ","- ",,,"SAN LUIS OBISPO","SAN LUIS OBISPO",-120.66029998,35.29090008
6384658,2014,2014-07-02,9745,2014-02-13,1755,14996,,4,2,9,4000,0,2,4,,1,025,"LOS OSOS VALLEY RD","LARIAT DR",0.00,,Y,A,-,N,,,,,,,,,,Y,4,0,1,3,A,-,09,21801,A,N,D,C,A,A,H,-,B,D,0,,,,,Y,,D,22,0,0,1,0,0,0,0,0,0,"- ","- ",35.30583,-120.8104,"SAN LUIS OBISPO",UNINCORPORATED,-120.81046990999999,35.305770099999997
6384803,2014,2014-06-16,9745,2014-02-21,1135,12876,,5,1,9,4000,0,2,4,,1,048,"AVILA BEACH DR","SAN MIGUEL ST",0.00,,Y,A,-,N,,,,,,,,,,Y,3,0,1,2,A,-,09,21801,A,N,A,C,A,A,H,-,A,D,0,,,,,Y,,D,22,0,1,0,0,0,0,0,0,0,"- ","- ",35.182009999999998,-120.73265000000001,"SAN LUIS OBISPO",UNINCORPORATED,-120.73267997000001,35.182120079999997
6385922,2014,2016-01-11,9745,2014-02-04,1803,016089,,2,2,9,4000,0,1,3,,1,021,"RT 1","OLD CREEK RD",1584.00,S,N,A,-,Y,SLO,5,1,-,R,34.610,H,-,S,Y,3,0,1,1,A,-,01,23152,A,N,E,I,A,A,H,-,A,D,1,,,,,Y,Y,A,01,0,1,0,0,0,0,0,0,0,"- ","- ",35.42483,-120.87994999999999,"SAN LUIS OBISPO",UNINCORPORATED,-120.8878102,35.438475609999998
6385926,2014,2014-06-18,9745,2014-02-10,0545,015565,,1,3,9,4000,0,3,5,,2,003,"BUCKLEY RD","VACHELL LN",61.00,E,N,B,C,N,,,,,,,,,,Y,4,0,1,1,A,-,08,22107,,N,E,I,A,B,H,-,D,D,0,,,,,Y,,A,01,0,0,1,0,0,0,0,0,0,"- ","- ",,,"SAN LUIS OBISPO",UNINCORPORATED,-120.67547464,35.235785389999997
6386735,2014,2015-11-16,9745,2014-02-23,0308,017144,,7,3,4,4006,0,1,2,,2,202,"RT 101","SANTA ROSA RD",300.00,N,N,A,-,Y,SLO,5,101,-,-,29.150,R,1,N,Y,3,0,1,1,A,-,01,23152,A,N,E,I,A,A,H,-,C,D,1,,,,,Y,Y,A,01,0,1,0,0,0,0,0,0,0,TO,"- ",35.287399999999998,-120.66143,"SAN LUIS OBISPO","SAN LUIS OBISPO",-120.66246344,35.287439829999997
6386737,2014,2014-06-17,4008,2014-02-13,1444,2002,,4,5,4,4008,0,0,0,,0,,"AGUILA AV","VENADO AV",2640.00,N,N,A,-,N,,,,,,,,,,Y,3,0,1,1,A,-,05,21650,,N,F,J,A,A,H,-,A,D,0,,,,,Y,,A,08,0,1,0,0,0,0,0,0,0,"- ","- ",,,"SAN LUIS OBISPO",ATASCADERO,-120.6803,35.489640000000001
6386741,2014,2016-03-05,4008,2014-02-22,1700,3013,,6,5,4,4008,0,0,0,,0,,"MORRO RD","SANTA YSABEL AV",0.00,,Y,A,-,Y,SLO,5,41,-,R,16.063,I,5,N,N,4,0,1,2,A,-,01,21200,5,N,A,G,A,A,H,-,A,D,0,,Y,,,Y,Y,L,04,0,0,1,0,0,0,1,0,0,"- ","- ",35.486109999999996,-120.66485,"SAN LUIS OBISPO",ATASCADERO,-120.66399486,35.487589079999999
6386743,2014,2016-02-02,9745,2014-02-12,0245,017144,,3,3,9,4000,0,1,2,,2,505,"RT 101","EL CAMPO RD",1584.00,S,N,A,-,Y,SLO,5,101,-,-,11.530,H,-,S,Y,3,0,1,1,A,-,08,22107,,N,E,I,A,A,H,-,D,D,0,,,,,Y,,A,01,0,1,0,0,0,0,0,0,0,"- ","- ",35.107509999999998,-120.5557,"SAN LUIS OBISPO",UNINCORPORATED,-120.55920903000001,35.109317179999998
6389530,2014,2014-06-18,4002,2014-02-24,0827,476,204,1,5,3,4002,0,0,0,,0,002,"S 14TH ST","LONGBRANCH AV",0.00,,Y,A,-,N,,,,,,,,,,Y,4,0,1,2,A,-,12,22450,A,F,D,G,A,A,H,-,A,A,0,,Y,,,Y,,L,04,0,0,1,0,0,0,1,0,0,"- ","- ",,,"SAN LUIS OBISPO","GROVER BEACH",-120.61422998,35.119140010000002
6389943,2014,2014-06-13,4004,2014-02-12,0817,0376,01,3,5,3,4004,0,0,0,,0,014,"SPRING ST",24TH,126.00,S,N,A,-,N,,,,,,,,,,N,4,0,1,3,A,-,03,22350,,N,D,G,A,A,H,-,A,A,0,,Y,,,Y,,L,04,0,0,1,0,0,0,1,0,0,"- ","- ",,,"SAN LUIS OBISPO","PASO ROBLES",-120.69241581,35.638784469999997
6389959,2014,2016-01-07,4004,2014-02-22,1901,1189,02,6,5,3,4004,0,0,0,,0,026,"RT 101",NIBLICK,39.00,S,N,A,-,Y,SLO,5,101,-,-,55.288,R,1,N,Y,4,0,1,3,A,-,03,22350,,N,C,C,A,A,H,-,C,A,0,,,,,Y,,A,01,0,0,1,0,0,0,0,0,0,NF,"- ",,,"SAN LUIS OBISPO","PASO ROBLES",-120.69224589,35.6059506
6390501,2014,2014-06-25,9745,2014-02-23,0135,17968,,7,3,9,4000,0,2,4,,1,048,"AVILA BEACH DR","SAN LUIS ST",730.00,E,N,A,-,N,,,,,,,,,,Y,2,0,1,1,A,-,01,23152,A,N,F,A,A,A,H,-,D,D,0,,,,,Y,Y,D,22,1,0,0,0,0,0,0,0,0,"- ","- ",35.179789999999997,-120.72429,"SAN LUIS OBISPO",UNINCORPORATED,-120.72509683,35.179832279999999
6397740,2014,2014-06-24,9750,2014-03-01,0038,016170,,6,3,9,4000,0,2,4,,2,040,"BULL CANYON RD","DONOVAN RD",4752.00,N,N,C,-,N,,,,,,,,,,Y,3,0,1,2,A,-,01,23152,A,N,F,A,A,B,H,-,D,A,0,,,,,Y,Y,D,22,0,1,0,0,0,0,0,0,0,"- ","- ",34.980609999999999,-120.39618,"SAN LUIS OBISPO",UNINCORPORATED,-120.39751768000001,34.979576489999999
6398087,2014,2015-11-16,9750,2014-02-28,1036,014820,,5,1,9,4000,0,1,2,,2,111,"RT 101","RT 166",1056.00,S,N,C,-,Y,SLO,5,101,-,-,0.600,H,-,N,Y,4,0,1,1,A,-,03,22350,,N,E,I,A,B,D,-,A,D,1,,,,,Y,,A,01,0,0,1,0,0,0,0,0,0,"- ","- ",34.993589999999998,-120.43405,"SAN LUIS OBISPO",UNINCORPORATED,-120.43410781,34.993179230000003
6401137,2014,2015-01-12,4002,2014-01-31,1726,338,204,5,5,3,4002,0,0,0,,0,001,"S OAK PARK BL","MANHATTAN AV",0.00,,Y,A,-,N,,,,,,,,,,Y,4,0,1,2,A,-,12,22450,A,N,D,C,A,A,H,-,B,A,0,,,,,Y,,A,01,0,0,1,0,0,0,0,0,0,"- ","- ",,,"SAN LUIS OBISPO","GROVER BEACH",-120.60941990000001,35.117930110000003
6402701,2014,2014-06-05,4006,2014-02-18,1402,27940,,2,5,4,4006,0,0,0,,0,,MARSH,NIPOMO,0.00,,N,B,-,N,,,,,,,,,,N,4,0,1,2,A,-,10,21950,A,N,G,B,B,A,H,-,A,A,0,Y,,,,Y,,D,22,0,0,1,0,1,0,0,0,0,"- ","- ",,,"SAN LUIS OBISPO","SAN LUIS OBISPO",-120.66503985999999,35.277390099999998
6402966,2014,2015-11-16,9740,2014-03-01,0948,14662,,6,1,9,4000,0,1,2,,2,004,"RT 101","S CAMP ROBERTS",792.00,N,N,B,C,Y,SLO,5,101,-,R,67.860,H,-,N,Y,4,0,2,2,A,-,03,22350,,N,D,C,A,B,H,-,A,D,1,,,,,Y,,D,22,0,0,2,0,0,0,0,0,0,"- ","- ",35.7789,-120.71899999999999,"SAN LUIS OBISPO",UNINCORPORATED,-120.71383772,35.776319620000002
6413208,2014,2015-02-05,4004,2014-02-23,1854,1189,02,7,5,3,4004,0,0,0,,0,025,OAK,8TH,8.00,S,N,A,-,N,,,,,,,,,,Y,4,0,1,2,A,-,01,23152,A,N,C,C,A,A,H,-,C,A,0,,,,,Y,Y,A,01,0,0,1,0,0,0,0,0,0,"- ","- ",,,"SAN LUIS OBISPO","PASO ROBLES",-120.69233766000001,35.622428110000001
6417075,2014,2014-06-28,4006,2014-03-08,0753,88908,,6,5,4,4006,0,0,0,,0,,"SANTA ROSA",MARSH,0.00,,Y,A,-,N,,,,,,,,,,Y,3,0,3,2,A,-,01,23153,,N,D,C,A,A,H,-,A,A,0,,,,,Y,Y,-,,0,1,2,0,0,0,0,0,0,"- ","- ",,,"SAN LUIS OBISPO","SAN LUIS OBISPO",-120.65868988,35.281240080000003
6417417,2014,2015-11-16,9745,2014-03-12,0950,013531,,3,1,9,4000,0,3,5,,2,004,"SAN LUIS BAY DR","RT 101",0.00,,Y,A,-,Y,SLO,5,101,-,R,22.460,R,4,S,Y,4,0,1,2,A,-,09,21802,A,N,D,C,A,A,H,-,A,A,1,,,,,Y,,A,08,0,0,1,0,0,0,0,0,0,"- ","- ",35.196069999999999,-120.70021,"SAN LUIS OBISPO",UNINCORPORATED,-120.69873652,35.198446840000003
6417475,2014,2015-11-16,4006,2014-02-27,1809,82350,,4,5,4,4006,0,0,0,,0,,"LOS OSOS VALLEY RD","RT 101",180.00,S,N,A,-,Y,SLO,5,101,-,-,26.070,R,4,S,Y,4,0,1,2,A,-,01,23152,A,N,-,C,A,A,H,-,C,A,0,,,,,Y,Y,A,01,0,0,1,0,0,0,0,0,0,"- ","- ",,,"SAN LUIS OBISPO","SAN LUIS OBISPO",-120.68101695,35.246822770000001
6417479,2014,2014-06-16,4006,2014-02-18,1548,54160,,2,5,4,4006,0,0,0,,0,,"LOS OSOS VALLEY RD","RT 101",344.00,E,N,A,-,N,,,,,,,,,,N,4,0,1,2,A,-,04,21703,,N,C,C,A,A,H,-,A,A,0,,,,,Y,,A,01,0,0,1,0,0,0,0,0,0,"- ",NF,,,"SAN LUIS OBISPO","SAN LUIS OBISPO",-120.68181342,35.243959189999998
6418995,2014,2015-11-16,9745,2014-03-21,1810,16068,,5,2,4,4006,0,1,2,,2,303,"RT 101","LOS OSOS VALLEY RD",300.00,S,N,A,-,Y,SLO,5,101,-,-,25.850,H,-,N,Y,4,0,1,1,A,-,08,22107,,N,E,I,A,A,H,-,A,D,1,,,,,Y,Y,A,07,0,0,1,0,0,0,0,0,0,"- ","- ",35.24165,-120.68313999999999,"SAN LUIS OBISPO","SAN LUIS OBISPO",-120.68258476,35.243782060000001
6419019,2014,2015-11-16,9750,2014-03-18,0630,14358,,2,1,9,4000,0,1,2,,2,111,"RT 101",BROADWAY,2112.00,N,N,A,-,Y,SLO,5,101,-,-,0.160,H,-,N,Y,4,0,1,3,A,-,03,22350,,N,C,C,A,A,H,-,D,D,1,,,,,Y,,A,01,0,0,1,0,0,0,0,0,0,"- ","- ",34.989170000000001,-120.43351,"SAN LUIS OBISPO",UNINCORPORATED,-120.43317793,34.986799419999997
6420391,2014,2016-03-29,9745,2014-03-03,1625,017541,,1,2,4,4006,0,1,3,,1,032,"RT 227","BUCKLEY RD",30.00,N,N,A,-,Y,SLO,5,227,-,R,9.830,H,-,S,N,4,0,1,2,A,-,21,22106,,N,C,C,A,A,H,-,A,D,0,,,,,Y,,A,01,0,0,1,0,0,0,0,0,0,"- ","- ",,,"SAN LUIS OBISPO","SAN LUIS OBISPO",-120.63036494000001,35.231857529999999
6420395,2014,2015-11-16,9745,2014-03-06,2357,017151,,4,3,9,4000,0,1,2,,2,505,"RT 101","LOS BERROS RD",7920.00,N,N,A,-,Y,SLO,5,101,-,-,9.400,H,-,S,Y,4,0,1,2,A,-,01,23152,A,M,C,C,A,A,H,-,D,D,0,,,,,Y,Y,A,01,0,0,1,0,0,0,0,0,0,"- ","- ",35.087539999999997,-120.53574,"SAN LUIS OBISPO",UNINCORPORATED,-120.53431503,35.086773829999998
6422978,2014,2014-06-13,9740,2014-02-19,1543,14622,,3,2,9,4000,0,3,5,,2,021,"ROSSI RD","JACOB CT",525.00,N,N,A,-,N,,,,,,,,,,Y,4,0,1,1,A,-,08,22107,,N,E,I,A,A,H,-,A,D,0,,,,,Y,,A,07,0,0,1,0,0,0,0,0,0,"- ","- ",35.541759999999996,-120.71612,"SAN LUIS OBISPO",UNINCORPORATED,-120.71613583,35.542036950000004
6422986,2014,2014-06-13,9740,2014-02-22,0905,14543,,6,1,9,4000,0,3,5,,2,021,"MARSH RD","SANTA RITA RD",3696.00,E,N,A,-,N,,,,,,,,,,Y,3,0,2,1,A,-,08,22107,,N,F,A,A,A,H,-,A,D,0,,,,,Y,,A,01,0,1,1,0,0,0,0,0,0,"- ","- ",35.475189999999998,-120.80952000000001,"SAN LUIS OBISPO",UNINCORPORATED,-120.81029221999999,35.473584410000001
6422988,2014,2014-06-13,4008,2014-02-10,2044,2054,,1,5,4,4008,0,0,0,,0,,"TRAFFIC WY","ROSARIO AV",286.00,W,N,A,-,N,,,,,,,,,,N,3,0,1,2,A,-,05,21650,,N,E,I,F,A,H,-,C,D,0,Y,,,,Y,Y,A,01,0,1,0,0,1,0,0,0,0,"- ","- ",35.503630000000001,-120.66594000000001,"SAN LUIS OBISPO",ATASCADERO,-120.66582103,35.503626109999999
6423005,2014,2016-01-11,9745,2014-02-26,1455,12601,,3,2,9,4000,0,1,3,,2,023,"RT 1","HIGHLAND DR",20.00,S,N,B,C,Y,SLO,5,1,-,-,17.790,H,-,N,Y,4,0,1,2,A,-,03,22350,,N,C,C,A,B,H,-,A,A,1,,,,,Y,,A,01,0,0,1,0,0,0,0,0,0,"- ","- ",35.298769999999998,-120.67232,"SAN LUIS OBISPO",UNINCORPORATED,-120.67366634,35.298393879999999
6426202,2014,2014-06-27,9740,2014-03-22,1400,15167,,6,2,9,4000,0,3,5,,2,019,"N ST","NORTH RIVER RD",30.00,N,N,A,-,N,,,,,,,,,,N,3,0,1,1,A,-,08,22107,,N,H,A,A,A,H,-,A,D,0,,,Y,,Y,,C,03,0,1,0,0,0,0,0,0,1,"- ","- ",,,"SAN LUIS OBISPO",UNINCORPORATED,-120.69495682,35.752761700000001
6427726,2014,2015-11-16,9745,2014-03-30,1250,015144,,7,1,9,4000,0,1,2,,2,303,"RT 101","SAN LUIS BAY DR",30.00,N,N,A,-,Y,SLO,5,101,-,R,22.460,R,1,S,N,4,0,1,2,A,-,03,22350,,N,C,C,A,A,H,-,A,A,1,,,,,Y,,D,22,0,0,1,0,0,0,0,0,0,TO,"- ",35.196260000000002,-120.70034,"SAN LUIS OBISPO",UNINCORPORATED,-120.69873652,35.198446840000003
6428581,2014,2015-08-10,9740,2014-02-21,1655,18238,,5,2,9,4000,0,3,5,,2,019,"ESTRELLA RD","AIRPORT RD",7392.00,N,N,A,-,N,,,,,,,,,,Y,4,0,2,1,A,-,08,22107,,N,F,A,A,A,H,-,A,D,0,,,,,Y,,A,07,0,0,2,0,0,0,0,0,0,"- ","- ",35.728479999999998,-120.6554,"SAN LUIS OBISPO",UNINCORPORATED,-120.6552959,35.72800582
6428593,2014,2016-03-05,9740,2014-02-26,2053,14662,,3,2,9,4000,0,1,3,,2,007,"RT 41","POCO RD",7392.00,N,N,B,C,Y,SLO,5,41,-,-,24.080,H,-,S,Y,4,0,1,2,A,-,21,22106,,N,B,C,A,B,H,-,D,D,0,,,,,Y,,A,01,0,0,1,0,0,0,0,0,0,"- ","- ",35.153599999999997,-120.5822,"SAN LUIS OBISPO",UNINCORPORATED,-120.58345251999999,35.512622759999999
6428671,2014,2014-06-30,4006,2014-02-02,1605,62657,,7,5,4,4006,0,0,0,,0,,LINCOLN,CHORRO,15.00,W,N,C,-,N,,,,,,,,,,N,4,0,1,1,C,-,18,,,N,E,J,A,B,H,-,A,A,0,,,Y,,Y,,-,"- ",0,0,1,0,0,0,0,0,1,"- ","- ",,,"SAN LUIS OBISPO","SAN LUIS OBISPO",-120.66756511,35.285101849999997
6428707,2014,2014-06-30,4006,2014-02-12,1524,27940,,3,5,4,4006,0,0,0,,0,,"LOS OSOS VALLEY RD","FROOM RANCH WY",0.00,,Y,A,-,N,,,,,,,,,,Y,4,0,1,2,A,-,12,21453,A,N,D,C,A,A,-,-,A,A,0,,,,,Y,,A,01,0,0,1,0,0,0,0,0,0,"- ","- ",,,"SAN LUIS OBISPO","SAN LUIS OBISPO",-120.68747992999999,35.252610050000001
6432172,2014,2014-06-30,9745,2014-03-31,0645,015565,,1,1,9,4000,0,2,4,,1,046,"PRICE CANYON RD","CORRAL DE PIEDRA RD",505.00,E,N,A,-,N,,,,,,,,,,Y,4,0,7,4,A,-,03,22350,,N,C,C,A,A,H,-,B,D,0,,,,,Y,,A,01,0,0,7,0,0,0,0,0,0,"- ","- ",35.196680000000001,-120.61198,"SAN LUIS OBISPO",UNINCORPORATED,-120.61234236,35.196294029999997
6432223,2014,2014-06-27,9745,2014-03-24,0320,017541,,1,3,9,4000,0,2,4,,1,051,"LOS BERROS RD","EL CAMPO RD",1000.00,W,N,A,-,N,,,,,,,,,,Y,2,0,1,1,A,-,01,23152,A,N,F,A,A,A,H,-,D,D,0,,,Y,,Y,Y,C,02,1,0,0,0,0,0,0,0,1,"- ","- ",35.085140000000003,-120.56449000000001,"SAN LUIS OBISPO",UNINCORPORATED,-120.56496357,35.095368610000001
6434198,2014,2014-07-07,4006,2014-03-19,1015,33665,,3,5,4,4006,0,0,0,,0,,"CALIFORNIA BL","PHILLIPS LN",184.00,N,N,A,-,N,,,,,,,,,,N,4,0,1,1,A,-,03,22350,,N,-,A,A,A,H,-,A,D,0,,Y,,,Y,,L,04,0,0,1,0,0,0,1,0,0,"- ","- ",,,"SAN LUIS OBISPO","SAN LUIS OBISPO",-120.65703433,35.288780189999997
6435264,2014,2014-07-01,4006,2014-03-11,1341,27940,,2,5,4,4006,0,0,0,,0,,FOOTHILL,FERRINI,0.00,,Y,A,-,N,,,,,,,,,,Y,4,0,1,2,A,-,03,22350,,N,C,C,A,A,H,-,A,A,0,,,,,Y,,D,22,0,0,1,0,0,0,0,0,0,"- ","- ",,,"SAN LUIS OBISPO","SAN LUIS OBISPO",-120.67393996,35.29411005
6435470,2014,2014-06-23,4006,2014-01-10,2252,S8620,,5,5,4,4006,0,0,0,,0,,"GRAND AV","N GRAND AV",8.00,S,N,A,-,N,,,,,,,,,,N,3,0,1,1,A,-,21,22106,,N,E,I,A,A,A,B,C,D,0,,Y,,,Y,Y,L,,0,1,0,0,0,0,1,0,0,"- ","- ",,,"SAN LUIS OBISPO","SAN LUIS OBISPO",-120.65325002,35.296018019999998