CASE_ID,ACCIDENT_YEAR,PROC_DATE,JURIS,COLLISION_DATE,COLLISION_TIME,OFFICER_ID,REPORTING_DISTRICT,DAY_OF_WEEK,CHP_SHIFT,POPULATION,CNTY_CITY_LOC,SPECIAL_COND,BEAT_TYPE,CHP_BEAT_TYPE,CITY_DIVISION_LAPD,CHP_BEAT_CLASS,BEAT_NUMBER,PRIMARY_RD,SECONDARY_RD,DISTANCE,DIRECTION,INTERSECTION,WEATHER_1,WEATHER_2,STATE_HWY_IND,CALTRANS_COUNTY,CALTRANS_DISTRICT,STATE_ROUTE,ROUTE_SUFFIX,POSTMILE_PREFIX,POSTMILE,LOCATION_TYPE,RAMP_INTERSECTION,SIDE_OF_HWY,TOW_AWAY,COLLISION_SEVERITY,NUMBER_KILLED,NUMBER_INJURED,PARTY_COUNT,PRIMARY_COLL_FACTOR,PCF_CODE_OF_VIOL,PCF_VIOL_CATEGORY,PCF_VIOLATION,PCF_VIOL_SUBSECTION,HIT_AND_RUN,TYPE_OF_COLLISION,MVIW,PED_ACTION,ROAD_SURFACE,ROAD_COND_1,ROAD_COND_2,LIGHTING,CONTROL_DEVICE,CHP_ROAD_TYPE,PEDESTRIAN_ACCIDENT,BICYCLE_ACCIDENT,MOTORCYCLE_ACCIDENT,TRUCK_ACCIDENT,NOT_PRIVATE_PROPERTY,ALCOHOL_INVOLVED,STWD_VEHTYPE_AT_FAULT,CHP_VEHTYPE_AT_FAULT,COUNT_SEVERE_INJ,COUNT_VISIBLE_INJ,COUNT_COMPLAINT_PAIN,COUNT_PED_KILLED,COUNT_PED_INJURED,COUNT_BICYCLIST_KILLED,COUNT_BICYCLIST_INJURED,COUNT_MC_KILLED,COUNT_MC_INJURED,PRIMARY_RAMP,SECONDARY_RAMP,LATITUDE,LONGITUDE,COUNTY,CITY,POINT_X,POINT_Y
6435850,2014,2014-07-07,9745,2014-03-31,0555,015144,,1,3,9,4000,0,2,4,,1,046,"PRICE CANYON RD","RT 227",1100.00,W,N,A,-,N,,,,,,,,,,Y,4,0,1,2,A,-,03,22350,,N,C,C,A,A,H,-,D,D,0,,,,Y,Y,,F,27,0,0,1,0,0,0,0,0,0,"- ","- ",35.19802,-120.61098,"SAN LUIS OBISPO",UNINCORPORATED,-120.61087544999999,35.19815096
6435914,2014,2015-11-16,9745,2014-03-28,2335,16068,,5,3,9,4000,0,1,2,,2,505,"RT 101","TEFFT ST",2640.00,N,N,A,-,Y,SLO,5,101,-,-,5.350,H,-,S,Y,3,0,1,1,A,-,01,23152,A,M,E,I,A,A,H,-,D,D,1,,,,,Y,Y,D,22,0,1,0,0,0,0,0,0,0,"- ","- ",35.042819999999999,-120.49025,"SAN LUIS OBISPO",UNINCORPORATED,-120.4899758,35.042660580000003
6435918,2014,2016-04-09,9745,2014-04-03,1530,132123,,4,2,9,4000,0,1,3,,1,045,"DIVISION ST","RT 1",0.00,,Y,B,-,Y,SLO,5,1,-,-,0.940,I,5,N,Y,2,0,2,2,A,-,09,21802,A,N,D,C,A,A,H,-,A,A,0,,,,Y,Y,,G,25,1,1,0,0,0,0,0,0,0,"- ","- ",34.991019999999999,-120.57080000000001,"SAN LUIS OBISPO",UNINCORPORATED,-120.57055,34.99107068
6436313,2014,2015-02-19,4005,2014-03-29,1450,P085,2,6,5,2,4005,0,0,0,,0,,"PRICE ST","MATTIE RD",0.00,,Y,A,-,N,,,,,,,,,,Y,4,0,3,2,A,-,17,21451,A,N,A,C,A,A,H,-,A,A,0,,,,,Y,,D,22,0,0,3,0,0,0,0,0,0,"- ","- ",,,"SAN LUIS OBISPO","PISMO BEACH",-120.6547515,35.150435999999999
6436317,2014,2014-07-11,4005,2014-03-16,1530,P085,3,7,5,2,4005,0,0,0,,0,,PRICE,WADSWORTH,0.00,,Y,A,-,N,,,,,,,,,,N,4,0,1,2,A,-,09,21802,A,N,D,C,A,A,H,-,A,A,0,,,,,Y,,D,22,0,0,1,0,0,0,0,0,0,"- ","- ",,,"SAN LUIS OBISPO","PISMO BEACH",-120.64250989999999,35.143890110000001
6437155,2014,2016-01-11,9745,2014-02-15,2228,017541,,6,3,9,4000,0,1,3,,1,021,"RT 1","ALAPAY WY",1584.00,N,N,F,-,Y,SLO,5,1,-,-,42.470,H,-,N,Y,4,0,1,3,A,-,03,22350,,N,B,C,E,A,H,-,D,D,0,Y,,,,Y,,A,01,0,0,1,0,1,0,0,0,0,"- ","- ",35.490189999999998,-121.00212999999999,"SAN LUIS OBISPO",UNINCORPORATED,-121.00238474,35.490567480000003
6439499,2014,2016-05-11,9745,2014-03-20,1215,012601,,4,1,9,4000,0,1,2,,2,303,"RT 101","AVILA BEACH DR",2112.00,N,N,A,-,Y,SLO,5,101,-,R,21.500,H,-,N,Y,3,0,2,1,A,-,17,21701,,N,E,I,A,A,H,-,A,D,1,,,,,Y,,-,"- ",0,1,1,0,0,0,0,0,0,"- ","- ",35.186680000000003,-120.70107,"SAN LUIS OBISPO",UNINCORPORATED,-120.70130196,35.184913690000002
6439500,2014,2016-05-11,9745,2014-03-17,0147,017144,,1,3,9,4000,0,1,2,,1,101,"RT 101","STAGE COACH RD",5280.00,S,N,A,-,Y,SLO,5,101,-,-,31.740,H,-,N,Y,3,0,1,1,A,-,01,23152,A,N,E,I,A,A,H,-,D,D,5,,,,,Y,Y,A,07,0,1,0,0,0,0,0,0,0,"- ","- ",35.303220000000003,-120.6259,"SAN LUIS OBISPO",UNINCORPORATED,-120.62576031,35.303043459999998
6440328,2014,2014-06-23,9745,2014-03-25,1950,016089,,2,2,9,4000,0,3,5,,2,002,"11TH ST","PASO ROBLES ST",1.00,N,N,B,C,N,,,,,,,,,,Y,2,0,1,2,A,-,11,21954,A,N,G,B,D,B,H,-,D,A,0,Y,,,,Y,,N,60,1,0,0,0,1,0,0,0,0,"- ","- ",35.324489999999997,-120.83107,"SAN LUIS OBISPO",UNINCORPORATED,-120.68552664000001,35.625970180000003
6444576,2014,2014-07-03,4006,2014-03-03,1655,68823,,1,5,4,4006,0,0,0,,0,,"OSOS ST","MARSH ST",100.00,N,N,A,-,N,,,,,,,,,,N,4,0,1,2,A,-,09,21804,A,N,E,A,A,A,H,-,A,D,0,,Y,,,Y,,A,01,0,0,1,0,0,0,1,0,0,"- ","- ",,,"SAN LUIS OBISPO","SAN LUIS OBISPO",-120.66029262000001,35.280574729999998
6444580,2014,2014-07-03,4006,2014-03-03,1538,27940,,1,5,4,4006,0,0,0,,0,,"LOS OSOS VALLEY","CALLE JOAQUIN",500.00,N,N,B,-,N,,,,,,,,,,N,4,0,1,2,A,-,05,21202,A,N,D,G,A,A,H,-,A,A,0,,Y,,,Y,,L,04,0,0,1,0,0,0,1,0,0,"- ","- ",,,"SAN LUIS OBISPO","SAN LUIS OBISPO",-120.68372046,35.247980159999997
6444588,2014,2014-07-03,4006,2014-03-06,1439,54160,,4,5,4,4006,0,0,0,,0,,MORRO,MONTEREY,10.00,S,N,A,-,N,,,,,,,,,,N,4,0,1,2,D,-,00,,,N,G,B,B,A,H,-,A,A,0,Y,,,,Y,,-,"- ",0,0,1,0,1,0,0,0,0,"- ","- ",,,"SAN LUIS OBISPO","SAN LUIS OBISPO",-120.66230096,35.281247399999998
6445153,2014,2015-10-09,9740,2014-03-31,2230,015167,,1,3,9,4000,0,3,5,,2,016,"W POZO RD","RT 58",8448.00,E,N,B,-,N,,,,,,,,,,Y,4,0,2,2,A,-,03,22350,,N,E,J,A,B,C,-,D,D,0,,,,,Y,,A,01,0,0,2,0,0,0,0,0,0,"- ","- ",35.38843,-120.58074000000001,"SAN LUIS OBISPO",UNINCORPORATED,-120.56269417999999,35.371273879999997
6445189,2014,2014-07-09,4005,2014-03-28,1500,P085,3,5,5,2,4005,0,0,0,,0,,PRICE,DOLLIVER,197.00,N,N,A,-,N,,,,,,,,,,N,3,0,1,1,A,-,03,22350,,N,H,I,A,A,G,-,A,D,0,,Y,,,Y,,L,04,0,1,0,0,0,0,1,0,0,"- ","- ",,,"SAN LUIS OBISPO","PISMO BEACH",-120.64547539,35.146599620000003
6445877,2014,2015-11-16,4005,2014-02-10,1356,P086,6,1,5,2,4005,0,0,0,,0,,"OAK PARK","WEST BRANCH ST",0.00,,Y,A,-,Y,SLO,5,101,-,-,14.730,R,4,N,Y,4,0,2,2,A,-,17,21451,A,N,D,C,A,A,H,-,A,A,0,,,,,Y,,A,08,0,0,2,0,0,0,0,0,0,"- ","- ",,,"SAN LUIS OBISPO","PISMO BEACH",-120.60858191,35.130620880000002
6449462,2014,2014-07-15,9745,2014-04-01,1915,17541,,2,2,9,4000,0,2,4,,1,051,"LOS BERROS RD","FRONTAGE RD",0.00,,Y,C,-,N,,,,,,,,,,N,4,0,1,2,A,-,09,21802,A,M,D,C,A,B,H,-,B,D,0,,,,,Y,,A,01,0,0,1,0,0,0,0,0,0,"- ","- ",35.356000000000002,-120.3039,"SAN LUIS OBISPO",UNINCORPORATED,-120.51821990000001,35.071790069999999
6452879,2014,2014-07-09,9745,2014-04-18,1610,17146,,5,2,9,4000,0,3,5,,2,004,"HALCYON RD","THE PIKE",10.00,S,N,A,-,N,,,,,,,,,,Y,4,0,2,2,A,-,09,21802,A,N,D,C,A,A,H,-,A,A,0,,,,,Y,,A,01,0,0,2,0,0,0,0,0,0,"- ","- ",35.10633,-120.59183,"SAN LUIS OBISPO",UNINCORPORATED,-120.59165,35.10632253
6452880,2014,2014-07-09,9745,2014-04-12,2130,15734,,6,2,9,4000,0,3,5,,2,004,"23RD ST","PASO ROBLES AV",207.00,N,N,A,-,N,,,,,,,,,,N,4,0,2,2,A,-,03,22350,,N,C,C,A,A,H,-,E,D,0,,,,,Y,,A,01,0,0,2,0,0,0,0,0,0,"- ","- ",35.101739999999999,-120.60562,"SAN LUIS OBISPO",UNINCORPORATED,-120.60560776,35.10172841
6452881,2014,2014-07-09,9745,2014-04-12,2136,16068,,6,2,9,4000,0,1,A,,2,711,"HUMBOLDT AV","SONOMA AV",150.00,N,N,A,-,N,,,,,,,,,,N,4,0,1,2,B,-,22,,,N,G,B,E,A,H,-,C,D,0,Y,,,,Y,,M,50,0,0,1,0,1,0,0,0,0,"- ","- ",35.324950000000001,-120.72932,"SAN LUIS OBISPO",UNINCORPORATED,-120.72866052000001,35.325195970000003
6453974,2014,2014-07-24,4004,2014-04-01,0750,1187,04,2,5,3,4004,0,0,0,,0,4-1,CRESTON,NICKERSON,865.00,E,N,C,-,N,,,,,,,,,,N,3,0,1,2,A,-,17,21200,,N,G,G,A,B,H,-,A,A,0,,Y,,,Y,,L,04,0,1,0,0,0,0,1,0,0,"- ","- ",,,"SAN LUIS OBISPO","PASO ROBLES",-120.66799412,35.62453232
6454328,2014,2016-04-06,9740,2014-04-12,1400,017283,,6,2,9,4000,0,1,3,,2,008,"RT 46","JARDINE RD",4.00,E,N,A,-,Y,SLO,5,46,-,-,34.650,H,-,E,Y,4,0,1,3,A,-,09,21804,A,N,D,C,A,A,H,-,A,A,0,,,,Y,Y,,A,08,0,0,1,0,0,0,0,0,0,"- ","- ",35.659030000000001,-120.60250000000001,"SAN LUIS OBISPO",UNINCORPORATED,-120.60355109,35.658993770000002
6454875,2014,2016-04-07,9740,2014-04-12,1630,19259,,6,2,9,4000,0,1,2,,2,004,"RT 101","EXLINE RD",528.00,S,N,A,-,Y,SLO,5,101,-,-,60.880,H,-,S,Y,4,0,1,1,A,-,08,22107,,N,E,I,A,A,H,-,A,D,5,,,,,Y,,A,07,0,0,1,0,0,0,0,0,0,"- ","- ",35.678199999999997,-120.69694,"SAN LUIS OBISPO",UNINCORPORATED,-120.69699487,35.681218319999999
6454879,2014,2016-04-07,9740,2014-04-17,1215,14662,,4,1,4,4008,0,1,2,,2,001,"RT 101","SANTA ROSA RD",0.00,S,N,B,-,Y,SLO,5,101,-,-,43.810,H,-,N,Y,4,0,1,3,A,-,03,22350,,N,C,C,A,A,H,-,A,D,1,,,,,Y,,A,07,0,0,1,0,0,0,0,0,0,"- ","- ",35.463299999999997,-120.649,"SAN LUIS OBISPO",ATASCADERO,-120.64934743000001,35.463552290000003
6455196,2014,2016-04-09,9745,2014-04-02,0805,12876,,3,1,9,4000,0,1,2,,2,404,"RT 101","OAK PARK BL",2112.00,S,N,B,C,Y,SLO,5,101,-,-,14.200,H,-,N,Y,3,0,1,3,A,-,08,22107,,N,C,E,E,B,H,-,A,D,1,Y,,,,Y,,A,07,0,1,0,0,1,0,0,0,0,"- ","- ",35.127769999999998,-120.60008000000001,"SAN LUIS OBISPO",UNINCORPORATED,-120.60012333,35.127755579999999
6459514,2014,2014-08-05,4005,2014-05-05,1525,P086,5,1,5,2,4005,0,0,0,,0,,"4TH ST","FIVE CITIES DR",50.00,W,N,A,-,N,,,,,,,,,,N,4,0,1,2,A,-,03,22350,,N,C,C,A,A,H,-,A,A,0,,,,,Y,,A,01,0,0,1,0,0,0,0,0,0,"- ","- ",,,"SAN LUIS OBISPO","PISMO BEACH",-120.62214552,35.135593640000003
6460459,2014,2014-07-10,9745,2014-04-22,1640,14996,,2,2,9,4000,0,2,4,,1,058,"ORCHARD RD","SOUTHLAND ST",0.00,,Y,A,-,N,,,,,,,,,,Y,4,0,1,2,A,-,12,22450,A,M,D,C,A,A,H,-,A,A,0,,,,,Y,,A,01,0,0,1,0,0,0,0,0,0,"- ","- ",35.0167,-120.48045,"SAN LUIS OBISPO",UNINCORPORATED,-120.48038993,35.016600009999998
6463005,2014,2014-07-21,9740,2014-04-12,2350,15854,,6,3,9,4000,0,3,5,,2,022,"LYNCH CANYON DR","OAK SHORES DR",3168.00,E,N,A,-,N,,,,,,,,,,N,3,0,1,1,A,-,01,23152,A,M,E,I,A,A,H,-,D,D,0,,,,,Y,Y,D,22,0,1,0,0,0,0,0,0,0,"- ","- ",35.781120000000001,-120.98123,"SAN LUIS OBISPO",UNINCORPORATED,-120.98091478000001,35.781196280000003
6464663,2014,2016-04-07,9740,2014-04-14,1400,015644,,1,2,9,4000,0,1,2,,2,003,"RT 101","SPRING ST",1056.00,S,N,A,-,Y,SLO,5,101,-,-,54.630,H,-,N,Y,2,0,1,1,A,-,08,22107,,N,F,A,A,A,H,-,A,D,1,,,,,Y,,D,22,1,0,0,0,0,0,0,0,0,"- ","- ",35.604460000000003,-120.69204000000001,"SAN LUIS OBISPO",UNINCORPORATED,-120.69490125,35.596768009999998
6468242,2014,2016-04-05,9740,2014-04-10,1005,13246,,4,1,9,4000,0,1,3,,2,005,"RT 58","SODA LAKE RD",15840.00,E,N,A,-,Y,SLO,5,58,-,-,48.300,H,-,W,Y,4,0,1,1,A,-,08,22107,,N,E,I,A,A,H,-,A,D,0,,,,,Y,,D,22,0,0,1,0,0,0,0,0,0,"- ","- ",35.351379999999999,-119.95099999999999,"SAN LUIS OBISPO",UNINCORPORATED,-119.95211797,35.351303540000004
6468246,2014,2016-04-05,9740,2014-04-17,1136,13246,,4,1,9,4000,0,1,3,,2,005,"RT 58","MARIA AV",174.00,W,N,A,-,Y,SLO,5,58,-,-,1.050,H,-,E,Y,4,0,1,2,A,-,03,22350,,N,C,C,A,A,H,-,A,D,0,,,,,Y,,D,22,0,0,1,0,0,0,0,0,0,"- ","- ",35.388849999999998,-120.61308,"SAN LUIS OBISPO",UNINCORPORATED,-120.61322382,35.388679830000001
6469643,2014,2015-12-10,9740,2014-04-06,1120,14662,,7,1,9,4000,0,3,5,,2,016,"PARKHILL RD","RT 58",7392.00,S,N,A,-,N,,,,,,,,,,Y,4,0,1,1,A,-,08,22107,,N,E,I,A,A,H,-,A,D,0,,,,,Y,,A,07,0,0,1,0,0,0,0,0,0,"- ","- ",35.406199999999998,-120.5382,"SAN LUIS OBISPO",UNINCORPORATED,-120.53936912,35.406161660000002
6469706,2014,2014-07-22,4008,2014-04-12,1601,3013,,6,5,4,4008,0,0,0,,0,,"EL CAMINO REAL","SAN JACINTO AV",0.00,,Y,A,-,N,,,,,,,,,,N,3,0,1,2,A,-,09,21801,A,N,D,C,A,A,H,-,A,D,0,,,,,Y,,A,01,0,1,0,0,0,0,0,0,0,"- ","- ",35.495359999999998,-120.67965,"SAN LUIS OBISPO",ATASCADERO,-120.67966991999999,35.495410110000002
6470981,2014,2014-07-18,4006,2014-04-19,1759,80908,,6,5,4,4006,0,0,0,,0,,"LOS OSOS VALLEY RD",OCEANAIRE,431.00,W,N,A,-,N,,,,,,,,,,N,3,0,1,2,A,-,07,21658,A,N,E,C,A,A,H,-,A,D,0,,,Y,,Y,,A,01,0,1,0,0,0,0,0,0,1,"- ","- ",,,"SAN LUIS OBISPO","SAN LUIS OBISPO",-120.69506861000001,35.260716930000001
6470985,2014,2014-07-11,4006,2014-04-22,1531,16380,,2,5,4,4006,0,0,0,,0,,BROAD,SWEENEY,0.00,,Y,A,-,N,,,,,,,,,,Y,4,0,2,2,A,-,09,21801,A,N,D,C,A,A,H,-,A,D,0,,,,,Y,,A,07,0,0,2,0,0,0,0,0,0,"- ","- ",,,"SAN LUIS OBISPO","SAN LUIS OBISPO",-120.65084985999999,35.26249009
6470989,2014,2014-07-11,4006,2014-04-24,0626,53500,,4,5,4,4006,0,0,0,,0,,"JOHNSON AV","SYDNEY ST",0.00,,Y,A,-,N,,,,,,,,,,N,4,0,1,2,A,-,09,21800,A,N,D,G,A,A,H,-,A,D,0,,Y,,,Y,,-,,0,0,1,0,0,0,1,0,0,"- ","- ",,,"SAN LUIS OBISPO","SAN LUIS OBISPO",-120.6439299,35.271550040000001
6471005,2014,2014-07-11,4006,2014-04-03,1159,16380,,4,5,4,4006,0,0,0,,0,,BROAD,ORCUTT,86.00,N,N,A,-,N,,,,,,,,,,N,4,0,1,2,A,-,08,22107,,N,C,G,A,A,H,-,A,D,0,,Y,,,Y,,A,01,0,0,1,0,0,0,1,0,0,"- ","- ",,,"SAN LUIS OBISPO","SAN LUIS OBISPO",-120.65009999999999,35.261481660000001
6471356,2014,2014-07-16,9745,2014-04-23,0550,013531,,3,3,9,4000,0,2,4,,1,046,"PRICE CANYON RD","W ORMONDE RD",2400.00,E,N,A,-,N,,,,,,,,,,Y,4,0,1,2,A,-,05,21460,A,N,C,D,A,A,H,-,D,D,0,,,,,Y,,D,22,0,0,1,0,0,0,0,0,0,"- ","- ",35.184649999999998,-120.61924999999999,"SAN LUIS OBISPO",UNINCORPORATED,-120.61923216,35.18456698
6471647,2014,2015-02-19,4004,2014-03-28,1640,0890,03,5,5,3,4004,0,0,0,,0,3-2,"RT 46 E","BUENA VISTA DR",72.00,E,N,A,-,N,,,,,,,,,,Y,3,0,1,2,A,-,03,22350,,N,C,C,A,A,H,-,A,A,0,,,,,Y,,A,01,0,1,0,0,0,0,0,0,0,"- ","- ",,,"SAN LUIS OBISPO","PASO ROBLES",-120.67194772000001,35.644430530000001
6471792,2014,2014-07-22,4004,2014-04-13,2331,1208,3,7,5,3,4004,0,0,0,,0,035,AIRPORT,"ROLLIE GATES DR",1200.00,S,N,A,-,N,,,,,,,,,,Y,2,0,2,2,A,-,03,22350,,N,C,C,A,A,H,-,D,D,0,,,,,Y,Y,A,01,1,1,0,0,0,0,0,0,0,"- ","- ",,,"SAN LUIS OBISPO","PASO ROBLES",-120.64088552,35.6685941
6471796,2014,2014-07-22,4004,2014-04-16,2208,1208,3,3,5,3,4004,0,0,0,,0,037,UNION,"NORTH RIVER RD",36.00,W,N,A,-,N,,,,,,,,,,Y,4,0,1,1,A,-,08,22107,,M,E,I,A,A,H,-,C,D,0,,,,,Y,,A,01,0,0,1,0,0,0,0,0,0,"- ","- ",,,"SAN LUIS OBISPO","PASO ROBLES",-120.68235,35.630409999999998
6472688,2014,2014-07-10,4002,2014-04-10,1836,338,106,4,5,3,4002,0,0,0,,0,001,"N 4TH ST","NEWPORT AV",37.00,N,N,A,-,N,,,,,,,,,,Y,3,0,1,2,A,-,01,23152,,N,C,E,A,A,H,-,B,A,0,,,,,Y,Y,A,01,0,1,0,0,0,0,0,0,0,"- ","- ",,,"SAN LUIS OBISPO","GROVER BEACH",-120.62613425000001,35.125711520000003
6474745,2014,2016-04-09,9745,2014-04-30,1545,014996,,3,2,9,4000,0,1,3,,2,023,"RT 1","WESTMONT AV",150.00,N,N,A,-,Y,SLO,5,101,-,-,18.070,H,-,S,Y,4,0,1,3,A,-,03,22350,,N,C,C,A,A,H,-,A,A,1,,,,,Y,,D,22,0,0,1,0,0,0,0,0,0,"- ","- ",35.301490000000001,-120.67634,"SAN LUIS OBISPO",UNINCORPORATED,-120.65968223,35.152731250000002
6479719,2014,2016-04-09,9740,2014-04-30,0950,13952,,3,1,9,4000,0,1,3,,1,014,"RT 1","RT 46W",2112.00,N,N,A,-,Y,SLO,5,1,-,-,45.800,H,-,N,Y,3,0,2,1,C,-,18,,,N,F,A,A,A,H,-,A,D,0,,,Y,,Y,,-,"- ",0,2,0,0,0,0,0,0,2,"- ","- ",35.531840000000003,-120.04931999999999,"SAN LUIS OBISPO",UNINCORPORATED,-121.04335948000001,35.524685920000003
6479898,2014,2016-04-09,9745,2014-04-06,2230,017146,,7,3,9,4000,0,1,2,,2,505,"RT 101","WILLOW RD",1600.00,S,N,A,-,Y,SLO,5,101,-,-,6.110,H,-,N,Y,3,0,1,2,A,-,01,23152,A,N,B,C,A,A,H,-,D,B,1,,,,,Y,Y,A,01,0,1,0,0,0,0,0,0,0,"- ","- ",35.053829999999998,-120.49955,"SAN LUIS OBISPO",UNINCORPORATED,-120.49772817,35.051648190000002
6479900,2014,2016-04-09,9745,2014-04-25,1953,014508,,5,2,9,4000,0,1,3,,1,021,"RT 1","VIA CREEK RD",2640.00,N,N,C,-,Y,SLO,5,1,-,-,40.870,H,-,S,Y,2,0,1,1,A,-,03,22350,,N,F,A,A,B,H,-,D,D,0,,,Y,,Y,,C,02,1,0,0,0,0,0,0,0,1,"- ","- ",35.471330000000002,-120.98078,"SAN LUIS OBISPO",UNINCORPORATED,-120.9849597,35.473117760000001
6479901,2014,2014-07-16,9745,2014-04-14,1400,017238,,1,2,9,4000,0,3,5,,2,003,"HIGUERA ST","RT 101",1056.00,N,N,A,-,N,,,,,,,,,,Y,4,0,1,1,A,-,01,23152,E,N,E,I,A,A,H,-,A,D,0,,,,,Y,,A,01,0,0,1,0,0,0,0,0,0,"- ","- ",35.094499999999996,-120.4101,"SAN LUIS OBISPO",UNINCORPORATED,-120.6914,35.224110000000003
6480395,2014,2016-04-07,9745,2014-04-25,2015,017144,,5,2,4,4006,0,1,2,,2,202,"RT 101","MADONNA RD",70.00,N,N,C,-,Y,SLO,5,101,-,-,27.650,R,3,N,Y,4,0,1,1,A,-,01,23152,A,N,E,I,A,B,H,-,C,D,1,,,,,Y,Y,A,01,0,0,1,0,0,0,0,0,0,FR,"- ",35.267099999999999,-120.67301,"SAN LUIS OBISPO","SAN LUIS OBISPO",-120.67312495,35.268282120000002
6482882,2014,2014-07-16,4008,2014-04-28,1529,2002,,1,5,4,4008,0,0,0,,0,,"EL CAMINO REAL","MORRO RD",1847.00,S,N,A,-,N,,,,,,,,,,N,4,0,1,1,A,-,17,21208,A,N,F,G,A,A,H,-,A,D,0,,Y,,,Y,,L,04,0,0,1,0,0,0,1,0,0,"- ","- ",,,"SAN LUIS OBISPO",ATASCADERO,-120.66019356,35.48286049
6482974,2014,2014-07-17,4006,2014-04-02,1424,88908,,3,5,4,4006,0,0,0,,0,,FREDRICKS,KENTUCKY,0.00,,Y,A,-,N,,,,,,,,,,N,3,0,1,2,A,-,09,21802,A,N,D,G,A,A,H,-,A,D,0,,Y,,,Y,,A,01,0,1,0,0,0,0,1,0,0,"- ","- ",,,"SAN LUIS OBISPO","SAN LUIS OBISPO",-120.65926994,35.293130050000002
6483541,2014,2016-04-09,9745,2014-04-24,1333,014910,,4,1,9,4000,0,1,3,,1,021,"RT 1","VILLA CREEK RD",5280.00,N,N,A,-,Y,SLO,5,1,-,-,41.370,H,-,N,N,3,0,4,2,A,-,03,22350,,N,C,C,A,A,H,-,A,D,0,,,,,Y,,-,,0,1,3,0,0,0,0,0,0,"- ","- ",35.470309999999998,-120.99171,"SAN LUIS OBISPO",UNINCORPORATED,-120.99123609,35.477669509999998
6483628,2014,2016-04-07,9745,2014-05-12,0757,17541,,1,1,9,4000,0,1,2,,1,101,"RT 101","TASSAJARA CREEK RD",4224.00,S,N,A,-,Y,SLO,5,101,-,-,36.100,H,-,S,Y,3,0,2,3,A,-,03,22350,,N,C,C,A,A,H,-,A,D,5,,,,,Y,,A,01,0,1,1,0,0,0,0,0,0,"- ","- ",35.2121,-120.387,"SAN LUIS OBISPO",UNINCORPORATED,-120.63837909,35.361146589999997
6483632,2014,2016-04-09,9745,2014-05-09,0320,13937,,5,3,2,4005,0,1,2,,2,404,"RT 101","SPYGLASS DR",2640.00,S,N,A,-,Y,SLO,5,101,-,R,19.310,H,-,N,Y,4,0,1,1,A,-,03,22350,,N,E,I,A,A,H,-,D,D,1,,,,,Y,,A,01,0,0,1,0,0,0,0,0,0,"- ","- ",35.16084,-120.67903,"SAN LUIS OBISPO","PISMO BEACH",-120.67901841,35.16074579
6483656,2014,2016-04-06,9745,2014-05-01,1913,14910,,4,2,9,4000,0,1,3,,1,011,"RT 41","CERRO ALTO",3696.00,S,N,A,-,Y,SLO,5,41,-,-,6.530,H,-,S,N,3,0,1,1,A,-,03,22350,,N,E,I,A,A,H,-,A,D,0,,,Y,,Y,,C,02,0,1,0,0,0,0,0,0,1,"- ","- ",,,"SAN LUIS OBISPO",UNINCORPORATED,-120.76267459,35.427770090000003
6484990,2014,2014-07-16,4008,2014-04-24,2011,2054,,4,5,4,4008,0,0,0,,0,,"EL CAMINO REAL","PALOMAR AV",36.00,N,N,A,-,N,,,,,,,,,,N,4,0,2,3,A,-,03,22350,,N,C,C,A,A,H,-,C,A,0,,,,,Y,,-,,0,0,2,0,0,0,0,0,0,"- ","- ",35.474919999999997,-120.65434999999999,"SAN LUIS OBISPO",ATASCADERO,-120.65470694,35.474971119999999
6485924,2014,2016-04-09,9745,2014-05-02,2055,18021,,5,2,2,4005,0,1,2,,2,404,"RT 101","FIVE CITIES DR",5.00,E,N,A,-,Y,SLO,5,101,-,-,16.110,R,1,S,N,4,0,1,2,A,-,01,23152,A,N,D,C,A,A,H,-,C,A,1,,,Y,,Y,Y,C,03,0,0,1,0,0,0,0,0,1,"- ","- ",35.136699999999998,-120.62723,"SAN LUIS OBISPO","PISMO BEACH",-120.63094072,35.138127920000002
6485995,2014,2016-04-09,9745,2014-05-16,1915,13937,,5,2,9,4000,0,1,2,,2,505,"RT 101","TEFFT ST",5280.00,S,N,A,-,Y,SLO,5,101,-,-,3.850,H,-,S,Y,4,0,3,1,A,-,08,22107,,N,E,I,A,A,H,-,A,D,1,,,,,Y,,A,01,0,0,3,0,0,0,0,0,0,"- ","- ",35.025509999999997,-120.4725,"SAN LUIS OBISPO",UNINCORPORATED,-120.47281175000001,35.025793210000003
6485999,2014,2016-04-09,9745,2014-05-09,1746,16832,,5,2,9,4000,0,1,3,,1,021,"RT 1","SAN GERONIMO RD",72.00,S,N,A,-,Y,SLO,5,1,-,-,37.430,H,-,N,Y,3,0,1,2,A,-,03,22350,,N,C,C,A,A,H,-,A,D,0,,,,,Y,,A,01,0,1,0,0,0,0,0,0,0,"- ","- ",35.450119999999998,-120.9327,"SAN LUIS OBISPO",UNINCORPORATED,-120.9324958,35.449983240000002
6489337,2014,2014-08-01,4006,2014-05-30,1420,55150,,5,5,4,4006,0,0,0,,0,,"MADONNA RD",DALIDIO,598.00,W,N,A,-,N,,,,,,,,,,Y,4,0,1,2,A,-,01,23153,,N,B,C,A,A,H,-,A,D,0,,,,,Y,Y,D,22,0,0,1,0,0,0,0,0,0,"- ","- ",,,"SAN LUIS OBISPO","SAN LUIS OBISPO",-120.68184745000001,35.260492239999998