CASE_ID,ACCIDENT_YEAR,PROC_DATE,JURIS,COLLISION_DATE,COLLISION_TIME,OFFICER_ID,REPORTING_DISTRICT,DAY_OF_WEEK,CHP_SHIFT,POPULATION,CNTY_CITY_LOC,SPECIAL_COND,BEAT_TYPE,CHP_BEAT_TYPE,CITY_DIVISION_LAPD,CHP_BEAT_CLASS,BEAT_NUMBER,PRIMARY_RD,SECONDARY_RD,DISTANCE,DIRECTION,INTERSECTION,WEATHER_1,WEATHER_2,STATE_HWY_IND,CALTRANS_COUNTY,CALTRANS_DISTRICT,STATE_ROUTE,ROUTE_SUFFIX,POSTMILE_PREFIX,POSTMILE,LOCATION_TYPE,RAMP_INTERSECTION,SIDE_OF_HWY,TOW_AWAY,COLLISION_SEVERITY,NUMBER_KILLED,NUMBER_INJURED,PARTY_COUNT,PRIMARY_COLL_FACTOR,PCF_CODE_OF_VIOL,PCF_VIOL_CATEGORY,PCF_VIOLATION,PCF_VIOL_SUBSECTION,HIT_AND_RUN,TYPE_OF_COLLISION,MVIW,PED_ACTION,ROAD_SURFACE,ROAD_COND_1,ROAD_COND_2,LIGHTING,CONTROL_DEVICE,CHP_ROAD_TYPE,PEDESTRIAN_ACCIDENT,BICYCLE_ACCIDENT,MOTORCYCLE_ACCIDENT,TRUCK_ACCIDENT,NOT_PRIVATE_PROPERTY,ALCOHOL_INVOLVED,STWD_VEHTYPE_AT_FAULT,CHP_VEHTYPE_AT_FAULT,COUNT_SEVERE_INJ,COUNT_VISIBLE_INJ,COUNT_COMPLAINT_PAIN,COUNT_PED_KILLED,COUNT_PED_INJURED,COUNT_BICYCLIST_KILLED,COUNT_BICYCLIST_INJURED,COUNT_MC_KILLED,COUNT_MC_INJURED,PRIMARY_RAMP,SECONDARY_RAMP,LATITUDE,LONGITUDE,COUNTY,CITY,POINT_X,POINT_Y
6489353,2014,2014-08-01,4006,2014-05-20,1247,27940,,2,5,4,4006,0,0,0,,0,,LAUREL,ORCUTT,735.00,N,N,A,-,N,,,,,,,,,,Y,4,0,1,2,A,-,04,21703,,N,C,C,A,A,H,-,A,A,0,,,,,Y,,A,01,0,0,1,0,0,0,0,0,0,"- ","- ",,,"SAN LUIS OBISPO","SAN LUIS OBISPO",-120.6422748,35.263116699999998
6489357,2014,2014-08-01,4006,2014-05-16,0902,76984,,5,5,4,4006,0,0,0,,0,,OSOS,MARSH,0.00,,Y,A,-,N,,,,,,,,,,N,4,0,1,2,A,-,03,22350,,N,G,B,B,A,H,-,A,A,0,Y,,,,Y,,D,22,0,0,1,0,1,0,0,0,0,"- ","- ",,,"SAN LUIS OBISPO","SAN LUIS OBISPO",-120.66009989,35.280350069999997
6493546,2014,2016-04-09,9745,2014-05-28,0540,13531,,3,3,9,4000,0,1,2,,2,505,"RT 101","TEFFT ST",2000.00,S,N,B,-,Y,SLO,5,101,-,-,4.470,H,-,S,N,4,0,1,2,A,-,03,22350,,N,C,C,A,A,H,-,B,D,1,,,,Y,Y,,F,26,0,0,1,0,0,0,0,0,0,"- ","- ",35.031059999999997,-120.47863,"SAN LUIS OBISPO",UNINCORPORATED,-120.4802052,35.032624749999997
6493550,2014,2014-08-07,9745,2014-05-27,0847,013531,,2,1,9,4000,0,2,4,,1,051,"LOS BERROS RD","FALCON CREST DR",400.00,W,N,A,-,N,,,,,,,,,,Y,4,0,1,2,A,-,03,22350,,N,F,I,A,A,H,-,A,D,0,,,,Y,Y,,G,25,0,0,1,0,0,0,0,0,0,"- ","- ",35.101590000000002,-120.57232999999999,"SAN LUIS OBISPO",UNINCORPORATED,-120.57311452,35.10168582
6495667,2014,2014-08-08,4004,2014-06-05,0527,0901,01,4,5,3,4004,0,0,0,,0,1-4,24TH,SPRING,0.00,,Y,A,-,N,,,,,,,,,,N,3,0,1,2,A,-,09,21801,A,N,A,C,A,A,H,-,B,D,0,,,,,Y,,D,22,0,1,0,0,0,0,0,0,0,"- ","- ",,,"SAN LUIS OBISPO","PASO ROBLES",-120.69243987999999,35.639130020000003
6498790,2014,2016-04-09,9745,2014-05-03,0805,17541,,6,1,9,4000,0,1,3,,2,023,"RT 1","COLONY DR",5280.00,N,N,A,-,Y,SLO,5,1,-,-,20.800,H,-,N,N,4,0,2,2,A,-,03,22350,,N,C,C,A,A,H,-,A,D,1,,,,,Y,,A,01,0,0,2,0,0,0,0,0,0,"- ","- ",35.1858,-120.471,"SAN LUIS OBISPO",UNINCORPORATED,-120.71500883,35.320495020000003
6499061,2014,2014-07-18,4002,2014-04-22,1659,476,107,2,5,3,4002,0,0,0,,0,001,"NEWPORT AV","N 12TH ST",0.00,,Y,A,-,N,,,,,,,,,,N,4,0,1,2,A,-,09,21802,A,N,D,C,A,A,H,-,A,A,0,,,,,Y,,A,01,0,0,1,0,0,0,0,0,0,"- ","- ",,,"SAN LUIS OBISPO","GROVER BEACH",-120.61625988,35.125170079999997
6500405,2014,2014-07-28,9740,2014-05-15,1035,13733,,4,1,9,4000,0,3,5,,2,019,"MISSION ST","12TH ST",9.00,N,N,A,-,N,,,,,,,,,,Y,3,0,1,3,A,-,08,22107,,N,B,C,E,A,H,-,A,D,0,Y,,,,Y,,D,22,0,1,0,0,1,0,0,0,0,"- ","- ",35.75018,-120.69645,"SAN LUIS OBISPO",UNINCORPORATED,-120.69653511999999,35.750204400000001
6502365,2014,2016-04-07,9745,2014-06-03,0806,013531,,2,1,9,4000,0,1,2,,1,101,"RT 101","STAGECOACH RD",2640.00,N,N,A,-,Y,SLO,5,101,-,R,33.260,H,-,N,Y,4,0,2,2,A,-,03,22350,,N,C,C,A,A,H,-,A,D,5,,,,Y,Y,,D,22,0,0,2,0,0,0,0,0,0,"- ","- ",35.328110000000002,-120.62039,"SAN LUIS OBISPO",UNINCORPORATED,-120.62052660000001,35.324505600000002
6504196,2014,2014-07-25,9745,2014-05-31,0835,015144,,6,1,9,4000,0,2,4,,1,058,"HUTTON RD","VISTA DEL RIO",2640.00,N,N,A,-,N,,,,,,,,,,Y,3,0,1,1,A,-,01,23152,A,N,E,I,A,A,H,-,A,D,0,,,,,Y,Y,A,01,0,1,0,0,0,0,0,0,0,"- ","- ",35.007950000000001,-120.44837,"SAN LUIS OBISPO",UNINCORPORATED,-120.44837,35.007950000000001
6505430,2014,2014-07-24,4006,2014-05-09,1626,69585,,5,5,4,4006,0,0,0,,0,,"MADONNA LN",OCEANAIRE,35.00,E,N,A,-,N,,,,,,,,,,N,4,0,2,2,A,-,03,22350,,N,C,C,A,A,H,-,A,A,0,,,,,Y,,A,07,0,0,2,0,0,0,0,0,0,"- ","- ",,,"SAN LUIS OBISPO","SAN LUIS OBISPO",-120.68418748000001,35.259436600000001
6505440,2014,2016-04-06,9745,2014-05-18,2140,016068,,7,2,9,4000,0,1,3,,1,011,"RT 41","BEAR RIDGE RD",1056.00,S,N,A,-,Y,SLO,5,41,-,-,5.120,H,-,S,Y,3,0,3,4,A,-,03,22350,,N,C,C,A,A,H,-,D,D,0,,,,,Y,,A,01,0,2,1,0,0,0,0,0,0,"- ","- ",35.423810000000003,-120.78451,"SAN LUIS OBISPO",UNINCORPORATED,-120.78438468,35.423822180000002
6505593,2014,2014-07-28,4006,2014-05-18,1059,53500,,7,5,4,4006,0,0,0,,0,,"LOS OSOS VALLEY RD","RANCH RD",180.00,W,N,A,-,N,,,,,,,,,,N,4,0,1,3,A,-,03,22350,,N,C,C,A,A,H,-,A,A,0,,,,,Y,,-,,0,0,1,0,0,0,0,0,0,"- ","- ",,,"SAN LUIS OBISPO","SAN LUIS OBISPO",,
6505597,2014,2016-04-09,4006,2014-05-18,1749,15913,,7,5,4,4006,0,0,0,,0,,MADONNA,"RT 101",165.00,W,N,A,-,Y,SLO,5,101,-,-,27.180,R,4,S,Y,4,0,1,2,A,-,08,22107,,N,D,C,A,-,H,-,A,A,0,,,,,Y,Y,A,01,0,0,1,0,0,0,0,0,0,"- ",NF,,,"SAN LUIS OBISPO","SAN LUIS OBISPO",-120.67359712,35.261360740000001
6506457,2014,2014-07-15,4002,2014-04-30,0710,476,101,3,5,3,4002,0,0,0,,0,001,"W GRAND AV","4TH ST",0.00,,Y,A,-,N,,,,,,,,,,Y,3,0,3,3,A,-,12,21453,A,N,D,C,A,A,H,-,A,A,0,,,Y,,Y,,A,07,0,1,2,0,0,0,0,0,1,"- ","- ",,,"SAN LUIS OBISPO","GROVER BEACH",-120.62643986,35.121800049999997
6508286,2014,2014-07-08,4006,2014-03-30,1132,59000,,7,5,4,4006,0,0,0,,0,,"PRADO RD","S HIGUERA",0.00,,Y,A,-,N,,,,,,,,,,N,4,0,1,2,A,-,05,21650,1,N,D,G,A,A,H,-,A,A,0,,Y,,,Y,,L,04,0,0,1,0,0,0,1,0,0,"- ","- ",,,"SAN LUIS OBISPO","SAN LUIS OBISPO",-120.66901993,35.254620060000001
6508844,2014,2014-07-31,4004,2014-05-13,0758,1200,01,2,5,3,4004,0,0,0,,0,013,SPRING,28TH,172.00,S,N,A,-,N,,,,,,,,,,Y,4,0,1,2,A,-,03,22350,,N,C,C,A,A,H,-,A,D,0,,,,,Y,,A,01,0,0,1,0,0,0,0,0,0,"- ","- ",,,"SAN LUIS OBISPO","PASO ROBLES",-120.69274971,35.642858709999999
6508860,2014,2014-08-06,4002,2014-05-02,1544,048,108,5,5,3,4002,0,0,0,,0,001,"N OAK PARK BL","ATLANTIC CITY AV",10.00,S,N,A,-,N,,,,,,,,,,Y,4,0,4,3,A,-,03,22350,,N,C,C,A,A,H,-,A,A,0,,,,,Y,,A,01,0,0,4,0,0,0,0,0,0,"- ","- ",,,"SAN LUIS OBISPO","GROVER BEACH",-120.60873248999999,35.126752609999997
6508868,2014,2014-07-31,4002,2014-05-22,0856,338,103,4,5,3,4002,0,0,0,,0,001,"W GRAND AV","11TH ST",0.00,,Y,B,-,N,,,,,,,,,,Y,4,0,1,2,A,-,12,21453,A,N,D,C,A,A,H,-,A,A,0,,,,,Y,,A,01,0,0,1,0,0,0,0,0,0,"- ","- ",,,"SAN LUIS OBISPO","GROVER BEACH",-120.61775986000001,35.12137001
6508899,2014,2016-04-09,9745,2014-05-21,1420,014996,,3,2,9,4000,0,1,3,,1,045,"RT 1","OSO FLACO LAKE RD",0.00,,Y,B,-,Y,SLO,5,1,-,-,2.330,I,5,N,Y,2,0,2,2,A,-,09,21802,A,N,D,C,A,A,H,-,A,A,0,,,,,Y,,A,07,1,0,1,0,0,0,0,0,0,"- ","- ",35.011049999999997,-120.56735999999999,"SAN LUIS OBISPO",UNINCORPORATED,-120.56758944000001,35.010786099999997
6508911,2014,2016-04-07,9745,2014-05-13,1757,016832,,2,2,9,4000,0,1,2,,2,202,"RT 101","SANTA ROSA ST",528.00,S,N,A,-,Y,SLO,5,101,-,-,43.910,H,-,N,N,4,0,1,1,A,-,16,24002,A,N,E,J,A,A,H,-,A,D,0,,,Y,,Y,,C,02,0,0,1,0,0,0,0,0,1,"- ","- ",35.285589999999999,-120.66482000000001,"SAN LUIS OBISPO",UNINCORPORATED,-120.65030419,35.464772529999998
6512003,2014,2014-08-08,9740,2014-06-02,1025,14662,,1,1,9,4000,0,3,5,,2,021,"CELESTIAL WY","LAS TABLAS RD",500.00,N,N,A,-,N,,,,,,,,,,N,4,0,1,3,A,-,09,21801,A,M,H,C,A,A,H,-,A,D,0,,Y,,,Y,,A,07,0,0,1,0,0,0,1,0,0,"- ","- ",35.555199999999999,-120.7222,"SAN LUIS OBISPO",UNINCORPORATED,-120.72230999999999,35.555773379999998
6512669,2014,2015-03-18,9745,2014-06-13,1410,012876,,5,2,9,4000,0,1,2,,1,101,"RT 101","TASSAJARA CREEK RD",2112.00,S,N,A,-,Y,SLO,5,101,-,-,36.400,H,-,S,Y,4,0,1,2,A,-,16,24002,A,N,E,J,A,A,H,-,A,D,5,,,,,Y,,E,22,0,0,1,0,0,0,0,0,0,"- ","- ",35.365819999999999,-120.6397,"SAN LUIS OBISPO",UNINCORPORATED,-120.63926665,35.36532235
6513548,2014,2014-08-09,9745,2014-06-11,1600,012601,,3,2,9,4000,0,3,5,,2,002,"10TH ST","LOS OLIVOS AV",0.00,,Y,A,-,N,,,,,,,,,,N,4,0,1,2,A,-,09,21802,A,N,D,C,A,A,H,-,A,A,0,,,,,Y,,A,01,0,0,1,0,0,0,0,0,0,"- ","- ",35.31344,-120.83216,"SAN LUIS OBISPO",UNINCORPORATED,-120.83221995,35.313170110000002
6513592,2014,2015-03-18,9745,2014-06-09,1225,015144,,1,1,3,4001,0,1,2,,2,402,"RT 101","OAK PARK BL",1584.00,S,N,B,-,Y,SLO,5,101,-,-,14.310,H,-,S,Y,3,0,1,2,A,-,01,23152,A,N,C,E,A,A,H,-,A,D,1,,,,,Y,Y,A,01,0,1,0,0,0,0,0,0,0,"- ","- ",35.12847,-120.602,"SAN LUIS OBISPO","ARROYO GRANDE",-120.60184941,35.128414130000003
6513596,2014,2014-08-09,9745,2014-06-13,0035,017541,,5,3,9,4000,0,3,5,,2,003,"ORCUTT RD","LOPEZ DR",1056.00,N,N,A,-,N,,,,,,,,,,Y,3,0,1,1,A,-,08,22107,,N,E,I,A,A,H,-,D,D,0,,,,,Y,,A,01,0,1,0,0,0,0,0,0,0,"- ","- ",35.829999999999998,-120.37350000000001,"SAN LUIS OBISPO",UNINCORPORATED,-120.53175401999999,35.175020859999997
6513797,2014,2014-06-26,4003,2014-02-03,1039,C7315,3,1,5,2,4003,0,0,0,,0,001,"MORRO BAY BL","QUINTANA RD",0.00,,Y,B,-,N,,,,,,,,,,Y,3,0,1,2,A,-,21,22106,,N,D,C,A,A,H,-,A,A,0,,,,,Y,,A,01,0,1,0,0,0,0,0,0,0,"- ","- ",,,"SAN LUIS OBISPO","MORRO BAY",-120.84092527999999,35.36654557
6514246,2014,2014-08-11,4006,2014-06-18,1213,16380,,3,5,4,4006,0,0,0,,0,,SOUTHWOOD,JOHNSON,0.00,,Y,A,-,N,,,,,,,,,,Y,4,0,1,2,A,-,09,21802,A,N,D,C,A,A,H,-,A,D,0,,,,,Y,,D,22,0,0,1,0,0,0,0,0,0,"- ","- ",,,"SAN LUIS OBISPO","SAN LUIS OBISPO",-120.63581999,35.264940090000003
6514270,2014,2014-08-11,4006,2014-06-10,1614,16380,,2,5,4,4006,0,0,0,,0,,"HIGUERA ST","LAS PRADERAS",155.00,N,N,A,-,N,,,,,,,,,,Y,3,0,2,2,A,-,09,21801,A,N,D,C,A,A,H,-,A,D,0,,,,,Y,,D,22,0,1,1,0,0,0,0,0,0,"- ","- ",,,"SAN LUIS OBISPO","SAN LUIS OBISPO",-120.67449553,35.245529840000003
6515487,2014,2014-08-05,4006,2014-05-20,1653,82350,,2,5,4,4006,0,0,0,,0,,MADONNA,"MADONNA INN ENT",87.00,E,N,A,-,N,,,,,,,,,,N,3,0,1,3,A,-,03,22350,,N,C,C,A,A,H,-,A,A,0,,,Y,,Y,,C,02,0,1,0,0,0,0,0,0,1,"- ","- ",,,"SAN LUIS OBISPO","SAN LUIS OBISPO",-120.67539811,35.264716730000004
6515491,2014,2016-04-09,4006,2014-05-12,1628,27940,,1,5,4,4006,0,0,0,,0,,GRAND,"RT 101",0.00,,Y,A,-,Y,SLO,5,101,-,-,13.320,R,4,S,N,3,0,1,2,A,-,09,21801,A,N,D,G,A,A,H,-,A,A,0,,Y,,,Y,,A,01,0,1,0,0,0,0,1,0,0,"- ",SO,,,"SAN LUIS OBISPO","SAN LUIS OBISPO",-120.58633561000001,35.12205179
6517437,2014,2015-03-18,9740,2014-06-12,1413,15644,,4,2,9,4000,0,1,2,,2,004,"RT 101","MONTEREY RD",12.00,N,N,A,-,Y,SLO,5,101,-,-,59.920,H,-,N,Y,2,0,3,2,A,-,09,21802,A,N,D,C,A,A,H,-,A,A,5,,,,,Y,,D,22,2,1,0,0,0,0,0,0,0,"- ","- ",35.66733,-120.69609,"SAN LUIS OBISPO",UNINCORPORATED,-120.69600469,35.667305089999999
6518448,2014,2014-08-07,9745,2014-06-03,0850,012876,,2,1,9,4000,0,2,4,,1,024,"SOUTH BAY BL","YAMA LN",527.00,S,N,B,-,N,,,,,,,,,,Y,2,0,3,3,A,-,05,21460,A,N,B,C,A,A,H,-,A,D,0,,Y,,,Y,,A,01,1,1,1,0,0,0,1,0,0,"- ","- ",35.318980000000003,-120.82334,"SAN LUIS OBISPO",UNINCORPORATED,-120.82344205,35.319092769999997
6518747,2014,2016-04-09,9745,2014-05-30,0750,013212,,5,1,9,4000,0,1,3,,2,023,"RT 1","HIGHLAND DR",390.00,N,N,A,-,Y,SLO,5,1,-,-,17.870,H,-,S,N,4,0,1,2,A,-,03,22350,,N,C,C,A,A,H,-,A,D,1,,,,,Y,,A,01,0,0,1,0,0,0,0,0,0,"- ","- ",37.254899999999999,-122.08933,"SAN LUIS OBISPO",UNINCORPORATED,-120.67467664,35.299114580000001
6518748,2014,2016-04-09,9745,2014-05-30,1305,012876,,5,1,9,4000,0,1,2,,2,505,"RT 101","WILLOW RD",500.00,S,N,A,-,Y,SLO,5,101,-,-,6.320,H,-,N,N,4,0,1,2,A,-,07,21658,A,M,C,C,A,A,H,-,A,D,1,,,,,Y,,A,01,0,0,1,0,0,0,0,0,0,"- ","- ",35.055669999999999,-120.50132000000001,"SAN LUIS OBISPO",UNINCORPORATED,-120.49992602,35.054103320000003
6518751,2014,2016-04-09,9745,2014-05-30,1455,014996,,5,2,9,4000,0,1,3,,1,043,"RT 1","VALLEY RD",0.00,,Y,A,-,Y,SLO,5,1,-,-,10.380,I,5,N,Y,2,0,2,2,A,-,09,21802,A,F,F,A,A,A,H,-,A,A,0,,,Y,,Y,,A,01,1,1,0,0,0,0,0,0,2,"- ","- ",35.098889999999997,-120.58237,"SAN LUIS OBISPO",UNINCORPORATED,-120.58183820000001,35.098056069999998
6519085,2014,2014-08-12,9745,2014-06-06,1215,013212,,5,1,9,4000,0,3,5,,2,004,"VALLEY RD","SUNRISE TER",528.00,N,N,A,-,N,,,,,,,,,,Y,4,0,1,1,A,-,08,22107,,N,F,A,A,A,H,-,A,D,0,,,,,Y,,D,22,0,0,1,0,0,0,0,0,0,"- ","- ",35.108280000000001,-120.58158,"SAN LUIS OBISPO",UNINCORPORATED,-120.58150999999999,35.108160320000003
6519093,2014,2016-04-09,9745,2014-06-08,1310,015144,,7,1,9,4000,0,1,2,,2,505,"RT 101","NIPOMO CREEK",2640.00,N,N,A,-,Y,SLO,5,101,-,-,1.890,H,-,N,Y,4,0,1,2,A,-,03,22350,,N,C,C,A,A,H,-,A,D,1,,,,,Y,,A,01,0,0,1,0,0,0,0,0,0,"- ","- ",35.00808,-120.44736,"SAN LUIS OBISPO",UNINCORPORATED,-120.4466742,35.007721770000003
6519097,2014,2016-04-09,9745,2014-06-05,1400,014996,,4,2,9,4000,0,1,3,,1,043,"RT 1","RALCOA WY",20.00,N,N,A,-,Y,SLO,5,1,-,-,5.810,H,-,S,Y,4,0,2,2,A,-,03,22350,,N,C,C,A,A,H,-,A,D,0,,,,,Y,,A,01,0,0,2,0,0,0,0,0,0,"- ","- ",35.047110000000004,-120.58119000000001,"SAN LUIS OBISPO",UNINCORPORATED,-120.58132560999999,35.047269749999998
6528277,2014,2014-08-13,4006,2014-06-04,2208,59000,,3,5,4,4006,0,0,0,,0,,BROAD,INDUSTRIAL,39.00,N,N,A,-,N,,,,,,,,,,N,4,0,1,2,A,-,11,21954,A,N,G,B,D,A,H,-,C,A,0,Y,,,,Y,Y,N,60,0,0,1,0,1,0,0,0,0,"- ","- ",,,"SAN LUIS OBISPO","SAN LUIS OBISPO",-120.6446361,35.251200230000002
6529760,2014,2014-07-30,4006,2014-05-23,1626,10140,4006,5,5,4,4006,0,0,0,,0,,MEADOW,SOUTH,38.00,S,N,A,-,N,,,,,,,,,,N,4,0,1,2,A,-,21,22106,,N,D,E,A,A,H,-,A,-,0,,,,,Y,,M,47,0,0,1,0,0,0,0,0,0,"- ","- ",,,"SAN LUIS OBISPO","SAN LUIS OBISPO",-120.65819888999999,35.26940175
6529928,2014,2014-08-08,9740,2014-06-19,1840,14947,,4,2,9,4000,0,3,5,,2,018,"CRESTON RD","NEAL SPRINGS RD",40.00,W,N,A,-,N,,,,,,,,,,Y,2,0,1,1,A,-,01,23152,E,N,E,I,A,A,H,-,A,D,0,,,,,Y,,D,22,1,0,0,0,0,0,0,0,0,"- ","- ",35.575499999999998,-120.61669999999999,"SAN LUIS OBISPO",UNINCORPORATED,-120.61663586,35.575555780000002
6530329,2014,2016-04-05,9740,2014-06-17,1915,14622,,2,2,9,4000,0,1,3,,2,005,"RT 58","NAVAJO CREEK RD",2640.00,E,N,A,-,Y,SLO,5,58,-,-,30.430,H,-,E,Y,4,0,1,1,A,-,08,22107,,N,F,I,A,A,H,-,A,D,0,,,,,Y,,A,01,0,0,1,0,0,0,0,0,0,"- ","- ",35.41724,-120.21635999999999,"SAN LUIS OBISPO",UNINCORPORATED,-120.2200505,35.420484029999997
6530506,2014,2014-08-19,9740,2014-06-05,1305,13133,,4,1,9,4000,0,1,3,,2,008,"RANCHITA CANYON RD","CROSS COUNTRY RD",10.00,N,N,A,-,N,,,,,,,,,,N,3,0,1,1,A,-,03,22350,,N,F,A,A,A,H,-,A,D,0,,,Y,,Y,,C,02,0,1,0,0,0,0,0,0,1,"- ","- ",35.790790000000001,-120.58378999999999,"SAN LUIS OBISPO",UNINCORPORATED,-120.58379263,35.7907978
6530510,2014,2014-08-19,9740,2014-06-04,1815,014543,,3,2,9,4000,0,3,5,,2,021,"SANTA RITA RD","RAYMOND AV",6336.00,S,N,A,-,N,,,,,,,,,,N,3,0,1,1,C,-,18,,,N,H,I,A,A,H,-,A,D,0,,Y,,,Y,,-,"- ",0,1,0,0,0,0,1,0,0,"- ","- ",35.525109999999998,-120.76214,"SAN LUIS OBISPO",UNINCORPORATED,-120.72798863,35.538307680000003
6531214,2014,2016-04-07,9740,2014-05-28,1220,011452,,3,1,4,4008,0,1,2,,2,002,"RT 101","RT 41",1400.00,N,N,A,-,Y,SLO,5,101,-,-,46.250,H,-,S,N,4,0,1,1,A,-,08,22107,,N,C,C,A,A,D,-,A,A,1,,,,,Y,,A,07,0,0,1,0,0,0,0,0,0,"- ","- ",35.497549999999997,-120.66913,"SAN LUIS OBISPO",ATASCADERO,-120.67487361000001,35.491255979999998
6531228,2014,2014-07-17,4001,2014-03-13,1235,P069,,4,5,3,4001,0,0,0,,0,CITY,"S HALCYON RD","FAIR OAKS AV",20.00,N,N,A,-,N,,,,,,,,,,N,4,0,2,2,A,-,21,22106,,N,C,C,A,A,H,-,A,A,0,,,,,Y,,D,22,0,0,2,0,0,0,0,0,0,"- ","- ",,,"SAN LUIS OBISPO","ARROYO GRANDE",-120.59161089,35.112784929999997
6533028,2014,2014-07-18,4001,2014-03-22,1716,P0115,8,6,5,3,4001,0,0,0,,0,CITY,"EAST GRAND AV","WEST BRANCH ST",0.00,,Y,A,-,N,,,,,,,,,,Y,4,0,1,2,A,-,09,21802,A,N,D,C,A,A,H,-,A,A,0,,,,,Y,,A,01,0,0,1,0,0,0,0,0,0,"- ","- ",,,"SAN LUIS OBISPO","ARROYO GRANDE",-120.58199988,35.122130089999999
6533032,2014,2014-07-18,4001,2014-03-28,1550,P069,,5,5,3,4001,0,0,0,,0,CITY,"RANCHO PKWY","WEST BRANCH ST",282.00,N,N,A,-,N,,,,,,,,,,Y,4,0,1,2,A,-,09,21804,A,N,D,C,A,A,H,-,A,A,0,,,,,Y,,A,01,0,0,1,0,0,0,0,0,0,"- ","- ",,,"SAN LUIS OBISPO","ARROYO GRANDE",-120.59507225,35.126453310000002
6533051,2014,2014-07-24,4001,2014-04-14,1435,P090,1,1,5,3,4001,0,0,0,,0,CITY,"EAST GRAND AV","BRISCO RD",400.00,E,N,A,-,N,,,,,,,,,,N,4,0,1,2,A,-,05,21202,A,N,D,G,A,A,H,-,A,D,0,,Y,,,Y,,L,04,0,0,1,0,0,0,1,0,0,"- ","- ",,,"SAN LUIS OBISPO","ARROYO GRANDE",-120.59823007,35.120069559999997
6533108,2014,2014-08-06,4001,2014-05-09,1528,P069,,5,5,3,4001,0,0,0,,0,CITY,"N OAK PARK BL","JAMES WY",0.00,,Y,A,-,N,,,,,,,,,,Y,3,0,1,3,A,-,12,21453,A,N,D,C,A,A,H,-,A,A,0,,,,,Y,,A,07,0,1,0,0,0,0,0,0,0,"- ","- ",,,"SAN LUIS OBISPO","ARROYO GRANDE",-120.6052799,35.133980010000002
6536270,2014,2014-08-19,4005,2014-05-29,1550,P085,3,4,5,2,4005,0,0,0,,0,,PRICE,STIMSON,0.00,,Y,A,-,N,,,,,,,,,,N,4,0,1,2,A,-,05,21650,1,N,D,G,A,A,H,-,A,A,0,,Y,,,Y,,L,04,0,0,1,0,0,0,1,0,0,"- ","- ",,,"SAN LUIS OBISPO","PISMO BEACH",-120.63848998,35.140360059999999
6536309,2014,2016-04-07,4008,2014-05-18,1500,4044,,7,5,4,4008,0,0,0,,0,,"MORRO RD","ATASCADERO AV",10.00,W,N,A,-,Y,SLO,5,41,-,-,15.560,H,-,N,N,4,0,1,2,A,-,04,21703,,N,C,C,A,A,H,-,A,A,0,,,,,Y,,A,01,0,0,1,0,0,0,0,0,0,"- ","- ",35.480739999999997,-120.66656,"SAN LUIS OBISPO",ATASCADERO,-120.66649045,35.480522780000001
6537550,2014,2016-04-05,9750,2014-06-18,0545,013267,,3,3,9,4000,0,1,3,,1,065,"RT 166","RT 33",6336.00,W,N,A,-,Y,SLO,5,166,-,-,73.400,H,-,W,Y,3,0,2,2,A,-,06,21750,,N,C,C,A,A,H,-,B,D,0,,,,,Y,,A,01,0,2,0,0,0,0,0,0,0,"- ","- ",34.934170000000002,-119.53482,"SAN LUIS OBISPO",UNINCORPORATED,-119.53543349,34.934157620000001
6538245,2014,2016-04-06,4004,2014-06-22,1145,1200,03,7,5,3,4004,0,0,0,,0,034,"RT 46",UNION,0.00,,Y,A,-,Y,SLO,5,46,-,-,38.610,I,5,E,Y,2,0,2,2,A,-,09,21800,A,N,D,C,A,A,H,-,A,D,0,,,Y,,Y,,A,01,1,1,0,0,0,0,0,0,2,"- ","- ",,,"SAN LUIS OBISPO","PASO ROBLES",-120.53399666,35.65538866
6538333,2014,2016-04-05,9750,2014-06-28,1232,014820,,6,1,9,4000,0,1,3,,1,063,"RT 166","SIERRA MADRE RD",36432.00,E,N,A,-,Y,SLO,5,166,-,-,41.410,H,-,W,Y,2,0,1,1,A,-,03,22350,,N,F,A,A,A,H,-,A,D,0,,,Y,,Y,,C,02,1,0,0,0,0,0,0,0,1,"- ","- ",35.066409999999998,-119.98305999999999,"SAN LUIS OBISPO",UNINCORPORATED,-120.03895103000001,35.091383299999997
6538513,2014,2014-08-13,4006,2014-06-27,0939,10140,4006,5,5,4,4006,0,0,0,,0,,HIGUERA,MORRO,120.00,W,N,A,-,N,,,,,,,,,,N,4,0,1,2,A,-,17,22517,,N,B,C,A,A,H,-,A,D,0,,,,,Y,,A,01,0,0,1,0,0,0,0,0,0,"- ","- ",,,"SAN LUIS OBISPO","SAN LUIS OBISPO",-120.66205346,35.280404300000001
6540948,2014,2016-05-04,9745,2014-07-14,2140,016514,,1,2,9,4000,0,1,3,,1,011,"RT 41","BEAR RIDGE RD",1584.00,N,N,A,-,Y,SLO,5,41,-,-,5.670,H,-,N,Y,4,0,1,1,A,-,08,22107,,N,H,A,A,A,H,-,D,D,0,,,,,Y,,A,07,0,0,1,0,0,0,0,0,0,"- ","- ",35.426879999999997,-120.77775,"SAN LUIS OBISPO",UNINCORPORATED,-120.77649246999999,35.427836859999999
6544012,2014,2014-08-12,4006,2014-06-20,1133,27940,,5,5,4,4006,0,0,0,,0,,MARSH,MORRO,75.00,W,N,A,-,N,,,,,,,,,,N,4,0,1,2,A,-,11,21954,A,N,G,B,E,A,H,-,A,A,0,Y,,,,Y,,N,60,0,0,1,0,1,0,0,0,0,"- ","- ",,,"SAN LUIS OBISPO","SAN LUIS OBISPO",-120.66122195,35.279687449999997
6544532,2014,2014-08-12,4006,2014-06-25,1129,16380,,3,5,4,4006,0,0,0,,0,,MONTEREY,JOHNSON,154.00,W,N,A,-,N,,,,,,,,,,N,4,0,1,2,A,-,17,22517,,N,B,G,A,A,H,-,A,D,0,,Y,,,Y,,A,01,0,0,1,0,0,0,1,0,0,"- ","- ",,,"SAN LUIS OBISPO","SAN LUIS OBISPO",-120.65766729000001,35.284020150000003