CASE_ID,ACCIDENT_YEAR,PROC_DATE,JURIS,COLLISION_DATE,COLLISION_TIME,OFFICER_ID,REPORTING_DISTRICT,DAY_OF_WEEK,CHP_SHIFT,POPULATION,CNTY_CITY_LOC,SPECIAL_COND,BEAT_TYPE,CHP_BEAT_TYPE,CITY_DIVISION_LAPD,CHP_BEAT_CLASS,BEAT_NUMBER,PRIMARY_RD,SECONDARY_RD,DISTANCE,DIRECTION,INTERSECTION,WEATHER_1,WEATHER_2,STATE_HWY_IND,CALTRANS_COUNTY,CALTRANS_DISTRICT,STATE_ROUTE,ROUTE_SUFFIX,POSTMILE_PREFIX,POSTMILE,LOCATION_TYPE,RAMP_INTERSECTION,SIDE_OF_HWY,TOW_AWAY,COLLISION_SEVERITY,NUMBER_KILLED,NUMBER_INJURED,PARTY_COUNT,PRIMARY_COLL_FACTOR,PCF_CODE_OF_VIOL,PCF_VIOL_CATEGORY,PCF_VIOLATION,PCF_VIOL_SUBSECTION,HIT_AND_RUN,TYPE_OF_COLLISION,MVIW,PED_ACTION,ROAD_SURFACE,ROAD_COND_1,ROAD_COND_2,LIGHTING,CONTROL_DEVICE,CHP_ROAD_TYPE,PEDESTRIAN_ACCIDENT,BICYCLE_ACCIDENT,MOTORCYCLE_ACCIDENT,TRUCK_ACCIDENT,NOT_PRIVATE_PROPERTY,ALCOHOL_INVOLVED,STWD_VEHTYPE_AT_FAULT,CHP_VEHTYPE_AT_FAULT,COUNT_SEVERE_INJ,COUNT_VISIBLE_INJ,COUNT_COMPLAINT_PAIN,COUNT_PED_KILLED,COUNT_PED_INJURED,COUNT_BICYCLIST_KILLED,COUNT_BICYCLIST_INJURED,COUNT_MC_KILLED,COUNT_MC_INJURED,PRIMARY_RAMP,SECONDARY_RAMP,LATITUDE,LONGITUDE,COUNTY,CITY,POINT_X,POINT_Y
6605175,2014,2014-09-11,9745,2014-08-18,0845,015716,,1,1,9,4000,0,2,4,,1,055,"TEFFT ST","MARY AV",30.00,E,N,A,-,N,,,,,,,,,,N,4,0,1,2,A,-,03,22350,,N,C,C,A,A,H,-,A,D,0,,,,,Y,,A,01,0,0,1,0,0,0,0,0,0,"- ","- ",35.036450000000002,-120.48665,"SAN LUIS OBISPO",UNINCORPORATED,-120.48654675,35.035785850000003
6605179,2014,2014-09-11,9745,2014-08-21,0904,012601,,4,1,9,4000,0,2,4,,1,025,"LOS OSOS VALLEY RD","TURRI RD",10032.00,E,N,A,-,N,,,,,,,,,,Y,3,0,2,2,A,-,03,22350,,N,C,C,A,A,D,-,A,D,0,,,,,Y,,A,01,0,1,1,0,0,0,0,0,0,"- ","- ",35.289000000000001,-120.74487999999999,"SAN LUIS OBISPO",UNINCORPORATED,-120.74577402,35.289223309999997
6605183,2014,2016-05-04,9745,2014-08-24,0538,015144,,7,3,2,4005,0,1,2,,2,404,"RT 101","PISMO CREEK BRIDGE",2.00,S,N,A,-,Y,SLO,5,101,-,-,16.400,H,-,N,Y,3,0,2,1,A,-,08,22107,,N,E,I,A,A,H,-,D,D,1,,,,,Y,,A,01,0,1,1,0,0,0,0,0,0,"- ","- ",35.139620000000001,-120.63598,"SAN LUIS OBISPO","PISMO BEACH",-120.63560842,35.139515430000003
6606161,2014,2015-12-29,4004,2014-05-16,0115,1208,02,5,5,3,4004,0,0,0,,0,026,"SPRING ST","3RD ST",95.00,N,N,A,-,N,,,,,,,,,,Y,1,1,0,3,A,-,01,23152,A,N,B,E,A,A,H,-,C,D,0,,,,,Y,Y,A,01,0,0,0,0,0,0,0,0,0,"- ","- ",,,"SAN LUIS OBISPO","PASO ROBLES",-120.69063414,35.617690199999998
6606801,2014,2014-09-23,4006,2014-08-21,1423,16380,,4,5,4,4006,0,0,0,,0,,INDUSTRIAL,BROAD,25.00,W,N,A,-,N,,,,,,,,,,Y,4,0,2,2,A,-,09,21802,A,F,E,I,A,A,H,-,A,A,0,,,,,Y,,A,01,0,0,2,0,0,0,0,0,0,"- ","- ",,,"SAN LUIS OBISPO","SAN LUIS OBISPO",-120.64466569,35.251070660000003
6606943,2014,2014-09-29,4006,2014-08-17,0948,10140,4006,7,5,4,4006,0,0,0,,0,,MARSH,"SANTA ROSA",0.00,,Y,A,-,N,,,,,,,,,,N,4,0,1,2,A,-,07,21658,A,N,D,C,A,A,H,-,A,A,0,,,,,Y,,A,01,0,0,1,0,0,0,0,0,0,"- ","- ",,,"SAN LUIS OBISPO","SAN LUIS OBISPO",-120.65868988,35.281240080000003
6606951,2014,2014-09-27,4006,2014-08-22,1839,30105,,5,5,4,4006,0,0,0,,0,,MARGARITA,"S HIGUERA",136.00,E,N,A,-,N,,,,,,,,,,Y,4,0,1,2,A,-,08,22107,,N,E,E,A,A,H,-,A,A,0,,,,,Y,,A,01,0,0,1,0,0,0,0,0,0,"- ","- ",,,"SAN LUIS OBISPO","SAN LUIS OBISPO",-120.66822322,35.256963980000002
6606955,2014,2016-01-15,4006,2014-08-23,1903,62657,,6,5,4,4006,0,0,0,,0,,"RT 227",ORCUTT,10.00,N,N,A,-,N,,,,,,,,,,N,4,0,1,2,A,-,10,21950,A,N,G,B,B,A,H,-,B,A,0,Y,,,,Y,,-,,0,0,1,0,1,0,0,0,0,"- ","- ",,,"SAN LUIS OBISPO","SAN LUIS OBISPO",-120.64996898,35.261306820000001
6607269,2014,2014-09-08,4006,2014-08-01,1312,10140,4006,5,5,4,4006,0,0,0,,0,,HIGUERA,"TANK FARM",220.00,S,N,A,-,N,,,,,,,,,,N,3,0,1,2,A,-,07,21658,A,N,D,G,A,A,H,-,A,D,0,,Y,,,Y,,L,04,0,1,0,0,0,0,1,0,0,"- ","- ",,,"SAN LUIS OBISPO","SAN LUIS OBISPO",-120.6740628,35.246230869999998
6608995,2014,2016-05-04,9745,2014-08-25,1738,015734,,1,2,2,4005,0,1,2,,2,404,"RT 101","SPYGLASS DR",4224.00,S,N,A,-,Y,SLO,5,101,-,-,19.000,H,-,S,Y,4,0,1,3,A,-,03,22350,,N,C,C,A,A,H,-,A,D,1,,,,,Y,,D,22,0,0,1,0,0,0,0,0,0,"- ","- ",35.158929999999998,-120.6746,"SAN LUIS OBISPO","PISMO BEACH",-120.67439824,35.15877579
6609352,2014,2016-01-15,9745,2014-08-29,1600,013206,9745,5,2,9,4000,0,3,5,,2,005,"SUEY CREEK RD","RT 166",6336.00,N,N,A,-,N,,,,,,,,,,Y,3,0,1,1,A,-,08,22107,,M,E,I,A,A,H,-,A,D,0,,,,,Y,,A,01,0,1,0,0,0,0,0,0,0,"- ","- ",35.020740000000004,-120.36478,"SAN LUIS OBISPO",UNINCORPORATED,-120.36415081,35.01944683
6612710,2014,2016-05-04,9745,2014-09-01,1620,015144,,1,2,2,4005,0,1,2,,2,404,"RT 101","SPYGLASS DR",3168.00,N,N,A,-,Y,SLO,5,101,-,R,20.430,H,-,S,Y,4,0,1,2,A,-,03,22350,,N,C,C,A,A,H,-,A,D,1,,,,,Y,,A,01,0,0,1,0,0,0,0,0,0,"- ","- ",35.171489999999999,-120.69419000000001,"SAN LUIS OBISPO","PISMO BEACH",-120.69379531,35.171007879999998
6613045,2014,2014-09-20,4006,2014-08-25,0946,16380,,1,5,4,4006,0,0,0,,0,,HIGUERA,"TANK FARM",25.00,N,N,A,-,N,,,,,,,,,,N,4,0,1,2,A,-,03,22350,,N,C,C,A,A,H,-,A,A,0,,,,,Y,,A,01,0,0,1,0,0,0,0,0,0,"- ","- ",,,"SAN LUIS OBISPO","SAN LUIS OBISPO",-120.67367154,35.246860990000002
6613049,2014,2014-09-24,4006,2014-08-26,1830,30105,,2,5,4,4006,0,0,0,,0,,CALIFORNIA,HIGUERA,85.00,N,N,A,-,N,,,,,,,,,,N,4,0,1,2,A,-,09,21804,A,N,D,C,A,A,H,-,A,D,0,,,,,Y,,A,01,0,0,1,0,0,0,0,0,0,"- ","- ",,,"SAN LUIS OBISPO","SAN LUIS OBISPO",-120.65414079999999,35.285596820000002
6613053,2014,2014-09-24,4006,2014-08-29,1500,27940,,5,5,4,4006,0,0,0,,0,,"LOS OSOS VALLEY",ROYAL,0.00,,Y,A,-,N,,,,,,,,,,N,4,0,1,2,A,-,10,21950,A,N,G,B,B,A,H,-,A,A,0,Y,,,,Y,,A,07,0,0,1,0,1,0,0,0,0,"- ","- ",,,"SAN LUIS OBISPO","SAN LUIS OBISPO",-120.69255986,35.258609999999997
6613057,2014,2014-09-20,4006,2014-08-28,2154,92800,4006,4,5,4,4006,0,0,0,,0,,"SANTA ROSA",WALNUT,91.00,N,N,A,-,N,,,,,,,,,,N,3,0,1,2,A,-,03,22350,,N,C,G,A,A,H,-,C,A,0,,Y,,,Y,,L,04,0,1,0,0,0,0,1,0,0,"- ","- ",,,"SAN LUIS OBISPO","SAN LUIS OBISPO",-120.66303794,35.286112969999998
6616035,2014,2014-09-25,9740,2014-08-20,2145,013246,,3,2,9,4000,0,3,5,,2,016,"GAVIOTA TRL","DEVORE RD",225.00,E,N,A,-,N,,,,,,,,,,Y,2,0,1,2,A,-,03,22350,,N,C,E,A,A,H,-,D,D,0,,,Y,,Y,,C,06,1,0,0,0,0,0,0,0,1,"- ","- ",35.29327,-119.97983000000001,"SAN LUIS OBISPO",UNINCORPORATED,-119.97966646,35.293223490000003
6617615,2014,2014-10-07,4004,2014-08-25,1047,1197,04,1,5,3,4004,0,0,0,,0,"4 3",CRESTON,LANA,150.00,S,N,A,-,N,,,,,,,,,,N,4,0,1,2,A,-,03,22350,,N,C,C,A,A,H,-,A,D,0,,,,,Y,,I,11,0,0,1,0,0,0,0,0,0,"- ","- ",,,"SAN LUIS OBISPO","PASO ROBLES",-120.65916237,35.619287999999997
6617619,2014,2015-05-05,4004,2014-08-25,0532,1206,04,1,5,3,4004,0,0,0,,0,041,NIBLICK,"WOODLAND SHOPPING CENTER",0.00,,Y,B,-,N,,,,,,,,,,N,4,0,1,2,A,-,12,21453,A,N,D,C,A,A,H,-,C,A,0,,,,,Y,,D,22,0,0,1,0,0,0,0,0,0,"- ","- ",,,"SAN LUIS OBISPO","PASO ROBLES",-120.68207055000001,35.615038480000003
6617720,2014,2016-05-09,4004,2014-07-29,0947,1197,03,2,5,3,4004,0,0,0,,0,032,"RT 46","RT 101",0.00,,Y,A,-,Y,SLO,5,46,-,-,29.812,I,5,E,N,4,0,1,2,A,-,12,21453,A,N,D,C,A,A,H,-,A,A,0,,,,,Y,,D,22,0,0,1,0,0,0,0,0,0,"- ","- ",,,"SAN LUIS OBISPO","PASO ROBLES",-120.68355267,35.643028909999998
6617932,2014,2014-09-18,4004,2014-08-26,1308,0928,03,2,5,3,4004,0,0,0,,0,034,AIRPORT,"DRY CREEK",158.00,S,N,A,-,N,,,,,,,,,,Y,3,0,1,2,A,-,07,21658,A,N,A,C,A,A,H,-,A,D,0,,,,,Y,,A,08,0,1,0,0,0,0,0,0,0,"- ","- ",,,"SAN LUIS OBISPO","PASO ROBLES",-120.64097,35.662466029999997
6617948,2014,2014-09-23,4004,2014-08-08,0400,1187,04,5,5,3,4004,0,0,0,,0,048,MEADOWLARK,STARLING,414.00,E,N,A,-,N,,,,,,,,,,Y,4,0,1,2,A,-,03,22350,,M,A,E,A,A,H,-,C,A,0,,,,,Y,Y,A,01,0,0,1,0,0,0,0,0,0,"- ","- ",,,"SAN LUIS OBISPO","PASO ROBLES",-120.656941,35.601140000000001
6617952,2014,2014-09-18,4004,2014-08-12,0820,1200,02,2,5,3,4004,0,0,0,,0,022,12TH,RIVERSIDE,0.00,,Y,A,-,N,,,,,,,,,,N,4,0,1,2,A,-,09,21801,,N,D,C,A,A,H,-,A,D,0,,,,,Y,,A,01,0,0,1,0,0,0,0,0,0,"- ","- ",,,"SAN LUIS OBISPO","PASO ROBLES",-120.68694995,35.62691006
6617960,2014,2014-10-10,4004,2014-08-04,1530,1200,01,1,5,3,4004,0,0,0,,0,016,"17TH ST",CHESTNUT,0.00,,Y,A,-,N,,,,,,,,,,Y,4,0,1,2,A,-,09,21800,A,N,D,C,A,A,H,-,A,A,0,,,,,Y,,A,01,0,0,1,0,0,0,0,0,0,"- ","- ",,,"SAN LUIS OBISPO","PASO ROBLES",-120.69681998999999,35.631610010000003
6621486,2014,2016-05-03,9745,2014-09-03,1510,013531,,3,2,9,4000,0,1,2,,2,505,"RT 101","NIPOMO CREEK",5280.00,N,N,A,-,Y,SLO,5,101,-,-,2.360,H,-,N,Y,3,0,4,2,A,-,08,22107,,N,E,I,A,A,H,-,A,D,1,,,,,Y,,A,07,0,2,2,0,0,0,0,0,0,"- ","- ",35.010579999999997,-120.45191,"SAN LUIS OBISPO",UNINCORPORATED,-120.45342288000001,35.011326969999999
6621494,2014,2014-11-10,9745,2014-09-08,0600,15716,,1,1,9,4000,0,2,4,,1,055,"TEFFT ST","OAKGLEN AV",528.00,W,N,A,-,N,,,,,,,,,,Y,3,0,1,2,A,-,01,23152,A,N,D,C,A,A,H,-,B,D,0,,,,,Y,Y,D,22,0,1,0,0,0,0,0,0,0,"- ","- ",35.03745,-120.48353,"SAN LUIS OBISPO",UNINCORPORATED,-120.48443856,35.036964249999997
6623090,2014,2014-09-23,4003,2014-07-30,0827,C3670,3,3,5,2,4003,0,0,0,,0,001,"QUINTANA RD","KENNEDY WY",920.00,S,N,B,-,N,,,,,,,,,,N,4,0,1,1,A,-,01,23152,E,N,E,I,A,A,H,-,A,D,0,,,,,Y,,D,22,0,0,1,0,0,0,0,0,0,"- ","- ",,,"SAN LUIS OBISPO","MORRO BAY",-120.84262636,35.3678387
6623204,2014,2014-10-01,4002,2014-09-06,1436,338,213,6,5,3,4002,0,0,0,,0,001,"S 4TH ST","TROUVILLE AV",0.00,,Y,A,-,N,,,,,,,,,,Y,4,0,1,2,A,-,09,21801,A,N,D,C,A,A,H,-,A,A,0,,,,,Y,,A,01,0,0,1,0,0,0,0,0,0,"- ","- ",,,"SAN LUIS OBISPO","GROVER BEACH",-120.62674996,35.11667001
6623226,2014,2014-09-22,4003,2014-07-04,0849,C3670,7,5,5,2,4003,0,0,0,,0,002,"MAIN ST","ELENA ST",0.00,,Y,A,-,N,,,,,,,,,,N,4,0,1,2,A,-,05,21650,1,N,D,D,A,A,H,-,A,A,0,,Y,,,Y,,L,04,0,0,1,0,0,0,1,0,0,"- ","- ",,,"SAN LUIS OBISPO","MORRO BAY",-120.85890994,35.39006002
6623671,2014,2015-04-21,4002,2014-07-24,2033,093,101,4,5,3,4002,0,0,0,,0,001,"EAST GRAND AV","OAK PARK BL",63.00,W,N,A,-,N,,,,,,,,,,N,4,0,1,2,A,-,04,21703,,N,C,C,A,A,H,-,A,A,0,,,,,Y,Y,A,01,0,0,1,0,0,0,0,0,0,"- ","- ",,,"SAN LUIS OBISPO","GROVER BEACH",-120.60917999999999,35.120959999999997
6625819,2014,2016-05-04,9745,2014-08-26,1700,012876,,2,2,9,4000,0,1,2,,1,101,"RT 101","CALIFORNIA BL",400.00,N,N,A,-,Y,SLO,5,101,-,-,29.480,H,-,S,Y,4,0,1,1,A,-,03,22350,,N,E,I,A,A,H,-,A,D,1,,,,,Y,,A,01,0,0,1,0,0,0,0,0,0,"- ","- ",35.291339999999998,-120.65933,"SAN LUIS OBISPO",UNINCORPORATED,-120.65821296999999,35.290899070000002
6629787,2014,2014-10-01,9745,2014-09-11,0908,013531,,4,1,9,4000,0,3,5,,2,005,"HUTTON RD","JOSHUA RD",500.00,W,N,A,-,N,,,,,,,,,,Y,4,0,2,2,A,-,03,22350,,N,C,C,A,A,H,-,A,D,0,,,,,Y,,A,01,0,0,2,0,0,0,0,0,0,"- ","- ",35.007669999999997,-120.45029,"SAN LUIS OBISPO",UNINCORPORATED,-120.44896,35.007989999999999
6629791,2014,2016-05-02,9745,2014-09-13,1515,013212,,6,2,9,4000,0,1,3,,1,041,"RT 1","FOWLER LN",190.00,N,N,A,-,Y,SLO,5,1,-,-,8.030,H,-,S,Y,2,0,2,1,A,-,03,22350,,N,F,A,A,A,H,-,A,D,0,,,Y,,Y,,C,02,2,0,0,0,0,0,0,0,2,"- ","- ",35.06823,-120.59397,"SAN LUIS OBISPO",UNINCORPORATED,-120.59387217,35.068304920000003
6629807,2014,2016-05-04,9745,2014-09-06,1257,015716,,6,1,9,4000,0,1,2,,2,505,"RT 101","EL CAMPO RD",0.00,,Y,A,-,Y,SLO,5,101,-,-,11.830,I,5,S,Y,2,0,5,2,A,-,01,23152,A,N,D,C,A,A,H,-,A,D,0,,,,,Y,Y,A,01,2,0,3,0,0,0,0,0,0,"- ","- ",35.111150000000002,-120.56356,"SAN LUIS OBISPO",UNINCORPORATED,-120.56365651,35.111178010000003
6630078,2014,2016-04-09,4003,2014-06-05,0656,P2413,8,4,5,2,4003,0,0,0,,0,002,"RT 1","SAN JACINTO ST",0.00,,Y,A,-,Y,SLO,5,1,-,-,31.120,H,-,N,Y,4,0,1,2,A,-,04,21703,,N,C,C,A,A,H,-,A,A,0,,,,,Y,,A,01,0,0,1,0,0,0,0,0,0,"- ","- ",,,"SAN LUIS OBISPO","MORRO BAY",-120.86041393000001,35.393667350000001
6630298,2014,2016-05-09,9745,2014-09-14,1320,015144,,7,1,9,4000,0,3,5,,2,004,"HALCYON RD","RT 1",0.00,,Y,A,-,Y,SLO,5,1,-,-,9.000,I,6,N,N,4,0,2,2,A,-,03,22350,,N,C,C,A,A,H,-,A,A,0,,,,,Y,,D,22,0,0,2,0,0,0,0,0,0,"- ","- ",35.080629999999999,-120.58674999999999,"SAN LUIS OBISPO",UNINCORPORATED,-120.58668204,35.080749920000002
6630734,2014,2014-10-10,9740,2014-09-17,1525,014543,,3,2,9,4000,0,3,5,,2,017,"LINNE RD","CHAPARRAL RD",528.00,E,N,A,-,N,,,,,,,,,,Y,3,0,2,1,A,-,08,22107,,N,F,I,A,A,H,-,A,D,0,,,,,Y,,D,22,0,2,0,0,0,0,0,0,0,"- ","- ",35.5976,-120.60321999999999,"SAN LUIS OBISPO",UNINCORPORATED,-120.60346,35.598979999999997
6630808,2014,2016-05-09,9740,2014-09-20,0655,014460,,6,1,9,4000,0,1,3,,2,005,"RT 58","BITTERWATER RD",10032.00,W,N,A,-,Y,SLO,5,58,-,-,37.090,H,-,W,Y,4,0,1,1,A,-,08,22107,,N,F,A,A,A,H,-,B,D,0,,,,,Y,,A,01,0,0,1,0,0,0,0,0,0,"- ","- ",35.382150000000003,-120.12634,"SAN LUIS OBISPO",UNINCORPORATED,-120.12626659,35.38216113
6631046,2014,2016-05-04,4008,2014-08-22,1246,4080,,5,5,4,4008,0,0,0,,0,,"MORRO RD","EL CAMINO REAL",649.00,W,N,A,-,Y,SLO,5,41,-,-,15.840,H,-,N,Y,4,0,1,2,A,-,09,21804,B,N,D,C,A,A,H,-,A,D,0,,,,,Y,,A,01,0,0,1,0,0,0,0,0,0,"- ","- ",35.484459999999999,-120.66535,"SAN LUIS OBISPO",ATASCADERO,-120.66532927,35.484529770000002
6631054,2014,2014-10-02,4008,2014-08-24,2020,3543,,7,5,4,4008,0,0,0,,0,,"CURBARIL AV","SOMBRILLA AV",0.00,,Y,A,-,N,,,,,,,,,,Y,3,0,1,2,A,-,21,22106,,N,D,C,A,A,H,-,B,A,0,,,,,Y,,A,01,0,1,0,0,0,0,0,0,0,"- ","- ",35.48227,-120.65369,"SAN LUIS OBISPO",ATASCADERO,-120.6537199,35.48223007
6632290,2014,2016-05-02,9745,2014-09-09,1917,017017,,2,2,9,4000,0,1,3,,1,045,"RT 1","DIVISION ST",0.00,,Y,A,-,Y,SLO,5,1,-,-,0.940,I,5,S,Y,4,0,1,2,A,-,12,22450,A,N,D,C,A,A,H,-,B,D,0,,,,,Y,,A,01,0,0,1,0,0,0,0,0,0,"- ","- ",34.991230000000002,-120.5706,"SAN LUIS OBISPO",UNINCORPORATED,-120.57054999,34.991072070000001
6632294,2014,2016-05-04,9745,2014-09-04,2018,017144,2,4,2,9,4000,0,3,5,,2,003,"RT 101","RYANS GATE",75.00,N,N,A,-,Y,SLO,5,101,-,R,33.350,H,-,N,Y,4,0,3,2,A,-,08,22107,,N,D,C,A,A,H,-,D,D,5,,,,,Y,,A,08,0,0,3,0,0,0,0,0,0,"- ","- ",35.325710000000001,-120.62004,"SAN LUIS OBISPO",UNINCORPORATED,-120.62016398999999,35.325776359999999
6632302,2014,2016-05-04,9745,2014-09-03,0845,012876,,3,1,9,4000,0,1,2,,2,303,"RT 101","SAN LUIS BAY DR",1056.00,N,N,B,-,Y,SLO,5,101,-,R,22.490,H,-,N,N,4,0,1,1,A,-,08,22107,,N,E,I,A,A,H,-,A,D,1,,,,,Y,,A,01,0,0,1,0,0,0,0,0,0,"- ","- ",35.197980000000001,-120.69864,"SAN LUIS OBISPO",UNINCORPORATED,-120.69814286,35.19884665
6632740,2014,2016-05-02,9745,2014-08-25,0911,14910,,1,1,9,4000,0,1,3,,1,021,"RT 1","STUDIO DR",0.00,,Y,A,-,Y,SLO,5,1,-,-,33.860,I,5,S,Y,4,0,1,2,A,-,09,21802,A,N,D,C,A,A,H,-,A,A,5,,,,,Y,,D,22,0,0,1,0,0,0,0,0,0,"- ","- ",35.212110000000003,-120.87784000000001,"SAN LUIS OBISPO",UNINCORPORATED,-120.88205711000001,35.428883409999997
6634704,2014,2016-05-02,9740,2014-09-12,1805,013952,,5,2,9,4000,0,1,3,,1,014,"RT 1","HARMONY VALLEY RD",4752.00,N,N,B,-,Y,SLO,5,1,-,-,44.980,H,-,N,Y,3,0,1,2,A,-,09,21801,A,N,D,G,A,A,H,-,A,D,0,,Y,Y,,Y,,L,04,0,1,0,0,0,0,1,0,0,"- ","- ",35.518859999999997,-120.03565999999999,"SAN LUIS OBISPO",UNINCORPORATED,-121.03326834000001,35.51629638
6635514,2014,2014-10-14,4006,2014-09-22,1636,69585,,1,5,4,4006,0,0,0,,0,,"ORCUTT CANYON RD",HANSEN,475.00,N,N,A,-,N,,,,,,,,,,Y,4,0,3,2,A,-,08,22107,,N,D,C,A,A,H,-,A,D,0,,,,,Y,,D,22,0,0,3,0,0,0,0,0,0,"- ","- ",,,"SAN LUIS OBISPO","SAN LUIS OBISPO",-120.62926143,35.255108610000001
6637160,2014,2014-10-14,9745,2014-09-14,1625,013212,,7,2,9,4000,0,2,4,,1,042,"ORCUTT RD","VARIAN CIR",528.00,S,N,A,-,N,,,,,,,,,,Y,3,0,1,1,A,-,01,23152,A,N,E,I,A,A,H,-,A,D,0,,,,,Y,Y,D,22,0,1,0,0,0,0,0,0,0,"- ","- ",35.186750000000004,-120.55659,"SAN LUIS OBISPO",UNINCORPORATED,-120.55699819,35.187145440000002
6637196,2014,2016-05-04,9745,2014-09-24,0925,013206,9745,3,1,9,4000,0,1,2,,2,505,"RT 101","TEFFT ST",3696.00,S,N,A,-,Y,SLO,5,101,-,-,4.150,H,-,S,Y,4,0,1,1,A,-,08,22107,,N,F,A,A,A,H,-,A,D,1,,,,,Y,,D,22,0,0,1,0,0,0,0,0,0,"- ","- ",35.028579999999998,-120.47577,"SAN LUIS OBISPO",UNINCORPORATED,-120.47638860000001,35.029099039999998
6637383,2014,2016-05-04,9740,2014-09-21,1725,14662,,7,2,3,4004,0,1,2,,2,003,"RT 101","RT 46",1584.00,N,N,A,-,Y,SLO,5,101,-,-,54.430,H,-,N,N,4,0,1,2,A,-,04,21703,,N,C,C,A,A,H,-,A,D,1,,,,,Y,Y,D,22,0,0,1,0,0,0,0,0,0,"- ","- ",35.595300000000002,-120.6951,"SAN LUIS OBISPO","PASO ROBLES",-120.69526592,35.593895510000003
6637443,2014,2016-05-04,9745,2014-09-26,0135,017144,,5,3,2,4005,0,1,2,,2,404,"RT 101","PRICE ST",50.00,N,N,A,-,Y,SLO,5,101,-,-,17.790,H,-,S,Y,4,0,1,1,A,-,08,22107,,N,E,I,A,A,H,-,C,D,1,,,,,Y,,A,01,0,0,1,0,0,0,0,0,0,"- ","- ",35.146610000000003,-120.6447,"SAN LUIS OBISPO","PISMO BEACH",-120.65522623,35.150998559999998
6637459,2014,2016-05-04,9745,2014-09-16,1645,013212,,2,2,3,4001,0,1,2,,2,402,"RT 101","4TH ST",2640.00,S,N,A,-,Y,SLO,5,101,-,-,15.045,R,2,S,Y,3,0,1,1,A,-,01,23152,A,N,F,A,A,A,H,-,A,D,1,,,,,Y,Y,A,01,0,1,0,0,0,0,0,0,0,TO,"- ",35.186720000000001,-120.55659,"SAN LUIS OBISPO","ARROYO GRANDE",-120.61371207000001,35.132195230000001
6647898,2014,2014-11-14,4006,2014-09-24,1304,30105,,3,5,4,4006,0,0,0,,0,,FOOTHILL,PATRICIA,0.00,,Y,A,-,N,,,,,,,,,,N,4,0,1,2,A,-,03,22350,,F,C,C,A,A,H,-,A,A,0,,,,,Y,,A,01,0,0,1,0,0,0,0,0,0,"- ","- ",,,"SAN LUIS OBISPO","SAN LUIS OBISPO",-120.68353995,35.294140040000002
6648065,2014,2014-10-16,4006,2014-09-15,0011,15913,,1,5,4,4006,0,0,0,,0,,MARSH,CARMEL,210.00,W,N,A,-,N,,,,,,,,,,Y,3,0,1,1,A,-,03,22350,,N,E,I,A,A,H,-,C,A,0,,,,,Y,,A,01,0,1,0,0,0,0,0,0,0,"- ","- ",,,"SAN LUIS OBISPO","SAN LUIS OBISPO",-120.66832656,35.275398109999998
6652053,2014,2016-06-18,9745,2014-10-02,0850,012876,,4,1,9,4000,0,1,3,,2,023,"RT 1","KANSAS AV",250.00,S,N,A,-,Y,SLO,5,1,-,-,20.840,H,-,N,Y,3,0,1,2,A,-,04,21703,,N,C,C,A,A,H,-,A,A,1,,,,,Y,,A,01,0,1,0,0,0,0,0,0,0,"- ","- ",35.321210000000001,-120.71662000000001,"SAN LUIS OBISPO",UNINCORPORATED,-120.71570984,35.320770570000001
6652683,2014,2014-11-17,9740,2014-10-05,0840,14662,,7,1,9,4000,0,3,5,,2,017,"EL CAMINO REAL","SANTA CLARA RD",0.00,,Y,A,-,N,,,,,,,,,,Y,4,0,2,2,A,-,09,21801,A,N,D,C,A,A,H,-,A,D,0,,,,,Y,,D,22,0,0,2,0,0,0,0,0,0,"- ","- ",36.2624,-120.374,"SAN LUIS OBISPO",UNINCORPORATED,-120.62795986,35.439920000000001
6652816,2014,2016-05-04,9740,2014-09-26,1940,015644,,5,2,9,4000,0,1,2,,2,004,"RT 101","SAN MIGUEL",1056.00,N,N,A,-,Y,SLO,5,101,-,-,67.430,H,-,N,Y,4,0,1,2,A,-,03,22350,,N,C,C,A,A,H,-,C,D,1,,,,,Y,,D,22,0,0,1,0,0,0,0,0,0,"- ","- ",35.73854,-120.7004,"SAN LUIS OBISPO",UNINCORPORATED,-120.70788426999999,35.772521580000003
6657054,2014,2015-01-12,9745,2014-09-29,1815,017968,,1,2,9,4000,0,3,5,,2,005,"UPPER LOS BERROS RD","DANA FOOTHILL",8448.00,W,N,A,-,N,,,,,,,,,,Y,2,0,1,1,A,-,03,22350,,N,F,A,A,A,H,-,A,D,0,,,,,Y,,D,22,1,0,0,0,0,0,0,0,0,"- ","- ",35.100160000000002,-120.48822,"SAN LUIS OBISPO",UNINCORPORATED,-120.48908849,35.09966884
6657058,2014,2016-05-04,9745,2014-09-30,1435,013531,,2,2,9,4000,0,1,2,,2,505,"RT 101","LOS BERROS RD",700.00,N,N,A,-,Y,SLO,5,101,-,-,8.000,H,-,S,Y,4,0,2,2,A,-,03,22350,,N,C,C,A,A,H,-,A,D,1,,,,,Y,,A,01,0,0,2,0,0,0,0,0,0,"- ","- ",35.074150000000003,-120.51927999999999,"SAN LUIS OBISPO",UNINCORPORATED,-120.51813197,35.073352040000003
6657211,2014,2016-05-04,9745,2014-09-28,0538,015716,,7,3,9,4000,0,1,2,,2,404,"RT 101","OAK PARK BL",30.00,S,N,A,-,Y,SLO,5,101,-,-,14.600,H,-,N,Y,3,0,1,1,A,-,08,22107,,N,E,I,A,A,H,-,D,D,1,,,,,Y,,A,07,0,1,0,0,0,0,0,0,0,"- ","- ",35.130209999999998,-120.60651,"SAN LUIS OBISPO",UNINCORPORATED,-120.60640709,35.130181739999998