CASE_ID,ACCIDENT_YEAR,PROC_DATE,JURIS,COLLISION_DATE,COLLISION_TIME,OFFICER_ID,REPORTING_DISTRICT,DAY_OF_WEEK,CHP_SHIFT,POPULATION,CNTY_CITY_LOC,SPECIAL_COND,BEAT_TYPE,CHP_BEAT_TYPE,CITY_DIVISION_LAPD,CHP_BEAT_CLASS,BEAT_NUMBER,PRIMARY_RD,SECONDARY_RD,DISTANCE,DIRECTION,INTERSECTION,WEATHER_1,WEATHER_2,STATE_HWY_IND,CALTRANS_COUNTY,CALTRANS_DISTRICT,STATE_ROUTE,ROUTE_SUFFIX,POSTMILE_PREFIX,POSTMILE,LOCATION_TYPE,RAMP_INTERSECTION,SIDE_OF_HWY,TOW_AWAY,COLLISION_SEVERITY,NUMBER_KILLED,NUMBER_INJURED,PARTY_COUNT,PRIMARY_COLL_FACTOR,PCF_CODE_OF_VIOL,PCF_VIOL_CATEGORY,PCF_VIOLATION,PCF_VIOL_SUBSECTION,HIT_AND_RUN,TYPE_OF_COLLISION,MVIW,PED_ACTION,ROAD_SURFACE,ROAD_COND_1,ROAD_COND_2,LIGHTING,CONTROL_DEVICE,CHP_ROAD_TYPE,PEDESTRIAN_ACCIDENT,BICYCLE_ACCIDENT,MOTORCYCLE_ACCIDENT,TRUCK_ACCIDENT,NOT_PRIVATE_PROPERTY,ALCOHOL_INVOLVED,STWD_VEHTYPE_AT_FAULT,CHP_VEHTYPE_AT_FAULT,COUNT_SEVERE_INJ,COUNT_VISIBLE_INJ,COUNT_COMPLAINT_PAIN,COUNT_PED_KILLED,COUNT_PED_INJURED,COUNT_BICYCLIST_KILLED,COUNT_BICYCLIST_INJURED,COUNT_MC_KILLED,COUNT_MC_INJURED,PRIMARY_RAMP,SECONDARY_RAMP,LATITUDE,LONGITUDE,COUNTY,CITY,POINT_X,POINT_Y
6657280,2014,2016-05-04,9745,2014-09-22,0713,014910,,1,1,4,4006,0,1,2,,2,202,"RT 166","MADONNA RD",528.00,S,N,A,-,Y,SLO,5,101,-,-,27.400,R,2,N,Y,3,0,1,1,A,-,08,22107,,N,E,I,A,A,H,-,A,D,1,,,,,Y,,A,01,0,1,0,0,0,0,0,0,0,TO,"- ",35.264620000000001,-120.67341,"SAN LUIS OBISPO","SAN LUIS OBISPO",-120.67359021999999,35.264634729999997
6657394,2014,2015-10-06,4005,2014-08-31,1929,P096,5,7,5,2,4005,0,0,0,,0,,"4TH ST","FIVE CITIES DR",49.00,W,N,A,-,N,,,,,,,,,,Y,4,0,3,3,A,-,03,22350,,N,C,C,A,A,H,-,A,A,0,,,,,Y,,A,01,0,0,3,0,0,0,0,0,0,"- ","- ",,,"SAN LUIS OBISPO","PISMO BEACH",-120.62214421,35.135596169999999
6659282,2014,2014-10-17,4001,2014-08-18,1243,P0121,1,1,5,3,4001,0,0,0,,0,CITY,"EAST GRAND AV","N ALPINE ST",100.00,E,N,A,-,N,,,,,,,,,,N,4,0,1,2,A,-,08,22107,,N,B,C,A,A,H,-,A,D,0,,,Y,,Y,,A,01,0,0,1,0,0,0,0,0,1,"- ","- ",,,"SAN LUIS OBISPO","ARROYO GRANDE",-120.58901942,35.119571639999997
6659306,2014,2014-10-15,4001,2014-08-27,1830,P090,9,3,5,3,4001,0,0,0,,0,CITY,"VALLEY RD","VIA BERROS RD",73.00,N,N,A,-,N,,,,,,,,,,N,3,0,1,2,A,-,17,22517,,N,E,G,A,A,H,-,A,D,0,,Y,,,Y,,A,01,0,1,0,0,0,0,1,0,0,"- ","- ",,,"SAN LUIS OBISPO","ARROYO GRANDE",-120.58152,35.104890519999998
6660238,2014,2016-05-04,9740,2014-09-27,1625,015644,,6,2,9,4000,0,1,2,,2,004,"RT 101","EXLINE RD",1584.00,N,N,A,-,Y,SLO,5,101,-,-,61.280,H,-,N,Y,2,0,1,1,A,-,03,22350,,N,F,A,A,A,H,-,A,D,5,,,Y,,Y,,C,02,1,0,0,0,0,0,0,0,1,"- ","- ",,,"SAN LUIS OBISPO",UNINCORPORATED,-120.69669648,35.687087060000003
6660323,2014,2014-11-03,4004,2014-09-10,1723,1189,01,3,5,3,4004,0,0,0,,0,011,SPRING,"32ND ST",321.00,N,N,A,-,N,,,,,,,,,,N,4,0,1,2,A,-,09,21804,A,N,C,C,A,A,H,-,A,D,0,,,,,Y,,D,22,0,0,1,0,0,0,0,0,0,"- ","- ",,,"SAN LUIS OBISPO","PASO ROBLES",-120.6932207,35.648409239999999
6660386,2014,2014-11-04,4004,2014-09-02,0841,1200,02,2,5,3,4004,0,0,0,,0,026,1ST,SPRING,0.00,,Y,A,-,N,,,,,,,,,,Y,3,0,2,2,A,-,03,22350,,N,B,C,A,A,H,-,A,A,0,,,,,Y,,D,22,0,1,1,0,0,0,0,0,0,"- ","- ",,,"SAN LUIS OBISPO","PASO ROBLES",-120.69045996,35.615250109999998
6661009,2014,2014-10-28,4001,2014-09-01,2052,P090,10,1,5,3,4001,0,0,0,,0,CITY,"FARROLL AV","S HALCYON RD",0.00,,Y,A,-,N,,,,,,,,,,Y,3,0,1,1,A,-,01,23152,A,N,E,I,A,A,H,-,C,D,0,,,,,Y,Y,D,22,0,1,0,0,0,0,0,0,0,"- ","- ",,,"SAN LUIS OBISPO","ARROYO GRANDE",-120.59161997,35.110740020000001
6661017,2014,2014-11-13,4001,2014-09-27,1947,P089,8,6,5,3,4001,0,0,0,,0,CITY,"NELSON ST","MASON ST",61.00,W,N,A,-,N,,,,,,,,,,Y,4,0,2,2,A,-,01,23153,A,N,C,C,A,A,H,-,C,D,0,,,,,Y,Y,D,22,0,0,2,0,0,0,0,0,0,"- ","- ",,,"SAN LUIS OBISPO","ARROYO GRANDE",-120.57564112999999,35.122848859999998
6661257,2014,2015-05-16,4001,2014-09-15,1752,P0106,1,1,5,3,4001,0,0,0,,0,CITY,"EAST GRAND AV","ALDER ST",0.00,,Y,A,-,N,,,,,,,,,,N,4,0,1,2,A,-,10,21950,A,N,G,B,B,A,H,-,A,D,0,Y,,,,Y,,A,01,0,0,1,0,1,0,0,0,0,"- ","- ",,,"SAN LUIS OBISPO","ARROYO GRANDE",-120.59313994,35.118680009999999
6661417,2014,2014-12-10,4001,2014-09-22,0906,P069,,1,5,3,4001,0,0,0,,0,CITY,"EAST GRAND AV","HALCYON RD",520.00,E,N,A,-,N,,,,,,,,,,Y,4,0,1,2,A,-,03,22350,,N,C,C,A,A,H,-,A,A,0,,,,,Y,,A,08,0,0,1,0,0,0,0,0,0,"- ","- ",,,"SAN LUIS OBISPO","ARROYO GRANDE",-120.58997707,35.119244139999999
6661554,2014,2014-12-09,4004,2014-09-08,0808,1197,04,1,5,3,4004,0,0,0,,0,042,CRESTON,ORCHARD,150.00,E,N,A,-,N,,,,,,,,,,N,3,0,1,2,A,-,05,21650,1,N,G,G,A,A,H,-,A,D,0,,Y,,,Y,,L,04,0,1,0,0,0,0,1,0,0,"- ","- ",,,"SAN LUIS OBISPO","PASO ROBLES",-120.66624014,35.624082540000003
6661747,2014,2014-12-12,4004,2014-10-03,1304,0901,02,5,5,3,4004,0,0,0,,0,026,SPRING,4TH,15.00,S,N,A,-,N,,,,,,,,,,Y,4,0,1,2,A,-,03,22350,,N,C,C,A,A,H,-,A,D,0,,,,,Y,,A,01,0,0,1,0,0,0,0,0,0,"- ","- ",,,"SAN LUIS OBISPO","PASO ROBLES",-120.69069619,35.618358919999999
6667207,2014,2014-12-18,9745,2014-10-09,0745,13531,,4,1,9,4000,0,2,4,,1,026,"PREFUMO CANYON RD","SERPENTINE LN",2640.00,W,N,A,-,N,,,,,,,,,,Y,4,0,1,2,A,-,05,21650,,N,A,C,A,A,H,-,A,D,0,,,,,Y,,D,22,0,0,1,0,0,0,0,0,0,"- ","- ",35.255429999999997,-120.77036,"SAN LUIS OBISPO",UNINCORPORATED,-120.76914308000001,35.255041200000001
6667499,2014,2014-11-04,9745,2014-09-23,0800,014996,,2,1,9,4000,0,2,4,,1,024,"SOUTH BAY BL","TURRI RD",300.00,S,N,A,-,N,,,,,,,,,,N,4,0,1,2,A,-,03,22350,,N,C,C,A,-,H,-,A,D,0,,,,,Y,,A,01,0,0,1,0,0,0,0,0,0,"- ","- ",33.335720000000002,-120.82331000000001,"SAN LUIS OBISPO",UNINCORPORATED,-120.82332,35.33579589
6669064,2014,2014-12-15,4006,2014-10-03,2054,76984,,5,5,4,4006,0,0,0,,0,,CALIFORNIA,MONTEREY,0.00,,Y,A,-,N,,,,,,,,,,Y,4,0,2,2,A,-,09,21801,A,N,B,C,A,A,H,-,C,A,0,,,,,Y,,A,01,0,0,2,0,0,0,0,0,0,"- ","- ",,,"SAN LUIS OBISPO","SAN LUIS OBISPO",-120.65460997,35.286110049999998
6669197,2014,2016-06-18,4006,2014-10-01,1839,69585,,3,5,4,4006,0,0,0,,0,,"SANTA ROSA",FOOTHILL,0.00,,Y,A,-,Y,SLO,5,1,-,-,17.341,I,5,N,Y,3,0,1,2,A,-,12,21453,A,N,A,C,A,A,H,-,B,A,0,,,,,Y,,D,22,0,1,0,0,0,0,0,0,0,"- ","- ",,,"SAN LUIS OBISPO","SAN LUIS OBISPO",-120.66788317,35.294112079999998
6669294,2014,2015-03-03,4006,2014-09-26,1513,64920,,5,5,4,4006,0,0,0,,0,,"SANTA ROSA","WALNUT AV",0.00,,Y,A,-,N,,,,,,,,,,Y,4,0,2,2,A,-,12,21453,A,N,D,C,A,A,H,-,A,A,0,,,,,Y,,A,07,0,0,2,0,0,0,0,0,0,"- ","- ",,,"SAN LUIS OBISPO","SAN LUIS OBISPO",-120.66285993,35.285910100000002
6669298,2014,2014-11-17,4006,2014-09-29,1530,69585,,1,5,4,4006,0,0,0,,0,,HIGHLAND,STANFORD,39.00,W,N,A,-,N,,,,,,,,,,N,3,0,1,2,A,-,17,22517,,N,B,G,A,A,H,-,A,D,0,,Y,,,Y,,A,07,0,1,0,0,0,0,1,0,0,"- ","- ",,,"SAN LUIS OBISPO","SAN LUIS OBISPO",-120.67860066,35.29826868
6669302,2014,2014-11-13,4006,2014-09-29,2208,15913,,1,5,4,4006,0,0,0,,0,,FOOTHILL,"SANTA ROSA",234.00,E,N,A,-,N,,,,,,,,,,N,3,0,1,2,A,-,08,22107,,N,D,G,A,A,H,-,C,D,0,,Y,,,Y,,A,01,0,1,0,0,0,0,1,0,0,"- ","- ",,,"SAN LUIS OBISPO","SAN LUIS OBISPO",-120.66727600999999,35.294069999999998
6671589,2014,2014-12-16,4006,2014-10-06,1721,69585,,1,5,4,4006,0,0,0,,0,141006,FOOTHILL,"SANTA ROSA AV",102.00,W,N,A,-,N,,,,,,,,,,N,3,0,1,2,A,-,06,21750,,N,D,G,A,A,H,-,A,D,0,,Y,,,Y,,L,04,0,1,0,0,0,0,1,0,0,"- ","- ",,,"SAN LUIS OBISPO","SAN LUIS OBISPO",-120.66840173,35.294072360000001
6672356,2014,2014-12-18,4006,2014-10-09,0750,16380,,4,5,4,4006,0,0,0,,0,,FOOTHILL,JEFFEREY,237.00,W,N,B,E,N,,,,,,,,,,Y,4,0,2,4,A,-,04,21703,,N,C,C,A,A,H,-,A,D,0,,,,,Y,,D,22,0,0,2,0,0,0,0,0,0,"- ","- ",,,"SAN LUIS OBISPO","SAN LUIS OBISPO",-120.68117404,35.294146580000003
6672357,2014,2015-01-07,4006,2014-10-18,1401,37317,,6,5,4,4006,0,0,0,,0,,MARSH,NIPOMO,12.00,W,N,A,-,N,,,,,,,,,,Y,4,0,1,2,A,-,01,23153,A,N,C,C,A,A,H,-,A,A,0,,,,,Y,Y,D,22,0,0,1,0,0,0,0,0,0,"- ","- ",,,"SAN LUIS OBISPO","SAN LUIS OBISPO",-120.66507247,35.277370570000002
6678250,2014,2014-10-29,9740,2014-08-10,1255,13952,,7,1,9,4000,0,3,5,,2,017,"NEAL SPRINGS RD","CRESTON RD",48.00,S,N,A,-,N,,,,,,,,,,Y,1,1,0,1,A,-,08,22107,,N,E,I,A,A,H,-,A,D,0,,,Y,,Y,,C,02,0,0,0,0,0,0,0,1,0,"- ","- ",35.575429999999997,-120.61653,"SAN LUIS OBISPO",UNINCORPORATED,-120.61662252000001,35.575398239999998
6679645,2014,2014-12-30,4006,2014-10-22,0051,88908,,3,5,4,4006,0,0,0,,0,,"LOS OSOS VALLEY",OCEANAIRE,0.00,,Y,A,-,N,,,,,,,,,,Y,4,0,2,2,A,-,01,23153,B,N,C,C,A,A,H,-,C,D,0,,,,,Y,Y,D,22,0,0,2,0,0,0,0,0,0,"- ","- ",,,"SAN LUIS OBISPO","SAN LUIS OBISPO",-120.69405997,35.25987001
6681242,2014,2016-06-18,9745,2014-10-16,1420,016068,,4,2,9,4000,0,1,3,,2,023,"RT 1","WESTMONT AV",100.00,S,N,A,-,Y,SLO,5,1,-,-,18.020,H,-,N,N,3,0,1,2,A,-,09,21804,A,N,D,G,A,A,H,-,A,D,1,,Y,,,Y,,L,04,0,1,0,0,0,0,1,0,0,"- ","- ",35.300960000000003,-120.67589,"SAN LUIS OBISPO",UNINCORPORATED,-120.67590618,35.301097990000002
6681469,2014,2014-12-26,9745,2014-10-16,0922,13531,,4,1,2,4005,0,1,2,,2,404,"RT 101","MATTIE RD",200.00,N,N,A,-,Y,,,101,,,,,,,N,4,0,3,3,A,-,03,22350,,N,C,C,A,A,H,-,A,D,0,,,,,Y,,E,22,0,0,3,0,0,0,0,0,0,"- ","- ",35.150790000000001,-120.65481,"SAN LUIS OBISPO","PISMO BEACH",-120.65478994999999,35.150848189999998
6681481,2014,2015-01-02,9745,2014-10-16,1340,012876,,4,1,9,4000,0,1,2,,2,404,"RT 101","MATTIE RD",1244.00,S,N,A,-,Y,,,101,,,,,,,N,4,0,1,2,C,-,18,,,N,E,J,A,A,H,-,A,D,0,,,,Y,Y,,-,"- ",0,0,1,0,0,0,0,0,0,"- ","- ",35.149940000000001,-120.65048,"SAN LUIS OBISPO",UNINCORPORATED,-120.65050957,35.149846369999999
6681501,2014,2014-12-02,9745,2014-10-22,1015,013206,9745,3,1,9,4000,0,2,4,,1,058,"JOSHUA ST","SANTA MARIA VISTA RD",0.00,,Y,A,-,N,,,,,,,,,,Y,4,0,2,2,A,-,09,21802,A,N,D,C,A,A,H,-,A,A,0,,,,,Y,,D,22,0,0,2,0,0,0,0,0,0,"- ","- ",35.0047,-120.45438,"SAN LUIS OBISPO",UNINCORPORATED,-120.45471990999999,35.004430040000003
6681509,2014,2014-12-26,9745,2014-10-08,0630,13531,,3,1,9,4000,0,2,4,,1,046,"PRICE CANYON RD","W ORMONDE RD",3696.00,E,N,B,-,N,,,,,,,,,,N,2,0,1,2,A,-,11,21954,A,N,G,B,D,A,H,-,D,D,0,Y,,,,Y,,N,60,1,0,0,0,1,0,0,0,0,"- ","- ",35.187660000000001,-120.61794,"SAN LUIS OBISPO",UNINCORPORATED,-120.61777837,35.187886990000003
6682502,2014,2014-12-22,4008,2014-10-09,1609,2002,,4,5,4,4008,0,0,0,,0,,"SEPERADO AV","SAN ANSELMO RD",100.00,S,N,A,-,N,,,,,,,,,,N,3,0,1,1,A,-,01,23152,E,N,F,I,A,A,H,-,A,A,0,,,,,Y,,A,01,0,1,0,0,0,0,0,0,0,"- ","- ",,,"SAN LUIS OBISPO",ATASCADERO,-120.67601874,35.511389690000001
6686014,2014,2015-01-06,9745,2014-10-19,1214,015716,,7,1,9,4000,0,1,2,,2,404,"RT 101","MATTIE RD",300.00,S,N,A,-,Y,,,101,,,,,,,Y,4,0,1,3,A,-,03,22350,,N,C,C,A,A,H,-,A,D,0,,,,,Y,,D,22,0,0,1,0,0,0,0,0,0,"- ","- ",35.150779999999997,-120.65338,"SAN LUIS OBISPO",UNINCORPORATED,-120.65339954,35.150714379999997
6686069,2014,2015-01-06,9745,2014-10-22,1720,013531,,3,2,9,4000,0,2,4,,1,025,"LOS OSOS VALLEY RD","FOOTHILL BL",600.00,E,N,A,-,N,,,,,,,,,,Y,3,0,3,2,A,-,03,22350,,N,C,C,A,A,H,-,A,A,0,,,,,Y,,A,01,0,2,1,0,0,0,0,0,0,"- ","- ",35.275590000000001,-120.71051,"SAN LUIS OBISPO",UNINCORPORATED,-120.71032013999999,35.275374149999998
6687737,2014,2014-12-08,9745,2014-10-25,1720,017017,,6,2,9,4000,0,3,5,,2,002,"14TH ST","RAMONA AV",0.00,,Y,A,-,N,,,,,,,,,,Y,4,0,1,2,A,-,12,22450,A,N,D,C,A,A,H,-,A,D,0,,,,,Y,,D,22,0,0,1,0,0,0,0,0,0,"- ","- ",,,"SAN LUIS OBISPO",UNINCORPORATED,-120.8277899,35.32064003
6689157,2014,2014-12-23,9740,2014-10-16,1655,013952,,4,2,9,4000,0,1,2,,2,004,"RT 101","WELLSONA RD",1584.00,N,N,A,-,Y,,,101,,,,,,,Y,4,0,1,1,A,-,08,22107,,N,E,I,A,A,H,-,D,D,0,,,,,Y,,A,01,0,0,1,0,0,0,0,0,0,"- ","- ",35.699509999999997,-120.69692000000001,"SAN LUIS OBISPO",UNINCORPORATED,-120.69673451,35.69950584
6690696,2014,2014-12-29,9745,2014-10-22,1615,13206,9745,3,2,9,4000,0,1,2,,2,505,"RT 101","RT 166",1100.00,N,N,A,-,Y,,,101,,,,,,,Y,4,0,1,1,A,-,08,22107,,N,E,I,A,A,H,-,A,D,0,,,,,Y,,A,08,0,0,1,0,0,0,0,0,0,"- ","- ",34.998829999999998,-120.43631000000001,"SAN LUIS OBISPO",UNINCORPORATED,-120.43602349,34.999012720000003
6691191,2014,2015-01-15,4004,2014-08-17,1713,1197,04,7,5,3,4004,0,0,0,,0,"4 2",VERONICA,MELODY,500.00,W,N,A,-,N,,,,,,,,,,Y,3,0,2,1,A,-,03,22350,,M,F,J,A,A,H,-,A,D,0,,,,,Y,,A,07,0,2,0,0,0,0,0,0,0,"- ","- ",,,"SAN LUIS OBISPO","PASO ROBLES",-120.66793082,35.616269359999997
6691445,2014,2014-12-04,4004,2014-10-18,1945,1187,02,6,5,3,4004,0,0,0,,0,022,SPRING,9TH,0.00,,Y,A,-,N,,,,,,,,,,Y,4,0,1,2,A,-,09,21802,B,N,D,C,A,A,H,-,C,A,0,,,,,Y,,A,01,0,0,1,0,0,0,0,0,0,"- ","- ",,,"SAN LUIS OBISPO","PASO ROBLES",-120.69114987,35.623550010000002
6691449,2014,2015-06-05,4004,2014-10-20,1434,1194,02,1,5,3,4004,0,0,0,,0,027,"RT 46",VINE,15.00,E,N,A,-,Y,,,,,,,,,,Y,4,0,1,2,A,-,04,21703,,N,C,C,A,A,H,-,A,A,0,,,,,Y,,D,22,0,0,1,0,0,0,0,0,0,"- ","- ",,,"SAN LUIS OBISPO","PASO ROBLES",-120.69636971,35.589426860000003
6692126,2014,2015-06-05,4004,2014-10-15,1900,0476,04,3,5,3,4004,0,0,0,,0,4-2,CRESTON,MELODY,0.00,,Y,A,-,N,,,,,,,,,,Y,4,0,1,2,A,-,09,21801,A,N,A,C,A,A,H,-,C,A,0,,,,,Y,,A,01,0,0,1,0,0,0,0,0,0,"- ","- ",,,"SAN LUIS OBISPO","PASO ROBLES",-120.66266994,35.62327003
6692733,2014,2015-05-15,4003,2014-09-08,1648,B6299,3,1,5,2,4003,0,0,0,,0,001,"QUINTANA RD","MAIN ST",197.00,E,N,A,-,N,,,,,,,,,,N,4,0,1,2,A,-,03,22350,,N,C,C,A,A,H,-,A,A,0,,,,,Y,,D,23,0,0,1,0,0,0,0,0,0,"- ","- ",,,"SAN LUIS OBISPO","MORRO BAY",-120.84959994,35.371302489999998
6695754,2014,2015-01-06,4002,2014-10-15,2336,338,203,3,5,3,4002,0,0,0,,0,002,"S 12TH ST","MANHATTAN AV",106.00,S,N,A,-,N,,,,,,,,,,N,3,0,1,1,A,-,05,21650,1,N,H,I,A,A,A,-,C,A,0,,Y,,,Y,,L,04,0,1,0,0,0,0,1,0,0,"- ","- ",,,"SAN LUIS OBISPO","GROVER BEACH",-120.61677994999999,35.117959290000002
6695960,2014,2015-06-01,4002,2014-10-17,1328,368,105,5,5,3,4002,0,0,0,,0,001,"N 4TH ST","RAMONA AV",163.00,N,N,A,-,N,,,,,,,,,,N,4,0,1,2,A,-,03,22350,,N,C,C,A,A,H,-,A,D,0,,,,,Y,,A,01,0,0,1,0,0,0,0,0,0,"- ","- ",,,"SAN LUIS OBISPO","GROVER BEACH",-120.62630738,35.123326939999998
6699038,2014,2014-12-08,4006,2014-10-23,1950,80908,,4,5,4,4006,0,0,0,,0,,CALIFORNIA,TAFT,0.00,,Y,A,-,N,,,,,,,,,,N,3,0,1,2,A,-,09,21801,A,N,D,G,A,A,-,-,C,D,0,,Y,,,Y,,A,01,0,1,0,0,0,0,1,0,0,"- ","- ",,,"SAN LUIS OBISPO","SAN LUIS OBISPO",-120.66029998,35.29090008
6700707,2014,2014-12-08,4008,2014-10-25,0434,2054,,6,5,4,4008,0,0,0,,0,,"SAN FERNANDO RD","MONTEREY RD",2640.00,W,N,A,-,N,,,,,,,,,,Y,3,0,2,1,A,-,01,23152,A,M,E,I,A,A,E,-,D,D,0,,,,,Y,Y,B,01,0,2,0,0,0,0,0,0,0,"- ","- ",35.509459999999997,-120.7109,"SAN LUIS OBISPO",ATASCADERO,-120.7111103,35.509556799999999
6700958,2014,2014-12-04,4008,2014-10-28,1430,2032,,2,5,4,4008,0,0,0,,0,,"TECORIDA AV","SAN ANDRES AV",36.00,E,N,A,-,N,,,,,,,,,,Y,3,0,1,1,A,-,01,23152,E,N,E,I,A,A,H,-,A,A,0,,,,,Y,,A,01,0,1,0,0,0,0,0,0,0,"- ","- ",35.480699999999999,-120.66526,"SAN LUIS OBISPO",ATASCADERO,-120.66511819999999,35.4806946
6702103,2014,2016-06-18,4003,2014-10-22,0056,L3701,10,3,5,2,4003,0,0,0,,0,002,"RT 1","EASTER ST",520.00,N,N,A,-,Y,SLO,5,1,-,-,31.430,H,-,S,Y,3,0,1,1,A,-,01,23152,A,N,F,I,A,A,H,-,C,A,0,,,,,Y,Y,A,01,0,1,0,0,0,0,0,0,0,"- ","- ",,,"SAN LUIS OBISPO","MORRO BAY",-120.86225134999999,35.397939030000003
6702170,2014,2014-12-10,9745,2014-10-30,0630,013206,9745,4,1,9,4000,0,2,4,,1,055,"TEFFT ST","MARY AV",0.00,,Y,A,-,N,,,,,,,,,,N,2,0,1,2,A,-,12,21453,A,N,F,A,A,A,H,-,C,A,0,,,Y,,Y,,A,07,1,0,0,0,0,0,0,0,1,"- ","- ",35.035739999999997,-120.48665,"SAN LUIS OBISPO",UNINCORPORATED,-120.48662993000001,35.035740070000003
6702394,2014,2014-12-09,4004,2014-10-14,1600,1200,01,2,5,3,4004,0,0,0,,0,"1 4",VINE,24TH,220.00,S,N,B,-,N,,,,,,,,,,N,4,0,1,2,A,-,03,22350,,N,C,C,A,A,H,-,A,A,0,,,,,Y,,A,01,0,0,1,0,0,0,0,0,0,"- ","- ",,,"SAN LUIS OBISPO","PASO ROBLES",-120.69498651000001,35.638438700000002
6703741,2014,2014-12-02,4003,2014-09-19,2259,J5086,5,5,5,2,4003,0,0,0,,0,001,"SOUTH BAY BL","STATE PARK RD",0.00,,Y,A,-,N,,,,,,,,,,Y,4,0,1,1,A,-,"- ",,,N,H,J,A,A,H,-,D,A,0,,,Y,,Y,Y,C,02,0,0,1,0,0,0,0,0,1,"- ","- ",,,"SAN LUIS OBISPO","MORRO BAY",-120.82808,35.355050110000001
6705035,2014,2014-11-25,9740,2014-10-27,0045,017283,,1,3,9,4000,0,1,3,,1,009,"RT 46","RT 41",10560.00,E,N,A,-,Y,,,46,,,,,,,Y,2,0,2,2,A,-,06,21751,,N,A,C,A,A,H,-,D,D,0,,,,Y,Y,,A,07,2,0,0,0,0,0,0,0,0,"- ","- ",35.741639999999997,-120.25044,"SAN LUIS OBISPO",UNINCORPORATED,-120.2504363,35.741614869999999
6705495,2014,2015-01-08,9740,2014-11-04,1531,014622,,2,2,9,4000,0,1,2,,2,002,"RT 101","DEL RIO RD",580.00,N,N,A,-,Y,,,,,,,,,,N,2,0,1,2,A,-,11,21954,A,N,G,B,D,A,H,-,A,D,0,Y,,,,Y,,N,60,1,0,0,0,1,0,0,0,0,"- ","- ",35.514600000000002,-120.70057,"SAN LUIS OBISPO",UNINCORPORATED,-120.70047669,35.514578520000001
6707198,2014,2015-01-07,4006,2014-11-05,0140,10140,4006,3,5,4,4006,0,0,0,,0,,"RT 101","FERNANDEZ RD",37.00,S,N,A,-,Y,,,,,,,,,,Y,4,0,1,1,A,-,01,23152,A,N,E,I,A,A,H,-,C,D,0,,,,,Y,Y,A,01,0,0,1,0,0,0,0,0,0,SO,"- ",,,"SAN LUIS OBISPO","SAN LUIS OBISPO",,
6707291,2014,2014-12-03,4006,2014-10-31,1822,27940,,5,5,4,4006,0,0,0,,0,,CHORRO,MARSH,0.00,,Y,C,-,N,,,,,,,,,,N,4,0,1,2,A,-,10,21950,A,N,G,B,B,B,H,-,C,A,0,Y,,,,Y,,A,01,0,0,1,0,1,0,0,0,0,"- ","- ",,,"SAN LUIS OBISPO","SAN LUIS OBISPO",-120.66218993,35.279100020000001
6707295,2014,2014-12-03,4006,2014-10-31,1853,16380,,5,5,4,4006,0,0,0,,0,,BROAD,"SANTA BARBARA",0.00,,Y,C,-,N,,,,,,,,,,N,4,0,1,2,A,-,12,21453,A,N,D,G,A,B,H,-,C,A,0,,Y,,,Y,,L,04,0,0,1,0,0,0,1,0,0,"- ","- ",,,"SAN LUIS OBISPO","SAN LUIS OBISPO",-120.65653994,35.269810100000001
6709447,2014,2014-12-23,9745,2014-10-29,0729,012876,,3,1,9,4000,0,1,2,,2,404,"RT 101","OAK PARK BL",1500.00,N,N,A,-,Y,,,,,,,,,,N,3,0,1,2,A,-,03,22350,,N,C,C,A,A,H,-,A,D,0,,,Y,,Y,,D,22,0,1,0,0,0,0,0,0,1,"- ","- ",35.131459999999997,-120.61188,"SAN LUIS OBISPO",UNINCORPORATED,-120.61151185,35.131192740000003
6709506,2014,2015-01-09,9745,2014-11-07,1330,016068,,5,1,9,4000,0,3,5,,2,002,"7TH ST","RAMONA AV",300.00,N,N,A,-,N,,,,,,,,,,N,4,0,1,2,A,-,09,21804,A,N,D,C,A,A,H,-,A,D,0,,,,,Y,,A,07,0,0,1,0,0,0,0,0,0,"- ","- ",35.321300000000001,-120.83543,"SAN LUIS OBISPO",UNINCORPORATED,-120.83547,35.32150412
6710026,2014,2015-01-08,9745,2014-11-06,2021,017144,,4,2,4,4006,0,1,2,,2,202,"RT 101","LOS OSOS VALLEY RD",200.00,N,N,A,-,Y,,,101,,,,,,,Y,4,0,1,4,A,-,03,22350,,N,C,C,A,A,D,-,C,D,0,,,,,Y,,A,07,0,0,1,0,0,0,0,0,0,"- ","- ",35.245669999999997,-120.6816,"SAN LUIS OBISPO","SAN LUIS OBISPO",-120.68168081,35.245718580000002
6712575,2014,2014-12-11,4001,2014-10-24,0750,P069,,5,5,3,4001,0,0,0,,0,CITY,"TRAFFIC WY","FAIR OAKS AV",0.00,,Y,E,-,N,,,,,,,,,,N,4,0,1,2,A,-,09,21804,A,N,D,G,A,A,H,-,A,A,0,,,,,Y,,-,,0,0,1,0,0,0,0,0,0,"- ","- ",,,"SAN LUIS OBISPO","ARROYO GRANDE",-120.57640997,35.119680010000003
6712899,2014,2015-01-06,4001,2014-10-28,0719,P069,,2,5,3,4001,0,0,0,,0,CITY,"LE POINT ST","CROWN TER",230.00,E,N,A,-,N,,,,,,,,,,Y,3,0,2,2,A,-,08,22100,A,N,D,C,A,A,H,-,A,D,0,,,,,Y,,A,07,0,1,1,0,0,0,0,0,0,"- ","- ",,,"SAN LUIS OBISPO","ARROYO GRANDE",-120.57419835,35.127007630000001
6712915,2014,2015-01-06,4001,2014-10-04,1422,P057,2,6,5,3,4001,0,0,0,,0,CITY,"EL CAMINO REAL","N HALCYON RD",393.00,W,N,A,-,N,,,,,,,,,,N,4,0,1,3,A,-,03,22350,,N,C,C,A,A,H,-,A,A,0,,,,,Y,,-,,0,0,1,0,0,0,0,0,0,"- ","- ",,,"SAN LUIS OBISPO","ARROYO GRANDE",-120.59280815,35.123509800000001