CASE_ID,ACCIDENT_YEAR,PROC_DATE,JURIS,COLLISION_DATE,COLLISION_TIME,OFFICER_ID,REPORTING_DISTRICT,DAY_OF_WEEK,CHP_SHIFT,POPULATION,CNTY_CITY_LOC,SPECIAL_COND,BEAT_TYPE,CHP_BEAT_TYPE,CITY_DIVISION_LAPD,CHP_BEAT_CLASS,BEAT_NUMBER,PRIMARY_RD,SECONDARY_RD,DISTANCE,DIRECTION,INTERSECTION,WEATHER_1,WEATHER_2,STATE_HWY_IND,CALTRANS_COUNTY,CALTRANS_DISTRICT,STATE_ROUTE,ROUTE_SUFFIX,POSTMILE_PREFIX,POSTMILE,LOCATION_TYPE,RAMP_INTERSECTION,SIDE_OF_HWY,TOW_AWAY,COLLISION_SEVERITY,NUMBER_KILLED,NUMBER_INJURED,PARTY_COUNT,PRIMARY_COLL_FACTOR,PCF_CODE_OF_VIOL,PCF_VIOL_CATEGORY,PCF_VIOLATION,PCF_VIOL_SUBSECTION,HIT_AND_RUN,TYPE_OF_COLLISION,MVIW,PED_ACTION,ROAD_SURFACE,ROAD_COND_1,ROAD_COND_2,LIGHTING,CONTROL_DEVICE,CHP_ROAD_TYPE,PEDESTRIAN_ACCIDENT,BICYCLE_ACCIDENT,MOTORCYCLE_ACCIDENT,TRUCK_ACCIDENT,NOT_PRIVATE_PROPERTY,ALCOHOL_INVOLVED,STWD_VEHTYPE_AT_FAULT,CHP_VEHTYPE_AT_FAULT,COUNT_SEVERE_INJ,COUNT_VISIBLE_INJ,COUNT_COMPLAINT_PAIN,COUNT_PED_KILLED,COUNT_PED_INJURED,COUNT_BICYCLIST_KILLED,COUNT_BICYCLIST_INJURED,COUNT_MC_KILLED,COUNT_MC_INJURED,PRIMARY_RAMP,SECONDARY_RAMP,LATITUDE,LONGITUDE,COUNTY,CITY,POINT_X,POINT_Y
6712919,2014,2015-01-06,4001,2014-10-10,1509,P090,10,5,5,3,4001,0,0,0,,0,,"S HALCYON RD","PARK WY",149.00,S,N,A,-,N,,,,,,,,,,Y,4,0,1,2,A,-,08,22107,,N,D,C,A,A,H,-,A,D,0,,,,,Y,,A,01,0,0,1,0,0,0,0,0,0,"- ","- ",,,"SAN LUIS OBISPO","ARROYO GRANDE",-120.5915839,35.117160740000003
6714049,2014,2016-06-18,9740,2014-10-26,1400,11615,,7,2,9,4000,0,1,3,,1,014,"RT 1","SAN SIMEON RD",12.00,S,N,A,-,Y,SLO,5,1,-,-,53.210,H,-,S,Y,4,0,2,2,A,-,09,21802,A,N,C,C,A,A,H,-,A,A,0,,,,,Y,,A,01,0,0,2,0,0,0,0,0,0,"- ","- ",36.643819999999998,-121.18563,"SAN LUIS OBISPO",UNINCORPORATED,-121.12754746,35.598763910000002
6714502,2014,2015-01-13,9740,2014-11-16,1257,015854,,7,1,9,4000,0,3,5,,2,021,"GOLDEN MEADOW DR","OAK KNOLL DR",0.00,,Y,B,-,N,,,,,,,,,,N,3,0,2,2,A,-,09,21801,A,N,A,C,A,A,H,-,A,D,0,,,,,Y,,A,01,0,2,0,0,0,0,0,0,0,"- ","- ",35.573630000000001,-120.69947999999999,"SAN LUIS OBISPO",UNINCORPORATED,-120.69921999,35.573740039999997
6714537,2014,2015-01-13,4004,2014-11-11,1712,1208,02,2,5,3,4004,0,0,0,,0,027,NIBLICK,RIVER,1105.00,W,N,A,-,N,,,,,,,,,,Y,4,0,2,3,A,-,03,22350,,N,C,C,A,A,H,-,C,D,0,,,,,Y,,D,22,0,0,2,0,0,0,0,0,0,"- ","- ",,,"SAN LUIS OBISPO","PASO ROBLES",-120.68398589,35.615087889999998
6716415,2014,2015-01-21,4002,2014-10-10,1920,093,101,5,5,3,4002,0,0,0,,0,001,"RT 1","W GRAND AV",15.00,N,N,A,-,N,,,,,,,,,,N,4,0,1,2,A,-,10,21950,A,N,G,B,B,A,H,-,C,A,0,Y,,,,Y,,A,01,0,0,1,0,1,0,0,0,0,"- ","- ",,,"SAN LUIS OBISPO","GROVER BEACH",-120.62978817,35.121998400000003
6716419,2014,2015-01-06,4002,2014-10-12,1327,100,110,7,5,3,4002,0,0,0,,0,001,"N 4TH ST","ATLANTIC CITY AV",25.00,S,N,A,-,N,,,,,,,,,,Y,2,0,1,2,A,-,08,21460,5,N,D,C,A,A,H,-,A,D,0,,,Y,,Y,,C,02,1,0,0,0,0,0,0,0,1,"- ","- ",,,"SAN LUIS OBISPO","GROVER BEACH",-120.62600553999999,35.12759148
6719257,2014,2015-01-16,9745,2014-11-22,0841,015144,,6,1,9,4000,0,2,4,,1,055,"TEFFT ST","RT 101",0.00,,Y,A,-,Y,,,101,,,,,,,Y,4,0,1,2,D,-,00,,,N,D,C,A,A,H,-,A,A,0,,,,,Y,,-,"- ",0,0,1,0,0,0,0,0,0,"- ","- ",35.037129999999998,-120.48426000000001,"SAN LUIS OBISPO",UNINCORPORATED,-120.48448109,35.036915819999997
6721266,2014,2015-01-08,4004,2014-11-16,0920,1197,04,7,5,3,4004,0,0,0,,0,045,NIBLICK,RIVER,500.00,W,N,A,-,N,,,,,,,,,,N,4,0,1,3,A,-,03,22350,,N,C,C,A,A,H,-,A,A,0,,,,,Y,,A,01,0,0,1,0,0,0,0,0,0,"- ","- ",,,"SAN LUIS OBISPO","PASO ROBLES",-120.68195172,35.615038759999997
6721333,2014,2015-01-09,9745,2014-11-09,1543,15734,,7,2,2,4005,0,1,2,,2,404,"RT 101","SHELL BEACH RD",0.00,S,N,B,-,Y,,,101,,,,,,,Y,4,0,2,1,A,-,01,23152,A,N,E,I,A,A,H,-,A,D,0,,,,,Y,Y,A,01,0,0,2,0,0,0,0,0,0,"- ","- ",35.151420000000002,-120.65477,"SAN LUIS OBISPO","PISMO BEACH",-120.6548507,35.151145679999999
6721610,2014,2015-01-13,9740,2014-11-12,1150,11452,,3,1,9,4000,0,1,2,,2,001,"RT 101","RT 58",12672.00,N,N,A,-,Y,,,101,,,,,,,Y,4,0,1,2,A,-,03,22350,,N,C,C,A,A,H,-,A,A,0,,,,,Y,,A,01,0,0,1,0,0,0,0,0,0,"- ","- ",35.416429999999998,-120.62811000000001,"SAN LUIS OBISPO",UNINCORPORATED,-120.62816521000001,35.416402130000002
6722879,2014,2015-01-15,4006,2014-11-04,1113,16380,,2,5,4,4006,0,0,0,,0,,JOHNSON,ELLA,18.00,N,N,A,-,N,,,,,,,,,,N,4,0,1,2,A,-,04,21703,,N,C,C,A,A,H,-,A,A,0,,,,,Y,,D,22,0,0,1,0,0,0,0,0,0,"- ","- ",,,"SAN LUIS OBISPO","SAN LUIS OBISPO",-120.64912548,35.277429980000001
6724696,2014,2015-01-20,4005,2014-11-15,1225,P085,3,6,5,2,4005,0,0,0,,0,,OCEANVIEW,DOLLIVER,0.00,,Y,A,-,N,,,,,,,,,,N,4,0,1,2,A,-,09,21801,A,N,B,C,A,A,H,-,A,A,0,,,,,Y,,D,22,0,0,1,0,0,0,0,0,0,"- ","- ",,,"SAN LUIS OBISPO","PISMO BEACH",-120.639222,35.138727000000003
6729752,2014,2015-01-28,9745,2014-11-30,1345,17017,,7,1,4,4006,0,1,2,,1,101,"RT 101 N","MADONNA RD",90.00,N,N,B,-,Y,,,101,,,,,,,Y,4,0,1,1,A,-,03,22350,,N,E,I,A,B,H,-,A,D,0,,,,,Y,,D,22,0,0,1,0,0,0,0,0,0,FR,"- ",35.2667,-120.67294,"SAN LUIS OBISPO","SAN LUIS OBISPO",-120.67335373,35.266755539999998
6732522,2014,2015-01-02,4004,2014-10-31,1406,0430,03,5,5,3,4004,0,0,0,,0,3-12,"GOLDEN HILL",CRESTON,300.00,N,N,B,-,N,,,,,,,,,,N,3,0,1,2,A,-,09,21804,A,N,C,C,A,A,H,-,A,D,0,,,,,Y,,A,01,0,1,0,0,0,0,0,0,0,"- ","- ",,,"SAN LUIS OBISPO","PASO ROBLES",-120.65922999999999,35.622974149999997
6733754,2014,2015-01-12,9745,2014-12-05,1500,13206,9745,5,2,9,4000,0,3,5,,2,005,"MESA RD","CHARRO WY",220.00,W,N,B,-,N,,,,,,,,,,Y,3,0,1,1,A,-,01,23152,A,N,E,I,A,A,H,-,A,D,0,,,,,Y,Y,D,22,0,1,0,0,0,0,0,0,0,"- ","- ",35.027859999999997,-120.51199,"SAN LUIS OBISPO",UNINCORPORATED,-120.51243415,35.027818089999997
6733758,2014,2015-01-12,9745,2014-12-01,1750,15734,,1,2,9,4000,0,1,3,,1,011,"RT 41","BEAR RIDGE RD",4224.00,N,N,B,-,Y,,,41,,,,,,,Y,3,0,1,1,A,-,01,23152,A,N,E,I,A,B,H,-,D,D,0,,,,,Y,Y,D,22,0,1,0,0,0,0,0,0,0,"- ","- ",35.42794,-120.76746,"SAN LUIS OBISPO",UNINCORPORATED,-120.76748431999999,35.427964320000001
6735870,2014,2015-01-22,9745,2014-11-30,1125,014910,,7,1,9,4000,0,1,2,,1,101,"RT 101","OLD STAGECOACH RD",300.00,S,N,C,-,Y,,,101,,,,,,,Y,3,0,1,2,A,-,07,21658,A,N,B,C,A,B,H,-,A,D,0,,,,,Y,,A,07,0,1,0,0,0,0,0,0,0,"- ","- ",35.317259999999997,-120.62130000000001,"SAN LUIS OBISPO",UNINCORPORATED,-120.62134802999999,35.317279280000001
6736392,2014,2016-06-18,9745,2014-12-09,1525,20229,,2,2,4,4006,0,1,3,,2,023,"RT 1","KANSAS AV",200.00,N,N,A,-,Y,SLO,5,1,-,-,20.930,H,-,S,N,4,0,2,2,A,-,03,22350,,N,C,C,A,A,H,-,A,A,1,,,,,Y,,A,01,0,0,2,0,0,0,0,0,0,"- ","- ",35.32094,-120.71741,"SAN LUIS OBISPO","SAN LUIS OBISPO",-120.71727442,35.321282250000003
6737441,2014,2015-02-19,9740,2014-11-18,1110,11452,,2,1,4,4008,0,1,2,,2,002,"RT 101","DEL RIO AV",800.00,S,N,A,-,Y,,,101,,,,,,,Y,4,0,1,2,A,-,03,22350,,N,C,C,A,A,D,-,A,A,0,,,,,Y,,A,01,0,0,1,0,0,0,0,0,0,"- ","- ",35.511180000000003,-120.69794,"SAN LUIS OBISPO",ATASCADERO,-120.69791321,35.511198739999998
6737449,2014,2015-01-20,9745,2014-11-17,1620,13212,,1,2,2,4005,0,1,2,,2,404,"RT 101","SPYGLASS DR",3168.00,S,N,A,-,Y,,,101,,,,,,,N,2,0,1,2,A,-,03,22350,,N,F,A,A,A,H,-,A,D,0,,,Y,,Y,,C,02,1,0,0,0,0,0,0,0,1,"- ","- ",35.15981,-120.67686999999999,"SAN LUIS OBISPO","PISMO BEACH",-120.67689417,35.159747950000003
6737885,2014,2015-01-30,9745,2014-12-04,1705,016068,,4,2,9,4000,0,1,2,,1,101,"RT 101","TASSAJARA CREEK RD",0.00,,Y,B,-,Y,,,101,,,,,,,Y,4,0,2,2,A,-,09,21802,A,N,D,C,A,A,H,-,D,D,0,,,,,Y,,A,01,0,0,2,0,0,0,0,0,0,"- ","- ",35.370640000000002,-120.64133,"SAN LUIS OBISPO",UNINCORPORATED,-120.64135650999999,35.370645850000002
6737951,2014,2015-01-21,9740,2014-11-19,0755,013984,,3,1,9,4000,0,3,5,,2,024,"SCHOOLHOUSE LN","ETON RD",0.00,,Y,B,C,N,,,,,,,,,,Y,4,0,2,2,A,-,09,21802,A,N,D,D,A,B,H,-,A,A,0,,,,,Y,,A,01,0,0,2,0,0,0,0,0,0,"- ","- ",35.558340000000001,-120.07617,"SAN LUIS OBISPO",UNINCORPORATED,-121.07614,35.558290049999997
6737955,2014,2015-01-20,9740,2014-11-08,1040,14662,,6,1,9,4000,0,3,5,,2,016,"PARK HILL RD","RIVER RD",0.00,,Y,A,-,N,,,,,,,,,,Y,4,0,1,1,A,-,03,22350,,N,F,A,A,A,H,-,A,D,0,,,Y,,Y,,C,02,0,0,1,0,0,0,0,0,1,"- ","- ",,,"SAN LUIS OBISPO",UNINCORPORATED,-120.39481986,35.345820080000003
6738092,2014,2015-01-21,9740,2014-11-28,1610,017283,,5,2,9,4000,0,1,3,,2,011,"RT 46","BETHEL RD",0.00,,Y,A,-,Y,,,46,,,,,,,Y,3,0,4,2,A,-,03,22350,,N,C,C,A,A,H,-,A,D,0,,,,,Y,,A,01,0,4,0,0,0,0,0,0,0,"- ","- ",35.579920000000001,-120.71961,"SAN LUIS OBISPO",UNINCORPORATED,-120.71979872,35.58018886
6738175,2014,2015-01-29,9740,2014-12-05,1500,16089,,5,2,9,4000,0,1,2,,2,001,"RT 101 N","RT 58",2640.00,N,N,B,C,Y,,,101,,,,,,,Y,4,0,1,1,A,-,03,22350,,N,E,I,A,B,H,-,A,D,0,,,,,Y,,A,01,0,0,1,0,0,0,0,0,0,"- ","- ",35.393189999999997,-120.62372999999999,"SAN LUIS OBISPO",UNINCORPORATED,-120.62383561,35.393253379999997
6738188,2014,2015-01-30,9740,2014-12-07,0104,14662,,7,3,9,4000,0,3,5,,2,017,"SOUTH EL POMAR RD","HOMESTEAD RD",3432.00,N,N,E,-,N,,,,,,,,,,Y,2,0,1,1,A,-,08,22107,,N,E,I,A,B,H,-,D,D,0,,,,,Y,,A,01,1,0,0,0,0,0,0,0,0,"- ","- ",35.528599999999997,-120.6315,"SAN LUIS OBISPO",UNINCORPORATED,-120.63214504,35.52821496
6738346,2014,2015-01-20,9745,2014-11-25,0950,014910,,2,1,9,4000,0,3,5,,2,002,"OCONNER WY","LAUREATE LN",2640.00,W,N,A,-,N,,,,,,,,,,Y,2,0,1,1,A,-,03,22350,,N,E,I,A,A,H,-,A,D,0,,,Y,,Y,,C,02,1,0,0,0,0,0,0,0,1,"- ","- ",35.285429999999998,-120.71111000000001,"SAN LUIS OBISPO",UNINCORPORATED,-120.71573158,35.291637620000003
6738361,2014,2015-01-20,9740,2014-11-30,1657,014622,,7,2,3,4004,0,1,2,,2,003,"RT 101","13TH ST",1584.00,S,N,B,C,Y,,,101,,,,,,,Y,4,0,1,4,A,-,03,22350,,N,C,C,A,B,H,-,D,D,0,,,,,Y,,A,01,0,0,1,0,0,0,0,0,0,"- ","- ",35.622439999999997,-120.68617999999999,"SAN LUIS OBISPO","PASO ROBLES",-120.68625470000001,35.622434499999997
6745218,2014,2014-12-30,4006,2014-10-23,1754,69585,,4,5,4,4006,0,0,0,,0,,CALIFORNIA,PALM,0.00,,Y,A,-,N,,,,,,,,,,N,3,0,1,2,A,-,06,21755,,N,D,G,A,A,H,-,B,A,0,,Y,,,Y,,L,04,0,1,0,0,0,0,1,0,0,"- ","- ",,,"SAN LUIS OBISPO","SAN LUIS OBISPO",-120.65523,35.286800069999998
6745514,2014,2015-01-20,4006,2014-11-07,1651,69585,,5,5,4,4006,0,0,0,,0,,FOOTHILL,TASSAJARA,174.00,W,N,A,-,N,,,,,,,,,,Y,4,0,1,2,A,-,09,21804,A,N,D,C,A,A,H,-,B,A,0,,,,,Y,,A,07,0,0,1,0,0,0,0,0,0,"- ","- ",,,"SAN LUIS OBISPO","SAN LUIS OBISPO",-120.67864296,35.294142520000001
6745554,2014,2015-01-20,4006,2014-11-16,1308,27940,,7,5,4,4006,0,0,0,,0,,TAFT,CALIFORNIA,0.00,,Y,A,-,N,,,,,,,,,,N,4,0,1,2,A,-,21,22106,,N,C,C,A,A,H,-,A,A,0,,,,,Y,,A,01,0,0,1,0,0,0,0,0,0,"- ","- ",,,"SAN LUIS OBISPO","SAN LUIS OBISPO",-120.66029998,35.29090008
6746888,2014,2015-01-23,4001,2014-11-05,1215,P069,,3,5,3,4001,0,0,0,,0,CITY,"FAIR OAKS AV","TODD LN",115.00,E,N,A,-,N,,,,,,,,,,Y,4,0,1,2,A,-,09,21804,,N,D,C,A,A,H,-,A,D,0,,,,,Y,,A,01,0,0,1,0,0,0,0,0,0,"- ","- ",,,"SAN LUIS OBISPO","ARROYO GRANDE",-120.58956559000001,35.112717689999997
6747177,2014,2015-01-22,9740,2014-11-26,1740,015167,,3,2,9,4000,0,1,2,,2,002,"RT 101","SAN ANSELMO RD",90.00,N,N,A,-,Y,,,,,,,,,,Y,4,0,4,5,A,-,03,22350,,M,C,C,A,A,H,-,D,D,0,,,,,Y,,A,07,0,0,4,0,0,0,0,0,0,"- ","- ",35.497430000000001,-120.60341,"SAN LUIS OBISPO",UNINCORPORATED,-120.68327583,35.497144609999999
6748977,2014,2015-01-30,9745,2014-12-14,1630,020229,,7,2,9,4000,0,3,5,,2,005,"AVIS ST","LINCOLN AV",0.00,,Y,A,-,N,,,,,,,,,,N,3,0,1,2,A,-,08,22100,B,N,H,J,A,A,H,-,A,D,0,,,,,Y,,A,01,0,1,0,0,0,0,0,0,0,"- ","- ",35.077179999999998,-120.54046,"SAN LUIS OBISPO",UNINCORPORATED,-120.54038996,35.077140110000002
6749203,2014,2015-01-28,4006,2014-11-22,1154,68327,,6,5,4,4006,0,0,0,,0,,BROAD,INDUSTRIAL,509.00,S,N,A,-,N,,,,,,,,,,Y,3,0,1,2,A,-,09,21801,A,N,D,C,A,A,H,-,A,D,0,,,Y,,Y,,D,22,0,1,0,0,0,0,0,0,1,"- ","- ",,,"SAN LUIS OBISPO","SAN LUIS OBISPO",-120.64386994,35.249832750000003
6749257,2014,2015-01-21,4006,2014-11-30,1830,10030,"SAN L",7,5,4,4006,0,0,0,,0,,"MONTEREY ST","GRANDE ST",34.00,E,N,C,-,N,,,,,,,,,,Y,4,0,1,2,A,-,09,21801,A,N,A,C,A,B,H,-,C,A,0,,,,,Y,,A,01,0,0,1,0,0,0,0,0,0,"- ","- ",,,"SAN LUIS OBISPO","SAN LUIS OBISPO",-120.65162778,35.288652220000003
6749259,2014,2015-01-21,4006,2014-11-26,1100,64920,,3,5,4,4006,0,0,0,,0,,BROAD,"HIGUERA DR",3.00,S,N,A,-,N,,,,,,,,,,N,4,0,1,2,A,-,10,21950,A,N,G,B,B,A,H,-,A,A,0,Y,,,,Y,,A,01,0,0,1,0,1,0,0,0,0,"- ","- ",,,"SAN LUIS OBISPO","SAN LUIS OBISPO",-120.66449419999999,35.278903270000001
6749262,2014,2016-06-18,4006,2014-11-13,1005,16380,,4,5,4,4006,0,0,0,,0,,FOOTHILL,"RT 1",115.00,W,N,C,-,Y,SLO,5,1,-,-,17.341,I,5,S,Y,2,0,1,2,A,-,09,21804,A,N,D,C,A,B,H,-,A,D,0,,,,,Y,,A,01,1,0,0,0,0,0,0,0,0,"- ","- ",,,"SAN LUIS OBISPO","SAN LUIS OBISPO",-120.66805949,35.29404572
6749265,2014,2015-01-22,4006,2014-11-20,1712,59350,,4,5,4,4006,0,0,0,,0,,"S HIGUERA","TANK FARM RD",310.00,S,N,C,-,N,,,,,,,,,,Y,4,0,1,3,A,-,03,22350,,N,C,C,A,B,H,-,C,D,0,,,,,Y,,I,10,0,0,1,0,0,0,0,0,0,"- ","- ",,,"SAN LUIS OBISPO","SAN LUIS OBISPO",-120.67419895,35.246010320000003
6751356,2014,2015-01-07,4002,2014-10-27,0850,048,209,1,5,3,4002,0,0,0,,0,002,"SOUTH OAK PARK BL","NAPLES AV",15.00,N,N,A,-,N,,,,,,,,,,N,3,0,1,2,A,-,09,21800,A,N,D,G,A,A,H,-,A,A,0,,Y,,,Y,,A,07,0,1,0,0,0,0,1,0,0,"- ","- ",,,"SAN LUIS OBISPO","GROVER BEACH",-120.60902305,35.113310990000002
6752091,2014,2015-01-27,4004,2014-11-22,1804,0430,01,6,5,3,4004,0,0,0,,0,011,SPRING,"32ND ST",12.00,N,N,B,-,N,,,,,,,,,,N,2,0,1,2,A,-,10,21950,A,N,G,B,B,A,H,-,C,D,0,Y,,,,Y,,D,22,1,0,0,0,1,0,0,0,0,"- ","- ",,,"SAN LUIS OBISPO","PASO ROBLES",-120.69314301999999,35.647562870000002
6752246,2014,2015-02-10,4004,2014-12-04,1315,0890,02,4,5,3,4004,0,0,0,,0,"2 2","10TH ST","RIVERSIDE AV",0.00,,Y,C,-,N,,,,,,,,,,N,4,0,2,2,A,-,03,22350,,N,C,C,A,B,H,-,A,A,0,,,,,Y,,A,01,0,0,2,0,0,0,0,0,0,"- ","- ",,,"SAN LUIS OBISPO","PASO ROBLES",-120.68677987,35.624820100000001
6752780,2014,2015-07-28,4002,2014-12-14,1108,368,104,7,5,3,4002,0,0,0,,0,001,"W GRAND AV","S 14TH ST",332.00,E,N,A,-,N,,,,,,,,,,N,4,0,1,2,A,-,09,21804,,N,D,C,A,A,H,-,A,A,0,,,,,Y,,A,01,0,0,1,0,0,0,0,0,0,"- ","- ",,,"SAN LUIS OBISPO","GROVER BEACH",-120.61301192000001,35.121137240000003
6752916,2014,2015-01-27,4004,2014-11-22,1742,1062,01,6,5,3,4004,0,0,0,,0,014,"RT 46 E","RT 101",0.00,,Y,A,-,Y,,,,,,,,,,N,4,0,1,2,A,-,09,21453,C,N,D,C,A,A,H,-,C,A,0,,,,,Y,,A,07,0,0,1,0,0,0,0,0,0,"- ","- ",,,"SAN LUIS OBISPO","PASO ROBLES",-120.69567995,35.589370090000003
6753149,2014,2015-02-10,9740,2014-12-20,0505,014460,,6,3,9,4000,0,1,3,,2,011,"RT 46","ANDERSON RD",387.00,E,N,B,-,Y,,,46,,,,,,,Y,3,0,1,1,A,-,08,22107,,N,F,A,A,A,H,-,D,D,0,,,,,Y,,D,22,0,1,0,0,0,0,0,0,0,"- ","- ",35.574069999999999,-120.73152,"SAN LUIS OBISPO",UNINCORPORATED,-120.73154940000001,35.57412927
6753153,2014,2015-02-10,9740,2014-12-31,0603,014543,,3,1,3,4004,0,2,4,,2,012,"NACIMIENTO LAKE DR","ADELAIDA RD",2112.00,E,N,A,-,N,,,,,,,,,,Y,4,0,1,1,A,-,01,23152,E,N,E,I,A,A,H,-,D,D,0,,,,,Y,,D,22,0,0,1,0,0,0,0,0,0,"- ","- ",35.647370000000002,-120.7137,"SAN LUIS OBISPO","PASO ROBLES",-120.71403599,35.6475084
6753164,2014,2015-02-10,4005,2014-12-11,1435,P085,3,4,5,2,4005,0,0,0,,0,,OCEANVIEW,DOLLIVER,163.00,E,N,A,-,N,,,,,,,,,,N,3,0,1,2,A,-,11,21950,B,N,G,B,D,A,H,-,A,D,0,Y,,,,Y,,N,60,0,1,0,0,1,0,0,0,0,"- ","- ",,,"SAN LUIS OBISPO","PISMO BEACH",-120.63880562999999,35.139016650000002
6754955,2014,2015-01-30,4006,2014-12-05,1614,16380,,5,5,4,4006,0,0,0,,0,,"TANK FARM","OLD WINDMILL",241.00,E,N,C,-,N,,,,,,,,,,N,4,0,1,2,A,-,08,22107,,N,D,C,A,B,H,-,A,D,0,,,Y,,Y,,A,07,0,0,1,0,0,0,0,0,1,"- ","- ",,,"SAN LUIS OBISPO","SAN LUIS OBISPO",-120.6671977,35.24680635
6754956,2014,2015-01-30,4006,2014-12-12,1722,77895,,5,5,4,4006,0,0,0,,0,,"LOS OSOS VALLEY RD","AUTO PARK WY",75.00,N,N,B,-,N,,,,,,,,,,Y,4,0,1,2,A,-,03,22350,,N,C,C,A,A,H,-,C,A,0,,,,,Y,,A,01,0,0,1,0,0,0,0,0,0,"- ","- ",,,"SAN LUIS OBISPO","SAN LUIS OBISPO",-120.68528385,35.250028870000001
6754960,2014,2015-01-30,4006,2014-12-07,1141,30105,,7,5,4,4006,0,0,0,,0,,"SANTA ROSA",PALM,30.00,N,N,B,-,N,,,,,,,,,,N,4,0,3,2,A,-,03,22350,,M,C,C,A,A,H,-,A,A,0,,,,,Y,,A,01,0,0,3,0,0,0,0,0,0,"- ","- ",,,"SAN LUIS OBISPO","SAN LUIS OBISPO",-120.66082011,35.283606040000002
6754962,2014,2015-02-05,4006,2014-12-06,0936,68327,,6,5,4,4006,0,0,0,,0,,GRAND,HAYS,0.00,,Y,A,-,N,,,,,,,,,,N,4,0,1,2,A,-,09,21804,A,N,D,C,A,A,H,-,A,D,0,,,,,Y,,A,01,0,0,1,0,0,0,0,0,0,"- ","- ",,,"SAN LUIS OBISPO","SAN LUIS OBISPO",-120.65308989,35.295140070000002
6755646,2014,2015-02-03,9740,2014-12-13,2125,014662,,6,2,9,4000,0,3,5,,2,021,"GRANACHE WY","BETHEL RD",0.00,,Y,B,-,N,,,,,,,,,,Y,3,0,1,1,A,-,01,23152,A,N,E,I,A,A,H,-,D,A,0,,,,,Y,Y,A,01,0,1,0,0,0,0,0,0,0,"- ","- ",35.540199999999999,-120.7311,"SAN LUIS OBISPO",UNINCORPORATED,-120.73119996,35.540320100000002
6755665,2014,2015-02-03,9740,2014-12-05,0905,012113,,5,1,9,4000,0,1,3,,2,008,"RT 46","JARDINE RD",0.00,,Y,B,-,Y,,,46,,,,,,,Y,3,0,3,2,A,-,09,21802,A,N,D,C,A,A,H,-,A,A,0,,,,,Y,Y,A,01,0,3,0,0,0,0,0,0,0,"- ","- ",35.659190000000002,-120.60289,"SAN LUIS OBISPO",UNINCORPORATED,-120.60287581999999,35.659084589999999
6755755,2014,2015-02-04,9745,2014-12-18,1725,16514,,4,2,9,4000,0,3,5,,2,005,"LAS FLORES DR","LA QUINTA DR",22.00,N,N,A,-,N,,,,,,,,,,Y,3,0,1,1,A,-,08,22107,,N,E,I,A,A,H,-,D,D,0,,,,,Y,,A,01,0,1,0,0,0,0,0,0,0,"- ","- ",35.0139,-120.50176,"SAN LUIS OBISPO",UNINCORPORATED,-120.50185293,35.013841900000003
6757177,2014,2015-07-18,4004,2014-12-26,1501,1189,02,5,5,3,4004,0,0,0,,0,027,"RT 46",VINE,0.00,,Y,A,-,Y,,,,,,,,,,N,3,0,1,2,A,-,03,22350,,N,C,C,A,A,H,-,A,A,0,,,,,Y,,A,01,0,1,0,0,0,0,0,0,0,"- ","- ",,,"SAN LUIS OBISPO","PASO ROBLES",-120.69641986000001,35.589430110000002
6757261,2014,2015-02-03,4004,2014-12-07,1314,1200,01,7,5,3,4004,0,0,0,,0,"1 7",SPRING,"14TH ST",35.00,N,N,B,-,N,,,,,,,,,,N,4,0,2,3,A,-,03,22350,,N,C,C,A,A,H,-,A,A,0,,,,,Y,,A,01,0,0,2,0,0,0,0,0,0,NO,"- ",,,"SAN LUIS OBISPO","PASO ROBLES",-120.69158760000001,35.628855940000001
6759020,2014,2016-06-18,9745,2014-12-06,0808,14910,,6,1,9,4000,0,1,3,,2,023,"RT 1","EDUCATION DR",4752.00,N,N,A,-,Y,SLO,5,1,-,-,23.550,H,-,S,N,4,0,1,1,A,-,08,22107,,N,F,A,A,B,H,-,A,D,1,,,,,Y,,A,01,0,0,1,0,0,0,0,0,0,"- ","- ",35.33034,-120.7602,"SAN LUIS OBISPO",UNINCORPORATED,-120.75689656999999,35.336109090000001
6759036,2014,2015-02-03,9745,2014-12-03,1720,16068,,3,2,9,4000,0,1,3,,1,032,"RT 227","BIDDLE RANCH RD",0.00,,Y,B,C,Y,,,227,,,,,,,Y,3,0,2,2,A,-,01,23152,A,N,D,C,A,B,H,-,D,D,0,,,,,Y,Y,A,01,0,1,1,0,0,0,0,0,0,"- ","- ",35.215000000000003,-120.61626,"SAN LUIS OBISPO",UNINCORPORATED,-120.61638284999999,35.214986320000001
6759307,2014,2015-01-26,4001,2014-11-17,1545,P0106,1,1,5,3,4001,0,0,0,,0,CITY,"EAST GRAND AV","RT 101",100.00,W,N,A,-,Y,,,,,,,,,,Y,4,0,1,3,A,-,03,22350,,N,C,C,A,A,H,-,A,A,0,,,,,Y,,A,01,0,0,1,0,0,0,0,0,0,"- ",SO,,,"SAN LUIS OBISPO","ARROYO GRANDE",-120.65329,35.291969999999999
6759309,2014,2015-01-26,4001,2014-11-20,1727,P090,3,4,5,3,4001,0,0,0,,0,CITY,"WEST BRANCH ST","BRISCO RD",470.00,W,N,C,-,N,,,,,,,,,,Y,4,0,1,3,A,-,03,22350,,N,C,C,A,B,H,-,B,A,0,,,,,Y,,A,01,0,0,1,0,0,0,0,0,0,"- ","- ",,,"SAN LUIS OBISPO","ARROYO GRANDE",-120.59445859,35.125330220000002
6760584,2014,2015-01-30,9750,2014-12-13,1924,018009,,6,2,9,4000,0,1,3,,2,061,"RT 166","TWITCHELL DAM RD",5280.00,E,N,A,-,Y,,,,,,,,,,Y,4,0,2,1,C,-,18,,,N,E,H,A,A,H,-,D,D,0,,,,,Y,,-,"- ",0,0,2,0,0,0,0,0,0,"- ","- ",,,"SAN LUIS OBISPO",UNINCORPORATED,-120.33936036999999,35.016452039999997