CASE_ID,ACCIDENT_YEAR,PROC_DATE,JURIS,COLLISION_DATE,COLLISION_TIME,OFFICER_ID,REPORTING_DISTRICT,DAY_OF_WEEK,CHP_SHIFT,POPULATION,CNTY_CITY_LOC,SPECIAL_COND,BEAT_TYPE,CHP_BEAT_TYPE,CITY_DIVISION_LAPD,CHP_BEAT_CLASS,BEAT_NUMBER,PRIMARY_RD,SECONDARY_RD,DISTANCE,DIRECTION,INTERSECTION,WEATHER_1,WEATHER_2,STATE_HWY_IND,CALTRANS_COUNTY,CALTRANS_DISTRICT,STATE_ROUTE,ROUTE_SUFFIX,POSTMILE_PREFIX,POSTMILE,LOCATION_TYPE,RAMP_INTERSECTION,SIDE_OF_HWY,TOW_AWAY,COLLISION_SEVERITY,NUMBER_KILLED,NUMBER_INJURED,PARTY_COUNT,PRIMARY_COLL_FACTOR,PCF_CODE_OF_VIOL,PCF_VIOL_CATEGORY,PCF_VIOLATION,PCF_VIOL_SUBSECTION,HIT_AND_RUN,TYPE_OF_COLLISION,MVIW,PED_ACTION,ROAD_SURFACE,ROAD_COND_1,ROAD_COND_2,LIGHTING,CONTROL_DEVICE,CHP_ROAD_TYPE,PEDESTRIAN_ACCIDENT,BICYCLE_ACCIDENT,MOTORCYCLE_ACCIDENT,TRUCK_ACCIDENT,NOT_PRIVATE_PROPERTY,ALCOHOL_INVOLVED,STWD_VEHTYPE_AT_FAULT,CHP_VEHTYPE_AT_FAULT,COUNT_SEVERE_INJ,COUNT_VISIBLE_INJ,COUNT_COMPLAINT_PAIN,COUNT_PED_KILLED,COUNT_PED_INJURED,COUNT_BICYCLIST_KILLED,COUNT_BICYCLIST_INJURED,COUNT_MC_KILLED,COUNT_MC_INJURED,PRIMARY_RAMP,SECONDARY_RAMP,LATITUDE,LONGITUDE,COUNTY,CITY,POINT_X,POINT_Y
6761320,2014,2015-01-23,4006,2014-10-12,0335,33665,,7,5,4,4006,0,0,0,,0,,"WEST FOOTHILL BL","BLUE GRANITE LN",135.00,W,N,A,-,N,,,,,,,,,,Y,4,0,1,1,A,-,01,23152,B,N,E,I,A,A,H,-,D,D,0,,,,,Y,Y,A,01,0,0,1,0,0,0,0,0,0,"- ","- ",,,"SAN LUIS OBISPO","SAN LUIS OBISPO",-120.70179369,35.285201030000003
6761922,2014,2015-07-06,4003,2014-11-07,2134,P2413,6,5,5,2,4003,0,0,0,,0,001,"MAIN ST","ATASCADERO RD",0.00,,N,A,-,N,,,,,,,,,,Y,4,0,1,3,A,-,03,22350,,N,C,C,A,A,H,-,C,A,0,,,,,Y,,D,22,0,0,1,0,0,0,0,0,0,"- ","- ",,,"SAN LUIS OBISPO","MORRO BAY",-120.8548215,35.380197000000003
6763327,2014,2015-02-03,9745,2014-12-12,1520,12876,,5,2,9,4000,0,1,2,,2,202,"RT 101","MADONNA RD",1056.00,S,N,B,-,Y,,,,,,,,,,N,4,0,1,2,A,-,01,23152,E,N,C,C,A,A,H,-,A,D,0,,,,,Y,,A,07,0,0,1,0,0,0,0,0,0,"- ","- ",35.263210000000001,-120.67377,"SAN LUIS OBISPO",UNINCORPORATED,,
6765556,2014,2015-02-04,9745,2014-12-23,1710,014996,,2,2,3,4001,0,1,2,,2,402,"RT 101","GRAND AV",125.00,N,N,A,-,Y,,,101,,,,,,,Y,4,0,2,3,A,-,03,22350,,N,C,C,A,A,H,-,B,D,0,,,,,Y,,A,01,0,0,2,0,0,0,0,0,0,"- ","- ",35.121409999999997,-120.58382,"SAN LUIS OBISPO","ARROYO GRANDE",-120.58385126,35.12130587
6768177,2014,2015-02-02,4003,2014-11-26,1538,L3701,6,3,5,2,4003,0,0,0,,0,002,"MAIN ST","ATASCADERO RD",0.00,,Y,A,-,N,,,,,,,,,,N,3,0,1,3,A,-,07,21658,A,N,B,E,A,A,H,-,A,A,0,,,Y,,Y,,-,,0,1,0,0,0,0,0,0,1,"- ","- ",,,"SAN LUIS OBISPO","MORRO BAY",-120.8548215,35.380197000000003
6775040,2015,2015-02-19,9745,2015-01-05,0900,14996,,1,1,9,4000,0,3,5,,2,005,"DIVISION ST","MEREDITH AV",263.00,E,N,A,-,N,,,,,,,,,,Y,4,0,1,2,A,-,08,22107,,N,D,C,A,A,H,-,A,D,0,,,,,Y,,A,01,0,0,1,0,0,0,0,0,0,"- ","- ",35.055320000000002,-120.50064999999999,"SAN LUIS OBISPO",UNINCORPORATED,-120.48028128999999,35.028306909999998
6776840,2014,2015-02-12,4001,2014-12-24,1320,P069,,3,5,3,4001,0,0,0,,0,CITY,"WEST BRANCH ST","TOWN CENTER DR",30.00,E,N,A,-,N,,,,,,,,,,N,4,0,1,2,A,-,03,22350,,N,C,C,A,A,H,-,A,A,0,,,,,Y,,A,01,0,0,1,0,0,0,0,0,0,"- ","- ",,,"SAN LUIS OBISPO","ARROYO GRANDE",-120.59634268000001,35.126165370000002
6777024,2014,2015-01-28,9740,2014-11-30,1100,13952,,7,1,9,4000,0,3,5,,2,022,"CHIMNEY ROCK RD","ADELAIDA RD",6336.00,W,N,B,C,N,,,,,,,,,,Y,3,0,2,1,A,-,08,22107,,N,F,A,A,B,H,-,A,D,0,,,,,Y,,A,01,0,1,1,0,0,0,0,0,0,"- ","- ",35.654879999999999,-120.90828,"SAN LUIS OBISPO",UNINCORPORATED,-120.89480478,35.653339269999996
6781778,2015,2016-10-19,9745,2015-01-15,1722,016002,,4,2,9,4000,0,1,2,,2,202,"RT 101","LOS OSOS VALLEY RD",2112.00,S,N,A,-,Y,SLO,5,101,-,-,25.510,H,-,S,Y,4,0,2,2,A,-,03,22350,,N,C,C,A,A,H,-,C,D,1,,,,,Y,,A,01,0,0,2,0,0,0,0,0,0,"- ","- ",35.237349999999999,-120.684,"SAN LUIS OBISPO",UNINCORPORATED,-120.68377905,35.239212729999998
6782649,2014,2015-02-17,9740,2014-12-23,1200,011452,,2,1,9,4000,0,1,3,,2,011,"RT 46","OLD CREEK RD",27984.00,W,N,A,-,Y,,,46,,,,,,,N,4,0,1,2,A,-,06,21751,,N,F,A,A,A,H,-,A,D,0,,,Y,,Y,,A,01,0,0,1,0,0,0,0,0,1,"- ","- ",35.550249999999998,-120.9487,"SAN LUIS OBISPO",UNINCORPORATED,-120.94868941999999,35.550182239999998
6782737,2015,2016-09-08,9745,2015-01-08,2323,017146,,4,3,9,4000,0,1,3,,2,023,"RT 1","SAN LUISITO CREEK RD",2640.00,S,N,A,-,Y,SLO,5,1,-,-,25.210,H,-,N,Y,4,0,1,1,A,-,08,22107,,N,E,I,A,A,H,-,D,D,1,,,,,Y,,A,01,0,0,1,0,0,0,0,0,0,"- ","- ",35.351979999999998,-120.77578,"SAN LUIS OBISPO",UNINCORPORATED,-120.77826809,35.35301235
6782839,2015,2015-02-20,9745,2015-01-04,0640,14910,,7,1,9,4000,0,3,5,,2,003,"BUCKLEY RD","DAVENPORT CREEK RD",300.00,E,N,A,-,N,,,,,,,,,,Y,4,0,1,1,A,-,08,22107,,N,E,I,A,A,H,-,B,D,0,,,,,Y,,A,01,0,0,1,0,0,0,0,0,0,"- ","- ",35.235819999999997,-120.64852,"SAN LUIS OBISPO",UNINCORPORATED,-120.64809562000001,35.235843010000004
6783589,2015,2015-03-18,4006,2015-02-06,1936,27940,,5,5,4,4006,0,0,0,,0,,"HUASNA DR",MADONNA,250.00,S,N,A,-,N,,,,,,,,,,N,2,0,1,1,A,-,17,23116,A,N,H,A,A,A,H,-,C,D,0,,,,,Y,,D,22,1,0,0,0,0,0,0,0,0,"- ","- ",,,"SAN LUIS OBISPO","SAN LUIS OBISPO",-120.68750403999999,35.257062859999998
6788613,2015,2016-10-19,9745,2015-01-27,1650,017238,,2,2,9,4000,0,1,2,,2,303,"RT 101","SAN LUIS BAY DR",528.00,S,N,B,-,Y,SLO,5,101,-,R,22.190,H,-,N,Y,4,0,1,1,A,-,08,22107,,N,E,I,A,A,H,-,A,D,1,,,,,Y,,A,01,0,0,1,0,0,0,0,0,0,"- ","- ",35.195270000000001,-120.69922,"SAN LUIS OBISPO",UNINCORPORATED,-120.69976446,35.194719229999997
6788625,2015,2015-03-03,9745,2015-01-31,1340,016514,,6,1,9,4000,0,2,4,,1,026,"PERFUMO CANYON RD","SERPENTINE LN",3168.00,N,N,A,-,N,,,,,,,,,,Y,4,0,1,1,A,-,08,22107,,N,F,A,A,A,H,-,A,D,0,,,,,Y,,A,01,0,0,1,0,0,0,0,0,0,"- ","- ",35.260309999999997,-120.75962,"SAN LUIS OBISPO",UNINCORPORATED,-120.75950392999999,35.26012764
6788633,2015,2016-09-08,9745,2015-01-23,0740,012601,,5,1,9,4000,0,1,3,,2,023,"RT 1","EDUCATION DR",0.00,,Y,A,-,Y,SLO,5,1,-,-,22.653,I,5,S,Y,4,0,1,2,A,-,09,21453,C,N,D,C,A,A,H,-,A,A,1,,,,,Y,,A,01,0,0,1,0,0,0,0,0,0,"- ","- ",35.332720000000002,-120.74324,"SAN LUIS OBISPO",UNINCORPORATED,-120.74273307999999,35.333177480000003
6788634,2015,2016-10-19,9745,2015-01-31,1235,15716,,6,1,9,4000,0,1,2,,2,505,"RT 101","TEFFT ST",5280.00,N,N,A,-,Y,SLO,5,101,-,-,5.850,H,-,S,N,4,0,1,2,A,-,03,22350,,N,C,C,A,A,H,-,A,D,1,,,,,Y,,D,22,0,0,1,0,0,0,0,0,0,"- ","- ",35.047960000000003,-120.49484,"SAN LUIS OBISPO",UNINCORPORATED,-120.49521493,35.048508959999999
6788637,2015,2016-10-19,9745,2015-01-28,2330,016068,,3,3,9,4000,0,1,2,,2,303,"RT 101","HIGUERA ST",1056.00,S,N,A,-,Y,SLO,5,101,-,R,24.100,H,-,N,Y,4,0,1,1,A,-,08,22107,,N,F,A,A,A,H,-,D,D,1,,,,,Y,,A,07,0,0,1,0,0,0,0,0,0,"- ","- ",35.217460000000003,-120.6947,"SAN LUIS OBISPO",UNINCORPORATED,-120.69224401,35.221216519999999
6788638,2015,2015-02-27,9745,2015-01-26,2313,20229,,1,3,9,4000,0,2,4,,1,048,"AVILA BEACH DR","1ST ST",133.00,E,N,C,-,N,,,,,,,,,,Y,3,0,1,2,A,-,01,23152,A,N,C,E,A,B,H,-,C,D,0,,,,,Y,Y,A,01,0,1,0,0,0,0,0,0,0,"- ","- ",35.180929999999996,-120.73497,"SAN LUIS OBISPO",UNINCORPORATED,-120.73565929999999,35.18068504
6788897,2015,2016-10-19,9745,2015-02-03,0920,015144,,2,1,2,4005,0,1,2,,2,404,"RT 101","MATTIE RD",110.00,S,N,A,-,Y,SLO,5,101,-,-,17.720,H,-,N,Y,4,0,1,1,A,-,08,22107,,N,E,I,A,A,D,-,A,D,1,,,,,Y,,A,01,0,0,1,0,0,0,0,0,0,"- ","- ",35.151299999999999,-120.65424,"SAN LUIS OBISPO","PISMO BEACH",-120.65405054999999,35.150908280000003
6789653,2014,2015-02-23,4006,2014-12-11,2038,57275,,4,5,4,4006,0,0,0,,0,,JOHNSON,ELLA,250.00,S,N,A,-,N,,,,,,,,,,N,4,0,1,1,A,-,03,22350,,N,E,J,A,A,G,-,C,D,0,,,Y,,Y,,C,02,0,0,1,0,0,0,0,0,1,"- ","- ",,,"SAN LUIS OBISPO","SAN LUIS OBISPO",-120.6485962,35.276835390000002
6791669,2014,2015-02-09,4003,2014-12-25,1351,L3701,3,4,5,2,4003,0,0,0,,0,001,"MAIN ST","PACIFIC ST",0.00,,Y,A,-,N,,,,,,,,,,Y,4,0,2,2,A,-,09,21802,A,N,D,C,A,A,H,-,A,A,0,,,,,Y,,A,08,0,0,2,0,0,0,0,0,0,"- ","- ",,,"SAN LUIS OBISPO","MORRO BAY",-120.85000988,35.364970079999999
6791670,2014,2015-02-09,4003,2014-12-13,1124,P1281,3,6,5,2,4003,0,0,0,,0,001,"PACIFIC ST","SHASTA AV",0.00,,Y,A,-,N,,,,,,,,,,Y,3,0,2,2,A,-,09,21802,,N,D,C,A,A,H,-,A,A,0,,,,,Y,,A,01,0,1,1,0,0,0,0,0,0,"- ","- ",,,"SAN LUIS OBISPO","MORRO BAY",-120.84658989,35.365010030000001
6792538,2014,2015-02-02,9740,2014-12-10,0025,13952,,3,3,9,4000,0,1,2,,2,001,"RT 101","SANTA BARBARA RD",2112.00,S,N,B,-,Y,,,101,,,,,,,Y,4,0,1,1,A,-,08,22107,,M,F,A,A,A,H,-,D,D,0,,,,,Y,,D,22,0,0,1,0,0,0,0,0,0,"- ","- ",35.437660000000001,-120.6374,"SAN LUIS OBISPO",UNINCORPORATED,-120.63732447,35.437671260000002
6796848,2015,2015-07-31,4004,2015-01-19,1523,1189,02,1,5,3,4004,0,0,0,,0,023,8TH,"PASO ROBLES",0.00,,Y,A,-,N,,,,,,,,,,N,4,0,1,2,A,-,09,21804,A,N,D,C,A,A,H,-,A,D,0,,,,,Y,,D,22,0,0,1,0,0,0,0,0,0,"- ","- ",,,"SAN LUIS OBISPO","PASO ROBLES",-120.69168485,35.622499140000002
6796912,2015,2015-08-10,4004,2015-01-10,1550,1189,01,6,5,3,4004,0,0,0,,0,1-4,"21ST ST",VINE,0.00,,Y,A,-,N,,,,,,,,,,N,4,0,1,2,A,-,09,21804,A,N,B,C,A,A,H,-,A,D,0,,,,,Y,,A,01,0,0,1,0,0,0,0,0,0,"- ","- ",,,"SAN LUIS OBISPO","PASO ROBLES",-120.69472998000001,35.635920110000001
6796935,2015,2015-03-18,4006,2015-01-04,0740,64920,,7,5,4,4006,0,0,0,,0,,"MORRO ST","CHURCH ST",0.00,,Y,A,-,N,,,,,,,,,,N,4,0,1,2,A,-,09,21800,A,N,D,G,A,A,H,-,A,A,0,,Y,,,Y,,A,01,0,0,1,0,0,0,1,0,0,"- ","- ",,,"SAN LUIS OBISPO","SAN LUIS OBISPO",-120.65683995000001,35.275220050000001
6796936,2015,2015-02-24,4006,2015-01-07,0752,16380,,3,5,4,4006,0,0,0,,0,,"SANTA ROSA",MILL,125.00,N,N,A,-,N,,,,,,,,,,N,4,0,1,2,A,-,08,22107,,N,C,C,A,A,H,-,A,D,0,,,,,Y,,A,01,0,0,1,0,0,0,0,0,0,"- ","- ",,,"SAN LUIS OBISPO","SAN LUIS OBISPO",-120.66171439,35.284598809999999
6797365,2015,2016-09-13,9750,2015-01-17,1229,14820,,6,1,9,4000,0,1,3,,2,061,"RT 166","ALAMO CREEK RD",0.00,,Y,A,-,Y,SLO,5,166,-,-,17.250,I,5,E,Y,4,0,4,2,A,-,03,22350,,N,C,C,A,A,H,-,A,D,0,,,,,Y,,A,01,0,0,4,0,0,0,0,0,0,"- ","- ",35.022410000000001,-120.31259,"SAN LUIS OBISPO",UNINCORPORATED,-120.3124052,35.022511979999997
6800943,2015,2016-10-19,9745,2015-02-07,1239,017017,,6,1,4,4006,0,1,2,,1,101,"RT 101","SANTA ROSA ST",200.00,S,N,C,-,Y,SLO,5,101,-,-,43.970,H,-,S,Y,4,0,2,2,A,-,08,22107,,N,A,C,A,B,H,-,A,D,0,,,,,Y,,D,22,0,0,2,0,0,0,0,0,0,"- ","- ",35.285299999999999,-120.66543,"SAN LUIS OBISPO","SAN LUIS OBISPO",-120.65107548,35.465405089999997
6802856,2015,2016-10-03,9745,2015-01-10,1555,015734,,6,2,9,4000,0,1,3,,1,011,"RT 41","OLD MORRO RD W",300.00,S,N,B,-,Y,SLO,5,41,-,-,10.220,H,-,S,Y,3,0,1,1,C,-,18,,,N,E,I,A,A,H,-,A,D,0,,,,,Y,,-,"- ",0,1,0,0,0,0,0,0,0,"- ","- ",35.451189999999997,-120.70083,"SAN LUIS OBISPO",UNINCORPORATED,-120.73460915,35.460185629999998
6803073,2015,2016-09-08,9745,2015-01-19,1733,017017,,1,2,9,4000,0,3,5,,2,004,"RT 1","POQUITO PL",0.00,,Y,A,-,Y,SLO,5,1,-,-,8.660,I,5,N,Y,3,0,1,2,A,-,09,21802,A,N,F,A,A,A,H,-,C,D,0,,,Y,,Y,,A,01,0,1,0,0,0,0,0,0,1,"- ","- ",35.076889999999999,-120.58915,"SAN LUIS OBISPO",UNINCORPORATED,-120.58929920999999,35.076886880000004
6805421,2015,2015-03-04,4008,2015-01-14,1130,3013,,3,5,4,4008,0,0,0,,0,,"GRAVES CREEK RD","ARDILLA RD",0.00,,Y,A,-,N,,,,,,,,,,N,4,0,2,2,A,-,09,21802,A,N,D,C,A,A,H,-,A,A,0,,,,,Y,,D,22,0,0,2,0,0,0,0,0,0,"- ","- ",,,"SAN LUIS OBISPO",ATASCADERO,-120.696732,35.490231000000001
6805511,2015,2016-10-19,4008,2015-01-19,1335,3013,,1,5,4,4008,0,0,0,,0,,"MORRO RD","RT 101",15.00,S,N,A,-,Y,SLO,5,101,-,-,45.457,R,4,S,N,4,0,1,2,A,-,03,22350,,N,C,D,A,A,H,-,A,A,0,,,Y,,Y,,A,07,0,0,1,0,0,0,0,0,1,"- ",SO,,,"SAN LUIS OBISPO",ATASCADERO,-120.66356093,35.484356900000002
6805521,2015,2015-02-24,4008,2015-01-15,1424,3013,,4,5,4,4008,0,0,0,,0,,"SANTA ROSA RD","LAKE VIEW DR",0.00,,Y,A,-,N,,,,,,,,,,N,3,0,1,2,A,-,09,21802,A,N,-,G,A,A,H,-,A,A,0,,Y,,,Y,,A,01,0,1,0,0,0,0,1,0,0,"- ","- ",,,"SAN LUIS OBISPO",ATASCADERO,-120.66338989,35.461740030000001
6805808,2015,2015-03-02,9740,2015-01-20,1635,14691,,2,2,9,4000,0,3,5,,2,018,"UNION RD","PENMAN SPRINGS RD",1056.00,E,N,A,-,N,,,,,,,,,,Y,3,0,1,1,A,-,03,22350,,N,F,A,A,A,H,-,A,A,0,,,,Y,Y,,G,25,0,1,0,0,0,0,0,0,0,"- ","- ",35.630479999999999,-120.61055,"SAN LUIS OBISPO",UNINCORPORATED,-120.61079506999999,35.63039466
6806112,2015,2016-10-19,9740,2015-01-19,0105,13133,,1,3,3,4004,0,1,2,,2,002,"RT 101","MAIN ST",4224.00,N,N,A,-,Y,SLO,5,101,-,-,53.240,H,-,N,Y,2,0,1,1,A,-,08,22107,,N,E,I,A,A,H,-,D,D,1,,,,,Y,,A,07,1,0,0,0,0,0,0,0,0,"- ","- ",35.577109999999998,-120.69701999999999,"SAN LUIS OBISPO","PASO ROBLES",-120.6972609,35.57652478
6806747,2015,2015-03-10,4006,2015-01-10,2347,30105,,6,5,4,4006,0,0,0,,0,,CALIFORNIA,"SAN LUIS",66.00,N,N,C,-,N,,,,,,,,,,Y,2,0,1,1,A,-,01,23152,A,N,E,I,A,B,-,-,C,D,0,,,,,Y,Y,D,22,1,0,0,0,0,0,0,0,0,"- ","- ",,,"SAN LUIS OBISPO","SAN LUIS OBISPO",-120.65282553999999,35.284640410000002
6807541,2015,2015-03-03,4006,2015-01-15,1950,10140,4006,4,5,4,4006,0,0,0,,0,,JOHNSON,PALM,0.00,,Y,A,-,N,,,,,,,,,,N,4,0,1,2,A,-,09,21802,A,N,D,D,A,A,H,-,C,C,0,,,,,Y,,A,01,0,0,1,0,0,0,0,0,0,"- ","- ",,,"SAN LUIS OBISPO","SAN LUIS OBISPO",-120.65801997,35.285140069999997
6807601,2015,2016-02-17,4006,2015-01-25,1759,62657,,7,5,4,4006,0,0,0,,0,,BROAD,INDUSTRIAL,16.00,N,N,A,-,N,,,,,,,,,,N,3,0,1,2,A,-,11,21453,D,N,G,B,B,A,H,-,C,A,0,Y,,,,Y,Y,N,60,0,1,0,0,1,0,0,0,0,"- ","- ",,,"SAN LUIS OBISPO","SAN LUIS OBISPO",-120.64460891,35.25114112
6807602,2015,2015-03-03,4006,2015-01-14,1535,16380,,3,5,4,4006,0,0,0,,0,,"HIGUERA ST","TANK FARM RD",94.00,N,N,A,-,N,,,,,,,,,,N,4,0,1,2,A,-,08,22103,,N,D,C,A,A,H,-,A,D,0,,,,,Y,,A,01,0,0,1,0,0,0,0,0,0,"- ","- ",,,"SAN LUIS OBISPO","SAN LUIS OBISPO",-120.67356537000001,35.247029339999997
6807603,2015,2015-03-05,4006,2015-01-13,1729,69585,,2,5,4,4006,0,0,0,,0,,BROAD,ORCUTT,541.00,S,N,A,-,N,,,,,,,,,,N,4,0,1,3,A,-,09,21801,A,N,-,C,A,A,H,-,C,A,0,,,,,Y,,-,"- ",0,0,1,0,0,0,0,0,0,"- ","- ",,,"SAN LUIS OBISPO","SAN LUIS OBISPO",-120.64901828000001,35.260005710000001
6807762,2014,2015-02-18,9740,2014-12-31,1120,011452,,3,1,9,4000,0,1,3,,2,005,"RT 58","SODA LAKE RD",11458.00,E,N,A,-,Y,,,58,,,,,,,Y,3,0,1,1,A,-,03,22350,,N,F,A,A,A,H,-,A,D,0,,,Y,,Y,,C,02,0,1,0,0,0,0,0,0,1,"- ","- ",35.351689999999998,-119.96769999999999,"SAN LUIS OBISPO",UNINCORPORATED,-119.96770358000001,35.351365129999998
6809472,2015,2015-03-04,4006,2015-01-30,1042,16380,,5,5,4,4006,0,0,0,,0,,OSOS,BUCHON,80.00,N,N,A,-,N,,,,,,,,,,N,4,0,1,3,A,-,03,22350,,N,C,C,A,A,H,-,A,D,0,,,,,Y,,D,22,0,0,1,0,0,0,0,0,0,"- ","- ",,,"SAN LUIS OBISPO","SAN LUIS OBISPO",-120.65821618,35.278278479999997
6815115,2015,2015-04-28,4004,2015-04-07,1037,1187,01,2,5,3,4004,0,0,0,,0,"1 4",SPRING,24TH,64.00,S,N,C,-,N,,,,,,,,,,N,4,0,1,2,A,-,03,22350,,N,C,C,A,B,H,-,A,A,0,,,,,Y,,A,07,0,0,1,0,0,0,0,0,0,"- ","- ",,,"SAN LUIS OBISPO","PASO ROBLES",-120.69242771,35.638954490000003
6817441,2015,2015-03-06,9745,2015-02-12,0758,012601,,4,1,9,4000,0,2,4,,1,025,"LOS OSOS VALLEY RD","FAIRCHILD WY",140.00,E,N,A,-,N,,,,,,,,,,N,4,0,1,2,A,-,21,22106,,N,D,G,A,A,H,-,A,D,0,,Y,,,Y,,A,01,0,0,1,0,0,0,1,0,0,"- ","- ",35.310879999999997,-120.82792000000001,"SAN LUIS OBISPO",UNINCORPORATED,-120.82811242,35.310698189999997
6817453,2015,2015-03-06,9745,2015-02-08,1726,017238,,7,2,9,4000,0,3,5,,2,005,"DIVISION ST","BONITA SCHOOL RD",1056.00,E,N,C,-,N,,,,,,,,,,N,4,0,1,1,A,-,08,22107,,N,E,I,A,B,H,-,C,D,0,,,,,Y,,A,01,0,0,1,0,0,0,0,0,0,"- ","- ",35.004350000000002,-120.51397,"SAN LUIS OBISPO",UNINCORPORATED,-120.51550896000001,35.004179999999998
6817513,2015,2015-03-06,9745,2015-02-12,1510,014996,,4,2,9,4000,0,2,4,,1,055,"TEFFT ST","N OAKGLEN AV",50.00,E,N,A,-,N,,,,,,,,,,Y,4,0,1,2,A,-,03,22350,,N,C,C,A,A,H,-,A,A,0,,,,,Y,,A,01,0,0,1,0,0,0,0,0,0,"- ","- ",35.038069999999998,-120.48263,"SAN LUIS OBISPO",UNINCORPORATED,-120.48285473,35.037870519999998
6818319,2015,2016-09-08,9745,2015-02-04,0710,012601,,3,1,9,4000,0,1,3,,1,032,"RT 227","LOS RANCHOS RD",390.00,N,N,E,-,Y,SLO,5,227,-,R,9.160,H,-,S,Y,3,0,1,1,A,-,03,22350,,N,F,A,A,B,H,-,B,A,0,,,Y,,Y,,C,02,0,1,0,0,0,0,0,0,1,"- ","- ",35.224989999999998,-120.62627999999999,"SAN LUIS OBISPO",UNINCORPORATED,-120.62603229,35.22472063
6819254,2015,2016-09-08,9740,2015-02-07,1630,015644,,6,2,9,4000,0,1,3,,1,015,"RT 1","RAGGED POINT INN",5280.00,S,N,B,-,Y,SLO,5,1,-,-,71.690,H,-,S,Y,2,0,1,1,A,-,08,22107,,N,F,A,A,B,H,-,A,D,0,,,,,Y,,D,22,1,0,0,0,0,0,0,0,0,"- ","- ",35.769590000000001,-121.32170000000001,"SAN LUIS OBISPO",UNINCORPORATED,-121.32219811,35.768155180000001
6819559,2015,2015-03-12,9745,2015-02-15,1650,16514,,7,2,9,4000,0,2,4,,1,048,"AVILA BEACH DR","DIABLO CANYON RD",2112.00,E,N,B,-,N,,,,,,,,,,N,4,0,1,2,A,-,03,22350,,N,C,C,A,A,H,-,A,D,0,,,,,Y,,D,22,0,0,1,0,0,0,0,0,0,"- ","- ",35.178080000000001,-120.74775,"SAN LUIS OBISPO",UNINCORPORATED,-120.74922664,35.177986300000001
6822101,2015,2015-02-26,4006,2015-01-26,1944,10140,4006,1,5,4,4006,0,0,0,,0,,"SANTA ROSA",WALNUT,0.00,,Y,A,-,N,,,,,,,,,,Y,4,0,2,2,A,-,09,21801,A,N,A,C,A,A,H,-,C,C,0,,,,,Y,,A,01,0,0,2,0,0,0,0,0,0,"- ","- ",,,"SAN LUIS OBISPO","SAN LUIS OBISPO",-120.66285993,35.285910100000002
6822103,2015,2016-09-08,4006,2015-01-21,0630,69585,,3,5,4,4006,0,0,0,,0,,"CALIFORNIA BL","RT 101",0.00,,Y,A,-,Y,SLO,5,101,-,-,29.510,R,4,N,N,4,0,1,2,A,-,09,21801,A,N,D,G,A,A,H,-,C,A,0,,Y,,,Y,,A,07,0,0,1,0,0,0,1,0,0,"- ",NO,,,"SAN LUIS OBISPO","SAN LUIS OBISPO",-120.65767026,35.291072
6825694,2015,2015-03-06,4006,2015-01-12,1315,69585,,1,5,4,4006,0,0,0,,0,,CHORRO,MURRAY,14.00,S,N,A,-,N,,,,,,,,,,N,3,0,1,1,A,-,05,21650,,N,E,I,A,A,H,-,A,D,0,,Y,,,Y,,L,04,0,1,0,0,0,0,1,0,0,"- ","- ",,,"SAN LUIS OBISPO","SAN LUIS OBISPO",-120.66977,35.290741539999999
6826163,2015,2016-10-19,9745,2015-02-13,1755,16068,,5,2,4,4006,0,1,2,,2,202,"RT 101","MARSH ST",200.00,S,N,A,-,Y,SLO,5,101,-,-,28.030,H,-,S,Y,4,0,2,4,A,-,03,22350,,N,C,C,A,A,H,-,D,D,1,,,,,Y,,A,01,0,0,2,0,0,0,0,0,0,"- ","- ",35.273350000000001,-120.67193,"SAN LUIS OBISPO","SAN LUIS OBISPO",-120.67176109,35.273580180000003
6826171,2015,2016-10-19,9745,2015-02-15,1600,17968,,7,2,9,4000,0,1,2,,2,303,"RT 101","SOUTH HIGUERA ST",1584.00,N,N,A,-,Y,SLO,5,101,-,R,24.870,H,-,N,Y,3,0,1,1,A,-,08,22107,,N,E,I,A,A,H,-,A,D,1,,,,,Y,,A,01,0,1,0,0,0,0,0,0,0,"- ","- ",35.23227,-120.68971000000001,"SAN LUIS OBISPO",UNINCORPORATED,-120.68969834000001,35.232160020000002
6826183,2015,2016-10-03,9745,2015-02-18,0445,20229,,3,3,9,4000,0,1,3,,1,011,"RT 41","CERRO ALTO",4224.00,N,N,B,-,Y,SLO,5,41,-,-,8.120,H,-,S,Y,3,0,1,1,A,-,08,22107,,N,E,I,A,B,H,-,C,D,0,,,,,Y,,A,01,0,1,0,0,0,0,0,0,0,"- ","- ",35.455240000000003,-120.75096000000001,"SAN LUIS OBISPO",UNINCORPORATED,-120.75396626,35.441757690000003
6828963,2015,2015-03-16,4006,2015-02-04,0711,16380,,3,5,4,4006,0,0,0,,0,,"TANK FARM","SANTA FE AV",250.00,W,N,E,-,N,,,,,,,,,,Y,2,0,4,2,A,-,03,22350,,N,B,C,A,A,H,-,A,D,0,,,,,Y,,A,01,1,1,2,0,0,0,0,0,0,"- ","- ",,,"SAN LUIS OBISPO","SAN LUIS OBISPO",-120.64818656999999,35.246834610000001
6829086,2015,2015-03-12,4001,2015-01-31,1704,P057,462,6,5,3,4001,0,0,0,,0,OPERAT,"WEST BRANCH ST","TOWN CENTER DR",0.00,,Y,A,-,N,,,,,,,,,,Y,4,0,2,2,A,-,01,23152,A,N,D,C,A,A,H,-,A,A,0,,,,,Y,Y,D,23,0,0,2,0,0,0,0,0,0,"- ","- ",,,"SAN LUIS OBISPO","ARROYO GRANDE",-120.59642673,35.126223869999997