CASE_ID,ACCIDENT_YEAR,PROC_DATE,JURIS,COLLISION_DATE,COLLISION_TIME,OFFICER_ID,REPORTING_DISTRICT,DAY_OF_WEEK,CHP_SHIFT,POPULATION,CNTY_CITY_LOC,SPECIAL_COND,BEAT_TYPE,CHP_BEAT_TYPE,CITY_DIVISION_LAPD,CHP_BEAT_CLASS,BEAT_NUMBER,PRIMARY_RD,SECONDARY_RD,DISTANCE,DIRECTION,INTERSECTION,WEATHER_1,WEATHER_2,STATE_HWY_IND,CALTRANS_COUNTY,CALTRANS_DISTRICT,STATE_ROUTE,ROUTE_SUFFIX,POSTMILE_PREFIX,POSTMILE,LOCATION_TYPE,RAMP_INTERSECTION,SIDE_OF_HWY,TOW_AWAY,COLLISION_SEVERITY,NUMBER_KILLED,NUMBER_INJURED,PARTY_COUNT,PRIMARY_COLL_FACTOR,PCF_CODE_OF_VIOL,PCF_VIOL_CATEGORY,PCF_VIOLATION,PCF_VIOL_SUBSECTION,HIT_AND_RUN,TYPE_OF_COLLISION,MVIW,PED_ACTION,ROAD_SURFACE,ROAD_COND_1,ROAD_COND_2,LIGHTING,CONTROL_DEVICE,CHP_ROAD_TYPE,PEDESTRIAN_ACCIDENT,BICYCLE_ACCIDENT,MOTORCYCLE_ACCIDENT,TRUCK_ACCIDENT,NOT_PRIVATE_PROPERTY,ALCOHOL_INVOLVED,STWD_VEHTYPE_AT_FAULT,CHP_VEHTYPE_AT_FAULT,COUNT_SEVERE_INJ,COUNT_VISIBLE_INJ,COUNT_COMPLAINT_PAIN,COUNT_PED_KILLED,COUNT_PED_INJURED,COUNT_BICYCLIST_KILLED,COUNT_BICYCLIST_INJURED,COUNT_MC_KILLED,COUNT_MC_INJURED,PRIMARY_RAMP,SECONDARY_RAMP,LATITUDE,LONGITUDE,COUNTY,CITY,POINT_X,POINT_Y
6829361,2014,2015-04-20,9740,2014-03-18,2225,015644,,2,3,9,4000,0,3,5,,2,021,"VINEYARD DR","OAK VIEW DR",300.00,E,N,A,-,N,,,,,,,,,,Y,4,0,1,1,A,-,08,22107,,N,E,J,A,A,H,-,D,D,0,,,,,Y,,D,22,0,0,1,0,0,0,0,0,0,"- ","- ",35.544339999999998,-120.74764,"SAN LUIS OBISPO",UNINCORPORATED,-120.75967749,35.553310719999999
6829373,2015,2016-10-03,9740,2015-03-12,1910,014691,,4,2,9,4000,0,1,3,,2,008,"RT 46","BITTERWATER RD",2112.00,E,N,A,-,Y,SLO,5,46,-,-,53.200,H,-,E,Y,3,0,2,2,A,-,06,21750,A,M,B,C,A,A,H,-,D,A,0,,,,Y,Y,,A,01,0,2,0,0,0,0,0,0,0,"- ","- ",35.714230000000001,-120.30540000000001,"SAN LUIS OBISPO",UNINCORPORATED,-120.30527877999999,35.714266350000003
6829377,2015,2015-04-14,9740,2015-02-22,1830,016089,,7,2,9,4000,0,2,4,,2,012,"NACIMIENTO LAKE DR","CHIMNEY ROCK RD",18480.00,W,N,B,C,N,,,,,,,,,,Y,3,0,1,1,A,-,03,22350,,M,F,A,A,B,H,-,D,A,0,,,,,Y,,D,22,0,1,0,0,0,0,0,0,0,"- ","- ",35.719230000000003,-120.84820999999999,"SAN LUIS OBISPO",UNINCORPORATED,-120.84548565,35.717299560000001
6834642,2015,2016-02-17,4006,2015-01-31,1429,62657,,6,5,4,4006,0,0,0,,0,,"LOS OSOS VALLEY RD","CALLE JOAQUIN",145.00,S,N,A,-,N,,,,,,,,,,Y,4,0,1,2,A,-,09,21804,A,N,D,C,A,A,H,-,A,A,0,,,,,Y,,-,,0,0,1,0,0,0,0,0,0,"- ","- ",,,"SAN LUIS OBISPO","SAN LUIS OBISPO",-120.68286778,35.246354590000003
6834789,2015,2016-02-16,4001,2015-01-02,2027,P090,461,5,5,3,4001,0,0,0,,0,OPERAT,"E BRANCH ST","BRIDGE ST",0.00,,Y,A,-,N,,,,,,,,,,N,4,0,1,2,A,-,10,21950,A,F,G,B,B,A,H,-,C,D,0,Y,,,,Y,,-,,0,0,1,0,1,0,0,0,0,"- ","- ",,,"SAN LUIS OBISPO","ARROYO GRANDE",-120.57911994,35.12325001
6837613,2015,2015-03-17,4008,2015-02-24,0134,4050,,2,5,4,4008,0,0,0,,0,,"EL CAMINO REAL","DEL RIO RD",972.00,S,N,A,-,N,,,,,,,,,,Y,3,0,1,1,A,-,03,22350,,M,E,I,A,A,H,-,C,D,0,,,,,Y,,A,01,0,1,0,0,0,0,0,0,0,"- ","- ",,,"SAN LUIS OBISPO",ATASCADERO,-120.69638159,35.511338430000002
6837644,2015,2015-03-18,4006,2015-02-09,0740,55150,,1,5,4,4006,0,0,0,,0,,HIGHLAND,"SANTA ROSA",315.00,W,N,A,-,N,,,,,,,,,,N,3,0,1,2,A,-,03,22350,,N,C,E,A,B,H,-,A,D,0,,,Y,,Y,,C,02,0,1,0,0,0,0,0,0,1,"- ","- ",,,"SAN LUIS OBISPO","SAN LUIS OBISPO",-120.67490456,35.298084940000003
6837980,2015,2015-03-18,4005,2015-01-14,1014,P099,2,3,5,2,4005,0,0,0,,0,,"NAOMI AV","SEACLIFF DR",200.00,E,N,A,-,N,,,,,,,,,,N,4,0,1,2,A,-,21,22106,,N,C,G,A,A,C,-,A,D,0,,Y,,,Y,,A,01,0,0,1,0,0,0,1,0,0,"- ","- ",,,"SAN LUIS OBISPO","PISMO BEACH",-120.68279317,35.159560470000002
6837984,2015,2016-09-08,4005,2015-01-04,1650,P085,3,7,5,2,4005,0,0,0,,0,,DOLLIVER,"OCEAN VIEW",0.00,,Y,A,-,Y,SLO,5,1,-,-,15.400,I,5,N,N,4,0,1,2,A,-,09,21802,A,N,D,C,A,A,H,-,A,A,0,,,,,Y,,A,01,0,0,1,0,0,0,0,0,0,"- ","- ",,,"SAN LUIS OBISPO","PISMO BEACH",-120.63918473,35.138755580000002
6837988,2015,2015-06-03,4005,2015-01-06,1918,P087,3,2,5,2,4005,0,0,0,,0,03C,"POMEROY AV","CYPRESS ST",36.00,W,N,A,-,N,,,,,,,,,,N,4,0,1,2,A,-,11,21954,A,N,G,B,E,A,H,-,C,D,0,Y,,,,Y,Y,N,60,0,0,1,0,1,0,0,0,0,"- ","- ",,,"SAN LUIS OBISPO","PISMO BEACH",-120.64237661,35.139961309999997
6839528,2015,2016-09-08,9740,2015-02-27,1915,015167,,5,2,9,4000,0,1,3,,1,014,"RT 1","BURTON DR",15.00,S,N,A,-,Y,SLO,5,1,-,-,48.970,H,-,N,N,4,0,1,2,A,-,03,22350,,N,C,C,A,A,H,-,C,A,0,,,,,Y,,A,01,0,0,1,0,0,0,0,0,0,"- ","- ",35.555500000000002,-121.08181999999999,"SAN LUIS OBISPO",UNINCORPORATED,-121.08205237999999,35.555402999999998
6839544,2015,2015-03-13,9740,2015-02-24,2130,017426,,2,2,9,4000,0,3,5,,2,017,"HALCON RD","ROCKY CANYON RD",200.00,W,N,A,-,N,,,,,,,,,,Y,4,0,1,1,A,-,08,22107,,N,E,I,A,A,H,-,D,D,0,,,,,Y,,A,07,0,0,1,0,0,0,0,0,0,"- ","- ",35.461919999999999,-120.6234,"SAN LUIS OBISPO",UNINCORPORATED,-120.6230942,35.461921750000002
6842026,2015,2016-10-19,9740,2015-03-07,1735,015644,,6,2,9,4000,0,3,5,,2,017,"VINEYARD DR","RT 101",0.00,,Y,A,-,Y,SLO,5,101,-,-,50.770,R,4,N,N,4,0,1,3,A,-,03,22350,,N,C,C,A,A,H,-,A,A,1,,,,,Y,,D,22,0,0,1,0,0,0,0,0,0,"- ","- ",35.54392,-120.71355,"SAN LUIS OBISPO",UNINCORPORATED,-120.71509211999999,35.545497869999998
6843683,2015,2015-03-18,9745,2015-02-25,1105,14996,,3,1,9,4000,0,2,4,,1,051,"LOS BERROS RD","EL CAMPO RD",1584.00,W,N,A,-,N,,,,,,,,,,Y,4,0,4,2,A,-,08,22107,,N,D,C,A,A,H,-,A,D,0,,,,,Y,,A,07,0,0,4,0,0,0,0,0,0,"- ","- ",35.099229999999999,-120.56925,"SAN LUIS OBISPO",UNINCORPORATED,-120.56648202,35.096369469999999
6847140,2015,2015-04-21,4006,2015-02-17,1223,16380,,2,5,4,4006,0,0,0,,0,,MADONNA,HIGUERA,690.00,W,N,A,-,N,,,,,,,,,,Y,4,0,2,2,A,-,03,22350,,N,C,C,A,A,H,-,A,D,0,,,,,Y,,A,01,0,0,2,0,0,0,0,0,0,"- ","- ",,,"SAN LUIS OBISPO","SAN LUIS OBISPO",-120.67224026,35.267019640000001
6847235,2015,2015-08-27,4004,2015-02-07,0128,1208,04,6,5,3,4004,0,0,0,,0,049,FONTANA,SHERWOOD,90.00,E,N,B,C,N,,,,,,,,,,N,4,0,1,1,A,-,01,23152,A,N,E,I,A,B,H,-,D,D,0,,,,,Y,Y,D,22,0,0,1,0,0,0,0,0,0,"- ","- ",,,"SAN LUIS OBISPO","PASO ROBLES",-120.65011303999999,35.61591421
6847403,2015,2015-09-16,4004,2015-03-02,0814,1189,01,1,5,3,4004,0,0,0,,0,1-2,"28TH ST",SPRING,0.00,,Y,A,-,N,,,,,,,,,,N,4,0,1,2,A,-,09,21801,A,N,D,C,A,A,H,-,A,D,0,,,,,Y,Y,A,01,0,0,1,0,0,0,0,0,0,"- ","- ",,,"SAN LUIS OBISPO","PASO ROBLES",-120.69278997000001,35.643330020000001
6848140,2015,2016-09-08,9745,2015-03-04,0625,015144,,3,1,9,4000,0,1,3,,1,045,"RT 1","DIVISION ST",0.00,,Y,A,-,Y,SLO,5,1,-,-,0.940,I,5,N,Y,4,0,1,2,A,-,08,22107,,N,D,C,A,A,H,-,B,A,0,,,,,Y,,D,22,0,0,1,0,0,0,0,0,0,"- ","- ",34.991050000000001,-120.57056,"SAN LUIS OBISPO",UNINCORPORATED,-120.57055,34.99107068
6848538,2015,2016-10-19,9745,2015-02-27,1755,017144,,5,2,4,4006,0,1,2,,2,202,"RT 101","CHORRO ST",10.00,S,N,A,-,Y,SLO,5,101,-,-,28.809,H,-,S,Y,3,0,1,2,A,-,03,22350,,N,C,C,A,A,H,-,C,D,1,,,,,Y,,A,01,0,1,0,0,0,0,0,0,0,"- ","- ",35.284300000000002,-120.66677,"SAN LUIS OBISPO","SAN LUIS OBISPO",-120.66679794,35.284342680000002
6848551,2015,2015-03-20,9745,2015-02-24,1820,013937,,2,2,9,4000,0,2,4,,1,052,"THOMPSON RD","VINTAGE ST",0.00,,Y,A,-,N,,,,,,,,,,Y,4,0,1,2,A,-,09,21801,A,N,D,C,A,A,H,-,D,D,0,,,,,Y,,A,01,0,0,1,0,0,0,0,0,0,"- ","- ",35.040080000000003,-120.47295,"SAN LUIS OBISPO",UNINCORPORATED,-120.47251995000001,35.039780039999997
6848861,2015,2016-09-08,9745,2015-03-08,1319,015734,,7,1,9,4000,0,1,2,,2,303,"RT 101","SAN LUIS BAY DR",650.00,N,N,A,-,Y,SLO,5,101,-,T,22.410,H,-,S,Y,3,0,1,1,A,-,03,22350,,N,F,A,A,A,H,-,A,D,1,,,Y,,Y,,C,02,0,1,0,0,0,0,0,0,1,"- ","- ",35.197099999999999,-120.99290000000001,"SAN LUIS OBISPO",UNINCORPORATED,-120.69898299,35.197802760000002
6848865,2015,2016-09-08,9745,2015-03-10,0835,013212,,2,1,9,4000,0,1,3,,2,023,"RT 1","HIGHLAND DR",50.00,S,N,B,-,Y,SLO,5,1,-,-,17.790,H,-,N,N,4,0,1,2,A,-,03,22350,,N,C,C,A,A,H,-,A,A,1,,,,,Y,,A,08,0,0,1,0,0,0,0,0,0,"- ","- ",,,"SAN LUIS OBISPO",UNINCORPORATED,-120.67366634,35.298393879999999
6848970,2015,2015-03-23,9745,2015-03-02,1925,17541,,1,2,9,4000,0,3,5,,2,005,"DIVISION ST","BONITA SCHOOL RD",1584.00,E,N,A,-,N,,,,,,,,,,Y,4,0,2,1,A,-,08,22107,,N,E,I,A,A,H,-,D,D,0,,,,,Y,,A,01,0,0,2,0,0,0,0,0,0,"- ","- ",35.055,-120.291,"SAN LUIS OBISPO",UNINCORPORATED,-120.51378842,35.004494970000003
6849636,2015,2015-03-23,4004,2015-02-28,0122,0430,04,6,5,3,4004,0,0,0,,0,"4 8","STONEY CREEK",BEECHWOOD,51.00,W,N,A,-,N,,,,,,,,,,Y,4,0,3,1,A,-,03,22350,,F,A,I,A,A,H,-,C,D,0,,,,,Y,Y,A,01,0,0,3,0,0,0,0,0,0,"- ","- ",,,"SAN LUIS OBISPO","PASO ROBLES",-120.65547153,35.605250470000001
6849640,2015,2015-04-06,4004,2015-02-22,0001,1197,01,7,5,3,4004,0,0,0,,0,"1 5",SPRING,"16TH ST",12.00,N,N,A,-,N,,,,,,,,,,Y,4,0,1,1,A,-,03,22350,,M,E,I,A,B,H,-,C,D,0,,,,,Y,,A,01,0,0,1,0,0,0,0,0,0,"- ","- ",,,"SAN LUIS OBISPO","PASO ROBLES",-120.69175253,35.630882900000003
6849692,2015,2016-09-08,4006,2015-02-12,1614,16380,,4,5,4,4006,0,0,0,,0,,"RT 1",BOYSEN,0.00,,Y,A,-,Y,SLO,5,1,-,-,17.500,I,5,S,N,4,0,1,2,A,-,09,21800,B,N,D,G,A,A,H,-,A,D,0,,Y,,,Y,,L,04,0,0,1,0,0,0,1,0,0,"- ","- ",,,"SAN LUIS OBISPO","SAN LUIS OBISPO",-120.66955283999999,35.295773349999997
6849704,2015,2015-04-03,4006,2015-02-20,1707,15935,4006,5,5,4,4006,0,0,0,,0,"ZONE 1",FOOTHILL,CHORRO,54.00,W,N,A,-,N,,,,,,,,,,N,3,0,1,2,A,-,09,21801,A,N,D,C,A,A,H,-,A,A,0,,,Y,,Y,,A,01,0,1,0,0,0,0,0,0,1,"- ","- ",,,"SAN LUIS OBISPO","SAN LUIS OBISPO",-120.6711409,35.294092450000001
6849708,2015,2016-09-08,4006,2015-02-23,1337,69585,,1,5,4,4006,0,0,0,,0,,"SANTA ROSA AV","OAK AV",215.00,S,N,A,-,Y,SLO,5,1,-,-,16.950,H,-,N,Y,4,0,1,2,A,-,09,21801,A,N,D,C,A,A,H,-,A,A,0,,,,,Y,,A,01,0,0,1,0,0,0,0,0,0,"- ","- ",,,"SAN LUIS OBISPO","SAN LUIS OBISPO",-120.66527551,35.288697139999996
6851239,2015,2015-03-27,4002,2015-03-09,1522,338,103,1,5,3,4002,0,0,0,,0,001,"W GRAND AV","N 12TH ST",0.00,,Y,A,-,N,,,,,,,,,,Y,4,0,1,2,A,-,03,22350,,N,C,C,A,A,H,-,A,A,0,,,,,Y,,A,01,0,0,1,0,0,0,0,0,0,"- ","- ",,,"SAN LUIS OBISPO","GROVER BEACH",-120.61653989,35.121310080000001
6854243,2015,2017-04-25,9745,2015-02-16,2001,17541,,1,2,9,4000,0,1,2,,1,101,"RT 101","RESERVOIR CANYON RD",0.00,,Y,B,-,Y,SLO,5,101,-,-,31.150,I,5,N,Y,1,1,0,2,A,-,09,21802,A,N,D,C,A,A,H,-,D,A,5,,,Y,,Y,Y,D,22,0,0,0,0,0,0,0,1,0,"- ","- ",35.296289999999999,-120.63021000000001,"SAN LUIS OBISPO",UNINCORPORATED,-120.6302914,35.296375920000003
6854546,2015,2015-07-10,4008,2015-04-26,0448,3152,,7,5,4,4008,0,0,0,,0,,"SYCAMORE RD","RT 41",779.00,S,N,A,-,N,,,,,,,,,,Y,1,1,0,1,A,-,01,23152,A,N,E,I,A,A,H,-,D,D,0,,,Y,,Y,Y,C,02,0,0,0,0,0,0,0,1,0,"- ","- ",,,"SAN LUIS OBISPO",ATASCADERO,-120.65661833999999,35.498675849999998
6854659,2015,2017-04-04,9740,2015-05-04,2020,019259,,1,2,9,4000,0,3,5,,2,022,"WILLOW CREEK RD","PEACHY CANYON RD",3168.00,S,N,A,-,N,,,,,,,,,,Y,1,1,0,1,A,-,01,23152,A,N,E,I,A,A,H,-,D,D,0,,,,,Y,Y,A,01,0,0,0,0,0,0,0,0,0,"- ","- ",35.597760000000001,-120.80198,"SAN LUIS OBISPO",UNINCORPORATED,-120.81341,35.597540000000002
6854660,2015,2017-05-09,9745,2015-05-14,1803,017968,,4,2,2,4005,0,1,2,,2,404,"RT 101","SPYGLASS DR",5280.00,S,N,B,-,Y,SLO,5,101,-,-,18.340,H,-,S,Y,1,1,0,1,A,-,08,22107,,N,F,A,A,A,H,-,A,D,1,,,,,Y,,-,"- ",0,0,0,0,0,0,0,0,0,"- ","- ",35.157209999999999,-120.67045,"SAN LUIS OBISPO","PISMO BEACH",-120.66387623999999,35.154650340000003
6859523,2015,2016-10-19,9745,2015-03-04,1850,17146,,3,2,9,4000,0,1,2,,2,505,"RT 101","RT 166",500.00,N,N,A,-,Y,SLO,5,101,-,-,0.910,H,-,N,Y,4,0,1,2,A,-,04,21703,,N,C,C,A,A,H,-,E,D,1,,,,Y,Y,,F,55,0,0,1,0,0,0,0,0,0,"- ","- ",35.595140000000001,-120.26585,"SAN LUIS OBISPO",UNINCORPORATED,-120.43506102000001,34.99770814
6859885,2015,2016-10-03,4004,2015-01-24,1528,1187,03,6,5,3,4004,0,0,0,,0,"3 7","RT 46","BUENA VISTA",15.00,E,N,A,-,Y,SLO,5,46,-,-,30.513,H,-,W,Y,4,0,1,2,A,-,03,22350,,N,C,C,A,A,H,-,A,A,0,,,,,Y,,A,01,0,0,1,0,0,0,0,0,0,"- ","- ",,,"SAN LUIS OBISPO","PASO ROBLES",-120.67176738000001,35.64462923
6860085,2015,2016-09-08,9745,2015-03-23,0640,013212,,1,1,9,4000,0,1,3,,1,045,"RT 1","OSO FLACO LAKE RD",0.00,,Y,A,-,Y,SLO,5,1,-,-,2.330,I,5,S,Y,4,0,1,3,A,-,09,21801,A,N,A,C,A,A,H,-,B,D,0,,,,,Y,,A,07,0,0,1,0,0,0,0,0,0,"- ","- ",35.010680000000001,-120.56762999999999,"SAN LUIS OBISPO",UNINCORPORATED,-120.56758909,35.01078596
6860522,2015,2016-09-08,4008,2015-03-07,0831,2030,,6,5,4,4008,0,0,0,,0,,"MORRO RD","SAN GABRIEL RD",653.00,E,N,A,-,Y,SLO,5,41,-,-,14.330,H,-,N,N,3,0,1,1,A,-,03,22350,,N,E,J,A,A,H,-,A,D,0,,Y,,,Y,,L,04,0,1,0,0,0,0,1,0,0,"- ","- ",,,"SAN LUIS OBISPO",ATASCADERO,-120.67356569,35.463663369999999
6860526,2015,2015-04-03,4008,2015-03-09,0822,3013,,1,5,4,4008,0,0,0,,0,,"ATASCADERO AV","SAN DIEGO RD",530.00,N,N,E,-,N,,,,,,,,,,Y,3,0,5,2,A,-,09,21804,A,N,D,C,A,B,H,-,A,D,0,,,,,Y,,A,07,0,5,0,0,0,0,0,0,0,"- ","- ",,,"SAN LUIS OBISPO",ATASCADERO,-120.65114441999999,35.449382679999999
6860765,2015,2015-03-27,4001,2015-02-23,1440,P069,461,1,5,3,4001,0,0,0,,0,OPERAT,"HUASNA RD","STAGECOACH RD",60.00,W,N,A,-,N,,,,,,,,,,Y,3,0,1,1,A,-,01,23152,E,N,E,I,A,A,H,-,A,A,0,,,,,Y,,A,01,0,1,0,0,0,0,0,0,0,"- ","- ",,,"SAN LUIS OBISPO","ARROYO GRANDE",-120.56565783000001,35.127842710000003
6860766,2015,2015-03-27,4001,2015-02-15,1313,P0115,463,7,5,3,4001,0,0,0,,0,OPERAT,"EAST GRAND AV","COURTLAND ST",218.00,E,N,A,-,N,,,,,,,,,,N,3,0,1,2,A,-,09,21804,A,N,D,G,A,A,H,-,A,A,0,,Y,,,Y,,L,04,0,1,0,0,0,0,1,0,0,"- ","- ",,,"SAN LUIS OBISPO","ARROYO GRANDE",-120.60593236,35.120806029999997
6863245,2015,2015-04-17,4006,2015-03-05,2250,10140,4006,4,5,4,4006,0,0,0,,0,,CASA,FOOTHILL,515.00,S,N,A,-,N,,,,,,,,,,N,4,0,1,2,A,-,09,21804,A,N,D,C,A,A,H,-,C,D,0,,,,,Y,,D,22,0,0,1,0,0,0,0,0,0,"- ","- ",,,"SAN LUIS OBISPO","SAN LUIS OBISPO",-120.66504553,35.293050749999999
6864173,2015,2015-04-08,4004,2015-03-06,1719,0901,02,5,5,3,4004,0,0,0,,0,027,VINE,1ST,2000.00,S,N,A,-,N,,,,,,,,,,N,3,0,1,2,A,-,05,21460,A,N,B,C,A,A,H,-,A,D,0,,,,,Y,,A,07,0,1,0,0,0,0,0,0,0,"- ","- ",,,"SAN LUIS OBISPO","PASO ROBLES",-120.69298999999999,35.615279999999998
6864177,2015,2015-06-03,4004,2015-03-08,1201,0928,03,7,5,3,4004,0,0,0,,0,038,"SHANNON HILL DR","PALM CT",259.00,S,N,A,-,N,,,,,,,,,,N,3,0,1,1,C,-,18,,,N,H,J,A,A,A,B,A,A,0,,,Y,,Y,,-,"- ",0,1,0,0,0,0,0,0,1,"- ","- ",,,"SAN LUIS OBISPO","PASO ROBLES",-120.67646503,35.629516199999998
6864506,2015,2016-10-19,9745,2015-03-23,1535,013212,,1,2,3,4001,0,1,2,,2,402,"RT 101","GRAND AV",650.00,S,N,A,-,Y,SLO,5,101,-,-,13.050,H,-,S,N,4,0,1,2,A,-,07,21658,A,N,B,C,A,A,H,-,A,D,1,,,,,Y,,A,07,0,0,1,0,0,0,0,0,0,"- ","- ",35.120699999999999,-120.58149,"SAN LUIS OBISPO","ARROYO GRANDE",-120.58176374999999,35.120679109999998
6864514,2015,2015-04-10,9745,2015-03-20,1715,012876,,5,2,9,4000,0,2,4,,1,048,"AVILA BEACH DR","ONTARIO RD",0.00,,Y,B,-,N,,,,,,,,,,Y,3,0,2,2,A,-,09,21802,A,N,D,C,A,A,H,-,A,A,0,,,,,Y,,D,22,0,1,1,0,0,0,0,0,0,"- ","- ",35.181100000000001,-120.70419,"SAN LUIS OBISPO",UNINCORPORATED,-120.70411992,35.180990020000003
6864518,2015,2016-09-08,9745,2015-03-26,1050,012876,,4,1,9,4000,0,1,2,,2,202,"RT 101","SANTA ROSA ST",400.00,S,N,A,-,Y,SLO,5,101,-,-,29.010,R,2,S,Y,4,0,1,2,A,-,01,23152,A,N,D,C,A,A,H,-,A,D,1,,,,Y,Y,Y,A,01,0,0,1,0,0,0,0,0,0,TO,"- ",35.286050000000003,-120.66512,"SAN LUIS OBISPO",UNINCORPORATED,-120.66434964,35.286212749999997
6864619,2015,2015-04-07,9745,2015-03-26,1250,017541,,4,1,9,4000,0,3,5,,2,005,"DIVISION ST","RIVERSIDE RD",2640.00,W,N,A,-,N,,,,,,,,,,Y,4,0,1,1,A,-,08,22107,,N,E,I,A,A,H,-,A,D,0,,,,,Y,,A,01,0,0,1,0,0,0,0,0,0,"- ","- ",35.048000000000002,-120.2914,"SAN LUIS OBISPO",UNINCORPORATED,-120.50182,35.009779999999999
6865433,2015,2016-02-17,9740,2015-03-28,2110,13733,,6,2,9,4000,0,1,2,,2,004,"STOCKDALE RD","MONTEREY RD",25.00,N,N,A,-,N,,,,,,,,,,Y,4,0,1,1,A,-,01,23152,A,N,E,I,A,A,H,-,D,D,0,,,,,Y,Y,D,22,0,0,1,0,0,0,0,0,0,"- ","- ",35.666890000000002,-120.69638,"SAN LUIS OBISPO",UNINCORPORATED,-120.69623351,35.667284279999997
6866357,2015,2015-06-03,4006,2015-03-19,2115,10817,510,4,5,4,4006,0,0,0,,0,,"RAMONA DR","VERDE DR",102.00,E,N,A,-,N,,,,,,,,,,Y,4,0,1,2,A,-,01,23152,B,N,B,C,A,A,H,-,C,D,0,,,,,Y,Y,D,22,0,0,1,0,0,0,0,0,0,"- ","- ",,,"SAN LUIS OBISPO","SAN LUIS OBISPO",-120.67613827,35.292928000000003
6866778,2015,2015-05-20,9740,2015-03-21,2109,15644,,6,2,9,4000,0,1,3,,1,014,"RT 1","CAMBRIA DR",528.00,N,N,A,-,Y,SLO,5,1,-,-,50.230,H,-,S,Y,1,1,0,1,A,-,08,22107,,N,E,I,A,A,H,-,D,D,0,,,,,Y,,A,01,0,0,0,0,0,0,0,0,0,"- ","- ",35.565019999999997,-121.09811000000001,"SAN LUIS OBISPO",UNINCORPORATED,-121.09795911000001,35.564814259999999
6869243,2015,2015-04-16,4004,2015-03-27,1510,0901,04,5,5,3,4004,0,0,0,,0,"4 3",CRESTON,LANA,300.00,S,N,A,-,N,,,,,,,,,,N,3,0,1,2,A,-,09,21804,A,M,D,G,A,A,H,-,A,D,0,,Y,,,Y,,D,22,0,1,0,0,0,0,1,0,0,"- ","- ",,,"SAN LUIS OBISPO","PASO ROBLES",-120.65916473999999,35.618876
6869642,2015,2016-02-17,9740,2015-03-16,0640,013952,,1,1,9,4000,0,3,5,,2,019,"RIVER RD","CROSS CANYONS RD",0.00,,Y,B,-,N,,,,,,,,,,Y,4,0,2,2,A,-,12,22450,A,N,D,C,A,A,H,-,B,A,0,,,,,Y,,A,01,0,0,2,0,0,0,0,0,0,"- ","- ",35.753889999999998,-120.68537999999999,"SAN LUIS OBISPO",UNINCORPORATED,-120.68567992,35.753810000000001
6869646,2015,2015-04-09,9740,2015-03-21,2155,13733,,6,2,9,4000,0,3,5,,2,022,"MOUNTAIN SPRINGS RD","TRAGER CANYON RD",275.00,W,N,A,-,N,,,,,,,,,,Y,4,0,1,1,A,-,08,22107,,N,E,I,A,A,H,-,D,D,0,,,,,Y,,A,01,0,0,1,0,0,0,0,0,0,"- ","- ",35.637410000000003,-120.71361,"SAN LUIS OBISPO",UNINCORPORATED,-120.71363129,35.637384019999999
6869902,2015,2016-10-19,9740,2015-02-27,2355,13952,,5,3,9,4000,0,1,2,,2,004,"RT 101","N MISSION ST",135.00,N,N,A,-,Y,SLO,5,101,-,-,67.300,H,-,S,Y,3,0,1,1,A,-,08,22107,,N,E,I,A,A,H,-,D,D,1,,,,,Y,,A,07,0,1,0,0,0,0,0,0,0,"- ","- ",35.771090000000001,-120.70675,"SAN LUIS OBISPO",UNINCORPORATED,-120.70661292,35.771027859999997
6870118,2015,2016-09-08,4003,2015-01-31,1130,M5895,8,6,5,2,4003,0,0,0,,0,002,"ATASCADERO RD","HILL ST",0.00,,Y,A,-,Y,SLO,5,41,-,-,0.220,H,-,N,Y,4,0,1,3,A,-,03,22350,,N,C,C,A,A,H,-,A,D,0,,,,,Y,,A,07,0,0,1,0,0,0,0,0,0,"- ","- ",,,"SAN LUIS OBISPO","MORRO BAY",-120.85222770999999,35.38146313
6870126,2015,2015-04-23,4003,2015-02-13,1135,M5895,5,5,5,2,4003,0,0,0,,0,001,"QUINTANA RD","KINGS AV",0.00,,Y,A,-,N,,,,,,,,,,Y,3,0,1,2,A,-,09,21801,A,N,D,C,A,A,H,-,A,D,0,,,,,Y,,D,22,0,1,0,0,0,0,0,0,0,"- ","- ",,,"SAN LUIS OBISPO","MORRO BAY",-120.83717987,35.366230020000003
6870343,2015,2015-04-14,9740,2015-03-25,1545,14691,,3,2,9,4000,0,3,5,,2,018,"UNION RD","BRANCH RD",2112.00,W,N,A,-,N,,,,,,,,,,Y,3,0,2,2,A,-,09,21804,A,N,D,C,A,A,H,-,A,A,0,,,,,Y,,A,01,0,1,1,0,0,0,0,0,0,"- ","- ",35.637779999999999,-120.58627,"SAN LUIS OBISPO",UNINCORPORATED,-120.58642412,35.637693900000002
6870403,2015,2015-04-14,9740,2015-03-09,0740,013246,,1,1,9,4000,0,3,5,,2,018,"UNION RD","GENESEO RD",2640.00,W,N,E,-,N,,,,,,,,,,Y,3,0,3,1,A,-,08,22107,,N,E,I,A,A,H,-,A,D,0,,,,,Y,,A,01,0,3,0,0,0,0,0,0,0,"- ","- ",35.637599999999999,-120.5689,"SAN LUIS OBISPO",UNINCORPORATED,-120.56983944,35.637589900000002
6871347,2015,2017-01-10,9750,2015-04-07,1110,14358,,2,1,9,4000,0,1,2,,2,111,"RT 101",BROADWAY,1584.00,N,N,C,-,Y,SLO,5,101,-,-,0.060,H,-,N,Y,4,0,1,2,A,-,03,22350,,N,C,C,A,B,H,-,A,D,1,,,,,Y,,A,01,0,0,1,0,0,0,0,0,0,"- ","- ",34.985790000000001,-120.43295999999999,"SAN LUIS OBISPO",UNINCORPORATED,-120.43291060999999,34.985373799999998