CASE_ID,ACCIDENT_YEAR,PROC_DATE,JURIS,COLLISION_DATE,COLLISION_TIME,OFFICER_ID,REPORTING_DISTRICT,DAY_OF_WEEK,CHP_SHIFT,POPULATION,CNTY_CITY_LOC,SPECIAL_COND,BEAT_TYPE,CHP_BEAT_TYPE,CITY_DIVISION_LAPD,CHP_BEAT_CLASS,BEAT_NUMBER,PRIMARY_RD,SECONDARY_RD,DISTANCE,DIRECTION,INTERSECTION,WEATHER_1,WEATHER_2,STATE_HWY_IND,CALTRANS_COUNTY,CALTRANS_DISTRICT,STATE_ROUTE,ROUTE_SUFFIX,POSTMILE_PREFIX,POSTMILE,LOCATION_TYPE,RAMP_INTERSECTION,SIDE_OF_HWY,TOW_AWAY,COLLISION_SEVERITY,NUMBER_KILLED,NUMBER_INJURED,PARTY_COUNT,PRIMARY_COLL_FACTOR,PCF_CODE_OF_VIOL,PCF_VIOL_CATEGORY,PCF_VIOLATION,PCF_VIOL_SUBSECTION,HIT_AND_RUN,TYPE_OF_COLLISION,MVIW,PED_ACTION,ROAD_SURFACE,ROAD_COND_1,ROAD_COND_2,LIGHTING,CONTROL_DEVICE,CHP_ROAD_TYPE,PEDESTRIAN_ACCIDENT,BICYCLE_ACCIDENT,MOTORCYCLE_ACCIDENT,TRUCK_ACCIDENT,NOT_PRIVATE_PROPERTY,ALCOHOL_INVOLVED,STWD_VEHTYPE_AT_FAULT,CHP_VEHTYPE_AT_FAULT,COUNT_SEVERE_INJ,COUNT_VISIBLE_INJ,COUNT_COMPLAINT_PAIN,COUNT_PED_KILLED,COUNT_PED_INJURED,COUNT_BICYCLIST_KILLED,COUNT_BICYCLIST_INJURED,COUNT_MC_KILLED,COUNT_MC_INJURED,PRIMARY_RAMP,SECONDARY_RAMP,LATITUDE,LONGITUDE,COUNTY,CITY,POINT_X,POINT_Y
6872180,2015,2015-04-17,4003,2015-02-07,1526,G0288,3,6,5,2,4003,0,0,0,,0,001,"SHASTA AV","HARBOR ST",7.00,N,N,C,-,N,,,,,,,,,,N,4,0,1,2,A,-,10,21950,A,N,G,B,B,B,H,-,A,A,0,Y,,,,Y,,A,01,0,0,1,0,1,0,0,0,0,"- ","- ",,,"SAN LUIS OBISPO","MORRO BAY",-120.84652042,35.366949230000003
6872265,2015,2016-09-08,9745,2015-03-20,1025,13206,9745,5,1,9,4000,0,1,2,,2,303,"RT 101","AVILA BEACH DR",0.00,,Y,A,-,Y,SLO,5,101,-,-,21.280,R,4,S,Y,4,0,1,2,A,-,09,21802,A,N,D,C,A,A,H,-,A,A,1,,,,,Y,,A,01,0,0,1,0,0,0,0,0,0,TO,"- ",35.179499999999997,-120.70025,"SAN LUIS OBISPO",UNINCORPORATED,-120.70109277,35.181693320000001
6872269,2015,2016-09-08,9745,2015-03-23,1724,16514,,1,2,9,4000,0,1,3,,1,043,"RT 1","GARCIA RD",1056.00,S,N,A,-,Y,SLO,5,1,-,-,9.840,H,-,S,Y,3,0,1,1,A,-,03,22350,,N,F,I,A,A,H,-,A,D,0,,,Y,,Y,,C,02,0,1,0,0,0,0,0,0,1,"- ","- ",35.091729999999998,-120.58208999999999,"SAN LUIS OBISPO",UNINCORPORATED,-120.58205038,35.09171181
6873907,2015,2016-10-03,9740,2015-03-22,1514,016089,,7,2,9,4000,0,1,3,,2,007,"RT 41","CRIPPLE CREEK RD",7392.00,S,N,A,-,Y,SLO,5,41,-,-,24.820,H,-,S,Y,3,0,1,2,A,-,03,22350,,N,F,A,A,A,H,-,A,D,0,,,Y,,Y,,C,02,0,1,0,0,0,0,0,0,1,"- ","- ",35.520290000000003,-120.57433,"SAN LUIS OBISPO",UNINCORPORATED,-120.57417187999999,35.520385760000003
6873911,2015,2016-10-03,9740,2015-03-30,1050,015167,,1,1,9,4000,0,1,3,,2,005,"RT 58","NAVAJO CREEK RD",11616.00,E,N,A,-,Y,SLO,5,58,-,R,32.130,H,-,W,Y,2,0,1,1,A,-,08,22107,,N,F,A,A,A,H,-,A,D,0,,,Y,,Y,,C,02,1,0,0,0,0,0,0,0,1,"- ","- ",35.402389999999997,-120.20125,"SAN LUIS OBISPO",UNINCORPORATED,-120.20418442,35.40160934
6875657,2015,2015-04-13,4006,2015-03-21,1145,57275,,6,5,4,4006,0,0,0,,0,,OLIVE,"SANTA ROSA",120.00,E,N,A,-,N,,,,,,,,,,Y,3,0,3,2,A,-,09,21804,A,N,D,C,A,A,H,-,A,D,0,,,,,Y,,A,01,0,1,2,0,0,0,0,0,0,"- ","- ",,,"SAN LUIS OBISPO","SAN LUIS OBISPO",-120.66391736,35.28772386
6875661,2015,2015-04-13,4006,2015-03-30,1756,88911,,1,5,4,4006,0,0,0,,0,,BROAD,"TANK FARM",0.00,,Y,A,-,N,,,,,,,,,,Y,4,0,2,2,A,-,04,21703,,N,C,C,A,A,H,-,A,A,0,,,,,Y,,A,01,0,0,2,0,0,0,0,0,0,"- ","- ",,,"SAN LUIS OBISPO","SAN LUIS OBISPO",-120.64301996,35.248350090000002
6875677,2015,2015-06-03,4006,2015-03-20,2157,76984,,5,5,4,4006,0,0,0,,0,,"EL TIGRE CT","MADONNA RD",268.00,N,N,A,-,N,,,,,,,,,,Y,4,0,1,2,A,-,21,22106,,N,D,E,A,A,H,-,C,A,0,,,,,Y,,A,01,0,0,1,0,0,0,0,0,0,"- ","- ",,,"SAN LUIS OBISPO","SAN LUIS OBISPO",-120.69222331,35.256809519999997
6875724,2015,2015-04-15,4006,2015-03-16,0900,69585,,1,5,4,4006,0,0,0,,0,,FOOTHILL,TASSAJARA,0.00,,Y,A,-,N,,,,,,,,,,N,4,0,1,2,A,-,10,21950,A,N,G,B,B,A,H,-,A,A,0,Y,,,,Y,,A,07,0,0,1,0,1,0,0,0,0,"- ","- ",,,"SAN LUIS OBISPO","SAN LUIS OBISPO",-120.67805998999999,35.294140110000001
6875736,2015,2015-04-15,4006,2015-03-19,1035,69585,,4,5,4,4006,0,0,0,,0,,"CASA GRANDE RD",FOOTHILL,505.00,S,N,A,-,N,,,,,,,,,,Y,3,0,1,2,A,-,09,21804,A,N,D,C,A,A,H,-,A,D,0,,,,,Y,,A,01,0,1,0,0,0,0,0,0,0,"- ","- ",,,"SAN LUIS OBISPO","SAN LUIS OBISPO",-120.66506088,35.293045130000003
6875748,2015,2015-04-15,4006,2015-03-09,1452,69585,,1,5,4,4006,0,0,0,,0,,"SANTA ROSA AV",OLIVE,0.00,,Y,A,-,N,,,,,,,,,,N,4,0,1,2,A,-,12,21453,A,N,D,C,A,A,H,-,A,A,0,,,,,Y,,A,01,0,0,1,0,0,0,0,0,0,"- ","- ",,,"SAN LUIS OBISPO","SAN LUIS OBISPO",-120.66426,35.287523999999998
6875760,2015,2015-06-03,4006,2015-03-10,1802,69585,,2,5,4,4006,0,0,0,,0,,"CRANDALL WY","FOOTHILL BL",289.00,S,N,A,-,N,,,,,,,,,,N,3,0,1,2,A,-,08,22107,,N,C,E,A,A,H,-,A,D,0,,Y,,,Y,,L,04,0,1,0,0,0,0,1,0,0,"- ","- ",,,"SAN LUIS OBISPO","SAN LUIS OBISPO",-120.66181,35.29645
6876078,2015,2016-10-19,9745,2015-03-29,0050,017144,,7,3,9,4000,0,1,2,,2,505,"RT 101","EL CAMPO RD",1056.00,S,N,A,-,Y,SLO,5,101,-,-,11.630,H,-,S,Y,3,0,1,1,A,-,01,23152,A,N,E,I,A,A,H,-,D,D,0,,,,,Y,Y,D,22,0,1,0,0,0,0,0,0,0,"- ","- ",35.110340000000001,-120.56162,"SAN LUIS OBISPO",UNINCORPORATED,-120.56068437,35.109957909999999
6880006,2015,2016-09-08,4005,2015-03-14,1045,P102,3,6,5,2,4005,0,0,0,,0,,DOLLIVER,MAIN,0.00,,Y,A,-,Y,SLO,5,1,-,-,15.640,I,5,N,N,4,0,1,2,-,-,"- ",,,N,B,C,A,A,H,-,A,D,0,,,,,Y,,-,"- ",0,0,1,0,0,0,0,0,0,"- ","- ",,,"SAN LUIS OBISPO","PISMO BEACH",-120.64201676,35.141301689999999
6880351,2015,2015-04-22,4001,2015-03-19,1815,P0121,461,4,5,3,4001,0,0,0,,0,OPERAT,"EATON DR","EATON DR 832",0.00,,N,A,-,N,,,,,,,,,,N,3,0,1,2,C,-,18,,,N,H,B,F,A,H,-,A,D,0,Y,,,,Y,,-,"- ",0,1,0,0,1,0,0,0,0,"- ","- ",,,"SAN LUIS OBISPO","ARROYO GRANDE",-120.5745694,35.107529579999998
6880408,2015,2016-09-29,9745,2015-04-04,1851,017151,,6,2,9,4000,0,1,3,,1,043,"RT 1","HALCYON RD",0.00,,Y,A,-,Y,SLO,5,1,-,-,9.000,H,-,S,N,3,0,1,2,A,-,01,23152,A,F,G,B,B,A,H,-,A,A,0,Y,,,,Y,Y,D,22,0,1,0,0,1,0,0,0,0,"- ","- ",35.080739999999999,-120.58676,"SAN LUIS OBISPO",UNINCORPORATED,-120.58666588,35.080891680000001
6880481,2015,2016-09-08,9745,2015-03-26,2010,17541,,4,2,9,4000,0,1,3,,1,041,"RT 1","ELM ST",0.00,,Y,A,-,Y,SLO,5,1,-,-,11.440,H,-,N,N,3,0,1,2,A,-,09,21804,A,N,D,G,A,A,H,-,D,A,0,,Y,,,Y,,L,04,0,1,0,0,0,0,1,0,0,"- ","- ",35.098230000000001,-120.6003,"SAN LUIS OBISPO",UNINCORPORATED,-120.60058288,35.098131289999998
6883923,2015,2017-01-05,9745,2015-04-04,0206,14996,,6,3,3,4001,0,1,2,,2,402,"RT 101","FAIR OAKS AV",350.00,N,N,A,-,Y,SLO,5,101,-,-,12.870,H,-,S,Y,4,0,2,1,A,-,01,23152,A,N,E,I,A,A,H,-,C,D,1,,,,,Y,Y,A,07,0,0,2,0,0,0,0,0,0,"- ","- ",35.119010000000003,-120.57828000000001,"SAN LUIS OBISPO","ARROYO GRANDE",-120.57898473,35.1194621
6883924,2015,2017-01-05,9745,2015-04-01,1805,17151,,3,2,9,4000,0,1,2,,2,303,"RT 101","AVILA BEACH DR",1056.00,N,N,A,-,Y,SLO,5,101,-,R,21.800,H,-,S,N,4,0,2,3,A,-,03,22350,,N,C,C,A,A,H,-,A,D,1,,,,,Y,,A,01,0,0,2,0,0,0,0,0,0,"- ","- ",35.18526,-120.70144999999999,"SAN LUIS OBISPO",UNINCORPORATED,-120.70118673,35.189123629999997
6884731,2015,2015-06-03,4005,2015-03-27,1803,P097,5,5,5,2,4005,0,0,0,,0,,"FIVE CITIES DR","N 4TH ST",545.00,N,N,A,-,N,,,,,,,,,,N,3,0,1,2,A,-,09,21804,A,N,D,G,A,A,H,-,A,D,0,,Y,,,Y,,A,01,0,1,0,0,0,0,1,0,0,"- ","- ",,,"SAN LUIS OBISPO","PISMO BEACH",-120.62378717999999,35.136189620000003
6884754,2015,2015-04-22,4006,2015-03-30,1219,88911,,1,5,4,4006,0,0,0,,0,,OSOS,MONTEREY,0.00,,Y,A,-,N,,,,,,,,,,Y,3,0,1,2,A,-,04,21703,,N,C,C,A,A,H,-,A,A,0,,,,,Y,,A,01,0,1,0,0,0,0,0,0,0,"- ","- ",,,"SAN LUIS OBISPO","SAN LUIS OBISPO",-120.6613899,35.281810020000002
6889329,2015,2017-01-09,9750,2015-04-07,2220,014753,,2,3,9,4000,0,1,3,,1,063,"RT 166","CHIMINEAS RANCH RD",18480.00,E,N,B,-,Y,SLO,5,166,-,-,47.870,H,-,E,Y,4,0,1,1,A,-,08,22107,,N,E,I,A,A,H,-,D,D,0,,,,,Y,,A,01,0,0,1,0,0,0,0,0,0,"- ","- ",35.057980000000001,-119.93604999999999,"SAN LUIS OBISPO",UNINCORPORATED,-119.93670280000001,35.057986620000001
6889486,2015,2015-05-06,4004,2015-04-06,1100,1187,04,1,5,3,4004,0,0,0,,0,048,COMMERCE,SHERWOOD,528.00,S,N,A,-,N,,,,,,,,,,Y,3,0,1,2,A,-,06,21750,,N,D,C,A,A,H,-,A,A,0,,,,,Y,,A,01,0,1,0,0,0,0,0,0,0,"- ","- ",,,"SAN LUIS OBISPO","PASO ROBLES",-120.65233808000001,35.614329820000002
6889524,2015,2015-06-03,4006,2015-04-01,1322,16380,,3,5,4,4006,0,0,0,,0,,"BROAD ST","CHURCH ST",0.00,,Y,A,-,N,,,,,,,,,,Y,3,0,1,2,A,-,09,21802,B,N,D,C,A,A,H,-,A,A,0,,,,,Y,,A,01,0,1,0,0,0,0,0,0,0,"- ","- ",,,"SAN LUIS OBISPO","SAN LUIS OBISPO",-120.65966987,35.273520050000002
6889528,2015,2017-01-04,4006,2015-04-06,1438,88911,,1,5,4,4006,0,0,0,,0,,MADONNA,"RT 101",0.00,,Y,A,-,Y,SLO,5,101,-,-,27.180,R,4,N,N,4,0,1,2,A,-,04,21703,,N,C,C,A,A,H,-,A,A,0,,,,,Y,,A,01,0,0,1,0,0,0,0,0,0,"- ",SO,,,"SAN LUIS OBISPO","SAN LUIS OBISPO",-120.67334904000001,35.261399240000003
6889552,2015,2015-06-03,4004,2015-04-07,2303,1197,04,2,5,3,4004,0,0,0,,0,4-2,"MELODY DR","DOROTHY CT",30.00,S,N,A,-,N,,,,,,,,,,N,3,0,1,2,A,-,05,21202,A,N,C,G,A,A,H,-,D,D,0,,Y,,,Y,,L,04,0,1,0,0,0,0,1,0,0,"- ","- ",,,"SAN LUIS OBISPO","PASO ROBLES",-120.66288824999999,35.622680889999998
6889841,2015,2015-05-22,4008,2015-04-01,1400,4055,,3,5,4,4008,0,0,0,,0,,"CURBARIL AV","SAN LUIS AV",30.00,W,N,A,-,N,,,,,,,,,,N,3,0,1,2,A,-,17,21658,B,N,D,G,A,A,H,-,A,A,0,,Y,,,Y,,L,04,0,1,0,0,0,0,1,0,0,"- ","- ",,,"SAN LUIS OBISPO",ATASCADERO,-120.65770872,35.476820959999998
6889869,2015,2015-05-19,4008,2015-04-09,1518,1053,,4,5,4,4008,0,0,0,,0,,"EL CAMINO REAL","PALOMAR AV",40.00,S,N,A,-,N,,,,,,,,,,N,4,0,2,2,A,-,03,22350,,N,C,C,A,A,H,-,A,D,0,,,,,Y,,D,22,0,0,2,0,0,0,0,0,0,"- ","- ",,,"SAN LUIS OBISPO",ATASCADERO,-120.65461686,35.474775950000002
6890193,2015,2015-05-13,4008,2015-03-17,2256,1029,,2,5,4,4008,0,0,0,,0,,"ATASCADERO AV","ORTEGA RD",455.00,N,N,A,-,N,,,,,,,,,,Y,3,0,1,1,A,-,01,23152,A,F,E,I,A,A,H,-,D,D,0,,,,,Y,Y,A,01,0,1,0,0,0,0,0,0,0,"- ","- ",,,"SAN LUIS OBISPO",ATASCADERO,-120.65103042,35.449199010000001
6890461,2015,2016-11-03,9745,2015-04-07,1000,017968,,2,1,9,4000,0,1,3,,1,011,"RT 41","FROG HOLLOW RD",2640.00,S,N,A,-,Y,SLO,5,41,-,-,10.220,H,-,S,N,4,0,2,2,A,-,03,22350,,N,C,C,A,B,H,-,A,D,0,,,,,Y,,A,01,0,0,2,0,0,0,0,0,0,"- ","- ",35.450749999999999,-120.69704,"SAN LUIS OBISPO",UNINCORPORATED,-120.73460915,35.460185629999998
6890463,2015,2015-04-29,9745,2015-04-14,1814,013937,,2,2,9,4000,0,3,5,,2,005,"TEFFT ST","MARY AV",3.00,W,N,A,-,N,,,,,,,,,,N,3,0,1,2,A,-,12,21453,A,N,D,G,A,A,H,-,A,A,0,,Y,,,Y,,L,04,0,1,0,0,0,0,1,0,0,"- ","- ",35.035559999999997,-120.48643,"SAN LUIS OBISPO",UNINCORPORATED,-120.4866383,35.035735389999999
6890466,2015,2015-06-03,9740,2015-04-12,1336,016089,,7,1,9,4000,0,3,5,,2,016,"SANTA RITA RD","HIGH LAUREL LN",1056.00,E,N,A,-,N,,,,,,,,,,N,3,0,1,2,A,-,17,21662,A,N,A,G,A,A,H,-,A,D,0,,Y,,,Y,,L,04,0,1,0,0,0,0,1,0,0,"- ","- ",35.511290000000002,-120.80298000000001,"SAN LUIS OBISPO",UNINCORPORATED,-120.80298000000001,35.511290000000002
6890480,2015,2015-04-29,9745,2015-04-10,1515,013206,9745,5,2,9,4000,0,2,4,,1,051,"LOS BERROS RD","EL CAMPO RD",0.00,,Y,A,-,N,,,,,,,,,,Y,4,0,1,2,A,-,09,21802,A,N,D,C,A,A,H,-,A,A,0,,,,,Y,,A,01,0,0,1,0,0,0,0,0,0,"- ","- ",35.093319999999999,-120.56294,"SAN LUIS OBISPO",UNINCORPORATED,-120.56279986,35.093320089999999
6891026,2015,2015-05-09,9740,2015-04-12,0915,018323,,7,1,9,4000,0,2,4,,2,012,"NACIMIENTO LAKE DR","CHIMNEY ROCK RD",0.00,,Y,A,-,N,,,,,,,,,,Y,3,0,4,2,A,-,09,21802,A,N,D,C,A,A,H,-,A,A,0,,,,,Y,,D,22,0,3,1,0,0,0,0,0,0,"- ","- ",35.689839999999997,-120.79747,"SAN LUIS OBISPO",UNINCORPORATED,-120.79746991,35.689840019999998
6894141,2015,2015-05-08,9740,2015-03-28,0645,013952,,6,1,9,4000,0,3,5,,2,022,"PEACHY CANYON RD","VINEYARD DR",1056.00,E,N,B,E,N,,,,,,,,,,Y,2,0,1,1,A,-,08,22107,,N,E,I,A,A,H,-,B,D,0,,,,,Y,,D,23,1,0,0,0,0,0,0,0,0,"- ","- ",35.595399999999998,-120.8181,"SAN LUIS OBISPO",UNINCORPORATED,-120.81850812,35.594667450000003
6894573,2015,2015-05-22,4008,2015-04-09,1549,1053,,4,5,4,4008,0,0,0,,0,,"SAN GABRIEL RD","SAN GUILLERMO LN",410.00,E,N,A,-,N,,,,,,,,,,Y,3,0,1,1,A,-,01,23152,A,N,E,I,A,A,H,-,A,D,0,,,,,Y,Y,A,01,0,1,0,0,0,0,0,0,0,"- ","- ",,,"SAN LUIS OBISPO",ATASCADERO,-120.65851263,35.458619120000002
6897184,2015,2015-10-09,4004,2015-04-30,1110,1208,01,4,5,3,4004,0,0,0,,0,1-3,"SULPHUR SPRINGS RD",24TH,24.00,N,N,A,-,N,,,,,,,,,,Y,4,0,1,1,A,-,03,22350,,N,E,I,A,A,H,-,A,A,0,,,,,Y,,D,22,0,0,1,0,0,0,0,0,0,"- ","- ",,,"SAN LUIS OBISPO","PASO ROBLES",-120.69244938,35.639203520000002
6897192,2015,2015-10-05,4004,2015-04-16,0936,1133,04,4,5,3,4004,0,0,0,,0,4-1,CRESTON,RIVER,0.00,,Y,A,-,N,,,,,,,,,,Y,4,0,1,3,A,-,12,21453,A,N,D,C,A,A,H,-,A,A,0,,,,,Y,,D,22,0,0,1,0,0,0,0,0,0,"- ","- ",,,"SAN LUIS OBISPO","PASO ROBLES",-120.6831799,35.629110089999998
6897203,2015,2016-11-03,4004,2015-04-18,1045,0928,03,6,5,3,4004,0,0,0,,0,3-3,"RT 46","BUENA VISTA",355.00,E,N,A,-,Y,SLO,5,46,-,-,30.580,H,-,W,Y,4,0,1,2,A,-,03,22350,,N,C,C,A,A,H,-,A,A,0,,,,,Y,,A,01,0,0,1,0,0,0,0,0,0,"- ","- ",,,"SAN LUIS OBISPO","PASO ROBLES",-120.67061671,35.64462838
6897207,2015,2015-06-03,4004,2015-04-27,1359,1197,01,1,5,3,4004,0,0,0,,0,"1 4","SPRING ST","21ST ST",0.00,,Y,A,-,N,,,,,,,,,,N,3,0,1,2,A,-,08,22107,,N,B,G,A,A,H,-,A,D,0,,Y,,,Y,,A,01,0,1,0,0,0,0,1,0,0,"- ","- ",,,"SAN LUIS OBISPO","PASO ROBLES",-120.69217987,35.636040100000002
6904415,2015,2016-11-03,9740,2015-05-05,0258,016089,,2,3,9,4000,0,1,3,,2,010,"RT 41","RT 46",23760.00,N,N,A,-,Y,SLO,5,41,-,R,46.670,H,-,S,Y,4,0,1,1,A,-,03,22350,,N,E,I,A,A,H,-,A,A,0,,,,,Y,,A,01,0,0,1,0,0,0,0,0,0,"- ","- ",35.777160000000002,-120.22676,"SAN LUIS OBISPO",UNINCORPORATED,-120.25144827,35.765466060000001
6905722,2015,2015-05-20,9745,2015-04-01,1230,13206,9745,3,1,2,4005,0,1,2,,2,404,"RT 101","SPYGLASS DR",1112.00,N,N,A,-,Y,SLO,5,101,-,R,20.010,H,-,N,Y,1,1,0,2,A,-,03,22350,,N,C,C,A,A,H,-,A,D,1,,,Y,,Y,,C,02,0,0,0,0,0,0,0,1,0,"- ","- ",35.166710000000002,-120.68957,"SAN LUIS OBISPO","PISMO BEACH",-120.68925445000001,35.166252419999999
6906209,2015,2015-05-11,9745,2015-04-24,0820,012876,,5,1,9,4000,0,3,5,,2,003,"ONTARIO RD","SAN LUIS BAY DR",0.00,,Y,A,-,N,,,,,,,,,,Y,4,0,1,2,A,-,09,21802,A,N,D,C,A,A,H,-,A,A,0,,,,,Y,,A,08,0,0,1,0,0,0,0,0,0,"- ","- ",35.195920000000001,-120.70050999999999,"SAN LUIS OBISPO",UNINCORPORATED,-120.70057988000001,35.19611003
6907211,2015,2015-05-14,4008,2015-04-23,1538,3013,,4,5,4,4008,0,0,0,,0,,"EL CAMINO REAL","PUEBLO AV",34.00,N,N,A,-,N,,,,,,,,,,Y,3,0,2,4,A,-,03,22350,,N,G,B,F,A,H,-,A,D,0,Y,,,,Y,,A,07,0,2,0,0,2,0,0,0,0,"- ","- ",,,"SAN LUIS OBISPO",ATASCADERO,-120.65825393,35.480542319999998
6907702,2015,2015-06-11,4006,2015-04-14,1316,69585,,2,5,4,4006,0,0,0,,0,,BROAD,ORCUTT,488.00,S,N,A,-,N,,,,,,,,,,N,3,0,1,2,A,-,05,21650,1,N,D,G,A,A,H,-,A,A,0,,Y,,,Y,,L,04,0,1,0,0,0,0,1,0,0,"- ","- ",,,"SAN LUIS OBISPO","SAN LUIS OBISPO",-120.64910439000001,35.260133009999997
6907706,2015,2015-08-19,4006,2015-04-13,0929,88911,,1,5,4,4006,0,0,0,,0,,"SANTA ROSA",OLIVE,0.00,,Y,A,-,N,,,,,,,,,,Y,4,0,2,3,A,-,03,22350,,N,C,C,A,A,H,-,A,A,0,,,,,Y,,D,22,0,0,2,0,0,0,0,0,0,"- ","- ",,,"SAN LUIS OBISPO","SAN LUIS OBISPO",-120.66426,35.287523999999998
6908254,2015,2015-05-11,4006,2015-04-19,0105,32625,,7,5,4,4006,0,0,0,,0,,LOOMIS,"BUENA VISTA",115.00,E,N,A,-,N,,,,,,,,,,Y,3,0,3,3,A,-,01,23153,A,N,C,E,A,A,H,-,C,A,0,,,,,Y,Y,A,07,0,2,1,0,0,0,0,0,0,"- ","- ",,,"SAN LUIS OBISPO","SAN LUIS OBISPO",-120.64906784,35.292083699999999
6908314,2015,2015-05-11,4006,2015-04-11,1214,62657,,6,5,4,4006,0,0,0,,0,,"SANTA ROSA",FOOTHILL,467.00,N,N,A,-,N,,,,,,,,,,N,4,0,1,2,A,-,07,21658,,N,C,G,A,A,H,-,A,A,0,,Y,,,Y,,-,,0,0,1,0,0,0,1,0,0,"- ","- ",,,"SAN LUIS OBISPO","SAN LUIS OBISPO",-120.66886667999999,35.295166680000001
6911896,2015,2017-01-05,9745,2015-05-05,1255,012876,,2,1,9,4000,0,1,2,,2,202,"RT 101","LOS OSOS VALLEY RD",810.00,S,N,B,-,Y,SLO,5,101,-,-,25.760,H,-,S,Y,3,0,1,2,A,-,01,23152,A,N,E,I,A,A,D,-,A,D,1,,,Y,,Y,Y,C,02,0,1,0,0,0,0,0,0,1,"- ","- ",35.242609999999999,-120.68340000000001,"SAN LUIS OBISPO",UNINCORPORATED,-120.68335474,35.242807800000001
6914266,2015,2017-01-04,9740,2015-04-24,1800,15854,,5,2,9,4000,0,1,2,,2,002,"RT 101","MAIN ST",2112.00,N,N,A,-,Y,SLO,5,101,-,-,52.840,H,-,N,Y,3,0,2,2,A,-,03,22350,,N,C,C,A,A,H,-,A,D,1,,,,,Y,,A,07,0,1,1,0,0,0,0,0,0,"- ","- ",35.570860000000003,-120.69929999999999,"SAN LUIS OBISPO",UNINCORPORATED,-120.69914966,35.570980429999999
6914278,2015,2016-09-29,9740,2015-05-03,1230,011615,,7,1,9,4000,0,1,3,,1,014,"RT 1","MOONSTONE BEACH DR",1214.00,N,N,A,-,Y,SLO,5,1,-,-,52.450,H,-,N,N,4,0,2,2,A,-,08,22107,,N,A,C,A,A,H,-,A,D,0,,,,,Y,,D,22,0,0,2,0,0,0,0,0,0,"- ","- ",35.589100000000002,-121.12318,"SAN LUIS OBISPO",UNINCORPORATED,-121.12289217,35.588462380000003
6916268,2015,2017-01-04,9740,2015-04-24,1715,18323,,5,2,9,4000,0,1,2,,2,001,"RT 101","RT 46",528.00,S,N,A,-,Y,SLO,5,101,-,-,57.820,H,-,N,Y,4,0,1,2,A,-,03,22350,,N,C,C,A,A,H,-,A,D,1,,,,,Y,,A,01,0,0,1,0,0,0,0,0,0,"- ","- ",35.584229999999998,-120.69619,"SAN LUIS OBISPO",UNINCORPORATED,-120.68440027,35.64127285
6924809,2015,2016-09-29,4002,2015-05-15,1712,476,114,5,5,3,4002,0,0,0,,0,001,"RT 1","W GRAND AV",0.00,,Y,A,-,Y,SLO,5,1,-,-,14.100,H,-,S,Y,4,0,2,3,A,-,09,21801,A,N,A,C,A,A,H,-,A,A,0,,,,,Y,,A,01,0,0,2,0,0,0,0,0,0,"- ","- ",,,"SAN LUIS OBISPO","GROVER BEACH",-120.62989709,35.121986550000003
6925383,2015,2015-06-18,9745,2015-05-15,1854,14996,,5,2,9,4000,0,3,5,,2,004,"WILLOW RD","SUN DALE WY",70.00,E,N,A,-,N,,,,,,,,,,Y,4,0,1,1,A,-,08,22107,,N,E,I,A,A,H,-,A,D,0,,,,,Y,,D,22,0,0,1,0,0,0,0,0,0,"- ","- ",35.047359999999998,-120.54154,"SAN LUIS OBISPO",UNINCORPORATED,-120.5414262,35.04738073
6925991,2015,2015-06-03,9745,2015-05-06,1655,17144,,3,2,9,4000,0,2,4,,1,025,"LOS OSOS VALLEY RD","FOOTHILL BL",849.00,E,N,B,-,N,,,,,,,,,,Y,4,0,1,3,A,-,03,22350,,N,C,C,A,A,H,-,A,D,0,,,,,Y,,A,01,0,0,1,0,0,0,0,0,0,"- ","- ",35.27534,-120.71026999999999,"SAN LUIS OBISPO",UNINCORPORATED,-120.70983544000001,35.274817509999998
6925995,2015,2017-01-05,9745,2015-05-11,2108,13531,,1,2,9,4000,0,1,2,,2,303,"RT 101","HIGUERA ST",350.00,S,N,A,-,Y,SLO,5,101,-,R,24.230,H,-,S,N,3,0,1,1,A,-,03,22350,,N,F,A,A,A,D,-,C,D,1,,,Y,,Y,,C,02,0,1,0,0,0,0,0,0,1,"- ","- ",35.221319999999999,-120.69241,"SAN LUIS OBISPO",UNINCORPORATED,-120.69188389,35.222870299999997
6926523,2015,2015-06-01,4004,2015-05-05,1539,1197,02,2,5,3,4004,0,0,0,,0,026,NIBLICK,SPRING,50.00,E,N,A,-,N,,,,,,,,,,N,4,0,1,2,A,-,01,23152,A,N,C,C,A,A,H,-,A,A,0,,,,,Y,Y,A,01,0,0,1,0,0,0,0,0,0,"- ","- ",,,"SAN LUIS OBISPO","PASO ROBLES",-120.69029190000001,35.615245520000002
6927315,2015,2016-10-26,4008,2015-05-11,2035,3114,,1,5,4,4008,0,0,0,,0,,"MORRO RD","MERCEDES AV",112.00,W,N,A,-,Y,SLO,5,41,-,-,15.940,H,-,S,N,3,0,1,2,A,-,05,21650,1,N,D,G,A,A,H,-,D,D,0,,Y,,,Y,Y,L,04,0,1,0,0,0,0,1,0,0,"- ","- ",,,"SAN LUIS OBISPO",ATASCADERO,-120.66491239,35.485966130000001
6928760,2015,2016-11-03,9745,2015-05-08,2220,016068,,5,3,9,4000,0,1,3,,1,011,"RT 41","BEAR RIDGE RD",2640.00,N,N,A,-,Y,SLO,5,41,-,-,5.820,H,-,S,Y,4,0,1,1,A,-,01,23152,A,N,E,I,A,A,H,-,D,D,0,,,,,Y,Y,A,01,0,0,1,0,0,0,0,0,0,"- ","- ",35.427669999999999,-120.7697,"SAN LUIS OBISPO",UNINCORPORATED,-120.7739622,35.42825637
6928818,2015,2016-10-26,4008,2015-05-10,1740,4080,,7,5,4,4008,0,0,0,,0,,"MORRO RD","RT 101",0.00,,N,A,-,Y,SLO,5,101,-,-,45.700,R,4,S,N,4,0,1,2,A,-,12,21453,A,N,C,C,A,A,H,-,A,A,0,,,,,Y,,A,01,0,0,1,0,0,0,0,0,0,"- ","- ",,,"SAN LUIS OBISPO",ATASCADERO,-120.6670933,35.486319780000002