CASE_ID,ACCIDENT_YEAR,PROC_DATE,JURIS,COLLISION_DATE,COLLISION_TIME,OFFICER_ID,REPORTING_DISTRICT,DAY_OF_WEEK,CHP_SHIFT,POPULATION,CNTY_CITY_LOC,SPECIAL_COND,BEAT_TYPE,CHP_BEAT_TYPE,CITY_DIVISION_LAPD,CHP_BEAT_CLASS,BEAT_NUMBER,PRIMARY_RD,SECONDARY_RD,DISTANCE,DIRECTION,INTERSECTION,WEATHER_1,WEATHER_2,STATE_HWY_IND,CALTRANS_COUNTY,CALTRANS_DISTRICT,STATE_ROUTE,ROUTE_SUFFIX,POSTMILE_PREFIX,POSTMILE,LOCATION_TYPE,RAMP_INTERSECTION,SIDE_OF_HWY,TOW_AWAY,COLLISION_SEVERITY,NUMBER_KILLED,NUMBER_INJURED,PARTY_COUNT,PRIMARY_COLL_FACTOR,PCF_CODE_OF_VIOL,PCF_VIOL_CATEGORY,PCF_VIOLATION,PCF_VIOL_SUBSECTION,HIT_AND_RUN,TYPE_OF_COLLISION,MVIW,PED_ACTION,ROAD_SURFACE,ROAD_COND_1,ROAD_COND_2,LIGHTING,CONTROL_DEVICE,CHP_ROAD_TYPE,PEDESTRIAN_ACCIDENT,BICYCLE_ACCIDENT,MOTORCYCLE_ACCIDENT,TRUCK_ACCIDENT,NOT_PRIVATE_PROPERTY,ALCOHOL_INVOLVED,STWD_VEHTYPE_AT_FAULT,CHP_VEHTYPE_AT_FAULT,COUNT_SEVERE_INJ,COUNT_VISIBLE_INJ,COUNT_COMPLAINT_PAIN,COUNT_PED_KILLED,COUNT_PED_INJURED,COUNT_BICYCLIST_KILLED,COUNT_BICYCLIST_INJURED,COUNT_MC_KILLED,COUNT_MC_INJURED,PRIMARY_RAMP,SECONDARY_RAMP,LATITUDE,LONGITUDE,COUNTY,CITY,POINT_X,POINT_Y
6930067,2015,2015-11-09,4002,2015-05-03,0232,311,110,7,5,3,4002,0,0,0,,0,001,"OCEAN VIEW AV","N 4TH ST",0.00,,Y,A,-,N,,,,,,,,,,Y,4,0,1,1,A,-,05,21650,,N,E,I,A,A,H,-,C,A,0,,,,,Y,,A,01,0,0,1,0,0,0,0,0,0,"- ","- ",,,"SAN LUIS OBISPO","GROVER BEACH",-120.62588986,35.1292501
6930740,2015,2015-06-27,9740,2015-05-06,1835,019259,,3,2,9,4000,0,3,5,,2,018,"UNION RD","KIT FOX LN",1056.00,W,N,A,-,N,,,,,,,,,,Y,2,0,1,2,A,-,00,21780,,N,B,C,A,A,H,-,A,D,0,,,Y,,Y,,C,02,1,0,0,0,0,0,0,0,1,"- ","- ",35.637500000000003,-120.63633,"SAN LUIS OBISPO",UNINCORPORATED,-120.63589772,35.637445630000002
6934051,2015,2015-06-04,4006,2015-04-29,0617,88911,,3,5,4,4006,0,0,0,,0,,ORCUTT,"TANK FARM",0.00,,Y,E,-,N,,,,,,,,,,Y,3,0,1,1,A,-,03,22350,,N,E,-,A,A,H,-,A,D,0,,,Y,,Y,,C,06,0,1,0,0,0,0,0,0,1,"- ","- ",,,"SAN LUIS OBISPO","SAN LUIS OBISPO",-120.62508986,35.250330009999999
6934797,2015,2016-09-29,9745,2015-06-17,0300,20689,,3,3,9,4000,0,1,3,,2,023,"RT 1","SAN BERNARDO CREEK RD",166.00,S,N,A,-,Y,SLO,5,1,-,-,26.940,H,-,N,Y,3,0,1,1,A,-,08,22107,,N,F,A,A,A,H,-,D,D,1,,,,,Y,,A,01,0,1,0,0,0,0,0,0,0,"- ","- ",35.361980000000003,-120.80674,"SAN LUIS OBISPO",UNINCORPORATED,-120.8069677,35.36189246
6934843,2015,2016-05-23,4003,2015-05-24,1111,G0288,2,7,5,2,4003,0,0,0,,0,001,"MAIN ST","RT 1",0.00,,N,A,-,N,,,,,,,,,,N,3,0,1,2,A,-,08,22107,,M,B,G,A,A,H,-,A,A,0,,Y,,,Y,,A,01,0,1,0,0,0,0,1,0,0,"- ","- ",,,"SAN LUIS OBISPO","MORRO BAY",-120.85144996,35.373590020000002
6935332,2015,2015-07-16,4002,2015-06-11,1249,015,104,4,5,3,4002,0,0,0,,0,001,"W GRAND AV","S 16TH ST",386.00,E,N,A,-,N,,,,,,,,,,Y,4,0,2,2,A,-,09,21801,A,N,H,C,A,A,H,-,A,A,0,,,,,Y,,A,01,0,0,2,0,0,0,0,0,0,"- ","- ",,,"SAN LUIS OBISPO","GROVER BEACH",-120.6103116,35.121009880000003
6935379,2015,2015-07-22,4008,2015-06-14,1728,3114,4008,7,5,4,4008,0,0,0,,0,,"HALCON RD","VIEJO CAMINO",0.00,,Y,A,-,N,,,,,,,,,,N,4,0,2,2,A,-,03,22350,,N,C,C,A,A,H,-,A,A,0,,,,,Y,,D,22,0,0,2,0,0,0,0,0,0,"- ","- ",,,"SAN LUIS OBISPO",ATASCADERO,-120.63354988,35.450920089999997
6941208,2015,2015-07-08,4006,2015-05-03,1712,27940,,7,5,4,4006,0,0,0,,0,,"SANTA ROSA",MONTEREY,7.00,N,N,A,-,N,,,,,,,,,,N,3,0,1,2,A,-,10,21950,A,N,G,B,B,A,H,-,A,A,0,Y,,,,Y,,A,01,0,1,0,0,1,0,0,0,0,"- ","- ",,,"SAN LUIS OBISPO","SAN LUIS OBISPO",-120.65997342,35.28261577
6941275,2015,2015-07-08,4006,2015-05-09,0923,80908,,6,5,4,4006,0,0,0,,0,,"LOS OSOS VALLEY RD","CALLE JOAQUIN",100.00,E,N,B,-,N,,,,,,,,,,N,4,0,1,1,A,-,03,22350,,N,F,J,A,A,D,-,A,A,0,,,Y,,Y,,C,02,0,0,1,0,0,0,0,0,1,"- ","- ",,,"SAN LUIS OBISPO","SAN LUIS OBISPO",-120.68291813,35.24647109
6942095,2015,2017-01-04,9740,2015-05-11,1728,016849,,1,2,4,4008,0,1,2,,2,002,"RT 101","RT 41",335.00,,N,A,-,Y,SLO,5,101,-,-,45.630,H,-,N,Y,4,0,1,2,A,-,03,22350,,N,C,C,A,A,H,-,A,D,1,,,,,Y,,A,07,0,0,1,0,0,0,0,0,0,"- ","- ",,,"SAN LUIS OBISPO",ATASCADERO,-120.66595357999999,35.48589372
6942099,2015,2016-11-03,9740,2015-05-16,1320,017426,,6,1,9,4000,0,1,3,,2,008,"RT 46","E CENTRE ST",0.00,,Y,A,-,Y,SLO,5,46,-,-,48.625,I,5,W,Y,4,0,2,2,A,-,09,21801,A,N,B,C,A,A,H,-,-,D,0,,,,,Y,,A,01,0,0,2,0,0,0,0,0,0,"- ","- ",,,"SAN LUIS OBISPO",UNINCORPORATED,-120.35955825000001,35.666229880000003
6943854,2015,2015-07-06,9745,2015-05-19,1044,17930,,2,1,9,4000,0,3,5,,2,004,"HUASNA RD","LAMPLIGHTER LN",1070.00,E,N,A,-,N,,,,,,,,,,Y,4,0,1,1,A,-,01,23152,E,N,E,I,A,A,H,-,A,D,0,,,,,Y,,A,07,0,0,1,0,0,0,0,0,0,"- ","- ",35.13646,-120.54888,"SAN LUIS OBISPO",UNINCORPORATED,-120.54981835,35.13609666
6943878,2015,2017-01-04,9740,2015-05-23,0933,14662,,6,1,4,4008,0,1,2,,2,002,"RT 101","SAN ANSELMO RD",750.00,S,N,B,-,Y,SLO,5,101,-,-,46.750,R,1,S,Y,4,0,1,2,A,-,03,22350,,N,C,C,A,A,H,-,A,D,1,,,,,Y,,A,01,0,0,1,0,0,0,0,0,0,FR,"- ",35.495800000000003,-120.68170000000001,"SAN LUIS OBISPO",ATASCADERO,-120.68152214,35.49587417
6945960,2015,2016-11-04,9740,2015-06-03,1855,017426,,3,2,9,4000,0,1,3,,2,005,"RT 58","DIGGER PINE RD",1056.00,W,N,A,-,Y,SLO,5,58,-,-,4.280,H,-,E,Y,4,0,1,1,A,-,08,22107,,N,E,I,A,A,H,-,B,D,0,,,,,Y,,A,01,0,0,1,0,0,0,0,0,0,"- ","- ",35.402340000000002,-120.57348,"SAN LUIS OBISPO",UNINCORPORATED,-120.57345232999999,35.40264938
6945968,2015,2016-11-03,9740,2015-06-03,0930,012113,,3,1,9,4000,0,1,3,,2,008,"RT 46","UNION RD",225.00,E,N,A,-,Y,SLO,5,46,-,-,38.650,H,-,E,Y,3,0,2,1,A,-,08,22107,,N,E,I,A,A,H,-,A,D,0,,,,,Y,,A,01,0,1,1,0,0,0,0,0,0,"- ","- ",35.654739999999997,-120.53317,"SAN LUIS OBISPO",UNINCORPORATED,-120.53334635,35.655165099999998
6948530,2015,2016-09-30,9740,2015-05-20,2040,014622,,3,2,9,4000,0,1,3,,1,014,"RT 1","WEYMOUTH ST",0.00,,Y,B,-,Y,SLO,5,1,-,-,51.050,I,5,S,Y,3,0,1,2,A,-,03,22350,,N,C,C,A,A,H,-,C,D,0,,,,,Y,,A,07,0,1,0,0,0,0,0,0,0,"- ","- ",35.571550000000002,-121.1101,"SAN LUIS OBISPO",UNINCORPORATED,-121.10999006999999,35.571507680000003
6948861,2015,2017-01-04,9745,2015-05-29,1720,14996,,5,2,9,4000,0,1,2,,2,505,"RT 101","LOS BERROS RD",4224.00,N,N,A,-,Y,SLO,5,101,-,-,8.650,H,-,S,Y,4,0,1,2,A,-,03,22350,,N,C,C,A,A,H,-,A,D,1,,,,,Y,,D,22,0,0,1,0,0,0,0,0,0,"- ","- ",35.016910000000003,-120.46331000000001,"SAN LUIS OBISPO",UNINCORPORATED,-120.52538249,35.078757349999997
6951363,2015,2016-09-29,9745,2015-05-22,1000,012876,,5,1,9,4000,0,1,3,,2,023,"RT 1","GILARDI RD",3168.00,S,N,B,-,Y,SLO,5,1,-,-,23.700,H,-,S,Y,4,0,1,1,A,-,08,22107,,N,E,I,A,A,H,-,A,D,1,,,,,Y,,A,01,0,0,1,0,0,0,0,0,0,"- ","- ",35.336660000000002,-120.75788,"SAN LUIS OBISPO",UNINCORPORATED,-120.75904186,35.337479420000001
6951375,2015,2017-01-04,9745,2015-05-30,1900,017968,,6,2,4,4006,0,1,2,,2,202,"RT 101","CALIFORNIA BL",50.00,N,N,A,-,Y,SLO,5,101,-,-,29.410,H,-,S,Y,4,0,1,1,A,-,01,23152,A,N,E,I,A,A,H,-,A,D,1,,,,,Y,Y,A,01,0,0,1,0,0,0,0,0,0,FR,"- ",35.290199999999999,-120.65917,"SAN LUIS OBISPO","SAN LUIS OBISPO",-120.65922476,35.29013174
6953105,2015,2016-11-03,9740,2015-05-30,1815,15854,,6,2,9,4000,0,1,3,,2,005,"RT 58","CAMATTA CREEK RD",2640.00,W,N,A,-,Y,SLO,5,58,-,-,24.040,H,-,W,Y,3,0,1,1,A,-,08,22107,,N,E,I,A,A,H,-,A,D,0,,,,,Y,,A,01,0,1,0,0,0,0,0,0,0,"- ","- ",35.432540000000003,-120.29461000000001,"SAN LUIS OBISPO",UNINCORPORATED,-120.29430974,35.432496559999997
6953166,2015,2015-06-17,4006,2015-05-20,2330,69585,,3,5,4,4006,0,0,0,,0,,HIGH,ARCHER,0.00,,Y,A,-,N,,,,,,,,,,N,3,0,1,2,A,-,06,21750,,F,C,G,A,A,H,-,C,A,0,,Y,,,Y,,-,99,0,1,0,0,0,0,1,0,0,"- ","- ",,,"SAN LUIS OBISPO","SAN LUIS OBISPO",-120.66666987000001,35.272220099999998
6953167,2015,2015-06-17,4006,2015-05-23,1500,30105,,6,5,4,4006,0,0,0,,0,,MADONNA,"EL MERCADO",961.00,E,N,A,-,N,,,,,,,,,,N,4,0,1,3,A,-,07,21658,A,N,C,C,A,A,H,-,A,A,0,,,,,Y,,-,,0,0,1,0,0,0,0,0,0,"- ","- ",,,"SAN LUIS OBISPO","SAN LUIS OBISPO",-120.67612543,35.264312680000003
6955621,2015,2015-10-26,4004,2015-05-28,1503,0430,02,4,5,3,4004,0,0,0,,0,025,SPRING,5TH,27.00,N,N,A,-,N,,,,,,,,,,N,4,0,1,2,A,-,03,22350,,N,C,C,A,A,H,-,A,D,0,,,,,Y,,D,22,0,0,1,0,0,0,0,0,0,"- ","- ",,,"SAN LUIS OBISPO","PASO ROBLES",-120.69079569,35.619494019999998
6955645,2015,2015-07-03,4004,2015-06-09,1050,0657,01,2,5,3,4004,0,0,0,,0,017,13TH,RAILROAD,27.00,W,N,B,-,N,,,,,,,,,,Y,4,0,1,2,A,-,08,22107,,N,C,E,A,A,H,-,A,D,0,,,,,Y,,A,08,0,0,1,0,0,0,0,0,0,"- ","- ",,,"SAN LUIS OBISPO","PASO ROBLES",-120.68837044999999,35.627903150000002
6955762,2015,2016-11-03,9745,2015-06-03,1715,016068,,3,2,9,4000,0,1,3,,1,011,"RT 41","BEAR RIDGE RD",5280.00,S,N,A,-,Y,SLO,5,41,-,-,4.320,H,-,S,Y,4,0,1,1,A,-,08,22107,,N,E,I,A,A,H,-,A,D,0,,,,,Y,,A,01,0,0,1,0,0,0,0,0,0,"- ","- ",35.417259999999999,-120.79552,"SAN LUIS OBISPO",UNINCORPORATED,-120.79553996999999,35.417367890000001
6955768,2015,2015-07-10,4004,2015-06-07,0807,1260,04,7,5,3,4004,0,0,0,,0,043,CRESTON,"GOLDEN HILL",0.00,,Y,A,-,N,,,,,,,,,,N,2,0,1,2,A,-,10,21950,A,N,-,B,B,-,H,-,A,A,0,Y,,,,Y,,A,01,1,0,0,0,1,0,0,0,0,"- ","- ",,,"SAN LUIS OBISPO","PASO ROBLES",-120.65968995,35.622280029999999
6955778,2015,2017-01-06,4004,2015-06-05,1506,0657,02,5,5,3,4004,0,0,0,,0,3-2,"RT 46","RT 101",500.00,E,N,A,-,Y,SLO,5,101,-,-,57.920,R,4,N,Y,4,0,1,2,A,-,03,22350,,N,C,C,A,A,H,-,A,A,0,,,,,Y,,A,01,0,0,1,0,0,0,0,0,0,"- ",NO,,,"SAN LUIS OBISPO","PASO ROBLES",-120.68503871999999,35.642656870000003
6955837,2015,2016-09-29,9745,2015-06-03,1642,017144,,3,2,9,4000,0,1,3,,1,041,"RT 1","TIERRA NUEVA LN",120.00,N,N,A,-,Y,SLO,5,1,-,-,11.190,H,-,N,N,3,0,1,2,A,-,09,21801,A,N,D,G,A,A,H,-,A,D,0,,Y,,,Y,,A,01,0,1,0,0,0,0,1,0,0,"- ","- ",35.09807,-120.59462000000001,"SAN LUIS OBISPO",UNINCORPORATED,-120.59655530000001,35.098153050000001
6958611,2015,2015-07-08,9745,2015-06-08,1610,017151,,1,2,9,4000,0,3,5,,2,005,"MALLAGH ST","SEA ST",100.00,S,N,A,-,N,,,,,,,,,,N,3,0,1,2,A,-,17,21712,B,N,G,B,E,A,H,-,A,D,0,Y,,,,Y,,N,60,0,1,0,0,1,0,0,0,0,"- ","- ",35.044559999999997,-120.48195,"SAN LUIS OBISPO",UNINCORPORATED,-120.48201594,35.044646309999997
6959343,2015,2015-07-10,4008,2015-05-26,0757,1085,,2,5,4,4008,0,0,0,,0,,"MONTEREY RD","SAN ANSELMO RD",0.00,,Y,B,-,N,,,,,,,,,,N,4,0,1,2,A,-,03,22350,,N,C,C,A,A,H,-,A,D,0,,,,Y,Y,,A,01,0,0,1,0,0,0,0,0,0,"- ","- ",,,"SAN LUIS OBISPO",ATASCADERO,-120.6844799,35.4953
6959347,2015,2015-06-30,4008,2015-05-21,0736,1085,,4,5,4,4008,0,0,0,,0,,"ARDILLA RD","SANTA LUCIA RD",0.00,,Y,A,-,N,,,,,,,,,,N,2,0,1,2,D,-,00,,,N,B,G,A,A,H,-,A,D,0,,Y,,,Y,,-,"- ",1,0,0,0,0,0,1,0,0,"- ","- ",,,"SAN LUIS OBISPO",ATASCADERO,-120.67061989,35.487850109999997
6960342,2015,2015-07-03,4008,2015-05-28,1737,1047,,4,5,4,4008,0,0,0,,0,,"EL CAMINO REAL","SAN BENITO RD",0.00,,Y,A,-,N,,,,,,,,,,Y,4,0,2,2,A,-,03,22350,,N,C,C,A,A,H,-,A,A,0,,,,,Y,,A,07,0,0,2,0,0,0,0,0,0,"- ","- ",,,"SAN LUIS OBISPO",ATASCADERO,-120.69282989,35.507110099999998
6963175,2015,2015-06-26,9745,2015-05-21,0147,013937,,4,3,9,4000,0,2,4,,1,058,"ORCHARD RD","NANCY LN",114.00,N,N,A,-,N,,,,,,,,,,Y,3,0,1,1,A,-,01,23152,E,N,E,I,A,A,H,-,D,D,0,,,,,Y,,A,01,0,1,0,0,0,0,0,0,0,"- ","- ",35.012779999999999,-120.47443,"SAN LUIS OBISPO",UNINCORPORATED,-120.47435611,35.012756070000002
6966746,2015,2016-11-04,9740,2015-06-14,0015,014543,,7,3,9,4000,0,3,5,,2,016,"SODA LAKE RD","RT 58",10560.00,S,N,A,-,Y,SLO,5,58,-,-,43.200,H,-,W,Y,4,0,1,1,A,-,01,23152,A,N,F,I,A,A,H,-,D,D,0,,,,,Y,Y,D,22,0,0,1,0,0,0,0,0,0,"- ","- ",35.318919999999999,-120.00167,"SAN LUIS OBISPO",UNINCORPORATED,-120.04034875000001,35.351658489999998
6966770,2015,2017-01-07,9740,2015-06-07,1647,016849,,7,2,9,4000,0,1,3,,1,009,"RT 46","RT 41",0.00,,Y,A,-,Y,SLO,5,41,-,-,43.888,R,4,S,Y,2,0,3,2,A,-,09,21801,A,N,D,C,A,A,H,-,A,A,0,,,,Y,Y,,A,01,1,0,2,0,0,0,0,0,0,"- ","- ",35.734499999999997,-120.28444,"SAN LUIS OBISPO",UNINCORPORATED,-120.28554438,35.73435637
6967131,2015,2016-11-04,9740,2015-06-10,1044,12113,,3,1,9,4000,0,1,3,,1,015,"RT 1","SEAL VISTA",6336.00,N,N,A,-,Y,SLO,5,1,-,-,63.390,H,-,N,Y,3,0,2,3,A,-,05,21460,A,F,H,G,A,A,H,-,A,A,0,,Y,,,Y,,-,99,0,1,1,0,0,0,1,0,0,"- ","- ",35.698900000000002,-120.27572000000001,"SAN LUIS OBISPO",UNINCORPORATED,-121.2724083,35.66793517
6967135,2015,2016-11-03,9740,2015-06-15,1452,14622,,1,2,9,4000,0,1,3,,2,005,"RT 58","NAVAJO CREEK RD",1584.00,W,N,A,-,Y,SLO,5,58,-,R,29.620,H,-,W,Y,3,0,2,1,A,-,01,23152,E,N,F,A,A,A,H,-,A,D,0,,,,,Y,,A,01,0,1,1,0,0,0,0,0,0,"- ","- ",35.425420000000003,-120.2304,"SAN LUIS OBISPO",UNINCORPORATED,-120.23147355,35.425103350000001
6967362,2015,2015-07-01,4001,2015-05-05,1351,P0106,463,2,5,3,4001,0,0,0,,0,OPERAT,"S HALCYON RD","DODSON WY",345.00,S,N,A,-,N,,,,,,,,,,Y,4,0,3,3,A,-,03,22350,,N,C,C,A,A,H,-,A,D,0,,,,,Y,,A,07,0,0,3,0,0,0,0,0,0,"- ","- ",35.11551,-120.59155,"SAN LUIS OBISPO","ARROYO GRANDE",-120.59160504,35.114562419999999
6969038,2015,2015-07-02,9740,2015-06-12,0112,16089,,5,3,9,4000,0,3,5,,2,017,"ROCKY CANYON RD","ADOBE CYN RD",2112.00,S,N,A,-,N,,,,,,,,,,Y,2,0,1,1,A,-,01,23152,E,N,E,I,A,A,H,-,D,A,0,,,Y,,Y,,C,02,1,0,0,0,0,0,0,0,1,"- ","- ",35.480840000000001,-120.62994999999999,"SAN LUIS OBISPO",UNINCORPORATED,-120.63028418,35.481250199999998
6969044,2015,2017-01-04,9745,2015-06-15,2045,020144,,1,2,9,4000,0,1,2,,2,303,"RT 101","SAN LUIS BAY DR",6336.00,N,N,A,-,Y,SLO,5,101,-,R,23.490,H,-,S,Y,4,0,4,2,A,-,03,22350,,N,C,C,A,A,D,-,D,D,1,,,,,Y,,D,22,0,0,4,0,0,0,0,0,0,"- ","- ",35.214269999999999,-120.6968,"SAN LUIS OBISPO",UNINCORPORATED,-120.6968955,35.213267809999998
6969095,2015,2017-01-05,9745,2015-06-15,1710,17930,,1,2,9,4000,0,1,2,,2,404,"RT 101","EL CAMPO RD",0.00,,Y,A,-,Y,SLO,5,101,-,-,11.830,I,5,S,Y,4,0,1,3,A,-,03,22350,,N,C,C,A,A,H,-,A,D,0,,,,,Y,,A,08,0,0,1,0,0,0,0,0,0,"- ","- ",35.111260000000001,-120.56364000000001,"SAN LUIS OBISPO",UNINCORPORATED,-120.56365651,35.111178010000003
6969107,2015,2017-01-05,9745,2015-06-16,1610,16068,,2,2,4,4006,0,1,2,,2,202,"RT 101","LOS OSOS VALLEY RD",528.00,S,N,A,-,Y,SLO,5,101,-,-,25.810,H,-,S,Y,4,0,3,3,A,-,03,22350,,N,C,C,A,A,H,-,A,D,1,,,,,Y,,D,22,0,0,3,0,0,0,0,0,0,"- ","- ",35.24286,-120.68337,"SAN LUIS OBISPO","SAN LUIS OBISPO",-120.68302516999999,35.243480570000003
6969621,2015,2015-07-13,4006,2015-06-19,0955,14848,,5,5,4,4006,0,0,0,,0,,"S HIGUERA",MARGARITA,502.00,S,N,A,-,N,,,,,,,,,,N,4,0,1,2,A,-,08,22107,,N,D,C,A,A,H,-,A,A,0,,,,,Y,,A,01,0,0,1,0,0,0,0,0,0,"- ","- ",,,"SAN LUIS OBISPO","SAN LUIS OBISPO",-120.66876569999999,35.2556838
6970524,2015,2015-11-05,4004,2015-06-12,1338,1208,03,5,5,3,4004,0,0,0,,0,3-10,AIRPORT,"RT 46 E",750.00,N,N,A,-,N,,,,,,,,,,Y,4,0,1,2,A,-,09,21801,A,N,D,C,A,A,H,-,A,D,0,,,,,Y,,D,22,0,0,1,0,0,0,0,0,0,"- ","- ",,,"SAN LUIS OBISPO","PASO ROBLES",-120.64214217,35.646147829999997
6972085,2015,2015-07-10,9740,2015-05-16,1100,013246,,6,1,9,4000,0,3,5,,2,019,"VON DOLLEN RD","HOG CANYON RD",2640.00,W,N,A,-,N,,,,,,,,,,Y,3,0,1,1,A,-,03,22350,,N,F,A,A,A,H,-,A,D,0,,,Y,,Y,,C,02,0,1,0,0,0,0,0,0,1,"- ","- ",35.739600000000003,-120.577,"SAN LUIS OBISPO",UNINCORPORATED,-120.57777498,35.739623119999997
6972415,2015,2015-07-09,9745,2015-06-11,0001,14996,,4,3,9,4000,0,3,5,,2,002,"14TH ST","SAN LUIS AV",358.00,S,N,A,-,N,,,,,,,,,,Y,3,0,3,1,A,-,03,22350,,F,E,I,A,A,H,-,D,D,0,,,,,Y,,A,01,0,3,0,0,0,0,0,0,0,"- ","- ",35.318190000000001,-120.8278,"SAN LUIS OBISPO",UNINCORPORATED,-120.82784554,35.317779760000001
6972514,2015,2015-07-11,4006,2015-05-19,0930,69585,,2,5,4,4006,0,0,0,,0,,KENTUCKY,"STAFFORD RD",50.00,N,N,A,-,N,,,,,,,,,,N,4,0,1,3,D,-,00,,,N,B,G,A,A,H,-,A,A,0,,Y,,,Y,,-,"- ",0,0,1,0,0,0,1,0,0,"- ","- ",,,"SAN LUIS OBISPO","SAN LUIS OBISPO",-120.65928741,35.292207329999997
6972830,2015,2016-09-29,9745,2015-06-15,2115,020689,,1,2,9,4000,0,1,3,,1,043,"RT 1","SHERIDAN RD",0.00,,Y,A,-,Y,SLO,5,1,-,-,5.570,I,5,N,N,4,0,2,2,A,-,03,22350,,N,C,C,A,A,H,-,D,D,0,,,,,Y,,A,01,0,0,2,0,0,0,0,0,0,"- ","- ",35.047260000000001,-120.57688,"SAN LUIS OBISPO",UNINCORPORATED,-120.5769264,35.047302700000003
6972838,2015,2017-01-05,9745,2015-06-12,1550,017061,,5,2,9,4000,0,1,2,,2,404,"RT 101","PRICE ST",700.00,S,N,B,-,Y,SLO,5,101,-,-,16.490,H,-,N,Y,4,0,1,3,A,-,03,22350,,N,C,C,A,A,H,-,A,D,1,,,,,Y,,A,01,0,0,1,0,0,0,0,0,0,"- ","- ",,,"SAN LUIS OBISPO",UNINCORPORATED,-120.63695729,35.140196430000003
6973318,2015,2015-10-23,4001,2015-05-18,1343,P0106,463,1,5,3,4001,0,0,0,,0,OPERAT,"EAST GRAND AV","COURTLAND DR",0.00,,Y,A,-,N,,,,,,,,,,N,3,0,1,2,A,-,12,21453,A,N,D,G,A,A,H,-,A,A,0,,Y,,,Y,,L,04,0,1,0,0,0,0,1,0,0,"- ","- ",,,"SAN LUIS OBISPO","ARROYO GRANDE",-120.60665998,35.120840059999999
6974236,2015,2017-01-05,9745,2015-06-18,1855,17541,,4,2,9,4000,0,1,2,,2,505,"RT 101","TEFFT ST",10560.00,S,N,A,-,Y,SLO,5,101,-,-,2.850,H,-,S,N,4,0,2,2,A,-,07,21658,A,F,E,I,A,A,H,-,A,D,1,,,,,Y,,A,01,0,0,2,0,0,0,0,0,0,"- ","- ",35.0169,-120.4628,"SAN LUIS OBISPO",UNINCORPORATED,-120.4606515,35.01497835
6974356,2015,2017-01-05,9745,2015-06-18,1055,012876,,4,1,9,4000,0,1,2,,2,303,"RT 101","MONTE RD",700.00,N,N,A,-,Y,SLO,5,101,-,R,21.270,H,-,N,Y,4,0,1,1,A,-,17,21711,,N,F,I,A,A,H,-,A,D,1,,,,Y,Y,,G,26,0,0,1,0,0,0,0,0,0,"- ","- ",35.184339999999999,-120.70128,"SAN LUIS OBISPO",UNINCORPORATED,-120.70077915,35.181593249999999
6974402,2015,2015-07-20,4006,2015-06-01,1315,10817,SLO,1,5,4,4006,0,0,0,,0,,GULF,CORAL,38.00,S,N,A,-,N,,,,,,,,,,Y,4,0,1,1,A,-,08,22107,,N,E,I,A,A,H,-,A,D,0,,,,,Y,,A,01,0,0,1,0,0,0,0,0,0,"- ","- ",,,"SAN LUIS OBISPO","SAN LUIS OBISPO",-120.68567529000001,35.260430120000002
6974463,2015,2015-07-08,4006,2015-06-19,1804,80908,,5,5,4,4006,0,0,0,,0,,HIGUERA,BROAD,40.00,W,N,A,-,N,,,,,,,,,,Y,2,0,1,2,A,-,01,23152,A,N,A,B,D,A,H,-,A,A,0,Y,,,,Y,Y,A,01,1,0,0,0,1,0,0,0,0,"- ","- ",,,"SAN LUIS OBISPO","SAN LUIS OBISPO",-120.66460585,35.278842640000001
6974467,2015,2015-07-08,4006,2015-06-10,2345,15913,,3,5,4,4006,0,0,0,,0,,"S HIGUERA","SOUTH ST",120.00,S,N,A,-,N,,,,,,,,,,N,3,0,1,2,A,-,11,21954,A,F,G,B,E,A,H,-,C,D,0,Y,,,,Y,Y,N,60,0,1,0,0,1,0,0,0,0,"- ","- ",,,"SAN LUIS OBISPO","SAN LUIS OBISPO",-120.67032945,35.269222880000001
6976206,2015,2015-07-14,4006,2015-06-03,1303,82350,,3,5,4,4006,0,0,0,,0,,FOOTHILL,FERINNI,0.00,,Y,A,-,N,,,,,,,,,,N,3,0,1,1,A,-,03,22350,,N,E,J,A,A,H,-,A,D,0,,Y,,,Y,,L,04,0,1,0,0,0,0,1,0,0,"- ","- ",,,"SAN LUIS OBISPO","SAN LUIS OBISPO",-120.67393996,35.29411005
6978425,2015,2017-01-04,9740,2015-06-28,1530,015167,,7,2,9,4000,0,1,2,,2,003,"RT 101","13TH ST",528.00,S,N,A,-,Y,SLO,5,101,-,-,56.780,H,-,N,Y,4,0,3,2,A,-,03,22350,,N,C,C,A,A,H,-,A,D,1,,,,,Y,,A,01,0,0,3,0,0,0,0,0,0,"- ","- ",35.626469999999998,-120.68626999999999,"SAN LUIS OBISPO",UNINCORPORATED,-120.68634627,35.62653057
6981151,2015,2016-09-29,9745,2015-06-24,2140,18728,,3,2,2,4003,0,1,3,,2,022,"RT 1","MAIN ST",188.00,S,N,A,-,Y,SLO,5,1,-,-,29.580,H,-,N,Y,2,0,1,1,A,-,01,23152,F,N,E,I,A,A,H,-,D,D,1,,,,,Y,Y,D,22,1,0,0,0,0,0,0,0,0,"- ","- ",35.373220000000003,-120.85082,"SAN LUIS OBISPO","MORRO BAY",-120.85079197,35.373264159999998
6982824,2015,2017-01-05,9745,2015-06-23,1516,017144,,2,2,9,4000,0,1,2,,2,505,"RT 101","LAETITIA WINERY RD",0.00,,Y,A,-,Y,SLO,5,101,-,-,9.660,I,6,N,Y,3,0,1,1,A,-,01,23152,A,N,F,A,A,A,H,-,A,D,0,,,,,Y,Y,A,07,0,1,0,0,0,0,0,0,0,"- ","- ",,,"SAN LUIS OBISPO",UNINCORPORATED,-120.53745546,35.089467120000002