CASE_ID,ACCIDENT_YEAR,PROC_DATE,JURIS,COLLISION_DATE,COLLISION_TIME,OFFICER_ID,REPORTING_DISTRICT,DAY_OF_WEEK,CHP_SHIFT,POPULATION,CNTY_CITY_LOC,SPECIAL_COND,BEAT_TYPE,CHP_BEAT_TYPE,CITY_DIVISION_LAPD,CHP_BEAT_CLASS,BEAT_NUMBER,PRIMARY_RD,SECONDARY_RD,DISTANCE,DIRECTION,INTERSECTION,WEATHER_1,WEATHER_2,STATE_HWY_IND,CALTRANS_COUNTY,CALTRANS_DISTRICT,STATE_ROUTE,ROUTE_SUFFIX,POSTMILE_PREFIX,POSTMILE,LOCATION_TYPE,RAMP_INTERSECTION,SIDE_OF_HWY,TOW_AWAY,COLLISION_SEVERITY,NUMBER_KILLED,NUMBER_INJURED,PARTY_COUNT,PRIMARY_COLL_FACTOR,PCF_CODE_OF_VIOL,PCF_VIOL_CATEGORY,PCF_VIOLATION,PCF_VIOL_SUBSECTION,HIT_AND_RUN,TYPE_OF_COLLISION,MVIW,PED_ACTION,ROAD_SURFACE,ROAD_COND_1,ROAD_COND_2,LIGHTING,CONTROL_DEVICE,CHP_ROAD_TYPE,PEDESTRIAN_ACCIDENT,BICYCLE_ACCIDENT,MOTORCYCLE_ACCIDENT,TRUCK_ACCIDENT,NOT_PRIVATE_PROPERTY,ALCOHOL_INVOLVED,STWD_VEHTYPE_AT_FAULT,CHP_VEHTYPE_AT_FAULT,COUNT_SEVERE_INJ,COUNT_VISIBLE_INJ,COUNT_COMPLAINT_PAIN,COUNT_PED_KILLED,COUNT_PED_INJURED,COUNT_BICYCLIST_KILLED,COUNT_BICYCLIST_INJURED,COUNT_MC_KILLED,COUNT_MC_INJURED,PRIMARY_RAMP,SECONDARY_RAMP,LATITUDE,LONGITUDE,COUNTY,CITY,POINT_X,POINT_Y
7039368,2015,2015-09-28,9745,2015-08-18,1112,012876,,2,1,9,4000,0,3,5,,2,003,"ONTARIO RD","SAN LUIS BAY DR",0.00,,Y,A,-,N,,,,,,,,,,N,3,0,2,2,A,-,09,21802,A,N,D,C,A,A,H,-,A,A,0,,,,,Y,,A,07,0,2,0,0,0,0,0,0,0,"- ","- ",,,"SAN LUIS OBISPO",UNINCORPORATED,-120.70057988000001,35.19611003
7040409,2015,2017-01-13,9740,2015-08-02,1750,19259,,7,2,9,4000,0,1,2,,2,001,"RT 101","SANTA BARBARA AV",3168.00,S,N,A,-,Y,SLO,5,101,-,-,41.480,H,-,S,Y,3,0,2,2,A,-,07,21658,A,N,B,C,A,A,H,-,A,D,1,,,,,Y,Y,A,07,0,2,0,0,0,0,0,0,0,"- ","- ",35.433970000000002,-120.63677,"SAN LUIS OBISPO",UNINCORPORATED,-120.63614803999999,35.432091589999999
7045215,2015,2015-09-08,9745,2015-08-07,2100,17061,,5,2,9,4000,0,2,4,,1,048,"AVILA BEACH DR","ANNA BAY RD",103.00,W,N,A,-,N,,,,,,,,,,Y,3,0,1,2,A,-,08,22107,,M,B,E,A,A,H,-,D,D,0,,,Y,,Y,,C,02,0,1,0,0,0,0,0,0,1,"- ","- ",35.178280000000001,-120.74008000000001,"SAN LUIS OBISPO",UNINCORPORATED,-120.73918783000001,35.178714409999998
7045217,2015,2015-09-08,9745,2015-08-14,1900,17238,,5,2,9,4000,0,3,5,,2,001,"TV TOWER RD","RT 101",10560.00,W,N,A,-,N,,,,,,,,,,N,4,0,1,1,A,-,03,22350,,N,F,A,A,A,A,-,B,D,0,,,Y,,Y,,C,02,0,0,1,0,0,0,0,0,1,"- ","- ",35.395060000000001,-120.71307,"SAN LUIS OBISPO",UNINCORPORATED,-120.71307,35.395060000000001
7048420,2015,2015-09-14,4006,2015-08-26,1709,59350,,3,5,4,4006,0,0,0,,0,,"S HIGUERA",HIND,172.00,S,N,A,-,N,,,,,,,,,,Y,4,0,2,2,A,-,09,21801,A,N,D,C,A,A,H,-,A,D,0,,,,,Y,,-,,0,0,2,0,0,0,0,0,0,"- ","- ",,,"SAN LUIS OBISPO","SAN LUIS OBISPO",-120.6725318,35.24872508
7057942,2015,2015-11-23,4008,2015-11-09,1424,3152,,1,5,4,4008,0,0,0,,0,,"EL CAMINO REAL","SAN RAFAEL CT",0.00,,Y,B,-,N,,,,,,,,,,Y,4,0,1,2,A,-,12,21453,A,N,D,C,A,A,H,-,A,A,0,,,,,Y,,A,07,0,0,1,0,0,0,0,0,0,"- ","- ",,,"SAN LUIS OBISPO",ATASCADERO,-120.64354989,35.460030000000003
7064625,2015,2015-09-22,4006,2015-09-02,1731,82350,,3,5,4,4006,0,0,0,,0,,JOHNSON,MARSH,160.00,S,N,A,-,N,,,,,,,,,,N,4,0,1,2,A,-,05,21650,,N,D,G,A,A,H,-,A,D,0,,Y,,,Y,,L,04,0,0,1,0,0,0,1,0,0,"- ","- ",,,"SAN LUIS OBISPO","SAN LUIS OBISPO",-120.65560723,35.282662129999999
7064626,2015,2015-09-21,4006,2015-09-04,0516,88911,,5,5,4,4006,0,0,0,,0,,"WOODSIDE DR",SOUTHWOOD,0.00,,Y,A,-,N,,,,,,,,,,N,4,0,1,2,A,-,09,21801,A,N,D,G,A,A,H,-,C,D,0,,Y,,,Y,,A,01,0,0,1,0,0,0,1,0,0,"- ","- ",,,"SAN LUIS OBISPO","SAN LUIS OBISPO",-120.63898999,35.264920109999998
7066246,2015,2015-09-23,4002,2015-08-28,1818,555,103,5,5,3,4002,0,0,0,,0,001,"W GRAND AV","S 10TH ST",6.00,W,N,A,-,N,,,,,,,,,,N,4,0,1,2,A,-,08,22100,A,N,D,G,A,A,H,-,A,A,0,,Y,,,Y,,A,01,0,0,1,0,0,0,1,0,0,"- ","- ",,,"SAN LUIS OBISPO","GROVER BEACH",-120.61904002999999,35.121440829999997
7066663,2015,2017-01-14,4008,2015-08-28,1432,4080,,5,5,4,4008,0,0,0,,0,,"MORRO RD","CAPISTRANO AV",0.00,,Y,A,-,Y,SLO,5,41,-,R,16.063,I,5,N,Y,3,0,3,2,D,-,00,,,N,D,C,A,A,H,-,A,A,0,,,,,Y,,-,"- ",0,2,1,0,0,0,0,0,0,"- ","- ",,,"SAN LUIS OBISPO",ATASCADERO,-120.66399486,35.487589079999999
7066664,2015,2017-01-14,4008,2015-08-27,1810,3013,,4,5,4,4008,0,0,0,,0,,"MORRO RD","OLD MORRO RD E",360.00,E,N,A,-,Y,SLO,5,41,-,-,12.660,H,-,N,Y,2,0,1,1,A,-,03,22350,,N,F,-,A,A,H,-,A,D,0,,,Y,,Y,,C,02,1,0,0,0,0,0,0,0,1,"- ","- ",,,"SAN LUIS OBISPO",ATASCADERO,-120.69645532,35.4510328
7070043,2015,2015-09-19,4008,2015-08-22,0901,3013,,6,5,4,4008,0,0,0,,0,,"MONTEREY RD","SAN FERNANDO RD",675.00,S,N,A,-,N,,,,,,,,,,Y,3,0,1,1,A,-,03,22350,,N,E,I,A,A,H,-,A,B,0,,,,,Y,,D,22,0,1,0,0,0,0,0,0,0,"- ","- ",,,"SAN LUIS OBISPO",ATASCADERO,-120.70270347,35.509016150000001
7071342,2015,2017-01-14,4008,2015-09-04,1825,2032,,5,5,4,4008,0,0,0,,0,,"MORRO RD","ATASCADERO MALL",449.00,E,N,A,-,Y,SLO,5,41,-,-,15.660,H,-,S,Y,4,0,2,3,A,-,03,22350,,N,C,C,A,A,H,-,B,A,0,,,,Y,Y,,A,07,0,0,2,0,0,0,0,0,0,"- ","- ",,,"SAN LUIS OBISPO",ATASCADERO,-120.66607578999999,35.481953920000002
7071902,2015,2017-01-12,4004,2015-08-22,0610,1197,03,6,5,3,4004,0,0,0,,0,034,"RT 46","GOLDEN HILL",0.00,,Y,B,-,Y,SLO,5,46,-,-,31.310,I,5,W,Y,2,0,2,2,A,-,03,22350,,N,C,C,A,A,H,-,B,A,0,,,,Y,Y,,D,22,2,0,0,0,0,0,0,0,0,"- ","- ",,,"SAN LUIS OBISPO","PASO ROBLES",-120.65808991999999,35.644628570000002
7074097,2015,2016-01-08,4001,2015-08-13,1217,P0106,46-3,4,5,3,4001,0,0,0,,0,OPERAT,"EAST GRAND AV","S ALPINE ST",191.00,E,N,A,-,N,,,,,,,,,,Y,3,0,3,2,A,-,09,21804,A,N,D,C,A,A,H,-,A,D,0,,,,,Y,,A,01,0,1,2,0,0,0,0,0,0,"- ","- ",,,"SAN LUIS OBISPO","ARROYO GRANDE",-120.58873679,35.119664139999998
7078644,2015,2015-09-28,4001,2015-08-01,1512,P0121,463,6,5,3,4001,0,0,0,,0,OPERAT,"FARROLL ST","ALDER ST",90.00,W,N,A,-,N,,,,,,,,,,N,3,0,1,2,A,-,05,21202,A,N,B,C,A,A,H,-,A,D,0,,Y,,,Y,,L,04,0,1,0,0,0,0,1,0,0,"- ","- ",,,"SAN LUIS OBISPO","ARROYO GRANDE",-120.59405085,35.11074
7086988,2015,2015-10-24,4003,2015-09-04,1551,R8845,6,5,5,2,4003,0,0,0,,0,001,"MAIN ST","MORRO CRK",0.00,,-,A,-,N,,,,,,,,,,Y,4,0,1,1,A,-,07,21658,A,N,E,I,A,A,H,-,A,A,0,,,,,Y,,E,22,0,0,1,0,0,0,0,0,0,"- ","- ",,,"SAN LUIS OBISPO","MORRO BAY",-120.85114995000001,35.364020019999998
7086996,2015,2017-01-14,4003,2015-09-23,1925,L3701,3,3,5,2,4003,0,0,0,,0,001,"RT 1","MAIN ST",0.00,,-,A,-,Y,SLO,5,1,-,-,29.750,R,1,S,N,4,0,1,2,-,-,"- ",,,N,C,C,A,A,H,-,D,A,0,,,,,Y,,-,"- ",0,0,1,0,0,0,0,0,0,"- ","- ",,,"SAN LUIS OBISPO","MORRO BAY",-120.85307376,35.374767980000001
7089140,2015,2015-10-15,4001,2015-09-21,1511,P0110,46-3,1,5,3,4001,0,0,0,,0,OPERAT,"FAIR OAKS AV","WOODLAND DR",222.00,E,N,A,-,N,,,,,,,,,,N,4,0,2,3,A,-,03,22350,,N,C,C,A,A,H,-,A,D,0,,,,,Y,,A,01,0,0,2,0,0,0,0,0,0,"- ","- ",,,"SAN LUIS OBISPO","ARROYO GRANDE",-120.58754851,35.112734719999999
7089270,2015,2016-01-14,4001,2015-09-01,1811,P0115,463,2,5,3,4001,0,0,0,,0,OPERAT,"EL CAMINO REAL","HALCYON RD",56.00,N,N,A,-,N,,,,,,,,,,N,4,0,2,2,A,-,03,22350,,M,C,C,A,A,H,-,A,A,0,,,,,Y,,-,,0,0,2,0,0,0,0,0,0,"- ","- ",,,"SAN LUIS OBISPO","ARROYO GRANDE",-120.59175752,35.123178879999998
7092758,2015,2017-01-21,4005,2015-09-10,1414,P097,4,4,5,2,4005,0,0,0,,0,,WADSWORTH,BELLO,33.00,W,N,A,-,Y,SLO,5,101,-,-,16.790,R,4,N,Y,3,0,2,1,A,-,03,22350,,N,E,I,A,A,H,-,A,A,0,,,,,Y,,A,01,0,2,0,0,0,0,0,0,0,"- ","- ",,,"SAN LUIS OBISPO","PISMO BEACH",-120.64073958,35.143450450000003
7093427,2015,2016-01-12,4004,2015-09-15,1542,1189,01,2,5,3,4004,0,0,0,,0,013,24TH,RIVERSIDE,0.00,,Y,A,-,N,,,,,,,,,,N,4,0,1,2,A,-,03,22350,,N,C,C,A,A,H,-,A,D,0,,,,,Y,,D,22,0,0,1,0,0,0,0,0,0,"- ","- ",,,"SAN LUIS OBISPO","PASO ROBLES",-120.68809996,35.63979003
7093433,2015,2015-10-30,4004,2015-09-14,0730,1201,01,1,5,3,4004,0,0,0,,0,015,17TH,RIVERSIDE,0.00,,Y,C,-,N,,,,,,,,,,N,4,0,1,2,A,-,03,22350,,N,C,C,A,B,H,-,A,A,0,,,,,Y,,A,01,0,0,1,0,0,0,0,0,0,"- ","- ",,,"SAN LUIS OBISPO","PASO ROBLES",-120.68734988999999,35.632130099999998
7094589,2015,2015-10-10,4006,2015-09-15,1550,16380,,2,5,4,4006,0,0,0,,0,,PEACH,CHORRO,0.00,,Y,A,-,N,,,,,,,,,,Y,4,0,3,2,A,-,09,21802,B,N,D,C,A,A,H,-,A,A,0,,,,,Y,,A,01,0,0,3,0,0,0,0,0,0,"- ","- ",,,"SAN LUIS OBISPO","SAN LUIS OBISPO",-120.66568989,35.283060030000001
7094787,2015,2015-10-15,4006,2015-09-22,1555,80908,,2,5,4,4006,0,0,0,,0,,CALIFORNIA,FOOTHILL,248.00,S,N,A,-,N,,,,,,,,,,Y,4,0,1,4,A,-,09,21801,A,N,D,C,A,A,H,-,A,D,0,,,,,Y,,D,22,0,0,1,0,0,0,0,0,0,"- ","- ",,,"SAN LUIS OBISPO","SAN LUIS OBISPO",-120.66339600000001,35.294476279999998
7097227,2015,2015-10-21,4006,2015-09-28,1146,16380,,1,5,4,4006,0,0,0,,0,,"LOS OSOS VALLEY",MADONNA,43.00,W,N,A,-,N,,,,,,,,,,Y,4,0,3,3,A,-,03,22350,,N,C,C,A,A,H,-,A,A,0,,,,,Y,,A,01,0,0,3,0,0,0,0,0,0,"- ","- ",,,"SAN LUIS OBISPO","SAN LUIS OBISPO",-120.69085072,35.256727820000002
7097356,2015,2015-10-22,4006,2015-09-17,1417,16380,,4,5,4,4006,0,0,0,,0,,JOHNSON,"LA VINEDA",14.00,N,N,A,-,N,,,,,,,,,,Y,3,0,1,2,A,-,03,22350,,N,C,C,A,A,H,-,A,D,0,,,Y,,Y,,C,02,0,1,0,0,0,0,0,0,1,"- ","- ",,,"SAN LUIS OBISPO","SAN LUIS OBISPO",-120.64312769,35.270651030000003
7098053,2015,2017-01-14,4003,2015-08-31,0813,P1561,5,1,5,2,4003,0,0,0,,0,001,"SOUTH BAY BL","RT 1",0.00,,Y,A,-,Y,SLO,5,1,-,-,28.030,R,4,S,Y,3,0,2,2,A,-,12,22450,,N,D,C,A,A,H,-,A,A,0,,,,,Y,,D,22,0,1,1,0,0,0,0,0,0,"- ",SF,,,"SAN LUIS OBISPO","MORRO BAY",-120.82590759999999,35.364583969999998
7102314,2015,2015-11-06,4006,2015-10-02,0930,68327,,5,5,4,4006,0,0,0,,0,,SACRAMENTO,INDUSTRIAL,955.00,N,N,A,-,N,,,,,,,,,,Y,4,0,1,2,A,-,09,21801,A,N,B,C,A,A,H,-,A,D,0,,,,,Y,,D,22,0,0,1,0,0,0,0,0,0,"- ","- ",,,"SAN LUIS OBISPO","SAN LUIS OBISPO",-120.64172317000001,35.254986000000002
7102963,2015,2015-10-29,4006,2015-10-01,0609,64920,,4,5,4,4006,0,0,0,,0,,MONTEREY,GRAND,0.00,,Y,A,-,N,,,,,,,,,,N,2,0,1,2,A,-,17,21208,A,N,A,G,A,A,H,-,C,A,0,,Y,,,Y,,L,04,1,0,0,0,0,0,1,0,0,"- ","- ",,,"SAN LUIS OBISPO","SAN LUIS OBISPO",-120.65169987,35.288580090000004
7103027,2015,2017-01-28,4006,2015-10-09,1717,89870,,5,5,4,4006,0,0,0,,0,,"RT 227","CAUDILL ST",99.00,N,N,A,-,Y,SLO,5,227,-,-,28.010,H,-,S,N,4,0,1,2,A,-,01,23152,A,N,C,C,A,A,H,-,A,D,0,,,,,Y,Y,-,"- ",0,0,1,0,0,0,0,0,0,"- ","- ",,,"SAN LUIS OBISPO","SAN LUIS OBISPO",,
7103031,2015,2015-10-29,4006,2015-10-05,0917,16380,,1,5,4,4006,0,0,0,,0,,FOOTHILL,BROAD,122.00,W,N,A,-,N,,,,,,,,,,N,4,0,1,2,A,-,03,22350,,N,C,C,A,A,H,-,A,D,0,,,,,Y,,A,01,0,0,1,0,0,0,0,0,0,"- ","- ",,,"SAN LUIS OBISPO","SAN LUIS OBISPO",-120.67210874,35.294101990000001
7105719,2015,2015-10-30,4004,2015-10-04,1942,0928,04,7,5,3,4004,0,0,0,,0,048,SHERWOOD,FONTANA,0.00,,Y,A,-,N,,,,,,,,,,Y,3,0,1,2,A,-,05,21650,A,N,A,C,A,A,H,-,C,D,0,,,,,Y,,A,01,0,1,0,0,0,0,0,0,0,"- ","- ",,,"SAN LUIS OBISPO","PASO ROBLES",-120.65015991999999,35.615670090000002
7105723,2015,2015-10-30,4004,2015-10-04,0020,1187,01,7,5,3,4004,0,0,0,,0,013,28TH,SPRING,0.00,,Y,A,-,N,,,,,,,,,,Y,4,0,1,2,A,-,09,21802,A,N,D,C,A,A,H,-,C,A,0,,,,,Y,Y,A,01,0,0,1,0,0,0,0,0,0,"- ","- ",,,"SAN LUIS OBISPO","PASO ROBLES",-120.69278997000001,35.643330020000001
7105732,2015,2015-10-30,4004,2015-10-02,0741,1208,02,5,5,3,4004,0,0,0,,0,027,NIBLICK,SPRING,1234.00,E,N,C,-,N,,,,,,,,,,Y,3,0,1,2,A,-,08,22107,,N,B,C,A,B,H,-,A,D,0,,,,,Y,,A,07,0,1,0,0,0,0,0,0,0,"- ","- ",,,"SAN LUIS OBISPO","PASO ROBLES",-120.68882000000001,35.615220000000001
7105736,2015,2015-11-03,4004,2015-10-08,0757,0430,04,4,5,3,4004,0,0,0,,0,046,NICKLAUS,WADE,115.00,W,N,A,-,N,,,,,,,,,,N,4,0,1,2,A,-,11,21950,B,N,G,B,D,A,H,-,A,D,0,Y,,,,Y,,N,60,0,0,1,0,1,0,0,0,0,"- ","- ",,,"SAN LUIS OBISPO","PASO ROBLES",-120.67247648999999,35.610982880000002
7108281,2015,2015-11-03,4006,2015-10-09,1613,16380,,5,5,4,4006,0,0,0,,0,,HIGUERA,NIPOMO,402.00,W,N,A,-,N,,,,,,,,,,N,4,0,1,2,A,-,11,21955,,N,G,J,D,A,A,-,A,-,0,Y,,,,Y,,N,60,0,0,1,0,1,0,0,0,0,"- ","- ",,,"SAN LUIS OBISPO","SAN LUIS OBISPO",-120.66681912,35.277480619999999
7108285,2015,2015-11-03,4006,2015-10-10,2100,10030,,6,5,4,4006,0,0,0,,0,,"SOUTH HIGUERA ST","ELKS ST",34.00,E,N,A,-,N,,,,,,,,,,Y,4,0,1,2,A,-,09,21801,A,N,D,C,A,A,G,-,C,D,0,,,,,Y,,A,01,0,0,1,0,0,0,0,0,0,"- ","- ",,,"SAN LUIS OBISPO","SAN LUIS OBISPO",-120.6704045,35.263621260000001
7108289,2015,2015-11-03,4006,2015-10-10,1020,49251,SLO,6,5,4,4006,0,0,0,,0,ZONE1,GRAND,GARFIELD,14.00,S,N,A,-,N,,,,,,,,,,N,4,0,1,1,A,-,08,22107,,N,E,I,A,A,H,-,A,D,0,,,,,Y,,A,07,0,0,1,0,0,0,0,0,0,"- ","- ",,,"SAN LUIS OBISPO","SAN LUIS OBISPO",-120.65315,35.290501540000001
7113082,2015,2017-01-28,4008,2015-11-02,0829,3152,,1,5,4,4008,0,0,0,,0,,"MORRO RD","OLD MORRO RD",1584.00,W,N,C,-,Y,SLO,5,41,-,-,9.980,H,-,S,Y,3,0,1,1,A,-,03,22350,,N,E,I,A,B,H,-,A,D,0,,,,,Y,,D,22,0,1,0,0,0,0,0,0,0,"- ","- ",,,"SAN LUIS OBISPO",ATASCADERO,-120.73872765,35.460674570000002
7113098,2015,2015-11-14,4006,2015-10-23,1710,10817,,5,5,4,4006,0,0,0,,0,,WOODBRIDGE,LAWTON,103.00,E,N,A,-,N,,,,,,,,,,Y,3,0,1,2,A,-,01,23152,A,M,E,E,A,A,H,-,A,D,0,,,,,Y,Y,A,01,0,1,0,0,0,0,0,0,0,"- ","- ",,,"SAN LUIS OBISPO","SAN LUIS OBISPO",-120.65664503000001,35.267308409999998
7113790,2015,2015-11-13,4006,2015-10-19,0337,88911,,1,5,4,4006,0,0,0,,0,,TASSAJARA,"LUNETA DR",173.00,N,N,A,-,N,,,,,,,,,,Y,4,0,1,2,A,-,01,23152,A,N,C,E,A,A,H,-,C,D,0,,,,,Y,Y,A,01,0,0,1,0,0,0,0,0,0,"- ","- ",,,"SAN LUIS OBISPO","SAN LUIS OBISPO",-120.67807000000001,35.291815210000003
7114577,2015,2015-11-10,4006,2015-10-19,1357,58620,,1,5,4,4006,0,0,0,,0,,"VILLAGE DR","FEED MILL RD",163.00,N,N,A,-,N,,,,,,,,,,N,3,0,1,2,A,-,11,21954,A,N,G,B,D,A,H,-,A,D,0,Y,Y,,,Y,,N,60,0,1,0,0,0,0,1,0,0,"- ","- ",,,"SAN LUIS OBISPO","SAN LUIS OBISPO",-120.66047788,35.305523780000001
7118058,2015,2015-11-16,4006,2015-10-16,1531,16380,,5,5,4,4006,0,0,0,,0,,HIGUERA,HIGH,72.00,N,N,A,-,N,,,,,,,,,,N,4,0,1,2,A,-,03,22350,,N,D,G,A,A,H,-,A,D,0,,Y,,,Y,,L,04,0,0,1,0,0,0,1,0,0,"- ","- ",,,"SAN LUIS OBISPO","SAN LUIS OBISPO",-120.66976506,35.272395690000003
7118458,2015,2015-11-17,4004,2015-10-30,0804,0430,02,5,5,3,4004,0,0,0,,0,"2    6",NIBLICK,SPRING,1512.00,E,N,A,-,N,,,,,,,,,,Y,4,0,2,2,A,-,03,22350,,N,C,C,A,A,H,-,A,D,0,,,,,Y,,A,01,0,0,2,0,0,0,0,0,0,"- ","- ",,,"SAN LUIS OBISPO","PASO ROBLES",-120.68882000000001,35.615220000000001
7118547,2015,2016-02-01,4004,2015-10-21,1910,305,2,3,5,3,4004,0,0,0,,0,046,"COUNTRY CLUB","COUNTRY CLUB 1523",0.00,,Y,A,-,N,,,,,,,,,,Y,4,0,1,2,A,-,03,22350,,N,C,E,A,A,H,-,D,D,0,,,,,Y,,A,01,0,0,1,0,0,0,0,0,0,"- ","- ",,,"SAN LUIS OBISPO","PASO ROBLES",-120.66575288999999,35.612777289999997
7118551,2015,2016-02-01,4004,2015-10-19,1804,1186,4,1,5,3,4004,0,0,0,,0,043,CRESTON,"OAK MEADOW",80.00,S,N,B,-,N,,,,,,,,,,Y,4,0,1,2,A,-,03,22350,,N,C,C,A,A,H,-,A,D,0,,,,,Y,,A,01,0,0,1,0,0,0,0,0,0,"- ","- ",,,"SAN LUIS OBISPO","PASO ROBLES",-120.65916126,35.619480269999997
7120425,2015,2015-11-24,4008,2015-11-05,2025,2032,,4,5,4,4008,0,0,0,,0,,"SANTA YSABEL AV","CURBARIL AV",200.00,N,N,A,-,N,,,,,,,,,,Y,4,0,1,4,A,-,01,23152,E,N,B,E,A,A,H,-,C,D,0,,,,,Y,,A,01,0,0,1,0,0,0,0,0,0,"- ","- ",,,"SAN LUIS OBISPO",ATASCADERO,-120.65485337,35.479612639999999
7122193,2015,2015-12-10,4002,2015-10-31,1013,368,210,6,5,3,4002,0,0,0,,0,002,"HIGHLAND WY","HUSTON ST",242.00,E,N,A,-,N,,,,,,,,,,Y,4,0,1,3,A,-,01,23152,A,N,A,C,A,A,H,-,A,A,0,,,,Y,Y,,A,01,0,0,1,0,0,0,0,0,0,"- ","- ",,,"SAN LUIS OBISPO","GROVER BEACH",-120.61865108000001,35.108936059999998
7122290,2015,2015-11-30,4002,2015-11-07,1139,338,206,6,5,3,4002,0,0,0,,0,002,"NICE AV","S 7TH ST",13.00,E,N,A,-,N,,,,,,,,,,N,3,0,1,1,A,-,13,22515,A,M,E,I,A,A,A,-,A,A,0,,,,,Y,,A,07,0,1,0,0,0,0,0,0,0,"- ","- ",,,"SAN LUIS OBISPO","GROVER BEACH",-120.62317664,35.114577570000002
7122591,2015,2015-12-15,4006,2015-10-10,0020,64910,,6,5,4,4006,0,0,0,,0,,"OSOS ST",PISMO,198.00,N,N,B,-,N,,,,,,,,,,Y,4,0,1,2,A,-,09,21801,A,N,A,C,A,A,H,-,C,D,0,,,,,Y,,J,48,0,0,1,0,0,0,0,0,0,"- ","- ",,,"SAN LUIS OBISPO","SAN LUIS OBISPO",-120.65915945,35.279300249999999
7122601,2015,2017-02-03,4006,2015-10-23,1703,59000,,5,5,4,4006,0,0,0,,0,,MADONNA,"RT 101",0.00,,Y,A,-,Y,SLO,5,101,-,-,27.400,R,4,N,N,4,0,2,3,A,-,03,22350,,N,C,C,A,A,H,-,A,A,0,,,,,Y,,A,07,0,0,2,0,0,0,0,0,0,"- ",NF,,,"SAN LUIS OBISPO","SAN LUIS OBISPO",-120.67359021999999,35.264634729999997
7122983,2015,2015-11-23,4006,2015-10-17,1126,49251,SLO,6,5,4,4006,0,0,0,,0,ZONE2,HIGUERA,MADONNA,0.00,,Y,A,-,N,,,,,,,,,,Y,4,0,2,1,A,-,08,22107,,N,E,I,A,A,H,-,A,D,0,,,,,Y,,A,01,0,0,2,0,0,0,0,0,0,"- ","- ",,,"SAN LUIS OBISPO","SAN LUIS OBISPO",-120.670461,35.268273000000001
7123008,2015,2015-11-24,4002,2015-10-16,2056,555,113,5,5,3,4002,0,0,0,,0,001,"EL CAMINO REAL","12TH ST",45.00,E,N,A,-,N,,,,,,,,,,N,4,0,2,2,A,-,03,22350,,N,C,C,A,A,H,-,C,A,0,,,,,Y,,A,01,0,0,2,0,0,0,0,0,0,"- ","- ",,,"SAN LUIS OBISPO","GROVER BEACH",-120.6120426,35.13082962
7124234,2015,2016-02-09,4002,2015-11-17,1624,309,104,2,5,3,4002,0,0,0,,0,002,"S OAK PARK BL","W GRAND AV",0.00,,Y,A,-,N,,,,,,,,,,N,4,0,1,3,A,-,03,22350,,N,C,C,A,A,H,-,A,A,0,,,Y,,Y,,C,02,0,0,1,0,0,0,0,0,1,"- ","- ",,,"SAN LUIS OBISPO","GROVER BEACH",-120.60917994,35.12096004
7132632,2015,2017-01-28,4006,2015-11-06,0659,1638,,5,5,4,4006,0,0,0,,0,,MADONNA,"RT 101",0.00,,Y,A,-,Y,SLO,5,101,-,-,27.400,R,4,S,Y,4,0,1,2,A,-,12,21453,A,N,D,C,A,A,H,-,A,A,0,,,,,Y,,A,01,0,0,1,0,0,0,0,0,0,"- ","- ",,,"SAN LUIS OBISPO","SAN LUIS OBISPO",-120.67378853,35.264549930000001
7132788,2015,2015-12-22,4006,2015-11-05,1738,69585,,4,5,4,4006,0,0,0,,0,,OSOS,PISMO,0.00,,Y,A,-,N,,,,,,,,,,N,4,0,1,2,A,-,10,21950,A,N,G,B,B,A,H,-,C,A,0,Y,,,,Y,,A,08,0,0,1,0,1,0,0,0,0,"- ","- ",,,"SAN LUIS OBISPO","SAN LUIS OBISPO",-120.65876998,35.278860080000001
7132865,2015,2015-12-16,4006,2015-11-06,1450,16380,,5,5,4,4006,0,0,0,,0,,JOHNSON,ELLA,312.00,S,N,A,-,N,,,,,,,,,,N,4,0,1,2,A,-,09,21804,A,N,H,G,A,A,H,-,A,D,0,,Y,,,Y,,A,07,0,0,1,0,0,0,1,0,0,"- ","- ",,,"SAN LUIS OBISPO","SAN LUIS OBISPO",-120.64847373000001,35.276697839999997
7132869,2015,2015-12-16,4006,2015-11-07,1150,68327,,6,5,4,4006,0,0,0,,0,,"S HIGUERA",SUBURBAN,148.00,S,N,A,-,N,,,,,,,,,,Y,4,0,2,2,A,-,03,22350,,N,C,C,A,A,H,-,A,A,0,,,,,Y,,A,01,0,0,2,0,0,0,0,0,0,"- ","- ",,,"SAN LUIS OBISPO","SAN LUIS OBISPO",-120.67563072999999,35.243670219999998
7140605,2015,2015-12-21,4006,2015-11-18,1955,27940,,3,5,4,4006,0,0,0,,0,,HIGUERA,PISMO,0.00,,Y,A,-,N,,,,,,,,,,Y,4,0,1,2,A,-,09,21801,A,N,D,C,A,-,E,H,C,A,0,,,,,Y,,A,01,0,0,1,0,0,0,0,0,0,"- ","- ",,,"SAN LUIS OBISPO","SAN LUIS OBISPO",-120.66979994,35.272200069999997
7140613,2015,2015-12-22,4006,2015-11-25,1615,69585,,3,5,4,4006,0,0,0,,0,,LAUREL,SOUTHWOOD,0.00,,Y,B,-,N,,,,,,,,,,Y,4,0,1,2,A,-,10,21950,A,N,G,B,B,B,H,-,A,A,0,Y,,,,Y,,A,07,0,0,1,0,1,0,0,0,0,"- ","- ",,,"SAN LUIS OBISPO","SAN LUIS OBISPO",-120.64068996,35.265280009999998
7141878,2015,2017-01-28,4008,2015-12-03,1655,3152,,4,5,4,4008,0,0,0,,0,,"MORRO RD","CURBARIL AV",450.00,W,N,C,-,Y,SLO,5,41,-,-,15.020,H,-,N,Y,4,0,1,2,A,-,03,22350,,N,C,C,A,B,H,-,C,A,0,,,,,Y,,A,01,0,0,1,0,0,0,0,0,0,"- ","- ",,,"SAN LUIS OBISPO",ATASCADERO,-120.66872873,35.472797649999997
7141882,2015,2015-12-30,4008,2015-12-04,1501,4055,,5,5,4,4008,0,0,0,,0,,"SANTA LUCIA RD","PORTOLA RD",108.00,S,N,A,-,N,,,,,,,,,,N,3,0,1,2,A,-,21,22106,,N,G,B,E,A,H,-,A,D,0,Y,,,,Y,,A,08,0,1,0,0,1,0,0,0,0,"- ","- ",,,"SAN LUIS OBISPO",ATASCADERO,-120.68403945,35.482910580000002