CASE_ID,ACCIDENT_YEAR,PROC_DATE,JURIS,COLLISION_DATE,COLLISION_TIME,OFFICER_ID,REPORTING_DISTRICT,DAY_OF_WEEK,CHP_SHIFT,POPULATION,CNTY_CITY_LOC,SPECIAL_COND,BEAT_TYPE,CHP_BEAT_TYPE,CITY_DIVISION_LAPD,CHP_BEAT_CLASS,BEAT_NUMBER,PRIMARY_RD,SECONDARY_RD,DISTANCE,DIRECTION,INTERSECTION,WEATHER_1,WEATHER_2,STATE_HWY_IND,CALTRANS_COUNTY,CALTRANS_DISTRICT,STATE_ROUTE,ROUTE_SUFFIX,POSTMILE_PREFIX,POSTMILE,LOCATION_TYPE,RAMP_INTERSECTION,SIDE_OF_HWY,TOW_AWAY,COLLISION_SEVERITY,NUMBER_KILLED,NUMBER_INJURED,PARTY_COUNT,PRIMARY_COLL_FACTOR,PCF_CODE_OF_VIOL,PCF_VIOL_CATEGORY,PCF_VIOLATION,PCF_VIOL_SUBSECTION,HIT_AND_RUN,TYPE_OF_COLLISION,MVIW,PED_ACTION,ROAD_SURFACE,ROAD_COND_1,ROAD_COND_2,LIGHTING,CONTROL_DEVICE,CHP_ROAD_TYPE,PEDESTRIAN_ACCIDENT,BICYCLE_ACCIDENT,MOTORCYCLE_ACCIDENT,TRUCK_ACCIDENT,NOT_PRIVATE_PROPERTY,ALCOHOL_INVOLVED,STWD_VEHTYPE_AT_FAULT,CHP_VEHTYPE_AT_FAULT,COUNT_SEVERE_INJ,COUNT_VISIBLE_INJ,COUNT_COMPLAINT_PAIN,COUNT_PED_KILLED,COUNT_PED_INJURED,COUNT_BICYCLIST_KILLED,COUNT_BICYCLIST_INJURED,COUNT_MC_KILLED,COUNT_MC_INJURED,PRIMARY_RAMP,SECONDARY_RAMP,LATITUDE,LONGITUDE,COUNTY,CITY,POINT_X,POINT_Y
7144069,2015,2016-02-10,4001,2015-11-19,1433,P0106,463,4,5,3,4001,0,0,0,,0,OPERAT,"ALDER ST","SUNSET DR",0.00,,Y,A,-,N,,,,,,,,,,Y,4,0,2,2,A,-,01,23153,A,N,D,C,A,A,H,-,A,A,0,,,,,Y,Y,D,22,0,0,2,0,0,0,0,0,0,"- ","- ",,,"SAN LUIS OBISPO","ARROYO GRANDE",-120.59356996,35.117400050000001
7144090,2015,2016-01-04,4001,2015-11-02,1428,P0106,461,1,5,3,4001,0,0,0,,0,OPERAT,"E BRANCH ST","GARDEN ST",11.00,E,N,C,-,N,,,,,,,,,,N,2,0,1,2,A,-,17,21209,,N,D,G,A,B,H,-,A,D,0,,Y,,,Y,,A,01,1,0,0,0,0,0,1,0,0,"- ","- ",,,"SAN LUIS OBISPO","ARROYO GRANDE",-120.57212402,35.12545626
7144972,2015,2016-02-24,4004,2015-12-03,1650,1208,02,4,5,3,4004,0,0,0,,0,2-2,NIBLICK,SPRING,180.00,E,N,B,-,N,,,,,,,,,,Y,4,0,1,2,A,-,03,22350,,N,C,C,A,A,H,-,C,A,0,,,,,Y,,A,01,0,0,1,0,0,0,0,0,0,"- ","- ",,,"SAN LUIS OBISPO","PASO ROBLES",-120.68985484,35.615233859999996
7144982,2015,2016-01-05,4004,2015-11-29,0210,0657,02,7,5,3,4004,0,0,0,,0,"4    5",CHAROLAIS,HOLSTEIN,48.00,W,N,A,-,N,,,,,,,,,,Y,3,0,1,1,A,-,03,22350,,N,E,I,A,A,H,-,C,D,0,,,,,Y,,A,01,0,1,0,0,0,0,0,0,0,"- ","- ",,,"SAN LUIS OBISPO","PASO ROBLES",-120.67649605,35.605513790000003
7144990,2015,2016-01-05,4004,2015-11-17,2023,1277,04,2,5,3,4004,0,0,0,,0,"4    8",CEDARWOOD,EBONY,0.00,,Y,A,-,N,,,,,,,,,,N,3,0,1,2,A,-,08,22107,,F,C,G,A,A,H,-,C,D,0,,Y,,,Y,Y,-,99,0,1,0,0,0,0,1,0,0,"- ","- ",,,"SAN LUIS OBISPO","PASO ROBLES",-120.65799998,35.607400009999999
7148039,2015,2017-01-28,4005,2015-12-12,1033,090,3,6,5,2,4005,0,0,0,,0,,"DOLLIVER ST","STIMSON AV",0.00,,Y,A,-,Y,SLO,5,1,-,-,15.450,I,5,N,N,3,0,1,2,A,-,09,21802,A,N,D,G,A,A,H,-,A,D,0,,Y,,,Y,,A,01,0,1,0,0,0,0,1,0,0,"- ","- ",,,"SAN LUIS OBISPO","PISMO BEACH",-120.63976065999999,35.139274620000002
7149159,2015,2016-02-08,4004,2015-11-24,0852,1197,04,2,5,3,4004,0,0,0,,0,"4 1",RIVER,NIBLICK,400.00,N,N,B,-,N,,,,,,,,,,N,4,0,2,2,A,-,09,21801,A,N,D,C,A,A,H,-,A,A,0,,,,,Y,,A,07,0,0,2,0,0,0,0,0,0,"- ","- ",,,"SAN LUIS OBISPO","PASO ROBLES",-120.68040999999999,35.616112479999998
7149195,2015,2016-02-08,4004,2015-11-24,1629,1201,02,2,5,3,4004,0,0,0,,0,"2 4",SPRING,7TH,0.00,,Y,C,-,N,,,,,,,,,,N,4,0,1,2,A,-,08,22107,,N,B,C,A,B,H,-,A,A,0,,,,,Y,,A,01,0,0,1,0,0,0,0,0,0,"- ","- ",,,"SAN LUIS OBISPO","PASO ROBLES",-120.69095989,35.621510090000001
7157102,2016,2016-02-01,4008,2016-01-05,1222,3152,,2,5,4,4008,0,0,0,,0,,"EL CAMINO REAL","DEL RIO RD",574.00,S,N,C,-,N,,,,,,,,,,Y,4,0,1,2,A,-,09,21801,A,N,D,C,A,B,H,-,A,D,0,,,,,Y,,A,01,0,0,1,0,0,0,0,0,0,"- ","- ",,,"SAN LUIS OBISPO",ATASCADERO,-120.69697699,35.512317289999999
7159451,2016,2016-02-11,4004,2016-01-19,0953,1187,01,2,5,3,4004,0,0,0,,0,"1 5",RIVERSIDE,17TH,110.00,S,N,C,-,N,,,,,,,,,,Y,4,0,1,2,A,-,03,22350,,N,C,C,A,B,H,-,A,A,0,,,,,Y,,A,01,0,0,1,0,0,0,0,0,0,"- ","- ",,,"SAN LUIS OBISPO","PASO ROBLES",-120.68732845,35.631828370000001
7160127,2015,2016-01-21,4006,2015-12-03,0907,16380,,4,5,4,4006,0,0,0,,0,,OSOS,ROUNDHOUSE,4.00,N,N,A,-,N,,,,,,,,,,N,4,0,1,2,A,-,03,22350,,N,C,C,A,A,H,-,A,D,0,,,,,Y,,D,22,0,0,1,0,0,0,0,0,0,"- ","- ",,,"SAN LUIS OBISPO","SAN LUIS OBISPO",,
7160143,2015,2016-01-21,4006,2015-12-11,1001,69585,,5,5,4,4006,0,0,0,,0,,HIGUERA,"MARSH RD",0.00,,Y,C,-,N,,,,,,,,,,Y,4,0,1,3,A,-,12,21453,A,N,D,C,A,B,H,-,A,A,0,,,,,Y,,A,07,0,0,1,0,0,0,0,0,0,"- ","- ",,,"SAN LUIS OBISPO","SAN LUIS OBISPO",-120.66933988,35.27478
7160151,2015,2016-01-21,4006,2015-12-31,1331,16380,,4,5,4,4006,0,0,0,,0,,LAUREL,ORCUTT,664.00,E,N,A,-,N,,,,,,,,,,Y,4,0,2,3,A,-,03,22350,,N,C,C,A,A,H,-,A,D,0,,,,,Y,,A,01,0,0,2,0,0,0,0,0,0,"- ","- ",,,"SAN LUIS OBISPO","SAN LUIS OBISPO",-120.64239560999999,35.262948719999997
7160291,2015,2016-01-20,4006,2015-12-16,1709,69585,,3,5,4,4006,0,0,0,,0,,HIGUERA,"LAS PRADERAS",0.00,,Y,A,-,N,,,,,,,,,,Y,4,0,1,2,A,-,03,22350,,N,C,C,A,A,H,-,C,A,0,,,,,Y,,A,01,0,0,1,0,0,0,0,0,0,"- ","- ",,,"SAN LUIS OBISPO","SAN LUIS OBISPO",-120.67472998,35.245150090000003
7160311,2015,2016-01-20,4006,2015-12-23,1450,16380,,3,5,4,4006,0,0,0,,0,,"TANK FARM",BROAD,821.00,W,N,A,-,N,,,,,,,,,,N,4,0,1,2,A,-,03,22350,,N,C,C,A,A,H,-,A,A,0,,,,,Y,,A,01,0,0,1,0,0,0,0,0,0,"- ","- ",,,"SAN LUIS OBISPO","SAN LUIS OBISPO",-120.64551298000001,35.247399510000001
7160739,2015,2017-01-28,4006,2015-12-30,1406,16380,,3,5,4,4006,0,0,0,,0,,"RT 1",MURRAY,331.00,N,N,A,-,Y,SLO,5,1,-,-,17.170,H,-,N,Y,4,0,2,2,A,-,03,22350,,N,C,C,A,A,H,-,A,D,0,,,,,Y,,A,01,0,0,2,0,0,0,0,0,0,"- ","- ",,,"SAN LUIS OBISPO","SAN LUIS OBISPO",-120.66712573,35.291726250000004
7164665,2015,2017-02-03,4004,2015-12-25,1000,1133,03,5,5,3,4004,0,0,0,,0,034,"RT 46","GOLDEN HILL",0.00,,Y,A,-,Y,SLO,5,46,-,-,31.310,I,5,W,Y,4,0,1,2,A,-,12,21453,A,N,D,C,A,A,H,-,A,A,0,,,,,Y,,A,07,0,0,1,0,0,0,0,0,0,"- ","- ",,,"SAN LUIS OBISPO","PASO ROBLES",-120.65808991999999,35.644628570000002
7170302,2015,2016-01-28,4006,2015-12-11,1917,55155,,5,5,4,4006,0,0,0,,0,,"SANTA ROSA",OLIVE,65.00,N,N,A,-,N,,,,,,,,,,N,3,0,1,2,A,-,12,21453,A,N,G,B,D,A,H,-,C,A,0,Y,,,,Y,Y,N,60,0,1,0,0,1,0,0,0,0,"- ","- ",,,"SAN LUIS OBISPO","SAN LUIS OBISPO",-120.6644091,35.28768007
7170679,2015,2016-02-23,4001,2015-12-28,1212,P0106,46-3,1,5,3,4001,0,0,0,,0,OPERAT,"EL CAMINO REAL","STONERIDGE DR",513.00,E,N,A,-,N,,,,,,,,,,N,4,0,1,1,A,-,01,23152,E,N,E,I,A,A,H,-,A,D,0,,,,,Y,,D,22,0,0,1,0,0,0,0,0,0,"- ","- ",,,"SAN LUIS OBISPO","ARROYO GRANDE",,
7170701,2015,2016-01-29,4004,2015-12-19,1158,1277,01,6,5,3,4004,0,0,0,,0,"1 7",14TH,SPRING,11.00,W,N,B,-,N,,,,,,,,,,N,4,0,1,2,A,-,10,21950,A,N,G,B,B,B,H,-,A,D,0,Y,,,,Y,,A,07,0,0,1,0,1,0,0,0,0,"- ","- ",,,"SAN LUIS OBISPO","PASO ROBLES",-120.69161685,35.62875725
7170719,2015,2016-02-02,4001,2015-12-13,1850,P069,"46 1",7,5,3,4001,0,0,0,,0,OPERAT,"IDE ST","WHITELY ST",84.00,E,N,A,-,N,,,,,,,,,,Y,4,0,1,2,A,-,17,21700,,N,B,E,A,A,H,-,C,D,0,,,,,Y,,A,01,0,0,1,0,0,0,0,0,0,"- ","- ",,,"SAN LUIS OBISPO","ARROYO GRANDE",-120.57383402000001,35.122925090000003
7183454,2016,2016-02-22,4006,2016-01-08,1753,80908,,5,5,4,4006,0,0,0,,0,,"SANTA ROSA",MONTALBAN,160.00,N,N,A,-,N,,,,,,,,,,N,4,0,1,2,A,-,03,22350,,N,C,C,A,A,H,-,C,A,0,,,,,Y,,D,22,0,0,1,0,0,0,0,0,0,"- ","- ",,,"SAN LUIS OBISPO","SAN LUIS OBISPO",-120.66530675,35.288701770000003
7184630,2016,2016-02-23,4008,2016-01-09,0120,3114,,6,5,4,4008,0,0,0,,0,,"ATASCADERO AV","MARCHANT AV",0.00,,Y,C,-,N,,,,,,,,,,Y,4,0,1,1,A,-,01,23152,A,N,E,I,A,B,H,-,D,D,0,,,,,Y,Y,D,22,0,0,1,0,0,0,0,0,0,"- ","- ",,,"SAN LUIS OBISPO",ATASCADERO,-120.66376999000001,35.471950069999998
7184638,2016,2017-02-07,4008,2016-01-08,0737,1029,,5,5,4,4008,0,0,0,,0,,"MORRO RD","OLD MORRO RD EAST",1052.00,W,N,B,-,Y,SLO,5,41,-,-,13.900,H,-,S,Y,4,0,2,3,A,-,05,21650,,N,B,C,A,B,H,-,A,A,0,,,,,Y,,D,22,0,0,2,0,0,0,0,0,0,"- ","- ",35.461970000000001,-120.67674,"SAN LUIS OBISPO",ATASCADERO,-120.67957484,35.459791590000002
7186036,2016,2016-02-26,4006,2016-01-20,0722,16380,,3,5,4,4006,0,0,0,,0,,CHORRO,HIGUERA,0.00,,Y,A,-,N,,,,,,,,,,N,4,0,1,2,A,-,12,21453,A,N,D,C,A,B,-,-,A,A,0,,,,,Y,,A,08,0,0,1,0,0,0,0,0,0,"- ","- ",,,"SAN LUIS OBISPO","SAN LUIS OBISPO",-120.66291998,35.27988002
7186227,2016,2016-03-03,4006,2016-01-19,0844,69585,,2,5,4,4006,0,0,0,,0,,GRAND,LOOMIS,0.00,,Y,C,-,N,,,,,,,,,,Y,4,0,1,2,A,-,09,21802,A,N,D,C,A,B,H,-,A,A,0,,,,,Y,,A,01,0,0,1,0,0,0,0,0,0,"- ","- ",,,"SAN LUIS OBISPO","SAN LUIS OBISPO",-120.65328992000001,35.292380110000003
7186231,2016,2016-03-02,4006,2016-01-20,0905,16380,,3,5,4,4006,0,0,0,,0,,SACRAMENTO,CAPITOLIO,0.00,,Y,A,-,N,,,,,,,,,,N,4,0,1,2,A,-,09,21802,A,N,D,C,A,A,H,-,A,A,0,,,,,Y,,A,01,0,0,1,0,0,0,0,0,0,"- ","- ",,,"SAN LUIS OBISPO","SAN LUIS OBISPO",-120.64456993,35.257120030000003
7187262,2015,2016-03-02,4003,2015-12-03,2025,5086,5,4,5,2,4003,0,0,0,,0,001,"SOUTH BAY BL","STATE PARK RD",0.00,,Y,C,-,N,,,,,,,,,,Y,3,0,1,1,A,-,05,21650,A,N,E,I,A,B,H,-,D,D,0,,,,,Y,Y,A,01,0,1,0,0,0,0,0,0,0,"- ","- ",,,"SAN LUIS OBISPO","MORRO BAY",-120.82808,35.355050110000001
7187274,2015,2016-03-02,4003,2015-12-04,2126,1561,3,5,5,2,4003,0,0,0,,0,001,"HARBOR ST","MORRO BAY BL",45.00,N,N,A,-,N,,,,,,,,,,Y,3,0,1,1,A,-,01,23152,A,N,E,I,A,A,H,-,C,D,0,,,,,Y,Y,A,01,0,1,0,0,0,0,0,0,0,"- ","- ",,,"SAN LUIS OBISPO","MORRO BAY",-120.84352875,35.366106989999999
7188135,2015,2016-02-19,4008,2015-12-31,0315,3125,,4,5,4,4008,0,0,0,,0,,"ATASCADERO MALL","ARDILLA RD",0.00,,Y,C,-,N,,,,,,,,,,N,2,0,1,1,A,-,00,23103,A,F,E,I,A,B,H,-,C,D,0,,,,,Y,Y,A,07,1,0,0,0,0,0,0,0,0,"- ","- ",35.48706,-120.66905,"SAN LUIS OBISPO",ATASCADERO,-120.66918995,35.487090090000002
7188235,2016,2017-02-07,4008,2016-01-19,1753,3543,,2,5,4,4008,0,0,0,,0,,"MORRO RD","RT 101",333.00,W,N,A,-,Y,SLO,5,41,-,-,15.800,H,-,N,Y,4,0,1,2,A,-,09,21804,,N,A,C,A,A,H,-,D,A,0,,,,,Y,,A,01,0,0,1,0,0,0,0,0,0,"- ",SO,,,"SAN LUIS OBISPO",ATASCADERO,-120.66549523,35.483957099999998
7190563,2016,2018-09-26,4002,2016-08-27,2156,368,102,6,5,3,4002,0,0,0,,0,002,"S 7TH ST","W GRAND AV",0.00,,Y,A,-,N,,,,,,,,,,N,1,1,1,3,A,-,10,21950,A,F,G,B,B,A,H,-,C,A,0,Y,,,,Y,Y,A,01,1,0,0,1,1,0,0,0,0,"- ","- ",,,"SAN LUIS OBISPO","GROVER BEACH",-120.62271996,35.121610089999997
7190983,2016,2016-02-24,4004,2016-01-19,0805,0657,01,2,5,3,4004,0,0,0,,0,1-1,SPRING,"36TH ST",20.00,N,N,C,-,N,,,,,,,,,,Y,4,0,2,2,A,-,09,21802,A,N,D,C,A,B,H,-,A,D,0,,,,,Y,,A,07,0,0,2,0,0,0,0,0,0,"- ","- ",,,"SAN LUIS OBISPO","PASO ROBLES",-120.69351392,35.651744839999999
7191119,2016,2016-03-07,4004,2016-02-02,1829,1201,01,2,5,3,4004,0,0,0,,0,014,RIVERSIDE,24TH,0.00,,Y,A,-,N,,,,,,,,,,Y,4,0,2,2,A,-,12,21453,A,N,D,C,A,A,H,-,C,A,0,,,,,Y,,A,01,0,0,2,0,0,0,0,0,0,"- ","- ",,,"SAN LUIS OBISPO","PASO ROBLES",-120.68809996,35.63979003
7195598,2016,2016-03-02,4004,2016-02-20,1524,1187,04,6,5,3,4004,0,0,0,,0,045,"S RIVER","OAK HILL",286.00,S,N,A,-,N,,,,,,,,,,Y,4,0,2,2,A,-,09,21804,A,N,D,C,A,A,H,-,A,A,0,,,,,Y,,A,01,0,0,2,0,0,0,0,0,0,"- ","- ",,,"SAN LUIS OBISPO","PASO ROBLES",-120.68012529000001,35.613056469999997
7195877,2016,2016-02-29,4004,2016-01-12,0815,1206,04,2,5,3,4004,0,0,0,,0,"4 1",CRESTON,MARLBANK,291.00,E,N,A,-,N,,,,,,,,,,N,4,0,1,2,A,-,12,21453,A,N,D,C,A,B,H,-,A,A,0,,,,,Y,Y,A,01,0,0,1,0,0,0,0,0,0,"- ","- ",35.636879999999998,-120.6545,"SAN LUIS OBISPO","PASO ROBLES",-120.67061979,35.625263089999997
7197314,2016,2016-03-02,4006,2016-02-16,1707,16380,,2,5,4,4006,0,0,0,,0,,HIGUERA,HIGH,4.00,S,N,A,-,N,,,,,,,,,,N,4,0,1,2,A,-,10,21950,A,F,G,B,B,A,H,-,A,A,0,Y,,,,Y,,A,01,0,0,1,0,1,0,0,0,0,"- ","- ",,,"SAN LUIS OBISPO","SAN LUIS OBISPO",-120.66980212999999,35.272189150000003
7197627,2016,2016-03-11,4005,2016-02-13,0649,P081,2,6,5,2,4005,0,0,0,,0,,SOLANO,SPYGLASS,303.00,E,N,A,-,N,,,,,,,,,,Y,3,0,1,3,C,-,18,,,N,B,B,E,A,H,-,A,D,0,Y,,,,Y,,-,"- ",0,1,0,0,1,0,0,0,0,"- ","- ",,,"SAN LUIS OBISPO","PISMO BEACH",-120.68724673,35.162520499999999
7198755,2016,2016-03-09,4006,2016-02-18,1358,69585,,4,5,4,4006,0,0,0,,0,,"SANTA ROSA AV",LEFF,0.00,,Y,A,-,N,,,,,,,,,,,4,0,1,2,A,-,09,21802,A,N,D,C,A,A,H,-,A,B,0,,,,,Y,,A,08,0,0,1,0,0,0,0,0,0,"- ","- ",,,"SAN LUIS OBISPO","SAN LUIS OBISPO",-120.65531989999999,35.277340090000003
7200089,2017,2019-04-08,4004,2017-04-02,0833,0928,03,7,5,3,4004,0,0,0,,0,033,"RT 46","BUENA VISTA",0.00,,Y,A,-,Y,SLO,5,46,-,-,30.513,I,5,W,Y,1,2,3,2,A,-,12,21453,A,N,D,C,A,A,H,-,A,A,0,,,,,Y,,A,07,0,2,1,0,0,0,0,0,0,"- ","- ",,,"SAN LUIS OBISPO","PASO ROBLES",-120.67176738000001,35.64462923
7203841,2016,2016-03-11,4006,2016-02-02,1555,16380,,2,5,4,4006,0,0,0,,0,,FOOTHILL,CASA,0.00,,Y,A,-,N,,,,,,,,,,Y,4,0,3,2,A,-,09,21801,A,N,D,C,A,A,H,-,A,A,0,,,,,Y,,A,07,0,0,3,0,0,0,0,0,0,"- ","- ",,,"SAN LUIS OBISPO","SAN LUIS OBISPO",-120.66582990000001,35.29431005
7203845,2016,2016-03-11,4006,2016-02-25,2028,59350,,4,5,4,4006,0,0,0,,0,,CHORRO,PEACH,0.00,,Y,A,-,N,,,,,,,,,,N,3,0,1,2,A,-,11,21954,A,N,G,B,D,A,H,-,C,A,0,Y,,,,Y,,N,60,0,1,0,0,1,0,0,0,0,"- ","- ",,,"SAN LUIS OBISPO","SAN LUIS OBISPO",-120.66568989,35.283060030000001
7203849,2016,2016-03-11,4006,2016-02-02,1820,69585,,2,5,4,4006,0,0,0,,0,,HIGUERA,MARGARITA,0.00,,Y,A,-,N,,,,,,,,,,Y,3,0,1,2,A,-,09,21801,A,N,A,C,A,A,H,-,C,A,0,,,,,Y,,A,01,0,1,0,0,0,0,0,0,0,"- ","- ",,,"SAN LUIS OBISPO","SAN LUIS OBISPO",-120.66865986000001,35.257060099999997
7203853,2016,2016-03-11,4006,2016-02-03,0947,16380,,3,5,4,4006,0,0,0,,0,,"SANTA ROSA",MILL,0.00,,Y,A,-,N,,,,,,,,,,Y,4,0,2,2,A,-,12,21453,A,N,D,C,A,A,H,-,A,A,0,,,,,Y,,A,07,0,0,2,0,0,0,0,0,0,"- ","- ",,,"SAN LUIS OBISPO","SAN LUIS OBISPO",-120.66146996000001,35.284320090000001
7203865,2016,2016-03-11,4006,2016-02-04,1523,69585,,4,5,4,4006,0,0,0,,0,,"TAFT AV",CALIFORNIA,41.00,E,N,A,-,N,,,,,,,,,,,4,0,1,2,A,-,03,22350,,N,C,C,A,A,D,-,A,D,0,,,,,Y,,A,07,0,0,1,0,0,0,0,0,0,"- ","- ",,,"SAN LUIS OBISPO","SAN LUIS OBISPO",-120.66018231,35.29095804
7205914,2016,2016-03-22,4004,2016-03-03,1621,1208,01,4,5,3,4004,0,0,0,,0,1-3,24TH,PARK,0.00,,Y,A,-,N,,,,,,,,,,Y,4,0,1,2,A,-,08,22107,,N,B,C,A,A,H,-,A,D,0,,,,,Y,,A,01,0,0,1,0,0,0,0,0,0,"- ","- ",,,"SAN LUIS OBISPO","PASO ROBLES",-120.69116986,35.639240010000002
7206020,2016,2017-02-11,4006,2016-02-19,2059,32625,,5,5,4,4006,0,0,0,,0,,"LOS OSOS VALLEY","RT 101",0.00,,Y,A,-,Y,SLO,5,101,-,-,25.860,R,3,S,Y,4,0,1,1,A,-,08,22101,D,N,E,I,A,A,D,-,D,A,0,,,,,Y,,A,01,0,0,1,0,0,0,0,0,0,"- ","- ",,,"SAN LUIS OBISPO","SAN LUIS OBISPO",-120.68263319,35.244134129999999
7206317,2016,2016-03-22,4001,2016-02-03,0738,P0106,461,3,5,3,4001,0,0,0,,0,OPERAT,"FAIR OAKS AV","CALIFORNIA ST",163.00,W,N,A,-,N,,,,,,,,,,N,4,0,1,2,A,-,05,21650,1,N,D,G,A,A,H,-,A,D,0,,Y,,,Y,,L,04,0,0,1,0,0,0,1,0,0,"- ","- ",,,"SAN LUIS OBISPO","ARROYO GRANDE",-120.58008828,35.11778778
7206845,2016,2016-08-24,4001,2016-02-05,1240,P0106,46,5,5,3,4001,0,0,0,,0,,"N HALCYON RD","EL CAMINO REAL",210.00,S,N,A,-,N,,,,,,,,,,N,4,0,2,2,A,-,03,22350,,N,C,C,A,A,H,-,A,A,0,,,,,Y,,A,01,0,0,2,0,0,0,0,0,0,"- ","- ",,,"SAN LUIS OBISPO","ARROYO GRANDE",-120.59158641000001,35.122553189999998
7207961,2016,2016-03-21,4008,2016-02-26,0947,4050,,5,5,4,4008,0,0,0,,0,,"EL CAMINO REAL","PALOMAR AV",142.00,S,N,A,-,N,,,,,,,,,,Y,4,0,1,2,A,-,03,22350,,N,C,C,A,A,H,-,A,-,0,,,,,Y,,-,,0,0,1,0,0,0,0,0,0,"- ","- ",,,"SAN LUIS OBISPO",ATASCADERO,-120.65450685,35.474510629999997
7209887,2016,2016-03-21,4006,2016-03-03,1314,69585,,4,5,4,4006,0,0,0,,0,,HIGUERA,CARMEL,0.00,,Y,A,-,N,,,,,,,,,,N,4,0,1,2,A,-,05,21650,1,N,D,G,A,A,H,-,A,A,0,,Y,,,Y,,L,04,0,0,1,0,0,0,1,0,0,"- ","- ",,,"SAN LUIS OBISPO","SAN LUIS OBISPO",-120.6685099,35.27624007
7209909,2016,2016-04-06,4006,2016-02-28,2228,50580,,7,5,4,4006,0,0,0,,0,,FOOTHILL,BROAD,0.00,,Y,A,-,N,,,,,,,,,,Y,4,0,5,2,A,-,09,21804,A,N,D,C,A,-,H,-,C,A,0,,,,,Y,,A,01,0,0,5,0,0,0,0,0,0,"- ","- ",,,"SAN LUIS OBISPO","SAN LUIS OBISPO",-120.67169997000001,35.294100049999997
8000025,2016,2016-03-28,4006,2016-02-06,1602,80908,,6,5,4,4006,0,0,0,,0,,PISMO,BEACH,0.00,,Y,A,-,N,,,,,,,,,,Y,3,0,3,4,A,-,09,21802,A,N,D,C,A,A,H,-,A,A,0,,,,,Y,,A,01,0,3,0,0,0,0,0,0,0,"- ","- ",,,"SAN LUIS OBISPO","SAN LUIS OBISPO",-120.66506996,35.275060029999999
8003411,2016,2016-03-28,4006,2016-03-08,1253,69585,,2,5,4,4006,0,0,0,,0,,HIGUERA,"LAS PRADERAS",182.00,N,N,A,-,N,,,,,,,,,,N,3,0,1,2,A,-,09,21802,A,N,D,G,A,A,H,-,A,A,0,,Y,,,Y,,A,01,0,1,0,0,0,0,1,0,0,"- ","- ",,,"SAN LUIS OBISPO","SAN LUIS OBISPO",-120.67445469,35.24559601
8011255,2016,2017-02-11,4006,2016-03-17,1800,59980,,4,5,4,4006,0,0,0,,0,,"RT 1",HIGHLAND,0.00,,Y,A,-,Y,SLO,5,1,-,-,17.790,H,-,N,N,4,0,1,2,A,-,03,22350,,F,C,C,A,A,H,-,A,A,0,,,,,Y,,D,22,0,0,1,0,0,0,0,0,0,"- ","- ",,,"SAN LUIS OBISPO","SAN LUIS OBISPO",-120.67366634,35.298393879999999
8011628,2016,2016-04-11,4006,2016-03-29,0758,16380,,2,5,4,4006,0,0,0,,0,,CALIFORNIA,MONTEREY,0.00,,Y,A,-,N,,,,,,,,,,N,4,0,1,2,A,-,12,21453,A,F,D,G,A,A,H,-,A,A,0,,Y,,,Y,,L,04,0,0,1,0,0,0,1,0,0,"- ","- ",,,"SAN LUIS OBISPO","SAN LUIS OBISPO",-120.65460997,35.286110049999998
8011636,2016,2016-04-11,4006,2016-03-27,1210,55150,,7,5,4,4006,0,0,0,,0,,MADONNA,"MADONNA INN",0.00,,Y,A,-,N,,,,,,,,,,N,3,0,1,2,A,-,10,21950,A,N,D,B,B,A,H,-,A,A,0,Y,,,,Y,,A,01,0,1,0,0,1,0,0,0,0,"- ","- ",,,"SAN LUIS OBISPO","SAN LUIS OBISPO",-120.67572713,35.264480210000002
8012672,2016,2017-02-11,4006,2016-03-28,1630,16380,,1,5,4,4006,0,0,0,,0,,"RT 1",BOYSEN,20.00,S,N,A,-,Y,SLO,5,1,-,-,17.490,H,-,S,N,4,0,1,2,A,-,03,22350,,N,C,C,A,A,H,-,A,D,0,,,,,Y,,A,07,0,0,1,0,0,0,0,0,0,"- ","- ",,,"SAN LUIS OBISPO","SAN LUIS OBISPO",-120.66943956,35.295676380000003
8013881,2016,2016-04-06,4006,2016-03-18,1302,16380,,5,5,4,4006,0,0,0,,0,,NIPOMO,PALM,0.00,,Y,A,-,N,,,,,,,,,,N,4,0,1,2,A,-,06,21750,,N,D,G,A,A,H,-,A,D,0,,Y,,,Y,,L,04,0,0,1,0,0,0,1,0,0,"- ","- ",,,"SAN LUIS OBISPO","SAN LUIS OBISPO",-120.66715988999999,35.279720019999999
8018322,2016,2016-04-26,4008,2016-04-01,1241,3152,,5,5,4,4008,0,0,0,,0,,"SAN GABRIEL RD","SAN GUILLERMO LN",718.00,E,N,A,-,N,,,,,,,,,,Y,4,0,1,1,A,-,03,22350,,N,E,I,A,A,H,-,A,D,0,,,,,Y,,A,01,0,0,1,0,0,0,0,0,0,"- ","- ",35.458289999999998,-120.65998,"SAN LUIS OBISPO",ATASCADERO,-120.65757223,35.458893600000003
8020625,2016,2016-04-13,4004,2016-03-21,1255,1206,02,1,5,3,4004,0,0,0,,0,027,"SOUTH VINE","CUERNO LARGO",0.00,,Y,A,-,N,,,,,,,,,,N,3,0,1,2,A,-,03,22350,,N,C,C,A,A,H,-,A,D,0,,,,,Y,,A,01,0,1,0,0,0,0,0,0,0,"- ","- ",,,"SAN LUIS OBISPO","PASO ROBLES",-120.6946399,35.598360040000003
8020629,2016,2016-04-13,4004,2016-03-11,1919,0890,04,5,5,3,4004,0,0,0,,0,042,CRESTON,MELODY,0.00,,Y,B,-,N,,,,,,,,,,Y,4,0,2,2,A,-,12,21453,A,N,D,C,A,B,H,-,C,A,0,,,,,Y,,A,01,0,0,2,0,0,0,0,0,0,"- ","- ",,,"SAN LUIS OBISPO","PASO ROBLES",-120.66266994,35.62327003
8022243,2016,2016-04-19,4001,2016-03-17,1812,P0128,46-1,4,5,3,4001,0,0,0,,0,OPERAT,"E BRANCH ST","SHORT ST",0.00,,N,A,-,N,,,,,,,,,,N,3,0,1,2,A,-,10,21950,A,N,G,B,B,A,H,-,A,A,0,Y,,,,Y,,A,01,0,1,0,0,1,0,0,0,0,"- ","- ",,,"SAN LUIS OBISPO","ARROYO GRANDE",-120.577653,35.123967
8026727,2016,2016-04-25,4006,2016-04-03,1934,61520,,7,5,4,4006,0,0,0,,0,,"LOS OSOS VALLEY","FROOM RANCH",0.00,,Y,B,-,N,,,,,,,,,,Y,4,0,1,2,A,-,12,21453,A,N,D,C,A,A,H,-,C,A,0,,,,,Y,Y,A,07,0,0,1,0,0,0,0,0,0,"- ","- ",,,"SAN LUIS OBISPO","SAN LUIS OBISPO",-120.68763998,35.252530020000002