CASE_ID,ACCIDENT_YEAR,PROC_DATE,JURIS,COLLISION_DATE,COLLISION_TIME,OFFICER_ID,REPORTING_DISTRICT,DAY_OF_WEEK,CHP_SHIFT,POPULATION,CNTY_CITY_LOC,SPECIAL_COND,BEAT_TYPE,CHP_BEAT_TYPE,CITY_DIVISION_LAPD,CHP_BEAT_CLASS,BEAT_NUMBER,PRIMARY_RD,SECONDARY_RD,DISTANCE,DIRECTION,INTERSECTION,WEATHER_1,WEATHER_2,STATE_HWY_IND,CALTRANS_COUNTY,CALTRANS_DISTRICT,STATE_ROUTE,ROUTE_SUFFIX,POSTMILE_PREFIX,POSTMILE,LOCATION_TYPE,RAMP_INTERSECTION,SIDE_OF_HWY,TOW_AWAY,COLLISION_SEVERITY,NUMBER_KILLED,NUMBER_INJURED,PARTY_COUNT,PRIMARY_COLL_FACTOR,PCF_CODE_OF_VIOL,PCF_VIOL_CATEGORY,PCF_VIOLATION,PCF_VIOL_SUBSECTION,HIT_AND_RUN,TYPE_OF_COLLISION,MVIW,PED_ACTION,ROAD_SURFACE,ROAD_COND_1,ROAD_COND_2,LIGHTING,CONTROL_DEVICE,CHP_ROAD_TYPE,PEDESTRIAN_ACCIDENT,BICYCLE_ACCIDENT,MOTORCYCLE_ACCIDENT,TRUCK_ACCIDENT,NOT_PRIVATE_PROPERTY,ALCOHOL_INVOLVED,STWD_VEHTYPE_AT_FAULT,CHP_VEHTYPE_AT_FAULT,COUNT_SEVERE_INJ,COUNT_VISIBLE_INJ,COUNT_COMPLAINT_PAIN,COUNT_PED_KILLED,COUNT_PED_INJURED,COUNT_BICYCLIST_KILLED,COUNT_BICYCLIST_INJURED,COUNT_MC_KILLED,COUNT_MC_INJURED,PRIMARY_RAMP,SECONDARY_RAMP,LATITUDE,LONGITUDE,COUNTY,CITY,POINT_X,POINT_Y
8027232,2016,2016-04-29,4004,2016-04-05,1843,1277,04,2,5,3,4004,0,0,0,,0,041,"CRAZY HORSE",NAVAJO,93.00,E,N,A,-,N,,,,,,,,,,Y,4,0,1,2,A,-,03,22350,,N,C,E,A,A,H,-,A,D,0,,,,,Y,,A,08,0,0,1,0,0,0,0,0,0,"- ","- ",,,"SAN LUIS OBISPO","PASO ROBLES",-120.67723725,35.621513280000002
8030811,2016,2016-05-16,4003,2016-03-28,1829,P2413,3,1,5,2,4003,0,0,0,,0,001,"QUINTANA RD W","MAIN ST N",0.00,,Y,A,-,N,,,,,,,,,,N,4,0,1,2,D,-,00,,,N,G,B,B,A,H,-,A,A,0,Y,,,,Y,,-,"- ",0,0,1,0,1,0,0,0,0,"- ","- ",,,"SAN LUIS OBISPO","MORRO BAY",-120.85024994,35.371350049999997
8030819,2015,2017-01-14,4003,2015-11-17,1723,P2413,10,2,5,2,4003,0,0,0,,0,002,"YERBA BUENA","RT 1",0.00,,Y,A,-,Y,SLO,5,1,-,-,31.970,I,5,N,Y,4,0,2,2,A,-,03,22350,,N,C,C,A,A,H,-,B,A,0,,,,,Y,,A,01,0,0,2,0,0,0,0,0,0,"- ","- ",,,"SAN LUIS OBISPO","MORRO BAY",-120.86760834,35.404166269999997
8030916,2015,2016-05-04,4003,2015-10-15,2044,L3701,2,4,5,2,4003,0,0,0,,0,001,"MAIN ST","WALNUT ST",0.00,,Y,A,-,N,,,,,,,,,,N,3,0,1,2,A,-,17,21208,A,F,B,G,A,A,H,-,D,A,0,,Y,,,Y,Y,L,04,0,1,0,0,0,0,1,0,0,"- ","- ",,,"SAN LUIS OBISPO","MORRO BAY",-120.84786998,35.3572001
8033790,2016,2016-05-10,4002,2016-04-11,1920,311,209,1,5,3,4002,0,0,0,,0,002,"FARROLL RD","FARROLL RD 1400 BLOCK",0.00,,N,A,-,N,,,,,,,,,,N,3,0,1,2,A,-,08,22107,,N,D,G,A,A,H,-,A,A,0,,Y,,,Y,,L,04,0,1,0,0,0,0,1,0,0,"- ","- ",,,"SAN LUIS OBISPO","GROVER BEACH",,
8034632,2016,2016-05-04,4006,2016-04-06,1241,61680,,3,5,4,4006,0,0,0,,0,,JOHNSON,FIXLINI,176.00,N,N,A,-,N,,,,,,,,,,Y,3,0,1,3,A,-,03,22350,A,N,C,C,A,A,H,-,A,D,0,,,Y,Y,Y,,A,07,0,1,0,0,0,0,0,0,1,"- ","- ",,,"SAN LUIS OBISPO","SAN LUIS OBISPO",-120.64841688,35.276630789999999
8034646,2016,2016-05-04,4006,2016-04-18,1643,69585,,1,5,4,4006,0,0,0,,0,,HIGUERA,BRIDGE,498.00,S,N,A,-,N,,,,,,,,,,Y,3,0,2,2,A,-,03,22350,,N,C,C,A,A,H,-,A,A,0,,,,,Y,,A,01,0,1,1,0,0,0,0,0,0,"- ","- ",,,"SAN LUIS OBISPO","SAN LUIS OBISPO",-120.67046352,35.265852330000001
8034648,2016,2016-05-04,4006,2016-04-20,1223,49251,SLO,3,5,4,4006,0,0,0,,0,ZONE2,"S HIGUERA",GRANADA,9.00,N,N,A,-,N,,,,,,,,,,N,3,0,1,2,A,-,03,22350,,N,D,C,A,A,H,-,A,A,0,,Y,,,Y,,L,04,0,1,0,0,0,0,1,0,0,"- ","- ",,,"SAN LUIS OBISPO","SAN LUIS OBISPO",-120.67107688,35.251152249999997
8034650,2016,2016-05-04,4006,2016-04-13,1715,61680,,3,5,4,4006,0,0,0,,0,,"CALIFORNIA BL","MONTEREY ST",0.00,,Y,A,-,N,,,,,,,,,,N,4,0,1,2,D,-,00,,,N,B,G,A,A,H,-,A,A,0,,Y,,,Y,,-,"- ",0,0,1,0,0,0,1,0,0,"- ","- ",,,"SAN LUIS OBISPO","SAN LUIS OBISPO",-120.65460997,35.286110049999998
8034659,2016,2017-02-14,4006,2016-04-20,1204,61680,,3,5,4,4006,0,0,0,,0,,"SANTA ROSA",FOOTHILL,0.00,,Y,A,-,Y,SLO,5,1,-,-,17.360,H,-,S,Y,4,0,2,2,A,-,03,22350,A,N,C,C,A,A,H,-,A,A,0,,,,,Y,,A,01,0,0,2,0,0,0,0,0,0,"- ","- ",,,"SAN LUIS OBISPO","SAN LUIS OBISPO",-120.6681966,35.294274090000002
8040371,2016,2017-02-18,4006,2016-04-29,0853,80908,,5,5,4,4006,0,0,0,,0,,"LOS OSOS VALLEY RD","RT 101",0.00,,Y,B,-,Y,SLO,5,101,-,-,26.070,R,4,S,Y,4,0,1,2,A,-,09,21800,A,N,D,C,A,A,H,-,A,A,0,,,Y,,Y,,A,01,0,0,1,0,0,0,0,0,1,"- ",SF,,,"SAN LUIS OBISPO","SAN LUIS OBISPO",-120.68101695,35.246822770000001
8042144,2016,2016-06-01,4008,2016-05-20,1051,4080,,5,5,4,4008,0,0,0,,0,,"SANTA LUCIA RD","PORTOLA RD",435.00,W,N,A,-,N,,,,,,,,,,Y,3,0,2,2,A,-,05,21650,,N,A,C,A,A,H,-,A,D,0,,,,,Y,,A,01,0,1,1,0,0,0,0,0,0,"- ","- ",35.482970000000002,-120.68371999999999,"SAN LUIS OBISPO",ATASCADERO,-120.68509751000001,35.482670110000001
8043634,2016,2016-05-24,4006,2016-03-30,2017,59350,,3,5,4,4006,0,0,0,,0,,"LOS OSOS VALLEY RD","ROYAL WY",0.00,,Y,A,-,N,,,,,,,,,,Y,4,0,1,2,A,-,09,21801,A,N,D,C,A,A,H,-,A,A,0,,,,,Y,,A,01,0,0,1,0,0,0,0,0,0,"- ","- ",,,"SAN LUIS OBISPO","SAN LUIS OBISPO",-120.69255986,35.258609999999997
8043950,2016,2017-02-14,4008,2016-04-22,1424,3152,,5,5,4,4008,0,0,0,,0,,"MORRO RD","ATASCADERO AV",457.00,W,N,C,-,Y,SLO,5,41,-,-,15.480,H,-,N,Y,4,0,1,2,A,-,03,22350,,N,C,C,A,B,H,-,A,A,0,,,,,Y,,A,01,0,0,1,0,0,0,0,0,0,"- ","- ",35.48077,-120.66656,"SAN LUIS OBISPO",ATASCADERO,-120.66682206,35.479378359999998
8046164,2016,2016-05-23,4001,2016-04-12,0750,P0106,461,2,5,3,4001,0,0,0,,0,,"FAIR OAKS AV","VALLEY RD",370.00,E,N,A,-,N,,,,,,,,,,Y,4,0,1,2,A,-,08,22100,A,N,D,C,A,A,H,-,A,D,0,,,,,Y,,A,01,0,0,1,0,0,0,0,0,0,"- ","- ",,,"SAN LUIS OBISPO","ARROYO GRANDE",-120.58167229999999,35.116939510000002
8046176,2016,2016-05-20,4001,2016-04-20,1505,P0106,461,3,5,3,4001,0,0,0,,0,,"FAIR OAKS AV","CALIFORNIA ST",180.00,W,N,A,-,N,,,,,,,,,,N,4,0,2,2,A,-,09,21804,A,N,D,C,A,A,H,-,A,D,0,,,,,Y,,A,01,0,0,2,0,0,0,0,0,0,"- ","- ",,,"SAN LUIS OBISPO","ARROYO GRANDE",-120.58013579,35.117762159999998
8048307,2016,2016-05-27,4006,2016-05-09,1329,69585,,1,5,4,4006,0,0,0,,0,,JOHNSON,ELLA,39.00,N,N,A,-,N,,,,,,,,,,,4,0,2,3,A,-,03,22350,,N,C,C,A,A,H,-,A,A,0,,,,,Y,,D,22,0,0,2,0,0,0,0,0,0,"- ","- ",,,"SAN LUIS OBISPO","SAN LUIS OBISPO",-120.64916687,35.277476620000002
8050581,2016,2016-06-14,4006,2016-05-09,1125,69585,,1,5,4,4006,0,0,0,,0,,HIGUERA,OSOS,0.00,,Y,A,-,N,,,,,,,,,,,3,0,1,2,A,-,10,21950,A,N,G,B,B,A,H,-,A,A,0,Y,,,,Y,,D,22,0,1,0,0,1,0,0,0,0,"- ","- ",,,"SAN LUIS OBISPO","SAN LUIS OBISPO",-120.66077998,35.281160010000001
8050605,2016,2016-06-11,4006,2016-05-25,0645,16380,,3,5,4,4006,0,0,0,,0,,MADONNA,HIGUERA,50.00,W,N,A,-,N,,,,,,,,,,N,4,0,1,1,D,-,00,,,N,H,I,A,A,H,-,A,D,0,,,Y,,Y,,-,"- ",0,0,1,0,0,0,0,0,1,"- ","- ",,,"SAN LUIS OBISPO","SAN LUIS OBISPO",-120.67061394,35.268167419999997
8053562,2016,2017-02-14,4006,2016-05-12,0902,16380,,4,5,4,4006,0,0,0,,0,,"RT 1",OLIVE,0.00,,Y,A,-,Y,SLO,5,1,-,-,16.850,I,5,S,N,4,0,2,3,A,-,03,22350,,N,C,C,A,A,H,-,A,A,0,,,,,Y,,D,22,0,0,2,0,0,0,0,0,0,"- ","- ",,,"SAN LUIS OBISPO","SAN LUIS OBISPO",-120.66432997,35.287483960000003
8053716,2016,2016-06-06,4006,2016-05-15,2147,61520,,7,5,4,4006,0,0,0,,0,,"LOS OSOS VALLEY","LOS VERDES",464.00,N,N,A,-,N,,,,,,,,,,N,3,0,1,2,A,-,17,21208,A,N,C,G,A,A,H,-,C,A,0,,Y,,,Y,,L,04,0,1,0,0,0,0,1,0,0,"- ","- ",,,"SAN LUIS OBISPO","SAN LUIS OBISPO",-120.67816000000001,35.242429999999999
8053724,2016,2017-02-14,4006,2016-05-20,1318,80908,,5,5,4,4006,0,0,0,,0,,"SANTA ROSA",FOOTHILL,0.00,,Y,A,-,Y,SLO,5,1,-,-,17.360,H,-,S,N,2,0,1,2,A,-,03,22350,,N,C,C,A,A,H,-,A,A,0,,,Y,,Y,,C,03,1,0,0,0,0,0,0,0,1,"- ","- ",,,"SAN LUIS OBISPO","SAN LUIS OBISPO",-120.6681966,35.294274090000002
8059348,2016,2016-07-13,4005,2016-05-18,1655,P068,2,3,5,2,4005,0,0,0,,0,,"SHELL BEACH RD","SPYGLASS DR",0.00,,Y,A,-,N,,,,,,,,,,N,4,0,1,2,A,-,09,21802,A,N,D,G,A,A,H,-,A,D,0,,Y,,,Y,Y,A,01,0,0,1,0,0,0,1,0,0,"- ","- ",,,"SAN LUIS OBISPO","PISMO BEACH",-120.68768995000001,35.163610069999997
8060815,2016,2017-02-14,4006,2016-05-23,1538,16380,,1,5,4,4006,0,0,0,,0,,"RT 1",MONTALBAN,1.00,N,N,A,-,Y,SLO,5,1,-,-,16.920,I,5,N,N,4,0,1,2,A,-,10,21950,A,N,G,B,B,A,H,-,A,A,0,Y,,,,Y,,A,01,0,0,1,0,1,0,0,0,0,"- ","- ",,,"SAN LUIS OBISPO","SAN LUIS OBISPO",-120.66497357999999,35.288348280000001
8061116,2016,2016-12-08,4005,2016-07-04,1310,P085,3,1,5,2,4005,0,0,0,,0,,"PRICE ST",FRANKLIN,0.00,,Y,A,-,N,,,,,,,,,,N,4,0,1,2,A,-,08,22107,,N,D,G,A,A,H,-,A,D,0,,Y,,,Y,,A,01,0,0,1,0,0,0,1,0,0,"- ","- ",,,"SAN LUIS OBISPO","PISMO BEACH",-120.64751099999999,35.147970000000001
8063842,2016,2017-02-18,4001,2016-05-12,1025,P0106,46-2,4,5,3,4001,0,0,0,,0,,"N OAK PARK BL","WEST BRANCH ST",0.00,,Y,A,-,Y,SLO,5,101,-,-,14.304,R,4,N,Y,4,0,1,2,A,-,12,21453,A,N,D,C,A,A,H,-,A,A,0,,,,,Y,,A,01,0,0,1,0,0,0,0,0,0,"- ","- ",,,"SAN LUIS OBISPO","ARROYO GRANDE",-120.60168035,35.128562240000001
8063850,2016,2016-06-20,4001,2016-05-31,1823,P0131,46-2,2,5,3,4001,0,0,0,,0,OPERAT,"CAMINO MERCADO","WEST BRANCH ST",0.00,,Y,A,-,N,,,,,,,,,,Y,4,0,1,2,A,-,09,21453,C,N,A,C,A,A,H,-,A,A,0,,,,,Y,,D,22,0,0,1,0,0,0,0,0,0,"- ","- ",,,"SAN LUIS OBISPO","ARROYO GRANDE",-120.60097991000001,35.12895005
8064685,2016,2016-06-17,4002,2016-05-30,1637,687,101,1,5,3,4002,0,0,0,,0,001,"N 4TH ST","SARATOGA AV",0.00,,Y,A,-,N,,,,,,,,,,Y,3,0,1,2,A,-,01,23152,B,N,D,C,A,A,H,-,A,A,0,,,,,Y,Y,D,22,0,1,0,0,0,0,0,0,0,"- ","- ",,,"SAN LUIS OBISPO","GROVER BEACH",-120.62607986,35.12667003
8064792,2016,2016-08-29,4002,2016-05-19,1302,478,202,4,5,3,4002,0,0,0,,0,002,"W GRAND AV","W GRAND AV 400",0.00,,-,A,-,N,,,,,,,,,,Y,3,0,1,3,A,-,08,22107,,N,G,E,A,A,H,-,A,D,0,,,,,Y,,A,01,0,1,0,0,0,0,0,0,0,"- ","- ",,,"SAN LUIS OBISPO","GROVER BEACH",-120.62643885999999,35.121776300000001
8064797,2016,2016-06-16,4002,2016-06-07,1807,687,212,2,5,3,4002,0,0,0,,0,002,"THE PIKE","TAMERA DR",53.00,E,N,A,-,N,,,,,,,,,,N,4,0,1,2,A,-,08,22107,,N,D,C,A,A,H,-,A,A,0,,,,,Y,,A,01,0,0,1,0,0,0,0,0,0,"- ","- ",,,"SAN LUIS OBISPO","GROVER BEACH",-120.60453319,35.106590930000003
8064835,2016,2016-08-29,4002,2016-05-02,1605,478,104,1,5,3,4002,0,0,0,,0,001,"N OAK PARK BL","BRIGHTON AV",0.00,,Y,A,-,N,,,,,,,,,,N,4,0,1,2,A,-,03,22350,,M,B,C,A,A,H,-,A,D,0,,,,,Y,,-,99,0,0,1,0,0,0,0,0,0,"- ","- ",,,"SAN LUIS OBISPO","GROVER BEACH",-120.60897988000001,35.123360009999999
8065168,2016,2016-06-18,4002,2016-05-11,2106,015,113,3,5,3,4002,0,0,0,,0,001,"EL CAMINO REAL RD","N OAK PARK BL",590.00,W,N,A,-,N,,,,,,,,,,N,3,0,1,1,C,-,18,,,N,F,-,A,A,G,-,C,D,0,,Y,,,Y,,-,"- ",0,1,0,0,0,0,1,0,0,"- ","- ",,,"SAN LUIS OBISPO","GROVER BEACH",-120.60862373000001,35.130204450000001
8070012,2016,2016-07-13,4004,2016-05-26,2225,1191,04,4,5,3,4004,0,0,0,,0,041,NAVAJO,"SOUTH RIVER",250.00,E,N,A,-,N,,,,,,,,,,N,4,0,1,1,A,-,01,23152,A,N,E,I,A,A,H,-,C,D,0,,,,,Y,Y,A,01,0,0,1,0,0,0,0,0,0,"- ","- ",35.636879999999998,-120.6545,"SAN LUIS OBISPO","PASO ROBLES",-120.67946655999999,35.617857299999997
8070294,2016,2016-06-28,4006,2016-06-01,1458,10817,,3,5,4,4006,0,0,0,,0,,SACRAMENTO,"VIA ESTEBAN",79.00,N,N,A,-,N,,,,,,,,,,Y,3,0,1,3,A,-,08,22107,,N,B,E,A,A,H,-,A,D,0,,,,,Y,,A,01,0,1,0,0,0,0,0,0,0,"- ","- ",,,"SAN LUIS OBISPO","SAN LUIS OBISPO",-120.64581406000001,35.258057489999999
8070302,2016,2016-06-29,4006,2016-06-09,1430,68823,,4,5,4,4006,0,0,0,,0,,FERRINI,HIGHLAND,70.00,S,N,A,-,N,,,,,,,,,,N,4,0,1,2,A,-,21,22106,,N,C,C,A,A,H,-,A,D,0,,,,Y,Y,,F,26,0,0,1,0,0,0,0,0,0,"- ","- ",,,"SAN LUIS OBISPO","SAN LUIS OBISPO",-120.67428464,35.298082979999997
8070421,2016,2016-07-14,4006,2016-06-01,1140,87540,SLO,3,5,4,4006,0,0,0,,0,ZONE2,HIGUERA,MADONNA,51.00,N,N,A,-,N,,,,,,,,,,N,4,0,1,2,A,-,03,22350,,N,C,C,A,A,H,-,A,A,0,,,,,Y,,A,01,0,0,1,0,0,0,0,0,0,"- ","- ",,,"SAN LUIS OBISPO","SAN LUIS OBISPO",-120.67045122,35.268406749999997
8070429,2016,2016-06-29,4006,2016-06-07,1735,63365,,2,5,4,4006,0,0,0,,0,,HIGUERA,BROAD,0.00,,Y,A,-,N,,,,,,,,,,N,3,0,1,2,A,-,10,21950,A,N,G,B,B,A,H,-,A,A,0,Y,,,,Y,,A,01,0,1,0,0,1,0,0,0,0,"- ","- ",,,"SAN LUIS OBISPO","SAN LUIS OBISPO",-120.66449989,35.27891004
8070433,2016,2016-06-29,4006,2016-06-08,1549,16380,,3,5,4,4006,0,0,0,,0,,"LOS OSOS VALLEY","PREFUMO CANYON",56.00,W,N,A,-,N,,,,,,,,,,Y,4,0,1,2,A,-,03,22350,,N,C,C,A,A,H,-,A,D,0,,,,,Y,,A,01,0,0,1,0,0,0,0,0,0,"- ","- ",,,"SAN LUIS OBISPO","SAN LUIS OBISPO",-120.69853016,35.263640760000001
8072467,2016,2016-07-05,4008,2016-06-18,1808,3125,,6,5,4,4008,0,0,0,,0,,"BALBOA RD","ARDILLA RD",756.00,W,N,A,-,N,,,,,,,,,,N,3,0,1,1,A,-,03,22350,,N,F,A,A,A,H,-,A,D,0,,Y,,,Y,,L,04,0,1,0,0,0,0,1,0,0,"- ","- ",35.499169999999999,-120.70258,"SAN LUIS OBISPO",ATASCADERO,-120.7047656,35.49985839
8073700,2016,2016-07-13,4006,2016-06-20,1630,16380,,1,5,4,4006,0,0,0,,0,,SACRAMENTO,RICARDO,332.00,S,N,A,-,N,,,,,,,,,,N,4,0,1,2,A,-,09,21804,A,N,D,C,A,A,H,-,A,D,0,,,Y,,Y,,A,01,0,0,1,0,0,0,0,0,1,"- ","- ",,,"SAN LUIS OBISPO","SAN LUIS OBISPO",-120.64245395,35.25554065
8074217,2016,2016-08-10,4006,2016-07-20,1316,69585,,3,5,4,4006,0,0,0,,0,,BROOKPINE,IRONBARK,4.00,N,N,A,-,N,,,,,,,,,,N,2,0,1,2,A,-,10,21950,A,N,G,B,B,A,H,-,A,A,0,Y,,,,Y,,A,01,1,0,0,0,1,0,0,0,0,"- ","- ",,,"SAN LUIS OBISPO","SAN LUIS OBISPO",-120.63081849,35.248920920000003
8074225,2016,2016-08-10,4006,2016-07-15,1733,80908,,5,5,4,4006,0,0,0,,0,,FOOTHILL,CHORRO,282.00,E,N,A,-,N,,,,,,,,,,Y,4,0,1,2,A,-,09,21804,A,N,D,C,A,A,H,-,A,A,0,,,,,Y,,A,01,0,0,1,0,0,0,0,0,0,"- ","- ",,,"SAN LUIS OBISPO","SAN LUIS OBISPO",-120.67001522,35.294083489999998
8074229,2016,2016-08-10,4006,2016-07-21,0756,16380,,4,5,4,4006,0,0,0,,0,,GRAND,MILL,6.00,N,N,A,-,N,,,,,,,,,,N,4,0,1,2,A,-,09,21804,A,N,D,G,A,A,H,-,A,D,0,,Y,,,Y,,L,04,0,0,1,0,0,0,1,0,0,"- ","- ",,,"SAN LUIS OBISPO","SAN LUIS OBISPO",-120.65267195,35.289573249999997
8074409,2016,2016-07-06,4006,2016-06-19,1347,80908,,7,5,4,4006,0,0,0,,0,,HIGUERA,MORRO,130.00,W,N,A,-,N,,,,,,,,,,N,4,0,1,2,A,-,21,22106,,N,G,B,E,-,E,-,A,D,0,Y,,,,Y,,A,07,0,0,1,0,1,0,0,0,0,"- ","- ",,,"SAN LUIS OBISPO","SAN LUIS OBISPO",-120.66208041,35.280387990000001
8074413,2016,2017-02-04,4006,2016-06-14,1742,69585,,2,5,4,4006,0,0,0,,0,,"SANTA ROSA",FOOTHILL,0.00,,Y,A,-,Y,SLO,5,1,-,-,17.341,I,5,S,Y,4,0,1,2,A,-,12,21453,A,N,D,C,A,A,H,-,A,A,0,,,,,Y,,A,01,0,0,1,0,0,0,0,0,0,"- ","- ",,,"SAN LUIS OBISPO","SAN LUIS OBISPO",-120.66805949,35.29404572
8080831,2016,2016-07-11,4006,2016-06-27,1136,16380,,1,5,4,4006,0,0,0,,0,,MEINECKE,"RT 1",321.00,W,N,A,-,N,,,,,,,,,,N,4,0,1,2,A,-,09,21804,A,N,B,C,A,A,H,-,A,D,0,,,,,Y,,I,11,0,0,1,0,0,0,0,0,0,"- ","- ",,,"SAN LUIS OBISPO","SAN LUIS OBISPO",-120.66853539,35.292420610000001
8080839,2016,2016-07-11,4006,2016-06-29,1211,16382,,3,5,4,4006,0,0,0,,0,,INDUSTRIAL,BROAD,415.00,E,N,A,-,N,,,,,,,,,,N,4,0,1,2,A,-,03,22350,,N,C,C,A,A,H,-,A,D,0,,,,,Y,,D,22,0,0,1,0,0,0,0,0,0,"- ","- ",,,"SAN LUIS OBISPO","SAN LUIS OBISPO",-120.64333232,35.251584899999997
8080977,2016,2016-08-04,4004,2016-07-10,0927,1197,02,7,5,3,4004,0,0,0,,0,"2 8",ALEXA,THEATER,523.00,N,N,A,-,N,,,,,,,,,,N,3,0,1,1,A,-,03,22350,,N,E,I,A,A,H,-,A,D,0,,Y,,,Y,,L,04,0,1,0,0,0,0,1,0,0,"- ","- ",,,"SAN LUIS OBISPO","PASO ROBLES",-120.69632937999999,35.588562289999999
8081047,2016,2017-02-24,4004,2016-07-18,1504,1197,03,1,5,3,4004,0,0,0,,0,034,"RT 46",AIRPORT,0.00,,Y,A,-,Y,SLO,5,46,-,R,20.800,H,-,W,N,3,0,2,2,A,-,03,22350,,N,C,C,A,A,H,-,A,A,0,,,,,Y,,A,01,0,2,0,0,0,0,0,0,0,"- ","- ",,,"SAN LUIS OBISPO","PASO ROBLES",-120.71467570999999,35.58363482
8081227,2016,2016-10-14,4006,2016-07-27,1722,69585,,3,5,4,4006,0,0,0,,0,,ORCUTT,HANSEN,424.00,S,N,A,-,N,,,,,,,,,,Y,4,0,1,3,A,-,03,22350,,N,C,C,A,A,G,-,A,A,0,,,,,Y,,I,09,0,0,1,0,0,0,0,0,0,"- ","- ",35.151090000000003,-120.37387,"SAN LUIS OBISPO","SAN LUIS OBISPO",-120.62747374,35.253114310000001
8081358,2016,2017-02-24,4008,2016-07-31,1447,4080,,7,5,4,4008,0,0,0,,0,,"MORRO RD","SAN GABRIEL RD",25.00,E,N,A,-,Y,SLO,5,41,-,-,14.220,H,-,S,Y,4,0,1,2,A,-,03,22350,,N,C,C,A,A,H,-,A,A,0,,,,,Y,,A,01,0,0,1,0,0,0,0,0,0,"- ","- ",35.462760000000003,-120.67505,"SAN LUIS OBISPO",ATASCADERO,-120.675186,35.462688210000003
8082328,2016,2016-07-18,4001,2016-06-17,1255,P0131,461,5,5,3,4001,0,0,0,,0,OPERAT,"TRAFFIC WY","FAIR OAKS AV",0.00,,Y,A,-,N,,,,,,,,,,N,4,0,1,2,A,-,09,21804,A,N,D,C,A,A,H,-,A,D,0,,,,,Y,,D,22,0,0,1,0,0,0,0,0,0,"- ","- ",,,"SAN LUIS OBISPO","ARROYO GRANDE",-120.57640997,35.119680010000003
8083416,2016,2016-07-19,4006,2016-06-24,0747,63365,,5,5,4,4006,0,0,0,,0,,FOOTHILL,"SANTA ROSA",9.00,W,N,A,-,N,,,,,,,,,,N,3,0,1,2,A,-,10,21950,A,N,G,B,B,A,H,-,A,A,0,Y,,,,Y,,D,22,0,1,0,0,1,0,0,0,0,"- ","- ",,,"SAN LUIS OBISPO","SAN LUIS OBISPO",-120.66809015,35.294070210000001
8084672,2016,2016-07-25,4006,2016-07-01,2144,61520,,5,5,4,4006,0,0,0,,0,,CHORRO,BUCHON,0.00,,Y,A,-,N,,,,,,,,,,N,4,0,1,2,A,-,10,21950,A,N,G,B,B,A,H,-,C,A,0,Y,,,,Y,,A,07,0,0,1,0,1,0,0,0,0,"- ","- ",,,"SAN LUIS OBISPO","SAN LUIS OBISPO",-120.66015996,35.27683004
8084774,2016,2016-07-25,4004,2016-07-02,0229,1233,04,6,5,3,4004,0,0,0,,0,048,"CRESTON RD","CHAROLAIS RD",0.00,,Y,A,-,N,,,,,,,,,,Y,3,0,2,1,A,-,01,23152,A,N,E,I,A,A,H,-,C,A,0,,,,,Y,Y,A,01,0,2,0,0,0,0,0,0,0,"- ","- ",,,"SAN LUIS OBISPO","PASO ROBLES",-120.65897989,35.599170000000001
8086093,2016,2016-07-25,4002,2016-06-24,1607,338,104,5,5,3,4002,0,0,0,,0,002,"W GRAND AV","OAK PARK BL",92.00,W,N,A,-,N,,,,,,,,,,Y,3,0,1,2,A,-,03,22350,,N,C,C,A,A,H,-,A,A,0,,,,,Y,,A,01,0,1,0,0,0,0,0,0,0,"- ","- ",,,"SAN LUIS OBISPO","GROVER BEACH",-120.60948714,35.12097335
8086171,2016,2016-11-10,4002,2016-07-05,1808,338,103,2,5,3,4002,0,0,0,,0,002,"W GRAND AV","N 12TH ST",30.00,W,N,A,-,N,,,,,,,,,,N,3,0,1,2,A,-,"- ",,,N,D,G,A,A,H,-,A,A,0,,Y,,,Y,,L,04,0,1,0,0,0,0,1,0,0,"- ","- ",,,"SAN LUIS OBISPO","GROVER BEACH",-120.61664016,35.121314349999999
8086177,2016,2016-08-29,4002,2016-06-10,1744,478,204,5,5,3,4002,0,0,0,,0,002,"S OAK PARK BL","W GRAND AV",0.00,,N,A,-,N,,,,,,,,,,N,3,0,1,1,A,-,05,21650,1,N,E,I,A,A,H,-,A,D,0,,Y,,,Y,,L,04,0,1,0,0,0,0,1,0,0,"- ","- ",,,"SAN LUIS OBISPO","GROVER BEACH",-120.60917994,35.12096004
8086239,2016,2016-07-26,4002,2016-06-06,1655,555,209,1,5,3,4002,0,0,0,,0,002,"FARROLL RD","S 16TH ST",0.00,,Y,A,-,N,,,,,,,,,,Y,4,0,2,2,A,-,09,21802,B,N,D,C,A,A,H,-,A,A,0,,,,,Y,,A,07,0,0,2,0,0,0,0,0,0,"- ","- ",,,"SAN LUIS OBISPO","GROVER BEACH",-120.61243997,35.110750019999998
8086477,2016,2016-07-18,4001,2016-06-08,1712,P0123,46-3,3,5,3,4001,0,0,0,,0,OPERAT,"THE PIKE","SOUTH ELM ST",0.00,,Y,A,-,N,,,,,,,,,,Y,3,0,1,2,A,-,03,22350,,N,C,C,A,A,H,-,A,D,0,,,,,Y,,A,01,0,1,0,0,0,0,0,0,0,"- ","- ",,,"SAN LUIS OBISPO","ARROYO GRANDE",-120.6005799,35.106470020000003
8094079,2016,2016-07-27,4003,2016-06-25,1530,C3670,4,6,5,2,4003,0,0,0,,0,001,"MAIN ST","SURF ST",20.00,N,N,A,-,N,,,,,,,,,,N,4,0,1,2,A,-,03,22350,,N,C,C,A,A,H,-,A,A,0,,,,,Y,,D,22,0,0,1,0,0,0,0,0,0,"- ","- ",,,"SAN LUIS OBISPO","MORRO BAY",-120.85005713,35.37066463
8096862,2016,2016-08-12,4008,2016-06-22,0520,4125,,3,5,4,4008,0,0,0,,0,,"CURBARIL AV","GABARDA RD",325.00,W,N,A,-,N,,,,,,,,,,Y,3,0,1,1,A,-,03,22350,,N,F,A,A,A,H,-,B,D,0,,,Y,,Y,,C,02,0,1,0,0,0,0,0,0,1,"- ","- ",35.489570000000001,-120.64767999999999,"SAN LUIS OBISPO",ATASCADERO,-120.64786382,35.488650900000003
8099488,2016,2016-10-14,4005,2016-07-14,1230,P097,4,4,5,2,4005,0,0,0,,0,,BELLO,"PRICE CANYON",0.00,,Y,A,-,N,,,,,,,,,,N,4,0,2,2,A,-,09,21802,A,N,D,C,A,A,H,-,A,A,0,,,,,Y,,A,01,0,0,2,0,0,0,0,0,0,"- ","- ",,,"SAN LUIS OBISPO","PISMO BEACH",-120.63791990999999,35.141960070000003