CASE_ID,ACCIDENT_YEAR,PROC_DATE,JURIS,COLLISION_DATE,COLLISION_TIME,OFFICER_ID,REPORTING_DISTRICT,DAY_OF_WEEK,CHP_SHIFT,POPULATION,CNTY_CITY_LOC,SPECIAL_COND,BEAT_TYPE,CHP_BEAT_TYPE,CITY_DIVISION_LAPD,CHP_BEAT_CLASS,BEAT_NUMBER,PRIMARY_RD,SECONDARY_RD,DISTANCE,DIRECTION,INTERSECTION,WEATHER_1,WEATHER_2,STATE_HWY_IND,CALTRANS_COUNTY,CALTRANS_DISTRICT,STATE_ROUTE,ROUTE_SUFFIX,POSTMILE_PREFIX,POSTMILE,LOCATION_TYPE,RAMP_INTERSECTION,SIDE_OF_HWY,TOW_AWAY,COLLISION_SEVERITY,NUMBER_KILLED,NUMBER_INJURED,PARTY_COUNT,PRIMARY_COLL_FACTOR,PCF_CODE_OF_VIOL,PCF_VIOL_CATEGORY,PCF_VIOLATION,PCF_VIOL_SUBSECTION,HIT_AND_RUN,TYPE_OF_COLLISION,MVIW,PED_ACTION,ROAD_SURFACE,ROAD_COND_1,ROAD_COND_2,LIGHTING,CONTROL_DEVICE,CHP_ROAD_TYPE,PEDESTRIAN_ACCIDENT,BICYCLE_ACCIDENT,MOTORCYCLE_ACCIDENT,TRUCK_ACCIDENT,NOT_PRIVATE_PROPERTY,ALCOHOL_INVOLVED,STWD_VEHTYPE_AT_FAULT,CHP_VEHTYPE_AT_FAULT,COUNT_SEVERE_INJ,COUNT_VISIBLE_INJ,COUNT_COMPLAINT_PAIN,COUNT_PED_KILLED,COUNT_PED_INJURED,COUNT_BICYCLIST_KILLED,COUNT_BICYCLIST_INJURED,COUNT_MC_KILLED,COUNT_MC_INJURED,PRIMARY_RAMP,SECONDARY_RAMP,LATITUDE,LONGITUDE,COUNTY,CITY,POINT_X,POINT_Y
8099689,2016,2017-02-24,4005,2016-07-17,1508,P0953,3,7,5,2,4005,0,0,0,,0,,"PRICE ST","HINDS AV",6.00,S,N,A,-,Y,SLO,5,101,-,-,16.720,R,4,S,N,4,0,1,2,A,-,03,22350,,M,C,C,A,A,H,-,A,A,0,,,,,Y,,A,01,0,0,1,0,0,0,0,0,0,"- ","- ",,,"SAN LUIS OBISPO","PISMO BEACH",-120.64004636999999,35.142531159999997
8104062,2016,2016-08-29,4006,2016-07-29,1424,16380,,5,5,4,4006,0,0,0,,0,,MARSH,HIGUERA,215.00,E,N,A,-,N,,,,,,,,,,Y,4,0,1,5,A,-,07,21658,A,N,B,C,A,A,H,-,A,D,0,,,,,Y,,A,01,0,0,1,0,0,0,0,0,0,"- ","- ",,,"SAN LUIS OBISPO","SAN LUIS OBISPO",-120.66876381,35.275134260000002
8104277,2016,2016-08-26,4006,2016-07-23,1615,80908,,6,5,4,4006,0,0,0,,0,,HIGUERA,MARGARITA,0.00,,Y,A,-,N,,,,,,,,,,Y,4,0,1,2,A,-,09,21801,A,N,D,C,A,A,H,-,A,A,0,,,,,Y,,A,01,0,0,1,0,0,0,0,0,0,"- ","- ",,,"SAN LUIS OBISPO","SAN LUIS OBISPO",-120.66865986000001,35.257060099999997
8104317,2016,2016-09-21,4006,2016-07-26,0845,69585,,2,5,4,4006,0,0,0,,0,,MARSH,OSOS,47.00,W,N,A,-,N,,,,,,,,,,N,4,0,1,2,A,-,10,21952,,N,G,B,F,A,H,-,A,D,0,Y,,,,Y,,A,01,0,0,1,0,1,0,0,0,0,"- ","- ",,,"SAN LUIS OBISPO","SAN LUIS OBISPO",-120.66022802000001,35.280274859999999
8106032,2016,2016-08-29,4004,2016-08-13,0900,1189,01,6,5,3,4004,0,0,0,,0,017,16TH,PINE,0.00,,Y,A,-,N,,,,,,,,,,Y,4,0,1,2,A,-,09,21804,A,N,D,C,A,A,H,-,A,D,0,,,,,Y,,A,01,0,0,1,0,0,0,0,0,0,"- ","- ",,,"SAN LUIS OBISPO","PASO ROBLES",-120.68920988000001,35.630990060000002
8106091,2016,2016-08-29,4004,2016-08-15,1921,1189,01,1,5,3,4004,0,0,0,,0,1-3,SPRING,26TH,252.00,S,N,A,-,N,,,,,,,,,,N,4,0,1,3,A,-,03,22350,,N,C,C,A,A,H,-,A,A,0,,,,,Y,,A,01,0,0,1,0,0,0,0,0,0,"- ","- ",,,"SAN LUIS OBISPO","PASO ROBLES",-120.69254474,35.640569290000002
8106139,2016,2016-08-29,4004,2016-08-18,1918,1062,02,4,5,3,4004,0,0,0,,0,2-2,SPRING,10TH,22.00,N,N,A,-,N,,,,,,,,,,N,4,0,2,2,A,-,03,22350,,N,C,C,A,A,H,-,B,A,0,,,,,Y,,A,01,0,0,2,0,0,0,0,0,0,"- ","- ",35.636879999999998,-120.6545,"SAN LUIS OBISPO","PASO ROBLES",-120.69122527,35.624640280000001
8107765,2016,2016-08-23,4001,2016-07-31,2104,P0131,462,7,5,3,4001,0,0,0,,0,OPERAT,"DEER TRAIL CIR","DEER TRAIL CIR 100",0.00,,Y,A,-,N,,,,,,,,,,Y,4,0,1,2,A,-,08,22107,,N,C,E,A,A,H,-,C,D,0,,,,,Y,,A,01,0,0,1,0,0,0,0,0,0,"- ","- ",,,"SAN LUIS OBISPO","ARROYO GRANDE",-120.59807180999999,35.140825569999997
8107803,2016,2016-08-23,4001,2016-07-14,1800,P0131,"46 1",4,5,3,4001,0,0,0,,0,OPS,"E BRANCH ST","EAST GRAND AV",0.00,,Y,A,-,N,,,,,,,,,,Y,3,0,2,2,A,-,09,21802,A,N,D,C,A,A,H,-,A,D,0,,,,,Y,,A,01,0,1,1,0,0,0,0,0,0,"- ","- ",,,"SAN LUIS OBISPO","ARROYO GRANDE",-120.58199988,35.122130089999999
8110098,2016,2016-08-30,4006,2016-08-06,1043,49251,SLO,6,5,4,4006,0,0,0,,0,DOWNTO,HIGUERA,CHORRO,3.00,W,N,A,-,N,,,,,,,,,,N,3,0,1,2,A,-,10,21950,A,F,G,B,B,A,H,-,C,A,0,Y,,,,Y,Y,A,01,0,1,0,0,1,0,0,0,0,"- ","- ",35.279910000000001,-120.66298,"SAN LUIS OBISPO","SAN LUIS OBISPO",-120.66292798000001,35.279874999999997
8110102,2016,2016-08-30,4006,2016-08-12,1520,80908,,5,5,4,4006,0,0,0,,0,,"FROOM RANCH","LOS OSOS VALLEY RD",452.00,S,N,A,-,N,,,,,,,,,,N,4,0,1,2,A,-,21,22106,,N,C,C,A,A,H,-,A,A,0,,,,,Y,,A,07,0,0,1,0,0,0,0,0,0,"- ","- ",35.158000000000001,-120.4118,"SAN LUIS OBISPO","SAN LUIS OBISPO",-120.68888545999999,35.251824470000003
8111445,2016,2016-09-06,4003,2016-08-08,1553,F2780,3,1,5,2,4003,0,0,0,,0,001,MAIN,PACIFIC,0.00,,Y,A,-,N,,,,,,,,,,Y,4,0,1,2,A,-,09,21801,A,N,D,C,A,A,H,-,A,A,0,,,,,Y,,D,23,0,0,1,0,0,0,0,0,0,"- ","- ",,,"SAN LUIS OBISPO","MORRO BAY",-120.85000988,35.364970079999999
8116284,2017,2017-04-19,4005,2017-02-21,1829,P068,7,2,5,2,4005,0,0,0,,0,,"FIVE CITIES DR","4TH ST",117.00,S,N,A,-,N,,,,,,,,,,N,4,0,1,2,A,-,09,21801,A,N,A,C,A,A,H,-,C,D,0,,,,,Y,,A,01,0,0,1,0,0,0,0,0,0,"- ","- ",,,"SAN LUIS OBISPO","PISMO BEACH",-120.62172885,35.13557831
8116291,2017,2017-04-12,4005,2017-02-22,1809,P103,2,3,5,2,4005,0,0,0,,0,,"N SILVER SHOALS DR","SHELL BEACH RD",0.00,,Y,A,-,N,,,,,,,,,,N,2,0,1,2,A,-,06,21755,,N,D,C,A,A,H,-,B,A,0,,,Y,,Y,,C,03,1,0,0,0,0,0,0,0,1,"- ","- ",,,"SAN LUIS OBISPO","PISMO BEACH",-120.69244987,35.168780050000002
8116784,2016,2016-09-19,4004,2016-08-12,1744,0376,01,5,5,3,4004,0,0,0,,0,022,"9TH ST","OAK ST",0.00,,Y,A,-,N,,,,,,,,,,N,4,0,1,2,A,-,12,22450,A,N,D,C,A,A,H,-,A,A,0,,,,,Y,,A,01,0,0,1,0,0,0,0,0,0,"- ","- ",,,"SAN LUIS OBISPO","PASO ROBLES",-120.69241992000001,35.623470089999998
8118144,2016,2016-09-12,4006,2016-08-23,1534,69585,,2,5,4,4006,0,0,0,,0,,HIGUERA,HIGH,14.00,S,N,A,-,N,,,,,,,,,,Y,2,0,1,2,A,-,03,22350,,N,C,C,A,A,H,-,A,A,0,,,Y,,Y,,A,08,1,0,0,0,0,0,0,0,1,"- ","- ",35.161949999999997,-120.40112000000001,"SAN LUIS OBISPO","SAN LUIS OBISPO",-120.66980744999999,35.272162029999997
8119873,2016,2016-09-20,4004,2016-08-31,1037,0901,02,3,5,3,4004,0,0,0,,0,022,"10TH ST","SPRING ST",3.00,E,N,A,-,N,,,,,,,,,,N,4,0,1,2,A,-,05,21650,1,N,D,G,A,A,H,-,A,A,0,,Y,,,Y,,L,04,0,0,1,0,0,0,1,0,0,"- ","- ",35.634979999999999,-120.69208,"SAN LUIS OBISPO","PASO ROBLES",-120.69120995,35.624580790000003
8122794,2016,2016-09-16,4004,2016-08-30,1517,1208,04,2,5,3,4004,0,0,0,,0,411,AIRPORT,"PIONEER TRAIL",219.00,S,N,A,-,N,,,,,,,,,,Y,4,0,1,1,A,-,08,22107,,N,E,I,A,A,H,-,A,D,0,,,,,Y,,A,08,0,0,1,0,0,0,0,0,0,"- ","- ",,,"SAN LUIS OBISPO","PASO ROBLES",-120.64413247,35.603833889999997
8127603,2016,2017-02-23,4008,2016-09-12,1450,4012,,1,5,4,4008,0,0,0,,0,,"RT 41","RT 101",352.00,W,N,A,-,Y,SLO,5,41,-,-,15.800,H,-,S,N,3,0,1,2,A,-,09,21801,A,N,D,G,A,A,H,-,A,D,0,,Y,,,Y,,A,01,0,1,0,0,0,0,1,0,0,"- ",SO,,,"SAN LUIS OBISPO",ATASCADERO,-120.6654952,35.483957140000001
8127607,2016,2016-09-29,4008,2016-09-08,1600,3013,,4,5,4,4008,0,0,0,,0,,"CHAUPLIN AV","ATAJO AV",0.00,,Y,A,-,N,,,,,,,,,,Y,3,0,1,1,A,-,03,22350,,N,E,I,A,A,H,-,A,D,0,,,,,Y,,A,01,0,1,0,0,0,0,0,0,0,"- ","- ",35.486890000000002,-120.6819,"SAN LUIS OBISPO",ATASCADERO,-120.68226989,35.487210050000002
8127655,2016,2017-02-18,4008,2016-09-20,1455,2032,,2,5,4,4008,0,0,0,,0,,MORRO,"MORRO RD",0.00,,Y,A,-,Y,SLO,5,41,-,-,15.867,I,5,S,N,4,0,1,2,A,-,05,21650,1,N,H,G,A,A,H,-,A,A,0,,Y,,,Y,,L,04,0,0,1,0,0,0,1,0,0,SF,"- ",35.484859999999998,-120.66522000000001,"SAN LUIS OBISPO",ATASCADERO,-120.66521686999999,35.484915890000003
8127659,2016,2016-09-29,4008,2016-09-14,1632,2030,,3,5,4,4008,0,0,0,,0,,"EL CAMINO REAL","PUEBLO AV",0.00,,Y,A,-,N,,,,,,,,,,Y,4,0,1,2,A,-,09,21802,A,N,D,C,A,A,H,-,A,D,0,,,,,Y,,A,07,0,0,1,0,0,0,0,0,0,"- ","- ",35.480589999999999,-120.65828,"SAN LUIS OBISPO",ATASCADERO,-120.65819987,35.480460100000002
8127870,2016,2017-02-18,4008,2016-09-06,1826,3152,,2,5,4,4008,0,0,0,,0,,MORRO,"MORRO RD",0.00,,Y,A,-,Y,SLO,5,41,-,-,15.867,I,5,S,N,3,0,1,2,A,-,11,21456,B,N,G,B,B,A,H,-,A,A,0,Y,,,,Y,,N,60,0,1,0,0,1,0,0,0,0,SF,"- ",35.484859999999998,-120.66522000000001,"SAN LUIS OBISPO",ATASCADERO,-120.66521686999999,35.484915890000003
8127874,2016,2017-02-24,4008,2016-08-26,1045,3543,,5,5,4,4008,0,0,0,,0,,"MORRO RD","OLD MORRO RD EAST",100.00,S,N,A,-,Y,SLO,5,41,-,-,14.090,H,-,S,Y,4,0,1,2,A,-,08,22105,,N,D,C,A,A,H,-,A,A,0,,,,Y,Y,,A,01,0,0,1,0,0,0,0,0,0,"- ","- ",,,"SAN LUIS OBISPO",ATASCADERO,-120.6771222,35.46171047
8128430,2016,2016-11-22,4002,2016-08-26,1651,478,107,5,5,3,4002,0,0,0,,0,001,"N 10TH ST","NEWPORT AV",0.00,,Y,A,-,N,,,,,,,,,,Y,4,0,1,2,A,-,09,21802,A,F,D,C,A,A,H,-,A,A,0,,,,Y,Y,,F,26,0,0,1,0,0,0,0,0,0,"- ","- ",,,"SAN LUIS OBISPO","GROVER BEACH",-120.61870992999999,35.125260040000001
8129037,2016,2016-09-26,4006,2016-09-01,1256,69585,,4,5,4,4006,0,0,0,,0,160901,"TORO CREEK RD",WALNUT,110.00,S,N,A,-,N,,,,,,,,,,N,2,0,1,2,A,-,03,22350,,N,C,E,A,A,H,-,A,D,0,,Y,,,Y,,L,04,1,0,0,0,0,0,1,0,0,"- ","- ",35.171120000000002,-120.39403,"SAN LUIS OBISPO","SAN LUIS OBISPO",-120.66128612,35.286471519999999
8129209,2016,2017-03-03,4005,2016-09-08,1004,P095,1,4,5,2,4005,0,0,0,,0,,"SPYGLASS DR","SHELL BEACH RD",56.00,E,N,A,-,Y,SLO,5,101,-,R,19.970,R,4,S,Y,4,0,1,1,A,-,03,22350,,N,E,I,A,A,H,-,A,D,0,,,,,Y,,D,22,0,0,1,0,0,0,0,0,0,"- ","- ",,,"SAN LUIS OBISPO","PISMO BEACH",-120.68904929999999,35.16568109
8138937,2016,2016-11-29,4002,2016-11-06,1224,311,104,7,5,3,4002,0,0,0,,0,001,"W GRAND AV","S 14TH ST",341.00,E,N,A,-,N,,,,,,,,,,Y,3,0,2,2,A,-,09,21804,A,N,D,C,A,A,H,-,A,A,0,,,,,Y,,A,01,0,1,1,0,0,0,0,0,0,"- ","- ",,,"SAN LUIS OBISPO","GROVER BEACH",-120.61298188000001,35.121135809999998
8138986,2016,2016-11-30,4004,2016-11-13,1934,0928,04,7,5,3,4004,0,0,0,,0,4-1,"NIBLICK RD","RIVER RD",0.00,,Y,A,-,N,,,,,,,,,,N,3,0,1,2,A,-,11,21456,B,N,A,B,D,A,H,-,C,A,0,Y,,,,Y,,N,60,0,1,0,0,1,0,0,0,0,"- ","- ",,,"SAN LUIS OBISPO","PASO ROBLES",-120.68026986,35.615020080000001
8145413,2016,2016-12-01,4006,2016-09-16,2102,59980,,5,5,4,4006,0,0,0,,0,,HIGUERA,HIGH,0.00,,Y,A,-,N,,,,,,,,,,Y,2,0,1,2,A,-,09,21801,A,N,A,C,A,A,H,-,C,A,0,,,,,Y,,A,01,1,0,0,0,0,0,0,0,0,"- ","- ",35.163290000000003,-120.40188999999999,"SAN LUIS OBISPO","SAN LUIS OBISPO",-120.66979994,35.272200069999997
8145462,2016,2016-10-17,4006,2016-09-15,1245,69585,,4,5,4,4006,0,0,0,,0,,"LOS OSOS VALLEY RD","CALLE JOAQUIN",645.00,W,N,A,-,N,,,,,,,,,,,4,0,1,2,A,-,09,21804,A,N,D,C,A,A,H,-,A,A,0,,,,,Y,,A,01,0,0,1,0,0,0,0,0,0,"- ","- ",35.145429999999998,-120.41023,"SAN LUIS OBISPO","SAN LUIS OBISPO",-120.68395448,35.248329140000003
8145466,2016,2016-10-17,4006,2016-09-20,1710,69585,,2,5,4,4006,0,0,0,,0,,BROAD,CENTER,80.00,N,N,A,-,N,,,,,,,,,,N,4,0,1,2,A,-,03,22350,,N,C,C,A,A,H,-,A,A,0,,,,,Y,,A,01,0,0,1,0,0,0,0,0,0,"- ","- ",35.17116,-120.40131,"SAN LUIS OBISPO","SAN LUIS OBISPO",-120.67025364,35.286550050000002
8147429,2016,2016-10-14,4004,2016-09-22,1136,0430,03,4,5,3,4004,0,0,0,,0,3-6,AIRPORT,"DRY CREEK",15840.00,S,N,A,-,N,,,,,,,,,,N,4,0,1,2,A,-,08,22107,,M,G,B,E,A,H,-,A,D,0,Y,,,,Y,,-,,0,0,1,0,1,0,0,0,0,"- ","- ",,,"SAN LUIS OBISPO","PASO ROBLES",-120.64335,35.644449999999999
8148036,2016,2016-10-18,4002,2016-09-20,1344,295,204,2,5,3,4002,0,0,0,,0,002,"S OAK PARK BL","MANHATTAN AV",0.00,,Y,A,-,N,,,,,,,,,,Y,3,0,1,2,A,-,09,21801,A,N,B,C,A,A,H,-,A,D,0,,,,,Y,,A,01,0,1,0,0,0,0,0,0,0,"- ","- ",,,"SAN LUIS OBISPO","GROVER BEACH",-120.60941990000001,35.117930110000003
8149333,2016,2016-10-28,4006,2016-09-30,1008,63365,,5,5,4,4006,0,0,0,,0,,"LOS OSOS VALLEY RD",MADONNA,12.00,N,N,A,-,N,,,,,,,,,,N,4,0,1,2,A,-,04,21703,,N,C,C,A,A,H,-,A,A,0,,,,,Y,,-,,0,0,1,0,0,0,0,0,0,"- ","- ",35.1524,-120.4127,"SAN LUIS OBISPO","SAN LUIS OBISPO",-120.69079253,35.256657300000001
8149341,2016,2016-10-28,4006,2016-09-29,1432,69585,,4,5,4,4006,0,0,0,,0,,HIGUERA,PRADO,0.00,,Y,A,-,N,,,,,,,,,,N,4,0,1,2,A,-,17,21208,A,N,B,G,A,A,H,-,A,A,0,,Y,,,Y,,L,04,0,0,1,0,0,0,1,0,0,"- ","- ",,,"SAN LUIS OBISPO","SAN LUIS OBISPO",-120.66901993,35.254620060000001
8149345,2016,2016-10-28,4006,2016-09-23,1607,16380,,5,5,4,4006,0,0,0,,0,,MADONNA,OCEANAIRE,378.00,E,N,A,-,N,,,,,,,,,,Y,4,0,1,2,A,-,03,22350,,N,B,C,A,A,H,-,A,D,0,,,,,Y,,A,01,0,0,1,0,0,0,0,0,0,"- ","- ",35.15361,-120.4059,"SAN LUIS OBISPO","SAN LUIS OBISPO",-120.68318408,35.259895270000001
8149353,2016,2016-10-28,4006,2016-09-22,0844,16380,,4,5,4,4006,0,0,0,,0,,CALIFORNIA,FOOTHILL,561.00,S,N,A,-,N,,,,,,,,,,N,4,0,1,2,A,-,03,22350,,N,C,C,A,A,H,-,A,D,0,,,,,Y,,A,01,0,0,1,0,0,0,0,0,0,"- ","- ",35.173749999999998,-120.39448,"SAN LUIS OBISPO","SAN LUIS OBISPO",-120.66278515,35.29377744
8149537,2016,2017-03-04,4003,2016-09-03,1116,P1561,6,6,5,2,4003,0,0,0,,0,001,"MAIN ST","RT 1",0.00,,Y,A,-,Y,SLO,5,1,-,-,29.840,R,4,N,Y,4,0,1,2,A,-,09,21801,A,N,A,C,A,A,H,-,A,D,0,,,,,Y,,A,01,0,0,1,0,0,0,0,0,0,"- ","- ",,,"SAN LUIS OBISPO","MORRO BAY",-120.85378366,35.375944990000001
8149590,2016,2016-10-25,4008,2016-10-05,0744,3152,,3,5,4,4008,0,0,0,,0,,"EAST MALL","EL CAMINO REAL",288.00,E,N,A,-,N,,,,,,,,,,Y,4,0,1,2,A,-,09,21801,A,N,D,C,A,A,H,-,A,D,0,,,,,Y,,D,22,0,0,1,0,0,0,0,0,0,"- ","- ",35.488079999999997,-120.66784,"SAN LUIS OBISPO",ATASCADERO,-120.66739453,35.488793450000003
8149663,2016,2016-10-24,4003,2016-09-05,1136,M0253,6,1,5,2,4003,0,0,0,,0,001,"MAIN ST","RADCLIFF AV",0.00,,Y,A,-,N,,,,,,,,,,N,3,0,1,2,A,-,09,21801,A,N,D,G,A,A,H,-,A,A,0,,Y,,,Y,,A,01,0,1,0,0,0,0,1,0,0,"- ","- ",,,"SAN LUIS OBISPO","MORRO BAY",-120.85143994000001,35.373860039999997
8149689,2016,2016-10-24,4008,2016-10-11,1325,3013,,2,5,4,4008,0,0,0,,0,,"SANTA LUCIA RD","VIOLETA AV",378.00,S,N,A,-,N,,,,,,,,,,Y,3,0,1,1,A,-,03,22350,,N,E,I,A,A,H,-,A,D,0,,,,,Y,,A,01,0,1,0,0,0,0,0,0,0,"- ","- ",35.485529999999997,-120.67368999999999,"SAN LUIS OBISPO",ATASCADERO,-120.67424554,35.484875019999997
8149741,2016,2017-02-28,4008,2016-10-11,0810,3013,,2,5,4,4008,0,0,0,,0,,"EL CAMINO REAL","ROSARIO AV",0.00,,Y,A,-,Y,SLO,5,101,-,-,46.200,R,4,N,N,4,0,1,2,A,-,09,21802,B,N,D,C,A,A,H,-,A,D,0,,,,,Y,,A,01,0,0,1,0,0,0,0,0,0,"- ","- ",35.49098,-120.67348,"SAN LUIS OBISPO",ATASCADERO,-120.67410575,35.490915000000001
8152427,2016,2016-11-01,4004,2016-09-25,1132,1277,01,7,5,3,4004,0,0,0,,0,017,16TH,PARK,0.00,,Y,A,-,N,,,,,,,,,,N,4,0,2,2,A,-,09,21802,,N,D,C,A,A,H,-,A,A,0,,,,,Y,,A,01,0,0,2,0,0,0,0,0,0,"- ","- ",,,"SAN LUIS OBISPO","PASO ROBLES",-120.69046987999999,35.6309301
8152912,2016,2016-10-28,4004,2016-10-04,1754,1189,01,2,5,3,4004,0,0,0,,0,012,"32ND ST",SPRING,0.00,,Y,A,-,N,,,,,,,,,,N,4,0,2,2,A,-,09,21804,A,N,B,C,A,A,H,-,A,D,0,,,,,Y,,A,01,0,0,2,0,0,0,0,0,0,"- ","- ",,,"SAN LUIS OBISPO","PASO ROBLES",-120.69313993999999,35.647530009999997
8152932,2016,2016-10-28,4004,2016-10-10,1652,1189,01,1,5,3,4004,0,0,0,,0,017,13TH,"S RIVER",0.00,,Y,A,-,N,,,,,,,,,,N,4,0,1,2,A,-,03,22350,,N,C,C,A,A,H,-,A,A,0,,,,,Y,,A,01,0,0,1,0,0,0,0,0,0,"- ","- ",,,"SAN LUIS OBISPO","PASO ROBLES",-120.6831799,35.629110089999998
8159204,2016,2016-11-04,4004,2016-10-21,1410,0901,01,5,5,3,4004,0,0,0,,0,1-4,24TH,"MOUNTAIN SPRINGS",15.00,E,N,A,-,N,,,,,,,,,,Y,4,0,1,2,A,-,05,21752,D,N,A,C,A,A,H,-,A,D,0,,,,,Y,,A,01,0,0,1,0,0,0,0,0,0,"- ","- ",,,"SAN LUIS OBISPO","PASO ROBLES",-120.69866367,35.639963649999999
8162261,2016,2016-11-15,4006,2016-10-12,1003,16380,,3,5,4,4006,0,0,0,,0,,BROAD,HIGUERA,107.00,S,N,A,-,N,,,,,,,,,,N,4,0,1,2,A,-,00,21958,,N,G,B,D,A,H,-,A,D,0,Y,,,,Y,,N,60,0,0,1,0,1,0,0,0,0,"- ","- ",,,"SAN LUIS OBISPO","SAN LUIS OBISPO",-120.66429303,35.278670040000002
8165394,2016,2016-11-10,4006,2016-10-27,1625,69585,,4,5,4,4006,0,0,0,,0,,ROCKVIEW,SWEENEY,0.00,,Y,C,-,N,,,,,,,,,,N,2,0,1,2,A,-,12,22450,A,N,D,G,A,B,H,-,A,A,0,,Y,,,Y,,L,04,1,0,0,0,0,0,1,0,0,"- ","- ",35.154209999999999,-120.39089,"SAN LUIS OBISPO","SAN LUIS OBISPO",-120.65247989,35.261640010000001
8165426,2016,2016-11-10,4006,2016-10-26,0715,16380,,3,5,4,4006,0,0,0,,0,,RAMONA,TASSAJARA,0.00,,Y,A,-,N,,,,,,,,,,N,4,0,1,2,A,-,12,22450,A,N,D,G,A,A,A,-,A,A,0,,Y,,,Y,,L,04,0,0,1,0,0,0,1,0,0,"- ","- ",,,"SAN LUIS OBISPO","SAN LUIS OBISPO",-120.67806987,35.292920029999998
8165438,2016,2016-11-10,4006,2016-10-31,1518,16380,,1,5,4,4006,0,0,0,,0,,"SANTA ROSA",HIGUERA,0.00,,Y,A,-,N,,,,,,,,,,Y,4,0,1,2,D,-,00,,,N,D,C,A,A,H,-,A,A,0,,,,,Y,,-,"- ",0,0,1,0,0,0,0,0,0,"- ","- ",,,"SAN LUIS OBISPO","SAN LUIS OBISPO",-120.65939994999999,35.281970100000002
8170958,2016,2017-02-23,4004,2016-10-22,1648,0430,03,6,5,3,4004,0,0,0,,0,034,"RT 46 E","PASO ROBLES BL",51.00,E,N,A,-,Y,SLO,5,46,-,-,31.810,H,-,W,Y,3,0,1,1,C,-,18,,,N,E,C,A,A,H,-,A,D,0,,,,,Y,,-,"- ",0,1,0,0,0,0,0,0,0,"- ","- ",35.645209999999999,-120.64796,"SAN LUIS OBISPO","PASO ROBLES",-120.64923306999999,35.644622130000002
8170969,2016,2016-11-28,4006,2016-10-22,0006,57275,,6,5,4,4006,0,0,0,,0,,BOND,ORANGE,154.00,E,N,A,-,N,,,,,,,,,,N,3,0,1,2,A,-,09,21804,B,N,D,G,A,A,H,-,C,D,0,,Y,,,Y,Y,L,04,0,1,0,0,0,0,1,0,0,"- ","- ",35.294119999999999,-120.65978,"SAN LUIS OBISPO","SAN LUIS OBISPO",-120.65985415999999,35.294120790000001
8171178,2016,2017-01-09,4006,2016-10-19,1023,14848,,3,5,4,4006,0,0,0,,0,,MARSH,CHORRO,16.00,E,N,A,-,N,,,,,,,,,,N,2,0,1,2,A,-,10,21950,A,N,G,B,B,A,H,-,A,A,0,Y,,,,Y,,A,01,1,0,0,0,1,0,0,0,0,"- ","- ",35.2791,-120.6621,"SAN LUIS OBISPO","SAN LUIS OBISPO",-120.66214692,35.279126140000002
8172411,2016,2016-11-23,4001,2016-10-31,0856,P0114,461,1,5,3,4001,0,0,0,,0,SUPPOR,"FAIR OAKS AV","STATION WY",0.00,,Y,A,-,N,,,,,,,,,,N,3,0,1,2,B,-,22,,,N,D,G,A,A,H,-,A,D,0,,Y,,,Y,,L,04,0,1,0,0,0,0,1,0,0,"- ","- ",,,"SAN LUIS OBISPO","ARROYO GRANDE",-120.57749995,35.119140000000002
8172447,2016,2016-12-19,4001,2016-10-26,1230,P0106,46-1,3,5,3,4001,0,0,0,,0,OPERAT,"WEST BRANCH ST","BRIDGE ST",225.00,W,N,A,-,N,,,,,,,,,,N,3,0,1,2,A,-,09,21801,A,N,D,C,A,A,H,-,A,D,0,,,Y,,Y,,A,01,0,1,0,0,0,0,0,0,1,"- ","- ",,,"SAN LUIS OBISPO","ARROYO GRANDE",-120.57976259,35.122928709999996
8174001,2016,2016-11-23,4001,2016-10-06,0914,P082,461,4,5,3,4001,0,0,0,,0,OPERAT,"TIGER TAIL","VALLEY RD",19.00,W,N,A,-,N,,,,,,,,,,Y,4,0,2,4,A,-,03,22350,,N,C,C,A,A,D,-,A,A,0,,,,,Y,,A,07,0,0,2,0,0,0,0,0,0,"- ","- ",,,"SAN LUIS OBISPO","ARROYO GRANDE",-120.58152,35.105330000000002
8175961,2016,2016-12-01,4002,2016-11-11,2109,336,102,5,5,3,4002,0,0,0,,0,001,"W GRAND AV","8TH ST",114.00,E,N,A,-,N,,,,,,,,,,Y,4,0,1,1,A,-,08,22107,,N,A,I,A,A,H,-,C,D,0,,,,,Y,Y,A,01,0,0,1,0,0,0,0,0,0,"- ","- ",,,"SAN LUIS OBISPO","GROVER BEACH",-120.62110951,35.121531879999999
8177703,2016,2016-12-05,4006,2016-11-03,1628,69585,,4,5,4,4006,0,0,0,,0,,"LOS OSOS VALLEY RD",ROYAL,0.00,,Y,A,-,N,,,,,,,,,,Y,4,0,1,2,A,-,12,21453,A,N,D,C,A,A,H,-,A,A,0,,,,,Y,,A,01,0,0,1,0,0,0,0,0,0,"- ","- ",35.153060000000004,-120.41334000000001,"SAN LUIS OBISPO","SAN LUIS OBISPO",-120.69255986,35.258609999999997
8177707,2016,2016-12-05,4006,2016-11-04,2327,33665,,5,5,4,4006,0,0,0,,0,,CHAPLIN,"S LONGVIEW",194.00,S,N,A,-,N,,,,,,,,,,N,2,0,1,2,A,-,01,21200,5,N,C,E,A,A,H,-,D,D,0,,Y,,,Y,,L,04,1,0,0,0,0,0,1,0,0,"- ","- ",35.176720000000003,-120.39444,"SAN LUIS OBISPO","SAN LUIS OBISPO",-120.6574859,35.294562939999999
8179526,2016,2016-12-13,4003,2016-11-05,1449,CY315,2,6,5,2,4003,0,0,0,,0,001,EMBARCADERO,"DRIVEWAY MB POWER PLANT",0.00,,Y,A,-,N,,,,,,,,,,N,4,0,1,2,A,-,03,22350,,N,C,C,A,A,H,-,A,A,0,,,,,Y,,D,22,0,0,1,0,0,0,0,0,0,"- ","- ",,,"SAN LUIS OBISPO","MORRO BAY",,
8181543,2016,2016-12-13,4004,2016-11-23,1815,1062,04,3,5,3,4004,0,0,0,,0,045,NIBLICK,"S RIVER",25.00,W,N,A,-,N,,,,,,,,,,N,4,0,1,2,A,-,03,22350,,N,C,C,A,A,H,-,C,A,0,,,,,Y,,A,01,0,0,1,0,0,0,0,0,0,"- ","- ",35.636879999999998,-120.6545,"SAN LUIS OBISPO","PASO ROBLES",-120.68035408999999,35.615020989999998