CASE_ID,ACCIDENT_YEAR,PROC_DATE,JURIS,COLLISION_DATE,COLLISION_TIME,OFFICER_ID,REPORTING_DISTRICT,DAY_OF_WEEK,CHP_SHIFT,POPULATION,CNTY_CITY_LOC,SPECIAL_COND,BEAT_TYPE,CHP_BEAT_TYPE,CITY_DIVISION_LAPD,CHP_BEAT_CLASS,BEAT_NUMBER,PRIMARY_RD,SECONDARY_RD,DISTANCE,DIRECTION,INTERSECTION,WEATHER_1,WEATHER_2,STATE_HWY_IND,CALTRANS_COUNTY,CALTRANS_DISTRICT,STATE_ROUTE,ROUTE_SUFFIX,POSTMILE_PREFIX,POSTMILE,LOCATION_TYPE,RAMP_INTERSECTION,SIDE_OF_HWY,TOW_AWAY,COLLISION_SEVERITY,NUMBER_KILLED,NUMBER_INJURED,PARTY_COUNT,PRIMARY_COLL_FACTOR,PCF_CODE_OF_VIOL,PCF_VIOL_CATEGORY,PCF_VIOLATION,PCF_VIOL_SUBSECTION,HIT_AND_RUN,TYPE_OF_COLLISION,MVIW,PED_ACTION,ROAD_SURFACE,ROAD_COND_1,ROAD_COND_2,LIGHTING,CONTROL_DEVICE,CHP_ROAD_TYPE,PEDESTRIAN_ACCIDENT,BICYCLE_ACCIDENT,MOTORCYCLE_ACCIDENT,TRUCK_ACCIDENT,NOT_PRIVATE_PROPERTY,ALCOHOL_INVOLVED,STWD_VEHTYPE_AT_FAULT,CHP_VEHTYPE_AT_FAULT,COUNT_SEVERE_INJ,COUNT_VISIBLE_INJ,COUNT_COMPLAINT_PAIN,COUNT_PED_KILLED,COUNT_PED_INJURED,COUNT_BICYCLIST_KILLED,COUNT_BICYCLIST_INJURED,COUNT_MC_KILLED,COUNT_MC_INJURED,PRIMARY_RAMP,SECONDARY_RAMP,LATITUDE,LONGITUDE,COUNTY,CITY,POINT_X,POINT_Y
8183893,2016,2016-12-16,4002,2016-11-26,1425,368,101,6,5,3,4002,0,0,0,,0,,"W GRAND AV","GRAND AV",25.00,S,N,C,-,N,,,,,,,,,,N,4,0,1,2,A,-,03,22350,,N,C,C,A,B,H,-,A,B,0,,,,,Y,,A,07,0,0,1,0,0,0,0,0,0,"- ","- ",,,"SAN LUIS OBISPO","GROVER BEACH",-120.63464999999999,35.122039999999998
8184210,2016,2016-12-12,4006,2016-11-08,0853,16380,,2,5,4,4006,0,0,0,,0,,JOHNSON,MARSH,93.00,S,N,A,-,N,,,,,,,,,,N,4,0,1,2,A,-,09,21801,A,N,D,G,A,A,H,-,A,D,0,,Y,,,Y,,A,07,0,0,1,0,0,0,1,0,0,"- ","- ",,,"SAN LUIS OBISPO","SAN LUIS OBISPO",-120.65575076,35.282803610000002
8186615,2016,2016-12-21,4006,2016-11-23,1124,69585,,3,5,4,4006,0,0,0,,0,,"LOS OSOS VALLEY RD",AUTOPARK,368.00,W,N,A,-,N,,,,,,,,,,N,4,0,1,2,A,-,03,22350,,N,C,C,A,A,H,-,A,D,0,,,,,Y,,A,01,0,0,1,0,0,0,0,0,0,"- ","- ",35.150280000000002,-120.41094,"SAN LUIS OBISPO","SAN LUIS OBISPO",-120.68591778,35.250632520000003
8191047,2016,2017-04-08,4005,2016-11-19,1011,P103,3,6,5,2,4005,0,0,0,,0,,DOLLIVER,"OCEAN VIEW",0.00,,Y,A,-,Y,SLO,5,1,-,-,15.400,I,5,S,Y,4,0,2,3,A,-,09,21802,A,N,D,C,A,A,H,-,A,A,0,,,,,Y,,A,01,0,0,2,0,0,0,0,0,0,"- ","- ",,,"SAN LUIS OBISPO","PISMO BEACH",-120.63923672,35.13871271
8191187,2016,2016-12-20,4001,2016-11-07,1430,P0121,461,1,5,3,4001,0,0,0,,0,OPERAT,"TRAFFIC WY","NELSON ST",0.00,,Y,A,-,N,,,,,,,,,,N,4,0,1,2,A,-,10,21950,A,N,G,B,B,A,H,-,A,D,0,Y,,,,Y,,A,01,0,0,1,0,1,0,0,0,0,"- ","- ",,,"SAN LUIS OBISPO","ARROYO GRANDE",-120.57828993,35.121430050000001
8191195,2016,2016-12-20,4001,2016-11-12,0940,P0131,463,6,5,3,4001,0,0,0,,0,OPERAT,"SOUTH ELM ST","FAIR OAKS AV",0.00,,Y,A,-,N,,,,,,,,,,N,4,0,1,2,A,-,10,21950,A,N,G,B,B,A,H,-,A,D,0,Y,,,,Y,,A,01,0,0,1,0,1,0,0,0,0,"- ","- ",,,"SAN LUIS OBISPO","ARROYO GRANDE",-120.60054992000001,35.112770089999998
8193077,2016,2016-12-23,4004,2016-12-06,1940,1187,04,2,5,3,4004,0,0,0,,0,"4 1","CRESTON RD","TRIGO LN",0.00,W,N,A,-,N,,,,,,,,,,Y,4,0,1,2,A,-,03,22350,,N,C,C,A,A,H,-,C,A,0,,,,,Y,,A,01,0,0,1,0,0,0,0,0,0,"- ","- ",,,"SAN LUIS OBISPO","PASO ROBLES",-120.67237994,35.626380050000002
8193245,2016,2016-12-23,4004,2016-10-05,0607,0575,02,3,5,3,4004,0,0,0,,0,024,SPRING,6TH,0.00,,Y,A,-,N,,,,,,,,,,N,3,0,1,2,A,-,10,21950,A,N,G,B,B,A,H,-,C,A,0,Y,,,,Y,Y,A,01,0,1,0,0,1,0,0,0,0,"- ","- ",,,"SAN LUIS OBISPO","PASO ROBLES",-120.69086986000001,35.620460039999998
8195326,2016,2017-02-01,4006,2016-12-22,1448,80908,,4,5,4,4006,0,0,0,,0,,BROAD,PISMO,0.00,,Y,A,-,N,,,,,,,,,,Y,4,0,2,2,A,-,12,21453,A,N,D,C,A,A,H,-,A,A,0,,,,,Y,,A,01,0,0,2,0,0,0,0,0,0,"- ","- ",35.027659999999997,-120.66244,"SAN LUIS OBISPO","SAN LUIS OBISPO",-120.66245987000001,35.276640020000002
8197991,2016,2017-03-04,4005,2016-12-22,0740,P097,3,4,5,2,4005,0,0,0,,0,,DOLLIVER,STIMSON,0.00,,Y,A,-,Y,SLO,5,1,-,-,15.450,I,5,S,Y,2,0,1,2,A,-,01,23152,,N,G,B,E,A,H,-,A,A,0,Y,,,,Y,Y,A,01,1,0,0,0,1,0,0,0,0,"- ","- ",,,"SAN LUIS OBISPO","PISMO BEACH",-120.63982038,35.139224929999997
8201980,2016,2017-01-05,4008,2016-12-16,1018,3152,,5,5,4,4008,0,0,0,,0,,"EL CAMINO REAL","SAN RAFAEL CT",0.00,,Y,A,-,N,,,,,,,,,,Y,3,0,2,2,A,-,12,21453,A,N,C,C,A,A,H,-,A,A,0,,,,,Y,,A,01,0,2,0,0,0,0,0,0,0,"- ","- ",35.460050000000003,-120.64363,"SAN LUIS OBISPO",ATASCADERO,-120.64354989,35.460030000000003
8201984,2016,2017-01-05,4008,2016-12-16,1048,3152,,5,5,4,4008,0,0,0,,0,,"TRAFFIC WY","LEWIS AV",15.00,W,N,A,-,N,,,,,,,,,,N,4,0,1,2,A,-,03,22350,,N,C,C,A,A,H,-,A,D,0,,,,,Y,,A,07,0,0,1,0,0,0,0,0,0,"- ","- ",35.491239999999998,-120.66918,"SAN LUIS OBISPO",ATASCADERO,-120.66915529000001,35.491194370000002
8202045,2016,2017-01-05,4008,2016-12-07,1245,3152,,3,5,4,4008,0,0,0,,0,,"TRAFFIC WY","VIA AV",265.00,N,N,C,-,N,,,,,,,,,,Y,3,0,1,2,C,-,18,,,N,E,E,A,B,H,-,A,D,0,,,,,Y,Y,-,"- ",0,1,0,0,0,0,0,0,0,"- ","- ",35.49991,-120.66562,"SAN LUIS OBISPO",ATASCADERO,-120.66546631999999,35.500632230000001
8202073,2016,2017-01-18,4008,2016-12-17,1824,3152,,6,5,4,4008,0,0,0,,0,,"W FRONT RD","SANTA ROSA RD W",277.00,N,N,A,-,N,,,,,,,,,,Y,4,0,1,1,A,-,01,23152,A,N,E,I,A,A,H,-,D,D,0,,,,,Y,Y,D,22,0,0,1,0,0,0,0,0,0,"- ","- ",35.465470000000003,-120.65197000000001,"SAN LUIS OBISPO",ATASCADERO,-120.65206000000001,35.465530000000001
8202215,2016,2017-03-04,4008,2016-12-03,1752,2112,PRSC,6,5,4,4008,0,0,0,,0,,"MORRO RD","SANTA YSABEL",228.00,W,N,A,-,Y,SLO,5,41,-,-,16.020,H,-,S,N,4,0,1,2,A,-,08,22107,,N,E,G,A,A,H,-,C,D,0,,Y,,,Y,,L,04,0,0,1,0,0,0,1,0,0,"- ","- ",,,"SAN LUIS OBISPO",ATASCADERO,-120.66463108000001,35.486703550000001
8202223,2016,2017-03-04,4008,2016-12-09,0640,3152,,5,5,4,4008,0,0,0,,0,,"MORRO RD","LOS ALTOS RD",2430.00,W,N,C,-,Y,SLO,5,41,-,-,10.990,H,-,S,Y,3,0,1,2,A,-,03,22350,,N,E,I,A,B,H,-,B,D,0,,,,,Y,,A,01,0,1,0,0,0,0,0,0,0,"- ","- ",35.455399999999997,-120.71536999999999,"SAN LUIS OBISPO",ATASCADERO,-120.72159739,35.459549340000002
8202276,2016,2017-01-17,4008,2016-11-21,1635,3058,,1,5,4,4008,0,0,0,,0,,"ARDILLA RD","VEGA AV",560.00,N,N,A,-,N,,,,,,,,,,N,3,0,1,1,A,-,03,22350,,N,A,I,A,A,H,-,B,D,0,,,,,Y,,-,"- ",0,1,0,0,0,0,0,0,0,"- ","- ",,,"SAN LUIS OBISPO",ATASCADERO,-120.68021,35.49194
8281225,2016,2017-01-20,4002,2016-12-25,1054,311,113,7,5,3,4002,0,0,0,,0,,"N 12TH ST","SAN DIEGO LOOP",232.00,N,N,A,-,N,,,,,,,,,,Y,3,0,1,1,A,-,05,21650,,M,B,I,A,A,H,-,A,A,0,,,,,Y,Y,D,22,0,1,0,0,0,0,0,0,0,"- ","- ",,,"SAN LUIS OBISPO","GROVER BEACH",-120.61236008,35.130621419999997
8281726,2017,2017-01-27,4004,2017-01-03,1313,1189,01,2,5,3,4004,0,0,0,,0,1-3,24TH,YSABEL,0.00,,Y,A,-,N,,,,,,,,,,Y,4,0,1,2,A,-,09,21804,A,N,B,C,A,A,H,-,A,D,0,,,,,Y,,A,01,0,0,1,0,0,0,0,0,0,"- ","- ",,,"SAN LUIS OBISPO","PASO ROBLES",-120.68643996,35.641930019999997
8281744,2016,2017-03-06,4008,2016-12-27,0730,3013,,2,5,4,4008,0,0,0,,0,,"SANTA YSABEL AV","MORRO RD",0.00,,Y,A,-,Y,SLO,5,41,-,R,16.063,I,5,S,N,4,0,1,2,A,-,03,22350,,F,G,B,B,A,H,-,A,A,0,Y,,,,Y,,D,22,0,0,1,0,1,0,0,0,0,"- ","- ",35.4861,-120.66485,"SAN LUIS OBISPO",ATASCADERO,-120.66399486,35.487589079999999
8281752,2016,2017-01-20,4006,2016-12-17,1307,60659,,6,5,4,4006,0,0,0,,0,,ISLAY,BEACH,0.00,,Y,A,-,N,,,,,,,,,,N,4,0,1,2,A,-,12,22450,A,N,D,G,A,A,H,-,A,D,0,,Y,,,Y,,D,22,0,0,1,0,0,0,1,0,0,"- ","- ",35.162599999999998,-120.3951,"SAN LUIS OBISPO","SAN LUIS OBISPO",-120.66368996,35.273490019999997
8281924,2016,2017-01-24,4008,2016-12-31,0148,2004,,6,5,4,4008,0,0,0,,0,,"HALCON RD","CALLE MILANO",245.00,E,N,A,-,N,,,,,,,,,,Y,4,0,1,3,A,-,01,23152,B,N,F,-,A,-,H,-,D,B,0,,,,,Y,Y,A,01,0,0,1,0,0,0,0,0,0,"- ","- ",35.454909999999998,-120.63179,"SAN LUIS OBISPO",ATASCADERO,-120.63186,35.454929999999997
8281928,2016,2017-01-24,4008,2016-12-25,1146,3054,,7,5,4,4008,0,0,0,,0,48S1,"EL CAMINO REAL","CURBARIL AV",60.00,N,N,B,-,N,,,,,,,,,,N,4,0,1,2,A,-,01,23152,E,N,C,C,A,A,H,-,A,A,0,,,,,Y,,-,,0,0,1,0,0,0,0,0,0,"- ","- ",35.47757,-120.6564,"SAN LUIS OBISPO",ATASCADERO,-120.65636576,35.477665000000002
8281956,2016,2017-01-24,4006,2016-12-15,1703,80908,,4,5,4,4006,0,0,0,,0,,CALIFORNIA,HATHWAY,120.00,N,N,C,-,N,,,,,,,,,,Y,2,0,1,2,A,-,08,22107,,N,D,C,A,B,H,-,C,A,0,,,,,Y,,A,07,1,0,0,0,0,0,0,0,0,"- ","- ",35.173749999999998,-120.37430999999999,"SAN LUIS OBISPO","SAN LUIS OBISPO",-120.66175418,35.292597929999999
8281964,2016,2017-01-24,4006,2016-12-20,1615,16380,,2,5,4,4006,0,0,0,,0,,BROAD,CAPITOLIO,798.00,S,N,A,-,N,,,,,,,,,,N,4,0,1,3,A,-,03,22350,,N,C,C,A,A,H,-,A,D,0,,,,,Y,,A,01,0,0,1,0,0,0,0,0,0,"- ","- ",35.15157,-120.38454,"SAN LUIS OBISPO","SAN LUIS OBISPO",-120.64594131,35.254239300000002
8288765,2017,2017-07-27,4006,2017-03-02,2025,59980,,4,5,4,4006,0,0,0,,0,,"RT 227",SWEENEY,0.00,,Y,A,-,N,,,,,,,,,,N,4,0,1,2,A,-,09,21801,A,N,D,C,A,A,H,-,C,A,0,,,,,Y,,A,01,0,0,1,0,0,0,0,0,0,"- ","- ",35.157400000000003,-120.39059,"SAN LUIS OBISPO","SAN LUIS OBISPO",-120.65085000000001,35.262486000000003
8293930,2017,2017-02-01,4004,2017-01-22,2015,1197,03,7,5,3,4004,0,0,0,,0,311,CRESTON,"ROLLING HILLS",0.00,,Y,C,-,N,,,,,,,,,,N,3,0,3,2,A,-,01,23153,A,N,A,C,A,B,H,-,C,D,0,,,,,Y,Y,D,22,0,1,2,0,0,0,0,0,0,"- ","- ",,,"SAN LUIS OBISPO","PASO ROBLES",-120.66419997,35.623560079999997
8294699,2016,2017-02-15,4006,2016-12-31,1534,15913,,6,5,4,4006,0,0,0,,0,,BROAD,LAWRENCE,0.00,,Y,A,-,N,,,,,,,,,,Y,2,0,1,2,A,-,09,21801,A,N,D,C,A,A,H,-,A,-,0,,,Y,,Y,,A,01,1,0,0,0,0,0,0,0,1,"- ","- ",35.26426,-120.65225,"SAN LUIS OBISPO","SAN LUIS OBISPO",-120.65222992,35.264300009999999
8297958,2016,2017-02-13,4003,2016-10-26,1913,N9704,3,3,5,2,4003,0,0,0,,0,001,"QUINTANA RD","MORRO BAY BL",680.00,N,N,A,-,N,,,,,,,,,,N,4,0,1,2,A,-,05,21650,1,N,D,G,A,A,H,-,C,A,0,,Y,,,Y,,L,04,0,0,1,0,0,0,1,0,0,"- ","- ",,,"SAN LUIS OBISPO","MORRO BAY",-120.8427009,35.367966539999998
8298323,2017,2017-02-17,4006,2017-01-19,1500,80908,,4,5,4,4006,0,0,0,,0,,FOOTHILL,CALIFORNIA,0.00,,Y,B,-,N,,,,,,,,,,N,4,0,1,2,A,-,21,22106,,N,C,C,A,B,H,-,A,A,0,,,,,Y,,A,01,0,0,1,0,0,0,0,0,0,"- ","- ",35.294919999999998,-120.66392999999999,"SAN LUIS OBISPO","SAN LUIS OBISPO",-120.66387992999999,35.295030079999997
8298331,2017,2017-02-15,4006,2017-01-20,1455,33605,,5,5,4,4006,0,0,0,,0,,MARSH,BROAD,0.00,,Y,C,-,N,,,,,,,,,,Y,4,0,3,2,A,-,12,21453,A,N,D,C,A,B,H,-,A,A,0,,,,,Y,,A,01,0,0,3,0,0,0,0,0,0,"- ","- ",35.166820000000001,-120.39834999999999,"SAN LUIS OBISPO","SAN LUIS OBISPO",-120.66380993999999,35.278109999999998
8298335,2017,2017-02-15,4006,2017-01-18,1250,80908,,3,5,4,4006,0,0,0,,0,,FOOTHILL,"SANTA ROSA",351.00,W,N,C,-,N,,,,,,,,,,N,3,0,1,2,A,-,09,21801,A,N,D,C,A,B,H,-,A,A,0,,,Y,,Y,,A,01,0,1,0,0,0,0,0,0,1,"- ","- ",,,"SAN LUIS OBISPO","SAN LUIS OBISPO",-120.66923595,35.294078120000002
8298339,2017,2017-02-16,4006,2017-01-16,1803,80908,,1,5,4,4006,0,0,0,,0,,MADONNA,PEREIRA,0.00,,Y,A,-,N,,,,,,,,,,N,2,0,1,2,A,-,02,21654,A,N,G,B,D,A,H,-,D,A,0,Y,,,,Y,,N,60,1,0,0,0,1,0,0,0,0,"- ","- ",,,"SAN LUIS OBISPO","SAN LUIS OBISPO",-120.68950986,35.257160059999997
8298347,2017,2017-02-16,4006,2017-01-26,1354,82350,,4,5,4,4006,0,0,0,,0,,MILL,CALIFORNIA,0.00,,Y,A,-,N,,,,,,,,,,Y,4,0,1,2,A,-,09,21801,A,N,A,C,A,A,H,-,A,A,0,,,Y,,Y,,A,01,0,0,1,0,0,0,0,0,0,"- ","- ",35.179519999999997,-120.39313,"SAN LUIS OBISPO","SAN LUIS OBISPO",-120.6559499,35.287610110000003
8298351,2017,2017-02-16,4006,2017-01-22,1039,10817,,7,5,4,4006,0,0,0,,0,,HIGUERA,SUBURBAN,0.00,,Y,C,-,N,,,,,,,,,,Y,3,0,1,2,A,-,09,21801,A,N,A,C,A,B,H,-,A,A,0,,,,,Y,,A,01,0,1,0,0,0,0,0,0,0,"- ","- ",35.244,-120.675,"SAN LUIS OBISPO","SAN LUIS OBISPO",-120.67539986,35.244030100000003
8300956,2016,2017-02-07,4003,2016-12-31,1900,G4261,6,6,5,2,4003,0,0,0,,0,002,"MAIN ST","RT 41",516.00,N,N,A,-,N,,,,,,,,,,N,2,0,1,2,A,-,11,21950,B,N,G,B,E,A,H,-,D,D,0,Y,,,,Y,,N,60,1,0,0,0,1,0,0,0,0,"- ","- ",,,"SAN LUIS OBISPO","MORRO BAY",-120.85559431999999,35.3814609
8300960,2016,2017-02-06,4003,2016-12-01,1552,F2780,1,4,5,2,4003,0,0,0,,0,001,"SOUTH BAY BL","STATE PARK RD",775.00,S,N,A,-,N,,,,,,,,,,Y,3,0,1,1,A,-,01,23152,A,N,E,I,A,A,H,-,A,D,0,,,,,Y,Y,A,01,0,1,0,0,0,0,0,0,0,"- ","- ",,,"SAN LUIS OBISPO","MORRO BAY",-120.82749106999999,35.353014100000003
8301739,2016,2017-03-06,4003,2016-12-14,1820,M5895,10,3,5,2,4003,0,0,0,,0,002,"RT 1","EASTER ST",0.00,,Y,A,-,Y,SLO,5,1,-,-,31.330,I,5,S,Y,3,0,1,2,A,-,09,21801,A,N,D,C,A,A,H,-,D,D,0,,,,,Y,,A,01,0,1,0,0,0,0,0,0,0,"- ","- ",,,"SAN LUIS OBISPO","MORRO BAY",-120.86169513999999,35.396590840000002
8303363,2017,2017-02-10,4004,2017-01-21,1857,1277,01,6,5,3,4004,0,0,0,,0,1-3,"24TH ST","BLACK OAK",154.00,E,N,A,-,N,,,,,,,,,,Y,4,0,2,2,A,-,12,21453,A,N,D,C,A,A,H,-,A,A,0,,,,,Y,,A,01,0,0,2,0,0,0,0,0,0,"- ","- ",,,"SAN LUIS OBISPO","PASO ROBLES",-120.68561810999999,35.642414780000003
8306069,2017,2017-02-24,4004,2017-01-26,1822,0430,04,4,5,3,4004,0,0,0,,0,041,CRESTON,ORCHARD,420.00,W,N,A,-,N,,,,,,,,,,Y,4,0,2,2,A,-,01,23152,E,N,C,C,A,A,H,-,C,D,0,,,,,Y,,A,01,0,0,2,0,0,0,0,0,0,"- ","- ",,,"SAN LUIS OBISPO","PASO ROBLES",-120.66806964,35.624551420000003
8306185,2017,2017-02-24,4004,2017-01-23,1410,1189,02,1,5,3,4004,0,0,0,,0,027,1ST,SPRING,0.00,,Y,A,-,N,,,,,,,,,,N,4,0,1,2,A,-,09,21453,B,N,D,C,A,A,H,-,A,D,0,,,,,Y,,A,01,0,0,1,0,0,0,0,0,0,"- ","- ",,,"SAN LUIS OBISPO","PASO ROBLES",-120.69045996,35.615250109999998
8308127,2017,2017-06-27,4006,2017-02-04,1403,10817,SLO,6,5,4,4006,0,0,0,,0,,MONTEREY,"SANTA ROSA",0.00,,Y,A,-,N,,,,,,,,,,Y,3,0,1,2,A,-,09,21801,A,N,A,C,A,A,H,-,A,A,0,,,,,Y,,D,22,0,1,0,0,0,0,0,0,0,"- ","- ",35.280000000000001,-120.65000000000001,"SAN LUIS OBISPO","SAN LUIS OBISPO",-120.65995992000001,35.282600080000002
8308246,2017,2017-02-21,4006,2017-01-27,1319,80120,SLO,5,5,4,4006,0,0,0,,0,,JOHNSON,"MILL ST",160.00,S,N,A,-,N,,,,,,,,,,Y,3,0,1,3,A,-,03,22350,,N,B,E,A,A,H,-,A,D,0,,,,,Y,,A,01,0,1,0,0,0,0,0,0,0,"- ","- ",35.171329999999998,-120.395,"SAN LUIS OBISPO","SAN LUIS OBISPO",-120.65841460999999,35.285584640000003
8308588,2017,2017-03-28,4006,2017-01-29,1645,64920,,7,5,4,4006,0,0,0,,0,,BROAD,"EL CAPITAN",0.00,,Y,A,-,N,,,,,,,,,,N,4,0,2,2,A,-,01,23153,A,N,A,C,A,A,H,-,A,D,0,,,,,Y,Y,A,07,0,0,2,0,0,0,0,0,0,"- ","- ",35.14479,-120.38314,"SAN LUIS OBISPO","SAN LUIS OBISPO",-120.64209995,35.246560039999999
8308628,2017,2017-02-17,4006,2017-01-17,1723,80908,,2,5,4,4006,0,0,0,,0,,"LOS OSOS VALLEY RD",GARCIA,0.00,,Y,A,-,N,,,,,,,,,,N,4,0,1,2,A,-,03,22350,,N,C,C,A,A,H,-,B,A,0,,,,,Y,,A,01,0,0,1,0,0,0,0,0,0,"- ","- ",35.254060000000003,-120.68877000000001,"SAN LUIS OBISPO","SAN LUIS OBISPO",-120.68876985999999,35.253900029999997
8311468,2017,2017-02-23,4001,2017-01-06,1739,P0133,463,5,5,3,4001,0,0,0,,0,OPERAT,"N OAK PARK BL","EL CAMINO REAL",0.00,,Y,A,-,N,,,,,,,,,,N,4,0,1,2,A,-,17,21451,A,N,D,C,A,A,H,-,C,A,0,,,,,Y,,A,01,0,0,1,0,0,0,0,0,0,"- ","- ",,,"SAN LUIS OBISPO","ARROYO GRANDE",-120.60685986999999,35.129500040000003
8324053,2017,2017-03-27,4006,2017-01-29,2115,22467,,7,5,4,4006,0,0,0,,0,,FOOTHILL,MUSTANG,0.00,,Y,A,-,N,,,,,,,,,,N,2,0,1,2,A,-,09,21801,A,N,D,G,A,A,H,-,D,D,0,,Y,,,Y,,A,07,1,0,0,0,0,0,1,0,0,"- ","- ",35.174100000000003,-120.39536,"SAN LUIS OBISPO","SAN LUIS OBISPO",-120.66480988000001,35.294690090000003
8324065,2017,2017-06-15,4006,2017-01-31,2006,66416,SLO,2,5,4,4006,0,0,0,,0,,"N CHORRO",FOOTHILL,171.00,N,N,A,-,N,,,,,,,,,,N,3,0,1,2,A,-,09,21804,A,N,D,G,A,A,H,-,C,D,0,,Y,,,Y,,A,01,0,1,0,0,0,0,1,0,0,"- ","- ",35.174059999999997,-120.40168,"SAN LUIS OBISPO","SAN LUIS OBISPO",-120.67130931,35.294459019999998
8329664,2017,2017-04-03,4001,2017-02-07,1845,P0131,463,2,5,3,4001,0,0,0,,0,OPERAT,"BRISCO RD","EAST GRAND AV",0.00,,Y,C,-,N,,,,,,,,,,N,4,0,1,2,A,-,10,21950,A,N,G,B,B,B,H,-,B,A,0,Y,,,,Y,,A,01,0,0,1,0,1,0,0,0,0,"- ","- ",,,"SAN LUIS OBISPO","ARROYO GRANDE",-120.59947990000001,35.120460100000003
8331097,2017,2017-04-06,4006,2017-02-28,1421,16380,,2,5,4,4006,0,0,0,,0,,FOOTHILL,BROAD,482.00,W,N,A,-,N,,,,,,,,,,Y,3,0,1,2,A,-,08,22103,,N,D,C,A,A,H,-,A,D,0,,,Y,,Y,,A,01,0,1,0,0,0,0,0,0,1,"- ","- ",,,"SAN LUIS OBISPO","SAN LUIS OBISPO",-120.67331487,35.294107840000002
8331459,2017,2017-04-07,4004,2017-03-24,1624,1208,01,5,5,3,4004,0,0,0,,0,"1 2",SPRING,"32ND ST",280.00,S,N,B,-,N,,,,,,,,,,Y,4,0,2,2,A,-,09,21804,A,N,D,C,A,A,H,-,A,D,0,,,,,Y,,A,01,0,0,2,0,0,0,0,0,0,"- ","- ",,,"SAN LUIS OBISPO","PASO ROBLES",-120.6930706,35.646763
8332406,2017,2017-04-03,4001,2017-02-22,0715,P0133,46-3,3,5,3,4001,0,0,0,,0,OPERAT,"THE PIKE","TIERRA ST",0.00,,Y,A,-,N,,,,,,,,,,N,4,0,1,2,A,-,10,21950,A,N,G,B,B,A,H,-,A,A,0,Y,,,,Y,,D,22,0,0,1,0,1,0,0,0,0,"- ","- ",,,"SAN LUIS OBISPO","ARROYO GRANDE",-120.60310997000001,35.106540099999997
8332410,2017,2017-03-28,4001,2017-02-21,1715,P0115,461,2,5,3,4001,0,0,0,,0,OPERAT,"SHORT ST","NELSON ST",100.00,N,N,A,-,N,,,,,,,,,,N,4,0,1,2,A,-,21,22106,,N,C,C,A,A,H,-,A,A,0,,,,,Y,,D,22,0,0,1,0,0,0,0,0,0,"- ","- ",,,"SAN LUIS OBISPO","ARROYO GRANDE",-120.57657363,35.12267954
8333142,2017,2017-08-04,4008,2017-03-23,0915,3152,,4,5,4,4008,0,0,0,,0,,"MORRO RD","OLD MORRO RD",0.00,,Y,A,-,Y,SLO,5,41,-,-,13.740,I,5,S,Y,4,0,2,2,A,-,09,21801,A,N,D,C,A,A,H,-,A,D,0,,,,,Y,,D,22,0,0,2,0,0,0,0,0,0,"- ","- ",35.459299999999999,-120.68189,"SAN LUIS OBISPO",ATASCADERO,-120.68199155000001,35.459295419999997
8334557,2017,2017-03-30,4006,2017-02-03,1133,16380,,5,5,4,4006,0,0,0,,0,,PALM,CHORRO,0.00,,Y,C,-,N,,,,,,,,,,N,4,0,2,2,A,-,12,21453,A,N,D,C,A,B,H,-,A,A,0,,,,,Y,,A,07,0,0,2,0,0,0,0,0,0,"- ","- ",35.281460000000003,-120.66427,"SAN LUIS OBISPO","SAN LUIS OBISPO",-120.66429991,35.281450040000003
8335662,2017,2017-04-11,4004,2017-03-21,1925,1197,04,2,5,3,4004,0,0,0,,0,4-1,RIVER,CRESTON,2640.00,S,N,B,-,N,,,,,,,,,,N,4,0,1,1,A,-,03,22350,,N,F,I,A,B,H,-,C,D,0,,,Y,,Y,,C,02,0,0,1,0,0,0,0,0,1,"- ","- ",,,"SAN LUIS OBISPO","PASO ROBLES",-120.68317999999999,35.629109999999997
8337237,2017,2017-04-07,4006,2017-02-28,1005,80908,,2,5,4,4006,0,0,0,,0,,HIGUERA,"LOS OSOS VALLEY RD",0.00,,Y,A,-,N,,,,,,,,,,N,4,0,1,2,A,-,03,22350,,N,C,C,A,A,H,-,A,A,0,,,,,Y,,D,22,0,0,1,0,0,0,0,0,0,"- ","- ",35.242249999999999,-120.67653,"SAN LUIS OBISPO","SAN LUIS OBISPO",-120.67669992,35.242010049999998
8338643,2017,2017-04-07,4006,2017-03-17,0807,16380,,5,5,4,4006,0,0,0,,0,,FOOTHILL,MUSTANG,45.00,E,N,A,-,N,,,,,,,,,,N,2,0,1,2,A,-,00,21850,,N,G,B,D,A,H,-,A,D,0,Y,,,,Y,,A,01,1,0,0,0,1,0,0,0,0,"- ","- ",35.17409,-120.39530000000001,"SAN LUIS OBISPO","SAN LUIS OBISPO",-120.66467326999999,35.29474209
8338648,2017,2017-04-07,4003,2017-03-03,1825,M5895,6,5,5,2,4003,0,0,0,,0,001,"MAIN ST","ERROL ST",73.00,S,N,A,-,N,,,,,,,,,,Y,3,0,1,2,A,-,03,22350,,N,C,C,A,A,H,-,C,D,0,,,,,Y,,A,01,0,1,0,0,0,0,0,0,0,"- ","- ",,,"SAN LUIS OBISPO","MORRO BAY",-120.85465793,35.378976020000003
8338651,2017,2017-04-07,4006,2017-03-15,1025,16380,,3,5,4,4006,0,0,0,,0,,MONTEREY,CALIFORNIA,0.00,,Y,A,-,N,,,,,,,,,,N,3,0,1,2,A,-,17,21209,A,N,D,G,A,A,H,-,A,A,0,,Y,,,Y,,A,01,0,1,0,0,0,0,1,0,0,"- ","- ",35.17098,-120.39182,"SAN LUIS OBISPO","SAN LUIS OBISPO",-120.65460997,35.286110049999998
8338655,2017,2017-04-07,4006,2017-03-11,1547,61680,,6,5,4,4006,0,0,0,,0,,"S HIGUERA",MARGARITA,0.00,,Y,A,-,N,,,,,,,,,,Y,4,0,1,2,A,-,09,21801,A,N,A,C,A,A,H,-,A,A,0,,,,,Y,,A,07,0,0,1,0,0,0,0,0,0,"- ","- ",35.154260000000001,-120.40105,"SAN LUIS OBISPO","SAN LUIS OBISPO",-120.66865986000001,35.257060099999997