CASE_ID,ACCIDENT_YEAR,PROC_DATE,JURIS,COLLISION_DATE,COLLISION_TIME,OFFICER_ID,REPORTING_DISTRICT,DAY_OF_WEEK,CHP_SHIFT,POPULATION,CNTY_CITY_LOC,SPECIAL_COND,BEAT_TYPE,CHP_BEAT_TYPE,CITY_DIVISION_LAPD,CHP_BEAT_CLASS,BEAT_NUMBER,PRIMARY_RD,SECONDARY_RD,DISTANCE,DIRECTION,INTERSECTION,WEATHER_1,WEATHER_2,STATE_HWY_IND,CALTRANS_COUNTY,CALTRANS_DISTRICT,STATE_ROUTE,ROUTE_SUFFIX,POSTMILE_PREFIX,POSTMILE,LOCATION_TYPE,RAMP_INTERSECTION,SIDE_OF_HWY,TOW_AWAY,COLLISION_SEVERITY,NUMBER_KILLED,NUMBER_INJURED,PARTY_COUNT,PRIMARY_COLL_FACTOR,PCF_CODE_OF_VIOL,PCF_VIOL_CATEGORY,PCF_VIOLATION,PCF_VIOL_SUBSECTION,HIT_AND_RUN,TYPE_OF_COLLISION,MVIW,PED_ACTION,ROAD_SURFACE,ROAD_COND_1,ROAD_COND_2,LIGHTING,CONTROL_DEVICE,CHP_ROAD_TYPE,PEDESTRIAN_ACCIDENT,BICYCLE_ACCIDENT,MOTORCYCLE_ACCIDENT,TRUCK_ACCIDENT,NOT_PRIVATE_PROPERTY,ALCOHOL_INVOLVED,STWD_VEHTYPE_AT_FAULT,CHP_VEHTYPE_AT_FAULT,COUNT_SEVERE_INJ,COUNT_VISIBLE_INJ,COUNT_COMPLAINT_PAIN,COUNT_PED_KILLED,COUNT_PED_INJURED,COUNT_BICYCLIST_KILLED,COUNT_BICYCLIST_INJURED,COUNT_MC_KILLED,COUNT_MC_INJURED,PRIMARY_RAMP,SECONDARY_RAMP,LATITUDE,LONGITUDE,COUNTY,CITY,POINT_X,POINT_Y
8338704,2017,2017-04-07,4006,2017-03-14,1818,80908,,2,5,4,4006,0,0,0,,0,,MONTEREY,PEPPER,110.00,W,N,A,-,N,,,,,,,,,,Y,3,0,1,3,A,-,00,21504,A,N,D,C,A,A,H,-,A,D,0,,,,,Y,,A,01,0,1,0,0,0,0,0,0,0,"- ","- ",35.284880000000001,-120.85629,"SAN LUIS OBISPO","SAN LUIS OBISPO",-120.65622974,35.285003320000001
8338720,2017,2017-04-07,4006,2017-03-19,1327,64920,,7,5,4,4006,0,0,0,,0,,PALM,OSOS,16.00,E,N,A,-,N,,,,,,,,,,N,4,0,1,2,A,-,11,21950,B,N,G,B,B,A,H,-,A,A,0,Y,,,,Y,,N,60,0,0,1,0,1,0,0,0,0,"- ","- ",,,"SAN LUIS OBISPO","SAN LUIS OBISPO",-120.66212664,35.282725829999997
8338793,2017,2017-04-10,4006,2017-03-16,0805,16380,,4,5,4,4006,0,0,0,,0,,SOUTH,KING,244.00,E,N,A,-,N,,,,,,,,,,Y,4,0,1,2,A,-,03,22350,,N,C,C,A,A,H,-,A,D,0,,,,,Y,,D,22,0,0,1,0,0,0,0,0,0,"- ","- ",35.161050000000003,-120.39409000000001,"SAN LUIS OBISPO","SAN LUIS OBISPO",-120.66141576,35.269528029999996
8340252,2017,2017-04-10,4004,2017-03-25,1425,0890,03,6,5,3,4004,0,0,0,,0,039,"UNION RD","TULEY CT",0.00,,Y,A,-,N,,,,,,,,,,Y,4,0,2,2,A,-,09,21804,A,N,D,C,A,A,H,-,A,A,0,,,,,Y,,A,07,0,0,2,0,0,0,0,0,0,"- ","- ",,,"SAN LUIS OBISPO","PASO ROBLES",-120.65555990999999,35.642009999999999
8341238,2017,2017-04-19,4002,2017-02-15,2002,311,106,3,5,3,4002,0,0,0,,0,,"S 4TH ST","ATLANTIC CITY AV",0.00,,Y,C,-,N,,,,,,,,,,Y,4,0,2,2,A,-,09,21802,A,N,D,C,A,B,H,-,D,A,0,,,,,Y,,A,01,0,0,2,0,0,0,0,0,0,"- ","- ",,,"SAN LUIS OBISPO","GROVER BEACH",-120.62599998,35.127660089999999
8342339,2017,2017-08-04,4004,2017-03-24,1737,0901,01,5,5,3,4004,0,0,0,,0,1-4,"24TH ST","RT 101",30.00,W,N,A,-,Y,SLO,5,101,-,-,57.790,R,4,S,Y,4,0,2,2,A,-,03,22350,,N,C,C,A,A,H,-,A,D,0,,,,,Y,,A,01,0,0,2,0,0,0,0,0,0,"- ","- ",,,"SAN LUIS OBISPO","PASO ROBLES",-120.684505,35.640779170000002
8345935,2017,2017-04-18,4004,2017-03-20,1300,1136,04,1,5,3,4004,0,0,0,,0,043,"CRESTON RD","OAK MEADOW LN",75.00,E,N,B,-,N,,,,,,,,,,N,4,0,1,2,A,-,03,22350,,N,C,C,A,A,H,-,A,A,0,,,,,Y,,A,01,0,0,1,0,0,0,0,0,0,"- ","- ",,,"SAN LUIS OBISPO","PASO ROBLES",-120.65916,35.619700000000002
8346187,2017,2017-04-29,4006,2017-03-27,1631,80908,,1,5,4,4006,0,0,0,,0,,"SANTA ROSA",FOOTHILL,0.00,,Y,A,-,N,,,,,,,,,,N,4,0,1,2,A,-,03,22350,,N,C,C,A,A,H,-,A,A,0,,,,,Y,,A,01,0,0,1,0,0,0,0,0,0,"- ","- ",35.294580000000003,-120.66840000000001,"SAN LUIS OBISPO","SAN LUIS OBISPO",-120.66805995,35.294070019999999
8347385,2017,2017-04-19,4002,2017-04-05,1216,338,104,3,5,3,4002,0,0,0,,0,,"WEST GRAND AV","SOUTH 13TH ST",108.00,E,N,A,-,N,,,,,,,,,,Y,4,0,1,1,A,-,17,21663,,N,E,I,A,A,H,-,A,A,0,,,,,Y,,A,01,0,0,1,0,0,0,0,0,0,"- ","- ",,,"SAN LUIS OBISPO","GROVER BEACH",-120.61494961,35.121231829999999
8352136,2017,2017-06-13,4001,2017-03-14,2003,P082,461,2,5,3,4001,0,0,0,,0,OPERAT,"E BRANCH ST","E BRANCH ST 100",0.00,,N,A,-,N,,,,,,,,,,N,2,0,1,2,A,-,11,21954,A,N,G,B,D,A,H,-,C,D,0,Y,,,,Y,Y,N,60,1,0,0,0,1,0,0,0,0,"- ","- ",,,"SAN LUIS OBISPO","ARROYO GRANDE",-120.57901200000001,35.123300999999998
8353211,2017,2017-04-26,4004,2017-04-13,0901,0890,01,4,5,3,4004,0,0,0,,0,015,"CHESTNUT ST","17TH ST",0.00,,Y,B,-,N,,,,,,,,,,Y,4,0,1,3,A,-,08,22107,,N,A,E,A,B,H,-,A,A,0,,,,,Y,,A,01,0,0,1,0,0,0,0,0,0,"- ","- ",,,"SAN LUIS OBISPO","PASO ROBLES",-120.69681998999999,35.631610010000003
8353219,2017,2017-04-26,4004,2017-04-11,0958,0657,02,2,5,3,4004,0,0,0,,0,046,CRESTON,NIBLICK,12.00,S,N,A,-,N,,,,,,,,,,N,4,0,1,2,A,-,12,21453,A,N,D,C,A,A,H,-,A,A,0,,,,,Y,,A,01,0,0,1,0,0,0,0,0,0,"- ","- ",,,"SAN LUIS OBISPO","PASO ROBLES",-120.65911192999999,35.615717699999998
8353315,2017,2018-03-16,4004,2017-04-17,1025,1233,02,1,5,3,4004,0,0,0,,0,027,THEATRE,"RT 46",143.00,S,N,B,-,Y,SLO,5,46,-,R,21.940,I,6,E,Y,4,0,2,1,A,-,03,22350,,N,E,I,A,B,H,-,A,A,0,,,,,Y,,D,22,0,0,2,0,0,0,0,0,0,"- ","- ",,,"SAN LUIS OBISPO","PASO ROBLES",-120.69643875,35.589462259999998
8353700,2017,2017-04-28,4004,2017-04-13,1610,1208,04,4,5,3,4004,0,0,0,,0,4-1,13TH,"SOUTH RIVER",81.00,W,N,B,-,N,,,,,,,,,,Y,4,0,2,2,A,-,03,22350,,N,C,C,A,A,H,-,A,A,0,,,,,Y,,A,07,0,0,2,0,0,0,0,0,0,"- ","- ",,,"SAN LUIS OBISPO","PASO ROBLES",-120.68342303999999,35.629009369999999
8353834,2017,2017-05-04,4001,2017-03-06,1804,P0115,46-2,1,5,3,4001,0,0,0,,0,,"BRANCH ST","EAST GRAND AV",0.00,,Y,A,-,N,,,,,,,,,,N,3,0,1,2,A,-,09,21804,A,N,A,G,A,A,H,-,A,A,0,,Y,,,Y,,L,04,0,1,0,0,0,0,1,0,0,"- ","- ",,,"SAN LUIS OBISPO","ARROYO GRANDE",-120.58199988,35.122130089999999
8353892,2017,2017-05-01,4001,2017-03-30,1337,P0135,463,4,5,3,4001,0,0,0,,0,OPERAT,"ASH ST","S COURTLAND",3.00,E,N,A,-,N,,,,,,,,,,N,4,0,1,2,A,-,09,21801,A,N,D,C,A,A,H,-,A,A,0,,,,,Y,,A,01,0,0,1,0,0,0,0,0,0,"- ","- ",,,"SAN LUIS OBISPO","ARROYO GRANDE",-120.60704,35.114729369999999
8356123,2017,2017-05-02,4006,2017-04-07,2100,15913,,5,5,4,4006,0,0,0,,0,,MONTEREY,JOHNSON,65.00,E,N,C,-,N,,,,,,,,,,N,4,0,1,2,A,-,04,21703,,N,C,C,A,B,-,-,C,D,0,,,,,Y,,A,01,0,0,1,0,0,0,0,0,0,"- ","- ",35.284440000000004,-120.65697,"SAN LUIS OBISPO","SAN LUIS OBISPO",-120.65710296,35.284404539999997
8358925,2017,2017-05-09,4006,2017-04-10,0808,16380,,1,5,4,4006,0,0,0,,0,,"LOS OSOS VALLEY","CALLE JOAQUIN",24.00,W,N,A,-,N,,,,,,,,,,N,4,0,1,2,A,-,03,22350,,N,C,C,A,A,H,-,A,A,0,,,,,Y,,A,01,0,0,1,0,0,0,0,0,0,"- ","- ",35.1449,-120.40595,"SAN LUIS OBISPO","SAN LUIS OBISPO",-120.6830605,35.246790990000001
8358978,2017,2017-05-08,4002,2017-03-29,1915,478,104,3,5,3,4002,0,0,0,,0,,"W GRAND AV","POLE #1676",11.00,E,N,A,-,N,,,,,,,,,,N,3,0,1,2,A,-,08,22100,B,N,D,C,A,A,H,-,A,D,0,,,Y,,Y,,A,01,0,1,0,0,0,0,0,0,1,"- ","- ",,,"SAN LUIS OBISPO","GROVER BEACH",,
8360967,2017,2017-05-12,4008,2017-04-27,1104,3152,,4,5,4,4008,0,0,0,,0,,"NAVARETTE AV","LINDA VISTA AV",165.00,N,N,A,-,N,,,,,,,,,,Y,3,0,5,2,A,-,03,22350,,N,A,C,A,A,B,-,A,D,0,,,,,Y,,A,01,0,4,1,0,0,0,0,0,0,"- ","- ",35.479860000000002,-120.67706,"SAN LUIS OBISPO",ATASCADERO,-120.67743685000001,35.480158950000003
8361362,2017,2017-05-18,4008,2017-05-03,1200,3152,,3,5,4,4008,0,0,0,,0,,"PORTOLA RD","MORRO RD",406.00,N,N,A,-,N,,,,,,,,,,Y,3,0,2,1,A,-,03,22350,,N,E,I,A,A,H,-,A,D,0,,,,,Y,,A,01,0,1,1,0,0,0,0,0,0,"- ","- ",35.469050000000003,-120.67001,"SAN LUIS OBISPO",ATASCADERO,-120.67109942,35.4694869
8362339,2017,2018-03-16,4008,2017-04-22,2029,2032,,6,5,4,4008,0,0,0,,0,,"RT 41","ATASCADERO AV",30.00,W,N,A,-,Y,SLO,5,41,-,-,15.560,H,-,N,Y,4,0,1,2,A,-,03,22350,,N,C,C,A,A,H,-,C,A,0,,,,,Y,,A,01,0,0,1,0,0,0,0,0,0,"- ","- ",,,"SAN LUIS OBISPO",ATASCADERO,-120.66649045,35.480522780000001
8364081,2017,2017-05-22,4008,2017-04-13,1205,3013,,4,5,4,4008,0,0,0,,0,,"EL CAMINO REAL","LA LINIA AV",211.00,N,N,C,-,N,,,,,,,,,,N,4,0,1,3,A,-,03,22350,,N,B,E,A,B,H,-,A,D,0,,,,,Y,,A,07,0,0,1,0,0,0,0,0,0,"- ","- ",35.470030000000001,-120.65254,"SAN LUIS OBISPO",ATASCADERO,-120.65282049,35.47057221
8364952,2017,2017-05-16,4006,2017-04-26,1551,80908,,3,5,4,4006,0,0,0,,0,,"SANTA ROSA",MILL,0.00,,Y,A,-,N,,,,,,,,,,N,4,0,1,2,A,-,03,22350,,N,C,C,A,A,H,-,A,A,0,,,,,Y,,D,22,0,0,1,0,0,0,0,0,0,"- ","- ",35.284419999999997,-120.66159,"SAN LUIS OBISPO","SAN LUIS OBISPO",-120.66146996000001,35.284320090000001
8365213,2017,2017-05-12,4006,2017-04-26,1614,16380,,3,5,4,4006,0,0,0,,0,,"LOS OSOS VALLEY","CALLE JOAQUIN",160.00,W,N,A,-,N,,,,,,,,,,N,4,0,3,3,A,-,03,22350,,N,C,C,A,A,H,-,A,D,0,,,,,Y,,A,08,0,0,3,0,0,0,0,0,0,"- ","- ",35.145060000000001,-120.40599,"SAN LUIS OBISPO","SAN LUIS OBISPO",-120.68323331000001,35.24713663
8365221,2017,2017-05-12,4006,2017-04-22,1739,60235,,6,5,4,4006,0,0,0,,0,,"SANTA ROSA",FOOTHILL,140.00,S,N,A,-,N,,,,,,,,,,Y,4,0,1,2,A,-,07,21658,A,N,B,C,A,A,H,-,A,A,0,,,,,Y,,A,01,0,0,1,0,0,0,0,0,0,"- ","- ",38.437190000000001,-122.71271,"SAN LUIS OBISPO","SAN LUIS OBISPO",-120.66789692,35.293709479999997
8367742,2017,2017-05-22,4001,2017-04-10,0840,P0114,46-1,1,5,3,4001,0,0,0,,0,SUPPOR,"FAIR OAKS AV","STATION WY",0.00,,Y,A,-,N,,,,,,,,,,N,3,0,1,2,A,-,10,21950,A,N,B,B,B,A,H,-,A,A,0,Y,,,,Y,,A,01,0,1,0,0,1,0,0,0,0,"- ","- ",,,"SAN LUIS OBISPO","ARROYO GRANDE",-120.57749995,35.119140000000002
8369070,2017,2017-06-02,4003,2017-04-29,1340,M0253,2,6,5,2,4003,0,0,0,,0,001,"MARINA ST","MORRO AV",0.00,,Y,A,-,N,,,,,,,,,,Y,4,0,3,2,A,-,09,21803,A,N,D,C,A,A,H,-,A,A,0,,,,,Y,,A,01,0,0,3,0,0,0,0,0,0,"- ","- ",,,"SAN LUIS OBISPO","MORRO BAY",-120.85114995000001,35.364020019999998
8372640,2017,2017-05-26,4006,2017-04-27,1727,49251,SLO,4,5,4,4006,0,0,0,,0,ZONE2,"S HIGUERA","LAS PRADERAS",276.00,N,N,A,-,N,,,,,,,,,,Y,4,0,2,2,A,-,03,22350,,N,C,C,A,A,H,-,A,D,0,,,,,Y,,A,08,0,0,2,0,0,0,0,0,0,"- ","- ",35.245649999999998,-120.67447,"SAN LUIS OBISPO","SAN LUIS OBISPO",-120.6743125,35.245826370000003
8372647,2017,2017-05-30,4002,2017-05-12,1416,138,204,5,5,3,4002,0,0,0,,0,,"LONGBRANCH AV","S OAK PARK BL",0.00,,Y,B,-,N,,,,,,,,,,N,4,0,1,2,A,-,09,21802,A,N,D,G,A,A,H,-,A,A,0,,Y,,,Y,,A,01,0,0,1,0,0,0,1,0,0,"- ","- ",,,"SAN LUIS OBISPO","GROVER BEACH",-120.60928986,35.118900089999997
8372653,2017,2017-05-30,4008,2017-05-11,1550,3013,,4,5,4,4008,0,0,0,,0,,"CURBARIL AV","EL CAMINO REAL",0.00,,Y,A,-,N,,,,,,,,,,N,3,0,1,2,A,-,12,21453,A,N,D,G,A,A,H,-,A,A,0,,Y,,,Y,,L,04,0,1,0,0,0,0,1,0,0,"- ","- ",35.47757,-120.6564,"SAN LUIS OBISPO",ATASCADERO,-120.65626999,35.477520069999997
8375366,2017,2017-08-02,4004,2017-05-18,0758,0430,04,4,5,3,4004,0,0,0,,0,041,CRESTON,NICKERSON,528.00,E,N,A,-,N,,,,,,,,,,N,4,0,1,2,A,-,03,22350,,N,C,C,A,A,H,-,A,D,0,,,,,Y,,A,01,0,0,1,0,0,0,0,0,0,"- ","- ",,,"SAN LUIS OBISPO","PASO ROBLES",-120.66907705,35.624806249999999
8375370,2017,2017-08-02,4004,2017-05-17,0517,0575,03,3,5,3,4004,0,0,0,,0,037,RIVER,UNION,5280.00,,N,B,-,N,,,,,,,,,,N,4,0,1,2,A,-,00,21760,C,M,B,G,A,A,H,-,B,A,0,,Y,,,Y,Y,-,,0,0,1,0,0,0,1,0,0,"- ","- ",,,"SAN LUIS OBISPO","PASO ROBLES",-120.68234991999999,35.630410050000002
8375635,2017,2017-06-13,4006,2017-05-17,1619,80908,,3,5,4,4006,0,0,0,,0,,GRAND,LOOMIS,0.00,,Y,A,-,N,,,,,,,,,,Y,3,0,3,2,A,-,09,21801,A,N,A,C,A,A,H,-,A,D,0,,,,,Y,,A,01,0,1,2,0,0,0,0,0,0,"- ","- ",35.292340000000003,-120.65322999999999,"SAN LUIS OBISPO","SAN LUIS OBISPO",-120.65328992000001,35.292380110000003
8375671,2017,2017-06-13,4006,2017-05-20,1335,59980,,6,5,4,4006,0,0,0,,0,,PEACH,NIPOMO,700.00,N,N,A,-,N,,,,,,,,,,Y,4,0,1,2,A,-,08,22107,,N,D,C,A,A,H,-,A,A,0,,,,,Y,,A,01,0,0,1,0,0,0,0,0,0,"- ","- ",35.281419999999997,-120.66762,"SAN LUIS OBISPO","SAN LUIS OBISPO",-120.6670781,35.282229039999997
8375679,2017,2017-06-13,4006,2017-05-24,1252,16380,,3,5,4,4006,0,0,0,,0,,"TANK FARM",LONG,0.00,,Y,A,-,N,,,,,,,,,,Y,4,0,1,2,A,-,09,21802,B,N,D,C,A,A,H,-,A,A,0,,,,,Y,,A,07,0,0,1,0,0,0,0,0,0,"- ","- ",,,"SAN LUIS OBISPO","SAN LUIS OBISPO",-120.67113994,35.246810089999997
8380745,2017,2017-06-06,4006,2017-05-10,1249,16380,,3,5,4,4006,0,0,0,,0,,"SANTA BARBARA",HIGH,319.00,N,N,A,-,N,,,,,,,,,,Y,4,0,2,2,A,-,08,22107,,N,B,C,A,A,H,-,A,D,0,,,,,Y,,A,01,0,0,2,0,0,0,0,0,0,"- ","- ",35.16234,-120.39223,"SAN LUIS OBISPO","SAN LUIS OBISPO",-120.65614964,35.273105459999996
8380757,2017,2017-06-06,4006,2017-05-08,1225,59950,,1,5,4,4006,0,0,0,,0,,HIGUERA,HIGH,0.00,,Y,A,-,N,,,,,,,,,,N,3,0,1,2,A,-,08,21717,,F,D,G,A,A,H,-,A,A,0,,Y,,,Y,,A,01,0,1,0,0,0,0,1,0,0,"- ","- ",35.27214,-120.66974999999999,"SAN LUIS OBISPO","SAN LUIS OBISPO",-120.66979994,35.272200069999997
8380877,2017,2017-06-06,4004,2017-05-18,1211,0376,01,4,5,3,4004,0,0,0,,0,015,"SPRING ST","18TH ST",45.00,S,N,A,-,N,,,,,,,,,,Y,3,0,1,2,A,-,09,21802,B,N,D,C,A,A,H,-,A,A,0,,,Y,Y,Y,,G,26,0,1,0,0,0,0,0,0,1,"- ","- ",,,"SAN LUIS OBISPO","PASO ROBLES",-120.69191815000001,35.632806780000003
8380958,2017,2017-06-05,4004,2017-05-21,1611,1197,01,7,5,3,4004,0,0,0,,0,1-5,RIVERSIDE,18TH,0.00,,Y,A,-,N,,,,,,,,,,Y,4,0,1,1,A,-,01,23152,A,M,E,I,A,A,H,-,A,D,0,,,,,Y,Y,A,01,0,0,1,0,0,0,0,0,0,"- ","- ",,,"SAN LUIS OBISPO","PASO ROBLES",-120.68740993,35.633170100000001
8380973,2017,2017-06-06,4004,2017-05-23,1302,1197,02,2,5,3,4004,0,0,0,,0,024,SPRING,6TH,125.00,N,N,A,-,N,,,,,,,,,,N,4,0,2,2,A,-,03,22350,,N,C,C,A,A,H,-,A,D,0,,,,,Y,,A,01,0,0,2,0,0,0,0,0,0,"- ","- ",,,"SAN LUIS OBISPO","PASO ROBLES",-120.69089936,35.620802509999997
8381514,2017,2017-06-09,4008,2017-05-27,1858,5011,,6,5,4,4008,0,0,0,,0,,"FLORES RD","SANTA LUCIA DR",50.00,S,N,A,-,N,,,,,,,,,,N,2,0,1,1,A,-,03,22350,,N,E,I,A,A,H,-,A,D,0,,Y,,,Y,,L,04,1,0,0,0,0,0,1,0,0,"- ","- ",,,"SAN LUIS OBISPO",ATASCADERO,-120.68707922,35.480999089999997
8386374,2017,2018-05-10,4006,2017-05-18,1749,49251,SLO,4,5,4,4006,0,0,0,,0,ZONE2,"RT 227","TANK FARM",8.00,S,N,A,-,N,,,,,,,,,,N,4,0,1,2,A,-,21,22106,,F,C,C,A,A,H,-,A,A,0,,,,,Y,,A,07,0,0,1,0,0,0,0,0,0,"- ","- ",35.24832,-120.64297999999999,"SAN LUIS OBISPO","SAN LUIS OBISPO",-120.64300776,35.248318500000003
8386944,2017,2018-03-14,4008,2017-06-11,1820,3013,,7,5,4,4008,0,0,0,,0,,"MORRO RD","OLD MORRO RD EAST W",189.00,E,N,-,-,Y,SLO,5,41,-,-,13.720,H,-,N,Y,3,0,1,1,A,-,01,23152,A,N,F,I,A,A,H,-,A,D,0,,,,,Y,Y,A,01,0,1,0,0,0,0,0,0,0,"- ","- ",35.459299999999999,-120.68189,"SAN LUIS OBISPO",ATASCADERO,-120.68227951999999,35.459446280000002
8389274,2017,2017-06-21,4002,2017-05-30,0925,470,104,2,5,3,4002,0,0,0,,0,,"S 16TH ST","W GRAND AV",109.00,S,N,A,-,N,,,,,,,,,,N,4,0,1,4,A,-,03,22350,,N,C,C,A,A,H,-,A,A,0,,,,,Y,,D,22,0,0,1,0,0,0,0,0,0,"- ","- ",,,"SAN LUIS OBISPO","GROVER BEACH",-120.61161955999999,35.120771019999999
8390515,2017,2017-06-21,4002,2017-05-27,1632,338,102,6,5,3,4002,0,0,0,,0,,"WEST GRAND AV","6TH ST",150.00,E,N,A,-,N,,,,,,,,,,N,4,0,2,2,A,-,03,22350,,N,C,C,A,A,H,-,A,A,0,,,,,Y,,A,01,0,0,2,0,0,0,0,0,0,"- ","- ",,,"SAN LUIS OBISPO","GROVER BEACH",-120.62344959000001,35.121643159999998
8390632,2017,2017-06-20,4002,2017-06-01,1910,478,104,4,5,3,4002,0,0,0,,0,,"W GRAND AV","N OAK PARK BL",0.00,,Y,A,-,N,,,,,,,,,,N,4,0,1,2,A,-,03,22350,,N,C,C,A,A,H,-,A,D,0,,,,,Y,,A,01,0,0,1,0,0,0,0,0,0,"- ","- ",,,"SAN LUIS OBISPO","GROVER BEACH",-120.60917994,35.12096004
8394228,2017,2017-07-14,4006,2017-05-05,1241,65419,,5,5,4,4006,0,0,0,,0,,"TANK FARM",BROOKPINE,87.00,E,N,A,-,N,,,,,,,,,,Y,3,0,2,2,A,-,05,21460,A,N,A,C,A,A,H,-,A,D,0,,,,,Y,,A,01,0,2,0,0,0,0,0,0,0,"- ","- ",35.150069999999999,-120.37464,"SAN LUIS OBISPO","SAN LUIS OBISPO",-120.63034868,35.2502
8398597,2017,2017-06-28,4001,2017-05-28,1519,P082,461,7,5,3,4001,0,0,0,,0,OPERAT,"POOLE ST","TRAFFIC WY",0.00,,Y,A,-,N,,,,,,,,,,N,4,0,1,2,A,-,09,21802,A,N,D,G,A,A,H,-,A,A,0,,Y,,,Y,,L,04,0,0,1,0,0,0,1,0,0,"- ","- ",,,"SAN LUIS OBISPO","ARROYO GRANDE",-120.57708993,35.12051005
8398645,2017,2018-03-16,4004,2017-06-09,1605,0376,02,5,5,3,4004,0,0,0,,0,033,"RT 46 E","GOLDEN HILL RD",225.00,E,N,A,-,Y,SLO,5,46,-,-,31.270,H,-,W,N,4,0,1,2,A,-,00,21403,,N,C,C,A,A,H,-,A,A,0,,,,Y,Y,,F,26,0,0,1,0,0,0,0,0,0,"- ","- ",,,"SAN LUIS OBISPO","PASO ROBLES",-120.6587767,35.644626899999999
8402556,2017,2017-07-20,4003,2017-06-09,0852,H9596,5,5,5,2,4003,0,0,0,,0,001,"SOUTH BAY BL","QUINTANA RD",0.00,,Y,B,-,N,,,,,,,,,,Y,4,0,1,2,A,-,09,21802,A,N,D,C,A,A,H,-,A,A,0,,,,,Y,,A,08,0,0,1,0,0,0,0,0,0,"- ","- ",,,"SAN LUIS OBISPO","MORRO BAY",-120.8242899,35.362180010000003
8407222,2017,2017-07-20,4006,2017-06-20,1923,65419,SLOSU,2,5,4,4006,0,0,0,,0,,MONTEREY,"BUENA VISTA",281.00,E,N,A,-,N,,,,,,,,,,N,4,0,1,2,A,-,09,21804,A,N,D,C,A,A,H,-,A,D,0,,,,,Y,,-,,0,0,1,0,0,0,0,0,0,"- ","- ",35.290930000000003,-120.64700000000001,"SAN LUIS OBISPO","SAN LUIS OBISPO",-120.6490472,35.290910080000003
8407256,2017,2017-07-18,4005,2017-06-21,0940,P105,1,3,5,2,4005,0,0,0,,0,,HERMOSA,"SHELL BEACH RD",100.00,W,N,A,-,N,,,,,,,,,,N,4,0,1,1,B,-,22,,,N,E,I,A,-,H,-,A,D,0,,Y,,,Y,,L,04,0,0,1,0,0,0,1,0,0,"- ","- ",,,"SAN LUIS OBISPO","PISMO BEACH",-120.69542181,35.171265669999997
8407268,2017,2017-07-18,4005,2017-06-06,0800,P087,7,2,5,2,4005,0,0,0,,0,,"FIVE CITIES",4TH,144.00,N,N,A,-,N,,,,,,,,,,Y,4,0,1,3,A,-,03,22350,,N,C,C,A,A,H,-,A,D,0,,,,,Y,,A,01,0,0,1,0,0,0,0,0,0,"- ","- ",,,"SAN LUIS OBISPO","PISMO BEACH",-120.62252203,35.135876850000002
8408283,2017,2017-07-25,4004,2017-06-23,2137,1062,01,5,5,3,4004,0,0,0,,0,013,24TH,SPRING,195.00,E,N,A,-,N,,,,,,,,,,Y,2,0,1,1,A,-,01,23152,A,N,A,I,A,A,H,-,C,D,0,,,,,Y,Y,A,01,1,0,0,0,0,0,0,0,0,"- ","- ",,,"SAN LUIS OBISPO","PASO ROBLES",-120.69178753,35.639186520000003
8408377,2017,2018-03-16,4004,2017-06-20,1850,1277,01,2,5,3,4004,0,0,0,,0,"1 3","RT 46 E","RT 101",0.00,,Y,A,-,Y,SLO,5,46,-,R,21.955,I,5,W,Y,4,0,1,2,A,-,12,21453,A,N,D,C,A,A,H,-,A,A,0,,,,Y,Y,,A,08,0,0,1,0,0,0,0,0,0,"- ",SF,,,"SAN LUIS OBISPO","PASO ROBLES",-120.69610607,35.589431269999999
8408423,2017,2017-07-24,4006,2017-06-29,1715,22467,,4,5,4,4006,0,0,0,,0,,"TANK FARM",BROAD,0.00,,Y,A,-,N,,,,,,,,,,Y,4,0,1,2,A,-,07,21658,A,N,B,C,A,A,H,-,A,A,0,,,,,Y,,-,,0,0,1,0,0,0,0,0,0,"- ","- ",35.14564,-120.38296,"SAN LUIS OBISPO","SAN LUIS OBISPO",-120.64301996,35.248350090000002
8408617,2017,2017-07-26,4004,2017-07-11,1659,1208,01,2,5,3,4004,0,0,0,,0,014,24TH,PARK,48.00,W,N,A,-,N,,,,,,,,,,N,4,0,1,2,A,-,03,22350,,N,C,C,A,A,H,-,A,D,0,,,,,Y,,A,01,0,0,1,0,0,0,0,0,0,"- ","- ",,,"SAN LUIS OBISPO","PASO ROBLES",-120.69133060999999,35.639226090000001
8409057,2017,2017-07-26,4003,2017-05-30,1602,C4566,4,2,5,2,4003,0,0,0,,0,001,"MAIN ST","KERN AV",82.80,S,N,A,-,N,,,,,,,,,,Y,3,0,1,1,A,-,01,23152,A,N,E,J,A,A,H,-,A,A,0,,,,,Y,Y,A,01,0,1,0,0,0,0,0,0,0,"- ","- ",,,"SAN LUIS OBISPO","MORRO BAY",-120.84377117,35.354244780000002
8412446,2017,2017-07-26,4002,2017-06-16,0648,687,206,5,5,3,4002,0,0,0,,0,,"FARROLL RD","10TH ST",0.00,,Y,A,-,N,,,,,,,,,,Y,4,0,1,2,A,-,03,22350,,N,C,C,A,A,H,-,A,A,0,,,,,Y,,A,01,0,0,1,0,0,0,0,0,0,"- ","- ",,,"SAN LUIS OBISPO","GROVER BEACH",-120.61956987000001,35.112990000000003
8412973,2017,2018-03-16,4005,2017-06-15,1323,P095,6,4,5,2,4005,0,0,0,,0,,"DOLLIVER ST","OCEANVIEW BLVD",0.00,,Y,A,-,Y,SLO,5,1,-,-,15.400,I,5,N,N,4,0,1,2,A,-,09,21802,A,F,D,G,A,A,H,-,A,D,0,,Y,,,Y,,L,04,0,0,1,0,0,0,1,0,0,"- ","- ",,,"SAN LUIS OBISPO","PISMO BEACH",-120.63918473,35.138755580000002