CASE_ID,ACCIDENT_YEAR,PROC_DATE,JURIS,COLLISION_DATE,COLLISION_TIME,OFFICER_ID,REPORTING_DISTRICT,DAY_OF_WEEK,CHP_SHIFT,POPULATION,CNTY_CITY_LOC,SPECIAL_COND,BEAT_TYPE,CHP_BEAT_TYPE,CITY_DIVISION_LAPD,CHP_BEAT_CLASS,BEAT_NUMBER,PRIMARY_RD,SECONDARY_RD,DISTANCE,DIRECTION,INTERSECTION,WEATHER_1,WEATHER_2,STATE_HWY_IND,CALTRANS_COUNTY,CALTRANS_DISTRICT,STATE_ROUTE,ROUTE_SUFFIX,POSTMILE_PREFIX,POSTMILE,LOCATION_TYPE,RAMP_INTERSECTION,SIDE_OF_HWY,TOW_AWAY,COLLISION_SEVERITY,NUMBER_KILLED,NUMBER_INJURED,PARTY_COUNT,PRIMARY_COLL_FACTOR,PCF_CODE_OF_VIOL,PCF_VIOL_CATEGORY,PCF_VIOLATION,PCF_VIOL_SUBSECTION,HIT_AND_RUN,TYPE_OF_COLLISION,MVIW,PED_ACTION,ROAD_SURFACE,ROAD_COND_1,ROAD_COND_2,LIGHTING,CONTROL_DEVICE,CHP_ROAD_TYPE,PEDESTRIAN_ACCIDENT,BICYCLE_ACCIDENT,MOTORCYCLE_ACCIDENT,TRUCK_ACCIDENT,NOT_PRIVATE_PROPERTY,ALCOHOL_INVOLVED,STWD_VEHTYPE_AT_FAULT,CHP_VEHTYPE_AT_FAULT,COUNT_SEVERE_INJ,COUNT_VISIBLE_INJ,COUNT_COMPLAINT_PAIN,COUNT_PED_KILLED,COUNT_PED_INJURED,COUNT_BICYCLIST_KILLED,COUNT_BICYCLIST_INJURED,COUNT_MC_KILLED,COUNT_MC_INJURED,PRIMARY_RAMP,SECONDARY_RAMP,LATITUDE,LONGITUDE,COUNTY,CITY,POINT_X,POINT_Y
8413078,2017,2017-12-26,4003,2017-03-29,1733,H9596,6,3,5,2,4003,0,0,0,,0,002,"ATASCADERO RD","HILL ST",202.00,E,N,A,-,N,,,,,,,,,,N,4,0,1,2,A,-,09,21804,A,N,D,C,A,A,H,-,A,A,0,,,,,Y,,A,01,0,0,1,0,0,0,0,0,0,"- ","- ",,,"SAN LUIS OBISPO","MORRO BAY",-120.85186885,35.381971149999998
8416522,2017,2017-07-31,4002,2017-06-19,1650,093,210,1,5,3,4002,0,0,0,,0,,"FARROLL RD","S 10TH ST",40.00,E,N,A,-,N,,,,,,,,,,N,4,0,1,3,A,-,03,22350,,N,C,C,A,A,H,-,A,A,0,,,,,Y,,A,01,0,0,1,0,0,0,0,0,0,"- ","- ",,,"SAN LUIS OBISPO","GROVER BEACH",-120.61944518,35.112950580000003
8420951,2017,2018-06-11,4008,2017-07-14,1835,3125,,5,5,4,4008,0,0,0,,0,,"MORRO RD","LOS ALTOS RD",2157.00,W,N,A,-,Y,SLO,5,41,-,-,11.040,H,-,S,Y,3,0,1,1,A,-,03,22350,,N,F,A,A,A,H,-,A,D,0,,,Y,,Y,,C,02,0,1,0,0,0,0,0,0,1,"- ","- ",35.455399999999997,-120.71536999999999,"SAN LUIS OBISPO",ATASCADERO,-120.72070601,35.45963682
8426859,2017,2017-08-14,4004,2017-07-26,1224,0890,02,3,5,3,4004,0,0,0,,0,024,"SPRING ST","7TH ST",0.00,,Y,A,-,N,,,,,,,,,,Y,4,0,1,2,A,-,09,21801,A,N,D,C,A,A,H,-,A,A,0,,,Y,,Y,,C,02,0,0,1,0,0,0,0,0,1,"- ","- ",,,"SAN LUIS OBISPO","PASO ROBLES",-120.69095989,35.621510090000001
8427100,2017,2018-06-11,4004,2017-07-21,1932,0476,03,5,5,3,4004,0,0,0,,0,034,"RT 46","GOLDEN HILL",6.00,S,N,A,-,Y,SLO,5,46,-,-,31.310,I,5,W,N,4,0,1,2,A,-,10,21950,A,N,G,B,B,A,H,-,A,A,0,Y,,,,Y,,D,22,0,0,1,0,1,0,0,0,0,"- ","- ",,,"SAN LUIS OBISPO","PASO ROBLES",-120.65808991999999,35.644628570000002
8431567,2017,2017-09-22,4006,2017-08-04,1131,69585,,5,5,4,4006,0,0,0,,0,,MADONNA,"RT 101",0.00,,Y,-,-,N,,,,,,,,,,Y,3,0,1,2,A,-,12,21453,A,N,D,C,A,-,-,-,-,A,0,,,,,Y,,A,01,0,1,0,0,0,0,0,0,0,"- ","- ",35.155230000000003,-120.40328,"SAN LUIS OBISPO","SAN LUIS OBISPO",-120.67360967,35.266069000000002
8435024,2017,2017-08-29,4002,2017-08-11,1750,338,208,5,5,3,4002,0,0,0,,0,,"W GRAND AV","13TH ST",0.00,,Y,A,-,N,,,,,,,,,,Y,4,0,1,2,A,-,01,23152,A,N,D,C,A,A,H,-,A,A,0,,,,,Y,Y,D,22,0,0,1,0,0,0,0,0,0,"- ","- ",,,"SAN LUIS OBISPO","GROVER BEACH",-120.61530995,35.121250070000002
8437477,2017,2017-11-20,4006,2017-09-06,1958,89870,,3,5,4,4006,0,0,0,,0,,FOOTHILL,BROAD,0.00,,Y,A,-,N,,,,,,,,,,N,4,0,1,2,A,-,10,21950,A,N,G,B,B,A,H,-,C,A,0,Y,,,,Y,,A,07,0,0,1,0,1,0,0,0,0,"- ","- ",35.126579999999997,-120.40303,"SAN LUIS OBISPO","SAN LUIS OBISPO",-120.67169997000001,35.294100049999997
8438725,2017,2018-07-13,4005,2017-07-09,1644,P090,5,7,5,2,4005,0,0,0,,0,,"PRICE ST",MATTIE,830.00,S,N,A,-,Y,SLO,5,101,-,-,17.660,R,4,S,Y,4,0,2,2,A,-,09,21802,A,N,D,C,A,A,H,-,A,D,0,,,,,Y,,A,01,0,0,2,0,0,0,0,0,0,"- ","- ",,,"SAN LUIS OBISPO","PISMO BEACH",-120.65318281,35.15027268
8438747,2017,2018-06-01,4008,2017-08-11,1100,3152,,5,5,4,4008,0,0,0,,0,,"SANTA ROSA RD","SANTA ROSA RD ON RAMP",0.00,,Y,A,-,Y,SLO,5,101,-,-,43.860,R,4,S,Y,3,0,1,2,A,-,09,21801,A,N,D,C,A,A,H,-,A,A,0,,,,,Y,,A,01,0,1,0,0,0,0,0,0,0,"- ","- ",35.465580000000003,-120.65175000000001,"SAN LUIS OBISPO",ATASCADERO,-120.65002241000001,35.464062570000003
8438822,2017,2017-08-30,4004,2017-08-08,1510,1208,01,2,5,3,4004,0,0,0,,0,1-4,"23RD ST","SPRING ST",0.00,,Y,A,-,N,,,,,,,,,,Y,4,0,1,2,A,-,09,21800,A,N,D,C,A,A,H,-,A,A,0,,,,,Y,,A,01,0,0,1,0,0,0,0,0,0,"- ","- ",,,"SAN LUIS OBISPO","PASO ROBLES",-120.69236988,35.638130089999997
8439185,2017,2017-08-30,4008,2017-08-09,1402,3058,,3,5,4,4008,0,0,0,,0,,"EL CAMINO REAL","DEL RIO RD",0.00,,Y,A,-,N,,,,,,,,,,Y,3,0,1,3,A,-,03,22350,,N,C,C,A,A,H,-,A,A,0,,,,,Y,,A,01,0,1,0,0,0,0,0,0,0,"- ","- ",35.513590000000001,-120.6977,"SAN LUIS OBISPO",ATASCADERO,-120.69778995999999,35.5137401
8439456,2017,2017-09-12,4006,2017-08-10,1535,80908,,4,5,4,4006,0,0,0,,0,,FLORA,"EL PASEO",0.00,,Y,A,-,N,,,,,,,,,,N,2,0,1,2,A,-,12,22450,A,N,D,G,A,A,H,-,A,A,0,,Y,,,Y,,L,04,1,0,0,0,0,0,1,0,0,"- ","- ",35.270359999999997,-120.63988999999999,"SAN LUIS OBISPO","SAN LUIS OBISPO",-120.63998995999999,35.270400039999998
8440235,2017,2017-09-08,4006,2017-07-04,1558,30217,,2,5,4,4006,0,0,0,,0,,"LOS OSOS VALLEY RD","CALLE JOAQUIN",0.00,,Y,A,-,N,,,,,,,,,,Y,4,0,1,2,A,-,09,21801,A,N,D,C,A,A,H,-,A,A,0,,,,,Y,,A,01,0,0,1,0,0,0,0,0,0,"- ","- ",35.246749999999999,-120.68319,"SAN LUIS OBISPO","SAN LUIS OBISPO",-120.68302994,35.24673009
8441015,2017,2017-10-02,4003,2017-08-19,1213,C4566,2,6,5,2,4003,0,0,0,,0,001,"MORRO BAY BL","SHASTA AV",123.00,W,N,A,-,N,,,,,,,,,,N,3,0,1,2,A,-,11,21954,A,N,G,B,E,A,H,-,A,A,0,Y,,,,Y,,N,60,0,1,0,0,1,0,0,0,0,"- ","- ",,,"SAN LUIS OBISPO","MORRO BAY",-120.84697180000001,35.365950390000002
8445163,2017,2017-10-11,4006,2017-08-15,1431,16380,,2,5,4,4006,0,0,0,,0,,HIGUERA,"SANTA ROSA",150.00,W,N,A,-,N,,,,,,,,,,N,4,0,1,2,A,-,03,22350,,N,G,B,E,A,H,-,A,D,0,Y,,,,Y,,A,01,0,0,1,0,1,0,0,0,0,"- ","- ",35.165309999999998,-120.39366,"SAN LUIS OBISPO","SAN LUIS OBISPO",-120.65980927,35.281730959999997
8445167,2017,2017-10-11,4006,2017-08-08,1606,16380,,2,5,4,4006,0,0,0,,0,,JOHNSON,LAUREL,0.00,,Y,A,-,N,,,,,,,,,,Y,4,0,2,2,D,-,00,,,N,A,C,A,A,H,-,A,A,0,,,,,Y,,-,"- ",0,0,2,0,0,0,0,0,0,"- ","- ",,,"SAN LUIS OBISPO","SAN LUIS OBISPO",-120.63838990000001,35.268350009999999
8447194,2017,2017-09-18,4004,2017-08-19,1438,1206,01,6,5,3,4004,0,0,0,,0,"1   7","16TH ST","SPRING ST",13.00,E,N,A,-,N,,,,,,,,,,N,4,0,1,2,A,-,03,22350,,N,C,C,A,A,H,-,A,D,0,,,,,Y,,D,22,0,0,1,0,0,0,0,0,0,"- ","- ",,,"SAN LUIS OBISPO","PASO ROBLES",-120.69170638999999,35.630852730000001
8447842,2017,2018-05-08,4008,2017-09-04,1227,3013,,1,5,4,4008,0,0,0,,0,,"EL CAMINO REAL","TRAFFIC WY",121.00,N,N,A,-,N,,,,,,,,,,Y,3,0,1,2,A,-,03,22350,,N,B,E,A,A,H,-,A,D,0,,,,,Y,,A,01,0,1,0,0,0,0,0,0,0,"- ","- ",35.489370000000001,-120.67031,"SAN LUIS OBISPO",ATASCADERO,-120.67074891999999,35.489540380000001
8447913,2017,2018-05-18,4008,2017-08-28,0750,4055,,1,5,4,4008,0,0,0,,0,,"ATASCADERO AV","MORRO RD",493.00,S,N,A,-,N,,,,,,,,,,N,3,0,1,2,A,-,17,21208,B,N,H,G,A,A,H,-,A,D,0,,Y,,,Y,,L,04,0,1,0,0,0,0,1,0,0,"- ","- ",35.48077,-120.66656,"SAN LUIS OBISPO",ATASCADERO,-120.75131485999999,35.454183299999997
8448081,2017,2017-09-20,4004,2017-09-02,2000,1189,03,6,5,3,4004,0,0,0,,0,"3 11",CRESTON,WALNUT,33.00,S,N,A,-,N,,,,,,,,,,N,3,0,1,2,A,-,10,21950,A,F,G,B,C,A,H,-,C,D,0,Y,,,,Y,Y,D,22,0,1,0,0,1,0,0,0,0,"- ","- ",,,"SAN LUIS OBISPO","PASO ROBLES",-120.67402556,35.627491149999997
8448464,2017,2017-09-20,4004,2017-08-29,0453,1233,01,2,5,3,4004,0,0,0,,0,"1   2","SPRING ST","32ND ST",240.00,S,N,A,-,N,,,,,,,,,,Y,3,0,1,3,C,-,18,,,N,C,E,A,A,H,-,B,D,0,,,,,Y,,-,"- ",0,1,0,0,0,0,0,0,0,"- ","- ",,,"SAN LUIS OBISPO","PASO ROBLES",-120.69308052,35.646872569999999
8448468,2017,2017-09-20,4004,2017-08-24,1539,1307,01,4,5,3,4004,0,0,0,,0,"1   3",SPRING,24TH,3.00,N,N,A,-,N,,,,,,,,,,N,4,0,1,2,A,-,08,22107,,F,G,B,F,A,H,-,A,A,0,Y,,,,Y,,-,99,0,0,1,0,1,0,0,0,0,"- ","- ",,,"SAN LUIS OBISPO","PASO ROBLES",-120.69244052000001,35.63913823
8450966,2017,2017-10-11,4001,2017-08-18,1915,P089,"46 3",5,5,3,4001,0,0,0,,0,OPERAT,"S HALCYON RD","THE PIKE",0.00,,Y,A,-,N,,,,,,,,,,Y,2,0,1,2,A,-,09,21804,,N,D,C,A,A,H,-,A,D,0,,,Y,,Y,,A,07,1,0,0,0,0,0,0,0,1,"- ","- ",,,"SAN LUIS OBISPO","ARROYO GRANDE",-120.59164994,35.106350069999998
8452064,2017,2018-05-18,4002,2017-08-21,1208,311,213,1,5,3,4002,0,0,0,,0,,"W GRAND AV","RT 1",889.00,W,N,A,-,N,,,,,,,,,,Y,4,0,2,2,A,-,01,23152,E,N,D,C,A,A,H,-,A,A,0,,,,,Y,,A,01,0,0,2,0,0,0,0,0,0,"- ","- ",,,"SAN LUIS OBISPO","GROVER BEACH",-120.63273232,35.122133490000003
8452384,2017,2018-06-01,4006,2017-08-30,0743,16380,,3,5,4,4006,0,0,0,,0,,CALIFORNIA,"RT 101",0.00,,Y,A,-,Y,SLO,5,101,-,-,29.440,R,4,N,Y,2,0,1,2,A,-,09,21802,A,N,D,C,A,A,H,-,A,A,0,,,Y,,Y,,A,07,1,0,0,0,0,0,0,0,1,"- ",NF,35.172139999999999,-120.39292,"SAN LUIS OBISPO","SAN LUIS OBISPO",-120.65868116999999,35.290344130000001
8455747,2017,2017-09-27,4008,2017-09-14,1616,2030,,4,5,4,4008,0,0,0,,0,,"GRAVES CREEK RD","BALBOA RD",1000.00,S,N,A,-,N,,,,,,,,,,N,3,0,1,1,A,-,03,22350,,N,E,I,A,A,H,-,A,D,0,,,,,Y,,A,01,0,1,0,0,0,0,0,0,0,"- ","- ",,,"SAN LUIS OBISPO",ATASCADERO,-120.69714,35.496195739999997
8455755,2017,2017-09-27,4008,2017-09-15,1746,3152,,5,5,4,4008,0,0,0,,0,,"EL CAMINO REAL","CURBARIL AV",0.00,,Y,A,-,N,,,,,,,,,,N,4,0,1,2,A,-,03,22350,,N,C,C,A,A,H,-,A,A,0,,,,,Y,,A,01,0,0,1,0,0,0,0,0,0,"- ","- ",35.47757,-120.6564,"SAN LUIS OBISPO",ATASCADERO,-120.65626999,35.477520069999997
8458511,2017,2017-10-05,4006,2017-09-01,0856,76984,,5,5,4,4006,0,0,0,,0,,"TANK FARM",BROAD,0.00,,Y,A,-,N,,,,,,,,,,Y,4,0,1,2,A,-,09,21804,A,N,-,C,A,A,H,-,A,A,0,,,,,Y,,-,,0,0,1,0,0,0,0,0,0,"- ","- ",,,"SAN LUIS OBISPO","SAN LUIS OBISPO",-120.64301996,35.248350090000002
8459221,2017,2017-09-28,4006,2017-09-08,1354,16380,,5,5,4,4006,0,0,0,,0,,JOHNSON,LAUREL,15.00,S,N,A,-,N,,,,,,,,,,N,4,0,1,2,A,-,21,22106,,N,C,C,A,A,H,-,A,D,0,,,,,Y,,D,22,0,0,1,0,0,0,0,0,0,"- ","- ",35.160580000000003,-120.38176,"SAN LUIS OBISPO","SAN LUIS OBISPO",-120.6383471,35.26832855
8459560,2017,2018-06-25,4008,2017-09-02,1954,4044,,6,5,4,4008,0,0,0,,0,,"MORRO RD","PORTOLA RD",0.00,,Y,A,-,Y,SLO,5,41,-,-,14.740,I,5,N,N,4,0,1,2,A,-,05,21650,,N,D,G,A,A,H,-,C,A,0,,Y,,,Y,Y,L,04,0,0,1,0,0,0,1,0,0,"- ","- ",35.469050000000003,-120.67001,"SAN LUIS OBISPO",ATASCADERO,-120.66991152999999,35.468799019999999
8461518,2017,2017-12-06,4006,2017-09-19,2220,77891,,2,5,4,4006,0,0,0,,0,,OSOS,PISMO,0.00,,Y,A,-,N,,,,,,,,,,N,2,0,1,2,A,-,11,21456,B,N,G,B,B,A,H,-,C,A,0,Y,,,,Y,,N,60,1,0,0,0,1,0,0,0,0,"- ","- ",35.164369999999998,-120.39313,"SAN LUIS OBISPO","SAN LUIS OBISPO",-120.65876998,35.278860080000001
8464033,2017,2017-10-13,4002,2017-09-20,1715,687,101,3,5,3,4002,0,0,0,,0,,"THE PIKE LN","17TH ST",0.00,,Y,A,-,N,,,,,,,,,,Y,4,0,1,2,A,-,09,21800,A,N,D,C,A,A,H,-,A,A,0,,,,,Y,,D,22,0,0,1,0,0,0,0,0,0,"- ","- ",,,"SAN LUIS OBISPO","GROVER BEACH",-120.61242900000001,35.106642000000001
8466595,2017,2017-10-16,4001,2017-08-22,1028,P0135,46-1,2,5,3,4001,0,0,0,,0,OPERAT,"E BRANCH ST","SHORT ST",23.00,E,N,A,-,N,,,,,,,,,,N,2,0,1,2,A,-,10,21950,,N,G,B,B,A,H,-,A,A,0,Y,,,,Y,,N,60,1,0,0,0,1,0,0,0,0,"- ","- ",,,"SAN LUIS OBISPO","ARROYO GRANDE",-120.57758421,35.124002310000002
8466865,2017,2017-10-12,4004,2017-09-18,1708,1306,04,1,5,3,4004,0,0,0,,0,049,AIRPORT,"LINNE RD",0.00,,Y,A,-,N,,,,,,,,,,Y,4,0,1,2,A,-,09,21800,A,N,A,C,A,A,H,-,A,D,0,,,,,Y,,D,22,0,0,1,0,0,0,0,0,0,"- ","- ",,,"SAN LUIS OBISPO","PASO ROBLES",-120.64436986,35.611970069999998
8467798,2017,2017-11-21,4006,2017-09-20,0812,14848,,3,5,4,4006,0,0,0,,0,,"LOS OSOS VALLEY",OCEANAIRE,276.00,W,N,A,-,N,,,,,,,,,,Y,4,0,1,2,A,-,00,21604,A,N,D,C,A,A,H,-,A,A,0,,,,,Y,,D,22,0,0,1,0,0,0,0,0,0,"- ","- ",35.260399999999997,-120.6948,"SAN LUIS OBISPO","SAN LUIS OBISPO",-120.69470588,35.260412350000003
8467802,2017,2017-11-21,4006,2017-09-09,0114,76984,,6,5,4,4006,0,0,0,,0,,BROAD,LEFF,0.00,,Y,A,-,N,,,,,,,,,,N,2,0,1,2,A,-,01,21200,5,N,-,G,A,A,H,-,C,A,0,,Y,,,Y,Y,L,04,1,0,0,0,0,0,1,0,0,"- ","- ",35.274299999999997,-120.66038,"SAN LUIS OBISPO","SAN LUIS OBISPO",-120.66037987,35.274300029999999
8471302,2017,2017-10-19,4008,2017-09-14,1724,3054,,4,5,4,4008,0,0,0,,0,,"EL CAMINO REAL","MORRO RD",405.00,N,N,A,-,N,,,,,,,,,,N,4,0,3,2,A,-,09,21804,,N,D,C,A,A,H,-,A,A,0,,,,,Y,,A,01,0,0,3,0,0,0,0,0,0,"- ","- ",35.4861,-120.66485,"SAN LUIS OBISPO",ATASCADERO,-120.66586733,35.486940279999999
8472414,2017,2017-10-30,4001,2017-09-07,1752,P0101,46-1,4,5,3,4001,0,0,0,,0,OPERAT,"E BRANCH ST","MASON ST",0.00,,Y,A,-,N,,,,,,,,,,Y,4,0,1,3,A,-,01,23152,A,M,C,C,A,A,H,-,A,A,0,,,,,Y,Y,D,22,0,0,1,0,0,0,0,0,0,"- ","- ",,,"SAN LUIS OBISPO","ARROYO GRANDE",-120.57668993,35.124420049999998
8472516,2017,2017-10-25,4001,2017-09-16,0936,P0106,463,6,5,3,4001,0,0,0,,0,OPERAT,"BRISCO RD","GRAND AV",270.00,E,N,A,-,N,,,,,,,,,,Y,3,0,1,2,A,-,08,22107,,N,C,E,A,A,H,-,A,B,0,,,,,Y,,A,07,0,1,0,0,0,0,0,0,0,"- ","- ",,,"SAN LUIS OBISPO","ARROYO GRANDE",-120.59891853000001,35.1209913
8473400,2017,2017-12-05,4004,2017-10-08,1322,1277,01,7,5,3,4004,0,0,0,,0,1-7,"PARK ST","16TH ST",0.00,,Y,A,-,N,,,,,,,,,,Y,4,0,1,3,A,-,12,22450,A,N,D,C,A,A,H,-,A,A,0,,,,,Y,,A,01,0,0,1,0,0,0,0,0,0,"- ","- ",,,"SAN LUIS OBISPO","PASO ROBLES",-120.69046987999999,35.6309301
8476517,2017,2017-10-30,4005,2017-09-02,1143,P111,5,6,5,2,4005,0,0,0,,0,,"PRICE ST","PRICE ST 2650",0.00,,-,A,-,N,,,,,,,,,,Y,4,0,1,2,A,-,06,21750,,N,C,C,A,A,H,-,A,D,0,,,,,Y,,A,01,0,0,1,0,0,0,0,0,0,"- ","- ",,,"SAN LUIS OBISPO","PISMO BEACH",-120.65290331999999,35.149510759999998
8476521,2017,2017-10-30,4005,2017-09-18,2024,P103,5,1,5,2,4005,0,0,0,,0,,"PRICE ST","PRICE ST 2241",0.00,,-,A,-,N,,,,,,,,,,N,3,0,1,2,A,-,05,21202,A,N,D,G,A,A,H,-,C,A,0,,Y,,,Y,,L,04,0,1,0,0,0,0,1,0,0,"- ","- ",,,"SAN LUIS OBISPO","PISMO BEACH",-120.64930558,35.148623180000001
8477044,2017,2017-10-24,4002,2017-10-09,1602,338,209,1,5,3,4002,0,0,0,,0,,"S 16TH ST","FARROLL RD",0.00,,Y,A,-,N,,,,,,,,,,Y,3,0,2,2,A,-,09,21802,A,N,D,C,A,A,H,-,A,A,0,,,,,Y,,A,07,0,1,1,0,0,0,0,0,0,"- ","- ",,,"SAN LUIS OBISPO","GROVER BEACH",-120.61243997,35.110750019999998
8479696,2017,2017-11-09,4004,2017-10-23,1535,0657,01,1,5,3,4004,0,0,0,,0,2-2,SPRING,32ND,250.00,S,N,A,-,N,,,,,,,,,,Y,4,0,1,2,A,-,09,21804,A,N,D,C,A,A,H,-,A,D,0,,,,,Y,,A,01,0,0,1,0,0,0,0,0,0,"- ","- ",,,"SAN LUIS OBISPO","PASO ROBLES",-120.69307804,35.64684518
8480965,2017,2017-11-09,4002,2017-10-27,2327,464,101,5,5,3,4002,0,0,0,,0,,"N 4TH ST","W GRAND AV",53.00,N,N,A,-,N,,,,,,,,,,Y,4,0,1,2,A,-,01,23152,A,F,D,C,A,A,H,-,C,A,0,,,,,Y,Y,D,22,0,0,1,0,0,0,0,0,0,"- ","- ",,,"SAN LUIS OBISPO","GROVER BEACH",-120.62642499,35.121945060000002
8481253,2017,2017-11-14,4002,2017-10-03,1116,687,101,2,5,3,4002,0,0,0,,0,,"W GRAND AV","13TH ST",0.00,,Y,A,-,N,,,,,,,,,,N,4,0,1,2,A,-,03,22350,,N,C,C,A,A,H,-,A,A,0,,,,,Y,,A,01,0,0,1,0,0,0,0,0,0,"- ","- ",,,"SAN LUIS OBISPO","GROVER BEACH",-120.61530995,35.121250070000002
8481599,2017,2017-11-14,4006,2017-10-11,1730,10817,,3,5,4,4006,0,0,0,,0,,VICTORIA,CAUDILL,0.00,,Y,A,-,N,,,,,,,,,,N,4,0,1,2,A,-,03,22350,,N,D,C,A,A,H,-,A,D,0,,,,,Y,,A,01,0,0,1,0,0,0,0,0,0,"- ","- ",,,"SAN LUIS OBISPO","SAN LUIS OBISPO",-120.65282997,35.2671201
8482374,2017,2017-11-13,4006,2017-10-20,0643,14848,,5,5,4,4006,0,0,0,,0,,"LOS OSOS VALLEY",LAGUNA,0.00,,Y,B,-,N,,,,,,,,,,Y,4,0,1,2,A,-,12,21453,A,N,D,C,A,B,H,-,B,-,0,,,,,Y,,M,58,0,0,1,0,0,0,0,0,0,"- ","- ",35.262,-120.6965,"SAN LUIS OBISPO","SAN LUIS OBISPO",-120.69654989,35.261980039999997
8483318,2017,2018-06-08,4008,2017-10-19,1500,3152,,4,5,4,4008,0,0,0,,0,,"MORRO RD","ATASCADERO AV",757.00,W,N,A,-,N,,,41,,,,,,,Y,4,0,1,3,A,-,03,22350,,N,C,C,A,A,H,-,A,A,0,,,,,Y,,D,22,0,0,1,0,0,0,0,0,0,"- ","- ",35.48077,-120.66656,"SAN LUIS OBISPO",ATASCADERO,-120.66642982,35.480732289999999
8483322,2017,2017-11-14,4008,2017-10-11,1706,3125,,3,5,4,4008,0,0,0,,0,,"OLMEDA AV","MARIQUITA AV",547.00,S,N,A,-,N,,,,,,,,,,Y,3,0,1,2,A,-,09,21804,A,N,D,C,A,A,H,-,A,D,0,,,,,Y,,A,01,0,1,0,0,0,0,0,0,0,"- ","- ",35.494140000000002,-120.67467000000001,"SAN LUIS OBISPO",ATASCADERO,-120.67321256,35.493325800000001
8486910,2017,2017-12-04,4006,2017-10-19,1212,89870,,4,5,4,4006,0,0,0,,0,,"SANTA FE","TANK FARM",0.00,,Y,A,-,N,,,,,,,,,,N,4,0,1,2,A,-,03,22350,,N,C,C,A,A,H,-,A,A,0,,,,,Y,,A,01,0,0,1,0,0,0,0,0,0,"- ","- ",35.25,-120.38,"SAN LUIS OBISPO","SAN LUIS OBISPO",-120.64734989999999,35.246810060000001
8486918,2017,2017-11-28,4006,2017-10-23,1531,16380,,1,5,4,4006,0,0,0,,0,,MORRO,MARSH,0.00,,Y,A,-,N,,,,,,,,,,N,3,0,1,2,D,-,00,,,F,G,B,B,A,H,-,A,A,0,Y,,,,Y,,-,"- ",0,1,0,0,1,0,0,0,0,"- ","- ",35.16478,-120.39395,"SAN LUIS OBISPO","SAN LUIS OBISPO",-120.66101989000001,35.279810040000001
8489070,2017,2017-12-06,4004,2017-10-30,1432,0928,04,1,5,3,4004,0,0,0,,0,4-6,NIBLICK,CRESTON,40.00,W,N,B,-,N,,,,,,,,,,N,3,0,1,2,A,-,11,21954,A,N,A,B,E,A,H,-,A,D,0,Y,,,,Y,,N,60,0,1,0,0,1,0,0,0,0,"- ","- ",,,"SAN LUIS OBISPO","PASO ROBLES",-120.65925455,35.615749479999998
8491720,2017,2017-12-05,4006,2017-11-08,1530,80908,,3,5,4,4006,0,0,0,,0,,HIGUERA,SOUTH,325.00,S,N,B,-,N,,,,,,,,,,N,3,0,1,2,A,-,08,22107,,N,D,G,A,A,H,-,A,A,0,,Y,,,Y,,A,01,0,1,0,0,0,0,1,0,0,"- ","- ",35.268810000000002,-120.67028000000001,"SAN LUIS OBISPO","SAN LUIS OBISPO",-120.6704131,35.268663969999999
8491728,2017,2017-12-05,4006,2017-11-04,2017,65419,,6,5,4,4006,0,0,0,,0,,"SANTA ROSA",MONTEREY,0.00,,Y,C,-,N,,,,,,,,,,Y,3,0,1,2,A,-,10,21950,A,N,G,B,B,B,H,-,C,A,0,Y,,,,Y,,A,01,0,1,0,0,1,0,0,0,0,"- ","- ",35.282510000000002,-120.65994000000001,"SAN LUIS OBISPO","SAN LUIS OBISPO",-120.65995992000001,35.282600080000002
8491818,2017,2017-12-14,4006,2017-10-24,1559,16380,,2,5,4,4006,0,0,0,,0,,MARSH,"FERNANDEZ LN",212.00,N,N,A,-,N,,,,,,,,,,N,4,0,1,2,A,-,03,22350,,N,B,C,A,A,H,-,A,D,0,,,,,Y,,A,01,0,0,1,0,0,0,0,0,0,"- ","- ",35.162790000000001,-120.40170999999999,"SAN LUIS OBISPO","SAN LUIS OBISPO",-120.67191674999999,35.274242170000001
8493364,2017,2018-06-19,4004,2017-11-10,1705,1305,03,5,5,3,4004,0,0,0,,0,037,"RT 46","BUENA VISTA DR",1593.00,E,N,A,-,Y,SLO,5,46,-,-,30.810,H,-,W,Y,4,0,2,3,A,-,03,22350,,N,C,C,A,A,H,-,A,D,0,,,,,Y,,A,01,0,0,2,0,0,0,0,0,0,"- ","- ",,,"SAN LUIS OBISPO","PASO ROBLES",-120.66666995,35.644635729999997
8494414,2017,2018-06-08,4006,2017-10-28,1259,60235,,6,5,4,4006,0,0,0,,0,,MONTEREY,"BUENA VISTA",153.00,W,N,A,-,N,,,,,,,,,,Y,4,0,1,2,A,-,08,22107,,N,A,C,A,A,H,-,A,A,0,,,,,Y,,A,07,0,0,1,0,0,0,0,0,0,"- ","- ",35.290190000000003,-120.64936,"SAN LUIS OBISPO","SAN LUIS OBISPO",-120.65003783,35.290029969999999
8498695,2017,2017-12-18,4004,2017-11-20,1131,0928,02,1,5,3,4004,0,0,0,,0,2-4,SPRING,8TH,22.00,S,N,A,-,N,,,,,,,,,,N,4,0,1,2,A,-,03,22350,,N,C,C,A,A,H,-,A,D,0,,,,,Y,,D,22,0,0,1,0,0,0,0,0,0,"- ","- ",,,"SAN LUIS OBISPO","PASO ROBLES",-120.69105415,35.622479759999997
8500736,2017,2017-12-06,4003,2017-10-26,1202,L3701,2,4,5,2,4003,0,0,0,,0,001,"SOUTH BAY BL","STATE PARK RD",528.00,S,N,A,-,N,,,,,,,,,,Y,3,0,1,1,A,-,08,22107,,N,F,J,A,A,H,-,A,A,0,,,,,Y,,A,08,0,1,0,0,0,0,0,0,0,"- ","- ",,,"SAN LUIS OBISPO","MORRO BAY",-120.82747283,35.353691130000001
8500878,2017,2017-12-22,4003,2017-11-04,1505,F2780,3,6,5,2,4003,0,0,0,,0,001,"MORRO BAY BL","PINEY WY",233.00,E,N,A,-,N,,,,,,,,,,Y,4,0,1,2,A,-,01,23152,E,N,C,E,A,A,H,-,A,D,0,,,,,Y,,A,08,0,0,1,0,0,0,0,0,0,"- ","- ",,,"SAN LUIS OBISPO","MORRO BAY",-120.84466860000001,35.365989999999996