CASE_ID,ACCIDENT_YEAR,PROC_DATE,JURIS,COLLISION_DATE,COLLISION_TIME,OFFICER_ID,REPORTING_DISTRICT,DAY_OF_WEEK,CHP_SHIFT,POPULATION,CNTY_CITY_LOC,SPECIAL_COND,BEAT_TYPE,CHP_BEAT_TYPE,CITY_DIVISION_LAPD,CHP_BEAT_CLASS,BEAT_NUMBER,PRIMARY_RD,SECONDARY_RD,DISTANCE,DIRECTION,INTERSECTION,WEATHER_1,WEATHER_2,STATE_HWY_IND,CALTRANS_COUNTY,CALTRANS_DISTRICT,STATE_ROUTE,ROUTE_SUFFIX,POSTMILE_PREFIX,POSTMILE,LOCATION_TYPE,RAMP_INTERSECTION,SIDE_OF_HWY,TOW_AWAY,COLLISION_SEVERITY,NUMBER_KILLED,NUMBER_INJURED,PARTY_COUNT,PRIMARY_COLL_FACTOR,PCF_CODE_OF_VIOL,PCF_VIOL_CATEGORY,PCF_VIOLATION,PCF_VIOL_SUBSECTION,HIT_AND_RUN,TYPE_OF_COLLISION,MVIW,PED_ACTION,ROAD_SURFACE,ROAD_COND_1,ROAD_COND_2,LIGHTING,CONTROL_DEVICE,CHP_ROAD_TYPE,PEDESTRIAN_ACCIDENT,BICYCLE_ACCIDENT,MOTORCYCLE_ACCIDENT,TRUCK_ACCIDENT,NOT_PRIVATE_PROPERTY,ALCOHOL_INVOLVED,STWD_VEHTYPE_AT_FAULT,CHP_VEHTYPE_AT_FAULT,COUNT_SEVERE_INJ,COUNT_VISIBLE_INJ,COUNT_COMPLAINT_PAIN,COUNT_PED_KILLED,COUNT_PED_INJURED,COUNT_BICYCLIST_KILLED,COUNT_BICYCLIST_INJURED,COUNT_MC_KILLED,COUNT_MC_INJURED,PRIMARY_RAMP,SECONDARY_RAMP,LATITUDE,LONGITUDE,COUNTY,CITY,POINT_X,POINT_Y
8500894,2017,2018-01-18,4008,2017-11-11,1425,4012,,6,5,4,4008,0,0,0,,0,,"TECORIDA AV","MARCHANT AV",70.00,W,N,A,-,N,,,,,,,,,,N,4,0,1,2,A,-,09,21804,A,N,H,J,A,A,H,-,A,D,0,,,,,Y,,M,94,0,0,1,0,0,0,0,0,0,"- ","- ",35.484299999999998,-120.66439,"SAN LUIS OBISPO",ATASCADERO,-120.66448853999999,35.484139450000001
8504361,2017,2018-07-06,4005,2017-12-20,1407,P097,6,3,5,2,4005,0,0,0,,0,,POMEROY,DOLLIVER,0.00,,Y,A,-,Y,SLO,5,1,-,-,15.580,I,5,S,N,4,0,1,2,A,-,10,21950,A,N,G,B,B,A,H,-,A,A,0,Y,,,,Y,,A,07,0,0,1,0,1,0,0,0,0,"- ","- ",,,"SAN LUIS OBISPO","PISMO BEACH",-120.64136114999999,35.140594309999997
8505771,2017,2017-12-27,4006,2017-11-17,1827,65419,SLO,5,5,4,4006,0,0,0,,0,,CALIFORNIA,TAFT,0.00,,Y,A,-,N,,,,,,,,,,,3,0,1,2,A,-,08,22107,,N,D,C,A,A,H,-,D,D,0,,,Y,,Y,,A,01,0,1,0,0,0,0,0,0,1,"- ","- ",33.290990000000001,-120.66032,"SAN LUIS OBISPO","SAN LUIS OBISPO",-120.66029998,35.29090008
8506228,2017,2018-02-15,4006,2017-11-04,1735,18017,,6,5,4,4006,0,0,0,,0,,OSOS,HIGUERA,46.00,S,N,A,-,N,,,,,,,,,,N,3,0,1,2,A,-,21,22106,,M,G,B,-,A,H,-,A,D,0,Y,,,,Y,,A,01,0,1,0,0,1,0,0,0,0,"- ","- ",35.280000000000001,-120.66,"SAN LUIS OBISPO","SAN LUIS OBISPO",-120.66069358,35.281055389999999
8506538,2017,2018-06-19,4008,2017-11-13,1747,3125,,1,5,4,4008,0,0,0,,0,,"RT 101","MORRO RD",0.00,,Y,A,-,Y,SLO,5,101,-,-,45.700,R,1,S,N,4,0,1,2,A,-,09,21453,B,N,G,B,B,A,H,-,C,A,0,Y,,,,Y,,A,01,0,0,1,0,1,0,0,0,0,SF,"- ",35.484859999999998,-120.66522000000001,"SAN LUIS OBISPO",ATASCADERO,-120.6670933,35.486319780000002
8506550,2017,2018-06-19,4008,2017-11-09,1642,3152,,4,5,4,4008,0,0,0,,0,,"MORRO RD","CURBARIL AV",0.00,,Y,B,-,Y,SLO,5,41,-,-,15.110,I,5,N,Y,4,0,1,2,A,-,12,21453,A,N,A,C,A,A,H,-,A,A,0,,,,,Y,,A,07,0,0,1,0,0,0,0,0,0,"- ","- ",35.474220000000003,-120.66833,"SAN LUIS OBISPO",ATASCADERO,-120.66835557,35.47408566
8508535,2017,2018-01-27,4004,2017-11-20,1043,1304,02,1,5,3,4004,0,0,0,,0,2-4,SPRING,"8TH ST",185.00,S,N,A,-,N,,,,,,,,,,N,4,0,1,2,A,-,03,22350,,N,C,C,A,A,H,-,A,A,0,,,,,Y,,A,07,0,0,1,0,0,0,0,0,0,"- ","- ",,,"SAN LUIS OBISPO","PASO ROBLES",-120.69101082,35.622033440000003
8509211,2017,2017-12-07,4001,2017-10-26,1345,P0131,461,4,5,3,4001,0,0,0,,0,,"E GRAND","E GRAND 222",0.00,,-,A,-,N,,,,,,,,,,N,4,0,1,2,A,-,05,21650,1,N,D,G,A,A,H,-,A,A,0,,Y,,,Y,,L,04,0,0,1,0,0,0,1,0,0,"- ","- ",,,"SAN LUIS OBISPO","ARROYO GRANDE",-120.5824399,35.121852349999998
8509215,2017,2017-12-07,4001,2017-10-14,2315,P0137,461,6,5,3,4001,0,0,0,,0,CITY,"BRIDGE ST","BRIDGE ST 100 BLK",0.00,,-,A,-,N,,,,,,,,,,Y,4,0,1,1,A,-,08,22107,,N,E,I,A,A,H,-,C,D,0,,,,,Y,Y,A,01,0,0,1,0,0,0,0,0,0,"- ","- ",,,"SAN LUIS OBISPO","ARROYO GRANDE",-120.57907015000001,35.123179630000003
8509331,2017,2017-12-07,4006,2017-11-25,1818,49251,SLO,6,5,4,4006,0,0,0,,0,,"LOS OSOS VLY RD","LOS OSOS VALLEY ROAD",0.00,,Y,A,-,N,,,,,,,,,,Y,4,0,1,2,A,-,01,23152,A,F,A,C,A,A,H,-,A,A,0,,,,,Y,Y,D,22,0,0,1,0,0,0,0,0,0,"- ","- ",35.241950000000003,-120.67667,"SAN LUIS OBISPO","SAN LUIS OBISPO",-120.70445986,35.268720049999999
8510643,2017,2018-01-30,4004,2017-12-01,0748,1208,04,5,5,3,4004,0,0,0,,0,041,"OAK HILL","S RIVER",0.00,,Y,A,-,N,,,,,,,,,,N,4,0,1,2,A,-,09,21801,A,N,D,C,A,A,H,-,A,A,0,,,,,Y,,A,01,0,0,1,0,0,0,0,0,0,"- ","- ",,,"SAN LUIS OBISPO","PASO ROBLES",-120.6800999,35.613840009999997
8510659,2017,2018-01-30,4004,2017-12-06,1548,0430,02,3,5,3,4004,0,0,0,,0,026,NIBLICK,"S RIVER",18.00,W,N,A,-,N,,,,,,,,,,N,4,0,1,2,A,-,09,21453,B,N,D,C,A,A,H,-,A,A,0,,,,,Y,,A,01,0,0,1,0,0,0,0,0,0,"- ","- ",,,"SAN LUIS OBISPO","PASO ROBLES",-120.68033054,35.615020710000003
8511170,2017,2017-12-20,4006,2017-11-30,1618,16380,,4,5,4,4006,0,0,0,,0,,HIGUERA,MORRO,0.00,,Y,A,-,N,,,,,,,,,,N,4,0,1,2,A,-,10,21950,A,N,G,B,B,A,H,-,A,A,0,Y,,,,Y,,A,07,0,0,1,0,1,0,0,0,0,"- ","- ",35.164999999999999,-120.39474,"SAN LUIS OBISPO","SAN LUIS OBISPO",-120.66172994999999,35.280600079999999
8511294,2017,2017-12-22,4006,2017-12-02,0030,30153,,6,5,4,4006,0,0,0,,0,,"PEACH ST","CHORRO ST",0.00,,Y,A,-,N,,,,,,,,,,N,4,0,1,2,A,-,10,21950,A,N,G,B,B,A,H,-,C,D,0,Y,,,,Y,Y,A,01,0,0,1,0,1,0,0,0,0,"- ","- ",35.28304,-120.66567000000001,"SAN LUIS OBISPO","SAN LUIS OBISPO",-120.66568989,35.283060030000001
8511683,2017,2018-02-01,4006,2017-12-05,0944,80908,,2,5,4,4006,0,0,0,,0,,GRAND,LOOMIS,0.00,,Y,A,-,N,,,,,,,,,,Y,4,0,1,2,A,-,09,21802,A,N,D,C,A,A,H,-,A,A,0,,,,,Y,,A,07,0,0,1,0,0,0,0,0,0,"- ","- ",,,"SAN LUIS OBISPO","SAN LUIS OBISPO",-120.65328992000001,35.292380110000003
8513278,2017,2018-02-07,4001,2017-11-12,1924,P0138,463,7,5,3,4001,0,0,0,,0,OPERAT,"S HALCYON RD","S HALCYON RD 300",0.00,,N,A,-,N,,,,,,,,,,Y,4,0,2,2,A,-,03,22350,,N,C,C,A,A,H,-,C,D,0,,,,,Y,,A,01,0,0,2,0,0,0,0,0,0,"- ","- ",,,"SAN LUIS OBISPO","ARROYO GRANDE",-120.59161842,35.114635700000001
8517255,2017,2018-01-04,4006,2017-12-06,1830,18926,SLO,3,5,4,4006,0,0,0,,0,,FOOTHILL,CHORRO,0.00,,Y,A,-,N,,,,,,,,,,N,4,0,1,3,A,-,03,22350,,N,C,C,A,A,H,-,B,A,0,,,,,Y,,D,22,0,0,1,0,0,0,0,0,0,"- ","- ",,,"SAN LUIS OBISPO","SAN LUIS OBISPO",-120.67095992,35.294089999999997
8517869,2017,2017-12-18,4002,2017-11-22,1433,338,112,3,5,3,4002,0,0,0,,0,,"EL CAMINO REAL","N OAK PARK BL",174.00,W,N,A,-,N,,,,,,,,,,N,4,0,2,2,A,-,04,21703,,N,C,C,A,A,H,-,A,D,0,,,,,Y,,A,01,0,0,2,0,0,0,0,0,0,"- ","- ",,,"SAN LUIS OBISPO","GROVER BEACH",-120.60735643,35.129748210000002
8517873,2017,2017-12-18,4002,2017-11-02,1314,478,108,4,5,3,4002,0,0,0,,0,,"N OAK PARK BL","ATLANTIC CITY AV",0.00,,Y,A,-,N,,,,,,,,,,N,4,0,1,2,A,-,09,21801,A,N,D,C,A,A,H,-,A,A,0,,,,,Y,,A,01,0,0,1,0,0,0,0,0,0,"- ","- ",,,"SAN LUIS OBISPO","GROVER BEACH",-120.60872988,35.126779999999997
8517877,2017,2017-12-18,4002,2017-11-21,1734,338,104,2,5,3,4002,0,0,0,,0,,"N OAK PARK BL","W GRAND AV",180.00,N,N,A,-,N,,,,,,,,,,Y,3,0,3,2,A,-,09,21801,A,N,D,C,A,A,H,-,C,A,0,,,,,Y,,A,01,0,1,2,0,0,0,0,0,0,"- ","- ",,,"SAN LUIS OBISPO","GROVER BEACH",-120.60913477,35.121453029999998
8522153,2017,2018-01-04,4006,2017-12-07,1616,80908,,4,5,4,4006,0,0,0,,0,,"LOS OSOS VALLEY RD","FROOM RANCH WY",228.00,E,N,A,-,N,,,,,,,,,,N,4,0,1,2,A,-,03,22350,,N,C,C,A,A,H,-,A,A,0,,,,,Y,,A,01,0,0,1,0,0,0,0,0,0,"- ","- ",35.252020000000002,-120.68704,"SAN LUIS OBISPO","SAN LUIS OBISPO",-120.68703822000001,35.252099200000004
8525240,2017,2018-01-27,4004,2017-12-13,1713,1208,02,3,5,3,4004,0,0,0,,0,022,RIVERSIDE,13TH,70.00,N,N,A,-,N,,,,,,,,,,N,4,0,2,3,A,-,03,22350,,N,C,C,A,A,H,-,C,A,0,,,,,Y,,D,22,0,0,2,0,0,0,0,0,0,"- ","- ",,,"SAN LUIS OBISPO","PASO ROBLES",-120.6870328,35.628161990000002
8525252,2017,2018-01-12,4006,2017-12-20,1627,16380,,3,5,4,4006,0,0,0,,0,,"S HIGUERA","TANK FARM",18.00,S,N,A,-,N,,,,,,,,,,N,4,0,2,2,A,-,03,22350,,N,C,C,A,A,H,-,A,D,0,,,,,Y,,D,22,0,0,2,0,0,0,0,0,0,"- ","- ",,,"SAN LUIS OBISPO","SAN LUIS OBISPO",-120.67375723000001,35.24672589
8525417,2017,2018-01-17,4006,2017-12-19,2104,80120,SLO,2,5,4,4006,0,0,0,,0,,"MARSH ST","OSOS ST",0.00,,Y,A,-,N,,,,,,,,,,Y,3,0,1,2,A,-,"- ",,,N,B,C,A,A,H,-,C,A,0,,,,,Y,,A,01,0,1,0,0,0,0,0,0,0,"- ","- ",,,"SAN LUIS OBISPO","SAN LUIS OBISPO",-120.66009989,35.280350069999997
8525425,2017,2018-01-17,4006,2017-12-12,1613,16380,,2,5,4,4006,0,0,0,,0,,"S HIGUERA","TANK FARM",0.00,,Y,A,-,N,,,,,,,,,,N,3,0,1,2,A,-,12,21453,A,N,D,G,A,A,H,-,A,A,0,,Y,,,Y,,L,04,0,1,0,0,0,0,1,0,0,"- ","- ",35.144849999999998,-120.40255999999999,"SAN LUIS OBISPO","SAN LUIS OBISPO",-120.67370986,35.246800100000002
8526965,2017,2018-01-17,4002,2017-12-14,0933,470,205,4,5,3,4002,0,0,0,,0,,"S 6TH ST","MENTONE AV",0.00,,Y,A,-,N,,,,,,,,,,N,4,0,1,2,A,-,12,22450,A,N,D,C,A,A,H,-,A,A,0,,,Y,,Y,Y,A,01,0,0,1,0,0,0,0,0,1,"- ","- ",,,"SAN LUIS OBISPO","GROVER BEACH",-120.62438987,35.11557011
8528387,2017,2018-01-19,4006,2017-12-27,0832,16380,,3,5,4,4006,0,0,0,,0,,BROAD,"TANK FARM",0.00,,Y,A,-,N,,,,,,,,,,Y,4,0,3,2,A,-,12,21453,A,N,D,C,A,A,H,-,A,A,0,,,,,Y,,A,01,0,0,3,0,0,0,0,0,0,"- ","- ",35.145429999999998,-120.3835,"SAN LUIS OBISPO","SAN LUIS OBISPO",-120.64301996,35.248350090000002
8528651,2017,2018-01-22,4006,2017-09-30,2222,66493,,6,5,4,4006,0,0,0,,0,,MARSH,BEACH,142.00,W,N,A,-,N,,,,,,,,,,N,4,0,1,2,A,-,03,22350,,N,G,B,E,A,H,-,C,D,0,Y,,,,Y,Y,-,,0,0,1,0,1,0,0,0,0,"- ","- ",,,"SAN LUIS OBISPO","SAN LUIS OBISPO",-120.66679057,35.276336020000002
8530322,2018,2018-01-25,4008,2018-01-06,1913,3114,4008,6,5,4,4008,0,0,0,,0,,"PALMA AV","ROSARIO AV",310.00,N,N,B,-,N,,,,,,,,,,N,4,0,1,2,A,-,03,22350,,F,G,B,E,B,H,-,D,D,0,Y,,,,Y,,D,22,0,0,1,0,1,0,0,0,0,"- ","- ",35.491519927978516,-120.67237854003906,"SAN LUIS OBISPO",ATASCADERO,-120.67314910888672,35.491954803466797
8536311,2018,2018-01-26,4006,2018-01-04,0921,16380,,4,5,4,4006,0,0,0,,0,,"S HIGUERA",GRANADA,145.00,N,N,A,-,N,,,,,,,,,,N,4,0,1,2,A,-,09,21804,A,N,G,B,D,B,H,-,A,D,0,Y,,,,Y,,D,22,0,0,1,0,1,0,0,0,0,"- ","- ",35.150600433349609,-120.40152740478516,"SAN LUIS OBISPO","SAN LUIS OBISPO",-120.67087554931641,35.251487731933594
8536843,2017,2018-01-26,4008,2017-12-16,0844,2030,,6,5,4,4008,0,0,0,,0,,"EL CAMINO REAL","DEL RIO RD",0.00,,Y,A,-,N,,,,,,,,,,N,4,0,1,2,A,-,08,22107,,F,D,C,A,A,H,-,A,A,0,,,,,Y,,A,01,0,0,1,0,0,0,0,0,0,"- ","- ",35.513590000000001,-120.6977,"SAN LUIS OBISPO",ATASCADERO,-120.69778995999999,35.5137401
8536939,2017,2018-02-07,4001,2017-12-07,1413,P0131,463,4,5,3,4001,0,0,0,,0,OPERAT,"EL CAMINO REAL","EL CAMINO REAL 1105",0.00,,N,A,-,N,,,,,,,,,,Y,2,0,1,3,A,-,08,22107,,N,A,C,A,A,H,-,A,A,0,,,,,Y,,A,01,1,0,0,0,0,0,0,0,0,"- ","- ",,,"SAN LUIS OBISPO","ARROYO GRANDE",-120.59567570999999,35.124925159999997
8539744,2018,2018-02-01,4006,2018-01-10,1824,64920,,3,5,4,4006,0,0,0,,0,,"TANK FARM",POINSETTIA,30.00,W,N,A,-,N,,,,,,,,,,N,4,0,2,2,A,-,03,22350,,N,C,C,A,A,H,-,C,D,0,,,,,Y,,A,01,0,0,2,0,0,0,0,0,0,"- ","- ",35.145698547363281,-120.38259887695312,"SAN LUIS OBISPO","SAN LUIS OBISPO",-120.64054870605469,35.249286651611328
8542121,2017,2018-01-30,4006,2017-12-29,1825,60235,,5,5,4,4006,0,0,0,,0,,BROAD,PISMO,11.00,S,N,A,-,N,,,,,,,,,,N,4,0,1,2,A,-,10,21950,A,N,G,B,B,A,H,-,B,A,0,Y,,,,Y,,A,01,0,0,1,0,1,0,0,0,0,"- ","- ",35.276600000000002,-120.66244,"SAN LUIS OBISPO","SAN LUIS OBISPO",-120.66243832000001,35.276615569999997
8542264,2018,2018-02-26,4004,2018-01-14,2142,1304,01,7,5,3,4004,0,0,0,,0,"1   3","24TH ST",RIVERSIDE,0.00,,Y,A,-,N,,,,,,,,,,Y,4,0,1,2,A,-,12,21453,A,M,D,C,A,A,H,-,C,A,0,,,,,Y,,A,01,0,0,1,0,0,0,0,0,0,"- ","- ",,,"SAN LUIS OBISPO","PASO ROBLES",-120.68810272216797,35.639789581298828
8546259,2018,2018-02-08,4006,2018-01-17,2036,49251,SLO,3,5,4,4006,0,0,0,,0,"ZONE 2","LOS OSOS VALLEY RD","CALLE JOAQUIN",0.00,,Y,E,-,N,,,,,,,,,,Y,4,0,1,2,A,-,08,22107,,N,D,C,A,A,H,-,C,A,0,,,,,Y,,A,07,0,0,1,0,0,0,0,0,0,"- ","- ",35.246738433837891,-120.68305969238281,"SAN LUIS OBISPO","SAN LUIS OBISPO",-120.68302917480469,35.246730804443359
8548185,2018,2018-02-12,4006,2018-01-14,1630,66493,,7,5,4,4006,0,0,0,,0,,HATHWAY,BOND,36.00,S,N,A,-,N,,,,,,,,,,N,3,0,1,2,A,-,00,21949,A,N,G,B,E,A,H,-,A,D,0,Y,,,,Y,,N,60,0,1,0,0,1,0,0,0,0,"- ","- ",35.293960571289062,-120.66143798828125,"SAN LUIS OBISPO","SAN LUIS OBISPO",-120.66146087646484,35.294010162353516
8551087,2018,2018-02-12,4004,2018-01-23,1533,1208,2,2,5,3,4004,0,0,0,,0,,"GOLDEN HILL","ROLLING HILLS RD",0.00,,Y,A,-,N,,,,,,,,,,N,3,0,1,2,A,-,09,21802,A,N,D,G,A,A,H,-,A,A,0,,Y,,,Y,,A,07,0,1,0,0,0,0,1,0,0,"- ","- ",,,"SAN LUIS OBISPO","PASO ROBLES",-120.65799713134766,35.634239196777344
8556935,2018,2018-03-03,4004,2018-02-14,1501,0890,03,3,5,3,4004,0,0,0,,0,032,"RIVER OAKS RD","EXPERIMENTAL STATION RD",110.00,S,N,A,-,N,,,,,,,,,,N,4,0,2,2,A,-,09,21801,B,N,D,C,A,A,H,-,A,A,0,,,,,Y,,A,01,0,0,2,0,0,0,0,0,0,"- ","- ",,,"SAN LUIS OBISPO","PASO ROBLES",-120.67943572998047,35.646259307861328
8557529,2018,2018-03-15,4006,2018-02-27,0819,16380,,2,5,4,4006,0,0,0,,0,,MONTEREY,GRAND,250.00,E,N,A,-,N,,,,,,,,,,Y,4,0,1,2,A,-,09,21804,A,N,D,C,A,A,H,-,A,D,0,,,,,Y,,A,01,0,0,1,0,0,0,0,0,0,"- ","- ",35.172111511230469,-120.39040374755859,"SAN LUIS OBISPO","SAN LUIS OBISPO",-120.65115356445312,35.289100646972656
8558983,2018,2018-03-06,4002,2018-02-06,0609,311,107,2,5,3,4002,0,0,0,,0,,"N 12TH ST","BRIGHTON AV",103.00,N,N,A,-,N,,,,,,,,,,Y,4,0,1,3,A,-,05,21650,,N,B,E,A,A,H,-,D,A,0,,,,,Y,,A,01,0,0,1,0,0,0,0,0,0,"- ","- ",,,"SAN LUIS OBISPO","GROVER BEACH",-120.61634826660156,35.123973846435547
8560064,2018,2018-03-08,4006,2018-02-08,0805,15913,,4,5,4,4006,0,0,0,,0,,CALIFORNIA,MONTEREY,147.00,N,N,A,-,N,,,,,,,,,,N,3,0,1,2,A,-,08,22107,,N,D,G,A,A,H,-,A,A,0,,Y,,,Y,,D,22,0,1,0,0,0,0,1,0,0,"- ","- ",35.2864990234375,-120.65489959716797,"SAN LUIS OBISPO","SAN LUIS OBISPO",-120.65489959716797,35.286434173583984
8560068,2018,2018-03-14,4006,2018-02-13,1815,80908,,2,5,4,4006,0,0,0,,0,,"SANTA ROSA",OLIVE,325.00,S,N,A,-,N,,,,,,,,,,N,4,0,1,3,A,-,03,22350,,N,C,C,A,-,H,-,C,A,0,,,,,Y,,D,22,0,0,1,0,0,0,0,0,0,"- ","- ",,,"SAN LUIS OBISPO","SAN LUIS OBISPO",-120.66364288330078,35.28680419921875
8560272,2018,2018-02-27,4006,2018-01-24,1750,60235,,3,5,4,4006,0,0,0,,0,,"SANTA ROSA",BOYSEN,0.00,,Y,A,-,N,,,,,,,,,,N,3,0,1,2,A,-,11,21956,B,N,A,B,E,A,H,-,B,A,0,Y,,,,Y,,N,60,0,1,0,0,1,0,0,0,0,"- ","- ",35.296489715576172,-120.6688232421875,"SAN LUIS OBISPO","SAN LUIS OBISPO",-120.66957092285156,35.295791625976562
8560490,2018,2018-03-01,4006,2018-02-15,1057,80908,,4,5,4,4006,0,0,0,,0,,"SANTA ROSA",FOOTHILL,0.00,,Y,A,-,N,,,,,,,,,,N,4,0,1,2,A,-,03,22350,,N,C,C,A,-,H,-,A,A,0,,,,,Y,,A,01,0,0,1,0,0,0,0,0,0,"- ","- ",35.294258117675781,-120.66819763183594,"SAN LUIS OBISPO","SAN LUIS OBISPO",-120.66806030273438,35.294071197509766
8560494,2018,2018-03-06,4006,2018-02-15,1150,16380,,4,5,4,4006,0,0,0,,0,,BROAD,FULLER,5.00,N,N,A,-,N,,,,,,,,,,Y,4,0,1,2,A,-,09,21802,A,N,D,C,A,A,H,-,A,A,0,,,,,Y,,A,07,0,0,1,0,0,0,0,0,0,"- ","- ",35.143959045410156,-120.38262176513672,"SAN LUIS OBISPO","SAN LUIS OBISPO",-120.64077758789062,35.244140625
8566046,2018,2018-08-02,4004,2018-02-13,1514,1307,03,2,5,3,4004,0,0,0,,0,"3    3","GOLDEN HILL RD","RT 46 EAST",30.00,N,N,A,-,Y,SLO,5,46,-,-,31.310,I,6,W,N,4,0,1,2,A,-,03,22350,,N,C,C,A,A,H,-,A,A,0,,,,,Y,,A,01,0,0,1,0,0,0,0,0,0,"- ","- ",,,"SAN LUIS OBISPO","PASO ROBLES",-120.65808868408203,35.644630432128906
8566312,2018,2018-03-12,4006,2018-02-16,1114,80908,,5,5,4,4006,0,0,0,,0,,"SANTA ROSA",MURRAY,0.00,,Y,A,-,N,,,,,,,,,,N,3,0,1,2,A,-,08,21717,,N,B,G,A,A,H,-,A,A,0,,Y,,Y,Y,,F,21,0,1,0,0,0,0,1,0,0,"- ","- ",35.209468841552734,-120.66708374023438,"SAN LUIS OBISPO","SAN LUIS OBISPO",-120.66701,35.290833999999997
8566387,2018,2018-03-20,4002,2018-02-18,1125,478,204,7,5,3,4002,0,0,0,,0,,"OAK PARK BL","LONG BRANCH AV",0.00,,N,A,-,N,,,,,,,,,,N,4,0,1,2,A,-,17,21657,,N,A,C,A,A,H,-,A,D,0,,Y,,,Y,,L,04,0,0,1,0,0,0,1,0,0,"- ","- ",,,"SAN LUIS OBISPO","GROVER BEACH",-120.60929107666016,35.118900299072266
8567478,2018,2018-03-14,4006,2018-02-17,1400,1648,554,6,5,4,4006,0,0,0,,0,264OHV,ODSVRA,"COMPETITION HILL",50.00,E,N,A,-,N,,,,,,,,,,Y,2,0,2,1,-,-,"- ",,,N,A,A,A,A,H,-,A,D,0,,,,,Y,,-,"- ",1,1,0,0,0,0,0,0,0,"- ","- ",,,"SAN LUIS OBISPO","SAN LUIS OBISPO",,
8567486,2018,2018-03-13,4006,2018-02-17,1315,1515,554,6,5,4,4006,0,0,0,,0,OHV264,"OCEANO DUNES","CXT B",200.00,S,N,A,-,N,,,,,,,,,,N,4,0,1,1,A,-,03,38305,,N,E,J,A,A,H,-,A,D,0,,,Y,,Y,,C,06,0,0,1,0,0,0,0,0,1,"- ","- ",,,"SAN LUIS OBISPO","SAN LUIS OBISPO",,
8567498,2018,2018-03-14,4006,2018-02-10,1450,1648,554,6,5,4,4006,0,0,0,,0,264-OH,"POST 5","100TH AV",250.00,E,N,A,-,N,,,,,,,,,,N,2,0,1,1,A,-,03,38305,,N,H,A,A,A,H,-,A,D,0,,,Y,,Y,,C,06,1,0,0,0,0,0,0,0,1,"- ","- ",,,"SAN LUIS OBISPO","SAN LUIS OBISPO",,
8567502,2018,2018-03-13,4006,2018-02-10,1355,1515,554,6,5,4,4006,0,0,0,,0,OHV264,"OCEANO DUNES","OCEANO DUNES SVRA",25.00,S,N,A,-,N,,,,,,,,,,N,3,0,1,1,A,-,03,38305,,N,F,J,A,A,H,-,A,D,0,,,,,Y,,A,42,0,1,0,0,0,0,0,0,0,"- ","- ",,,"SAN LUIS OBISPO","SAN LUIS OBISPO",,
8567520,2018,2018-03-08,4002,2018-02-17,1054,478,105,6,5,3,4002,0,0,0,,0,,"N 1ST ST","N 1ST ST  BLOCK 500",0.00,,N,A,-,N,,,,,,,,,,N,4,0,1,2,A,-,03,22350,,N,D,E,A,A,H,-,A,D,0,,,Y,,Y,,C,02,0,0,1,0,0,0,0,0,1,"- ","- ",,,"SAN LUIS OBISPO","GROVER BEACH",,
8567687,2018,2018-03-21,4008,2018-01-26,0918,3054,,5,5,4,4008,0,0,0,,0,48S1,"EL CAMINO REAL","CURBARIL AV",0.00,,Y,E,-,N,,,,,,,,,,Y,4,0,2,2,A,-,12,21453,A,N,D,C,A,A,H,-,A,A,0,,,,,Y,,A,01,0,0,2,0,0,0,0,0,0,"- ","- ",35.477569580078125,-120.65640258789062,"SAN LUIS OBISPO",ATASCADERO,-120.65627288818359,35.477519989013672
8573134,2018,2018-03-16,4008,2018-02-02,1538,3113,,5,5,4,4008,0,0,0,,0,,"CURBARIL AV","COROMAR AV",0.00,,Y,A,-,N,,,,,,,,,,Y,4,0,1,2,A,-,09,21801,A,N,D,C,A,A,H,-,A,A,0,,,Y,,Y,,A,01,0,0,1,0,0,0,0,0,1,"- ","- ",35.475570678710938,-120.66002655029297,"SAN LUIS OBISPO",ATASCADERO,-120.66004180908203,35.475738525390625
8573138,2018,2018-03-16,4008,2018-02-26,1202,3152,,1,5,4,4008,0,0,0,,0,,"EL CAMINO REAL","ASH ST",273.00,S,N,A,-,N,,,,,,,,,,Y,4,0,1,2,A,-,08,22107,,N,D,C,A,B,H,-,A,D,0,,,,,Y,,A,01,0,0,1,0,0,0,0,0,0,"- ","- ",35.462799072265625,-120.64582061767578,"SAN LUIS OBISPO",ATASCADERO,-120.64533996582031,35.462162017822266
8575741,2017,2018-03-20,4006,2017-12-05,1838,80908,,2,5,4,4006,0,0,0,,0,,CHORRO,WALNUT,0.00,,Y,A,-,N,,,,,,,,,,N,3,0,1,2,A,-,16,21201,B,N,D,G,A,A,H,-,C,D,0,,Y,,,Y,Y,L,04,0,1,0,0,0,0,1,0,0,"- ","- ",35.282809999999998,-120.66625999999999,"SAN LUIS OBISPO","SAN LUIS OBISPO",-120.66633994999999,35.283810019999997
8579158,2018,2018-08-02,4008,2018-02-21,0714,3152,,3,5,4,4008,0,0,0,,0,,"MORRO RD","ATASCADERO AV",0.00,,Y,A,-,Y,SLO,5,41,-,-,15.570,I,5,N,Y,4,0,1,2,A,-,09,21453,C,N,D,C,A,A,H,-,A,D,0,,,,,Y,,A,01,0,0,1,0,0,0,0,0,0,"- ","- ",35.480770111083984,-120.66655731201172,"SAN LUIS OBISPO",ATASCADERO,-120.66645050048828,35.480667114257812
8580720,2018,2018-07-23,4004,2018-02-17,1253,1307,3,6,5,3,4004,0,0,0,,0,038,"RT 46 E","GOLDEN HILL",693.00,E,N,A,-,Y,SLO,5,46,-,-,31.440,H,-,W,Y,4,0,2,5,A,-,03,22350,,N,C,C,A,A,H,-,A,A,0,,,,,Y,,D,22,0,0,2,0,0,0,0,0,0,"- ","- ",,,"SAN LUIS OBISPO","PASO ROBLES",-120.65578460693359,35.644630432128906