CASE_ID,ACCIDENT_YEAR,PROC_DATE,JURIS,COLLISION_DATE,COLLISION_TIME,OFFICER_ID,REPORTING_DISTRICT,DAY_OF_WEEK,CHP_SHIFT,POPULATION,CNTY_CITY_LOC,SPECIAL_COND,BEAT_TYPE,CHP_BEAT_TYPE,CITY_DIVISION_LAPD,CHP_BEAT_CLASS,BEAT_NUMBER,PRIMARY_RD,SECONDARY_RD,DISTANCE,DIRECTION,INTERSECTION,WEATHER_1,WEATHER_2,STATE_HWY_IND,CALTRANS_COUNTY,CALTRANS_DISTRICT,STATE_ROUTE,ROUTE_SUFFIX,POSTMILE_PREFIX,POSTMILE,LOCATION_TYPE,RAMP_INTERSECTION,SIDE_OF_HWY,TOW_AWAY,COLLISION_SEVERITY,NUMBER_KILLED,NUMBER_INJURED,PARTY_COUNT,PRIMARY_COLL_FACTOR,PCF_CODE_OF_VIOL,PCF_VIOL_CATEGORY,PCF_VIOLATION,PCF_VIOL_SUBSECTION,HIT_AND_RUN,TYPE_OF_COLLISION,MVIW,PED_ACTION,ROAD_SURFACE,ROAD_COND_1,ROAD_COND_2,LIGHTING,CONTROL_DEVICE,CHP_ROAD_TYPE,PEDESTRIAN_ACCIDENT,BICYCLE_ACCIDENT,MOTORCYCLE_ACCIDENT,TRUCK_ACCIDENT,NOT_PRIVATE_PROPERTY,ALCOHOL_INVOLVED,STWD_VEHTYPE_AT_FAULT,CHP_VEHTYPE_AT_FAULT,COUNT_SEVERE_INJ,COUNT_VISIBLE_INJ,COUNT_COMPLAINT_PAIN,COUNT_PED_KILLED,COUNT_PED_INJURED,COUNT_BICYCLIST_KILLED,COUNT_BICYCLIST_INJURED,COUNT_MC_KILLED,COUNT_MC_INJURED,PRIMARY_RAMP,SECONDARY_RAMP,LATITUDE,LONGITUDE,COUNTY,CITY,POINT_X,POINT_Y
8581131,2018,2018-07-27,4006,2018-03-06,0619,10817,SLO,2,5,4,4006,0,0,0,,0,,"SANTA ROSA","FOOTHILL BL",0.00,,Y,A,-,Y,SLO,5,1,-,-,17.341,I,5,S,Y,3,0,2,2,A,-,09,21453,C,N,D,C,A,A,H,-,A,A,0,,,,Y,Y,,F,21,0,2,0,0,0,0,0,0,0,"- ","- ",35.294090270996094,-120.66812133789062,"SAN LUIS OBISPO","SAN LUIS OBISPO",-120.66806030273438,35.294044494628906
8581149,2018,2018-03-28,4004,2018-03-08,1521,1208,04,4,5,3,4004,0,0,0,,0,"4 1",NIBLICK,SPRING,725.00,E,N,A,-,N,,,,,,,,,,Y,4,0,3,4,A,-,03,22350,,N,C,C,A,A,H,-,A,D,0,,,,,Y,,A,01,0,0,3,0,0,0,0,0,0,"- ","- ",,,"SAN LUIS OBISPO","PASO ROBLES",-120.68881988525391,35.615219116210938
8582899,2018,2018-03-26,4006,2018-03-09,1154,16380,,5,5,4,4006,0,0,0,,0,,MILL,GRAND,4.00,W,N,A,-,N,,,,,,,,,,N,3,0,1,2,A,-,08,22107,,N,B,C,A,A,H,-,A,D,0,,,,,Y,,A,01,0,1,0,0,0,0,0,0,0,"- ","- ",35.172210693359375,-120.39096069335938,"SAN LUIS OBISPO","SAN LUIS OBISPO",-120.65267181396484,35.289554595947266
8582903,2018,2018-03-26,4006,2018-03-08,1607,80908,,4,5,4,4006,0,0,0,,0,,"LOS OSOS VALLEY RD","AUTO PARK WY",230.00,W,N,A,-,N,,,,,,,,,,N,4,0,1,2,A,-,"- ",,,N,D,G,A,A,H,-,A,D,0,,Y,,,Y,,L,04,0,0,1,0,0,0,1,0,0,"- ","- ",35.250530242919922,-120.68553161621094,"SAN LUIS OBISPO","SAN LUIS OBISPO",-120.68564605712891,35.250324249267578
8583500,2018,2018-04-05,4006,2018-03-10,1030,60235,,6,5,4,4006,0,0,0,,0,,"LOS OSOS VALLEY",MADONNA,0.00,,Y,A,-,N,,,,,,,,,,N,4,0,1,2,D,-,00,,,N,C,C,A,A,H,-,A,A,0,,,,Y,Y,,-,"- ",0,0,1,0,0,0,0,0,0,"- ","- ",35.257831573486328,-120.68949890136719,"SAN LUIS OBISPO","SAN LUIS OBISPO",-120.69077301025391,35.256629943847656
8583821,2018,2018-04-03,4006,2018-03-12,2133,10817,SLO,1,5,4,4006,0,0,0,,0,,HIGHLAND,"PASEO BELLA MONTANA",0.00,,Y,C,-,N,,,,,,,,,,N,3,0,1,2,A,-,08,22107,,N,H,-,A,B,H,-,C,D,0,,Y,,,Y,,A,01,0,1,0,0,0,0,1,0,0,"- ","- ",35.298110961914062,-120.67536926269531,"SAN LUIS OBISPO","SAN LUIS OBISPO",-120.6754,35.298050000000003
8585770,2018,2018-04-19,4004,2018-03-20,1315,1307,04,2,5,3,4004,0,0,0,,0,046,"WADE DR","CASALS DR",285.00,N,N,B,-,N,,,,,,,,,,Y,4,0,1,2,A,-,01,23152,G,N,A,E,A,B,H,-,A,D,0,,,,,Y,,A,01,0,0,1,0,0,0,0,0,0,"- ","- ",,,"SAN LUIS OBISPO","PASO ROBLES",-120.67210388183594,35.61334228515625
8585778,2018,2018-04-19,4004,2018-04-03,1001,0657,02,2,5,3,4004,0,0,0,,0,"4 2",NIBLICK,CRESTON,25.00,W,N,A,-,N,,,,,,,,,,N,4,0,1,2,A,-,03,22350,A,N,C,C,A,A,H,-,A,A,0,,,,,Y,,D,22,0,0,1,0,0,0,0,0,0,"- ","- ",,,"SAN LUIS OBISPO","PASO ROBLES",-120.65920257568359,35.615749359130859
8585911,2018,2018-04-11,4006,2018-03-26,1538,80908,,1,5,4,4006,0,0,0,,0,,"LOS OSOS VALLEY RD","CALLE JOAQUIN",0.00,,Y,A,-,N,,,,,,,,,,Y,4,0,1,2,A,-,09,21801,A,N,D,C,A,A,H,-,A,A,0,,,,,Y,,A,07,0,0,1,0,0,0,0,0,0,"- ","- ",35.246719360351562,-120.68318176269531,"SAN LUIS OBISPO","SAN LUIS OBISPO",-120.68302917480469,35.246730804443359
8590164,2018,2018-04-04,4004,2018-03-17,1109,1191,01,6,5,3,4004,0,0,0,,0,1-7,SPRING,15TH,94.00,S,N,B,-,N,,,,,,,,,,N,4,0,1,2,A,-,03,22350,,N,C,C,A,A,H,-,A,A,0,,,,,Y,,A,01,0,0,1,0,0,0,0,0,0,"- ","- ",,,"SAN LUIS OBISPO","PASO ROBLES",-120.69164276123047,35.629512786865234
8593282,2018,2018-07-27,4004,2018-03-17,0734,1307,03,6,5,3,4004,0,0,0,,0,038,"RT 46 E","GOLDEN HILL",10.00,E,N,A,-,Y,SLO,5,46,-,-,31.310,I,5,E,Y,4,0,1,2,A,-,16,26708,A,N,C,C,A,A,H,-,A,A,0,,,,,Y,,D,22,0,0,1,0,0,0,0,0,0,"- ","- ",,,"SAN LUIS OBISPO","PASO ROBLES",-120.65808868408203,35.644428253173828
8597897,2018,2018-07-27,4004,2018-03-27,0641,1307,03,2,5,3,4004,0,0,0,,0,3-3,"RT 46 E","BUENA VISTA",52.00,E,N,A,-,Y,SLO,5,46,-,-,30.530,H,-,W,Y,4,0,2,3,A,-,03,22350,,N,C,C,A,A,H,-,A,A,0,,,,,Y,,A,01,0,0,2,0,0,0,0,0,0,"- ","- ",,,"SAN LUIS OBISPO","PASO ROBLES",-120.67147827148438,35.644630432128906
8599356,2018,2018-04-26,4006,2018-03-21,1802,S1882,,3,5,4,4006,0,0,0,,0,,"NORTH PERIMETER RD","VIA CARTA",0.00,,Y,C,-,N,,,,,,,,,,N,3,0,1,2,A,-,11,21954,A,N,G,B,D,B,H,-,A,A,0,Y,,,,Y,,N,60,0,1,0,0,1,0,0,0,0,"- ","- ",,,"SAN LUIS OBISPO","SAN LUIS OBISPO",-120.66236114501953,35.302520751953125
8601475,2018,2018-07-27,4005,2018-03-12,1251,P090,6,1,5,2,4005,0,0,0,,0,,"DOLLIVER ST","STIMSON AV",0.00,,Y,B,-,Y,SLO,5,1,-,-,15.450,I,5,N,Y,3,0,7,3,A,-,09,21801,A,N,A,C,A,A,H,-,A,D,0,,,,,Y,,A,07,0,7,0,0,0,0,0,0,0,"- ","- ",,,"SAN LUIS OBISPO","PISMO BEACH",-120.63976287841797,35.139274597167969
8603391,2018,2018-05-07,4006,2018-03-29,1840,60235,,4,5,4,4006,0,0,0,,0,,SOUTH,HIGUERA,30.00,E,N,A,-,N,,,,,,,,,,N,4,0,1,2,A,-,03,22350,,N,C,C,A,A,H,-,A,A,0,,,,,Y,,A,07,0,0,1,0,0,0,0,0,0,"- ","- ",35.269729614257812,-120.66980743408203,"SAN LUIS OBISPO","SAN LUIS OBISPO",-120.67018127441406,35.269550323486328
8603395,2018,2018-05-10,4006,2018-03-27,0846,20008,,2,5,4,4006,0,0,0,,0,,MARSH,HIGUERA,68.00,E,N,A,-,N,,,,,,,,,,N,4,0,1,2,A,-,07,21658,A,N,B,D,A,A,H,-,A,D,0,,,,,Y,,-,"- ",0,0,1,0,0,0,0,0,0,"- ","- ",35.162849426269531,-120.401123046875,"SAN LUIS OBISPO","SAN LUIS OBISPO",-120.66915893554688,35.274894714355469
8605006,2018,2018-06-04,4004,2018-04-25,2216,1306,04,3,5,3,4004,0,0,0,,0,4-6,"CHARLOIS RD",OTERO,222.00,E,N,A,-,N,,,,,,,,,,Y,4,0,1,1,A,-,08,22107,,N,A,I,A,A,H,-,C,D,0,,,,,Y,,A,01,0,0,1,0,0,0,0,0,0,"- ","- ",,,"SAN LUIS OBISPO","PASO ROBLES",-120.67381286621094,35.604541778564453
8609018,2018,2018-05-04,4006,2018-04-12,0007,20008,SLO,4,5,4,4006,0,0,0,,0,"ZONE 1",FOOTHILL,"ROSITA ST",15.00,,N,C,-,N,,,,,,,,,,N,4,0,1,2,A,-,09,21802,A,N,D,D,A,B,H,-,C,D,0,,,Y,,Y,,A,07,0,0,1,0,0,0,0,0,1,"- ","- ",35.173900604248047,-120.41043853759766,"SAN LUIS OBISPO","SAN LUIS OBISPO",-120.68460845947266,35.294151306152344
8610552,2018,2018-05-09,4006,2018-04-20,1557,80908,,5,5,4,4006,0,0,0,,0,,"SANTA ROSA",PALM,0.00,,Y,A,-,N,,,,,,,,,,N,4,0,1,2,A,-,03,22350,,N,C,C,A,A,H,-,A,A,0,,,,,Y,,D,22,0,0,1,0,0,0,0,0,0,"- ","- ",35.28350830078125,-120.66085052490234,"SAN LUIS OBISPO","SAN LUIS OBISPO",-120.66075897216797,35.283538818359375
8610952,2018,2018-05-09,4006,2018-04-09,1524,80908,,1,5,4,4006,0,0,0,,0,,CALIFORNIA,PALM,0.00,,Y,A,-,N,,,,,,,,,,N,3,0,1,2,A,-,08,21717,,N,D,G,A,A,H,-,A,A,0,,Y,,,Y,,A,01,0,1,0,0,0,0,1,0,0,"- ","- ",35.286769866943359,-120.65529632568359,"SAN LUIS OBISPO","SAN LUIS OBISPO",-120.65522766113281,35.286800384521484
8610956,2018,2018-05-09,4006,2018-04-09,1302,80908,,1,5,4,4006,0,0,0,,0,,HIGUERA,SOUTH,0.00,,Y,A,-,N,,,,,,,,,,Y,3,0,1,4,A,-,12,21453,A,N,D,C,A,A,H,-,A,A,0,,,,,Y,,A,07,0,1,0,0,0,0,0,0,0,"- ","- ",35.269569396972656,-120.67034149169922,"SAN LUIS OBISPO","SAN LUIS OBISPO",-120.67028045654297,35.269550323486328
8610966,2018,2018-05-15,4005,2018-04-10,1046,P090,5,2,5,2,4005,0,0,0,,0,,"PRICE ST","STIMSON ST",0.00,,Y,A,-,N,,,,,,,,,,Y,4,0,1,2,A,-,09,21803,A,N,D,C,A,A,H,-,A,D,0,,,,,Y,,A,07,0,0,1,0,0,0,0,0,0,"- ","- ",,,"SAN LUIS OBISPO","PISMO BEACH",-120.63848876953125,35.140361785888672
8614057,2018,2018-05-10,4002,2018-04-09,1103,555,212,1,5,3,4002,0,0,0,,0,,"SAN SEBASTIAN","SAN SEBASTIAN 1159",3.00,E,N,A,-,N,,,,,,,,,,N,4,0,1,3,A,-,13,22515,A,N,B,E,A,A,H,-,A,A,0,,,,,Y,,A,01,0,0,1,0,0,0,0,0,0,"- ","- ",,,"SAN LUIS OBISPO","GROVER BEACH",-120.60791015625,35.109394073486328
8623007,2018,2018-05-30,4006,2018-04-25,1817,80908,,3,5,4,4006,0,0,0,,0,,"LOS OSOS VALLEY RD","FROOM RANCH",711.00,E,N,A,-,N,,,,,,,,,,N,2,0,1,1,A,-,03,22350,,N,H,J,A,A,H,-,A,A,0,,,Y,,Y,,C,02,1,0,0,0,0,0,0,0,1,"- ","- ",35.251010894775391,-120.68609619140625,"SAN LUIS OBISPO","SAN LUIS OBISPO",-120.68621826171875,35.250965118408203
8623011,2018,2018-05-29,4006,2018-04-28,1815,65419,,6,5,4,4006,0,0,0,,0,,HIGUERA,BROAD,14.00,E,N,A,-,N,,,,,,,,,,N,4,0,1,2,A,-,10,21950,A,N,G,B,B,A,H,-,A,A,0,Y,,,,Y,,A,01,0,0,1,0,1,0,0,0,0,"- ","- ",,,"SAN LUIS OBISPO","SAN LUIS OBISPO",-120.66445922851562,35.278934478759766
8623118,2018,2018-05-30,4006,2018-04-24,0841,62657,,2,5,4,4006,0,0,0,,0,,"BROAD ST","TANK FARM RD",384.00,S,N,A,-,N,,,,,,,,,,N,4,0,1,2,A,-,09,21801,A,N,D,G,A,A,H,-,A,A,0,,Y,,,Y,,A,01,0,0,1,0,0,0,1,0,0,"- ","- ",35.247390747070312,-120.64232635498047,"SAN LUIS OBISPO","SAN LUIS OBISPO",-120.64250946044922,35.247383117675781
8625755,2018,2018-06-05,4002,2018-05-10,1920,368,102,4,5,3,4002,0,0,0,,0,,"W GRAND AV","N 9TH ST",220.00,E,N,A,-,N,,,,,,,,,,N,2,0,1,1,D,-,00,,,N,E,I,A,A,H,-,A,A,0,,,,,Y,,-,"- ",1,0,0,0,0,0,0,0,0,"- ","- ",,,"SAN LUIS OBISPO","GROVER BEACH",-120.61949920654297,35.1214599609375
8625921,2018,2018-05-31,4002,2018-05-16,1521,687,204,3,5,3,4002,0,0,0,,0,,"S 16TH ST","MANHATTAN AV",0.00,,Y,A,-,N,,,,,,,,,,Y,4,0,1,2,A,-,08,22107,,N,B,C,A,A,H,-,A,A,0,,,,,Y,,A,01,0,0,1,0,0,0,0,0,0,"- ","- ",,,"SAN LUIS OBISPO","GROVER BEACH",-120.61180114746094,35.118000030517578
8627384,2018,2018-06-06,4008,2018-05-21,2054,2112,,1,5,4,4008,0,0,0,,0,,"TRAFFIC WY","LEWIS AV",21.00,E,N,A,-,N,,,,,,,,,,Y,3,0,1,2,A,-,01,23153,A,N,A,C,A,A,H,-,C,A,0,,,,,Y,Y,A,01,0,1,0,0,0,0,0,0,0,"- ","- ",35.491241455078125,-120.66918182373047,"SAN LUIS OBISPO",ATASCADERO,-120.66909790039062,35.491279602050781
8627388,2018,2018-06-06,4008,2018-05-03,1445,4012,,4,5,4,4008,0,0,0,,0,,"ATASCADERO MALL","ATASCADERO AV",0.00,,Y,A,-,N,,,,,,,,,,N,3,0,1,2,A,-,11,21950,B,N,G,B,D,A,H,-,A,A,0,Y,,,,Y,,N,60,0,1,0,0,1,0,0,0,0,"- ","- ",35.485721588134766,-120.66999816894531,"SAN LUIS OBISPO",ATASCADERO,-120.67003631591797,35.485660552978516
8628484,2018,2018-06-11,4008,2018-03-15,2118,5011,,4,5,4,4008,0,0,0,,0,,"CURBARIL AV","NAVAJOA AV",16.00,N,N,B,-,N,,,,,,,,,,Y,2,0,1,1,A,-,01,23152,A,N,E,I,A,A,H,-,C,D,0,,,Y,,Y,Y,C,02,1,0,0,0,0,0,0,0,1,"- ","- ",35.474418640136719,-120.66976928710938,"SAN LUIS OBISPO",ATASCADERO,-120.66982269287109,35.474418640136719
8629645,2018,2018-08-22,4004,2018-05-06,1835,1349,02,7,5,3,4004,0,0,0,,0,3-3,"RT 46 E","BUENA VISTA",0.00,,Y,A,-,Y,SLO,5,46,-,-,30.513,I,5,W,Y,4,0,2,2,A,-,08,22100,B,N,D,C,A,A,H,-,A,A,0,,,,,Y,,A,07,0,0,2,0,0,0,0,0,0,"- ","- ",,,"SAN LUIS OBISPO","PASO ROBLES",-120.67176818847656,35.644630432128906
8629649,2018,2018-08-22,4004,2018-05-11,1047,1208,03,5,5,3,4004,0,0,0,,0,3-1,"RT 46 E","BUENA VISTA",898.00,W,N,A,-,Y,SLO,5,46,-,-,30.340,H,-,E,Y,4,0,1,2,A,-,03,22350,,N,C,C,A,A,H,-,A,D,0,,,Y,,Y,,D,22,0,0,1,0,0,0,0,0,1,"- ","- ",,,"SAN LUIS OBISPO","PASO ROBLES",-120.67471313476562,35.644420623779297
8630004,2018,2018-06-27,4004,2018-05-03,0716,0575,04,4,5,3,4004,0,0,0,,0,4-1,"NIBLICK RD","RIVER RD",234.00,W,N,A,-,N,,,,,,,,,,N,4,0,1,2,A,-,00,21650,B,N,D,G,A,A,H,-,A,A,0,,Y,,,Y,,L,04,0,0,1,0,0,0,1,0,0,"- ","- ",35.598098754882812,-120.67977142333984,"SAN LUIS OBISPO","PASO ROBLES",-120.68106079101562,35.615028381347656
8631703,2018,2018-06-07,4006,2018-05-01,1551,27552,,2,5,4,4006,0,0,0,,0,,JOHNSON,LIZZIE,0.00,,Y,A,-,N,,,,,,,,,,Y,4,0,1,2,A,-,04,21703,,N,C,C,A,A,H,-,A,A,0,,,,,Y,,A,01,0,0,1,0,0,0,0,0,0,"- ","- ",35.278759002685547,-120.65023803710938,"SAN LUIS OBISPO","SAN LUIS OBISPO",-120.65048217773438,35.27899169921875
8632045,2018,2018-07-30,4008,2018-04-30,0116,3113,,1,5,4,4008,0,0,0,,0,,"W FRONT RD","SANTA ROSA",313.00,S,N,A,-,N,,,,,,,,,,Y,2,0,5,1,A,-,03,22350,,N,E,I,A,A,H,-,D,D,0,,,,,Y,,A,01,1,4,0,0,0,0,0,0,0,"- ",SF,35.468738555908203,-120.65411376953125,"SAN LUIS OBISPO",ATASCADERO,-120.65131378173828,35.464920043945312
8632053,2018,2018-08-22,4008,2018-04-14,1337,3113,,6,5,4,4008,0,0,0,,0,,"RT 41","EL CAMINO REAL",0.00,,Y,A,-,Y,SLO,5,41,-,-,15.950,H,-,N,N,4,0,1,2,A,-,03,22350,,N,C,C,A,A,H,-,A,A,0,,,,,Y,,D,22,0,0,1,0,0,0,0,0,0,"- ","- ",,,"SAN LUIS OBISPO",ATASCADERO,-120.66487121582031,35.486106872558594
8635676,2018,2018-06-26,4006,2018-05-30,1123,80908,,3,5,4,4006,0,0,0,,0,,BROAD,ORCUTT,137.00,N,N,A,B,N,,,,,,,,,,N,3,0,1,2,A,-,08,21717,,N,D,G,A,A,H,-,A,A,0,,Y,,,Y,,D,22,0,1,0,0,0,0,1,0,0,"- ","- ",35.261680603027344,-120.65039825439453,"SAN LUIS OBISPO","SAN LUIS OBISPO",-120.65019226074219,35.261600494384766
8637465,2018,2018-06-12,4005,2018-05-18,0705,P090,12,5,5,2,4005,0,0,0,,0,,"OAK PARK BL","JAMES WY",0.00,,Y,B,-,N,,,,,,,,,,N,2,0,1,2,A,-,11,21954,A,N,G,B,E,A,H,-,A,A,0,Y,,,,Y,,N,60,1,0,0,0,1,0,0,0,0,"- ","- ",,,"SAN LUIS OBISPO","PISMO BEACH",-120.60527801513672,35.133979797363281
8640840,2018,2018-06-29,4006,2018-06-01,1249,65419,,5,5,4,4006,0,0,0,,0,,GRAND,LOOMIS,0.00,,Y,A,-,N,,,,,,,,,,Y,4,0,2,2,A,-,09,21802,A,N,D,C,A,A,H,-,A,D,0,,,,,Y,,A,01,0,0,2,0,0,0,0,0,0,"- ","- ",,,"SAN LUIS OBISPO","SAN LUIS OBISPO",-120.65328979492188,35.292381286621094
8641266,2018,2018-07-03,4002,2018-06-04,1640,368,108,1,5,3,4002,0,0,0,,0,,"N OAK PARK BL","ATLANTIC CITY AV",0.00,,Y,A,-,N,,,,,,,,,,Y,4,0,3,2,A,-,03,22350,,N,C,C,A,A,H,-,A,A,0,,,,,Y,,A,01,0,0,3,0,0,0,0,0,0,"- ","- ",,,"SAN LUIS OBISPO","GROVER BEACH",-120.60872650146484,35.126781463623047
8643450,2018,2018-06-26,4008,2018-06-09,2309,2030,,6,5,4,4008,0,0,0,,0,,"E FRONT RD","SANTA ROSA RD",78.00,S,N,A,-,N,,,,,,,,,,Y,4,0,1,4,A,-,01,23152,A,N,C,C,A,A,H,-,D,A,0,,,,,Y,Y,A,01,0,0,1,0,0,0,0,0,0,"- ","- ",35.466098785400391,-120.6510009765625,"SAN LUIS OBISPO",ATASCADERO,-120.65072631835938,35.465972900390625
8644044,2018,2018-06-27,4006,2018-05-17,1122,60235,,4,5,4,4006,0,0,0,,0,,"HIGUERA S",MARGARITA,0.00,,Y,A,-,N,,,,,,,,,,Y,4,0,1,2,A,-,12,21453,A,N,D,C,A,A,H,-,A,A,0,,,,,Y,,A,01,0,0,1,0,0,0,0,0,0,"- ","- ",35.256771087646484,-120.66842651367188,"SAN LUIS OBISPO","SAN LUIS OBISPO",-120.66866302490234,35.257061004638672
8644630,2018,2018-06-26,4001,2018-05-10,1434,P0101,461,4,5,3,4001,0,0,0,,0,OPERAT,"WEST BRANCH ST","BRIDGE ST",0.00,,Y,A,-,N,,,,,,,,,,N,4,0,1,2,A,-,10,21950,A,N,H,B,B,A,H,-,A,D,0,Y,,,,Y,,A,01,0,0,1,0,1,0,0,0,0,"- ","- ",,,"SAN LUIS OBISPO","ARROYO GRANDE",-120.57911682128906,35.123249053955078
8648579,2018,2019-01-30,4004,2018-12-28,2239,1373,,5,5,3,4004,0,0,0,,0,,"PARK ST","14TH ST",0.00,,Y,A,-,N,,,,,,,,,,N,1,1,0,2,A,-,01,23152,A,F,H,A,E,A,H,-,C,D,0,Y,,,,Y,Y,A,01,0,0,0,1,0,0,0,0,0,"- ","- ",,,"SAN LUIS OBISPO","PASO ROBLES",-120.69029235839844,35.628829956054688
8648790,2018,2018-07-27,4001,2018-05-30,1525,P0106,461,3,5,3,4001,0,0,0,,0,OPERAT,"CROWN HILL ST","CORBETT CANYON RD",34.00,W,N,A,-,N,,,,,,,,,,Y,4,0,1,1,C,-,18,,,N,E,I,A,A,H,-,A,A,0,,,,,Y,,-,"- ",0,0,1,0,0,0,0,0,0,"- ","- ",,,"SAN LUIS OBISPO","ARROYO GRANDE",-120.57026672363281,35.127357482910156
8650069,2018,2018-10-25,4005,2018-07-28,2223,P085,6,6,5,2,4005,0,0,0,,0,,HINDS,DOLLIVER,0.00,,Y,A,-,Y,SLO,5,1,-,-,15.520,I,5,N,N,4,0,1,2,A,-,03,22350,,N,C,C,A,A,H,-,C,A,0,,,,,Y,,J,48,0,0,1,0,0,0,0,0,0,"- ","- ",,,"SAN LUIS OBISPO","PISMO BEACH",-120.64056396484375,35.139999389648438
8651951,2018,2018-10-19,4001,2018-08-13,1437,P0131,463,1,5,3,4001,0,0,0,,0,OPERAT,"S HALCYON RD","DODSON WY",332.00,S,N,A,-,N,,,,,,,,,,N,4,0,1,2,A,-,03,22350,,N,C,C,A,A,H,-,A,A,0,,,Y,,Y,,C,03,0,0,1,0,0,0,0,0,1,"- ","- ",,,"SAN LUIS OBISPO","ARROYO GRANDE",-120.59160614013672,35.114597320556641
8652139,2018,2018-07-30,4001,2018-05-29,0528,P0106,461,2,5,3,4001,0,0,0,,0,OPERAT,"HUASNA RD","VARD LOOMIS LN",185.00,W,N,A,-,N,,,,,,,,,,Y,3,0,1,1,A,-,00,23103,A,N,E,I,A,A,H,-,B,D,0,,,,,Y,,A,01,0,1,0,0,0,0,0,0,0,"- ","- ",,,"SAN LUIS OBISPO","ARROYO GRANDE",-120.56039428710938,35.128578186035156
8663495,2018,2018-07-26,4004,2018-06-17,0918,1187,02,7,5,3,4004,0,0,0,,0,"2 7",SPRING,1ST,0.00,,Y,B,-,N,,,,,,,,,,Y,4,0,1,2,A,-,12,21453,A,N,D,C,A,A,H,-,A,A,0,,,,,Y,,-,"- ",0,0,1,0,0,0,0,0,0,"- ","- ",,,"SAN LUIS OBISPO","PASO ROBLES",-120.69046020507812,35.615249633789062
8664801,2018,2018-07-30,4005,2018-06-16,2142,P103,6,6,5,2,4005,0,0,0,,0,,"PRICE ST","STIMSON AV",0.00,,Y,A,-,N,,,,,,,,,,Y,3,0,1,2,A,-,09,21801,A,N,B,C,A,A,H,-,C,A,0,,,,,Y,,A,01,0,1,0,0,0,0,0,0,0,"- ","- ",,,"SAN LUIS OBISPO","PISMO BEACH",-120.63848876953125,35.140361785888672
8665186,2018,2018-09-18,4001,2018-08-23,0758,P0106,46-3,4,5,3,4001,0,0,0,,0,OPERAT,"N HALCYON RD","FAEH AV",35.00,S,N,B,-,N,,,,,,,,,,Y,4,0,1,3,A,-,03,22350,,N,C,C,A,A,H,-,A,D,0,,,,,Y,,A,01,0,0,1,0,0,0,0,0,0,"- ","- ",,,"SAN LUIS OBISPO","ARROYO GRANDE",-120.59159088134766,35.121822357177734
8665385,2018,2018-07-30,4005,2018-06-16,2308,P081,6,6,5,2,4005,0,0,0,,0,,DOLLIVER,"NORTH BEACH",1031.00,S,N,A,-,N,,,,,,,,,,N,3,0,1,2,A,-,17,21208,B,N,B,G,A,A,H,-,D,D,0,,Y,,,Y,Y,L,04,0,1,0,0,0,0,1,0,0,"- ","- ",,,"SAN LUIS OBISPO","PISMO BEACH",-120.63201141357422,35.130039215087891
8665408,2018,2018-07-31,4005,2018-05-31,1430,P090,5,4,5,2,4005,0,0,0,,0,,"WADSWORTH AV","PRICE ST",92.00,E,N,A,-,N,,,,,,,,,,N,3,0,1,2,C,-,18,,,N,G,B,D,A,H,-,A,D,0,Y,,,,Y,,-,"- ",0,1,0,0,1,0,0,0,0,"- ","- ",,,"SAN LUIS OBISPO","PISMO BEACH",-120.64228057861328,35.144062042236328
8668845,2018,2018-10-25,4004,2018-07-15,1240,1353,03,7,5,3,4004,0,0,0,,0,"3    8","RT 46 E","UNION RD",0.00,,Y,A,-,Y,SLO,5,46,-,-,38.610,H,-,E,N,3,0,1,2,A,-,09,21802,A,N,C,C,A,A,H,-,A,D,0,,,,Y,Y,,D,22,0,1,0,0,0,0,0,0,0,"- ","- ",,,"SAN LUIS OBISPO","PASO ROBLES",-120.53399658203125,35.655387878417969
8668981,2018,2018-08-07,4004,2018-07-01,1832,0657,02,7,5,3,4004,0,0,0,,0,"4    2","RUNNING STAG","WINDING BROOK",150.00,E,N,A,-,N,,,,,,,,,,N,4,0,1,2,A,-,00,21202,2,N,D,G,A,A,H,-,A,A,0,,Y,,,Y,,L,04,0,0,1,0,0,0,1,0,0,"- ","- ",35.602611541748047,-120.64459228515625,"SAN LUIS OBISPO","PASO ROBLES",-120.64308166503906,35.603023529052734
8673136,2018,2018-08-13,4006,2018-07-20,2254,15913,,5,5,4,4006,0,0,0,,0,,BROAD,BUCHON,0.00,,Y,A,-,N,,,,,,,,,,Y,4,0,1,2,A,-,01,23152,A,N,D,C,A,A,H,-,C,A,0,,,,,Y,Y,A,01,0,0,1,0,0,0,0,0,0,"- ","- ",35.275871276855469,-120.66175079345703,"SAN LUIS OBISPO","SAN LUIS OBISPO",-120.66177368164062,35.275859832763672
8673760,2018,2018-10-17,4006,2018-06-30,0952,65419,,6,5,4,4006,0,0,0,,0,,"MARSH ST","CHORRO ST",0.00,,Y,A,-,N,,,,,,,,,,N,3,0,1,2,A,-,11,21954,A,N,G,B,D,A,H,-,A,A,0,Y,,,,Y,,N,60,0,1,0,0,1,0,0,0,0,"- ","- ",35.164508819580078,-120.39935302734375,"SAN LUIS OBISPO","SAN LUIS OBISPO",-120.66219329833984,35.279098510742188
8673821,2018,2018-10-11,4003,2018-06-30,2107,F2780,3,6,5,2,4003,0,0,0,,0,001,"MAIN ST","MARINA ST",27.00,N,N,A,-,N,,,,,,,,,,N,3,0,1,2,A,-,10,21950,A,N,G,B,B,A,H,-,B,D,0,Y,,,,Y,,A,07,0,1,0,0,1,0,0,0,0,"- ","- ",,,"SAN LUIS OBISPO","MORRO BAY",-120.85001373291016,35.364124298095703