CASE_ID,ACCIDENT_YEAR,PROC_DATE,JURIS,COLLISION_DATE,COLLISION_TIME,OFFICER_ID,REPORTING_DISTRICT,DAY_OF_WEEK,CHP_SHIFT,POPULATION,CNTY_CITY_LOC,SPECIAL_COND,BEAT_TYPE,CHP_BEAT_TYPE,CITY_DIVISION_LAPD,CHP_BEAT_CLASS,BEAT_NUMBER,PRIMARY_RD,SECONDARY_RD,DISTANCE,DIRECTION,INTERSECTION,WEATHER_1,WEATHER_2,STATE_HWY_IND,CALTRANS_COUNTY,CALTRANS_DISTRICT,STATE_ROUTE,ROUTE_SUFFIX,POSTMILE_PREFIX,POSTMILE,LOCATION_TYPE,RAMP_INTERSECTION,SIDE_OF_HWY,TOW_AWAY,COLLISION_SEVERITY,NUMBER_KILLED,NUMBER_INJURED,PARTY_COUNT,PRIMARY_COLL_FACTOR,PCF_CODE_OF_VIOL,PCF_VIOL_CATEGORY,PCF_VIOLATION,PCF_VIOL_SUBSECTION,HIT_AND_RUN,TYPE_OF_COLLISION,MVIW,PED_ACTION,ROAD_SURFACE,ROAD_COND_1,ROAD_COND_2,LIGHTING,CONTROL_DEVICE,CHP_ROAD_TYPE,PEDESTRIAN_ACCIDENT,BICYCLE_ACCIDENT,MOTORCYCLE_ACCIDENT,TRUCK_ACCIDENT,NOT_PRIVATE_PROPERTY,ALCOHOL_INVOLVED,STWD_VEHTYPE_AT_FAULT,CHP_VEHTYPE_AT_FAULT,COUNT_SEVERE_INJ,COUNT_VISIBLE_INJ,COUNT_COMPLAINT_PAIN,COUNT_PED_KILLED,COUNT_PED_INJURED,COUNT_BICYCLIST_KILLED,COUNT_BICYCLIST_INJURED,COUNT_MC_KILLED,COUNT_MC_INJURED,PRIMARY_RAMP,SECONDARY_RAMP,LATITUDE,LONGITUDE,COUNTY,CITY,POINT_X,POINT_Y
8674172,2018,2018-10-19,4008,2018-07-16,1410,3152,,1,5,4,4008,0,0,0,,0,,"CURBARIL AV","EL CAMINO REAL",40.00,W,N,A,-,N,,,,,,,,,,N,4,0,1,2,A,-,03,22350,,N,C,C,A,A,H,-,A,A,0,,,,,Y,,A,01,0,0,1,0,0,0,0,0,0,"- ","- ",35.477569580078125,-120.65640258789062,"SAN LUIS OBISPO",ATASCADERO,-120.65638732910156,35.477462768554688
8675358,2018,2018-10-03,4002,2018-07-25,1355,478,,3,5,3,4002,0,0,0,,0,,"W GRAND AV","N 5TH ST",0.00,,Y,A,-,N,,,,,,,,,,Y,4,0,1,2,A,-,09,21800,A,N,D,C,A,A,H,-,A,A,0,,,,,Y,,A,07,0,0,1,0,0,0,0,0,0,"- ","- ",,,"SAN LUIS OBISPO","GROVER BEACH",-120.62519073486328,35.121738433837891
8675439,2018,2018-08-17,4003,2018-03-24,1957,M0253,4,6,5,2,4003,0,0,0,,0,001,"RIDGEWAY ST","PINEY WY",35.00,E,N,A,-,N,,,,,,,,,,Y,3,0,1,1,A,-,01,23152,,N,E,I,A,A,H,-,C,A,0,,,,,Y,Y,A,01,0,1,0,0,0,0,0,0,0,"- ","- ",,,"SAN LUIS OBISPO","MORRO BAY",-120.84525299072266,35.359405517578125
8675721,2018,2018-08-23,4006,2018-07-14,1313,66493,,6,5,4,4006,0,0,0,,0,,"HIGUERA ST","TANK FARM",471.00,S,N,A,-,N,,,,,,,,,,N,4,0,1,2,A,-,05,21650,1,N,D,G,A,A,H,-,A,A,0,,Y,,,Y,,L,04,0,0,1,0,0,0,1,0,0,"- ","- ",35.245540618896484,-120.67431640625,"SAN LUIS OBISPO","SAN LUIS OBISPO",-120.67444610595703,35.245616912841797
8676614,2018,2018-12-11,4005,2018-07-18,1245,P097,2,3,5,2,4005,0,0,0,,0,,SPYGLASS,"SHELL BEACH",0.00,,Y,A,-,Y,SLO,5,101,-,R,19.970,R,4,S,N,4,0,4,2,A,-,12,22450,A,N,D,C,A,A,H,-,A,A,0,,,,,Y,,A,01,0,0,4,0,0,0,0,0,0,"- ","- ",,,"SAN LUIS OBISPO","PISMO BEACH",-120.68904876708984,35.165679931640625
8677961,2018,2018-09-25,4004,2018-07-19,0723,1194,02,4,5,3,4004,0,0,0,,0,025,"4TH ST",DERBY,0.00,,Y,A,-,N,,,,,,,,,,N,4,0,1,2,A,-,09,21803,A,N,D,C,A,A,H,-,A,A,0,,,Y,,Y,,C,03,0,0,1,0,0,0,0,0,1,"- ","- ",,,"SAN LUIS OBISPO","PASO ROBLES",-120.69962310791016,35.617549896240234
8678102,2018,2018-09-05,4002,2018-07-29,2315,201,201,7,5,3,4002,0,0,0,,0,,"S 4TH ST","MANHATTAN AV",32.00,S,N,A,-,N,,,,,,,,,,N,4,0,1,2,A,-,11,21950,B,N,B,B,E,A,H,-,C,A,0,Y,,Y,,Y,,N,60,0,0,1,0,1,0,0,0,0,"- ","- ",,,"SAN LUIS OBISPO","GROVER BEACH",-120.62665557861328,35.118633270263672
8679444,2018,2018-08-13,4003,2018-05-24,1708,F2780,6,4,5,2,4003,0,0,0,,0,001,"ERROL ST","MAIN ST",0.00,,Y,B,-,N,,,,,,,,,,N,2,0,1,2,A,-,05,21650,1,N,D,G,A,A,H,-,A,A,0,,Y,,,Y,,L,04,1,0,0,0,0,0,1,0,0,"- ","- ",,,"SAN LUIS OBISPO","MORRO BAY",-120.85472106933594,35.379169464111328
8679946,2018,2018-09-12,4004,2018-07-16,2217,1304,01,1,5,3,4004,0,0,0,,0,"1   3","RIVERSIDE AV","24TH ST",20.00,S,N,A,-,N,,,,,,,,,,N,3,0,1,2,A,-,00,91950,A,N,G,B,B,A,H,-,C,A,0,Y,,,,Y,,A,01,0,1,0,0,1,0,0,0,0,"- ","- ",,,"SAN LUIS OBISPO","PASO ROBLES",-120.68808746337891,35.639736175537109
8682269,2018,2018-09-12,4004,2018-08-17,0825,376,2,5,5,3,4004,0,0,0,,0,047,CHAROLAIS,CRESTON,3.00,W,N,A,-,N,,,,,,,,,,N,4,0,1,2,A,-,03,22350,,N,C,C,A,A,H,-,A,A,0,,,,,Y,,A,01,0,0,1,0,0,0,0,0,0,"- ","- ",35.602939605712891,-120.67043304443359,"SAN LUIS OBISPO","PASO ROBLES",-120.65898895263672,35.599170684814453
8682277,2018,2018-09-12,4004,2018-08-09,1220,1136,4,4,5,3,4004,0,0,0,,0,041,"SOUTH RIVER RD","CARY ST",0.00,,Y,A,-,N,,,,,,,,,,N,4,0,1,2,A,-,09,21802,A,N,D,C,A,-,H,-,A,D,0,,,,,Y,,A,01,0,0,1,0,0,0,0,0,0,"- ","- ",35.616901397705078,-120.68070220947266,"SAN LUIS OBISPO","PASO ROBLES",-120.68025207519531,35.616950988769531
8684204,2018,2018-10-10,4001,2018-07-17,1201,P0131,463,2,5,3,4001,0,0,0,,0,OPERAT,"FARROLL AV","BAKEMAN LN",0.00,,Y,A,-,N,,,,,,,,,,Y,4,0,1,1,A,-,08,22107,,N,E,I,A,A,H,-,A,A,0,,,,,Y,,D,22,0,0,1,0,0,0,0,0,0,"- ","- ",,,"SAN LUIS OBISPO","ARROYO GRANDE",-120.60595703125,35.110691070556641
8684864,2018,2018-10-24,4006,2018-08-02,1004,62657,,4,5,4,4006,0,0,0,,0,,"MADONNA RD","HIGUERA ST",430.00,W,N,-,-,N,,,,,,,,,,N,4,0,1,3,A,-,08,22107,,N,D,G,A,A,H,-,A,A,0,,Y,,,Y,,A,01,0,0,1,0,0,0,1,0,0,"- ","- ",35.267299652099609,-120.67120361328125,"SAN LUIS OBISPO","SAN LUIS OBISPO",-120.67156982421875,35.267471313476562
8685232,2018,2018-08-28,4004,2018-08-14,0908,0928,04,2,5,3,4004,0,0,0,,0,"4    1","CRESTON RD","ORCHARD DR",18.00,E,N,A,-,N,,,,,,,,,,Y,3,0,2,2,A,-,03,22350,,N,C,C,A,A,H,-,A,D,0,,,,Y,Y,,F,26,0,1,1,0,0,0,0,0,0,"- ","- ",,,"SAN LUIS OBISPO","PASO ROBLES",-120.66666412353516,35.624195098876953
8687996,2018,2018-08-29,4008,2018-07-15,1014,3114,4008,7,5,4,4008,0,0,0,,0,,"ESCONDIDO RD","SAN MARCOS RD",745.00,N,N,A,-,N,,,,,,,,,,Y,4,0,1,1,B,-,22,,,N,E,I,A,A,H,-,A,D,0,,,,,Y,,A,01,0,0,1,0,0,0,0,0,0,"- ","- ",35.468318939208984,-120.69873809814453,"SAN LUIS OBISPO",ATASCADERO,-120.69969940185547,35.469642639160156
8688292,2018,2018-09-17,4008,2018-08-05,1705,3543,,7,5,4,4008,0,0,0,,0,,"EL CAMINO REAL","SAN JACINTO AV",300.00,S,N,A,-,N,,,,,,,,,,Y,4,0,1,2,A,-,09,21804,,N,D,C,A,A,H,-,A,A,0,,,,,Y,,A,01,0,0,1,0,0,0,0,0,0,"- ","- ",35.495361328125,-120.67964935302734,"SAN LUIS OBISPO",ATASCADERO,-120.67906188964844,35.4947509765625
8688296,2018,2018-09-17,4008,2018-08-27,1934,2112,,1,5,4,4008,0,0,0,,0,,"ARDILLA AV","VEGA AV W",488.00,S,N,A,-,N,,,,,,,,,,N,3,0,1,1,C,-,18,,,N,H,H,A,A,H,-,A,D,0,,,Y,,Y,,-,"- ",0,1,0,0,0,0,0,0,1,"- ","- ",35.49176025390625,-120.68019866943359,"SAN LUIS OBISPO",ATASCADERO,-120.67886352539062,35.491470336914062
8688363,2018,2018-09-13,4008,2018-08-19,0853,3543,,7,5,4,4008,0,0,0,,0,,"CURBARIL AV","VALLE AV",0.00,,Y,A,-,N,,,,,,,,,,Y,3,0,2,2,A,-,05,21650,,N,A,C,A,A,H,-,A,A,0,,,,,Y,,A,01,0,1,1,0,0,0,0,0,0,"- ","- ",35.484569549560547,-120.65131378173828,"SAN LUIS OBISPO",ATASCADERO,-120.65154266357422,35.484199523925781
8688708,2018,2018-12-28,4008,2018-08-15,1047,3152,,3,5,4,4008,0,0,0,,0,,"EL CAMINO REAL","MORRO RD",399.00,S,N,A,-,Y,SLO,5,101,-,-,45.524,R,4,N,N,3,0,1,2,A,-,11,21950,B,N,G,B,B,A,H,-,A,A,0,Y,,,,Y,,N,60,0,1,0,0,1,0,0,0,0,"- ","- ",35.486099243164062,-120.66484832763672,"SAN LUIS OBISPO",ATASCADERO,-120.66443634033203,35.485015869140625
8688915,2018,2018-12-28,4004,2018-08-14,1152,1149,03,2,5,3,4004,0,0,0,,0,3-4,"AIRPORT RD","RT 46",0.00,,Y,A,-,Y,SLO,5,46,-,R,21.940,I,6,W,N,4,0,2,2,A,-,21,22106,,N,C,C,A,A,H,-,A,D,0,,,,,Y,,A,01,0,0,2,0,0,0,0,0,0,"- ","- ",,,"SAN LUIS OBISPO","PASO ROBLES",-120.69644165039062,35.589462280273438
8691767,2018,2018-09-14,4002,2018-08-29,2028,138,,3,5,3,4002,0,0,0,,0,,"S 14TH ST","S 14TH ST 600",0.00,,Y,A,-,N,,,,,,,,,,Y,4,0,1,2,A,-,08,22107,,N,C,E,A,A,H,-,C,A,0,,,,,Y,,A,01,0,0,1,0,0,0,0,0,0,"- ","- ",,,"SAN LUIS OBISPO","GROVER BEACH",-120.61445399999999,35.116033999999999
8691815,2018,2018-09-14,4004,2018-08-09,2240,476,4,4,5,3,4004,0,0,0,,0,047,CRESTON,SCOTT,68.00,S,N,A,-,N,,,,,,,,,,N,3,0,1,1,A,-,03,22350,,N,F,J,A,A,H,-,C,A,0,,,Y,,Y,,C,02,0,1,0,0,0,0,0,0,1,"- ","- ",,,"SAN LUIS OBISPO","PASO ROBLES",-120.65898895263672,35.608345031738281
8692641,2018,2018-10-12,4002,2018-09-06,1245,464,,4,5,3,4002,0,0,0,,0,,"S OAK PARK BL","MANHATTAN AV",0.00,,Y,A,-,N,,,,,,,,,,Y,4,0,1,2,A,-,01,23152,A,N,D,C,A,A,H,-,A,A,0,,,,,Y,Y,A,01,0,0,1,0,0,0,0,0,0,"- ","- ",,,"SAN LUIS OBISPO","GROVER BEACH",-120.60942077636719,35.117931365966797
8693180,2018,2018-09-27,4006,2018-08-16,2046,64920,,4,5,4,4006,0,0,0,,0,,HIGUERA,PISMO,0.00,,Y,A,-,N,,,,,,,,,,N,3,0,2,2,A,-,09,21804,A,N,D,G,A,A,H,-,C,A,0,,Y,Y,,Y,,L,04,0,1,1,0,0,0,1,0,1,"- ","- ",35.270000457763672,-120.66000366210938,"SAN LUIS OBISPO","SAN LUIS OBISPO",-120.6697998046875,35.272201538085938
8695421,2018,2018-09-26,4003,2018-07-21,1444,N9704,1,6,5,2,4003,0,0,0,,0,001,"SOUTH BAY BL","STATE PARK RD",0.00,,Y,A,-,N,,,,,,,,,,Y,3,0,1,2,A,-,09,21801,A,N,D,C,A,A,H,-,A,A,0,,,,,Y,,A,01,0,1,0,0,0,0,0,0,0,"- ","- ",,,"SAN LUIS OBISPO","MORRO BAY",-120.82807922363281,35.355049133300781
8695526,2018,2018-09-24,4008,2018-09-06,1530,2030,,4,5,4,4008,0,0,0,,0,,"EL MONTE RD","SANTA LUCIA RD",45.00,W,N,A,-,N,,,,,,,,,,N,4,0,1,1,A,-,03,22350,,N,H,G,A,A,H,-,A,D,0,,Y,,,Y,,L,04,0,0,1,0,0,0,1,0,0,"- ","- ",35.496730804443359,-120.73613739013672,"SAN LUIS OBISPO",ATASCADERO,-120.73650360107422,35.496566772460938
8695651,2018,2018-09-21,4001,2018-08-27,1754,P0114,461,1,5,3,4001,0,0,0,,0,OPERAT,"WEST BRANCH ST","BRIDGE ST",0.00,,Y,A,-,N,,,,,,,,,,N,3,0,1,2,A,-,10,21950,A,N,G,B,B,A,H,-,A,A,0,Y,,,,Y,,A,01,0,1,0,0,1,0,0,0,0,"- ","- ",,,"SAN LUIS OBISPO","ARROYO GRANDE",-120.57911682128906,35.123249053955078
8696091,2018,2018-12-28,4006,2018-08-20,1535,14101,,1,5,4,4006,0,0,0,,0,,"RT 1",MONTALBON,0.00,,Y,A,-,Y,SLO,5,1,-,-,16.920,I,5,S,N,4,0,1,2,A,-,09,21802,A,N,D,C,A,A,H,-,A,A,0,,,,,Y,Y,A,07,0,0,1,0,0,0,0,0,0,"- ","- ",35.28826904296875,-120.66500091552734,"SAN LUIS OBISPO","SAN LUIS OBISPO",-120.6650390625,35.288276672363281
8696242,2018,2018-12-28,4005,2018-08-07,1756,P105,,2,5,2,4005,0,0,0,,0,,"DOLLIVER ST","HINDS AV",77.00,S,N,A,-,Y,SLO,5,1,-,-,15.510,H,-,S,N,4,0,1,2,A,-,08,22107,,N,B,G,A,A,H,-,A,D,0,,Y,,,Y,Y,A,01,0,0,1,0,0,0,1,0,0,"- ","- ",,,"SAN LUIS OBISPO","PISMO BEACH",-120.64051055908203,35.139846801757812
8696279,2018,2018-10-29,4005,2018-08-21,1621,P105,5,2,5,2,4005,0,0,0,,0,,"DOLLIVER ST","POMEROY AV",0.00,,Y,A,-,Y,SLO,5,1,-,-,15.580,I,5,S,N,3,0,1,2,A,-,10,21950,A,N,G,B,B,A,H,-,A,A,0,Y,,,,Y,,A,01,0,1,0,0,1,0,0,0,0,"- ","- ",,,"SAN LUIS OBISPO","PISMO BEACH",-120.641357421875,35.140594482421875
8696295,2018,2018-10-29,4004,2018-08-14,1724,0476,03,2,5,3,4004,0,0,0,,0,032,"RT 46","BUENA VISTA",357.00,W,N,A,-,Y,SLO,5,46,-,-,30.440,H,-,W,Y,4,0,2,3,A,-,03,22350,,N,C,C,A,A,H,-,A,D,0,,,,,Y,,A,01,0,0,2,0,0,0,0,0,0,"- ","- ",,,"SAN LUIS OBISPO","PASO ROBLES",-120.67301940917969,35.644634246826172
8702256,2018,2018-12-31,4006,2018-09-12,0903,80908,,3,5,4,4006,0,0,0,,0,,MADONNA,"RT 101",0.00,,Y,A,-,Y,SLO,5,101,-,-,27.650,I,5,N,Y,3,0,1,2,A,-,08,22107,,F,B,C,A,A,H,-,A,A,0,,,,,Y,,A,01,0,1,0,0,0,0,0,0,0,"- ",NO,35.266410827636719,-120.67314147949219,"SAN LUIS OBISPO","SAN LUIS OBISPO",-120.67312622070312,35.268283843994141
8705528,2018,2018-11-13,4006,2018-09-11,1739,88908,,2,5,4,4006,0,0,0,,0,,SOUTH,KING,0.00,,Y,A,-,N,,,,,,,,,,N,4,0,1,2,A,-,09,21801,A,N,D,G,A,A,H,-,A,D,0,,Y,,,Y,,A,01,0,0,1,0,0,0,1,0,0,"- ","- ",35.160999298095703,-120.39430236816406,"SAN LUIS OBISPO","SAN LUIS OBISPO",-120.66224,35.269530000000003
8705530,2018,2018-10-30,4008,2018-09-20,1446,3113,,4,5,4,4008,0,0,0,,0,,"EL CAMINO REAL","PUEBLO AV",0.00,,Y,A,-,N,,,,,,,,,,Y,3,0,2,2,A,-,09,21801,A,N,D,C,A,A,H,-,A,D,0,,,,,Y,,A,01,0,1,1,0,0,0,0,0,0,"- ","- ",35.4805908203125,-120.65827941894531,"SAN LUIS OBISPO",ATASCADERO,-120.658203125,35.480461120605469
8705544,2018,2018-11-13,4006,2018-09-10,0852,80908,,1,5,4,4006,0,0,0,,0,,"SANTA ROSA",PEACH,0.00,,Y,A,-,N,,,,,,,,,,Y,4,0,1,2,A,-,05,21650,1,N,D,G,A,A,H,-,A,A,0,,Y,,,Y,,L,04,0,0,1,0,0,0,1,0,0,"- ","- ",35.285198211669922,-120.662109375,"SAN LUIS OBISPO","SAN LUIS OBISPO",-120.66217803955078,35.285129547119141
8705548,2018,2018-11-13,4006,2018-09-15,1415,16380,,6,5,4,4006,0,0,0,,0,,HIGUERA,NIPOMO,0.00,,Y,A,-,N,,,,,,,,,,N,4,0,1,2,D,-,00,,,N,B,G,B,A,H,-,A,D,0,Y,Y,,,Y,,-,"- ",0,0,1,0,1,0,0,0,0,"- ","- ",,,"SAN LUIS OBISPO","SAN LUIS OBISPO",-120.66573333740234,35.278129577636719
8710552,2018,2018-10-16,4005,2018-09-01,1615,P090,2,6,5,2,4005,0,0,0,,0,,"SHELL BEACH RD","SEACLIFF AV",536.00,S,N,A,-,N,,,,,,,,,,N,4,0,1,1,A,-,08,22107,,N,H,I,A,A,H,-,A,D,0,,Y,,,Y,,L,04,0,0,1,0,0,0,1,0,0,"- ","- ",,,"SAN LUIS OBISPO","PISMO BEACH",-120.68373107910156,35.162208557128906
8712577,2018,2018-10-23,4004,2018-10-01,1835,0476,02,1,5,3,4004,0,0,0,,0,023,RIVER,13TH,70.00,S,N,A,-,N,,,,,,,,,,N,4,0,1,2,A,-,03,22350,,N,C,C,A,A,H,-,A,A,0,,,,,Y,,A,01,0,0,1,0,0,0,0,0,0,"- ","- ",,,"SAN LUIS OBISPO","PASO ROBLES",-120.68318176269531,35.629108428955078
8713687,2018,2018-10-18,4005,2018-08-31,1724,P090,4,5,5,2,4005,0,0,0,,0,,"SHELL BEACH RD","PLACENTIA AV",38.00,S,N,A,-,N,,,,,,,,,,N,3,0,1,2,A,-,01,21200,5,N,B,G,A,A,H,-,A,D,0,,Y,,,Y,Y,L,04,0,1,0,0,0,0,1,0,0,"- ","- ",,,"SAN LUIS OBISPO","PISMO BEACH",-120.66982269287109,35.156757354736328
8714062,2018,2019-03-08,4001,2018-09-07,2037,P0136,"46  3",5,5,3,4001,0,0,0,,0,OPERAT,"EAST GRAND AV","BELL ST",0.00,,Y,A,-,N,,,,,,,,,,N,1,1,0,2,A,-,11,21954,A,N,G,B,D,A,H,-,C,A,0,Y,,,,Y,,N,60,0,0,0,1,0,0,0,0,0,"- ","- ",,,"SAN LUIS OBISPO","ARROYO GRANDE",-120.58822631835938,35.119831085205078
8714743,2018,2018-10-29,4004,2018-09-25,2010,1349,01,2,5,3,4004,0,0,0,,0,014,"24TH ST","YSABEL ST",1.00,E,N,A,-,N,,,,,,,,,,Y,2,0,1,2,A,-,01,23153,,N,G,B,D,A,H,-,C,D,0,Y,,,,Y,Y,A,01,1,0,0,0,1,0,0,0,0,"- ","- ",,,"SAN LUIS OBISPO","PASO ROBLES",-120.68643951416016,35.641933441162109
8714807,2018,2018-11-06,4006,2018-10-04,1539,68099,,4,5,4,4006,0,0,0,,0,,BROAD,LAWRENCE,0.00,,Y,A,-,N,,,,,,,,,,Y,4,0,1,2,A,-,09,21801,A,N,D,C,A,A,H,-,A,D,0,,,,,Y,,A,01,0,0,1,0,0,0,0,0,0,"- ","- ",35.264190673828125,-120.65203094482422,"SAN LUIS OBISPO","SAN LUIS OBISPO",-120.65222930908203,35.264301300048828
8714811,2018,2018-11-06,4006,2018-10-01,0846,30311,,1,5,4,4006,0,0,0,,0,,"BROAD ST","MILL ST",0.00,,Y,A,-,N,,,,,,,,,,N,4,0,1,2,A,-,08,22107,,N,G,B,B,A,H,-,A,D,0,Y,,,,Y,,A,01,0,0,1,0,1,0,0,0,0,"- ","- ",35.281608581542969,-120.66594696044922,"SAN LUIS OBISPO","SAN LUIS OBISPO",-120.66604614257812,35.281620025634766
8715596,2018,2019-01-28,4008,2018-10-22,1232,3113,,1,5,4,4008,0,0,0,,0,,"MORRO RD","PORTOLA RD",108.00,S,N,A,-,Y,SLO,5,41,-,-,14.720,H,-,S,Y,3,0,1,2,A,-,09,21801,A,N,D,C,A,A,D,-,A,A,0,,,,,Y,,D,22,0,1,0,0,0,0,0,0,0,"- ","- ",35.469051361083984,-120.67001342773438,"SAN LUIS OBISPO",ATASCADERO,-120.67002105712891,35.468528747558594
8718450,2018,2018-12-11,4004,2018-08-17,1553,1194,3,5,5,3,4004,0,0,0,,0,038,"RT 46 E","GOLDEN HILL RD",1243.00,E,N,A,-,Y,SLO,5,46,-,-,31.550,H,-,W,Y,3,0,1,2,A,-,03,22350,,N,C,C,A,A,H,-,A,A,0,,,,,Y,,A,01,0,1,0,0,0,0,0,0,0,"- ","- ",35.640468597412109,-120.65809631347656,"SAN LUIS OBISPO","PASO ROBLES",-120.65383911132812,35.644630432128906
8718904,2018,2019-01-10,4008,2018-10-11,1533,5011,,4,5,4,4008,0,0,0,,0,,"MORRO RD","ATASCADERO AV",1043.00,E,N,A,-,Y,SLO,5,41,-,-,15.760,H,-,N,N,4,0,1,2,A,-,03,22350,,N,C,C,A,A,H,-,A,A,0,,,,,Y,,D,22,0,0,1,0,0,0,0,0,0,"- ","- ",35.480770111083984,-120.66655731201172,"SAN LUIS OBISPO",ATASCADERO,-120.66566467285156,35.483383178710938
8719884,2018,2018-10-24,4006,2018-09-21,2332,67850,,5,5,4,4006,0,0,0,,0,,"BROAD ST","SOUTH ST",9.00,E,N,A,-,N,,,,,,,,,,Y,4,0,1,3,A,-,09,21453,C,N,A,C,A,A,H,-,C,A,0,,,,,Y,,A,01,0,0,1,0,0,0,0,0,0,"- ","- ",35.269729614257812,-120.65663909912109,"SAN LUIS OBISPO","SAN LUIS OBISPO",-120.65651702880859,35.269744873046875
8720406,2018,2018-10-25,4008,2018-09-24,1727,3113,,1,5,4,4008,0,0,0,,0,,"HALCON RD","ROCKY CANYON RD",2220.00,W,N,A,-,N,,,,,,,,,,N,3,0,1,1,A,-,03,22350,,N,E,I,A,A,H,-,A,D,0,,,,,Y,Y,A,01,0,1,0,0,0,0,0,0,0,"- ","- ",35.462001800537109,-120.62236022949219,"SAN LUIS OBISPO",ATASCADERO,-120.62857818603516,35.459026336669922
8721705,2018,2018-10-26,4006,2018-09-27,1533,55150,,4,5,4,4006,0,0,0,,0,,LOUR,MADONNA,0.00,,Y,A,-,N,,,,,,,,,,N,4,0,1,2,A,-,21,22106,,N,C,C,A,A,H,-,A,A,0,,,,,Y,,A,01,0,0,1,0,0,0,0,0,0,"- ","- ",35.152400970458984,-120.41259765625,"SAN LUIS OBISPO","SAN LUIS OBISPO",,
8726297,2018,2018-11-06,4006,2018-08-29,1930,59980,,3,5,4,4006,0,0,0,,0,,HIGUERA,CHORRO,0.00,,Y,A,-,N,,,,,,,,,,N,4,0,1,2,A,-,10,21950,A,N,G,B,B,A,H,-,A,A,0,Y,,,,Y,,A,01,0,0,1,0,1,0,0,0,0,"- ","- ",35.279949188232422,-120.66285705566406,"SAN LUIS OBISPO","SAN LUIS OBISPO",-120.66291809082031,35.279880523681641
8726709,2018,2018-11-08,4006,2018-10-20,0959,62657,,6,5,4,4006,0,0,0,,0,,"LOS OSOS VALLEY RD","CALLE JOAQUIN",0.00,,Y,A,-,N,,,,,,,,,,Y,4,0,2,2,A,-,09,21801,A,N,A,C,A,A,H,-,A,A,0,,,,,Y,,A,07,0,0,2,0,0,0,0,0,0,"- ","- ",35.246681213378906,-120.68308258056641,"SAN LUIS OBISPO","SAN LUIS OBISPO",-120.68302917480469,35.246730804443359
8726713,2018,2018-11-08,4006,2018-10-22,1220,80908,,1,5,4,4006,0,0,0,,0,,"LOS OSOS VALLEY RD","FROOM RANCH",0.00,,Y,A,-,N,,,,,,,,,,Y,3,0,3,2,A,-,12,21453,A,N,D,C,A,A,H,-,A,A,0,,,,,Y,,A,07,0,2,1,0,0,0,0,0,0,"- ","- ",35.252658843994141,-120.68752288818359,"SAN LUIS OBISPO","SAN LUIS OBISPO",-120.68763732910156,35.252529144287109
8729490,2018,2018-11-27,4004,2018-10-21,1355,0928,01,7,5,3,4004,0,0,0,,0,"1   4","24TH ST","SPRING ST",90.00,E,N,A,-,N,,,,,,,,,,Y,3,0,1,2,A,-,09,21804,A,N,D,C,A,A,H,-,A,D,0,,,Y,Y,Y,,F,26,0,1,0,0,0,0,0,0,1,"- ","- ",,,"SAN LUIS OBISPO","PASO ROBLES",-120.692138671875,35.639156341552734
8731161,2018,2018-11-02,4004,2018-10-12,0859,1319,02,5,5,3,4004,0,0,0,,0,024,"SPRING ST","4TH ST",50.00,N,N,A,-,N,,,,,,,,,,N,4,0,1,2,A,-,03,22350,,N,C,C,A,A,H,-,A,A,0,,,,,Y,,D,22,0,0,1,0,0,0,0,0,0,"- ","- ",,,"SAN LUIS OBISPO","PASO ROBLES",-120.69071197509766,35.618537902832031
8731478,2018,2019-01-28,4002,2018-10-06,2048,368,,6,5,3,4002,0,0,0,,0,,"W GRAND AV","RT 1",27.00,E,N,A,-,Y,SLO,5,1,-,-,14.100,I,6,N,N,4,0,2,2,A,-,03,22350,,N,-,C,A,A,H,-,C,A,0,,,Y,,Y,,C,06,0,0,2,0,0,0,0,0,0,"- ","- ",,,"SAN LUIS OBISPO","GROVER BEACH",-120.62980651855469,35.121986389160156
8731484,2018,2018-11-08,4001,2018-08-04,2054,P0144,463,6,5,3,4001,0,0,0,,0,OPERAT,"SOUTH ELM ST","THE PIKE",136.00,N,N,A,-,N,,,,,,,,,,Y,4,0,1,1,A,-,08,22107,,F,E,I,A,A,H,-,C,D,0,,,,,Y,,A,01,0,0,1,0,0,0,0,0,0,"- ","- ",,,"SAN LUIS OBISPO","ARROYO GRANDE",-120.60059356689453,35.106842041015625
8734315,2018,2018-11-14,4002,2018-10-28,1227,470,,7,5,3,4002,0,0,0,,0,,"OAK PARK BL","BRIGHTON AV",0.00,,Y,A,-,N,,,,,,,,,,N,3,0,2,2,A,-,09,21801,A,N,D,C,A,A,H,-,A,A,0,,,,,Y,,A,01,0,2,0,0,0,0,0,0,0,"- ","- ",,,"SAN LUIS OBISPO","GROVER BEACH",-120.60897827148438,35.123359680175781
8734770,2018,2018-11-19,4002,2018-10-23,1609,478,,2,5,3,4002,0,0,0,,0,,"N 4TH ST","BRIGHTON AV",53.00,S,N,A,-,N,,,,,,,,,,N,4,0,1,2,A,-,03,22350,,N,C,C,A,A,H,-,A,A,0,,,,,Y,,A,01,0,0,1,0,0,0,0,0,0,"- ","- ",,,"SAN LUIS OBISPO","GROVER BEACH",-120.62625122070312,35.124103546142578
8735703,2018,2019-01-28,4005,2018-10-18,1843,P095,6,4,5,2,4005,0,0,0,,0,,"RT 1","LE SAGE",1705.00,N,N,A,-,Y,SLO,5,1,-,-,14.570,H,-,S,Y,2,0,1,2,A,-,01,23153,B,F,C,G,A,A,H,-,B,D,0,,Y,,,Y,Y,A,01,1,0,0,0,0,0,1,0,0,"- ","- ",,,"SAN LUIS OBISPO","PISMO BEACH",-120.63194274902344,35.128650665283203