CASE_ID,ACCIDENT_YEAR,PROC_DATE,JURIS,COLLISION_DATE,COLLISION_TIME,OFFICER_ID,REPORTING_DISTRICT,DAY_OF_WEEK,CHP_SHIFT,POPULATION,CNTY_CITY_LOC,SPECIAL_COND,BEAT_TYPE,CHP_BEAT_TYPE,CITY_DIVISION_LAPD,CHP_BEAT_CLASS,BEAT_NUMBER,PRIMARY_RD,SECONDARY_RD,DISTANCE,DIRECTION,INTERSECTION,WEATHER_1,WEATHER_2,STATE_HWY_IND,CALTRANS_COUNTY,CALTRANS_DISTRICT,STATE_ROUTE,ROUTE_SUFFIX,POSTMILE_PREFIX,POSTMILE,LOCATION_TYPE,RAMP_INTERSECTION,SIDE_OF_HWY,TOW_AWAY,COLLISION_SEVERITY,NUMBER_KILLED,NUMBER_INJURED,PARTY_COUNT,PRIMARY_COLL_FACTOR,PCF_CODE_OF_VIOL,PCF_VIOL_CATEGORY,PCF_VIOLATION,PCF_VIOL_SUBSECTION,HIT_AND_RUN,TYPE_OF_COLLISION,MVIW,PED_ACTION,ROAD_SURFACE,ROAD_COND_1,ROAD_COND_2,LIGHTING,CONTROL_DEVICE,CHP_ROAD_TYPE,PEDESTRIAN_ACCIDENT,BICYCLE_ACCIDENT,MOTORCYCLE_ACCIDENT,TRUCK_ACCIDENT,NOT_PRIVATE_PROPERTY,ALCOHOL_INVOLVED,STWD_VEHTYPE_AT_FAULT,CHP_VEHTYPE_AT_FAULT,COUNT_SEVERE_INJ,COUNT_VISIBLE_INJ,COUNT_COMPLAINT_PAIN,COUNT_PED_KILLED,COUNT_PED_INJURED,COUNT_BICYCLIST_KILLED,COUNT_BICYCLIST_INJURED,COUNT_MC_KILLED,COUNT_MC_INJURED,PRIMARY_RAMP,SECONDARY_RAMP,LATITUDE,LONGITUDE,COUNTY,CITY,POINT_X,POINT_Y
8735705,2018,2019-01-28,4005,2018-10-01,1428,P090,6,1,5,2,4005,0,0,0,,0,,"HINDS AV","PRICE ST",72.00,E,N,A,-,Y,SLO,5,101,-,-,16.720,R,4,S,N,4,0,1,2,A,-,08,22107,,N,D,G,A,A,H,-,A,D,0,,Y,,,Y,Y,L,04,0,0,1,0,0,0,1,0,0,"- ","- ",,,"SAN LUIS OBISPO","PISMO BEACH",-120.64004516601562,35.142532348632812
8736087,2018,2018-12-07,4006,2018-10-23,1542,80908,,2,5,4,4006,0,0,0,,0,,"C ST",INDUSTRIAL,346.00,N,N,A,-,N,,,,,,,,,,Y,4,0,1,2,A,-,09,21804,A,N,D,C,A,A,H,-,A,D,0,,,,,Y,,A,01,0,0,1,0,0,0,0,0,0,"- ","- ",35.253810882568359,-120.64041137695312,"SAN LUIS OBISPO","SAN LUIS OBISPO",-120.73101043701172,35.78369140625
8736451,2018,2018-11-19,4006,2018-11-06,1700,14101,,2,5,4,4006,0,0,0,,0,,JOHNSON,ORCUTT,0.00,,Y,A,-,N,,,,,,,,,,Y,2,0,1,1,A,-,01,23152,A,N,E,I,A,A,H,-,C,D,0,,,,,Y,Y,A,01,1,0,0,0,0,0,0,0,0,"- ","- ",35.26190185546875,-120.63591766357422,"SAN LUIS OBISPO","SAN LUIS OBISPO",-120.63587951660156,35.261470794677734
8736474,2018,2018-11-27,4006,2018-10-26,1955,65419,,5,5,4,4006,0,0,0,,0,,FOOTHILL,"RT 1",283.00,W,N,A,-,N,,,,,,,,,,Y,3,0,1,2,A,-,03,22350,,N,C,C,A,A,H,-,C,A,0,,,,,Y,,A,01,0,1,0,0,0,0,0,0,0,"- ","- ",35.793861389160156,-120.40090179443359,"SAN LUIS OBISPO","SAN LUIS OBISPO",-120.66900634765625,35.294075012207031
8737712,2018,2018-11-26,4008,2018-11-09,2140,2032,,5,5,4,4008,0,0,0,,0,,"ATASCADERO AV","CURBARIL AV",375.00,W,N,A,-,N,,,,,,,,,,N,4,0,1,2,A,-,05,21460,A,F,B,C,A,A,H,-,C,D,0,,,,,Y,,A,01,0,0,1,0,0,0,0,0,0,"- ","- ",35.474258422851562,-120.66532135009766,"SAN LUIS OBISPO",ATASCADERO,-120.66545867919922,35.475360870361328
8738737,2018,2018-12-18,4004,2018-08-01,1024,1194,03,3,5,3,4004,0,0,0,,0,3-4,"RT 46","AIRPORT RD",0.00,,Y,A,-,Y,SLO,5,46,-,-,32.145,I,5,W,Y,3,0,2,3,A,-,09,21801,A,N,D,C,A,A,H,-,A,A,0,,,,,Y,,D,22,0,1,1,0,0,0,0,0,0,"- ","- ",,,"SAN LUIS OBISPO","PASO ROBLES",-120.64331817626953,35.644618988037109
8740048,2018,2018-12-13,4004,2018-10-26,1733,0476,01,5,5,3,4004,0,0,0,,0,"4 1",NIBLICK,NICKLAUS,35.00,E,N,A,-,N,,,,,,,,,,N,4,0,1,3,A,-,03,22350,,N,C,C,A,A,H,-,A,A,0,,,,,Y,,A,01,0,0,1,0,0,0,0,0,0,"- ","- ",,,"SAN LUIS OBISPO","PASO ROBLES",-120.67551422119141,35.615791320800781
8740052,2018,2018-12-13,4004,2018-10-27,0338,1353,04,6,5,3,4004,0,0,0,,0,"4 1","SOUTH RIVER RD","13TH ST",880.00,S,N,A,-,N,,,,,,,,,,Y,4,0,1,1,A,-,01,23152,A,N,E,I,A,A,H,-,C,D,0,,,,,Y,Y,A,01,0,0,1,0,0,0,0,0,0,"- ","- ",,,"SAN LUIS OBISPO","PASO ROBLES",-120.68210601806641,35.626922607421875
8741501,2018,2018-12-10,4001,2018-10-22,2038,P0127,46-3,1,5,3,4001,0,0,0,,0,OPERAT,"EL CAMINO REAL","BRISCO RD",0.00,,Y,A,-,N,,,,,,,,,,N,4,0,1,2,A,-,09,21801,A,N,A,C,A,A,H,-,C,A,0,,,,,Y,,A,07,0,0,1,0,0,0,0,0,0,"- ","- ",,,"SAN LUIS OBISPO","ARROYO GRANDE",-120.59359741210938,35.123870849609375
8745082,2018,2018-12-20,4006,2018-11-01,1236,80908,,4,5,4,4006,0,0,0,,0,,"SANTA ROSA",WALNUT,0.00,,Y,A,-,N,,,,,,,,,,N,3,0,1,2,A,-,08,22107,,N,B,G,A,A,H,-,A,A,0,,Y,,,Y,,A,01,0,1,0,0,0,0,1,0,0,"- ","- ",35.284999847412109,-120.66200256347656,"SAN LUIS OBISPO","SAN LUIS OBISPO",-120.66285705566406,35.285911560058594
8746292,2018,2019-01-19,4004,2018-11-04,1334,1304,01,7,5,3,4004,0,0,0,,0,013,"24TH ST","BLACK OAK DR",150.00,E,N,A,-,N,,,,,,,,,,N,4,0,1,2,A,-,12,21453,A,N,D,D,A,A,H,-,A,A,0,,,Y,,Y,,C,02,0,0,1,0,0,0,0,0,1,"- ","- ",,,"SAN LUIS OBISPO","PASO ROBLES",-120.68563079833984,35.642410278320312
8748656,2018,2019-01-23,4004,2018-11-27,1451,1208,02,2,5,3,4004,0,0,0,,0,2-2,"SPRING ST","12TH ST",10.25,S,N,A,-,N,,,,,,,,,,N,3,0,1,2,A,-,10,21950,A,N,G,B,B,A,H,-,A,A,0,Y,,,,Y,,D,22,0,1,0,0,1,0,0,0,0,"- ","- ",,,"SAN LUIS OBISPO","PASO ROBLES",-120.69139862060547,35.626621246337891
8751958,2018,2018-12-14,4004,2018-11-10,1728,0575,01,6,5,3,4004,0,0,0,,0,"1    4","24TH ST","OAK ST",0.00,,Y,A,-,N,,,,,,,,,,Y,3,0,1,2,A,-,01,23153,A,F,D,C,A,A,H,-,C,A,0,,,,,Y,Y,D,22,0,1,0,0,0,0,0,0,0,"- ","- ",,,"SAN LUIS OBISPO","PASO ROBLES",-120.69374084472656,35.639080047607422
8754110,2018,2018-12-17,4004,2018-11-05,0220,1353,01,1,5,3,4004,0,0,0,,0,013,"24TH ST","RIVERSIDE AV",493.00,E,N,A,-,N,,,,,,,,,,Y,3,0,1,2,A,-,08,22107,,M,C,E,A,A,H,-,C,A,0,,,,,Y,Y,A,01,0,1,0,0,0,0,0,0,0,"- ","- ",,,"SAN LUIS OBISPO","PASO ROBLES",-120.68709564208984,35.640853881835938
8754281,2018,2018-12-13,4006,2018-11-05,1529,78664,,1,5,4,4006,0,0,0,,0,,CALIFORNIA,PALM,0.00,,Y,A,-,N,,,,,,,,,,N,3,0,1,2,A,-,08,22107,,N,D,G,A,A,H,-,A,A,0,,Y,,,Y,,A,01,0,1,0,0,0,0,1,0,0,"- ","- ",35.286769866943359,-120.65528869628906,"SAN LUIS OBISPO","SAN LUIS OBISPO",-120.65522766113281,35.286800384521484
8758475,2018,2019-01-24,4001,2018-11-21,2137,P0114,46-3,3,5,3,4001,0,0,0,,0,OPERAT,"HALCYON RD","THE PIKE",0.00,,Y,A,-,N,,,,,,,,,,Y,4,0,1,2,A,-,09,21800,A,N,D,C,A,B,H,-,C,A,0,,,,,Y,Y,A,01,0,0,1,0,0,0,0,0,0,"- ","- ",,,"SAN LUIS OBISPO","ARROYO GRANDE",-120.59165191650391,35.106349945068359
8758677,2018,2018-12-19,4003,2018-09-19,1124,H9596,3,3,5,2,4003,0,0,0,,0,001,"MAIN ST","BEACH ST",30.00,S,N,A,-,N,,,,,,,,,,Y,4,0,1,2,A,-,21,22106,,N,C,C,A,A,H,-,A,A,0,,,,,Y,,A,01,0,0,1,0,0,0,0,0,0,"- ","- ",,,"SAN LUIS OBISPO","MORRO BAY",-120.85002136230469,35.368717193603516
8760059,2018,2019-01-28,4004,2018-11-17,2016,1307,03,6,5,3,4004,0,0,0,,0,036,"RT 46 E","MILL RD",60.00,N,N,A,-,Y,SLO,5,46,-,-,32.650,I,5,E,Y,2,0,3,2,A,-,09,21801,A,N,D,C,A,A,H,-,D,D,0,,,,,Y,,A,08,2,0,1,0,0,0,0,0,0,"- ","- ",,,"SAN LUIS OBISPO","PASO ROBLES",-120.63473510742188,35.645076751708984
8767673,2018,2019-01-07,4006,2018-11-05,1212,80908,,1,5,4,4006,0,0,0,,0,,FOOTHILL,CALIFORNIA,25.00,E,N,A,-,N,,,,,,,,,,N,3,0,1,2,A,-,03,22350,,N,C,G,A,A,H,-,A,A,0,,Y,,,Y,,L,04,0,1,0,0,0,0,1,0,0,"- ","- ",35.295120239257812,-120.66368865966797,"SAN LUIS OBISPO","SAN LUIS OBISPO",-120.66380310058594,35.295059204101562
8767684,2018,2019-01-08,4006,2018-11-11,1300,92874,,7,5,4,4006,0,0,0,,0,,OLIVE,"SANTA ROSA",0.00,,Y,A,-,N,,,,,,,,,,N,3,0,1,2,D,-,00,,,F,G,B,B,A,H,-,A,A,0,Y,,,,Y,,-,"- ",0,1,0,0,1,0,0,0,0,"- ","- ",35.287410736083984,-120.66438293457031,"SAN LUIS OBISPO","SAN LUIS OBISPO",-120.66426,35.287520000000001
8767688,2018,2019-01-08,4006,2018-11-05,1243,80908,,1,5,4,4006,0,0,0,,0,,"SANTA ROSA",MONTEREY,0.00,,Y,A,-,N,,,,,,,,,,N,4,0,1,2,A,-,10,21950,A,N,G,B,B,A,H,-,A,A,0,Y,,,,Y,,A,07,0,0,1,0,1,0,0,0,0,"- ","- ",35.282508850097656,-120.65992736816406,"SAN LUIS OBISPO","SAN LUIS OBISPO",-120.65995788574219,35.282600402832031
8774016,2018,2019-01-29,4006,2018-12-05,0730,80908,,3,5,4,4006,0,0,0,,0,,BUCHON,JOHNSON,0.00,,Y,C,-,N,,,,,,,,,,N,3,0,1,2,A,-,05,21650,1,N,-,G,A,B,H,-,A,A,0,,Y,,,Y,,L,04,0,1,0,0,0,0,1,0,0,"- ","- ",35.280708312988281,-120.65374755859375,"SAN LUIS OBISPO","SAN LUIS OBISPO",-120.65373992919922,35.280788421630859
8776321,2018,2019-01-22,4006,2018-12-13,1710,80908,,4,5,4,4006,0,0,0,,0,,MADONNA,PEREIRA,0.00,,Y,A,-,N,,,,,,,,,,Y,4,0,1,2,A,-,01,23152,B,M,D,D,A,A,H,-,C,A,0,,,,,Y,Y,D,22,0,0,1,0,0,0,0,0,0,"- ","- ",35.257221221923828,-120.68942260742188,"SAN LUIS OBISPO","SAN LUIS OBISPO",-120.68950653076172,35.257160186767578
8778939,2018,2019-02-01,4004,2018-12-26,1559,1304,01,3,5,3,4004,0,0,0,,0,011,SPRING,34TH,0.00,,Y,A,-,N,,,,,,,,,,N,4,0,1,2,A,-,09,21802,A,M,D,C,A,A,H,-,A,A,0,,,,,Y,Y,A,08,0,0,1,0,0,0,0,0,0,"- ","- ",,,"SAN LUIS OBISPO","PASO ROBLES",-120.69332885742188,35.649600982666016
8782339,2018,2019-01-24,4001,2018-12-21,0730,P0123,"46 3",5,5,3,4001,0,0,0,,0,OPERAT,"CREEKVIEW CT","WOODLAND DR",0.00,,Y,A,-,N,,,,,,,,,,N,3,0,1,2,A,-,05,21650,1,N,D,G,A,A,H,-,A,D,0,,Y,,,Y,,L,04,0,1,0,0,0,0,1,0,0,"- ","- ",,,"SAN LUIS OBISPO","ARROYO GRANDE",-120.58828735351562,35.112709045410156
8786361,2019,2019-02-12,4004,2019-01-14,1449,1353,2,1,5,3,4004,0,0,0,,0,003,"CRESTON RD","MELODY DR",0.00,,Y,B,-,N,,,,,,,,,,Y,3,0,2,2,A,-,09,21801,A,N,D,C,A,B,H,-,C,A,0,,,,,Y,,D,22,0,1,1,0,0,0,0,0,0,"- ","- ",,,"SAN LUIS OBISPO","PASO ROBLES",-120.66266632080078,35.623268127441406
8787294,2019,2019-02-15,4008,2019-01-01,1731,4055,,2,5,4,4008,0,0,0,,0,,"EL CAMINO REAL","MORRO RD",0.00,,Y,A,-,Y,SLO,5,41,-,-,15.960,I,5,S,Y,4,0,1,2,A,-,09,21453,C,N,A,C,A,A,H,-,C,A,0,,,,,Y,,A,01,0,0,1,0,0,0,0,0,0,"- ","- ",35.486099243164062,-120.66484832763672,"SAN LUIS OBISPO",ATASCADERO,-120.66482543945312,35.486244201660156
8798193,2019,2019-02-11,4006,2019-01-03,0749,14848,,4,5,4,4006,0,0,0,,0,,MADONNA,OCEANAIRE,0.00,,Y,A,-,N,,,,,,,,,,Y,4,0,1,2,A,-,12,21453,A,N,D,C,A,A,H,-,A,A,0,,,,,Y,,D,22,0,0,1,0,0,0,0,0,0,"- ","- ",35.2593994140625,-120.68430328369141,"SAN LUIS OBISPO","SAN LUIS OBISPO",-120.68428802490234,35.259391784667969
8799960,2019,2019-02-14,4002,2019-02-05,1236,311,,2,5,3,4002,0,0,0,,0,,"N OAK PARK BL","BRIGHTON AV",5.00,S,N,C,-,N,,,,,,,,,,Y,4,0,2,2,A,-,03,22350,,N,C,C,A,B,H,-,A,A,0,,,,,Y,,A,01,0,0,2,0,0,0,0,0,0,"- ","- ",,,"SAN LUIS OBISPO","GROVER BEACH",-120.60897827148438,35.123344421386719
8801093,2019,2019-02-21,4006,2019-01-07,1351,68045,,1,5,4,4006,0,0,0,,0,,HIGUERA,SOUTH,12.00,W,N,A,-,N,,,,,,,,,,Y,4,0,1,2,A,-,09,21801,A,N,D,C,A,A,H,-,A,D,0,,,,,Y,,A,01,0,0,1,0,0,0,0,0,0,"- ","- ",,,"SAN LUIS OBISPO","SAN LUIS OBISPO",-120.6702880859375,35.269515991210938
8801097,2019,2019-02-21,4006,2019-01-08,1551,62657,,2,5,4,4006,0,0,0,,0,,LAWRENCE,"BROAD ST",100.00,E,N,A,-,N,,,,,,,,,,Y,4,0,1,2,A,-,00,21604,A,N,D,C,A,A,H,-,A,A,0,,,,,Y,,A,01,0,0,1,0,0,0,0,0,0,"- ","- ",35.264999389648438,-120.65200042724609,"SAN LUIS OBISPO","SAN LUIS OBISPO",-120.65222930908203,35.264301300048828
8802976,2019,2019-03-04,4004,2019-02-05,1604,1319,,2,5,3,4004,0,0,0,,0,,"SPRING ST","4TH ST",0.00,,Y,A,-,N,,,,,,,,,,Y,4,0,2,2,A,-,03,22350,,N,C,C,A,A,H,-,A,A,0,,,,,Y,,A,01,0,0,2,0,0,0,0,0,0,"- ","- ",,,"SAN LUIS OBISPO","PASO ROBLES",-120.69069671630859,35.618400573730469
8803277,2018,2019-03-05,4006,2018-12-05,1710,55151,,3,5,4,4006,0,0,0,,0,,HIGUERA,BRIDGE,0.00,,Y,A,-,N,,,,,,,,,,N,3,0,1,2,A,-,09,21801,A,N,D,C,A,B,H,-,D,D,0,,,,,Y,,A,01,0,1,0,0,0,0,0,0,0,"- ","- ",35.160099029541016,-120.40129852294922,"SAN LUIS OBISPO","SAN LUIS OBISPO",-120.67043304443359,35.267219543457031
8803312,2019,2019-02-22,4006,2019-01-22,0745,92874,4006,2,5,4,4006,0,0,0,,0,,FOOTHILL,"SANTA ROSA",365.00,W,N,A,-,N,,,,,,,,,,N,3,0,1,2,A,-,09,21801,A,N,D,G,A,A,H,-,A,A,0,,Y,,,Y,,A,01,0,1,0,0,0,0,1,0,0,"- ","- ",35.293979644775391,-120.66929626464844,"SAN LUIS OBISPO","SAN LUIS OBISPO",-120.66928100585938,35.294078826904297
8803567,2019,2019-03-01,4004,2019-02-17,1442,1208,,7,5,3,4004,0,0,0,,0,,"NORTH RIVER RD","RIVER OAKS DR",300.00,N,N,B,C,N,,,,,,,,,,,4,0,1,1,A,-,08,22107,,N,H,A,A,B,H,-,A,D,0,,,,,Y,,D,22,0,0,1,0,0,0,0,0,0,"- ","- ",,,"SAN LUIS OBISPO","PASO ROBLES",-120.68271636962891,35.645130157470703
8807016,2019,2019-05-08,4008,2019-01-11,2343,3543,,5,5,4,4008,0,0,0,,0,,"SAN ANSELMO RD","RT 101",0.00,,Y,C,-,Y,SLO,5,101,-,-,46.770,R,4,N,Y,4,0,1,2,A,-,03,22350,,N,D,C,A,B,H,-,D,A,0,,,,,Y,,A,01,0,0,1,0,0,0,0,0,0,"- ",NF,35.497531890869141,-120.6826171875,"SAN LUIS OBISPO",ATASCADERO,-120.681640625,35.496196746826172
8807309,2018,2019-04-09,4006,2018-11-05,1643,80908,,1,5,4,4006,0,0,0,,0,,FERNWOOD,BRIARWOOD,270.00,E,N,A,-,N,,,,,,,,,,Y,4,0,1,2,A,-,08,22107,,N,B,C,A,A,H,-,A,D,0,,,,,Y,,A,01,0,0,1,0,0,0,0,0,0,"- ","- ",35.263179779052734,-120.64000701904297,"SAN LUIS OBISPO","SAN LUIS OBISPO",-120.64011383056641,35.26318359375
8809056,2019,2019-05-11,4008,2019-02-07,0955,2113,,4,5,4,4008,0,0,0,,0,,"CURBARIL AV","COROMAR AV",450.00,W,N,A,-,N,,,,,,,,,,N,3,0,1,2,A,-,03,22350,,N,C,E,A,A,H,-,A,D,0,,,,,Y,,A,08,0,1,0,0,0,0,0,0,0,"- ","- ",35.475570678710938,-120.66002655029297,"SAN LUIS OBISPO",ATASCADERO,-120.66138458251953,35.475189208984375
8811935,2019,2019-03-18,4002,2019-02-17,1245,790,,7,5,3,4002,0,0,0,,0,,"W GRAND AV","9TH ST",0.00,,Y,C,G,N,,,,,,,,,,Y,4,0,1,2,A,-,03,22350,,N,C,C,A,B,H,-,A,A,0,,,,,Y,,D,22,0,0,1,0,0,0,0,0,0,"- ","- ",,,"SAN LUIS OBISPO","GROVER BEACH",-120.62023162841797,35.121490478515625
8813778,2019,2019-05-08,4008,2019-02-15,0745,3125,,5,5,4,4008,0,0,0,,0,,"MORRO RD","CHOLARE RD",415.00,W,N,A,-,Y,SLO,5,41,-,-,10.820,H,-,N,Y,4,0,1,1,A,-,03,22350,,N,E,I,A,C,H,-,A,D,0,,,,,Y,,D,22,0,0,1,0,0,0,0,0,0,"- ","- ",35.45880126953125,-120.72576141357422,"SAN LUIS OBISPO",ATASCADERO,-120.72456359863281,35.459026336669922
8814008,2019,2019-08-08,4006,2019-06-09,1337,22467,,7,5,4,4006,0,0,0,,0,,GRAND,LOOMIS,0.00,,Y,A,-,N,,,,,,,,,,Y,3,0,2,2,A,-,09,21801,A,N,D,C,A,A,H,-,A,D,0,,,,,Y,,A,07,0,2,0,0,0,0,0,0,0,"- ","- ",35.292400360107422,-120.65306854248047,"SAN LUIS OBISPO","SAN LUIS OBISPO",-120.65328979492188,35.292381286621094
8814881,2019,2019-03-07,4008,2019-02-13,1154,3125,,3,5,4,4008,0,0,0,,0,,"EL CAMINO REAL","MUSSELMAN DR",0.00,,Y,C,-,N,,,,,,,,,,N,4,0,1,3,A,-,03,22350,,N,C,C,A,B,H,-,A,A,0,,,,,Y,,A,07,0,0,1,0,0,0,0,0,0,"- ","- ",35.461280822753906,-120.64460754394531,"SAN LUIS OBISPO",ATASCADERO,-120.64459228515625,35.461250305175781
8814885,2019,2019-03-07,4008,2019-02-05,1627,2030,,2,5,4,4008,0,0,0,,0,,"WEST FRONT RD","SANTA ROSA RD W",29.00,N,N,A,-,N,,,,,,,,,,N,4,0,1,2,A,-,03,22350,,N,C,C,A,A,H,-,A,A,0,,,,,Y,,A,01,0,0,1,0,0,0,0,0,0,"- ","- ",35.465469360351562,-120.65196990966797,"SAN LUIS OBISPO",ATASCADERO,-120.65206146240234,35.465530395507812
8814893,2019,2019-03-07,4008,2019-02-23,1432,2112,,6,5,4,4008,0,0,0,,0,,"EL CAMINO REAL","SAN BENITO RD",301.00,N,N,A,-,N,,,,,,,,,,Y,4,0,1,3,A,-,08,22107,,N,B,E,A,A,H,-,A,D,0,,,,,Y,,A,01,0,0,1,0,0,0,0,0,0,"- ","- ",35.507118225097656,-120.69281768798828,"SAN LUIS OBISPO",ATASCADERO,-120.6934814453125,35.507740020751953
8815469,2019,2019-03-12,4006,2019-01-16,1940,68370,,3,5,4,4006,0,0,0,,0,,"MADONNA RD","LOS OSOS VALLEY RD",10.00,N,N,C,-,N,,,,,,,,,,Y,4,0,1,3,A,-,03,22350,,N,E,E,A,B,H,-,C,D,0,,,,,Y,,A,01,0,0,1,0,0,0,0,0,0,"- ","- ",,,"SAN LUIS OBISPO","SAN LUIS OBISPO",-120.69074249267578,35.256641387939453
8815704,2019,2019-03-13,4008,2019-02-19,0151,3013,,2,5,4,4008,0,0,0,,0,,"SANTA ROSA RD","LAKE VIEW DR",350.00,W,N,A,-,N,,,,,,,,,,Y,3,0,1,1,A,-,01,23152,B,N,F,I,A,A,H,-,D,D,0,,,,,Y,Y,A,07,0,1,0,0,0,0,0,0,0,"- ","- ",35.461898803710938,-120.66346740722656,"SAN LUIS OBISPO",ATASCADERO,-120.66454315185547,35.461597442626953
8821152,2019,2019-03-22,4001,2019-02-13,0745,P0146,463,3,5,3,4001,0,0,0,,0,OPERAT,"EAST GRAND AV","RT 101",14.00,W,N,B,C,N,,,,,,,,,,Y,4,0,1,2,A,-,04,21703,,N,C,C,A,B,H,-,A,A,0,,,,,Y,,A,01,0,0,1,0,0,0,0,0,0,"- ","- ",,,"SAN LUIS OBISPO","ARROYO GRANDE",-120.65328979492188,35.291969299316406
8821156,2019,2019-03-22,4001,2019-02-23,1634,P0114,463,6,5,3,4001,0,0,0,,0,OPERAT,"N HALCYON RD","EAST GRAND AV",0.00,,Y,A,-,N,,,,,,,,,,Y,3,0,2,2,A,-,09,21453,C,N,D,C,A,A,H,-,A,A,0,,,,,Y,Y,A,01,0,2,0,0,0,0,0,0,0,"- ","- ",,,"SAN LUIS OBISPO","ARROYO GRANDE",-120.59158325195312,35.118698120117188
8826836,2019,2019-03-27,4004,2019-03-08,0802,1382,,5,5,3,4004,0,0,0,,0,413,"BEECHWOOD DR","SILVER OAK DR",302.00,N,N,A,-,N,,,,,,,,,,,4,0,1,2,A,-,11,21950,B,N,G,B,D,A,H,-,A,D,0,Y,,,,Y,,N,60,0,0,1,0,1,0,0,0,0,"- ","- ",,,"SAN LUIS OBISPO","PASO ROBLES",-120.65449523925781,35.599689483642578
8827383,2019,2019-04-04,4006,2019-02-13,0817,62657,,3,5,4,4006,0,0,0,,0,,MARSH,"SANTA ROSA",0.00,,Y,A,-,N,,,,,,,,,,Y,4,0,2,3,A,-,12,21453,A,N,D,C,A,B,H,-,A,A,0,,,,,Y,,A,01,0,0,2,0,0,0,0,0,0,"- ","- ",35.281150817871094,-120.65875244140625,"SAN LUIS OBISPO","SAN LUIS OBISPO",-120.65869140625,35.281238555908203
8829232,2019,2019-04-16,4006,2019-03-15,2500,68370,,5,5,4,4006,0,0,0,,0,,TORO,MONTEREY,3.00,S,N,A,-,N,,,,,,,,,,N,3,0,1,2,A,-,09,21802,A,N,D,G,A,A,H,-,C,D,0,,Y,,,Y,,A,01,0,1,0,0,0,0,1,0,0,"- ","- ",35.283439636230469,-120.35862731933594,"SAN LUIS OBISPO","SAN LUIS OBISPO",-120.65858459472656,35.283405303955078
8829236,2019,2019-04-16,4006,2019-03-18,1819,30311,,1,5,4,4006,0,0,0,,0,,CALIFORNIA,STAFFORD,0.00,,Y,A,-,N,,,,,,,,,,N,3,0,1,2,A,-,08,22107,,N,B,G,A,A,H,-,A,-,0,,Y,,,Y,,L,04,0,1,0,0,0,0,1,0,0,"- ","- ",35.292251586914062,-120.66136932373047,"SAN LUIS OBISPO","SAN LUIS OBISPO",-120.66126251220703,35.292018890380859
8832801,2019,2019-04-12,4006,2019-02-22,1044,77891,,5,5,4,4006,0,0,0,,0,,PEACH,TORO,160.00,E,N,A,-,N,,,,,,,,,,Y,3,0,2,2,A,-,09,21804,A,N,A,C,A,A,H,-,A,D,0,,,,,Y,,D,22,0,1,1,0,0,0,0,0,0,"- ","- ",35.286228179931641,-120.66024780273438,"SAN LUIS OBISPO","SAN LUIS OBISPO",-120.66039276123047,35.286205291748047
8832813,2019,2019-05-17,4006,2019-03-17,1345,68099,,7,5,4,4006,0,0,0,,0,,"SANTA ROSA",OAK,200.00,N,N,A,-,N,,,,,,,,,,N,4,0,1,4,A,-,03,22350,,N,C,C,A,A,H,-,A,A,0,,,,Y,Y,,F,21,0,0,1,0,0,0,0,0,0,"- ","- ",35.289630889892578,-120.66609954833984,"SAN LUIS OBISPO","SAN LUIS OBISPO",-120.66607666015625,35.289569854736328
8833105,2019,2019-04-10,4006,2019-02-26,2020,59980,,2,5,4,4006,0,0,0,,0,,"S HIGUERA","LOS OSOS VALLEY RD",0.00,,Y,A,-,N,,,,,,,,,,Y,4,0,2,2,A,-,08,22107,,N,A,C,A,A,H,-,C,A,0,,,,,Y,,A,01,0,0,2,0,0,0,0,0,0,"- ","- ",33.242000579833984,-120.67659759521484,"SAN LUIS OBISPO","SAN LUIS OBISPO",-120.67669677734375,35.242008209228516
8835545,2019,2019-04-12,4004,2019-03-12,1339,1208,,2,5,3,4004,0,0,0,,0,,"PINE ST","9TH ST",66.00,N,N,A,-,N,,,,,,,,,,N,3,0,1,2,B,-,22,,,N,G,B,E,A,H,-,A,D,0,Y,,,,Y,,N,60,0,1,0,0,1,0,0,0,0,"- ","- ",,,"SAN LUIS OBISPO","PASO ROBLES",-120.68863677978516,35.6239013671875
8835599,2019,2019-04-10,4005,2019-03-04,1328,P103,12,1,5,2,4005,0,0,0,,0,,"JAMES WY","CREST DR",0.00,,Y,A,-,N,,,,,,,,,,Y,4,0,1,2,A,-,09,21801,A,N,D,C,A,A,H,-,A,A,0,,,,,Y,,A,01,0,0,1,0,0,0,0,0,0,"- ","- ",,,"SAN LUIS OBISPO","PISMO BEACH",-120.60809326171875,35.134681701660156
8836096,2019,2019-04-25,4005,2019-02-15,1820,P109,5,5,5,2,4005,0,0,0,,0,,"DOLLIVER ST","HOLLISTER AV",22.00,N,N,C,-,N,,,,,,,,,,Y,4,0,1,2,A,-,01,23152,B,N,B,E,A,B,H,-,C,D,0,,,,,Y,Y,A,01,0,0,1,0,0,0,0,0,0,"- ","- ",,,"SAN LUIS OBISPO","PISMO BEACH",-120.64308166503906,35.14263916015625
8836621,2019,2019-04-17,4004,2019-03-15,1642,1306,,5,5,3,4004,0,0,0,,0,,"AIRPORT RD","BUENA VISTA DR",0.00,,Y,A,-,N,,,,,,,,,,,4,0,1,2,A,-,09,21800,A,M,D,C,A,A,H,-,A,D,0,,,,,Y,,-,,0,0,1,0,0,0,0,0,0,"- ","- ",,,"SAN LUIS OBISPO","PASO ROBLES",-120.64086151123047,35.673820495605469