CASE_ID,ACCIDENT_YEAR,PROC_DATE,JURIS,COLLISION_DATE,COLLISION_TIME,OFFICER_ID,REPORTING_DISTRICT,DAY_OF_WEEK,CHP_SHIFT,POPULATION,CNTY_CITY_LOC,SPECIAL_COND,BEAT_TYPE,CHP_BEAT_TYPE,CITY_DIVISION_LAPD,CHP_BEAT_CLASS,BEAT_NUMBER,PRIMARY_RD,SECONDARY_RD,DISTANCE,DIRECTION,INTERSECTION,WEATHER_1,WEATHER_2,STATE_HWY_IND,CALTRANS_COUNTY,CALTRANS_DISTRICT,STATE_ROUTE,ROUTE_SUFFIX,POSTMILE_PREFIX,POSTMILE,LOCATION_TYPE,RAMP_INTERSECTION,SIDE_OF_HWY,TOW_AWAY,COLLISION_SEVERITY,NUMBER_KILLED,NUMBER_INJURED,PARTY_COUNT,PRIMARY_COLL_FACTOR,PCF_CODE_OF_VIOL,PCF_VIOL_CATEGORY,PCF_VIOLATION,PCF_VIOL_SUBSECTION,HIT_AND_RUN,TYPE_OF_COLLISION,MVIW,PED_ACTION,ROAD_SURFACE,ROAD_COND_1,ROAD_COND_2,LIGHTING,CONTROL_DEVICE,CHP_ROAD_TYPE,PEDESTRIAN_ACCIDENT,BICYCLE_ACCIDENT,MOTORCYCLE_ACCIDENT,TRUCK_ACCIDENT,NOT_PRIVATE_PROPERTY,ALCOHOL_INVOLVED,STWD_VEHTYPE_AT_FAULT,CHP_VEHTYPE_AT_FAULT,COUNT_SEVERE_INJ,COUNT_VISIBLE_INJ,COUNT_COMPLAINT_PAIN,COUNT_PED_KILLED,COUNT_PED_INJURED,COUNT_BICYCLIST_KILLED,COUNT_BICYCLIST_INJURED,COUNT_MC_KILLED,COUNT_MC_INJURED,PRIMARY_RAMP,SECONDARY_RAMP,LATITUDE,LONGITUDE,COUNTY,CITY,POINT_X,POINT_Y
8837187,2019,2019-05-20,4003,2019-02-22,0954,L3701,2,5,5,2,4003,0,0,0,,0,001,"EMBARCADERO RD","PACIFIC ST",12.00,N,N,A,-,N,,,,,,,,,,N,3,0,1,2,A,-,11,21954,A,N,D,B,E,A,H,-,A,A,0,Y,,,,Y,,N,60,0,1,0,0,1,0,0,0,0,"- ","- ",,,"SAN LUIS OBISPO","MORRO BAY",-120.85293579101562,35.364971160888672
8838000,2019,2019-08-22,4006,2019-02-26,0959,30311,,2,5,4,4006,0,0,0,,0,,"SANTA ROSA N","HIGHLAND DR",0.00,,Y,A,-,Y,SLO,5,1,-,-,17.800,I,5,N,Y,3,0,2,2,A,-,09,21453,C,N,A,C,A,A,H,-,A,A,0,,,,,Y,,A,01,0,1,1,0,0,0,0,0,0,"- ","- ",35.298511505126953,-120.57382202148438,"SAN LUIS OBISPO","SAN LUIS OBISPO",-120.67379760742188,35.298500061035156
8838155,2019,2019-05-31,4008,2019-03-21,1514,3125,,4,5,4,4008,0,0,0,,0,,"MORRO RD","ATASCADERO AV",287.00,W,N,B,-,Y,SLO,5,41,-,-,15.520,H,-,N,Y,3,0,1,3,A,-,03,22350,,N,C,C,A,A,H,-,A,A,0,,,,,Y,,A,01,0,1,0,0,0,0,0,0,0,"- ","- ",35.480770111083984,-120.66655731201172,"SAN LUIS OBISPO",ATASCADERO,-120.66665649414062,35.479949951171875
8838159,2019,2019-05-31,4008,2019-03-22,2350,5151,,5,5,4,4008,0,0,0,,0,,"MORRO RD","ATASCADERO AV",400.00,E,N,A,-,Y,SLO,5,41,-,-,15.650,H,-,N,Y,4,0,3,3,A,-,01,23153,A,N,B,C,A,A,H,-,C,D,0,,,,,Y,Y,A,01,0,0,3,0,0,0,0,0,0,"- ","- ",35.480770111083984,-120.66655731201172,"SAN LUIS OBISPO",ATASCADERO,-120.66611480712891,35.4818115234375
8838767,2019,2019-05-02,4005,2019-01-21,1704,P110,2,1,5,2,4005,0,0,0,,0,,"SHELL BEACH RD","SILVER SHOALS DR",70.00,S,N,A,-,N,,,,,,,,,,N,4,0,1,2,A,-,03,22350,,N,C,C,A,A,H,-,A,D,0,,,,,Y,,A,01,0,0,1,0,0,0,0,0,0,"- ","- ",,,"SAN LUIS OBISPO","PISMO BEACH",-120.69231414794922,35.168624877929688
8846517,2019,2019-08-27,4005,2019-04-15,0552,P112,5,1,5,2,4005,0,0,0,,0,,POMEROY,DOLLIVER,0.00,,Y,E,-,Y,SLO,5,1,-,-,15.580,I,5,S,Y,4,0,1,2,A,-,08,22107,,N,D,C,A,A,H,-,B,A,0,,,,,Y,,A,01,0,0,1,0,0,0,0,0,0,"- ","- ",,,"SAN LUIS OBISPO","PISMO BEACH",-120.641357421875,35.140594482421875
8847602,2019,2019-05-02,4006,2019-03-22,1731,50580,,5,5,4,4006,0,0,0,,0,,BROAD,"TANK FARM",0.00,,Y,A,-,N,,,,,,,,,,N,4,0,1,2,A,-,03,22350,,M,C,C,A,A,H,-,A,A,0,,,,,Y,,-,,0,0,1,0,0,0,0,0,0,"- ","- ",35.248130798339844,-120.64286041259766,"SAN LUIS OBISPO","SAN LUIS OBISPO",-120.64302062988281,35.248348236083984
8850389,2019,2019-05-01,4008,2019-04-04,2046,3113,,4,5,4,4008,0,0,0,,0,,"TRAFFIC WY","OLMEDA AV",0.00,,Y,A,-,N,,,,,,,,,,Y,4,0,1,2,D,-,00,,,N,D,C,A,A,H,-,D,A,0,,,,,Y,,-,"- ",0,0,1,0,0,0,0,0,0,"- ","- ",35.492538452148438,-120.66826629638672,"SAN LUIS OBISPO",ATASCADERO,-120.66822052001953,35.492549896240234
8853015,2019,2019-05-01,4001,2019-03-28,2001,P0108,462,4,5,3,4001,0,0,0,,0,OPERAT,"LA CANADA","ASILO ST",307.00,S,N,A,-,N,,,,,,,,,,Y,4,0,1,2,A,-,08,22107,,N,E,I,A,A,H,-,C,D,0,,,,,Y,,A,01,0,0,1,0,0,0,0,0,0,"- ","- ",,,"SAN LUIS OBISPO","ARROYO GRANDE",-120.58832550048828,35.138572692871094
8854942,2019,2019-05-09,4006,2019-04-05,1625,68370,,5,5,4,4006,0,0,0,,0,,FOOTHILL,FERRINI,383.00,W,N,A,-,N,,,,,,,,,,Y,3,0,2,2,A,-,09,21804,A,N,A,C,A,A,H,-,A,D,0,,,,,Y,,A,01,0,1,1,0,0,0,0,0,0,"- ","- ",35.29412841796875,-120.67520141601562,"SAN LUIS OBISPO","SAN LUIS OBISPO",-120.67522430419922,35.294116973876953
8856660,2019,2019-05-16,4008,2019-04-23,1753,3125,,2,5,4,4008,0,0,0,,0,,"CURBARIL AV","SOMBRILLA AV",0.00,,Y,A,-,N,,,,,,,,,,N,4,0,1,2,A,-,09,21802,A,F,D,C,A,A,H,-,A,A,0,,,,,Y,,-,,0,0,1,0,0,0,0,0,0,"- ","- ",35.482269287109375,-120.6536865234375,"SAN LUIS OBISPO",ATASCADERO,-120.65371704101562,35.482231140136719
8860929,2019,2019-05-17,4001,2019-04-05,2330,P090,46-2,5,5,3,4001,0,0,0,,0,OPERA,"RANCHO PKWY","JAMES WY",0.00,,Y,A,-,N,,,,,,,,,,Y,3,0,1,1,A,-,01,23152,A,M,E,I,A,A,H,-,C,D,0,,,,,Y,Y,A,01,0,1,0,0,0,0,0,0,0,"- ","- ",,,"SAN LUIS OBISPO","ARROYO GRANDE",-120.58757019042969,35.135509490966797
8860945,2019,2019-05-17,4001,2019-04-29,1516,P0139,46-3,1,5,3,4001,0,0,0,,0,OPERAT,"SOUTH ELM ST","LANCASTER ST",163.00,S,N,A,-,N,,,,,,,,,,Y,4,0,2,2,A,-,05,21650,A,N,A,D,A,A,H,-,A,D,0,,,,,Y,,A,01,0,0,2,0,0,0,0,0,0,"- ","- ",,,"SAN LUIS OBISPO","ARROYO GRANDE",-120.60061645507812,35.107833862304688
8860949,2019,2019-05-17,4001,2019-04-01,1618,P0131,46-3,1,5,3,4001,0,0,0,,0,OPERAT,"EAST GRAND AV","ELM ST",0.00,,Y,A,-,N,,,,,,,,,,N,2,0,1,2,A,-,10,21950,A,N,G,B,B,A,H,-,A,A,0,Y,,,,Y,,A,01,1,0,0,0,1,0,0,0,0,"- ","- ",,,"SAN LUIS OBISPO","ARROYO GRANDE",-120.60044860839844,35.120529174804688
8861302,2019,2019-05-21,4006,2019-04-26,1722,22467,,5,5,4,4006,0,0,0,,0,,BROAD,INDUSTRIAL,0.00,,Y,A,-,N,,,,,,,,,,N,4,0,1,2,A,-,03,22350,,N,C,C,A,A,H,-,A,D,0,,,,,Y,,A,01,0,0,1,0,0,0,0,0,0,"- ","- ",35.250720977783203,-120.64443969726562,"SAN LUIS OBISPO","SAN LUIS OBISPO",-120.64459228515625,35.2510986328125
8861310,2019,2019-05-21,4006,2019-04-11,1358,80908,,4,5,4,4006,0,0,0,,0,,HIGUERA,SOUTH,0.00,,Y,A,-,N,,,,,,,,,,N,4,0,1,2,A,-,12,21453,A,N,D,G,A,A,H,-,A,A,0,,Y,,,Y,,L,04,0,0,1,0,0,0,1,0,0,"- ","- ",35.269561767578125,-120.67017364501953,"SAN LUIS OBISPO","SAN LUIS OBISPO",-120.67028045654297,35.269550323486328
8873899,2019,2019-06-12,4006,2019-05-15,1022,62657,,3,5,4,4006,0,0,0,,0,,HIGUERA,OSOS,0.00,,Y,A,-,N,,,,,,,,,,Y,4,0,1,2,A,-,12,21453,A,N,D,C,A,A,H,-,A,A,0,,,,,Y,,D,22,0,0,1,0,0,0,0,0,0,"- ","- ",35.281169891357422,-120.6607666015625,"SAN LUIS OBISPO","SAN LUIS OBISPO",-120.66078186035156,35.281158447265625
8873907,2019,2019-06-12,4006,2019-05-09,1608,80908,,4,5,4,4006,0,0,0,,0,,"SANTA ROSA",HIGHLAND,1300.00,S,N,A,-,N,,,,,,,,,,Y,3,0,1,1,A,-,22,23123,5,N,E,I,A,A,H,-,A,A,0,,,,,Y,,D,22,0,1,0,0,0,0,0,0,0,"- ","- ",35.296348571777344,-120.66999816894531,"SAN LUIS OBISPO","SAN LUIS OBISPO",-120.67044830322266,35.296348571777344
8873911,2019,2019-06-12,4006,2019-05-06,1308,16380,,1,5,4,4006,0,0,0,,0,,BROAD,HIGUERA,0.00,,Y,A,-,N,,,,,,,,,,N,4,0,1,2,A,-,10,21950,A,N,G,B,B,A,H,-,A,A,0,Y,,,,Y,,D,22,0,0,1,0,1,0,0,0,0,"- ","- ",35.278820037841797,-120.66454315185547,"SAN LUIS OBISPO","SAN LUIS OBISPO",-120.66449737548828,35.278911590576172
8873919,2019,2019-06-12,4006,2019-05-15,1345,80908,,3,5,4,4006,0,0,0,,0,,HIGUERA,MARGARITA,790.00,N,N,A,-,N,,,,,,,,,,Y,4,0,2,2,A,-,08,22100,B,N,F,C,A,A,H,-,A,D,0,,,,,Y,,D,22,0,0,2,0,0,0,0,0,0,"- ","- ",35.259361267089844,-120.66873931884766,"SAN LUIS OBISPO","SAN LUIS OBISPO",-120.66874694824219,35.259212493896484
8873968,2019,2019-06-13,4006,2019-04-29,0049,65419,,1,5,4,4006,0,0,0,,0,,"TANK FARM","RIGHETTE RANCH",600.00,W,N,C,-,N,,,,,,,,,,N,3,0,2,1,A,-,01,23152,A,N,E,I,A,B,H,-,C,D,0,,,,,Y,Y,A,01,0,1,1,0,0,0,0,0,0,"- ","- ",35.150890350341797,-120.37523651123047,"SAN LUIS OBISPO","SAN LUIS OBISPO",,
8873972,2019,2019-06-11,4006,2019-04-26,2235,77891,,5,5,4,4006,0,0,0,,0,,CALIFORNIA,HIGUERA,0.00,,Y,A,-,N,,,,,,,,,,N,3,0,1,2,A,-,10,21950,A,N,G,B,D,A,H,-,D,D,0,Y,,,,Y,Y,A,01,0,1,0,0,1,0,0,0,0,"- ","- ",35.385269165039062,-120.65384674072266,"SAN LUIS OBISPO","SAN LUIS OBISPO",-120.65396881103516,35.285411834716797
8874897,2019,2019-08-27,4008,2019-05-13,1112,3125,,1,5,4,4008,0,0,0,,0,,"MORRO RD","MORRO RD 6305",199.00,W,N,A,-,Y,SLO,5,41,-,-,15.810,H,-,S,Y,3,0,2,2,A,-,09,21804,A,N,D,C,A,A,H,-,A,D,0,,,,,Y,,A,07,0,1,1,0,0,0,0,0,0,"- ",SO,35.484859466552734,-120.66522216796875,"SAN LUIS OBISPO",ATASCADERO,-120.66545104980469,35.484100341796875
8877849,2019,2019-06-24,4004,2019-05-23,0751,1208,,4,5,3,4004,0,0,0,,0,,"NIBLICK RD","SPRING ST",225.00,E,N,B,-,N,,,,,,,,,,Y,4,0,4,2,A,-,03,22350,,N,C,C,A,A,H,-,A,D,0,,,,,Y,,A,01,0,0,4,0,0,0,0,0,0,"- ","- ",,,"SAN LUIS OBISPO","PASO ROBLES",-120.68970489501953,35.615230560302734
8879100,2019,2019-06-26,4006,2019-05-20,1447,18926,,1,5,4,4006,0,0,0,,0,,CAUDILL,BROAD,0.00,,Y,A,-,N,,,,,,,,,,Y,4,0,1,2,A,-,09,21802,A,N,D,C,A,A,H,-,A,A,0,,,,,Y,,D,22,0,0,1,0,0,0,0,0,0,"- ","- ",,,"SAN LUIS OBISPO","SAN LUIS OBISPO",-120.65403747558594,35.266651153564453
8882850,2019,2019-07-10,4006,2019-05-31,1348,62657,,5,5,4,4006,0,0,0,,0,,HIGUERA,GARDEN,10.00,W,N,A,-,N,,,,,,,,,,N,3,0,1,2,A,-,08,22107,,N,B,G,A,A,H,-,A,A,0,,Y,,,Y,,L,04,0,1,0,0,0,0,1,0,0,"- ","- ",,,"SAN LUIS OBISPO","SAN LUIS OBISPO",-120.66361999511719,35.279441833496094
8882961,2019,2019-07-08,4006,2019-05-15,0452,82350,,3,5,4,4006,0,0,0,,0,,TANKFARM,"S HIGUERA",9.00,E,N,A,-,N,,,,,,,,,,,3,0,1,2,D,-,00,,,N,G,B,B,A,H,-,C,A,0,Y,,,,Y,,-,"- ",0,1,0,0,1,0,0,0,0,"- ","- ",35.144821166992188,-120.40247344970703,"SAN LUIS OBISPO","SAN LUIS OBISPO",-120.67368316650391,35.246799468994141
8882973,2019,2019-07-23,4006,2019-05-17,1313,22467,,5,5,4,4006,0,0,0,,0,,HIGUERA,PACIFIC,0.00,,Y,A,-,N,,,,,,,,,,N,4,0,1,2,A,-,06,21755,A,N,D,G,A,A,H,-,A,D,0,,Y,,,Y,,L,04,0,0,1,0,0,0,1,0,0,"- ","- ",35.273578643798828,-120.66945648193359,"SAN LUIS OBISPO","SAN LUIS OBISPO",-120.66954803466797,35.273578643798828
8885314,2019,2019-07-19,4001,2019-05-22,1430,P0114,"46 3",3,5,3,4001,0,0,0,,0,OPS,"HALCYON RD","THE PIKE",0.00,,Y,A,-,N,,,,,,,,,,Y,4,0,1,2,A,-,12,22450,,N,D,C,A,A,H,-,A,A,0,,,,,Y,,E,22,0,0,1,0,0,0,0,0,0,"- ","- ",,,"SAN LUIS OBISPO","ARROYO GRANDE",-120.59165191650391,35.106349945068359
8886250,2019,2019-07-17,4006,2019-06-13,1335,92874,,4,5,4,4006,0,0,0,,0,,"LOS OSOS VALLEY RD","AUTO PARK WY",350.00,N,N,A,-,N,,,,,,,,,,N,4,0,2,4,A,-,04,21703,,N,C,C,A,A,H,-,A,A,0,,,,,Y,,A,01,0,0,2,0,0,0,0,0,0,"- ","- ",35.250720977783203,-120.68589019775391,"SAN LUIS OBISPO","SAN LUIS OBISPO",-120.68588256835938,35.250591278076172
8886251,2019,2019-07-17,4006,2019-06-11,2200,48750,,2,5,4,4006,0,0,0,,0,,MEADOW,CAUDILL,50.00,N,N,A,-,N,,,,,,,,,,N,3,0,1,2,A,-,14,21201,D,N,B,G,A,A,H,-,C,D,0,,Y,,,Y,,L,04,0,1,0,0,0,0,1,0,0,"- ","- ",35.153968811035156,-120.39295196533203,"SAN LUIS OBISPO","SAN LUIS OBISPO",-120.65818786621094,35.266548156738281
8886253,2019,2019-07-17,4006,2019-06-15,1511,62657,,6,5,4,4006,0,0,0,,0,,ORCUTT,MCMILLAN,203.00,E,N,A,-,N,,,,,,,,,,Y,4,0,1,1,C,-,18,,,N,A,I,A,A,H,-,A,A,0,,,,,Y,,-,"- ",0,0,1,0,0,0,0,0,0,"- ","- ",35.261249542236328,-120.64734649658203,"SAN LUIS OBISPO","SAN LUIS OBISPO",-120.64749145507812,35.261329650878906
8886806,2019,2019-07-17,4002,2019-06-08,1751,093,108,6,5,3,4002,0,0,0,,0,,"N 14TH ST","BRIGHTON AV",0.00,,Y,A,-,N,,,,,,,,,,N,4,0,1,3,A,-,21,22106,,N,D,C,A,A,H,-,A,A,0,,,,,Y,,A,01,0,0,1,0,0,0,0,0,0,"- ","- ",,,"SAN LUIS OBISPO","GROVER BEACH",-120.61390686035156,35.123580932617188
8887181,2019,2019-07-17,4002,2019-06-17,1553,093,101,1,5,3,4002,0,0,0,,0,,"N 4TH ST","RAMONA AV",0.00,,Y,A,-,N,,,,,,,,,,N,4,0,1,3,A,-,01,23152,A,N,D,C,A,A,H,-,A,A,0,,,,,Y,Y,A,01,0,0,1,0,0,0,0,0,0,"- ","- ",,,"SAN LUIS OBISPO","GROVER BEACH",-120.6263427734375,35.122879028320312
8888322,2019,2019-07-22,4004,2019-03-20,2218,1353,2-7,3,5,3,4004,0,0,0,,0,002,"NIBLICK RD","SPRING ST",310.00,E,N,A,-,N,,,,,,,,,,N,2,0,1,2,C,-,18,,,N,G,B,E,A,H,-,C,D,0,Y,,,,Y,Y,-,"- ",1,0,0,0,1,0,0,0,0,"- ","- ",,,"SAN LUIS OBISPO","PASO ROBLES",-120.68941497802734,35.615230560302734
8892554,2019,2019-07-22,4001,2019-06-12,0900,P0115,46-1,3,5,3,4001,0,0,0,,0,OPERAT,"BRANCH MILL RD","NEWSOM SPRINGS RD",814.00,W,N,A,-,N,,,,,,,,,,Y,3,0,1,2,A,-,03,22350,,N,C,C,A,A,H,-,A,A,0,,,,,Y,,A,01,0,1,0,0,0,0,0,0,0,"- ","- ",,,"SAN LUIS OBISPO","ARROYO GRANDE",-120.55931854248047,35.120746612548828
8892764,2019,2019-08-06,4001,2019-06-06,2111,P0131,46-1,4,5,3,4001,0,0,0,,0,OPERAT,"E BRANCH ST","SHORT ST",0.00,,Y,A,-,N,,,,,,,,,,N,3,0,1,2,A,-,10,21950,A,N,G,B,B,A,H,-,C,A,0,Y,,,,Y,,A,01,0,1,0,0,1,0,0,0,0,"- ","- ",,,"SAN LUIS OBISPO","ARROYO GRANDE",-120.57765000000001,35.12397
8894105,2019,2019-07-11,4001,2019-05-15,1950,P0131,"46 3",3,5,3,4001,0,0,0,,0,OPERAT,"GRAND AV","JUNIPER ST",0.00,,Y,A,-,N,,,,,,,,,,N,4,0,2,2,A,-,09,21804,A,N,B,C,A,A,H,-,A,A,0,,,,,Y,,A,01,0,0,2,0,0,0,0,0,0,"- ","- ",,,"SAN LUIS OBISPO","ARROYO GRANDE",-120.60408782958984,35.120719909667969
8894111,2019,2019-07-15,4008,2019-06-20,1710,3125,,4,5,4,4008,0,0,0,,0,,"EL CAMINO REAL","SANTA ROSA RD",67.00,S,N,A,-,N,,,,,,,,,,N,4,0,1,2,A,-,03,22350,,N,C,C,A,A,H,-,A,A,0,,,,,Y,,A,01,0,0,1,0,0,0,0,0,0,"- ","- ",35.466781616210938,-120.64968109130859,"SAN LUIS OBISPO",ATASCADERO,-120.64942169189453,35.466712951660156
8894528,2019,2019-07-18,4006,2019-06-26,1710,80908,,3,5,4,4006,0,0,0,,0,,"TANK FARM",LONG,0.00,,Y,A,-,N,,,,,,,,,,Y,3,0,2,2,A,-,09,21802,A,N,D,C,A,A,H,-,A,A,0,,,,,Y,,D,22,0,1,1,0,0,0,0,0,0,"- ","- ",35.246799468994141,-120.67118835449219,"SAN LUIS OBISPO","SAN LUIS OBISPO",-120.671142578125,35.246810913085938
8897206,2019,2019-07-19,4006,2019-06-21,0627,67850,,5,5,4,4006,0,0,0,,0,,ARCHER,PACIFIC,9.00,E,N,B,-,N,,,,,,,,,,N,4,0,1,2,A,-,17,22517,,N,H,E,A,-,H,-,A,D,0,,Y,,,Y,,A,01,0,0,1,0,0,0,1,0,0,"- ","- ",35.274448394775391,-120.66866302490234,"SAN LUIS OBISPO","SAN LUIS OBISPO",-120.66846466064453,35.274211883544922
8900587,2019,2019-07-26,4006,2019-06-07,2500,S0809,,5,5,4,4006,0,0,0,,0,,"HIGHLAND DR","MOUNT BISHOP RD",0.00,,Y,A,-,N,,,,,,,,,,Y,3,0,1,1,A,-,01,23152,,N,E,I,A,A,H,-,B,A,0,,,,,Y,Y,-,,0,1,0,0,0,0,0,0,0,"- ","- ",35.180858612060547,-120.40039825439453,"SAN LUIS OBISPO","SAN LUIS OBISPO",-120.66786193847656,35.302459716796875
8902859,2019,2019-07-30,4006,2019-07-15,1824,15560,SLO,1,5,4,4006,0,0,0,,0,,"SANTA ROSA",MONTEREY,0.00,,Y,A,-,N,,,,,,,,,,Y,4,0,1,2,A,-,12,21453,A,N,D,C,A,A,H,-,A,D,0,,,,,Y,,-,,0,0,1,0,0,0,0,0,0,"- ","- ",35.282661437988281,-120.65991973876953,"SAN LUIS OBISPO","SAN LUIS OBISPO",-120.65995788574219,35.282600402832031
8903285,2019,2019-08-12,4008,2019-07-18,1800,3125,,4,5,4,4008,0,0,0,,0,,"EL CAMINO REAL",MORRO,558.00,S,N,A,-,N,,,,,,,,,,N,3,0,1,2,A,-,05,21650,1,F,H,G,A,A,H,-,A,D,0,,Y,,,Y,,L,04,0,1,0,0,0,0,1,0,0,"- ","- ",35.485130310058594,-120.66352844238281,"SAN LUIS OBISPO",ATASCADERO,-120.66350555419922,35.485149383544922
8903997,2019,2019-08-01,4004,2019-06-12,1607,1208,,3,5,3,4004,0,0,0,,0,,"CRESTON RD","LANA ST",35.00,N,N,A,-,N,,,,,,,,,,Y,4,0,1,2,A,-,03,22350,,N,C,C,A,A,H,-,A,D,0,,,,,Y,,A,07,0,0,1,0,0,0,0,0,0,"- ","- ",35.619800567626953,-120.65915679931641,"SAN LUIS OBISPO","PASO ROBLES",-120.65915679931641,35.619796752929688
8905685,2019,2019-08-07,4003,2019-05-16,1730,H9596,5,4,5,2,4003,0,0,0,,0,001,"SOUTH BAY BL","QUINTANA RD",0.00,,Y,B,-,N,,,,,,,,,,Y,3,0,1,2,A,-,09,21802,A,N,D,D,A,A,H,-,A,A,0,,,Y,,Y,,A,01,0,1,0,0,0,0,0,0,1,"- ","- ",,,"SAN LUIS OBISPO","MORRO BAY",-120.82428741455078,35.362178802490234
8905720,2019,2019-08-06,4003,2019-06-10,1241,N9704,3,1,5,2,4003,0,0,0,,0,001,"HARBOR ST","PINEY WY",245.00,E,N,A,-,N,,,,,,,,,,N,4,0,1,2,A,-,11,21954,A,N,G,B,D,A,H,-,A,D,0,Y,,,,Y,,N,60,0,0,1,0,1,0,0,0,0,"- ","- ",,,"SAN LUIS OBISPO","MORRO BAY",-120.84469604492188,35.366619110107422
8906748,2019,2019-08-01,4008,2019-06-17,0037,2113,,1,5,4,4008,0,0,0,,0,,"SYCAMORE RD","CURBARIL AV",2640.00,N,N,A,-,N,,,,,,,,,,Y,4,0,1,1,A,-,01,23153,A,N,E,I,A,A,H,-,C,D,0,,,,,Y,Y,A,01,0,0,1,0,0,0,0,0,0,"- ","- ",35.492259979248047,-120.64707183837891,"SAN LUIS OBISPO",ATASCADERO,-120.65247344970703,35.496505737304688
8908331,2019,2019-11-07,4008,2019-06-10,1546,4044,,1,5,4,4008,0,0,0,,0,,"MORRO RD","CURBARIL AV",1426.00,E,N,A,-,Y,SLO,5,41,-,-,15.380,H,-,N,N,4,0,1,3,A,-,03,22350,,N,C,C,A,A,H,-,A,D,0,,,,,Y,,A,01,0,0,1,0,0,0,0,0,0,"- ","- ",35.474220275878906,-120.66832733154297,"SAN LUIS OBISPO",ATASCADERO,-120.667236328125,35.477947235107422
8910876,2019,2021-06-02,4006,2019-12-04,0640,15913,,3,5,4,4006,0,0,0,,0,,"LOS OSOS VALLEY","CALLE JOAQUIN",0.00,,Y,C,-,N,,,,,,,,,,Y,1,1,0,2,A,-,11,21456,C,N,G,B,B,B,H,-,B,A,0,Y,,,,Y,,N,60,0,0,0,1,0,0,0,0,0,"- ","- ",,,"SAN LUIS OBISPO","SAN LUIS OBISPO",-120.68302917480469,35.246730804443359
8911038,2020,2022-06-18,4006,2020-02-11,2242,15913,,2,5,4,4006,0,0,0,,0,,"TANK FARM","OLD WINDMILL",602.00,E,N,A,-,N,,,,,,,,,,Y,1,1,1,2,A,-,11,21954,A,N,G,B,E,-,D,-,D,D,0,Y,,,,Y,Y,N,60,0,1,0,1,0,0,0,0,0,"- ","- ",,,"SAN LUIS OBISPO","SAN LUIS OBISPO",-120.66598510742188,35.246784210205078
8914291,2019,2019-08-19,4001,2019-07-19,2050,P0144,463,5,5,3,4001,0,0,0,,0,OPERAT,"EAST GRAND AV","JUNIPER ST",253.00,W,N,A,-,N,,,,,,,,,,Y,4,0,1,2,A,-,03,22350,,N,C,C,A,A,H,-,C,D,0,,,,,Y,,D,22,0,0,1,0,0,0,0,0,0,"- ","- ",,,"SAN LUIS OBISPO","ARROYO GRANDE",-120.60493469238281,35.120758056640625
8916201,2019,2019-08-19,4005,2019-07-05,1321,P107,6,5,5,2,4005,0,0,0,,0,,DOLLIVER,STIMSON,0.00,,Y,A,-,N,,,,,,,,,,N,4,0,1,2,A,-,09,21802,,N,D,C,A,A,H,-,A,D,0,,,,,Y,,D,22,0,0,1,0,0,0,0,0,0,"- ","- ",,,"SAN LUIS OBISPO","PISMO BEACH",-120.63986,35.139330000000001
8922531,2019,2019-09-05,4008,2019-08-21,1506,2114,,3,5,4,4008,0,0,0,,0,,"CURBARIL AV","COROMAR AV",16.00,W,N,A,-,N,,,,,,,,,,Y,3,0,2,2,A,-,03,22350,,N,C,C,A,A,H,-,A,D,0,,,,,Y,,A,01,0,1,1,0,0,0,0,0,0,"- ","- ",35.475570678710938,-120.66002655029297,"SAN LUIS OBISPO",ATASCADERO,-120.66008758544922,35.475719451904297
8924563,2019,2019-11-26,4004,2019-07-23,2242,1351,,2,5,3,4004,0,0,0,,0,,"BUENA VISTA DR","EXPERIMENTAL STATION RD",291.00,S,N,A,-,N,,,,,,,,,,,4,0,1,2,A,-,08,22107,,N,D,C,A,A,H,-,C,D,0,,,,,Y,,A,01,0,0,1,0,0,0,0,0,0,"- ","- ",35.646129608154297,-120.67239379882812,"SAN LUIS OBISPO","PASO ROBLES",-120.67220306396484,35.645420074462891
8925475,2019,2019-09-06,4004,2019-08-20,1007,1208,,2,5,3,4004,0,0,0,,0,,"NIBLICK RD","SPRING ST",975.00,E,N,A,-,N,,,,,,,,,,N,4,0,1,2,B,-,22,,,N,C,E,A,A,H,-,A,D,0,,Y,,,Y,,L,04,0,0,1,0,0,0,1,0,0,"- ","- ",35.615238189697266,-120.69051361083984,"SAN LUIS OBISPO","PASO ROBLES",-120.68881988525391,35.615219116210938
8931987,2019,2019-09-20,4005,2019-08-05,1800,P111,2,1,5,2,4005,0,0,0,,0,,MATTIE,VALENCIA,186.00,N,N,A,-,N,,,,,,,,,,Y,3,0,1,1,A,-,01,23152,A,N,E,I,A,A,H,-,A,D,0,,,Y,,Y,Y,C,03,0,1,0,0,0,0,0,0,1,"- ","- ",,,"SAN LUIS OBISPO","PISMO BEACH",-120.68079376220703,35.161819458007812
8932117,2019,2019-09-23,4006,2019-08-10,1137,92874,4006,6,5,4,4006,0,0,0,,0,,"LOS OSOS VALLEY RD","FROOM RANCH",0.00,,Y,A,-,N,,,,,,,,,,Y,4,0,1,2,A,-,09,21800,D,F,D,C,A,A,H,-,A,B,0,,,,,Y,,D,22,0,0,1,0,0,0,0,0,0,"- ","- ",35.252571105957031,-120.68765258789062,"SAN LUIS OBISPO","SAN LUIS OBISPO",-120.68763732910156,35.252529144287109