CASE_ID,ACCIDENT_YEAR,PROC_DATE,JURIS,COLLISION_DATE,COLLISION_TIME,OFFICER_ID,REPORTING_DISTRICT,DAY_OF_WEEK,CHP_SHIFT,POPULATION,CNTY_CITY_LOC,SPECIAL_COND,BEAT_TYPE,CHP_BEAT_TYPE,CITY_DIVISION_LAPD,CHP_BEAT_CLASS,BEAT_NUMBER,PRIMARY_RD,SECONDARY_RD,DISTANCE,DIRECTION,INTERSECTION,WEATHER_1,WEATHER_2,STATE_HWY_IND,CALTRANS_COUNTY,CALTRANS_DISTRICT,STATE_ROUTE,ROUTE_SUFFIX,POSTMILE_PREFIX,POSTMILE,LOCATION_TYPE,RAMP_INTERSECTION,SIDE_OF_HWY,TOW_AWAY,COLLISION_SEVERITY,NUMBER_KILLED,NUMBER_INJURED,PARTY_COUNT,PRIMARY_COLL_FACTOR,PCF_CODE_OF_VIOL,PCF_VIOL_CATEGORY,PCF_VIOLATION,PCF_VIOL_SUBSECTION,HIT_AND_RUN,TYPE_OF_COLLISION,MVIW,PED_ACTION,ROAD_SURFACE,ROAD_COND_1,ROAD_COND_2,LIGHTING,CONTROL_DEVICE,CHP_ROAD_TYPE,PEDESTRIAN_ACCIDENT,BICYCLE_ACCIDENT,MOTORCYCLE_ACCIDENT,TRUCK_ACCIDENT,NOT_PRIVATE_PROPERTY,ALCOHOL_INVOLVED,STWD_VEHTYPE_AT_FAULT,CHP_VEHTYPE_AT_FAULT,COUNT_SEVERE_INJ,COUNT_VISIBLE_INJ,COUNT_COMPLAINT_PAIN,COUNT_PED_KILLED,COUNT_PED_INJURED,COUNT_BICYCLIST_KILLED,COUNT_BICYCLIST_INJURED,COUNT_MC_KILLED,COUNT_MC_INJURED,PRIMARY_RAMP,SECONDARY_RAMP,LATITUDE,LONGITUDE,COUNTY,CITY,POINT_X,POINT_Y
8932250,2019,2019-09-27,4006,2019-08-10,1500,20008,SLO,6,5,4,4006,0,0,0,,0,,"MONTEREY ST","SANTA ROSA",8.00,W,N,A,-,N,,,,,,,,,,N,4,0,1,2,A,-,04,21703,,N,C,D,A,A,H,-,A,A,0,,,,,Y,,A,01,0,0,1,0,0,0,0,0,0,"- ","- ",35.282718658447266,-120.65988922119141,"SAN LUIS OBISPO","SAN LUIS OBISPO",-120.65998077392578,35.282588958740234
8932254,2019,2019-09-26,4006,2019-08-11,1417,68099,,7,5,4,4006,0,0,0,,0,,ELLA,JOHNSON,0.00,,Y,A,-,N,,,,,,,,,,Y,3,0,1,1,A,-,08,22107,,N,E,J,A,A,H,-,A,D,0,,,,,Y,,A,08,0,1,0,0,0,0,0,0,0,"- ","- ",35.277290344238281,-120.649169921875,"SAN LUIS OBISPO","SAN LUIS OBISPO",-120.64909362792969,35.277389526367188
8932262,2019,2019-09-17,4006,2019-08-11,1235,92874,4006,7,5,4,4006,0,0,0,,0,,MARSH,MORRO,140.00,W,N,A,-,N,,,,,,,,,,N,4,0,1,2,A,-,10,21950,A,N,G,B,C,A,H,-,A,A,0,Y,,,,Y,,A,08,0,0,1,0,1,0,0,0,0,"- ","- ",35.279579162597656,-120.66145324707031,"SAN LUIS OBISPO","SAN LUIS OBISPO",-120.66139984130859,35.279582977294922
8932311,2019,2019-09-16,4006,2019-08-26,1415,62657,,1,5,4,4006,0,0,0,,0,,"S HIGUERA",VACHELL,0.00,,Y,A,-,N,,,,,,,,,,N,4,0,1,2,D,-,00,,,N,B,G,A,A,H,-,A,A,0,,Y,,,Y,,-,"- ",0,0,1,0,0,0,1,0,0,"- ","- ",35.242931365966797,-120.67594146728516,"SAN LUIS OBISPO","SAN LUIS OBISPO",-120.67598724365234,35.243110656738281
8932648,2019,2019-09-16,4006,2019-07-24,1228,80908,,3,5,4,4006,0,0,0,,0,,"TANK FARM",LONG,0.00,,Y,A,-,N,,,,,,,,,,N,4,0,1,2,A,-,09,21801,A,N,D,G,A,-,H,-,A,A,0,,Y,,,Y,,A,07,0,0,1,0,0,0,1,0,0,"- ","- ",35.246719360351562,-120.67120361328125,"SAN LUIS OBISPO","SAN LUIS OBISPO",-120.671142578125,35.246810913085938
8936296,2019,2020-07-13,4006,2019-06-24,1851,90046,,1,5,4,4006,0,0,0,,0,,"LOS OSOS VALLEY RD","RT 101",0.00,,Y,A,-,Y,SLO,5,101,-,-,26.070,R,4,S,Y,3,0,1,2,A,-,12,21453,A,N,A,C,A,A,H,-,B,A,0,,,,,Y,,A,01,0,1,0,0,0,0,0,0,0,"- ",SF,35.245998382568359,-120.68299865722656,"SAN LUIS OBISPO","SAN LUIS OBISPO",-120.68101501464844,35.246822357177734
8937632,2019,2019-09-25,4006,2019-08-26,1405,80908,,1,5,4,4006,0,0,0,,0,,"TANK FARM",BROAD,487.00,W,N,A,-,N,,,,,,,,,,Y,3,0,3,2,A,-,00,21601,A,N,D,C,A,A,H,-,A,A,0,,,,,Y,,A,01,0,2,1,0,0,0,0,0,0,"- ","- ",35.247001647949219,-120.64469909667969,"SAN LUIS OBISPO","SAN LUIS OBISPO",-120.64450073242188,35.247787475585938
8937669,2019,2020-01-08,4004,2019-09-04,0658,1208,,3,5,3,4004,0,0,0,,0,,"RT 46 E","AIRPORT RD",0.00,,Y,A,-,Y,SLO,5,46,-,R,21.940,R,4,W,Y,4,0,1,2,A,-,09,21801,A,N,D,C,A,A,H,-,A,D,0,,,,,Y,,D,22,0,0,1,0,0,0,0,0,0,"- ","- ",35.644660949707031,-120.64330291748047,"SAN LUIS OBISPO","PASO ROBLES",-120.69644165039062,35.589462280273438
8937747,2019,2019-09-20,4001,2019-08-09,2333,P0150,461,5,5,3,4001,0,0,0,,0,OPERAT,"NELSON ST","NELSON ST 439",0.00,,Y,A,-,N,,,,,,,,,,N,4,0,1,2,A,-,08,22107,,N,C,C,A,A,H,-,C,D,0,,,,,Y,Y,A,01,0,0,1,0,0,0,0,0,0,"- ","- ",,,"SAN LUIS OBISPO","ARROYO GRANDE",-120.5742,35.123598999999999
8939251,2019,2019-12-24,4004,2019-11-18,0921,1349,,1,5,3,4004,0,0,0,,0,,"RT 46","BUENA VISTA DR",0.00,,Y,A,-,Y,SLO,5,46,-,-,30.513,I,5,W,Y,1,1,1,2,A,-,12,21453,A,N,D,C,A,A,H,-,A,A,0,,,,,Y,,A,07,0,0,1,0,0,0,0,0,0,"- ","- ",35.64447021484375,-120.67240905761719,"SAN LUIS OBISPO","PASO ROBLES",-120.67176818847656,35.644630432128906
8939427,2019,2021-05-24,4006,2019-11-09,1839,68370,,6,5,4,4006,0,0,0,,0,,HIGUERA,SOUTH,228.00,N,N,A,-,N,,,,,,,,,,N,1,1,0,2,A,-,11,21955,,N,G,B,D,A,H,-,C,D,0,Y,,,,Y,Y,N,60,0,0,0,1,0,0,0,0,0,"- ","- ",35.270378112792969,-120.67021942138672,"SAN LUIS OBISPO","SAN LUIS OBISPO",-120.67017364501953,35.270168304443359
8942029,2019,2020-01-31,4004,2019-09-03,2345,1349,,2,5,3,4004,0,0,0,,0,,"RT 46 E","RT 101",0.00,,Y,A,-,Y,SLO,5,46,-,-,29.812,I,5,E,Y,4,0,1,2,A,-,12,21453,A,N,D,C,A,A,H,-,C,A,0,,,,,Y,,D,22,0,0,1,0,0,0,0,0,0,"- ","- ",,,"SAN LUIS OBISPO","PASO ROBLES",-120.68355560302734,35.643028259277344
8945408,2019,2019-10-03,4004,2019-09-18,1408,1208,,3,5,3,4004,0,0,0,,0,,"SKYVIEW DR","UNION RD",0.00,,Y,A,-,N,,,,,,,,,,N,4,0,1,1,A,-,12,22450,A,N,E,I,A,A,A,-,A,A,0,,,,,Y,,D,22,0,0,1,0,0,0,0,0,0,"- ","- ",35.633121490478516,-120.67253875732422,"SAN LUIS OBISPO","PASO ROBLES",-120.67295074462891,35.63385009765625
8947372,2019,2019-10-07,4006,2019-05-18,1728,K1507,554,6,5,4,4006,0,0,0,,0,OHV264,"OCEANO DUNES SVRA",D,1320.00,E,N,A,-,N,,,,,,,,,,N,3,0,1,2,A,-,03,38305,,N,B,C,A,A,H,-,A,A,0,,,,,Y,,-,,0,1,0,0,0,0,0,0,0,"- ","- ",,,"SAN LUIS OBISPO","SAN LUIS OBISPO",,
8947721,2019,2020-01-31,4004,2019-09-22,0845,1349,,7,5,3,4004,0,0,0,,0,,"RT 46 E","RT 101",100.00,E,N,A,-,Y,SLO,5,46,-,-,29.830,H,-,W,Y,3,0,1,1,A,-,08,22107,,F,E,I,A,A,H,-,A,D,0,,,,,Y,,D,22,0,1,0,0,0,0,0,0,0,"- ","- ",,,"SAN LUIS OBISPO","PASO ROBLES",-120.68328857421875,35.643287658691406
8947737,2019,2019-10-16,4004,2019-09-28,1750,1351,,6,5,3,4004,0,0,0,,0,,"JARDINE RD","BEACON RD",716.00,N,N,A,-,N,,,,,,,,,,N,2,0,1,2,A,-,05,21460,A,N,D,C,A,A,H,-,A,D,0,,,,,Y,Y,D,22,1,0,0,0,0,0,0,0,0,"- ","- ",35.674198150634766,-120.60555267333984,"SAN LUIS OBISPO","PASO ROBLES",-120.60555267333984,35.676197052001953
8949284,2019,2019-10-17,4006,2019-08-26,1010,80908,,1,5,4,4006,0,0,0,,0,,HIGUERA,PRADO,50.00,S,N,A,-,N,,,,,,,,,,Y,2,0,1,2,C,-,18,,,N,C,C,A,A,H,-,A,A,0,,,,,Y,,-,"- ",1,0,0,0,0,0,0,0,0,"- ","- ",35.254379272460938,-120.66915893554688,"SAN LUIS OBISPO","SAN LUIS OBISPO",-120.66909027099609,35.254497528076172
8949469,2019,2019-11-05,4008,2019-10-03,0852,3125,,4,5,4,4008,0,0,0,,0,,"ATASCADERO AV","CURBARIL AV",1024.00,N,N,A,-,N,,,,,,,,,,Y,4,0,1,2,A,-,03,22350,,N,C,C,A,A,H,-,A,D,0,,,,,Y,,A,07,0,0,1,0,0,0,0,0,0,"- ","- ",35.474258422851562,-120.66532135009766,"SAN LUIS OBISPO",ATASCADERO,-120.66525268554688,35.477130889892578
8950016,2019,2019-10-24,4006,2019-09-13,1930,97574,SLO,5,5,4,4006,0,0,0,,0,,"LOS OSOS VALLEY RD",ROYAL,23.00,N,N,A,-,N,,,,,,,,,,N,4,0,2,2,A,-,01,23152,B,N,C,C,A,A,H,-,C,A,0,,,,,Y,Y,A,07,0,0,2,0,0,0,0,0,0,"- ","- ",35.258670806884766,-120.69267272949219,"SAN LUIS OBISPO","SAN LUIS OBISPO",-120.69261169433594,35.258655548095703
8953343,2019,2020-09-24,4004,2019-09-21,2310,1373,,6,5,3,4004,0,0,0,,0,,"RT 46","MILL RD",0.00,,Y,A,-,Y,SLO,5,46,-,-,32.650,I,5,E,Y,4,0,1,2,A,-,09,21801,A,N,D,C,A,A,H,-,C,A,0,,,,,Y,Y,A,01,0,0,1,0,0,0,0,0,0,"- ","- ",35.643730163574219,-120.63337707519531,"SAN LUIS OBISPO","PASO ROBLES",-120.63473510742188,35.645076751708984
8956047,2019,2019-10-24,4006,2019-09-15,1616,16380,,7,5,4,4006,0,0,0,,0,,"LOS OSOS VALLEY","CALLE JOAQUIN",0.00,,-,A,-,N,,,,,,,,,,Y,4,0,2,3,A,-,03,22350,,N,C,C,A,A,H,-,A,D,0,,,,,Y,,A,01,0,0,2,0,0,0,0,0,0,"- ","- ",,,"SAN LUIS OBISPO","SAN LUIS OBISPO",-120.68302917480469,35.246730804443359
8956371,2019,2019-11-08,4006,2019-09-26,0718,80908,,4,5,4,4006,0,0,0,,0,,"CRAIG WY",PATRICIA,40.00,E,N,A,-,N,,,,,,,,,,N,3,0,1,2,C,-,18,,,N,C,E,A,A,H,-,A,A,0,,,,,Y,,-,"- ",0,1,0,0,0,0,0,0,0,"- ","- ",35.295940399169922,-120.68328857421875,"SAN LUIS OBISPO","SAN LUIS OBISPO",-120.68351745605469,35.296268463134766
8956379,2019,2019-11-08,4006,2019-09-27,1535,80908,,5,5,4,4006,0,0,0,,0,,"LOS OSOS VALLEY RD","CALLE JOAQUIN",1093.00,W,N,A,-,N,,,,,,,,,,N,4,0,1,2,A,-,03,22350,,N,C,C,A,A,H,-,A,A,0,,,,,Y,,A,01,0,0,1,0,0,0,0,0,0,"- ","- ",,,"SAN LUIS OBISPO","SAN LUIS OBISPO",-120.68474578857422,35.249374389648438
8956684,2019,2019-10-21,4006,2019-09-30,1146,15560,SLO,1,5,4,4006,0,0,0,,0,CITY,OLIVE,"SANTA ROSA",125.00,W,N,A,-,N,,,,,,,,,,Y,2,0,2,2,A,-,08,22107,,F,A,C,A,A,H,-,A,D,0,,,,,Y,Y,A,01,1,1,0,0,0,0,0,0,0,"- ","- ",35.172000885009766,-120.39878082275391,"SAN LUIS OBISPO","SAN LUIS OBISPO",-120.66461944580078,35.287311553955078
8958449,2019,2019-10-25,4003,2019-07-22,1851,N9704,5,1,5,2,4003,0,0,0,,0,001,"SOUTH BAY BL","MORRO CREEK RD",55.00,S,N,B,-,N,,,,,,,,,,Y,4,0,1,1,A,-,03,22350,,N,F,J,A,A,H,-,A,D,0,,,,,Y,Y,D,22,0,0,1,0,0,0,0,0,0,"- ","- ",,,"SAN LUIS OBISPO","MORRO BAY",-120.82753753662109,35.352867126464844
8958678,2019,2019-11-04,4008,2019-09-12,0142,3113,,4,5,4,4008,0,0,0,,0,,"SANTA LUCIA RD","SANTA ANA RD",528.00,W,N,A,-,N,,,,,,,,,,Y,3,0,1,1,A,-,01,23152,A,N,E,I,A,A,H,-,D,D,0,,,,,Y,Y,D,22,0,1,0,0,0,0,0,0,0,"- ","- ",35.480739593505859,-120.70028686523438,"SAN LUIS OBISPO",ATASCADERO,-120.70203399658203,35.480621337890625
8959085,2019,2019-10-30,4008,2019-07-30,2138,1145,,2,5,4,4008,0,0,0,,0,,"EL CAMINO REAL","CURBARIL AV",75.00,S,N,A,-,N,,,,,,,,,,N,2,0,1,2,A,-,05,21650,1,N,H,G,A,A,H,-,C,D,0,,Y,,,Y,,L,04,1,0,0,0,0,0,1,0,0,"- ","- ",35.477569580078125,-120.65640258789062,"SAN LUIS OBISPO",ATASCADERO,-120.65615081787109,35.477336883544922
8962289,2019,2019-10-23,4001,2019-09-13,1713,P0106,46-3,5,5,3,4001,0,0,0,,0,,"EAST GRAND AV","SOUTH ELM ST",21.00,W,N,A,-,N,,,,,,,,,,N,4,0,2,4,A,-,03,22350,,N,C,C,A,A,H,-,A,A,0,,,,,Y,,A,07,0,0,2,0,0,0,0,0,0,"- ","- ",,,"SAN LUIS OBISPO","ARROYO GRANDE",-120.60051727294922,35.120532989501953
8963995,2019,2019-11-18,4008,2019-10-08,0812,3125,,2,5,4,4008,0,0,0,,0,,"SAN ANSELMO RD","MONTEREY RD",186.00,W,N,A,-,N,,,,,,,,,,Y,3,0,1,2,A,-,05,21650,,N,D,C,A,A,H,-,A,D,0,,,,,Y,,A,08,0,1,0,0,0,0,0,0,0,"- ","- ",35.495368957519531,-120.68447113037109,"SAN LUIS OBISPO",ATASCADERO,-120.68466949462891,35.49481201171875
8964439,2019,2020-09-14,4005,2019-09-14,1151,P090,6,6,5,2,4005,0,0,0,,0,,"PISMO BEACH PIER","STIMSON AV",18.00,E,N,A,-,Y,SLO,5,1,-,-,15.450,I,5,N,Y,4,0,1,2,A,-,09,21802,A,N,D,C,A,A,H,-,A,D,0,,,,,Y,,A,07,0,0,1,0,0,0,0,0,0,"- ","- ",,,"SAN LUIS OBISPO","PISMO BEACH",-120.63976287841797,35.139274597167969
8964653,2019,2020-09-14,4008,2019-09-19,1244,2133,,4,5,4,4008,0,0,0,,0,,"MORRO RD","SANTA ROSA RD",735.00,W,N,A,-,Y,SLO,5,41,-,-,14.380,H,-,N,Y,4,0,1,2,A,-,08,22100,A,N,B,C,A,A,H,-,A,D,0,,,,Y,Y,,F,26,0,0,1,0,0,0,0,0,0,"- ","- ",,,"SAN LUIS OBISPO",ATASCADERO,-120.67296600341797,35.464229583740234
8964657,2019,2020-09-14,4008,2019-09-12,1355,3125,,4,5,4,4008,0,0,0,,0,,"MORRO RD","OLD MORRO RD E",2762.00,W,N,A,-,Y,SLO,5,1,-,-,14.110,H,-,N,Y,4,0,1,2,A,-,05,21650,,N,E,I,A,A,H,-,A,D,0,,,,,Y,,A,01,0,0,1,0,0,0,0,0,0,"- ","- ",35.461971282958984,-120.67674255371094,"SAN LUIS OBISPO",ATASCADERO,-120.62985229492188,35.122119903564453
8964910,2019,2020-08-19,4001,2019-09-19,0920,P0106,46-3,4,5,3,4001,0,0,0,,0,OPERAT,"EAST GRAND AV","RT 101",25.00,E,N,A,-,Y,SLO,5,101,-,-,13.170,R,4,S,N,3,0,1,2,A,-,06,21760,C,N,B,G,A,A,H,-,A,A,0,,Y,,,Y,,A,07,0,1,0,0,0,0,1,0,0,"- ",SO,,,"SAN LUIS OBISPO","ARROYO GRANDE",-120.58385467529297,35.121307373046875
8970497,2019,2019-12-12,4005,2019-09-29,1559,P111,6,7,5,2,4005,0,0,0,,0,,"PRICE ST",HINDS,14.00,N,N,A,-,N,,,,,,,,,,N,4,0,1,2,D,-,00,,,M,C,C,A,A,H,-,A,A,0,,,,,Y,,-,"- ",0,0,1,0,0,0,0,0,0,"- ","- ",,,"SAN LUIS OBISPO","PISMO BEACH",-120.63924407958984,35.141029357910156
8970812,2019,2019-11-13,4005,2019-09-28,0856,P111,12,6,5,2,4005,0,0,0,,0,,"OAK PARK BL","JAMES WY",20.00,W,N,A,-,N,,,,,,,,,,N,4,0,1,2,B,-,22,,,N,C,C,A,A,H,-,A,A,0,,,,,Y,,A,01,0,0,1,0,0,0,0,0,0,"- ","- ",,,"SAN LUIS OBISPO","PISMO BEACH",-120.60530090332031,35.133926391601562
8972587,2019,2019-11-14,4003,2019-10-08,1432,C3670,5,2,5,2,4003,0,0,0,,0,001,"SOUTH BAY BL","STATE PARK RD",0.00,,Y,A,-,N,,,,,,,,,,Y,4,0,1,2,A,-,09,21801,A,N,C,C,A,A,H,-,A,A,0,,,Y,,Y,,A,01,0,0,1,0,0,0,0,0,1,"- ","- ",,,"SAN LUIS OBISPO","MORRO BAY",-120.82807922363281,35.355049133300781
8974342,2019,2020-01-31,4008,2019-09-20,1413,2133,,5,5,4,4008,0,0,0,,0,,"SANTA YSABEL AV","MORRO RD",10.00,S,N,A,-,Y,SLO,5,41,-,-,16.050,H,-,N,Y,4,0,1,3,A,-,03,22350,,N,C,C,A,A,H,-,A,A,0,,,,Y,Y,,A,01,0,0,1,0,0,0,0,0,0,"- ","- ",35.486099243164062,-120.66484832763672,"SAN LUIS OBISPO",ATASCADERO,-120.66448974609375,35.486919403076172
8975531,2019,2020-01-29,4001,2019-10-07,2005,P0143,46-3,1,5,3,4001,0,0,0,,0,OPERAT,"EAST GRAND AV","OAK PARK BL",0.00,,Y,A,-,N,,,,,,,,,,N,3,0,1,2,A,-,11,21954,A,N,G,B,C,A,H,-,C,D,0,Y,,,,Y,,N,60,0,1,0,0,1,0,0,0,0,"- ","- ",,,"SAN LUIS OBISPO","ARROYO GRANDE",-120.60917663574219,35.120960235595703
8975532,2019,2019-11-25,4001,2019-10-29,1128,P0144,46-2,2,5,3,4001,0,0,0,,0,OPERAT,"WEST BRANCH ST","RANCHO PKWY",19.00,E,N,A,-,N,,,,,,,,,,N,4,0,1,3,A,-,03,22350,,N,C,C,A,A,H,-,A,A,0,,,,,Y,,A,01,0,0,1,0,0,0,0,0,0,"- ","- ",,,"SAN LUIS OBISPO","ARROYO GRANDE",-120.59555053710938,35.125797271728516
8976513,2019,2019-12-03,4006,2019-10-04,1235,16380,,5,5,4,4006,0,0,0,,0,,"HIGUERA ST",MARGARITA,328.00,S,N,A,-,N,,,,,,,,,,Y,4,0,3,5,A,-,09,21804,A,N,B,C,A,A,H,-,A,D,0,,,,,Y,,A,01,0,0,3,0,0,0,0,0,0,"- ","- ",35.256301879882812,-120.66877746582031,"SAN LUIS OBISPO","SAN LUIS OBISPO",-120.66872406005859,35.256160736083984
8976639,2019,2019-12-02,4006,2019-10-07,1354,62657,,1,5,4,4006,0,0,0,,0,,"BROAD ST",FRANCIS,0.00,,Y,A,-,N,,,,,,,,,,N,3,0,1,2,A,-,09,21802,A,N,D,G,A,-,H,-,A,A,0,,Y,,,Y,,L,04,0,1,0,0,0,0,1,0,0,"- ","- ",35.265769958496094,-120.65332794189453,"SAN LUIS OBISPO","SAN LUIS OBISPO",-120.65334320068359,35.265758514404297
8977344,2019,2019-11-15,4008,2019-08-26,2143,3113,,1,5,4,4008,0,0,0,,0,,"EL CAMINO REAL","MORRO RD",427.00,N,N,A,-,N,,,,,,,,,,N,3,0,1,2,A,-,10,21950,A,N,G,B,C,A,H,-,C,A,0,Y,,,,Y,,A,01,0,1,0,0,1,0,0,0,0,"- ","- ",35.486099243164062,-120.66484832763672,"SAN LUIS OBISPO",ATASCADERO,-120.66593170166016,35.48699951171875
8979509,2019,2020-01-22,4008,2019-11-04,1222,3125,,1,5,4,4008,0,0,0,,0,,"EL CAMINO REAL","DEL RIO RD",1013.00,S,N,A,-,N,,,,,,,,,,Y,3,0,1,2,A,-,21,22106,,N,D,C,A,A,H,-,A,D,0,,,,Y,Y,,F,26,0,1,0,0,0,0,0,0,0,"- ","- ",35.513591766357422,-120.69770050048828,"SAN LUIS OBISPO",ATASCADERO,-120.69630432128906,35.511245727539062
8979867,2019,2019-11-26,4008,2019-10-19,1757,2113,,6,5,4,4008,0,0,0,,0,,"SAN FERNANDO RD","MONTEREY RD",2155.00,W,N,A,-,N,,,,,,,,,,Y,3,0,1,1,A,-,03,22350,,N,F,A,A,A,H,-,A,D,0,,,,,Y,,A,01,0,1,0,0,0,0,0,0,0,"- ","- ",35.510299682617188,-120.70420074462891,"SAN LUIS OBISPO",ATASCADERO,-120.70988464355469,35.509422302246094
8980242,2019,2019-12-06,4006,2019-10-08,1203,55150,,2,5,4,4006,0,0,0,,0,,MARSH,BEACH,153.00,W,N,A,-,N,,,,,,,,,,N,4,0,1,2,A,-,03,22350,,N,C,E,A,A,H,-,A,D,0,,Y,,Y,Y,Y,L,04,0,0,1,0,0,0,1,0,0,"- ","- ",35.163398742675781,-120.40000152587891,"SAN LUIS OBISPO","SAN LUIS OBISPO",-120.66681671142578,35.276317596435547
8980286,2019,2019-11-27,4006,2019-10-10,1409,55150,,4,5,4,4006,0,0,0,,0,,HIGUERA,PRADO,105.00,E,N,A,-,N,,,,,,,,,,N,4,0,2,2,A,-,03,22350,,N,C,C,A,A,H,-,A,A,0,,,,,Y,,A,01,0,0,2,0,0,0,0,0,0,"- ","- ",35.152801513671875,-120.40149688720703,"SAN LUIS OBISPO","SAN LUIS OBISPO",-120.66890716552734,35.254894256591797
8980289,2019,2019-12-02,4006,2019-10-30,0835,19810,,3,5,4,4006,0,0,0,,0,,GRAND,SLACK,466.00,S,N,A,-,N,,,,,,,,,,N,3,0,1,2,A,-,15,21201,A,N,D,G,A,A,H,-,A,D,0,,Y,,,Y,,L,04,0,1,0,0,0,0,1,0,0,"- ","- ",35.294639587402344,-120.65322113037109,"SAN LUIS OBISPO","SAN LUIS OBISPO",-120.65326690673828,35.294761657714844
8980382,2019,2019-12-06,4006,2019-10-08,0812,62657,,2,5,4,4006,0,0,0,,0,,CALIFORNIA,TAFT,0.00,,Y,A,-,N,,,,,,,,,,N,4,0,1,2,A,-,09,21801,A,N,D,G,A,A,H,-,A,A,0,,Y,,,Y,,A,01,0,0,1,0,0,0,1,0,0,"- ","- ",35.290950775146484,-120.66021728515625,"SAN LUIS OBISPO","SAN LUIS OBISPO",-120.66030120849609,35.290901184082031
8980390,2019,2019-12-05,4006,2019-10-18,1843,65419,,5,5,4,4006,0,0,0,,0,,"SANTA ROSA",MONTEREY,0.00,,Y,A,-,N,,,,,,,,,,Y,3,0,1,2,A,-,08,22107,,N,D,C,A,A,H,-,C,A,0,,,Y,,Y,,A,01,0,1,0,0,0,0,0,0,1,"- ","- ",35.165748596191406,-120.39359283447266,"SAN LUIS OBISPO","SAN LUIS OBISPO",-120.65995788574219,35.282600402832031
8980394,2019,2020-01-21,4006,2019-10-14,0907,62657,,1,5,4,4006,0,0,0,,0,,JOHNSON,LIZZIE,5.00,S,N,A,-,N,,,,,,,,,,N,3,0,1,2,A,-,03,22350,,N,B,G,A,A,H,-,A,A,0,,Y,,,Y,,L,04,0,1,0,0,0,0,1,0,0,"- ","- ",35.278968811035156,-120.65033721923828,"SAN LUIS OBISPO","SAN LUIS OBISPO",-120.65046691894531,35.278980255126953
8980828,2019,2019-12-21,4008,2019-10-23,1410,3125,,3,5,4,4008,0,0,0,,0,,"EL CAMINO REAL","SAN BENITO RD",0.00,,Y,A,-,N,,,,,,,,,,Y,4,0,3,2,A,-,09,21802,A,N,D,C,A,A,H,-,A,A,0,,,,,Y,,A,01,0,0,3,0,0,0,0,0,0,"- ","- ",35.507118225097656,-120.69281768798828,"SAN LUIS OBISPO",ATASCADERO,-120.69283294677734,35.507110595703125
8981154,2019,2020-09-14,4008,2019-11-12,1611,3125,,2,5,4,4008,0,0,0,,0,,"MORRO RD","OLD MORRO RD",225.00,E,N,A,-,Y,SLO,5,41,-,-,12.570,H,-,S,Y,4,0,1,1,A,-,03,22350,,N,F,A,A,A,H,-,A,D,0,,,,,Y,,D,22,0,0,1,0,0,0,0,0,0,"- ","- ",35.451229095458984,-120.69732666015625,"SAN LUIS OBISPO",ATASCADERO,-120.69792938232422,35.450702667236328
8984127,2019,2020-08-19,4001,2019-10-31,1712,P0147,46-1,4,5,3,4001,0,0,0,,0,OPERAT,"EAST GRAND AV","RT 101",0.00,,Y,A,-,Y,SLO,5,101,-,-,13.314,R,3,N,N,4,0,1,2,A,-,17,21208,A,N,E,G,A,A,H,-,A,A,0,,Y,,,Y,,L,04,0,0,1,0,0,0,1,0,0,"- ","- ",,,"SAN LUIS OBISPO","ARROYO GRANDE",-120.58594512939453,35.122161865234375
8985521,2019,2020-09-14,4008,2019-11-22,1551,2133,,5,5,4,4008,0,0,0,,0,,"SANTA BARBARA RD","SANTA BARBARA",30.00,W,N,A,-,Y,SLO,5,101,-,-,42.120,R,4,N,N,4,0,1,2,A,-,09,21802,A,N,D,C,A,A,H,-,A,A,0,,,,,Y,,A,01,0,0,1,0,0,0,0,0,0,"- ",NF,35.443580627441406,-120.6378173828125,"SAN LUIS OBISPO",ATASCADERO,-120.63787841796875,35.441394805908203
8985575,2019,2020-02-28,4003,2019-11-21,1359,P8431,4,4,5,2,4003,0,0,0,,0,001,"MORRO BAY BL","QUINTANA RD",0.00,,Y,A,-,Y,SLO,5,1,-,-,28.950,R,4,S,Y,3,0,1,2,D,-,00,,,N,B,C,A,A,H,-,A,A,0,,,,,Y,,-,"- ",0,1,0,0,0,0,0,0,0,"- ","- ",,,"SAN LUIS OBISPO","MORRO BAY",-120.84143829345703,35.368194580078125
8995690,2019,2019-12-31,4003,2019-11-13,1200,M5895,3,3,5,2,4003,0,0,0,,0,001,"MORRO BAY BL","SHASTA ST",134.00,W,N,A,-,N,,,,,,,,,,N,4,0,1,2,A,-,09,21804,A,N,D,C,A,A,H,-,A,D,0,,,,,Y,,A,01,0,0,1,0,0,0,0,0,0,"- ","- ",,,"SAN LUIS OBISPO","MORRO BAY",-120.84700775146484,35.365947723388672
8996967,2019,2020-02-04,4006,2019-10-14,1127,98137,,1,5,4,4006,0,0,0,,0,,BROAD,AEROVISTA,0.00,,N,A,-,N,,,,,,,,,,Y,2,0,3,2,A,-,09,21802,A,N,D,C,A,A,H,-,A,A,0,,,,,Y,,A,01,1,0,2,0,0,0,0,0,0,"- ","- ",35.243091583251953,-120.64002227783203,"SAN LUIS OBISPO","SAN LUIS OBISPO",-120.63992309570312,35.243110656738281