CASE_ID,ACCIDENT_YEAR,PROC_DATE,JURIS,COLLISION_DATE,COLLISION_TIME,OFFICER_ID,REPORTING_DISTRICT,DAY_OF_WEEK,CHP_SHIFT,POPULATION,CNTY_CITY_LOC,SPECIAL_COND,BEAT_TYPE,CHP_BEAT_TYPE,CITY_DIVISION_LAPD,CHP_BEAT_CLASS,BEAT_NUMBER,PRIMARY_RD,SECONDARY_RD,DISTANCE,DIRECTION,INTERSECTION,WEATHER_1,WEATHER_2,STATE_HWY_IND,CALTRANS_COUNTY,CALTRANS_DISTRICT,STATE_ROUTE,ROUTE_SUFFIX,POSTMILE_PREFIX,POSTMILE,LOCATION_TYPE,RAMP_INTERSECTION,SIDE_OF_HWY,TOW_AWAY,COLLISION_SEVERITY,NUMBER_KILLED,NUMBER_INJURED,PARTY_COUNT,PRIMARY_COLL_FACTOR,PCF_CODE_OF_VIOL,PCF_VIOL_CATEGORY,PCF_VIOLATION,PCF_VIOL_SUBSECTION,HIT_AND_RUN,TYPE_OF_COLLISION,MVIW,PED_ACTION,ROAD_SURFACE,ROAD_COND_1,ROAD_COND_2,LIGHTING,CONTROL_DEVICE,CHP_ROAD_TYPE,PEDESTRIAN_ACCIDENT,BICYCLE_ACCIDENT,MOTORCYCLE_ACCIDENT,TRUCK_ACCIDENT,NOT_PRIVATE_PROPERTY,ALCOHOL_INVOLVED,STWD_VEHTYPE_AT_FAULT,CHP_VEHTYPE_AT_FAULT,COUNT_SEVERE_INJ,COUNT_VISIBLE_INJ,COUNT_COMPLAINT_PAIN,COUNT_PED_KILLED,COUNT_PED_INJURED,COUNT_BICYCLIST_KILLED,COUNT_BICYCLIST_INJURED,COUNT_MC_KILLED,COUNT_MC_INJURED,PRIMARY_RAMP,SECONDARY_RAMP,LATITUDE,LONGITUDE,COUNTY,CITY,POINT_X,POINT_Y
8998423,2019,2020-01-24,4006,2019-11-18,1911,98227,,1,5,4,4006,0,0,0,,0,,"SAN LUIS DR",CALIFORNIA,0.00,,-,A,-,N,,,,,,,,,,N,4,0,1,2,A,-,10,21950,A,N,G,B,B,A,H,-,C,A,0,Y,,,,Y,,A,01,0,0,1,0,1,0,0,0,0,"- ","- ",35.284561157226562,-120.65261077880859,"SAN LUIS OBISPO","SAN LUIS OBISPO",-120.65261077880859,35.284599304199219
90011087,2015,2015-10-19,9745,2015-08-11,1235,013212,,2,1,9,4000,0,1,2,,1,101,"US-101 NORTHBOUND","TASSAJARA CREEK ROAD",4752.00,S,N,A,-,Y,,,101,,,,,,N,Y,3,0,2,1,C,-,18,,,N,E,I,A,A,H,-,A,D,0,,,,,Y,,-,"- ",0,2,0,0,0,0,0,0,0,"- ","- ",35.361069999999998,-120.63719,"SAN LUIS OBISPO",UNINCORPORATED,-120.63804377,35.360907670000003
9001133,2019,2020-01-03,4006,2019-11-16,1223,30311,,6,5,4,4006,0,0,0,,0,,"HIGUERA S","TANK FARM",0.00,,Y,A,-,N,,,,,,,,,,N,3,0,1,2,A,-,12,21453,A,N,D,C,A,A,H,-,A,A,0,,,Y,,Y,,D,22,0,1,0,0,0,0,0,0,1,"- ","- ",35.246719360351562,-120.67379760742188,"SAN LUIS OBISPO","SAN LUIS OBISPO",-120.6737060546875,35.246799468994141
90011876,2015,2015-10-19,9745,2015-08-21,1755,017144,,5,2,9,4000,0,1,2,,1,101,"US-101 NORTHBOUND","RESERVOIR CANYON RD",3168.00,N,N,A,-,Y,,,101,,,,,,N,Y,4,0,2,3,A,-,03,22350,,N,C,C,A,A,H,-,A,D,0,,,,,Y,,A,01,0,0,2,0,0,0,0,0,0,"- ","- ",35.305689999999998,-120.62545,"SAN LUIS OBISPO",UNINCORPORATED,-120.62563161999999,35.305739799999998
9001265,2019,2020-01-23,4006,2019-11-11,1457,98227,,1,5,4,4006,0,0,0,,0,,"SANTA ROSA ST","MONTEREY ST",0.00,,Y,A,-,N,,,,,,,,,,N,3,0,1,2,A,-,10,21950,A,F,G,B,B,A,H,-,A,A,0,Y,,,,Y,,A,01,0,1,0,0,1,0,0,0,0,"- ","- ",35.282588958740234,-120.65995025634766,"SAN LUIS OBISPO","SAN LUIS OBISPO",-120.65995788574219,35.282600402832031
90012964,2015,2015-10-19,9740,2015-08-23,1335,019259,,7,1,9,4000,0,1,3,,2,011,SR-46,"VINEYARD DR",0.00,,Y,A,-,Y,,,46,,,,,,,Y,3,0,3,2,A,-,12,22450,A,N,D,C,A,A,H,-,A,D,0,,,,,Y,,A,01,0,2,1,0,0,0,0,0,0,"- ","- ",35.553339999999999,-120.76156,"SAN LUIS OBISPO",UNINCORPORATED,-120.76156059,35.553341090000004
90013547,2015,2015-10-19,9745,2015-08-31,2007,015734,,1,2,2,4003,0,1,3,,2,022,"SR-1 NORTHBOUND",SR-41,1320.00,S,N,A,-,Y,,,1,,,,,,N,Y,4,0,1,1,C,-,18,,,N,H,H,A,A,H,-,D,D,0,,,,,Y,,-,"- ",0,0,1,0,0,0,0,0,0,"- ","- ",35.374839999999999,-120.85279,"SAN LUIS OBISPO","MORRO BAY",-120.85287525,35.374760250000001
90013663,2015,2015-10-19,9745,2015-08-28,1630,020144,,5,2,9,4000,0,2,4,,1,048,"MONTE RD","AVILA BEACH DRIVE",40.00,E,N,A,-,N,,,,,,,,,,N,3,0,1,1,A,-,08,22107,,N,E,I,A,A,H,-,A,D,0,,,,,Y,,A,01,0,1,0,0,0,0,0,0,0,"- ","- ",35.182670000000002,-120.70089,"SAN LUIS OBISPO",UNINCORPORATED,-120.70087534,35.182577670000001
90013755,2015,2015-10-19,9740,2015-08-28,1513,017791,,5,2,9,4000,0,3,5,,2,021,"VINEYARD ROAD","WINERY ROAD",1300.00,S,N,A,-,N,,,,,,,,,,Y,4,0,1,1,A,-,08,22107,,N,F,A,A,A,H,-,A,D,0,,,,,Y,,A,01,0,0,1,0,0,0,0,0,0,"- ","- ",35.550350000000002,-120.74834,"SAN LUIS OBISPO",UNINCORPORATED,-120.74844012,35.550308440000002
90013988,2015,2015-10-19,9745,2015-08-24,1715,015734,,1,2,9,4000,0,2,4,,1,051,"LOS BERROS RD","US-101 NORTHBOUND",0.00,,Y,A,-,Y,,,,,,,,,,Y,4,0,1,2,A,-,09,21802,A,N,D,C,A,A,H,-,A,A,0,,,,,Y,,A,01,0,0,1,0,0,0,0,0,0,"- ","- ",35.28593,-120.70095999999999,"SAN LUIS OBISPO",UNINCORPORATED,-120.51651997,35.071880110000002
90014043,2015,2015-10-19,9745,2015-09-01,0810,013206,9745,2,1,9,4000,0,1,2,,1,101,"US-101 SOUTHBOUND","SANTA MARGARITA CREEK",3168.00,S,N,B,-,Y,,,101,,,,,,S,Y,4,0,2,2,A,-,03,22350,,N,C,C,A,A,H,-,A,D,0,,,,,Y,,A,01,0,0,2,0,0,0,0,0,0,"- ","- ",35.359349999999999,-120.63786,"SAN LUIS OBISPO",UNINCORPORATED,-120.63776756999999,35.359382140000001
90014209,2015,2015-10-19,9745,2015-08-22,1537,017144,,6,2,9,4000,0,1,3,,1,011,"SR-41 NORTHBOUND","CALLE LA PALTA",40.00,S,N,A,-,Y,,,41,,,,,,N,Y,2,0,2,2,A,-,03,22350,,N,C,C,A,A,H,-,A,D,0,,,,,Y,,A,01,1,1,0,0,0,0,0,0,0,"- ","- ",35.411740000000002,-120.80623,"SAN LUIS OBISPO",UNINCORPORATED,-120.8062553,35.411819309999998
9001423,2019,2020-02-24,4006,2019-12-05,1905,68045,,4,5,4,4006,0,0,0,,0,,"TANK FARM","SANTA FE",10.00,E,N,B,-,N,,,,,,,,,,Y,4,0,1,2,A,-,09,21801,A,N,D,C,A,A,H,-,C,A,0,,,,,Y,,A,01,0,0,1,0,0,0,0,0,0,"- ","- ",35.247318267822266,-120.64568328857422,"SAN LUIS OBISPO","SAN LUIS OBISPO",-120.64731597900391,35.246814727783203
90014744,2015,2015-10-19,9750,2015-08-28,0906,014820,,5,1,9,4000,0,2,4,,2,040,"BULL CANYON ROAD",SR-166,4224.00,S,N,A,-,N,,,,,,,,,,Y,4,0,1,2,A,-,08,22107,,N,E,I,A,A,H,-,A,D,0,,,,,Y,,D,22,0,0,1,0,0,0,0,0,0,"- ","- ",34.988999999999997,-120.3882,"SAN LUIS OBISPO",UNINCORPORATED,-120.38814621,34.988913629999999
90015183,2015,2015-10-19,9740,2015-09-07,1645,017426,,1,2,9,4000,0,3,5,,2,021,"VINEYARD DR","BETHEL RD",450.00,W,N,A,-,N,,,,,,,,,,Y,3,0,2,2,C,-,18,,,N,A,C,A,A,H,-,A,D,0,,,,,Y,,-,"- ",0,1,1,0,0,0,0,0,0,"- ","- ",35.543379999999999,-120.73227,"SAN LUIS OBISPO",UNINCORPORATED,-120.73279238000001,35.543320020000003
90015382,2015,2015-10-19,9740,2015-08-24,1319,013133,,1,1,9,4000,0,1,3,,1,009,"SR-46 WEST BOUND",SR-41,6336.00,E,N,A,-,Y,,,46,,,,,,,Y,3,0,2,1,A,-,03,22350,,N,F,I,A,A,H,-,A,D,0,,,,,Y,,B,07,0,2,0,0,0,0,0,0,0,"- ","- ",35.741999999999997,-120.24630000000001,"SAN LUIS OBISPO",UNINCORPORATED,-120.24630658,35.742060160000001
90015461,2015,2015-10-19,9740,2015-08-30,1850,016089,,7,2,9,4000,0,3,5,,2,022,"ADELAIDA RD","HIDDEN MOUNTAIN RD",4752.00,N,N,A,-,N,,,,,,,,,,Y,4,0,1,1,A,-,08,22107,,N,E,I,A,A,H,-,A,D,0,,,,,Y,,D,22,0,0,1,0,0,0,0,0,0,"- ","- ",35.657470000000004,-120.77661999999999,"SAN LUIS OBISPO",UNINCORPORATED,-120.78376,35.648829999999997
90015739,2015,2015-10-19,9745,2015-09-03,1000,013937,,4,1,9,4000,0,2,4,,1,025,"LOS OSOS VALLEY RD","CLARK VALLEY RD",1056.00,E,N,A,-,N,,,,,,,,,,N,3,0,1,1,C,-,18,,,N,F,A,A,A,H,-,A,D,0,,Y,,,Y,,-,"- ",0,1,0,0,0,0,1,0,0,"- ","- ",35.302950000000003,-120.79895999999999,"SAN LUIS OBISPO",UNINCORPORATED,-120.79731226,35.302704689999999
90015776,2015,2015-10-19,9740,2015-09-05,1530,015854,,6,2,4,4008,0,1,2,,2,001,"US-101 NORTHBOUND","SANTA ROSA RD",2640.00,S,N,A,-,Y,,,101,,,,,,N,Y,4,0,2,1,A,-,08,22107,,N,E,I,A,A,H,-,A,D,0,,,,,Y,,A,01,0,0,2,0,0,0,0,0,0,"- ","- ",35.459049999999998,-120.64586,"SAN LUIS OBISPO",ATASCADERO,-120.64583107,35.45907244
90015884,2015,2015-10-19,9745,2015-09-02,1900,014996,,3,2,3,4001,0,1,2,,2,402,"US-101 NORTHBOUND","GRAND AVE",1000.00,N,N,A,-,Y,,,101,,,,,,N,Y,4,0,1,2,A,-,08,22107,,N,D,C,A,A,H,-,B,D,0,,,,Y,Y,,-,"- ",0,0,1,0,0,0,0,0,0,"- ","- ",35.122500000000002,-120.5869,"SAN LUIS OBISPO","ARROYO GRANDE",-120.5869161,35.12244535
90015924,2015,2015-10-19,9745,2015-09-09,0750,015716,,3,1,9,4000,0,1,3,,1,041,"SR-1 S/B (CIENAGA ST)","24TH STREET",150.00,S,N,A,-,Y,,,1,,,,,,S,N,4,0,1,2,A,-,09,21804,A,N,F,A,A,A,H,-,A,D,0,,,Y,,Y,,A,01,0,0,1,0,0,0,0,0,1,"- ","- ",35.098230000000001,-120.60303,"SAN LUIS OBISPO",UNINCORPORATED,-120.60303,35.098137450000003
90016190,2015,2015-10-19,9745,2015-09-04,0925,013937,,5,1,4,4006,0,2,4,,1,025,"SR-1 NORTHBOUND","HOLLISTER AVE",200.00,S,N,A,-,Y,,,,,,,,,,N,3,0,1,2,A,-,07,21658,A,N,D,G,A,A,H,-,A,D,0,,Y,,,Y,,L,04,0,1,0,0,0,0,1,0,0,"- ","- ",35.330680000000001,-120.73376,"SAN LUIS OBISPO","SAN LUIS OBISPO",-120.73446816000001,35.330876369999999
90017289,2015,2015-10-19,9745,2015-09-09,1945,012876,,3,2,9,4000,0,1,3,,2,023,"SR-1 SOUTHBOUND","KENNEDY WAY",435.00,N,N,A,-,Y,,,,,,,,,,Y,3,0,1,1,A,-,08,22107,,N,E,I,A,A,B,-,B,D,0,,,,,Y,,A,08,0,1,0,0,0,0,0,0,0,"- ","- ",35.371099999999998,-120.8466,"SAN LUIS OBISPO",UNINCORPORATED,,
90017720,2015,2015-10-19,9745,2015-09-15,0844,015716,,2,1,9,4000,0,1,2,,2,303,"US-101 NORTHBOUND","SAN LUIS BAY DR",528.00,N,N,A,-,Y,,,101,,,,,,N,N,4,0,2,4,A,-,03,22350,,N,C,C,A,A,H,-,A,D,0,,,,,Y,,A,07,0,0,2,0,0,0,0,0,0,"- ","- ",35.197130000000001,-120.69889000000001,"SAN LUIS OBISPO",UNINCORPORATED,-120.69882658,35.197104920000001
90017840,2015,2015-10-19,9745,2015-09-12,2250,013212,,6,3,9,4000,0,1,2,,1,101,"US-101 NORTHBOUND","OLD STAGE COACH RD.",1056.00,S,N,A,-,Y,,,101,,,,,,N,Y,3,0,2,1,C,-,18,,,N,H,H,A,A,H,-,D,D,0,,,,,Y,,-,"- ",0,1,1,0,0,0,0,0,0,"- ","- ",35.312669999999997,-120.62389,"SAN LUIS OBISPO",UNINCORPORATED,-120.62395986,35.31268962
90017980,2015,2015-10-19,9740,2015-08-31,1430,011615,,1,2,9,4000,0,1,3,,1,014,SR-1,"SAN SIMEON CREEK",90.00,S,N,A,-,Y,,,1,,,,,,,Y,4,0,1,1,A,-,08,22107,,N,E,I,A,A,H,-,A,D,0,,,,,Y,,A,01,0,0,1,0,0,0,0,0,0,"- ","- ",35.594679999999997,-121.12521,"SAN LUIS OBISPO",UNINCORPORATED,-121.12528325,35.594648900000003
90018643,2015,2015-10-19,9745,2015-09-16,0840,013531,,3,1,2,4005,0,1,2,,2,404,"US-101 NORTHBOUND","RAILROAD U/C",103.00,N,N,A,-,Y,,,101,,,,,,N,Y,3,0,1,4,A,-,03,22350,,N,C,C,A,A,H,-,A,D,0,,,,,Y,,D,22,0,1,0,0,0,0,0,0,0,"- ","- ",35.138640000000002,-120.63248,"SAN LUIS OBISPO","PISMO BEACH",-120.63245775,35.138729900000001
90019675,2015,2015-10-19,9740,2015-09-13,2150,016849,,7,2,9,4000,0,1,3,,1,014,SR-1,"CAMBRIA PINES ROAD",115.00,S,N,A,-,Y,,,,,,,,,,Y,3,0,5,2,A,-,05,21460,A,N,A,C,A,A,H,-,D,D,0,,,,,Y,,A,01,0,2,3,0,0,0,0,0,0,"- ","- ",35.575569999999999,-120.11206,"SAN LUIS OBISPO",UNINCORPORATED,-121.11203295999999,35.57571506
90019876,2015,2015-10-29,9740,2015-09-12,0212,016849,,6,3,9,4000,0,1,2,,2,004,"US-101 NORTHBOUND","NYGREN ROAD",1240.00,N,N,A,-,Y,,,101,,,,,,N,Y,3,0,1,2,A,-,03,22350,,N,A,C,A,A,H,-,C,D,0,,,,,Y,,A,08,0,1,0,0,0,0,0,0,0,"- ","- ",35.737499999999997,-120.70059000000001,"SAN LUIS OBISPO",UNINCORPORATED,-120.70058595,35.737498530000003
90019949,2015,2015-10-19,9740,2015-09-13,1105,013733,,7,1,9,4000,0,1,2,,2,004,"U.S. 101","EXLINE RD",25.00,N,N,B,-,Y,,,,,,,,,,Y,4,0,1,1,A,-,08,22107,,N,E,I,A,A,H,-,A,D,0,,,,,Y,,A,01,0,0,1,0,0,0,0,0,0,"- ","- ",35.682870000000001,-120.69619,"SAN LUIS OBISPO",UNINCORPORATED,-120.69695895,35.682678660000001
90020038,2015,2015-10-19,9745,2015-09-12,0415,016068,,6,3,9,4000,0,3,5,,2,002,"PACIFIC AVE","8TH STREET",72.00,N,N,A,-,N,,,,,,,,,,Y,4,0,1,1,A,-,13,22515,A,N,H,A,A,A,H,-,A,D,0,,,,,Y,,J,48,0,0,1,0,0,0,0,0,0,"- ","- ",35.442509999999999,-120.89633000000001,"SAN LUIS OBISPO",UNINCORPORATED,-120.89629266999999,35.442773969999998
90020554,2015,2015-10-19,9745,2015-09-18,1600,014996,,5,2,9,4000,0,1,2,,2,505,US-101,"LOS BERROS RD",500.00,N,N,A,-,Y,,,101,,,,,,,Y,3,0,2,2,A,-,03,22350,,N,C,C,A,A,H,-,A,D,0,,,,,Y,,A,01,0,1,1,0,0,0,0,0,0,"- ","- ",35.074309999999997,-120.51952,"SAN LUIS OBISPO",UNINCORPORATED,-120.51947783999999,35.07436654
90020895,2015,2015-10-19,9745,2015-09-18,1605,015144,,5,2,9,4000,0,3,5,,2,004,"DIVISION STREET","BONITA SCHOOL ROAD",2640.00,E,N,A,-,N,,,,,,,,,,Y,4,0,1,2,A,-,06,21750,,N,D,C,A,A,H,-,A,D,0,,,,Y,Y,,A,01,0,0,1,0,0,0,0,0,0,"- ","- ",35.005290000000002,-120.51021,"SAN LUIS OBISPO",UNINCORPORATED,-120.51034407,35.00511272
90020909,2015,2015-10-19,9745,2015-09-18,1205,014996,,5,1,9,4000,0,2,4,,1,052,"THOMPSON AVE","POAGUE RD",1584.00,N,N,A,-,N,,,,,,,,,,N,4,0,1,1,A,-,08,22107,,N,H,A,A,A,H,-,A,D,0,,,,,Y,,A,01,0,0,1,0,0,0,0,0,0,"- ","- ",35.021329999999999,-120.45361,"SAN LUIS OBISPO",UNINCORPORATED,-120.45342881000001,35.020887500000001
90020929,2015,2015-10-30,9745,2015-09-18,1850,014996,,5,2,9,4000,0,2,4,,1,038,"ORCUTT RD","RIGHETTI RD",300.00,S,N,A,-,N,,,,,,,,,,Y,3,0,1,2,A,-,09,21804,A,F,F,A,A,A,H,-,A,D,0,,,Y,,Y,,A,07,0,1,0,0,0,0,0,0,1,"- ","- ",35.221559999999997,-120.59784999999999,"SAN LUIS OBISPO",UNINCORPORATED,-120.59977769,35.226991640000001
9002105,2019,2020-01-03,4006,2019-11-22,1935,65419,,5,5,4,4006,0,0,0,,0,,"LOS OSOS VALLEY RD","RT 101",255.00,N,N,A,-,N,,,,,,,,,,Y,4,0,1,3,A,-,03,22350,,N,C,C,A,A,H,-,A,A,0,,,,,Y,,A,01,0,0,1,0,0,0,0,0,0,"- ",SO,35.144290924072266,-120.40567779541016,"SAN LUIS OBISPO","SAN LUIS OBISPO",-120.68250274658203,35.245502471923828
90022380,2015,2015-10-19,9745,2015-09-24,0955,013206,9745,4,1,9,4000,0,1,3,,1,032,"SR-227 (CARPENTER CANYON RD)","BIDDLE RANCH RD",480.00,N,N,A,-,Y,,,227,,,,,,,N,3,0,1,2,A,-,08,22107,,N,B,G,A,A,H,-,A,D,0,,Y,,,Y,,L,04,0,1,0,0,0,0,1,0,0,"- ","- ",35.216560000000001,-120.61676,"SAN LUIS OBISPO",UNINCORPORATED,-120.61675529999999,35.216561820000003
90023408,2015,2015-10-19,9745,2015-09-21,1600,020228,,1,2,9,4000,0,3,5,,2,004,"HALCYON RD",SR-1,22.00,S,N,A,-,Y,,,,,,,,,,Y,4,0,2,2,A,-,03,22350,,N,C,C,A,A,H,-,A,A,0,,,,,Y,,D,22,0,0,2,0,0,0,0,0,0,"- ","- ",35.098019999999998,-120.59113000000001,"SAN LUIS OBISPO",UNINCORPORATED,-120.59238000000001,35.09816
90024089,2015,2015-10-19,9740,2015-09-19,0045,016849,,6,3,9,4000,0,2,4,,2,012,"NACIMIENTO LAKE DR","FRAZIER RD",6336.00,N,N,A,-,N,,,,,,,,,,Y,3,0,1,1,A,-,01,23152,A,N,E,I,A,A,H,-,D,D,0,,,,,Y,Y,D,22,0,1,0,0,0,0,0,0,0,"- ","- ",35.715910000000001,-120.84161,"SAN LUIS OBISPO",UNINCORPORATED,-120.84017901999999,35.715504920000001
90024623,2015,2015-10-19,9745,2015-09-25,1335,017144,,5,1,9,4000,0,3,5,,2,002,"MONARCH LN","GLENN ST",90.00,W,N,A,-,N,,,,,,,,,,N,2,0,1,2,A,-,21,22106,,N,H,G,A,A,H,-,A,D,0,,Y,,,Y,,A,07,1,0,0,0,0,0,1,0,0,"- ","- ",35.312130000000003,-120.85774000000001,"SAN LUIS OBISPO",UNINCORPORATED,-120.85777133000001,35.312071019999998
9002537,2019,2019-12-30,4006,2019-10-25,1540,98219,,5,5,4,4006,0,0,0,,0,,"S HIGUERA",SUBURBAN,0.00,,Y,A,-,N,,,,,,,,,,Y,4,0,1,2,D,-,00,,,N,D,C,A,A,H,-,A,D,0,,,,,Y,,-,"- ",0,0,1,0,0,0,0,0,0,"- ","- ",35.244041442871094,-120.67524719238281,"SAN LUIS OBISPO","SAN LUIS OBISPO",-120.67539978027344,35.244029998779297
90025892,2015,2015-10-19,9745,2015-10-02,1442,017151,,5,2,9,4000,0,2,4,,1,051,"LOS BERROS RD","QUAILWOOD LN",160.00,N,N,A,-,N,,,,,,,,,,Y,3,0,1,1,A,-,01,23152,A,N,E,I,A,A,H,-,A,D,0,,,,,Y,Y,D,22,0,1,0,0,0,0,0,0,0,"- ","- ",35.076810000000002,-120.52471,"SAN LUIS OBISPO",UNINCORPORATED,-120.52506102,35.076861010000002
90025945,2015,2015-10-19,9740,2015-09-21,1345,011615,,1,1,9,4000,0,1,3,,1,015,SR-1,"SAN CARPOFORO CREEK",7762.00,N,N,A,-,Y,,,1,,,,,,,Y,4,0,1,2,A,-,09,21802,,N,F,A,A,A,H,-,A,D,0,,,Y,,Y,,D,22,0,0,1,0,0,0,0,0,1,"- ","- ",35.781550000000003,-121.32955,"SAN LUIS OBISPO",UNINCORPORATED,-121.32950974000001,35.781543390000003
90026043,2015,2015-10-19,9745,2015-10-02,1535,013206,9745,5,2,9,4000,0,2,4,,1,025,"LOS OSOS VALLEY RD","9TH STREET",250.00,W,N,A,-,N,,,,,,,,,,Y,4,0,1,2,A,-,09,21801,A,N,D,C,A,A,D,-,A,D,0,,,,,Y,,A,01,0,0,1,0,0,0,0,0,0,"- ","- ",35.311169999999997,-120.83367,"SAN LUIS OBISPO",UNINCORPORATED,-120.8339864,35.311395660000002
90026631,2015,2015-10-19,9745,2015-09-29,2120,015144,,2,2,9,4000,0,1,3,,1,043,SR-1,"GRACIA WAY",905.00,S,N,A,-,Y,,,1,,,,,,,Y,2,0,1,1,A,-,08,22107,,N,F,A,A,A,H,-,D,D,0,,,Y,,Y,,C,02,1,0,0,0,0,0,0,0,1,"- ","- ",35.09207,-120.58232,"SAN LUIS OBISPO",UNINCORPORATED,-120.58233384,35.092065589999997
90026854,2015,2015-10-19,9740,2015-09-25,0515,014543,,5,3,9,4000,0,1,3,,1,015,"SR-1 N/B","ARROYO LAGUNA BRIDGE 49-53",1056.00,S,N,A,-,Y,,,,,,,,,,Y,4,0,1,1,C,-,18,,,N,H,H,A,A,H,-,D,D,0,,,,,Y,,-,"- ",0,0,1,0,0,0,0,0,0,"- ","- ",,,"SAN LUIS OBISPO",UNINCORPORATED,,
90027061,2015,2015-10-19,9745,2015-09-27,0805,017151,,7,1,9,4000,0,1,3,,1,021,SR-1,"STUDIO DR",700.00,S,N,A,-,Y,,,1,,,,,,,Y,3,0,1,6,A,-,08,22107,,N,E,I,A,A,H,-,A,D,0,,,,,Y,,A,01,0,1,0,0,0,0,0,0,0,"- ","- ",35.432340000000003,-120.88515,"SAN LUIS OBISPO",UNINCORPORATED,-120.88512824999999,35.432354969999999
90027346,2015,2015-10-19,9745,2015-10-01,0755,012876,,4,1,4,4006,0,1,2,,2,202,"US-101 SOUTHBOUND","SANTA ROSA ST",135.00,N,N,C,-,Y,,,101,,,,,,S,N,4,0,2,2,A,-,03,22350,,N,B,C,A,B,H,-,A,D,0,,,,,Y,,D,22,0,0,2,0,0,0,0,0,0,"- ","- ",35.287410000000001,-120.66298,"SAN LUIS OBISPO","SAN LUIS OBISPO",-120.66289922,35.287305250000003
90028259,2015,2015-10-19,9745,2015-10-01,1320,012876,,4,1,9,4000,0,1,2,,2,303,"US-101 SOUTHBOUND","LOS OSOS VALLEY RD",3168.00,S,N,A,-,Y,,,101,,,,,,S,N,3,0,1,1,A,-,08,22107,,N,F,A,A,A,H,-,A,D,0,,,Y,,Y,,C,02,0,1,0,0,0,0,0,0,1,"- ","- ",35.235950000000003,-120.68492999999999,"SAN LUIS OBISPO",UNINCORPORATED,-120.68489121,35.235917710000003
90028333,2015,2015-10-19,9745,2015-09-26,1730,017968,,6,2,9,4000,0,1,3,,1,021,SR-1,"OLD CREEK RD",0.00,,Y,A,-,Y,,,1,,,,,,,Y,4,0,1,2,A,-,17,21451,A,N,D,C,A,A,H,-,A,A,0,,,,,Y,,A,01,0,0,1,0,0,0,0,0,0,"- ","- ",35.428190000000001,-120.88154,"SAN LUIS OBISPO",UNINCORPORATED,-120.88150476,35.428219169999998
90029755,2015,2015-10-19,9740,2015-10-11,1945,016849,,7,2,4,4008,0,1,2,,2,002,"US-101 NORTHBOUND","DEL RIO ROAD",3168.00,S,N,A,-,Y,,,,,,,,,,N,4,0,2,1,C,-,18,,,N,E,J,A,A,H,-,D,D,0,,,,,Y,,-,"- ",0,0,2,0,0,0,0,0,0,"- ","- ",35.513660000000002,-120.59827,"SAN LUIS OBISPO",ATASCADERO,-120.69375734,35.505839909999999
90032161,2015,2015-10-19,9745,2015-10-10,1621,020228,,6,2,9,4000,0,1,2,,2,404,"US-101 NORTHBOUND","BRISCO RD",327.00,S,N,A,-,Y,,,,,,,,,,N,4,0,1,2,A,-,03,22350,,N,C,C,A,A,H,-,A,D,0,,,,,Y,,D,22,0,0,1,0,0,0,0,0,0,"- ","- ",35.12359,-120.59089,"SAN LUIS OBISPO",UNINCORPORATED,-120.59225856,35.124019910000001
90032267,2015,2015-10-19,9740,2015-10-01,0855,012113,,4,1,9,4000,0,2,4,,2,012,"NACIMIENTO LAKE RD","FRAZIER RD",2640.00,W,N,B,C,N,,,,,,,,,,Y,3,0,1,1,A,-,03,22350,,N,E,I,A,B,H,-,A,A,0,,,,,Y,,A,01,0,1,0,0,0,0,0,0,0,"- ","- ",35.711449999999999,-120.87962,"SAN LUIS OBISPO",UNINCORPORATED,-120.83025499,35.71121583
90032772,2015,2015-10-19,9745,2015-10-08,2358,013937,,4,3,4,4006,0,1,3,,1,040,"TIFFANY RANCH RD","ORCUTT RD",2112.00,W,N,A,-,N,,,,,,,,,,Y,3,0,1,1,A,-,08,22107,,M,E,I,A,A,H,-,D,D,0,,,,,Y,,A,01,0,1,0,0,0,0,0,0,0,"- ","- ",35.188969999999998,-120.56663,"SAN LUIS OBISPO","SAN LUIS OBISPO",-120.56678823,35.188950050000003
90035373,2015,2015-10-21,9745,2015-10-16,1450,017151,,5,2,9,4000,0,1,2,,1,101,"US-101 NORTHBOUND","TV TOWER RD",500.00,N,N,A,-,Y,,,101,,,,,,N,N,4,0,1,2,A,-,03,22350,,N,C,C,A,A,H,-,A,D,0,,,,,Y,,A,01,0,0,1,0,0,0,0,0,0,"- ","- ",35.350059999999999,-120.63186,"SAN LUIS OBISPO",UNINCORPORATED,-120.63195293,35.349950079999999
9003660,2019,2020-07-13,4008,2019-12-08,1057,2113,,7,5,4,4008,0,0,0,,0,,"MORRO RD","CURBARIL AV",0.00,,Y,C,-,Y,SLO,5,41,-,-,15.110,I,6,N,N,4,0,1,2,A,-,08,22100,B,N,A,C,A,B,H,-,A,A,0,,,,,Y,,A,01,0,0,1,0,0,0,0,0,0,"- ","- ",35.4739990234375,-120.66799926757812,"SAN LUIS OBISPO",ATASCADERO,-120.66835784912109,35.474086761474609