CASE_ID,ACCIDENT_YEAR,PROC_DATE,JURIS,COLLISION_DATE,COLLISION_TIME,OFFICER_ID,REPORTING_DISTRICT,DAY_OF_WEEK,CHP_SHIFT,POPULATION,CNTY_CITY_LOC,SPECIAL_COND,BEAT_TYPE,CHP_BEAT_TYPE,CITY_DIVISION_LAPD,CHP_BEAT_CLASS,BEAT_NUMBER,PRIMARY_RD,SECONDARY_RD,DISTANCE,DIRECTION,INTERSECTION,WEATHER_1,WEATHER_2,STATE_HWY_IND,CALTRANS_COUNTY,CALTRANS_DISTRICT,STATE_ROUTE,ROUTE_SUFFIX,POSTMILE_PREFIX,POSTMILE,LOCATION_TYPE,RAMP_INTERSECTION,SIDE_OF_HWY,TOW_AWAY,COLLISION_SEVERITY,NUMBER_KILLED,NUMBER_INJURED,PARTY_COUNT,PRIMARY_COLL_FACTOR,PCF_CODE_OF_VIOL,PCF_VIOL_CATEGORY,PCF_VIOLATION,PCF_VIOL_SUBSECTION,HIT_AND_RUN,TYPE_OF_COLLISION,MVIW,PED_ACTION,ROAD_SURFACE,ROAD_COND_1,ROAD_COND_2,LIGHTING,CONTROL_DEVICE,CHP_ROAD_TYPE,PEDESTRIAN_ACCIDENT,BICYCLE_ACCIDENT,MOTORCYCLE_ACCIDENT,TRUCK_ACCIDENT,NOT_PRIVATE_PROPERTY,ALCOHOL_INVOLVED,STWD_VEHTYPE_AT_FAULT,CHP_VEHTYPE_AT_FAULT,COUNT_SEVERE_INJ,COUNT_VISIBLE_INJ,COUNT_COMPLAINT_PAIN,COUNT_PED_KILLED,COUNT_PED_INJURED,COUNT_BICYCLIST_KILLED,COUNT_BICYCLIST_INJURED,COUNT_MC_KILLED,COUNT_MC_INJURED,PRIMARY_RAMP,SECONDARY_RAMP,LATITUDE,LONGITUDE,COUNTY,CITY,POINT_X,POINT_Y
90037299,2015,2015-10-23,9745,2015-09-30,1315,017061,,3,1,9,4000,0,1,3,,2,023,"SR-1 NORTHBOUND","HOLLISTER RD.",250.00,S,N,A,-,Y,,,1,,,,,,N,N,1,1,0,3,A,-,08,22107,,N,D,G,A,A,H,-,A,A,0,,Y,,,Y,,L,04,0,0,0,0,0,1,0,0,0,"- ","- ",35.331029999999998,-120.73484999999999,"SAN LUIS OBISPO",UNINCORPORATED,-120.73482848,35.331106519999999
90038575,2015,2015-10-27,9740,2015-10-16,2340,013417,,5,3,4,4008,0,1,2,,2,002,"US-101 NORTHBOUND","DEL RIO RD",2112.00,N,N,A,-,Y,,,101,,,,,,N,N,2,0,1,2,A,-,03,22350,,F,G,B,E,A,H,-,D,D,0,Y,,,,Y,,D,22,1,0,0,0,1,0,0,0,0,"- ","- ",35.518300000000004,-120.70269999999999,"SAN LUIS OBISPO",ATASCADERO,-120.70280768000001,35.518227879999998
90040509,2015,2015-10-29,9745,2015-10-18,0300,018021,,7,3,9,4000,0,3,5,,2,004,"NOYES RD","EQUESTRIAN WAY",100.00,E,N,A,-,N,,,,,,,,,,Y,3,0,1,1,A,-,08,22107,,N,E,I,A,A,H,-,D,D,0,,,,,Y,,A,07,0,1,0,0,0,0,0,0,0,"- ","- ",35.143349999999998,-120.59746,"SAN LUIS OBISPO",UNINCORPORATED,-120.5974562,35.143386390000003
90040535,2015,2015-10-29,9740,2015-10-19,2320,014691,,1,3,4,4008,0,1,2,,2,001,"US-101 NORTHBOUND","SANTA BARBARA ROAD",300.00,N,N,A,-,Y,,,101,,,,,,N,Y,4,0,1,1,A,-,08,22107,,N,E,H,A,A,H,-,D,D,0,,,,,Y,,A,01,0,0,1,0,0,0,0,0,0,"- ","- ",35.444929999999999,-120.63822999999999,"SAN LUIS OBISPO",ATASCADERO,-120.63841005,35.444902749999997
90041825,2015,2015-10-30,9740,2015-10-17,1440,015854,,6,2,9,4000,0,1,3,,2,007,SR-41,"CAMP 8 RD",2112.00,S,N,A,-,Y,,,41,,,,,,,Y,3,0,1,1,A,-,08,22107,,N,E,J,A,A,H,-,A,D,0,,,Y,,Y,,C,02,0,1,0,0,0,0,0,0,1,"- ","- ",35.544750000000001,-120.49856,"SAN LUIS OBISPO",UNINCORPORATED,-120.4985776,35.54481577
90043377,2015,2015-11-03,9745,2015-10-22,1955,017151,,4,2,9,4000,0,3,5,,2,002,"ONTARIO RD","ALLIANCE WAY",400.00,S,N,A,-,N,,,,,,,,,,Y,3,0,1,1,C,-,18,,,N,H,H,A,A,H,-,D,D,0,,,Y,,Y,Y,-,"- ",0,1,0,0,0,0,0,0,1,"- ","- ",35.288699999999999,-120.65777,"SAN LUIS OBISPO",UNINCORPORATED,-120.70292824000001,35.186208729999997
90043942,2015,2015-11-03,9745,2015-10-26,1740,020689,,1,2,9,4000,0,1,3,,1,045,SR-1,"OSO FLACO LAKE RD",0.00,,Y,A,-,Y,,,1,,,,,,,Y,3,0,2,2,A,-,09,21802,A,N,D,C,A,A,H,-,A,A,0,,,,,Y,,A,08,0,2,0,0,0,0,0,0,0,"- ","- ",35.01079,-120.56761,"SAN LUIS OBISPO",UNINCORPORATED,-120.56759108,35.010782149999997
90044252,2015,2015-11-04,9745,2015-10-28,0115,020144,,3,3,9,4000,0,1,2,,2,505,"US-101 SOUTHBOUND","TEFFT STREET",2112.00,N,N,A,-,Y,,,101,,,,,,S,Y,2,0,3,1,A,-,01,23152,A,N,E,I,A,A,H,-,D,D,0,,,,,Y,Y,A,01,2,0,1,0,0,0,0,0,0,"- ","- ",35.042099999999998,-120.4896,"SAN LUIS OBISPO",UNINCORPORATED,-120.48952986,35.042162840000003
90044880,2015,2015-11-04,9740,2015-10-28,1515,016849,,3,2,9,4000,0,3,5,,2,019,"TOWER ROAD","AIRPORT ROAD",3168.00,E,N,A,-,N,,,,,,,,,,Y,2,0,1,1,A,-,01,23152,A,N,E,J,A,A,H,-,A,D,0,,,,,Y,Y,A,07,1,0,0,0,0,0,0,0,0,"- ","- ",35.688549999999999,-120.62915,"SAN LUIS OBISPO",UNINCORPORATED,-120.6301761,35.68849187
90045518,2015,2015-11-05,9745,2015-11-02,0955,013212,,1,1,4,4006,0,1,2,,2,202,"US-101 SOUTHBOUND","SANTA ROSA ST",700.00,S,N,B,C,Y,,,101,,,,,,S,Y,3,0,1,2,A,-,03,22350,,N,D,C,A,B,H,-,A,D,0,,,,,Y,,A,07,0,1,0,0,0,0,0,0,0,"- ","- ",35.285249999999998,-120.66574,"SAN LUIS OBISPO","SAN LUIS OBISPO",-120.66572776,35.285234029999998
90045762,2015,2015-11-05,9745,2015-11-04,0400,017151,,3,3,9,4000,0,1,2,,2,505,"US-101 SOUTHBOUND","LOS BERROS RD",2112.00,S,N,A,-,Y,,,101,,,,,,S,Y,4,0,1,1,A,-,08,22107,,N,B,I,A,A,H,-,D,D,0,,,,,Y,,A,01,0,0,1,0,0,0,0,0,0,"- ","- ",35.066400000000002,-120.51134999999999,"SAN LUIS OBISPO",UNINCORPORATED,-120.51142512,35.066330569999998
90047376,2015,2015-11-09,9740,2015-10-30,0655,013733,,5,1,9,4000,0,3,5,,2,017,SR-229,"O DONOVON RD.",0.00,,Y,B,-,Y,,,229,,,,,,,Y,4,0,1,2,A,-,09,21802,A,N,D,C,A,A,H,-,A,A,0,,,,,Y,,A,01,0,0,1,0,0,0,0,0,0,"- ","- ",35.51943,-120.52412,"SAN LUIS OBISPO",UNINCORPORATED,-120.52403723,35.519383240000003
90047986,2015,2015-11-10,9740,2015-11-01,1150,017791,,7,1,9,4000,0,1,3,,2,007,"STATE ROUTE 41","ALMOND DRIVE",2640.00,S,N,A,-,Y,,,,,,,,,,Y,2,0,1,1,A,-,01,23152,A,N,E,I,A,A,H,-,A,D,0,,,,,Y,Y,D,22,1,0,0,0,0,0,0,0,0,"- ","- ",35.575600000000001,-120.57559999999999,"SAN LUIS OBISPO",UNINCORPORATED,,
90048682,2015,2015-11-11,9740,2015-11-03,1020,014460,,2,1,9,4000,0,1,3,,2,011,"SR-46 WEST","OAKDALE ROAD",0.00,,Y,A,-,Y,,,46,,,,,,,N,3,0,1,2,A,-,08,22100,B,N,B,G,A,A,H,-,A,D,0,,Y,,,Y,,L,04,0,1,0,0,0,0,1,0,0,"- ","- ",35.566609999999997,-120.74458,"SAN LUIS OBISPO",UNINCORPORATED,-120.74461348,35.566659229999999
90050054,2015,2015-11-12,9745,2015-11-05,1645,016068,,4,2,9,4000,0,2,4,,1,025,"LOS OSOS VALLEY ROAD","SOUTH BAY BLVD",90.00,E,N,A,-,N,,,,,,,,,,N,4,0,1,2,A,-,03,22350,,N,C,C,A,A,H,-,C,A,0,,,,,Y,,A,01,0,0,1,0,0,0,0,0,0,"- ","- ",35.309989999999999,-120.82512,"SAN LUIS OBISPO",UNINCORPORATED,-120.82515991,35.310011789999997
90050681,2015,2015-11-13,9745,2015-11-12,1735,014996,,4,2,9,4000,0,3,5,,2,005,"OSAGE ST","CAMINO ROBLE",0.00,,Y,A,-,N,,,,,,,,,,N,4,0,1,2,A,-,09,21802,A,N,D,C,A,A,H,-,D,A,0,,,Y,,Y,,A,01,0,0,1,0,0,0,0,0,1,"- ","- ",35.033209999999997,-120.50525,"SAN LUIS OBISPO",UNINCORPORATED,-120.50515996,35.033390009999998
90051725,2015,2015-11-16,9745,2015-10-30,1515,017061,,5,2,9,4000,0,2,4,,1,055,"TEFFT STREET","MARY AVE",30.00,W,N,A,-,N,,,,,,,,,,N,3,0,2,2,A,-,03,22350,,N,C,C,A,A,H,-,A,A,0,,,,,Y,,A,01,0,2,0,0,0,0,0,0,0,"- ","- ",35.035170000000001,-120.48743,"SAN LUIS OBISPO",UNINCORPORATED,-120.48671302,35.035693879999997
90052312,2015,2015-11-17,9745,2015-11-13,1250,013206,9745,5,1,9,4000,0,3,5,,2,005,"HUASNA TOWNSITE RD","CIERVO TRAIL WAY",948.00,S,N,A,-,N,,,,,,,,,,Y,2,0,1,1,A,-,08,22107,,N,F,A,A,A,H,-,A,D,0,,,Y,,Y,,C,02,1,0,0,0,0,0,0,0,1,"- ","- ",35.541780000000003,-120.22268,"SAN LUIS OBISPO",UNINCORPORATED,-120.37815035,35.097095400000001
9005314,2019,2020-01-16,4001,2019-11-06,1633,P0139,462,3,5,3,4001,0,0,0,,0,OPERAT,"RANCHO PKWY","VIA POCA",0.00,,Y,A,-,N,,,,,,,,,,Y,4,0,1,2,A,-,03,22350,,N,C,C,A,A,H,-,A,D,0,,,,,Y,,A,01,0,0,1,0,0,0,0,0,0,"- ","- ",,,"SAN LUIS OBISPO","ARROYO GRANDE",-120.58988189697266,35.133430480957031
9005318,2019,2020-01-16,4001,2019-11-04,1830,P0152,463,1,5,3,4001,0,0,0,,0,OPERAT,"EAST GRAND AV","BELL ST",0.00,,Y,A,-,N,,,,,,,,,,N,4,0,1,2,A,-,12,22450,A,F,D,-,A,A,H,-,C,A,0,,Y,,,Y,,-,,0,0,1,0,0,0,1,0,0,"- ","- ",,,"SAN LUIS OBISPO","ARROYO GRANDE",-120.58822631835938,35.119831085205078
90053249,2015,2015-11-18,9745,2015-11-11,0550,013206,9745,3,3,9,4000,0,1,2,,2,303,"US-101 SOUTHBOUND","AVILA BEACH DRIVE",180.00,N,N,A,-,Y,,,101,,,,,,S,Y,2,0,1,1,A,-,01,23152,E,N,E,I,A,A,H,-,C,D,0,,,,,Y,,A,01,1,0,0,0,0,0,0,0,0,"- ","- ",35.180669999999999,-120.70050999999999,"SAN LUIS OBISPO",UNINCORPORATED,-120.70044821,35.180726559999997
90053359,2015,2015-11-18,9745,2015-11-05,1745,017061,,4,2,9,4000,0,3,5,,2,004,"NOYES RD","PRINTZ RD",0.00,,Y,A,-,N,,,,,,,,,,Y,3,0,1,2,A,-,09,21802,A,N,D,C,A,A,H,-,D,A,0,,,Y,,Y,,D,22,0,1,0,0,0,0,0,0,1,"- ","- ",35.148449999999997,-120.58875999999999,"SAN LUIS OBISPO",UNINCORPORATED,-120.58895995,35.148360080000003
90054830,2015,2015-11-19,9745,2015-11-18,1738,014996,,3,2,4,4006,0,1,2,,2,202,"US-101 NORTHBOUND","BUENA VISTA O/C",300.00,S,N,A,-,Y,,,101,,,,,,N,Y,4,0,3,5,A,-,03,22350,,N,C,C,A,A,H,-,D,D,0,,,,,Y,,D,22,0,0,3,0,0,0,0,0,0,"- ","- ",35.292009999999998,-120.64821000000001,"SAN LUIS OBISPO","SAN LUIS OBISPO",-120.64821471,35.291684549999999
90056594,2015,2015-11-20,9745,2015-11-19,0845,013937,,4,1,4,4006,0,3,5,,2,005,"CHEROKEE PL","HETRICK AVE",528.00,E,N,A,-,N,,,,,,,,,,Y,3,0,1,2,A,-,05,21650,,N,A,C,A,A,H,-,A,D,0,,,,,Y,,A,01,0,1,0,0,0,0,0,0,0,"- ","- ",35.045209999999997,-120.50985,"SAN LUIS OBISPO","SAN LUIS OBISPO",-120.51049987,35.044739819999997
90058616,2015,2015-11-24,9740,2015-11-12,1010,014460,,4,1,9,4000,0,1,3,,2,007,SR-41,"LA PANZA ROAD",0.00,,Y,A,-,Y,,,41,,,,,,,Y,4,0,1,2,A,-,12,22450,A,M,D,D,A,A,H,-,A,A,0,,,,,Y,,A,07,0,0,1,0,0,0,0,0,0,"- ","- ",35.53445,-120.52372,"SAN LUIS OBISPO",UNINCORPORATED,-120.52371957,35.534358230000002
90062864,2015,2015-12-01,9745,2015-11-20,1645,017968,,5,2,9,4000,0,3,5,,2,003,"ORCUTT ROAD","AVOCADO LANE",100.00,S,N,A,-,N,,,,,,,,,,Y,4,0,5,3,A,-,05,21460,A,N,B,C,A,A,H,-,B,D,0,,,,,Y,,A,01,0,0,5,0,0,0,0,0,0,"- ","- ",35.246540000000003,-120.61678999999999,"SAN LUIS OBISPO",UNINCORPORATED,-120.6036259,35.238680610000003
90064198,2015,2015-12-02,9740,2015-11-25,0745,014543,,3,1,9,4000,0,1,2,,2,002,"US-101 SOUTHBOUND","VINEYARD DR",950.00,N,N,A,-,Y,,,,,,,,,,Y,4,0,1,1,A,-,08,22107,,N,E,I,A,A,H,-,A,D,0,,,,,Y,,A,07,0,0,1,0,0,0,0,0,0,"- ","- ",,,"SAN LUIS OBISPO",UNINCORPORATED,,
90064208,2015,2015-12-02,9740,2015-11-25,1140,014622,,3,1,4,4008,0,1,2,,2,002,"US-101 NORTHBOUND",SR-41,90.00,N,N,A,-,Y,,,101,,,,,,N,Y,4,0,1,3,A,-,07,21658,A,N,B,C,A,A,H,-,A,D,0,,,,,Y,,E,22,0,0,1,0,0,0,0,0,0,"- ","- ",35.486060000000002,-120.66606,"SAN LUIS OBISPO",ATASCADERO,-120.66610540000001,35.485981420000002
90064222,2015,2015-12-02,9740,2015-11-18,1710,015854,,3,2,9,4000,0,3,5,,2,021,"LAS TABLAS RD","DUNCAN RD",15.00,W,N,A,-,N,,,,,,,,,,N,4,0,1,2,A,-,03,22350,,N,C,C,A,A,H,-,C,A,0,,,,,Y,,A,07,0,0,1,0,0,0,0,0,0,"- ","- ",35.554290000000002,-120.71344999999999,"SAN LUIS OBISPO",UNINCORPORATED,-120.71322042,35.554389999999998
90066074,2015,2015-12-04,9745,2015-12-02,1320,012876,,3,1,4,4006,0,1,2,,1,101,"US-101 NORTHBOUND TO MADONNA RD","MADONNA RD",55.00,S,N,B,-,Y,,,101,,,,R,,N,N,4,0,1,2,A,-,21,22106,,N,C,C,A,A,H,-,A,A,0,,,,,Y,,A,01,0,0,1,0,0,0,0,0,0,"- ","- ",35.265650000000001,-120.67317,"SAN LUIS OBISPO","SAN LUIS OBISPO",-120.67317,35.265650000000001
90067062,2015,2015-12-07,9745,2015-11-29,1545,018021,,7,2,9,4000,0,1,2,,2,505,"US-101 NORTHBOUND",SR-166,5280.00,N,N,A,-,Y,,,,,,,,,,N,4,0,1,2,A,-,03,22350,,N,C,C,A,A,H,-,A,D,0,,,,,Y,,A,01,0,0,1,0,0,0,0,0,0,"- ","- ",,,"SAN LUIS OBISPO",UNINCORPORATED,-120.44554717,35.00707061
90067167,2015,2015-12-07,9745,2015-12-01,0715,017061,,2,1,9,4000,0,1,3,,1,041,"SR-1 SOUTHBOUND","COOLIDGE DR",250.00,N,N,A,-,Y,,,1,,,,,,S,Y,4,0,1,2,A,-,03,22350,,N,C,C,A,A,H,-,A,D,0,,,,,Y,,A,07,0,0,1,0,0,0,0,0,0,"- ","- ",35.111870000000003,-120.62555999999999,"SAN LUIS OBISPO",UNINCORPORATED,-120.62552694,35.111885370000003
90067658,2015,2015-12-08,9745,2015-12-02,1318,015144,,3,1,9,4000,0,2,4,,1,046,"PRICE CANYON RD","ORMONDE RD",3168.00,E,N,A,-,N,,,,,,,,,,Y,3,0,1,1,A,-,08,22107,,N,E,I,A,A,H,-,A,D,0,,,,,Y,,A,01,0,1,0,0,0,0,0,0,0,"- ","- ",35.184890000000003,-120.61942000000001,"SAN LUIS OBISPO",UNINCORPORATED,-120.61855552999999,35.186584529999998
90067822,2015,2015-12-08,9745,2015-12-04,1750,016714,,5,2,9,4000,0,2,4,,1,025,"LOS OSOS VALLEY RD. (4700 BLOCK)","TURRI RD.",264.00,E,N,A,-,N,,,,,,,,,,Y,4,0,1,2,A,-,08,22107,,N,D,C,A,A,H,-,D,D,0,,,,,Y,,D,22,0,0,1,0,0,0,0,0,0,"- ","- ",35.297080000000001,-120.76733,"SAN LUIS OBISPO",UNINCORPORATED,-120.77573689,35.299920159999999
90068210,2015,2015-12-08,9745,2015-12-06,2245,020689,,7,3,9,4000,0,2,4,,1,049,"CORBETT CANYON RD","CORBETT HIGHLANDS PL",200.00,S,N,A,-,N,,,,,,,,,,Y,4,0,1,1,A,-,08,22107,,N,E,I,A,A,H,-,D,D,0,,,,,Y,,A,01,0,0,1,0,0,0,0,0,0,"- ","- ",35.175910000000002,-120.56281,"SAN LUIS OBISPO",UNINCORPORATED,-120.56315655,35.176450379999999
90068391,2015,2015-12-09,9740,2015-11-25,1245,014622,,3,1,4,4008,0,1,2,,2,002,"US-101 NORTHBOUND","SAN ANSELMO ROAD",1584.00,N,N,A,-,Y,,,101,,,,,,N,N,4,0,4,2,A,-,03,22350,,N,C,C,A,A,H,-,A,D,0,,,,,Y,,D,22,0,0,4,0,0,0,0,0,0,"- ","- ",35.500729999999997,-120.68826,"SAN LUIS OBISPO",ATASCADERO,-120.68822081,35.500782229999999
90068414,2015,2015-12-09,9740,2015-11-25,1308,016849,,3,1,4,4008,0,1,2,,2,002,"US-101 NORTHBOUND","SAN ANSELMO RD",564.00,S,N,A,-,Y,,,101,,,,,,N,Y,4,0,1,3,A,-,03,22350,,N,C,C,A,A,H,-,A,D,0,,,,,Y,,A,08,0,0,1,0,0,0,0,0,0,"- ","- ",35.496040000000001,-120.68133,"SAN LUIS OBISPO",ATASCADERO,-120.68135780999999,35.495999660000003
90072654,2015,2015-12-14,9740,2015-12-01,1715,015854,,2,2,9,4000,0,1,3,,2,007,SR-41,"ROAD RUNNER LN",1056.00,S,N,A,-,Y,,,41,,,,,,,Y,3,0,3,4,A,-,03,22350,,N,C,C,A,A,H,-,D,D,0,,,,,Y,,B,07,0,1,2,0,0,0,0,0,0,"- ","- ",35.510449999999999,-120.6289,"SAN LUIS OBISPO",UNINCORPORATED,-120.62891556,35.510382210000003
90072747,2015,2015-12-14,9745,2015-12-07,1159,015734,,1,1,2,4005,0,1,2,,2,404,"US-101 SOUTHBOUND","MATTIE RD",4752.00,N,N,A,-,Y,,,101,,,,,,S,Y,4,0,1,2,C,-,18,,,N,B,C,A,A,H,-,A,D,0,,,,,Y,,-,"- ",0,0,1,0,0,0,0,0,0,"- ","- ",35.15699,-120.66961000000001,"SAN LUIS OBISPO","PISMO BEACH",-120.66964163,35.156909429999999
9007496,2019,2020-01-08,4004,2019-12-02,1513,1201,,1,5,3,4004,0,0,0,,0,,"NIBLICK RD","NICKLAUS ST",65.00,W,N,B,-,N,,,,,,,,,,N,4,0,1,2,A,-,03,22350,,N,C,C,A,A,H,-,A,A,0,,,,,Y,,D,22,0,0,1,0,0,0,0,0,0,"- ","- ",35.615840911865234,-120.67566680908203,"SAN LUIS OBISPO","PASO ROBLES",-120.67584991455078,35.615791320800781
90075660,2015,2015-12-16,9745,2015-12-10,0632,017541,,4,1,9,4000,0,1,2,,2,303,"US-101 SOUTHBOUND","SAN LUIS BAY DR",2640.00,N,N,B,-,Y,,,,,,,,,,Y,2,0,1,2,A,-,03,22350,,N,D,C,A,A,H,-,B,D,0,,,Y,,Y,,C,02,1,0,0,0,0,0,0,0,1,"- ","- ",35.113300000000002,-120.42440000000001,"SAN LUIS OBISPO",UNINCORPORATED,,
90078039,2015,2015-12-18,9745,2015-12-13,0709,013212,,7,1,9,4000,0,1,2,,1,101,"US-101 SOUTHBOUND",SR-58,2112.00,S,N,B,-,Y,,,101,,,,,,S,Y,4,0,2,1,A,-,08,22107,,N,E,I,A,A,H,-,A,A,0,,,,,Y,,A,07,0,0,2,0,0,0,0,0,0,"- ","- ",35.378799999999998,-120.63515,"SAN LUIS OBISPO",UNINCORPORATED,-120.63482472,35.378504040000003
90078199,2015,2015-12-18,9745,2015-12-14,2105,017930,,1,2,9,4000,0,1,2,,2,303,"US-101 NORTHBOUND","AVILA BEACH DR.",132.00,N,N,A,-,Y,,,101,,,,,,N,Y,2,0,1,1,A,-,01,23152,A,N,E,I,A,A,H,-,D,D,0,,,,,Y,Y,A,01,1,0,0,0,0,0,0,0,0,"- ","- ",35.180050000000001,-120.69956000000001,"SAN LUIS OBISPO",UNINCORPORATED,-120.69954582,35.180063079999996
90078281,2015,2015-12-18,9745,2015-12-14,0945,017541,,1,1,9,4000,0,3,5,,2,005,"ORCHARD RD","TEFFT STREET",20.00,S,N,A,-,N,,,,,,,,,,N,4,0,1,2,A,-,21,22106,,N,C,C,A,A,H,-,A,D,0,,,,,Y,,A,07,0,0,1,0,0,0,0,0,0,"- ","- ",35.028880000000001,-120.49616,"SAN LUIS OBISPO",UNINCORPORATED,-120.49626103,35.028914219999997
90079089,2015,2015-12-21,9745,2015-12-12,1542,016773,,6,2,9,4000,0,1,2,,2,505,"US-101 NORTHBOUND","SR-166 EASTBOUND",2112.00,N,N,A,-,Y,,,101,,,,,,N,Y,4,0,1,1,A,-,08,22107,,N,E,I,A,A,H,-,A,D,0,,,,,Y,,A,01,0,0,1,0,0,0,0,0,0,"- ","- ",35.009740000000001,-120.45037000000001,"SAN LUIS OBISPO",UNINCORPORATED,-120.45038728999999,35.009707980000002
90079158,2015,2015-12-21,9745,2015-12-17,0110,020144,,4,3,9,4000,0,1,2,,2,505,"US-101 N/B",SR-166,445.00,N,N,A,-,Y,,,101,,,,,,N,Y,3,0,1,1,A,-,08,22107,,N,F,A,A,A,H,-,D,D,0,,,,,Y,,A,01,0,1,0,0,0,0,0,0,0,"- ","- ",34.996400000000001,-120.43432,"SAN LUIS OBISPO",UNINCORPORATED,-120.43463317,34.996318510000002
90079180,2015,2015-12-21,9745,2015-12-15,1740,017930,,2,2,9,4000,0,2,4,,1,052,"THOMPSON AVE","DAY ST",110.00,N,N,A,-,N,,,,,,,,,,Y,4,0,1,2,A,-,03,22350,,N,C,C,A,A,H,-,D,D,0,,,,,Y,,A,01,0,0,1,0,0,0,0,0,0,"- ","- ",35.04795,-120.48144000000001,"SAN LUIS OBISPO",UNINCORPORATED,-120.48133475,35.047785330000004
90079218,2015,2015-12-21,9745,2015-12-18,1230,017930,,5,1,9,4000,0,2,4,,1,048,"AVILA BEACH DRIVE","FIRST ST.",3696.00,W,N,A,-,N,,,,,,,,,,Y,4,0,2,2,A,-,21,22106,,N,C,E,A,A,H,-,A,D,0,,,,,Y,,A,01,0,0,2,0,0,0,0,0,0,"- ","- ",35.178100000000001,-120.74894999999999,"SAN LUIS OBISPO",UNINCORPORATED,-120.74736804,35.17827131
90079926,2015,2015-12-22,9740,2015-12-07,1045,014460,,1,1,9,4000,0,1,2,,2,002,"US-101 (N/B)","LAS TABLAS ROAD",0.00,,Y,A,-,Y,,,101,,,,,,,N,4,0,1,1,A,-,08,22107,,N,E,I,A,A,H,-,A,D,0,,,,,Y,,A,07,0,0,1,0,0,0,0,0,0,"- ","- ",35.554659999999998,-120.71156999999999,"SAN LUIS OBISPO",UNINCORPORATED,-120.71161626999999,35.554702570000003
90080407,2015,2015-12-22,9740,2015-12-11,1720,017426,,5,2,9,4000,0,1,2,,2,002,"US-101 SOUTHBOUND","VINEYARD DR",2112.00,S,N,A,-,Y,,,,,,,,,,Y,4,0,5,3,A,-,03,22350,,N,C,C,A,A,H,-,C,D,0,,,,,Y,,A,07,0,0,5,0,0,0,0,0,0,"- ","- ",35.525910000000003,-120.7114,"SAN LUIS OBISPO",UNINCORPORATED,,
90084417,2015,2015-12-29,9740,2015-12-14,0525,014465,,1,3,3,4004,0,2,4,,2,012,"US-101 SOUTHBOUND","NIBLICK RD O/C",450.00,S,N,A,-,Y,,,101,,,,,,S,Y,3,0,1,1,C,-,18,,,N,E,I,A,C,G,-,D,D,0,,,,,Y,,-,"- ",0,1,0,0,0,0,0,0,0,"- ","- ",35.612439999999999,-120.69070000000001,"SAN LUIS OBISPO","PASO ROBLES",-120.69074036000001,35.61246697
90087456,2015,2016-01-04,9745,2015-12-20,1932,017930,,7,2,9,4000,0,1,2,,2,404,"S/B US-101 TO SHELL BCH. RD.","SPYGLASS DR",500.00,N,N,A,-,Y,,,101,,,,R,,,N,3,0,1,2,A,-,17,21200,,M,D,G,A,A,H,-,C,D,0,,Y,,,Y,Y,L,04,0,1,0,0,0,0,1,0,0,"- ","- ",35.166029999999999,-120.68907,"SAN LUIS OBISPO",UNINCORPORATED,-120.68907,35.166029999999999
90088061,2015,2016-01-05,9740,2015-12-29,2105,019259,,2,2,9,4000,0,3,5,,2,021,"OLD CREEK RD","COTTONTAIL CREEK RD",3960.00,N,N,A,-,N,,,,,,,,,,Y,4,0,1,1,A,-,01,23152,A,N,E,I,A,A,H,-,D,D,0,,,,,Y,Y,A,07,0,0,1,0,0,0,0,0,0,"- ","- ",35.484180000000002,-120.85333,"SAN LUIS OBISPO",UNINCORPORATED,-120.85318232,35.483643610000001
90088181,2016,2016-01-05,9745,2016-01-02,1650,017930,,6,2,9,4000,0,1,2,,2,404,"US-101 SOUTHBOUND","SPYGLASS DR",0.00,,N,B,-,Y,,,101,,,,,,S,Y,4,0,1,2,A,-,03,22350,,N,C,C,A,A,H,-,A,D,0,,,,,Y,,A,07,0,0,1,0,0,0,0,0,0,"- ","- ",35.16048,-120.67856,"SAN LUIS OBISPO",UNINCORPORATED,-120.67858814,35.160407759999998
90088331,2016,2016-01-05,9745,2016-01-03,1730,017097,,7,2,9,4000,0,3,5,,2,002,"NIPOMO AVE","11TH STREET",0.00,,Y,B,-,N,,,,,,,,,,Y,4,0,1,2,A,-,09,21802,A,N,A,C,A,A,H,-,D,A,0,,,,,Y,,-,"- ",0,0,1,0,0,0,0,0,0,"- ","- ",35.316929999999999,-120.83108,"SAN LUIS OBISPO",UNINCORPORATED,-120.83106998,35.31690004
9008990,2019,2020-01-03,4006,2019-11-26,1329,62657,,2,5,4,4006,0,0,0,,0,,LAUREL,SOUTHWOOD,144.00,E,N,A,-,N,,,,,,,,,,N,3,0,1,2,A,-,11,21954,A,F,G,B,D,A,H,-,A,A,0,Y,,,,Y,,N,60,0,1,0,0,1,0,0,0,0,"- ","- ",35.265678405761719,-120.64042663574219,"SAN LUIS OBISPO","SAN LUIS OBISPO",-120.64044189453125,35.265617370605469