CASE_ID,ACCIDENT_YEAR,PROC_DATE,JURIS,COLLISION_DATE,COLLISION_TIME,OFFICER_ID,REPORTING_DISTRICT,DAY_OF_WEEK,CHP_SHIFT,POPULATION,CNTY_CITY_LOC,SPECIAL_COND,BEAT_TYPE,CHP_BEAT_TYPE,CITY_DIVISION_LAPD,CHP_BEAT_CLASS,BEAT_NUMBER,PRIMARY_RD,SECONDARY_RD,DISTANCE,DIRECTION,INTERSECTION,WEATHER_1,WEATHER_2,STATE_HWY_IND,CALTRANS_COUNTY,CALTRANS_DISTRICT,STATE_ROUTE,ROUTE_SUFFIX,POSTMILE_PREFIX,POSTMILE,LOCATION_TYPE,RAMP_INTERSECTION,SIDE_OF_HWY,TOW_AWAY,COLLISION_SEVERITY,NUMBER_KILLED,NUMBER_INJURED,PARTY_COUNT,PRIMARY_COLL_FACTOR,PCF_CODE_OF_VIOL,PCF_VIOL_CATEGORY,PCF_VIOLATION,PCF_VIOL_SUBSECTION,HIT_AND_RUN,TYPE_OF_COLLISION,MVIW,PED_ACTION,ROAD_SURFACE,ROAD_COND_1,ROAD_COND_2,LIGHTING,CONTROL_DEVICE,CHP_ROAD_TYPE,PEDESTRIAN_ACCIDENT,BICYCLE_ACCIDENT,MOTORCYCLE_ACCIDENT,TRUCK_ACCIDENT,NOT_PRIVATE_PROPERTY,ALCOHOL_INVOLVED,STWD_VEHTYPE_AT_FAULT,CHP_VEHTYPE_AT_FAULT,COUNT_SEVERE_INJ,COUNT_VISIBLE_INJ,COUNT_COMPLAINT_PAIN,COUNT_PED_KILLED,COUNT_PED_INJURED,COUNT_BICYCLIST_KILLED,COUNT_BICYCLIST_INJURED,COUNT_MC_KILLED,COUNT_MC_INJURED,PRIMARY_RAMP,SECONDARY_RAMP,LATITUDE,LONGITUDE,COUNTY,CITY,POINT_X,POINT_Y
90092605,2015,2016-01-11,9745,2015-12-24,2140,020144,,4,2,4,4006,0,1,2,,2,202,"US-101 SOUTHBOUND","LOS OSOS VALLEY RD",2640.00,N,N,B,-,Y,,,101,,,,,,S,Y,1,1,0,4,C,-,18,,,F,D,C,A,A,H,-,D,D,0,,,,,Y,Y,-,"- ",0,0,0,0,0,0,0,0,0,"- ","- ",35.251190000000001,-120.6784,"SAN LUIS OBISPO","SAN LUIS OBISPO",-120.67839509,35.251187049999999
90092777,2016,2016-01-11,9745,2016-01-05,1705,017151,,2,2,2,4005,0,1,2,,2,404,"US-101 SOUTHBOUND","PRICE ST",3168.00,N,N,A,-,Y,,,101,,,,,,S,Y,4,0,1,2,A,-,03,22350,,N,C,C,A,B,H,-,A,D,0,,,,,Y,,I,11,0,0,1,0,0,0,0,0,0,"- ","- ",35.154139999999998,-120.66285000000001,"SAN LUIS OBISPO","PISMO BEACH",-120.66281401000001,35.154231199999998
90093209,2016,2016-01-12,9745,2016-01-01,1610,020689,,5,2,9,4000,0,3,5,,2,005,"ORCHARD RD","HOLDER PARK LN.",845.00,E,N,A,-,N,,,,,,,,,,Y,3,0,1,1,A,-,01,23152,A,N,E,I,A,A,H,-,A,D,0,,,,,Y,Y,A,01,0,1,0,0,0,0,0,0,0,"- ","- ",35.003189999999996,-120.45712,"SAN LUIS OBISPO",UNINCORPORATED,-120.45786089000001,35.003183759999999
90093815,2015,2016-04-12,9740,2015-12-18,2226,018323,,5,3,9,4000,0,1,3,,2,005,SR-58,"O DONOVAN RD",4224.00,E,N,A,-,Y,,,58,,,,,,,Y,3,0,1,1,A,-,08,22107,,N,E,I,A,A,H,-,D,D,0,,,,,Y,Y,A,01,0,1,0,0,0,0,0,0,0,"- ","- ",35.455550000000002,-120.46568000000001,"SAN LUIS OBISPO",UNINCORPORATED,-120.46572894000001,35.455665629999999
9009644,2019,2020-03-03,4006,2019-12-11,1531,62657,,3,5,4,4006,0,0,0,,0,,MADONNA,OCEANAIRE,333.00,W,N,-,-,N,,,,,,,,,,Y,4,0,2,3,A,-,03,22350,,N,C,C,A,A,A,-,A,A,0,,,,,Y,,A,07,0,0,2,0,0,0,0,0,0,"- ","- ",35.258838653564453,-120.68534851074219,"SAN LUIS OBISPO","SAN LUIS OBISPO",-120.68527984619141,35.258964538574219
90097621,2016,2016-01-19,9740,2016-01-06,1417,015854,,3,2,3,4004,0,2,S,,2,901,"NIBLICK ROAD","CRESTON ROAD",456.00,W,N,B,-,N,,,,,,,,,,Y,4,0,1,2,A,-,03,22350,,N,C,C,A,B,H,-,A,D,0,,,,,Y,,D,22,0,0,1,0,0,0,0,0,0,"- ","- ",35.615679999999998,-120.66079999999999,"SAN LUIS OBISPO","PASO ROBLES",-120.66065386,35.615744079999999
90099802,2016,2016-01-21,9740,2016-01-11,0759,014465,,1,1,9,4000,0,3,5,,2,021,"LAS TABLAS RD","BENNETT WAY",0.00,,Y,B,-,N,,,,,,,,,,N,4,0,1,2,A,-,09,21801,A,N,D,C,A,B,H,-,A,A,0,,,,,Y,,A,07,0,0,1,0,0,0,0,0,0,"- ","- ",35.554510000000001,-120.71427,"SAN LUIS OBISPO",UNINCORPORATED,-120.71423994,35.554390099999999
90100332,2016,2016-01-21,9745,2016-01-21,0555,013937,,4,3,4,4006,0,1,2,,2,202,"US-101 NORTHBOUND","MADONNA RD",2112.00,S,N,A,-,Y,,,101,,,,,,N,Y,4,0,1,1,A,-,08,22107,,N,E,I,A,A,H,-,D,D,0,,,,,Y,,A,01,0,0,1,0,0,0,0,0,0,"- ","- ",35.256160000000001,-120.67516000000001,"SAN LUIS OBISPO","SAN LUIS OBISPO",-120.67514850000001,35.256153089999998
90103744,2016,2016-01-27,9740,2016-01-22,1435,015854,,5,2,9,4000,0,3,5,,2,017,"CROCKER ST","3RD ST",165.00,S,N,B,-,N,,,,,,,,,,N,3,0,1,1,A,-,01,23152,A,F,H,A,A,A,H,-,A,D,0,,,,,Y,Y,D,22,0,1,0,0,0,0,0,0,0,"- ","- ",35.551209999999998,-120.70519,"SAN LUIS OBISPO",UNINCORPORATED,-120.70551627,35.550853510000003
90104178,2016,2016-01-27,9745,2016-01-20,0540,017144,,3,3,9,4000,0,3,5,,2,003,"SEE CANYON RD","CIDER LANE",1056.00,S,N,B,-,N,,,,,,,,,,Y,2,0,1,1,A,-,03,22350,,N,E,I,A,B,H,-,D,D,0,,,,,Y,,A,01,1,0,0,0,0,0,0,0,0,"- ","- ",35.223460000000003,-120.7324,"SAN LUIS OBISPO",UNINCORPORATED,-120.7318033,35.222686590000002
90104670,2016,2016-01-28,9740,2016-01-15,0640,013733,,5,1,9,4000,0,2,4,,2,012,"NACIMIENTO LAKE DR","MUSTANG SPRINGS RD",175.00,E,N,C,-,N,,,,,,,,,,Y,3,0,1,1,A,-,03,22350,,N,E,I,A,B,H,-,A,D,0,,,,,Y,,D,22,0,1,0,0,0,0,0,0,0,"- ","- ",35.643650000000001,-120.70314999999999,"SAN LUIS OBISPO",UNINCORPORATED,-120.7030704,35.64360568
90105992,2016,2016-02-01,9740,2016-01-18,1435,014662,,1,2,9,4000,0,3,5,,2,017,"VINEYARD DR","US 101 N/B FROM VINEYARD DR",75.00,E,N,B,-,Y,,,,,,,,,,N,4,0,1,2,A,-,21,22106,,N,C,C,A,A,H,-,A,A,0,,,,,Y,,A,01,0,0,1,0,0,0,0,0,0,"- ","- ",35.543900000000001,-120.7135,"SAN LUIS OBISPO",UNINCORPORATED,,
90106595,2016,2016-02-01,9740,2016-01-25,1505,015644,,1,2,9,4000,0,1,3,,2,011,"SR-46 W/B","DEL SOL PL.",63.00,E,N,A,-,Y,,,,,,,,,,Y,4,0,1,3,A,-,03,22350,,N,C,C,A,A,H,-,A,D,0,,,,,Y,,A,07,0,0,1,0,0,0,0,0,0,"- ","- ",35.567660000000004,-120.17294,"SAN LUIS OBISPO",UNINCORPORATED,-120.70549315,35.586573950000002
90106838,2016,2016-02-01,9745,2016-01-18,2500,015734,,1,4,4,4006,0,1,2,,2,202,"US-101 NORTHBOUND","LOS OSOS VALLEY RD",2700.00,N,N,B,C,Y,,,101,,,,,,N,Y,4,0,1,1,A,-,01,23152,A,N,E,I,A,B,H,-,D,D,0,,,,,Y,Y,A,01,0,0,1,0,0,0,0,0,0,"- ","- ",35.251820000000002,-120.67774,"SAN LUIS OBISPO","SAN LUIS OBISPO",-120.67774962999999,35.251825789999998
90107188,2016,2016-02-02,9745,2016-01-25,0739,015734,,1,1,9,4000,0,1,2,,2,505,"US-101 NORTHBOUND","EL CAMPO RD",3696.00,S,N,A,-,Y,,,,,,,,,,Y,4,0,1,2,A,-,03,22350,,N,C,C,A,A,H,-,A,D,0,,,,,Y,,A,01,0,0,1,0,0,0,0,0,0,"- ","- ",35.109070000000003,-120.55164000000001,"SAN LUIS OBISPO",UNINCORPORATED,-120.55313039000001,35.106089799999999
90107378,2016,2016-02-02,9745,2016-01-25,2000,020689,,1,2,9,4000,0,3,5,,2,005,"DANA ST","THOMPSON RD",100.00,W,N,A,-,N,,,,,,,,,,N,2,0,1,2,A,-,11,21954,A,N,G,B,D,A,H,-,C,D,0,Y,,,,Y,,N,60,1,0,0,0,1,0,0,0,0,"- ","- ",35.041890000000002,-120.47545,"SAN LUIS OBISPO",UNINCORPORATED,-120.47533197,35.041929719999999
90108809,2016,2016-02-03,9740,2016-01-24,2500,019259,,7,4,9,4000,0,1,3,,2,008,SR-46E,"LUCY BROWN RD",1584.00,E,N,A,-,Y,,,46,,,,,,,Y,3,0,1,1,A,-,01,23152,A,N,E,I,A,B,H,-,D,D,0,,,,,Y,Y,A,01,0,1,0,0,0,0,0,0,0,"- ","- ",35.690049999999999,-120.33412,"SAN LUIS OBISPO",UNINCORPORATED,-120.33427914000001,35.690243670000001
90109184,2016,2016-02-04,9740,2016-01-28,1725,014662,,4,2,9,4000,0,1,2,,2,001,"US 101 SOUTHBOUND","SANTA BARBARA RD",10032.00,S,N,A,-,Y,,,,,,,,,,N,4,0,1,2,A,-,07,21658,,N,E,I,A,A,H,-,B,D,0,,,,,Y,,A,07,0,0,1,0,0,0,0,0,0,"- ","- ",35.418500000000002,-120.62909999999999,"SAN LUIS OBISPO",UNINCORPORATED,,
90111035,2016,2016-02-08,9745,2016-02-01,1953,020144,,1,2,9,4000,0,1,3,,1,045,SR-1,"GUADALUPE RD",335.00,S,N,A,-,Y,,,1,,,,,,,Y,2,0,1,1,C,-,18,,,N,E,I,A,A,H,-,D,D,0,,,Y,,Y,,-,"- ",1,0,0,0,0,0,0,0,1,"- ","- ",35.044840000000001,-120.56825000000001,"SAN LUIS OBISPO",UNINCORPORATED,-120.56824084,35.044842729999999
90111149,2016,2016-02-08,9745,2016-02-05,0754,013531,,5,1,2,4005,0,1,2,,2,404,"US-101 NORTHBOUND","4TH STREET",900.00,S,N,A,-,Y,,,101,,,,,,N,Y,4,0,2,3,A,-,03,22350,,N,C,C,A,A,H,-,A,D,0,,,,,Y,,A,07,0,0,2,0,0,0,0,0,0,"- ","- ",35.135210000000001,-120.61966,"SAN LUIS OBISPO","PISMO BEACH",-120.6196327,35.135266430000001
90111820,2016,2016-02-09,9745,2016-02-08,1715,020689,,1,2,9,4000,0,3,5,,2,004,"15TH STREET","PASO ROBLES ST",0.00,,Y,A,-,N,,,,,,,,,,N,4,0,1,2,A,-,09,21802,A,N,D,C,A,A,H,-,A,A,0,,,,,Y,,A,07,0,0,1,0,0,0,0,0,0,"- ","- ",35.101190000000003,-120.6142,"SAN LUIS OBISPO",UNINCORPORATED,-120.61417996,35.101190090000003
90113470,2016,2016-02-11,9740,2016-02-04,1015,014460,,4,1,9,4000,0,3,5,,2,017,"EL POMAR DRIVE","MOSS LANE",3168.00,E,N,A,-,N,,,,,,,,,,Y,4,0,1,1,A,-,08,22107,,N,E,I,A,A,H,-,A,D,0,,,,,Y,,A,01,0,0,1,0,0,0,0,0,0,"- ","- ",35.331000000000003,-120.419,"SAN LUIS OBISPO",UNINCORPORATED,-120.69471873000001,35.549820820000001
9011587,2019,2019-12-26,4004,2019-11-16,1426,77,F,6,5,3,4004,0,0,0,,0,,"SPRING ST","13TH ST",10.00,S,N,A,-,N,,,,,,,,,,Y,4,0,1,2,A,-,12,21453,A,F,D,C,A,A,H,-,A,A,0,,,,,Y,,-,,0,0,1,0,0,0,0,0,0,"- ","- ",35.627731323242188,-120.69155883789062,"SAN LUIS OBISPO","PASO ROBLES",-120.69149017333984,35.627700805664062
90116746,2016,2016-02-17,9740,2016-02-07,0900,018323,,7,1,9,4000,0,1,2,,2,002,"US-101 SOUTHBOUND","MAIN STREET",528.00,N,N,A,-,Y,,,101,,,,,,S,Y,3,0,1,1,A,-,01,23152,E,N,F,A,A,A,H,-,A,D,0,,,,,Y,,A,01,0,1,0,0,0,0,0,0,0,"- ","- ",35.571420000000003,-120.69929,"SAN LUIS OBISPO",UNINCORPORATED,-120.69921793,35.571382640000003
90116943,2016,2016-02-17,9745,2016-02-10,1834,020228,,3,2,9,4000,0,2,4,,1,046,"PRICE CANYON RD","ORMONDE RD",0.00,,Y,A,-,N,,,,,,,,,,Y,2,0,1,1,A,-,01,23152,A,N,E,I,A,A,H,-,D,D,0,,,,,Y,Y,A,01,1,0,0,0,0,0,0,0,0,"- ","- ",35.178190000000001,-120.62090999999999,"SAN LUIS OBISPO",UNINCORPORATED,-120.6209399,35.178200029999999
90118348,2016,2016-03-21,9740,2016-02-17,2225,017426,,3,3,4,4008,0,1,2,,2,002,"US-101 NORTHBOUND","SAN RAMON RD",525.00,S,N,B,C,Y,,,101,,,,,,N,Y,4,0,1,2,A,-,03,22350,,N,C,C,A,B,H,-,C,D,0,,,,,Y,,A,01,0,0,1,0,0,0,0,0,0,"- ","- ",35.524270000000001,-120.70404000000001,"SAN LUIS OBISPO",ATASCADERO,-120.70408551,35.52427256
90118414,2016,2016-02-18,9745,2016-02-15,0300,017968,,1,3,9,4000,0,3,5,,2,002,"SOUTH BAY BOULEVARD","NIPOMO AVE",1056.00,N,N,A,-,N,,,,,,,,,,Y,4,0,1,1,A,-,01,23152,A,N,F,A,A,A,H,-,D,D,0,,,,,Y,Y,A,01,0,0,1,0,0,0,0,0,0,"- ","- ",35.317720000000001,-120.82343,"SAN LUIS OBISPO",UNINCORPORATED,-120.82343632,35.319450660000001
90118797,2016,2016-02-18,9745,2016-02-07,0900,017144,,7,1,9,4000,0,1,3,,1,045,SR-1,"HILLVIEW PL",60.00,S,N,A,-,Y,,,1,,,,,,,Y,4,0,1,3,A,-,05,21460,A,N,A,C,A,A,H,-,A,D,0,,,,Y,Y,,A,01,0,0,1,0,0,0,0,0,0,"- ","- ",35.041409999999999,-120.5681,"SAN LUIS OBISPO",UNINCORPORATED,-120.56808021000001,35.041410650000003
90119045,2016,2016-02-18,9745,2016-02-10,1446,013531,,3,2,9,4000,0,2,4,,1,051,"LOS BERROS ROAD","MILTON STREET",88.00,W,N,A,-,N,,,,,,,,,,Y,4,0,4,4,A,-,09,21801,A,N,A,C,A,A,H,-,A,D,0,,,,,Y,,A,07,0,0,4,0,0,0,0,0,0,"- ","- ",35.08287,-120.55295,"SAN LUIS OBISPO",UNINCORPORATED,-120.55253750999999,35.08273251
90119770,2016,2016-02-22,9740,2016-02-12,1909,015854,,5,2,9,4000,0,3,5,,2,017,"CRIPPLE CREEK RD",SR-41,15.00,W,N,A,-,Y,,,,,,,,,,Y,4,0,3,2,A,-,03,22350,,N,D,C,A,A,H,-,D,A,0,,,,,Y,,A,01,0,0,3,0,0,0,0,0,0,"- ","- ",35.533900000000003,-120.55739,"SAN LUIS OBISPO",UNINCORPORATED,-120.55717801999999,35.533864250000001
90120649,2016,2016-02-22,9740,2016-02-08,0738,018323,,1,1,9,4000,0,2,4,,2,012,"G-14 (NACIMIENTO LAKE ROAD)","OAK FLAT ROAD",45.00,N,N,A,-,N,,,,,,,,,,Y,4,0,1,1,A,-,08,22107,,N,E,I,A,A,H,-,A,D,0,,,,,Y,,A,01,0,0,1,0,0,0,0,0,0,"- ","- ",35.666170000000001,-120.72544000000001,"SAN LUIS OBISPO",UNINCORPORATED,-120.72550714,35.666172950000004
90120680,2016,2016-02-22,9740,2016-02-15,0803,018323,,1,1,9,4000,0,3,5,,2,024,"SAINT JAMES RD","RANDALL DRIVE",170.00,N,N,A,-,N,,,,,,,,,,Y,4,0,1,3,A,-,03,22350,,N,C,C,E,A,H,-,A,D,0,Y,,,,Y,,A,07,0,0,1,0,1,0,0,0,0,"- ","- ",35.543610000000001,-120.08395,"SAN LUIS OBISPO",UNINCORPORATED,-121.08393563,35.543619450000001
90122622,2016,2016-02-24,9745,2016-02-22,0010,017968,,1,3,9,4000,0,1,3,,1,041,"SR-1 N/B","DOTY DRIVE",528.00,E,N,A,-,Y,,,1,,,,,,N,Y,3,0,2,1,A,-,01,23152,A,N,F,A,A,A,H,-,D,D,0,,,,,Y,Y,A,07,0,2,0,0,0,0,0,0,0,"- ","- ",35.089799999999997,-120.58177999999999,"SAN LUIS OBISPO",UNINCORPORATED,-120.58187619,35.089837590000002
90123036,2016,2016-02-24,9740,2016-02-18,1127,014465,,4,1,9,4000,0,1,2,,2,002,"US 101 (N/B)","LAS TABLAS RD",2112.00,S,N,A,-,Y,,,,,,,,,,Y,4,0,1,2,A,-,07,21658,A,M,B,C,A,A,H,-,A,D,0,,,,,Y,,A,07,0,0,1,0,0,0,0,0,0,"- ","- ",35.549810000000001,-120.71565,"SAN LUIS OBISPO",UNINCORPORATED,-120.71591214999999,35.54949809
90123802,2016,2016-02-25,9750,2016-02-21,1230,015916,,7,1,9,4000,0,1,3,,2,061,"SR-166 (IRVINE & STOVALL MEMORIAL HWY)","S. THOMPSON AVENUE",0.00,,Y,A,-,Y,,,166,,,,,,,Y,3,0,1,2,A,-,09,21801,B,N,D,C,A,A,H,-,A,A,0,,,Y,,Y,,C,02,0,1,0,0,0,0,0,0,1,"- ","- ",34.996429999999997,-120.43397,"SAN LUIS OBISPO",UNINCORPORATED,-120.43396556,34.996400569999999
90126654,2016,2016-03-01,9740,2016-02-15,1425,013133,,1,2,4,4008,0,1,2,,2,002,"US-101 NORTHBOUND","DEL RIO AVE",1584.00,S,N,A,-,Y,,,101,,,,,,N,Y,3,0,1,1,A,-,08,22107,,N,F,A,A,A,H,-,A,D,0,,,,,Y,,A,07,0,1,0,0,0,0,0,0,0,"- ","- ",35.508009999999999,-120.69553000000001,"SAN LUIS OBISPO",ATASCADERO,-120.69559441,35.507959900000003
90127093,2016,2016-03-01,9745,2016-02-17,0845,012876,,3,1,9,4000,0,1,2,,1,101,"US-101 SOUTHBOUND","TV TOWER RD",436.00,S,N,B,-,Y,,,,,,,,,,Y,3,0,1,2,A,-,07,21658,A,F,E,I,A,A,H,-,A,D,0,,,,,Y,,A,01,0,1,0,0,0,0,0,0,0,"- ","- ",35.354770000000002,-120.629,"SAN LUIS OBISPO",UNINCORPORATED,,
90129158,2016,2016-03-03,9745,2016-02-20,1220,020229,,6,1,9,4000,0,2,S,,2,054,"LOPEZ DR","BLUE SKY DR",180.00,W,N,A,-,N,,,,,,,,,,Y,3,0,1,1,A,-,08,22107,,M,E,J,A,A,H,-,A,D,0,,,,,Y,,A,01,0,1,0,0,0,0,0,0,0,"- ","- ",35.158850000000001,-120.53452,"SAN LUIS OBISPO",UNINCORPORATED,-120.53447,35.159750000000003
90129607,2016,2016-03-04,9745,2016-02-28,1810,013531,,7,2,9,4000,0,3,5,,2,005,"THOMPSON AVENUE","KNOTTS STREET",90.00,S,N,A,-,N,,,,,,,,,,Y,3,0,2,1,C,-,18,,,N,E,I,A,A,H,-,C,D,0,,,,,Y,,-,"- ",0,1,1,0,0,0,0,0,0,"- ","- ",35.038910000000001,-120.47172,"SAN LUIS OBISPO",UNINCORPORATED,-120.47164272000001,35.038920990000001
90129632,2016,2016-03-04,9745,2016-03-03,1330,013531,,4,1,9,4000,0,1,3,,1,040,SR-227,"EDNA VALLEY LANE",0.00,,Y,A,-,Y,,,227,,,,,,,Y,4,0,2,1,A,-,08,22107,,N,E,I,A,A,H,-,A,D,0,,,,,Y,,A,01,0,0,2,0,0,0,0,0,0,"- ","- ",35.174430000000001,-120.58620000000001,"SAN LUIS OBISPO",UNINCORPORATED,-120.58624763,35.174398050000001
90130596,2016,2016-03-07,9745,2016-03-04,0855,017144,,5,1,9,4000,0,2,4,,1,055,"TEFFT STREET",US-101,0.00,,Y,B,-,Y,,,,,,,,,,N,4,0,1,3,A,-,03,22350,,N,C,C,A,A,H,-,A,D,0,,,,,Y,,A,01,0,0,1,0,0,0,0,0,0,"- ","- ",35.036940000000001,-120.48457999999999,"SAN LUIS OBISPO",UNINCORPORATED,-120.48472998,35.036800049999997
90130657,2016,2016-03-07,9745,2016-03-06,1425,016714,,7,2,9,4000,0,1,3,,2,023,"SR-1 S/B, (CABRILLO HIGHWAY)","CANET RD.",138.00,S,N,A,-,Y,,,1,,,,,,S,N,4,0,1,2,A,-,03,22350,,N,E,I,A,A,H,-,A,D,0,,,,,Y,,D,22,0,0,1,0,0,0,0,0,0,"- ","- ",35.354370000000003,-120.78379,"SAN LUIS OBISPO",UNINCORPORATED,-120.78379330999999,35.354357309999997
90131647,2016,2016-03-08,9740,2016-03-01,0615,014662,,2,1,4,4008,0,1,2,,2,001,"US 101 NB","CURBARIL AVE",500.00,S,N,A,-,Y,,,,,,,,,,Y,3,0,1,1,A,-,01,23152,A,N,F,A,A,A,H,-,D,D,0,,,,,Y,Y,A,07,0,1,0,0,0,0,0,0,0,"- ","- ",35.283000000000001,-120.3927,"SAN LUIS OBISPO",ATASCADERO,-120.65765253000001,35.475276129999997
90131771,2016,2016-03-08,9745,2016-03-04,1540,020689,,5,2,2,4005,0,1,2,,2,404,"US-101 NB FROM JAMES WAY ON RAMP","4TH STREET",2112.00,N,N,B,-,Y,,,101,,,,R,,N,Y,4,0,2,2,A,-,03,22350,,N,C,C,A,A,H,-,A,D,0,,,,,Y,,A,07,0,0,2,0,0,0,0,0,0,"- ","- ",35.13805,-120.6288,"SAN LUIS OBISPO","PISMO BEACH",-120.6288,35.13805
90131806,2016,2016-03-08,9745,2016-03-07,1548,016714,,1,2,9,4000,0,1,3,,2,023,"SR-1 N/B (CABRILLO HIGHWAY)","GILARDI RD.",3168.00,N,N,C,-,Y,,,1,,,,,,N,Y,4,0,1,1,C,-,18,,,N,E,I,A,B,H,-,A,D,0,,,,,Y,,-,"- ",0,0,1,0,0,0,0,0,0,"- ","- ",35.349519999999998,-120.77244,"SAN LUIS OBISPO",UNINCORPORATED,-120.77243571,35.349525180000001
9013213,2019,2020-02-13,4008,2019-12-18,1445,3125,,3,5,4,4008,0,0,0,,0,,"EL CAMINO REAL","CURBARIL AV",32.00,N,N,A,-,N,,,,,,,,,,N,4,0,2,2,A,-,03,22350,,N,C,C,A,A,H,-,A,A,0,,,,,Y,,A,07,0,0,2,0,0,0,0,0,0,"- ","- ",35.477569580078125,-120.65640258789062,"SAN LUIS OBISPO",ATASCADERO,-120.65631866455078,35.477596282958984
9013237,2019,2020-02-13,4006,2019-12-10,0907,97574,,2,5,4,4006,0,0,0,,0,,"SANTA ROSA",OLIVE,0.00,,Y,A,-,N,,,,,,,,,,N,3,0,1,2,A,-,08,22107,A,N,D,G,A,A,H,-,A,A,0,,Y,Y,,Y,,C,02,0,1,0,0,0,0,1,0,0,"- ","- ",35.287528991699219,-120.66432189941406,"SAN LUIS OBISPO","SAN LUIS OBISPO",,
9013241,2019,2020-02-12,4006,2019-12-12,1648,20008,,4,5,4,4006,0,0,0,,0,,HIGUERA,NIPOMO,244.00,W,N,A,-,N,,,,,,,,,,N,4,0,1,2,A,-,08,22107,,N,B,G,A,A,H,-,A,D,0,,Y,,,Y,,-,,0,0,1,0,0,0,1,0,0,"- ","- ",35.27777099609375,-120.66645050048828,"SAN LUIS OBISPO","SAN LUIS OBISPO",-120.66638946533203,35.277736663818359
9013249,2019,2020-02-14,4006,2019-12-19,1728,15560,SLO,4,5,4,4006,0,0,0,,0,CITY,JOHNSON,LAUREL,0.00,,Y,A,-,N,,,,,,,,,,Y,4,0,1,2,A,-,08,22107,,N,D,C,A,A,H,-,C,D,0,,,,,Y,,A,01,0,0,1,0,0,0,0,0,0,"- ","- ",,,"SAN LUIS OBISPO","SAN LUIS OBISPO",-120.63838958740234,35.268348693847656
90134089,2016,2016-03-10,9740,2016-02-13,1815,016849,,6,2,9,4000,0,1,3,,2,011,SR-46,"VINEYARD DRIVE",0.00,,Y,A,-,Y,,,46,,,,,,,Y,3,0,2,2,A,-,09,21802,A,N,D,C,A,A,H,-,D,A,0,,,,,Y,,A,01,0,1,1,0,0,0,0,0,0,"- ","- ",35.553310000000003,-120.76156,"SAN LUIS OBISPO",UNINCORPORATED,-120.76157317000001,35.55333426
90136821,2016,2016-03-15,9745,2016-03-05,1920,017238,,6,2,4,4006,0,1,2,,2,202,"US-101 SOUTHBOUND","CALIFORNIA BLVD",400.00,N,N,B,C,Y,,,101,,,,,,S,Y,4,0,1,2,A,-,07,21658,A,N,B,C,A,B,H,-,D,D,0,,,,,Y,,A,01,0,0,1,0,0,0,0,0,0,"- ","- ",35.292000000000002,-120.6571,"SAN LUIS OBISPO","SAN LUIS OBISPO",-120.65694553,35.291597449999998
90137992,2016,2016-03-16,9745,2016-03-11,1010,020229,,5,1,2,4005,0,1,2,,2,404,"US-101 SOUTHBOUND","PRICE CANYON RD",1100.00,S,N,C,-,Y,,,101,,,,,,S,Y,4,0,1,1,A,-,08,22107,,N,F,A,A,C,H,-,A,D,0,,,,,Y,,D,22,0,0,1,0,0,0,0,0,0,"- ","- ",35.13908,-120.63576999999999,"SAN LUIS OBISPO","PISMO BEACH",-120.63569233,35.139254200000003
90138026,2016,2016-03-16,9745,2016-03-12,0910,020689,,6,1,9,4000,0,1,3,,1,011,SR-41,"CERRO ALTO RD.",30.00,E,N,A,-,Y,,,41,,,,,,,Y,4,0,2,2,A,-,03,22350,,N,C,C,A,A,H,-,A,D,0,,,,,Y,,D,22,0,0,2,0,0,0,0,0,0,"- ","- ",35.429290000000002,-120.75157,"SAN LUIS OBISPO",UNINCORPORATED,-120.75164005000001,35.429327309999998
90146133,2016,2016-03-28,9745,2016-03-17,2111,018021,,4,2,9,4000,0,3,5,,2,004,"HALCYON RD","LA DUE ST",0.00,,Y,A,-,N,,,,,,,,,,Y,4,0,3,2,A,-,09,21802,A,N,D,C,A,A,H,-,D,D,0,,,,,Y,,A,01,0,0,3,0,0,0,0,0,0,"- ","- ",35.103409999999997,-120.59157999999999,"SAN LUIS OBISPO",UNINCORPORATED,-120.59163993999999,35.103400049999998
90147009,2016,2016-03-29,9745,2016-03-21,1620,017097,,1,2,9,4000,0,3,5,,2,005,"OAKGLEN AVE","DARBY LN",100.00,N,N,A,-,N,,,,,,,,,,N,4,0,5,2,A,-,09,21801,A,N,D,C,A,A,H,-,A,D,0,,,,,Y,,A,01,0,0,5,0,0,0,0,0,0,"- ","- ",35.033969999999997,-120.47879,"SAN LUIS OBISPO",UNINCORPORATED,-120.47860563,35.033749729999997
90147304,2016,2016-03-29,9745,2016-03-22,1555,016714,,2,2,9,4000,0,1,3,,2,023,"SR-1 N/B, (CABRILLO HIGHWAY)","EDUCATION DR.",688.00,S,N,A,-,Y,,,1,,,,,,N,Y,4,0,1,2,A,-,03,22350,,N,C,C,A,A,H,-,A,D,0,,,,,Y,,A,01,0,0,1,0,0,0,0,0,0,"- ","- ",35.33287,-120.74095,"SAN LUIS OBISPO",UNINCORPORATED,-120.74096271000001,35.332825769999999