CASE_ID,ACCIDENT_YEAR,PROC_DATE,JURIS,COLLISION_DATE,COLLISION_TIME,OFFICER_ID,REPORTING_DISTRICT,DAY_OF_WEEK,CHP_SHIFT,POPULATION,CNTY_CITY_LOC,SPECIAL_COND,BEAT_TYPE,CHP_BEAT_TYPE,CITY_DIVISION_LAPD,CHP_BEAT_CLASS,BEAT_NUMBER,PRIMARY_RD,SECONDARY_RD,DISTANCE,DIRECTION,INTERSECTION,WEATHER_1,WEATHER_2,STATE_HWY_IND,CALTRANS_COUNTY,CALTRANS_DISTRICT,STATE_ROUTE,ROUTE_SUFFIX,POSTMILE_PREFIX,POSTMILE,LOCATION_TYPE,RAMP_INTERSECTION,SIDE_OF_HWY,TOW_AWAY,COLLISION_SEVERITY,NUMBER_KILLED,NUMBER_INJURED,PARTY_COUNT,PRIMARY_COLL_FACTOR,PCF_CODE_OF_VIOL,PCF_VIOL_CATEGORY,PCF_VIOLATION,PCF_VIOL_SUBSECTION,HIT_AND_RUN,TYPE_OF_COLLISION,MVIW,PED_ACTION,ROAD_SURFACE,ROAD_COND_1,ROAD_COND_2,LIGHTING,CONTROL_DEVICE,CHP_ROAD_TYPE,PEDESTRIAN_ACCIDENT,BICYCLE_ACCIDENT,MOTORCYCLE_ACCIDENT,TRUCK_ACCIDENT,NOT_PRIVATE_PROPERTY,ALCOHOL_INVOLVED,STWD_VEHTYPE_AT_FAULT,CHP_VEHTYPE_AT_FAULT,COUNT_SEVERE_INJ,COUNT_VISIBLE_INJ,COUNT_COMPLAINT_PAIN,COUNT_PED_KILLED,COUNT_PED_INJURED,COUNT_BICYCLIST_KILLED,COUNT_BICYCLIST_INJURED,COUNT_MC_KILLED,COUNT_MC_INJURED,PRIMARY_RAMP,SECONDARY_RAMP,LATITUDE,LONGITUDE,COUNTY,CITY,POINT_X,POINT_Y
90147331,2016,2016-03-29,9745,2016-03-22,1630,017097,,2,2,4,4006,0,1,2,,2,202,"US-101 SB","LOS OSOS VALLEY RD",1584.00,S,N,A,-,Y,,,101,,,,,,S,Y,3,0,1,2,A,-,03,22350,,N,C,C,A,A,H,-,A,D,0,,,,,Y,,A,07,0,1,0,0,0,0,0,0,0,"- ","- ",35.239249999999998,-120.68382,"SAN LUIS OBISPO","SAN LUIS OBISPO",-120.68377734000001,35.239247929999998
90147446,2016,2016-03-29,9740,2016-03-22,0750,014662,,2,1,9,4000,0,3,5,,2,017,"CRESTON RD","GENESEO RD",309.00,W,N,A,-,N,,,,,,,,,,Y,2,0,1,2,A,-,06,21750,,N,D,C,A,A,H,-,A,D,0,,,Y,,Y,,C,02,1,0,0,0,0,0,0,0,1,"- ","- ",35.311799999999998,-120.325,"SAN LUIS OBISPO",UNINCORPORATED,-120.54694910000001,35.571640000000002
90151007,2016,2016-04-05,9745,2016-03-27,1035,017541,,7,1,9,4000,0,3,5,,2,005,"SOUTH FRONTAGE RD.","STORY ST.",0.00,,Y,A,-,N,,,,,,,,,,Y,4,0,2,2,A,-,09,21802,A,N,D,C,A,A,H,-,A,A,0,,,,,Y,,A,01,0,0,2,0,0,0,0,0,0,"- ","- ",35.027279999999998,-120.47476,"SAN LUIS OBISPO",UNINCORPORATED,-120.47472999,35.027290090000001
90151298,2016,2016-04-05,9745,2016-03-29,1450,016002,,2,2,9,4000,0,2,4,,1,048,"AVILA BEACH DRIVE","US-101 SOUTHBOUND OFFRAMP",0.00,,Y,A,-,Y,,,,,,,,,,Y,3,0,4,2,A,-,09,21802,A,N,D,C,A,A,H,-,A,A,0,,,,,Y,,A,08,0,2,2,0,0,0,0,0,0,"- ","- ",35.179780000000001,-120.70044,"SAN LUIS OBISPO",UNINCORPORATED,,
90151379,2016,2016-04-05,9745,2016-03-31,1555,017817,,4,2,2,4005,0,1,2,,2,404,"US-101 SOUTHBOUND","SPYGLASS DR.",1800.00,S,N,A,-,Y,,,101,,,,,,S,Y,4,0,1,3,A,-,03,22350,,N,C,C,A,A,H,-,A,D,0,,,,,Y,,A,01,0,0,1,0,0,0,0,0,0,"- ","- ",35.159829999999999,-120.67689,"SAN LUIS OBISPO","PISMO BEACH",-120.6769183,35.15975735
90151478,2016,2016-04-05,9745,2016-03-25,1156,017151,,5,1,9,4000,0,1,2,,2,505,"US-101 NORTHBOUND","EL CAMPO RD",2640.00,S,N,A,-,Y,,,101,,,,,,N,Y,4,0,1,3,A,-,03,22350,,N,C,C,A,A,H,-,A,D,0,,,,,Y,,A,01,0,0,1,0,0,0,0,0,0,"- ","- ",35.102629999999998,-120.54904999999999,"SAN LUIS OBISPO",UNINCORPORATED,-120.54910581999999,35.102577420000003
90151489,2016,2016-04-05,9745,2016-04-04,0740,017151,,1,1,9,4000,0,3,5,,2,005,"DIVISION STREET","BEVERLY DR",0.00,,Y,E,-,N,,,,,,,,,,Y,4,0,1,2,A,-,09,21801,A,N,D,C,A,A,H,-,A,D,0,,,,,Y,,D,22,0,0,1,0,0,0,0,0,0,"- ","- ",35.026560000000003,-120.48242999999999,"SAN LUIS OBISPO",UNINCORPORATED,-120.48256000000001,35.026610009999999
90153101,2016,2016-04-07,9750,2016-04-06,2248,020323,,3,3,9,4000,0,1,3,,2,061,SR-166,US-101,167.00,E,N,A,-,Y,,,166,,,,,,,Y,3,0,1,1,A,-,01,23152,A,N,E,I,A,A,H,-,C,A,0,,,,,Y,Y,A,08,0,1,0,0,0,0,0,0,0,"- ","- ",34.996250000000003,-120.43389999999999,"SAN LUIS OBISPO",UNINCORPORATED,-120.43392369,34.996406899999997
90153262,2016,2016-04-07,9745,2016-03-31,1803,016002,,4,2,9,4000,0,3,5,,2,004,"LOS BERROS RD","CENTURY LN",452.00,E,N,A,-,N,,,,,,,,,,Y,3,0,1,1,A,-,01,23152,A,N,E,I,A,A,H,-,A,D,0,,,,,Y,Y,A,01,0,1,0,0,0,0,0,0,0,"- ","- ",35.101700000000001,-120.57803,"SAN LUIS OBISPO",UNINCORPORATED,-120.57807998,35.10182683
90155034,2016,2016-04-11,9740,2016-04-07,1615,017426,,4,2,9,4000,0,3,5,,2,019,"HOG CANYON RD","VINEYARD VIEW LANE",2640.00,W,N,A,-,N,,,,,,,,,,Y,4,0,2,1,A,-,08,22107,,N,F,A,A,A,H,-,A,D,0,,,,,Y,,A,01,0,0,2,0,0,0,0,0,0,"- ","- ",35.722529999999999,-120.5814,"SAN LUIS OBISPO",UNINCORPORATED,-120.58104622,35.722103859999997
90158433,2016,2016-04-15,9745,2016-04-14,0800,013206,9745,4,1,9,4000,0,3,5,,2,004,"OLD OAK PARK RD","DENNIS LANE",302.00,S,N,A,-,N,,,,,,,,,,N,2,0,1,1,A,-,08,22107,,N,F,A,A,A,H,-,A,D,0,,,Y,,Y,,C,02,1,0,0,0,0,0,0,0,1,"- ","- ",35.145130000000002,-120.60024,"SAN LUIS OBISPO",UNINCORPORATED,-120.60038367999999,35.14529211
90158851,2016,2016-04-15,9745,2016-04-05,0400,020228,,2,3,4,4006,0,3,5,,2,005,"HALCYON RD","MEADOW OAK ROAD",54.00,W,N,A,-,N,,,,,,,,,,Y,4,0,2,1,A,-,08,22107,,N,E,I,A,A,H,-,C,D,0,,,,,Y,,A,01,0,0,2,0,0,0,0,0,0,"- ","- ",35.07058,-120.56571,"SAN LUIS OBISPO","SAN LUIS OBISPO",-120.56570566000001,35.07054875
90160003,2016,2016-04-18,9745,2016-04-08,1150,017144,,5,1,4,4006,0,1,2,,2,202,"US-101 SOUTHBOUND","BROAD ST",75.00,S,N,C,-,Y,,,101,,,,,,S,Y,3,0,2,2,A,-,08,22107,,N,D,C,A,B,H,-,A,D,0,,,,,Y,,D,22,0,2,0,0,0,0,0,0,0,"- ","- ",35.283169999999998,-120.66795999999999,"SAN LUIS OBISPO","SAN LUIS OBISPO",-120.66792692,35.283144040000003
90160478,2016,2016-04-19,9745,2016-04-10,1605,017968,,7,2,9,4000,0,2,4,,1,055,"W. TEFFT STREET","MESA ROAD",0.00,,Y,A,-,N,,,,,,,,,,Y,3,0,1,2,A,-,12,22450,A,N,D,C,A,A,H,-,A,D,0,,,,,Y,,A,08,0,1,0,0,0,0,0,0,0,"- ","- ",35.024700000000003,-120.49851,"SAN LUIS OBISPO",UNINCORPORATED,-120.49846989,35.024690020000001
90160488,2016,2016-04-19,9740,2016-04-12,1703,014465,,2,2,9,4000,0,3,5,,2,019,"JARDINE ROAD","WEEPING WILLOW WAY",0.00,,N,A,-,N,,,,,,,,,,Y,3,0,1,2,A,-,01,23152,A,N,D,C,A,A,H,-,A,D,0,,,,,Y,Y,A,01,0,1,0,0,0,0,0,0,0,"- ","- ",35.669539999999998,-120.60562,"SAN LUIS OBISPO",UNINCORPORATED,-120.60556997,35.666780019999997
90162790,2016,2016-04-21,9745,2016-04-15,2325,017968,,5,3,9,4000,0,1,2,,1,101,"US-101 S/B","TV TOWER RD",1056.00,S,N,A,-,Y,,,101,,,,,,S,Y,4,0,1,3,A,-,03,22350,,N,C,C,A,A,H,-,D,D,0,,,,,Y,,A,01,0,0,1,0,0,0,0,0,0,"- ","- ",35.333799999999997,-120.62447,"SAN LUIS OBISPO",UNINCORPORATED,-120.62459728,35.333711610000002
90162829,2016,2016-04-21,9745,2016-04-16,1705,016514,,6,2,9,4000,0,2,4,,1,048,"AVILA BEACH DRIVE","FIRST ST.",3168.00,W,N,A,-,N,,,,,,,,,,N,4,0,1,2,A,-,03,22350,,N,D,C,A,A,H,-,A,D,0,,,Y,,Y,,C,02,0,0,1,0,0,0,0,0,1,"- ","- ",35.178170000000001,-120.74154,"SAN LUIS OBISPO",UNINCORPORATED,-120.74578553000001,35.178458390000003
90164512,2016,2016-04-25,9745,2016-04-20,2045,017097,,3,2,9,4000,0,1,3,,1,011,SR-41,"CERRO ALTO RD.",5280.00,N,N,A,-,Y,,,41,,,,,,,Y,3,0,1,1,A,-,01,23152,A,N,E,I,A,A,H,-,D,D,0,,,,,Y,Y,A,07,0,1,0,0,0,0,0,0,0,"- ","- ",35.444470000000003,-120.75270999999999,"SAN LUIS OBISPO",UNINCORPORATED,-120.75277998,35.4444844
90164955,2016,2016-04-25,9745,2016-04-22,1534,017968,,5,2,9,4000,0,1,3,,1,032,"SR-227 S/B","CRESTMONT DRIVE",100.00,S,N,A,-,Y,,,227,,,,,,S,Y,4,0,1,3,A,-,03,22350,,N,C,C,A,A,H,-,A,D,0,,,,,Y,,A,01,0,0,1,0,0,0,0,0,0,"- ","- ",35.226660000000003,-120.62734,"SAN LUIS OBISPO",UNINCORPORATED,-120.62732115999999,35.226672559999997
90165594,2016,2016-04-26,9745,2016-04-17,0633,020144,,7,1,9,4000,0,2,4,,1,058,"JOSHUA STREET","HUTTON RD",800.00,W,N,A,-,N,,,,,,,,,,Y,3,0,1,1,A,-,08,22107,,N,F,A,A,A,H,-,A,D,0,,,,,Y,,D,22,0,1,0,0,0,0,0,0,0,"- ","- ",35.007300000000001,-120.45074,"SAN LUIS OBISPO",UNINCORPORATED,-120.45124355999999,35.006960030000002
90166122,2016,2016-04-26,9745,2016-04-22,1558,017968,,5,2,9,4000,0,1,3,,1,032,"SR-227 S/B","BUCKLEY ROAD",500.00,N,N,A,-,Y,,,227,,,,,,S,N,4,0,2,2,A,-,03,22350,,N,C,C,A,A,H,-,A,D,0,,,,,Y,,A,07,0,0,2,0,0,0,0,0,0,"- ","- ",35.231560000000002,-120.63017000000001,"SAN LUIS OBISPO",UNINCORPORATED,-120.63022956,35.231537070000002
90166959,2016,2016-04-27,9740,2016-04-16,2210,016089,,6,3,9,4000,0,3,5,,2,016,"SODA LAKE RD","PANORAMA DR",528.00,S,N,A,-,N,,,,,,,,,,Y,2,0,1,1,A,-,01,23152,A,N,F,A,A,A,H,-,D,D,0,,,,,Y,Y,D,22,1,0,0,0,0,0,0,0,0,"- ","- ",,,"SAN LUIS OBISPO",UNINCORPORATED,,
90166990,2016,2016-05-04,9745,2016-04-25,0500,020228,,1,3,9,4000,0,2,4,,1,049,"CORBETT CANYON RD","OAK WAY",290.00,N,N,A,-,N,,,,,,,,,,Y,2,0,1,1,A,-,01,23152,A,N,E,I,A,A,H,-,D,D,0,,,,,Y,Y,A,01,1,0,0,0,0,0,0,0,0,"- ","- ",35.156660000000002,-120.559,"SAN LUIS OBISPO",UNINCORPORATED,-120.55889444,35.15708429
9016788,2020,2020-05-29,4004,2020-02-04,1106,1208,,2,5,3,4004,0,0,0,,0,,"PASO ROBLES ST","11TH ST",1470.00,S,N,A,-,N,,,,,,,,,,N,3,0,1,2,A,-,01,23152,G,M,C,E,A,A,H,-,A,D,0,,,,,Y,,A,01,0,1,0,0,0,0,0,0,0,"- ","- ",35.028888702392578,-120.68553924560547,"SAN LUIS OBISPO","PASO ROBLES",-120.68521881103516,35.621940612792969
9016792,2020,2020-09-25,4004,2020-02-07,1624,1208,,5,5,3,4004,0,0,0,,0,,"RT 46","GOLDEN HILL RD",0.00,,Y,A,-,Y,SLO,5,46,-,-,31.320,H,-,E,Y,4,0,1,3,A,-,01,23152,A,N,B,C,A,A,H,-,A,A,0,,,,,Y,Y,D,22,0,0,1,0,0,0,0,0,0,"- ","- ",35.643470764160156,-120.65737915039062,"SAN LUIS OBISPO","PASO ROBLES",-120.65791320800781,35.644428253173828
9016796,2020,2020-03-03,4004,2020-01-31,1710,1351,,5,5,3,4004,0,0,0,,0,,"CRESTON RD","GOLDEN HILL RD",590.00,W,N,A,-,N,,,,,,,,,,Y,4,0,1,3,A,-,08,22107,,N,D,C,A,A,H,-,A,A,0,,,,,Y,,D,22,0,0,1,0,0,0,0,0,0,"- ","- ",35.622280120849609,-120.65972900390625,"SAN LUIS OBISPO","PASO ROBLES",-120.66146087646484,35.622970581054688
90172696,2016,2016-05-04,9740,2016-04-07,0012,013133,,4,3,9,4000,0,1,2,,2,002,"US-101 NORTH BOUND","MAIN ST",0.00,,N,A,-,Y,,,101,,,,,,,Y,1,1,0,1,A,-,08,22107,,N,E,I,A,A,H,-,C,D,0,,,,,Y,Y,A,01,0,0,0,0,0,0,0,0,0,"- ","- ",35.565579999999997,-120.702,"SAN LUIS OBISPO",UNINCORPORATED,-120.70201514999999,35.565589510000002
90174254,2016,2016-05-06,9745,2016-05-01,1300,013212,,7,1,9,4000,0,1,3,,1,011,"SR-41 SOUTHBOUND","CERRO ALTO RD",2640.00,S,N,A,-,Y,,,41,,,,,,S,N,3,0,1,1,A,-,08,22107,,N,F,A,A,A,H,-,A,D,0,,,Y,,Y,,C,02,0,1,0,0,0,0,0,0,1,"- ","- ",35.4283,-120.76009999999999,"SAN LUIS OBISPO",UNINCORPORATED,-120.76011129,35.428317939999999
90175920,2016,2016-05-10,9740,2016-04-28,1050,013417,,4,1,9,4000,0,3,5,,2,022,"PEACHY CANYON RD","OLD SETTLER RD",8976.00,W,N,A,-,N,,,,,,,,,,N,2,0,1,1,D,-,00,,,N,H,G,A,A,B,-,A,D,0,,Y,,,Y,,-,"- ",1,0,0,0,0,0,1,0,0,"- ","- ",35.621720000000003,-120.73931,"SAN LUIS OBISPO",UNINCORPORATED,-120.73924469000001,35.620263860000001
90176377,2016,2016-05-10,9745,2016-05-02,1137,015734,,1,1,9,4000,0,1,3,,2,023,"SR-1 SOUTHBOUND","KANSAS AVE",440.00,S,N,A,-,Y,,,1,,,,,,S,Y,3,0,1,1,A,-,08,22107,,N,F,A,A,A,D,-,A,A,0,,,,,Y,,A,07,0,1,0,0,0,0,0,0,0,"- ","- ",35.320300000000003,-120.71487999999999,"SAN LUIS OBISPO",UNINCORPORATED,-120.71486101000001,35.320349120000003
90177198,2016,2016-05-11,9740,2016-05-10,1335,015167,,2,1,9,4000,0,3,5,,2,022,"LAS TABLAS WILLOW CRK RD","TOWNSHIP RD",2640.00,W,N,A,-,N,,,,,,,,,,Y,3,0,3,1,A,-,01,23152,A,N,E,I,A,A,H,-,A,D,0,,,,,Y,Y,A,01,0,2,1,0,0,0,0,0,0,"- ","- ",35.576419999999999,-120.765,"SAN LUIS OBISPO",UNINCORPORATED,-120.7640483,35.572626069999998
90180514,2016,2016-05-16,9745,2016-05-11,0910,012876,,3,1,9,4000,0,1,2,,1,101,"ONTARIO RD","SAN LUIS BAY DR",75.00,N,N,B,-,N,,,,,,,,,,N,3,0,1,1,A,-,08,22107,,N,H,A,A,A,H,-,A,D,0,,Y,,,Y,,L,04,0,1,0,0,0,0,1,0,0,"- ","- ",35.196280000000002,-120.70032999999999,"SAN LUIS OBISPO",UNINCORPORATED,-120.70049766,35.196304619999999
90181046,2016,2016-05-17,9745,2016-05-11,2042,013531,,3,2,9,4000,0,2,4,,1,058,"ORCHARD AVENUE","PRIMAVERA LANE",600.00,N,N,A,-,N,,,,,,,,,,N,3,0,1,2,A,-,11,21954,A,N,G,B,E,A,H,-,D,D,0,Y,,,,Y,Y,N,60,0,1,0,0,1,0,0,0,0,"- ","- ",35.018700000000003,-120.48381000000001,"SAN LUIS OBISPO",UNINCORPORATED,-120.48396006,35.018872450000003
90181086,2016,2016-05-17,9745,2016-05-13,1422,015144,,5,2,3,4001,0,1,2,,2,402,"US-101 SOUTHBOUND TO HALCYON RD OFFRAMP","EL CAMINO REAL",80.00,N,N,A,-,Y,,,101,,,,R,,S,N,4,0,1,2,A,-,03,22350,,N,C,C,A,A,H,-,A,A,0,,,,,Y,,A,01,0,0,1,0,0,0,0,0,0,"- ","- ",35.123449999999998,-120.59144999999999,"SAN LUIS OBISPO","ARROYO GRANDE",-120.59144999999999,35.123449999999998
90181429,2016,2016-05-17,9740,2016-05-11,1350,013133,,3,1,9,4000,0,3,5,,2,018,"UNION ROAD","PRISKA DR",0.00,,N,A,-,N,,,,,,,,,,N,4,0,1,1,A,-,03,22350,,N,F,A,A,A,H,-,A,D,0,,,Y,,Y,,C,02,0,0,1,0,0,0,0,0,1,"- ","- ",35.507730000000002,-120.62663000000001,"SAN LUIS OBISPO",UNINCORPORATED,-120.64069987000001,35.638830079999998
90182023,2016,2016-05-18,9750,2016-05-14,2225,018786,,6,3,9,4000,0,1,3,,1,065,"SR-166 E/B","KIRSCHENMANN RD",2640.00,E,N,A,-,Y,,,166,,,,,,E,Y,2,0,2,2,A,-,01,23152,A,N,A,C,A,A,H,-,D,D,0,,,,,Y,Y,A,01,1,1,0,0,0,0,0,0,0,"- ","- ",34.934440000000002,-119.58597,"SAN LUIS OBISPO",UNINCORPORATED,-119.58596996999999,34.934431510000003
90183785,2016,2016-05-20,9745,2016-05-18,0755,012876,,3,1,9,4000,0,1,2,,1,101,"US-101 SOUTHBOUND","TASSAJARA CREEK ROAD",2112.00,N,N,A,-,Y,,,101,,,,,,S,Y,4,0,1,2,A,-,03,22350,,N,C,C,A,A,H,-,A,D,0,,,,,Y,,D,22,0,0,1,0,0,0,0,0,0,"- ","- ",35.37612,-120.63688,"SAN LUIS OBISPO",UNINCORPORATED,-120.63697252999999,35.376202200000002
90183887,2016,2016-05-20,9745,2016-05-13,0710,016390,,5,1,3,4001,0,1,2,,2,402,"US 101 S/B","HALCYON ROAD",1056.00,N,N,B,-,Y,,,,,,,,,,Y,4,0,1,2,A,-,03,22350,,N,C,C,A,A,H,-,A,D,0,,,,,Y,,A,01,0,0,1,0,0,0,0,0,0,"- ","- ",35.124960000000002,-120.59520000000001,"SAN LUIS OBISPO","ARROYO GRANDE",,
90184166,2016,2016-05-20,9745,2016-05-17,1130,017817,,2,1,9,4000,0,2,4,,1,038,"ORCUTT RD","SPANISH OAKS DR",2640.00,S,N,A,-,N,,,,,,,,,,N,3,0,1,1,A,-,08,22107,,N,E,I,A,A,H,-,A,D,0,,Y,,,Y,,L,04,0,1,0,0,0,0,1,0,0,"- ","- ",35.246420000000001,-120.61633,"SAN LUIS OBISPO",UNINCORPORATED,-120.62892374,35.254795610000002
90184808,2015,2016-06-01,9740,2015-12-16,0316,018728,,3,3,3,4004,0,1,2,,2,003,"US-101 SOUTHBOUND","NIBLICK ROAD OVERCROSSING",3758.00,S,N,A,-,Y,,,101,,,,,,S,Y,1,1,3,2,A,-,01,23152,A,N,A,C,A,A,H,-,D,D,0,,,,,Y,Y,A,01,3,0,0,0,0,0,0,0,0,"- ","- ",35.60548,-120.69267000000001,"SAN LUIS OBISPO","PASO ROBLES",-120.69266014,35.60547931
90184988,2016,2016-05-23,9740,2016-05-19,1809,019096,,4,2,9,4000,0,1,3,,1,014,"SR-1 N/B","HEARST CASTLE RD",5808.00,S,N,A,-,Y,,,,,,,,,,Y,2,0,2,2,A,-,09,21801,A,N,D,C,A,A,H,-,A,D,0,,,,,Y,,J,48,1,0,1,0,0,0,0,0,0,"- ","- ",35.637050000000002,-120.1671,"SAN LUIS OBISPO",UNINCORPORATED,-121.16775085,35.637288669999997
90185540,2016,2016-05-23,9740,2016-05-09,1245,014460,,1,1,9,4000,0,1,3,,1,014,SR-1,"MONTE CRISTO PLACE",50.00,S,N,A,-,Y,,,,,,,,,,Y,2,0,2,2,A,-,03,22350,,N,C,C,A,A,H,-,A,D,0,,,,Y,Y,,A,08,1,0,1,0,0,0,0,0,0,"- ","- ",35.321300000000001,-121.0314,"SAN LUIS OBISPO",UNINCORPORATED,-121.05360752999999,35.537297940000002
90186206,2016,2016-05-25,9740,2016-05-02,1432,014622,,1,2,9,4000,0,1,2,,2,001,"US-101 NORTHBOUND","SANTA BARBARA ROAD",8448.00,S,N,A,-,Y,,,101,,,,,,N,Y,2,0,2,2,A,-,01,23152,E,N,C,C,A,A,H,-,A,D,0,,,,,Y,,D,22,1,0,1,0,0,0,0,0,0,"- ","- ",35.421729999999997,-120.63051,"SAN LUIS OBISPO",UNINCORPORATED,-120.63063122,35.421672540000003
90186299,2016,2016-05-24,9745,2016-05-19,1603,014996,,4,2,2,4005,0,1,2,,2,404,"US-101 SOUTHBOUND","SPYGLASS DR",300.00,N,N,A,-,Y,,,101,,,,,,S,Y,4,0,1,4,A,-,03,22350,,N,C,C,A,A,H,-,A,D,0,,,,,Y,,A,07,0,0,1,0,0,0,0,0,0,"- ","- ",35.166150000000002,-120.68932,"SAN LUIS OBISPO","PISMO BEACH",-120.68939594,35.1660848
90187795,2016,2016-05-26,9745,2016-05-25,1050,013206,9745,3,1,9,4000,0,1,2,,2,505,"US-101 SOUTHBOUND","LAETITIA VINEYARD DR",1584.00,N,N,B,-,Y,,,101,,,,,,S,Y,2,0,1,1,A,-,08,22107,,N,F,A,A,A,H,-,A,D,0,,,,,Y,,D,22,1,0,0,0,0,0,0,0,0,"- ","- ",35.091769999999997,-120.54227,"SAN LUIS OBISPO",UNINCORPORATED,-120.54222824999999,35.091812349999998
90189645,2016,2016-05-31,9740,2016-05-14,1133,018323,,6,1,9,4000,0,3,5,,2,021,"LAS TABLAS ROAD","DUNCAN ROAD",165.00,W,N,A,-,N,,,,,,,,,,Y,3,0,1,2,A,-,12,21453,A,N,D,C,A,A,H,-,A,A,0,,,,,Y,,D,22,0,1,0,0,0,0,0,0,0,"- ","- ",35.554400000000001,-120.71254999999999,"SAN LUIS OBISPO",UNINCORPORATED,-120.71372461,35.554389999999998
90192618,2016,2016-06-01,9745,2016-05-25,1219,016514,,3,1,9,4000,0,1,2,,2,303,"US-101 NORTHBOUND","HIGUERA ST",528.00,N,N,A,-,Y,,,,,,,,,,Y,4,0,2,2,A,-,08,22107,,N,C,C,A,A,H,-,A,D,0,,,,,Y,,A,01,0,0,2,0,0,0,0,0,0,"- ","- ",35.131500000000003,-120.4132,"SAN LUIS OBISPO",UNINCORPORATED,-120.69126974,35.225556320000003
90194000,2016,2016-06-03,9740,2016-05-27,1520,015167,,5,2,9,4000,0,1,3,,2,008,"STATE ROUTE 1","HEARST CASTLE ENTRANCE",0.00,,Y,A,-,Y,,,1,,,,,,,Y,4,0,2,3,A,-,09,21801,A,N,D,C,A,A,H,-,A,D,0,,,,,Y,,A,01,0,0,2,0,0,0,0,0,0,"- ","- ",35.644329999999997,-121.18559999999999,"SAN LUIS OBISPO",UNINCORPORATED,-121.18572545000001,35.644008409999998
90194163,2016,2016-06-03,9745,2016-05-27,1755,020229,,5,2,2,4005,0,1,2,,2,404,"US-101 SOUTHBOUND","AVILA BEACH DRIVE",500.00,S,N,A,-,Y,,,101,,,,,,S,N,3,0,1,2,A,-,03,22350,,N,C,C,A,A,H,-,A,D,0,,,Y,,Y,,C,02,0,1,0,0,0,0,0,0,1,"- ","- ",35.174720000000001,-120.69723,"SAN LUIS OBISPO","PISMO BEACH",-120.69722731,35.17472145
90195232,2016,2016-06-06,9740,2016-05-30,1315,015854,,1,1,9,4000,0,1,3,,2,008,"SR-46 EAST E/B","EAST CENTRE ST",150.00,W,N,A,-,Y,,,46,,,,,,E,Y,4,0,1,2,A,-,03,22350,,N,C,C,A,A,H,-,A,D,0,,,,,Y,,A,07,0,0,1,0,0,0,0,0,0,"- ","- ",35.665880000000001,-120.35962000000001,"SAN LUIS OBISPO",UNINCORPORATED,-120.35970568,35.665956250000001
90195250,2016,2016-06-06,9745,2016-06-05,1210,020689,,7,1,9,4000,0,1,2,,2,505,"US-101 SOUTHBOUND","LAETITIA VINEYARD",1584.00,N,N,A,-,Y,,,101,,,,,,S,Y,4,0,1,2,A,-,01,23152,A,F,B,C,A,A,H,-,A,D,0,,,Y,,Y,Y,A,07,0,0,1,0,0,0,0,0,1,"- ","- ",35.090760000000003,-120.54102,"SAN LUIS OBISPO",UNINCORPORATED,-120.54100033,35.090786000000001
90195879,2016,2016-06-07,9745,2016-06-06,1024,013206,9745,1,1,4,4006,0,1,2,,2,202,"US-101 SOUTHBOUND","LOS OSOS VALLEY RD",2640.00,S,N,A,-,Y,,,101,,,,,,S,Y,4,0,1,1,A,-,08,22107,,N,F,A,A,A,H,-,A,D,0,,,,,Y,,A,07,0,0,1,0,0,0,0,0,0,"- ","- ",35.235080000000004,-120.68611,"SAN LUIS OBISPO","SAN LUIS OBISPO",-120.68597515,35.234895250000001
90196133,2016,2016-06-07,9745,2016-05-30,1230,016002,,1,1,2,4005,0,1,2,,2,404,"US-101 NORTHBOUND","WADSWORTH AVE",0.00,,Y,A,-,Y,,,101,,,,,,N,N,4,0,1,3,A,-,03,22350,,N,C,C,A,A,H,-,A,D,0,,,,,Y,,A,07,0,0,1,0,0,0,0,0,0,"- ","- ",35.144399999999997,-120.64184,"SAN LUIS OBISPO","PISMO BEACH",-120.64182388,35.14441763
90196847,2016,2016-06-08,9740,2016-05-31,1630,015854,,2,2,9,4000,0,3,5,,2,017,"EL POMAR DR","VAQUERO DR",93.00,E,N,A,-,N,,,,,,,,,,Y,2,0,1,1,A,-,03,22350,,N,F,A,A,A,H,-,A,D,0,,,Y,,Y,,C,02,1,0,0,0,0,0,0,0,1,"- ","- ",35.55885,-120.68839,"SAN LUIS OBISPO",UNINCORPORATED,-120.68827533,35.558825300000002
90197071,2016,2016-06-08,9745,2016-06-05,1415,017968,,7,2,9,4000,0,1,2,,2,505,"US-101 S/B","TEFFT STREET",2640.00,S,N,A,-,Y,,,101,,,,,,S,N,4,0,1,2,A,-,03,22350,,N,C,C,A,A,H,-,A,D,0,,,,,Y,,A,07,0,0,1,0,0,0,0,0,0,"- ","- ",35.028739999999999,-120.47614,"SAN LUIS OBISPO",UNINCORPORATED,-120.47607557000001,35.028809729999999
90197210,2016,2016-06-08,9745,2016-06-06,1410,020689,,1,2,9,4000,0,1,2,,2,505,"US-101 SOUTHBOUND","LAETITIA VINEYARD DR.",40.00,S,N,A,-,Y,,,101,,,,,,S,Y,4,0,1,1,A,-,03,22350,,N,E,I,A,A,H,-,A,D,0,,,,,Y,,A,07,0,0,1,0,0,0,0,0,0,"- ","- ",35.088889999999999,-120.53783,"SAN LUIS OBISPO",UNINCORPORATED,-120.53785185,35.088852549999999