CASE_ID,ACCIDENT_YEAR,PROC_DATE,JURIS,COLLISION_DATE,COLLISION_TIME,OFFICER_ID,REPORTING_DISTRICT,DAY_OF_WEEK,CHP_SHIFT,POPULATION,CNTY_CITY_LOC,SPECIAL_COND,BEAT_TYPE,CHP_BEAT_TYPE,CITY_DIVISION_LAPD,CHP_BEAT_CLASS,BEAT_NUMBER,PRIMARY_RD,SECONDARY_RD,DISTANCE,DIRECTION,INTERSECTION,WEATHER_1,WEATHER_2,STATE_HWY_IND,CALTRANS_COUNTY,CALTRANS_DISTRICT,STATE_ROUTE,ROUTE_SUFFIX,POSTMILE_PREFIX,POSTMILE,LOCATION_TYPE,RAMP_INTERSECTION,SIDE_OF_HWY,TOW_AWAY,COLLISION_SEVERITY,NUMBER_KILLED,NUMBER_INJURED,PARTY_COUNT,PRIMARY_COLL_FACTOR,PCF_CODE_OF_VIOL,PCF_VIOL_CATEGORY,PCF_VIOLATION,PCF_VIOL_SUBSECTION,HIT_AND_RUN,TYPE_OF_COLLISION,MVIW,PED_ACTION,ROAD_SURFACE,ROAD_COND_1,ROAD_COND_2,LIGHTING,CONTROL_DEVICE,CHP_ROAD_TYPE,PEDESTRIAN_ACCIDENT,BICYCLE_ACCIDENT,MOTORCYCLE_ACCIDENT,TRUCK_ACCIDENT,NOT_PRIVATE_PROPERTY,ALCOHOL_INVOLVED,STWD_VEHTYPE_AT_FAULT,CHP_VEHTYPE_AT_FAULT,COUNT_SEVERE_INJ,COUNT_VISIBLE_INJ,COUNT_COMPLAINT_PAIN,COUNT_PED_KILLED,COUNT_PED_INJURED,COUNT_BICYCLIST_KILLED,COUNT_BICYCLIST_INJURED,COUNT_MC_KILLED,COUNT_MC_INJURED,PRIMARY_RAMP,SECONDARY_RAMP,LATITUDE,LONGITUDE,COUNTY,CITY,POINT_X,POINT_Y
90199618,2016,2016-06-13,9745,2016-06-01,1450,017061,,3,2,4,4006,0,1,2,,1,101,"US-101 S/B TO MADONNA RD. (OFF RAMP)","MADONNA RD",0.00,,Y,A,-,Y,,,101,,,,R,,S,N,4,0,1,2,A,-,10,21950,A,N,G,B,B,A,H,-,A,A,0,Y,,,,Y,,A,07,0,0,1,0,1,0,0,0,0,"- ","- ",35.264420000000001,-120.67534000000001,"SAN LUIS OBISPO","SAN LUIS OBISPO",-120.67534000000001,35.264420000000001
90199719,2016,2016-06-13,9750,2016-06-10,0530,013766,,5,3,9,4000,0,1,3,,1,065,SR-166,"KIRSCHENMANN RD",2112.00,E,N,A,-,Y,,,166,,,,,,,Y,4,0,1,1,A,-,08,22107,,N,F,A,A,A,H,-,B,D,0,,,,,Y,,D,22,0,0,1,0,0,0,0,0,0,"- ","- ",34.933860000000003,-119.5909,"SAN LUIS OBISPO",UNINCORPORATED,-119.59090594,34.933887919999997
90200275,2016,2016-06-13,9745,2016-06-05,0940,020144,,7,1,9,4000,0,2,4,,1,030,"TANK FARM RD","SANTA FE RD",1056.00,W,N,A,-,N,,,,,,,,,,Y,4,0,1,1,A,-,01,23152,A,N,E,I,A,A,H,-,A,D,0,,,,,Y,Y,A,01,0,0,1,0,0,0,0,0,0,"- ","- ",35.246920000000003,-120.65128,"SAN LUIS OBISPO",UNINCORPORATED,-120.65088473,35.246859309999998
90200408,2016,2016-06-13,9745,2016-06-09,1450,016390,,4,2,9,4000,0,1,2,,2,505,"US-101 SOUTHBOUND","EL CAMPO RD.",0.00,,Y,A,-,Y,,,101,,,,,,S,Y,3,0,3,2,A,-,09,21802,A,N,D,C,A,A,H,-,A,A,0,,,,,Y,,D,22,0,1,2,0,0,0,0,0,0,"- ","- ",35.11103,-120.56386000000001,"SAN LUIS OBISPO",UNINCORPORATED,-120.5637983,35.111223279999997
90202280,2016,2016-06-15,9740,2016-06-07,1415,015854,,2,2,9,4000,0,3,5,,2,017,"EL CAMINO REAL","SANTA MARGARITA RD",19.00,S,N,A,-,N,,,,,,,,,,Y,4,0,1,2,A,-,03,22350,,N,C,C,A,A,H,-,A,D,0,,,,,Y,,A,01,0,0,1,0,0,0,0,0,0,"- ","- ",35.428820000000002,-120.60639999999999,"SAN LUIS OBISPO",UNINCORPORATED,-120.60622716,35.429121340000002
90202453,2016,2016-06-15,9745,2016-06-10,1635,015144,,5,2,9,4000,0,1,3,,1,040,SR-227,"PHILLIPS RD",70.00,S,N,A,-,Y,,,227,,,,,,,Y,4,0,1,1,A,-,08,22107,,N,E,I,A,A,H,-,A,D,0,,,,,Y,,D,22,0,0,1,0,0,0,0,0,0,"- ","- ",35.148420000000002,-120.57378,"SAN LUIS OBISPO",UNINCORPORATED,-120.57380354,35.148400539999997
90203865,2016,2016-06-17,9745,2016-06-13,0730,012876,,1,1,9,4000,0,1,2,,2,303,"US-101 NORTHBOUND","AVILA BEACH DRIVE",1056.00,N,N,A,-,Y,,,101,,,,,,N,Y,3,0,1,1,A,-,08,22107,,N,E,I,A,A,H,-,A,D,0,,,,,Y,,A,01,0,1,0,0,0,0,0,0,0,"- ","- ",35.18206,-120.70106,"SAN LUIS OBISPO",UNINCORPORATED,-120.70100016000001,35.182082440000002
90203907,2016,2016-06-17,9745,2016-06-12,1415,017144,,7,2,2,4005,0,1,2,,2,404,"US-101 SOUTHBOUND","WADSWORTH AVE",200.00,S,N,A,-,Y,,,101,,,,,,S,Y,3,0,1,1,A,-,08,22107,,N,E,I,A,A,H,-,A,D,0,,,,,Y,,D,22,0,1,0,0,0,0,0,0,0,"- ","- ",35.143540000000002,-120.64165,"SAN LUIS OBISPO","PISMO BEACH",-120.64144009,35.14377416
90205689,2016,2016-06-20,9745,2016-06-16,1640,016714,,4,2,9,4000,0,3,5,,2,002,"O'CONNOR WAY (2400 BLOCK)","SUTTER AVE.",1056.00,E,N,A,-,N,,,,,,,,,,Y,2,0,2,1,A,-,01,23152,A,N,E,I,A,A,H,-,A,D,0,,,,,Y,Y,A,07,1,0,1,0,0,0,0,0,0,"- ","- ",35.317900000000002,-120.73972999999999,"SAN LUIS OBISPO",UNINCORPORATED,-120.7397577,35.317898820000003
90206999,2016,2016-06-22,9745,2016-06-08,1615,017061,,3,2,9,4000,0,1,3,,1,041,"SR-1 NORTHBOUND","ELM STREET",75.00,S,N,A,-,Y,,,1,,,,,,N,N,4,0,1,2,D,-,00,,,N,D,G,A,A,H,-,A,D,0,,Y,,,Y,,-,"- ",0,0,1,0,0,0,1,0,0,"- ","- ",35.098100000000002,-120.59943,"SAN LUIS OBISPO",UNINCORPORATED,-120.59943019000001,35.098127580000003
90207308,2016,2016-06-22,9745,2016-06-12,1839,017238,,7,2,9,4000,0,1,2,,2,303,"US-101 SOUTHBOUND","HIGUERA ST",1584.00,N,N,A,-,Y,,,101,,,,,,S,Y,3,0,1,1,A,-,08,22107,,N,E,I,A,A,H,-,A,D,0,,,,,Y,,E,22,0,1,0,0,0,0,0,0,0,"- ","- ",35.22598,-120.69148,"SAN LUIS OBISPO",UNINCORPORATED,-120.69149292,35.225981060000002
90207525,2016,2016-06-22,9745,2016-06-16,1950,016002,,4,2,9,4000,0,3,5,,2,005,"UPPER LOS BERROS RD","BLUE FOX RD",6864.00,E,N,A,-,N,,,,,,,,,,N,3,0,1,1,C,-,18,,,N,E,J,A,A,H,-,B,D,0,,,,,Y,,-,"- ",0,1,0,0,0,0,0,0,0,"- ","- ",35.08005,-120.44414999999999,"SAN LUIS OBISPO",UNINCORPORATED,-120.45401,35.085290000000001
90207717,2016,2016-06-22,9740,2016-06-17,2155,014543,,5,2,9,4000,0,1,3,,2,010,"SR-1 S/B","SR-46 (WEST)",510.00,N,N,E,-,Y,,,1,,,,,,S,Y,4,0,1,2,A,-,03,22350,,N,C,C,A,A,H,-,C,D,0,,,,,Y,,A,01,0,0,1,0,0,0,0,0,0,"- ","- ",35.529710000000001,-121.04743000000001,"SAN LUIS OBISPO",UNINCORPORATED,-121.0473841,35.529755389999998
90208566,2016,2016-06-23,9745,2016-06-21,1140,016068,,2,1,9,4000,0,1,3,,2,023,"SR-1 SOUTHBOUND","STENNER CREEK",528.00,N,N,A,-,Y,,,1,,,,,,S,Y,3,0,1,1,A,-,08,22107,,N,F,A,A,A,H,-,A,D,0,,Y,,,Y,,L,04,0,1,0,0,0,0,1,0,0,"- ","- ",35.309190000000001,-120.68249,"SAN LUIS OBISPO",UNINCORPORATED,-120.68247331000001,35.309210180000001
90208799,2016,2016-06-24,9745,2016-06-22,1635,016714,,3,2,9,4000,0,1,3,,1,021,"SR-1, (CABRILLO HIGHWAY)","TORO CREEK RD.",0.00,,Y,A,-,Y,,,1,,,,,,,Y,3,0,5,2,A,-,09,21802,A,N,D,C,A,A,H,-,A,A,0,,,,,Y,,A,08,0,3,2,0,0,0,0,0,0,"- ","- ",35.415039999999998,-120.87409,"SAN LUIS OBISPO",UNINCORPORATED,-120.8740696,35.41505085
90210070,2016,2016-06-27,9750,2016-06-19,1310,015514,,7,1,9,4000,0,1,3,,1,063,"SR-166 W/B","SPANISH RANCH",15840.00,W,N,A,-,Y,,,166,,,,,,W,Y,4,0,1,1,A,-,08,22107,,N,F,A,A,A,H,-,A,D,0,,,,,Y,,A,07,0,0,1,0,0,0,0,0,0,"- ","- ",35.069040000000001,-119.98726000000001,"SAN LUIS OBISPO",UNINCORPORATED,-119.98725177999999,35.069065250000001
90214565,2016,2016-07-01,9745,2016-06-21,1720,017151,,2,2,4,4006,0,1,2,,2,202,"US-101 SOUTHBOUND TO MADONNA RD.","MODONNA RD.",200.00,N,N,A,-,Y,,,101,,,,R,,S,N,4,0,1,2,A,-,08,22107,,N,B,C,A,A,H,-,A,D,0,,,Y,,Y,,C,02,0,0,1,0,0,0,0,0,1,"- ","- ",35.264090000000003,-120.67516000000001,"SAN LUIS OBISPO","SAN LUIS OBISPO",-120.67516000000001,35.264090000000003
90214640,2016,2016-07-01,9745,2016-06-28,0100,013531,,2,3,9,4000,0,3,5,,2,005,"FAITH PLACE","ORCHARD ROAD",580.00,W,N,A,-,N,,,,,,,,,,Y,4,0,1,2,A,-,08,22107,,N,C,E,A,A,H,-,D,D,0,,,,,Y,,A,01,0,0,1,0,0,0,0,0,0,"- ","- ",35.006740000000001,-120.46819000000001,"SAN LUIS OBISPO",UNINCORPORATED,-120.4680855,35.006810430000002
90214669,2016,2016-07-01,9745,2016-06-28,1930,016002,,2,2,9,4000,0,1,2,,2,505,"US-101 NORTHBOUND","TEFFT STREET",0.00,,N,B,-,Y,,,101,,,,,,N,Y,4,0,4,3,A,-,08,22107,,M,B,C,A,A,H,-,B,D,0,,,,,Y,,A,01,0,0,4,0,0,0,0,0,0,"- ","- ",35.036020000000001,-120.4836,"SAN LUIS OBISPO",UNINCORPORATED,-120.48358325,35.036037749999998
90215237,2016,2016-07-04,9745,2016-06-30,1620,016514,,4,2,9,4000,0,2,4,,1,025,"LOS OSOS VALLEY RD","BAYVIEW HEIGHTS DR",0.00,,Y,A,-,N,,,,,,,,,,N,2,0,1,2,A,-,11,21453,D,N,D,B,E,A,H,-,A,A,0,Y,,,,Y,,N,60,1,0,0,0,1,0,0,0,0,"- ","- ",35.311320000000002,-120.8331,"SAN LUIS OBISPO",UNINCORPORATED,-120.8331499,35.311239999999998
90215242,2016,2016-07-20,9745,2016-06-29,1315,017097,,3,1,9,4000,0,1,3,,1,043,SR-1,"CALLE BENDITA",40.00,N,N,A,-,Y,,,1,,,,,,,Y,4,0,1,3,A,-,03,22350,,N,D,C,A,A,H,-,A,D,0,,,,Y,Y,,A,01,0,0,1,0,0,0,0,0,0,"- ","- ",35.047249999999998,-120.57922000000001,"SAN LUIS OBISPO",UNINCORPORATED,-120.57922014,35.047278390000002
90215367,2016,2016-07-04,9740,2016-06-19,1900,016849,,7,2,9,4000,0,1,3,,2,005,SR-58,"POZO ROAD",5280.00,E,N,A,-,Y,,,58,,,,,,,Y,3,0,1,1,A,-,01,23152,A,N,E,I,A,A,H,-,A,D,0,,,,,Y,Y,A,07,0,1,0,0,0,0,0,0,0,"- ","- ",35.402410000000003,-120.57349000000001,"SAN LUIS OBISPO",UNINCORPORATED,-120.57344784999999,35.402411579999999
90215374,2016,2016-07-04,9740,2016-06-21,1610,015167,,2,2,9,4000,0,3,5,,2,017,"MAIN STREET","GIBSON ROAD",0.00,,Y,A,-,N,,,,,,,,,,N,3,0,1,2,A,-,09,21801,A,N,D,C,A,A,H,-,A,A,0,,,Y,,Y,,A,01,0,1,0,0,0,0,0,0,1,"- ","- ",35.55424,-120.70180999999999,"SAN LUIS OBISPO",UNINCORPORATED,-120.70160987,35.55429007
90215384,2016,2016-07-04,9740,2016-06-22,1555,019096,,3,2,9,4000,0,1,2,,2,002,"US-101 NORTHBOUND","VINEYARD DR",3696.00,S,N,A,-,Y,,,101,,,,,,N,Y,3,0,4,1,A,-,08,22107,,N,E,I,A,A,H,-,A,D,0,,,,,Y,,A,01,0,2,2,0,0,0,0,0,0,"- ","- ",35.533540000000002,-120.71028,"SAN LUIS OBISPO",UNINCORPORATED,-120.71028914999999,35.533536329999997
90215412,2016,2016-07-04,9740,2016-06-25,1815,016089,,6,2,9,4000,0,3,5,,2,024,"ARDATH DR","TRENTON AVE",0.00,,Y,A,-,N,,,,,,,,,,Y,4,0,2,2,A,-,12,22450,A,N,D,C,A,A,H,-,A,A,0,,,,,Y,,A,01,0,0,2,0,0,0,0,0,0,"- ","- ",35.550109999999997,-120.08596,"SAN LUIS OBISPO",UNINCORPORATED,-121.08592999,35.550110050000001
90215430,2016,2016-07-04,9740,2016-06-27,1157,013984,,1,1,9,4000,0,1,3,,2,008,"SR 46 EAST","SHANDON REST AREA",528.00,W,N,A,-,Y,,,46,,,,,,,Y,4,0,1,2,A,-,09,21801,A,N,D,C,A,A,H,-,A,D,0,,,,,Y,,D,22,0,0,1,0,0,0,0,0,0,"- ","- ",35.673969999999997,-120.34992,"SAN LUIS OBISPO",UNINCORPORATED,-120.34999228,35.67408683
90215432,2016,2016-07-04,9740,2016-06-28,2100,014465,,2,2,9,4000,0,3,5,,2,016,"GAVIOTA TRAIL","SODA LAKE RD",524.00,W,N,A,-,N,,,,,,,,,,N,2,0,1,1,A,-,03,22350,,N,F,A,A,A,H,-,D,D,0,,,Y,,Y,,C,06,1,0,0,0,0,0,0,0,1,"- ","- ",35.293140000000001,-119.97226000000001,"SAN LUIS OBISPO",UNINCORPORATED,-119.97236033,35.293248310000003
90215434,2016,2016-07-04,9740,2016-06-28,0845,014662,,2,1,9,4000,0,3,5,,2,019,"10TH ST","K ST",128.00,E,N,A,-,Y,,,,,,,,,,Y,4,0,1,2,A,-,09,21801,A,N,D,C,A,A,H,-,A,D,0,,,,,Y,,A,01,0,0,1,0,0,0,0,0,0,"- ","- ",34.4452,-120.4157,"SAN LUIS OBISPO",UNINCORPORATED,-120.69922182000001,35.747817910000002
90217946,2016,2016-07-07,9740,2016-07-01,1639,019096,,5,2,4,4008,0,1,2,,2,001,"US-101 NORTHBOUND","CURBARIL AVE",1056.00,S,N,A,-,Y,,,101,,,,,,N,Y,4,0,1,1,A,-,08,22107,,N,E,I,A,A,H,-,A,D,0,,,,,Y,,A,07,0,0,1,0,0,0,0,0,0,"- ","- ",35.471249999999998,-120.65531,"SAN LUIS OBISPO",ATASCADERO,-120.65531755000001,35.471244630000001
90218150,2016,2016-07-07,9740,2016-07-03,1557,011615,,7,2,9,4000,0,1,3,,1,014,SR-1,"HEARST CASTLE RD",0.00,,Y,A,-,Y,,,1,,,,,,,Y,4,0,1,2,A,-,09,21801,A,N,D,C,A,A,H,-,A,D,0,,,,,Y,,A,01,0,0,1,0,0,0,0,0,0,"- ","- ",35.644089999999998,-121.18546000000001,"SAN LUIS OBISPO",UNINCORPORATED,-121.18552268000001,35.643929309999997
90219198,2016,2016-07-08,9745,2016-07-07,1335,016714,,4,1,9,4000,0,3,5,,2,002,"FOOTHILL BLVD. (700 BLOCK)","BLUE GRANITE LN.",278.00,N,N,A,-,N,,,,,,,,,,Y,4,0,2,2,A,-,08,22107,,N,D,C,A,A,H,-,A,D,0,,,,,Y,,A,01,0,0,2,0,0,0,0,0,0,"- ","- ",35.285919999999997,-120.70086999999999,"SAN LUIS OBISPO",UNINCORPORATED,-120.7007991,35.285989659999998
90221788,2016,2016-10-06,9740,2016-04-30,1814,019259,,6,2,9,4000,0,1,3,,2,005,"SR-58 E/B","J STREET",2000.00,E,N,A,-,Y,,,58,,,,,,E,Y,1,1,1,2,A,-,01,23152,A,N,A,C,A,A,H,-,A,D,0,,,,,Y,Y,A,01,1,0,0,0,0,0,0,0,0,"- ","- ",35.391559999999998,-120.59643,"SAN LUIS OBISPO",UNINCORPORATED,-120.59642458,35.391578959999997
90222849,2016,2016-07-14,9745,2016-07-11,1703,016002,,1,2,9,4000,0,1,2,,2,505,"US-101 SOUTHBOUND","TEFFT STREET",6336.00,S,N,A,-,Y,,,101,,,,,,S,Y,4,0,2,2,A,-,03,22350,,N,C,C,A,A,H,-,A,D,0,,,,,Y,,D,22,0,0,2,0,0,0,0,0,0,"- ","- ",35.022689999999997,-120.46943,"SAN LUIS OBISPO",UNINCORPORATED,-120.46943717000001,35.022682340000003
90224725,2016,2016-07-18,9745,2016-07-03,2015,017817,,7,2,9,4000,0,2,4,,1,025,"US-101 N/B","LAETITIA VINEYARD DR.",350.00,N,N,A,-,Y,,,101,,,,,,N,Y,4,0,1,1,A,-,01,23152,A,N,E,I,A,A,H,-,D,D,0,,,,,Y,Y,A,07,0,0,1,0,0,0,0,0,0,"- ","- ",35.08972,-120.53776999999999,"SAN LUIS OBISPO",UNINCORPORATED,-120.53778895000001,35.089691960000003
90224955,2016,2016-07-18,9745,2016-07-13,1955,016068,,3,2,9,4000,0,1,3,,1,011,SR-41,"DEL PRADO ROAD",225.00,N,N,A,-,Y,,,41,,,,,,,N,4,0,1,2,D,-,00,,,N,B,C,A,A,H,-,B,D,0,,,,,Y,,-,"- ",0,0,1,0,0,0,0,0,0,"- ","- ",35.417659999999998,-120.79532,"SAN LUIS OBISPO",UNINCORPORATED,-120.79530387,35.417646320000003
90225409,2016,2016-07-19,9745,2016-07-16,1347,020228,,6,1,4,4006,0,1,2,,2,505,"US-101 SOUTHBOUND","TEFFT STREET",5808.00,S,N,A,-,Y,,,,,,,,,,Y,3,0,2,1,A,-,08,22107,,N,E,I,A,A,H,-,A,D,0,,,,,Y,,A,07,0,1,1,0,0,0,0,0,0,"- ","- ",35.023130000000002,-120.47002999999999,"SAN LUIS OBISPO","SAN LUIS OBISPO",,
90227006,2016,2016-07-20,9745,2016-07-19,1250,016714,,2,1,4,4006,0,1,2,,2,202,"US-101 S/B","CHORRO ST.",691.00,S,N,A,-,Y,,,101,,,,,,S,Y,4,0,1,3,A,-,03,22350,,N,C,C,A,A,H,-,A,D,0,,,,,Y,,D,22,0,0,1,0,0,0,0,0,0,"- ","- ",35.28098,-120.66909,"SAN LUIS OBISPO","SAN LUIS OBISPO",-120.66907727,35.280973789999997
90227565,2016,2016-07-21,9740,2016-07-07,1515,014662,,4,2,9,4000,0,3,5,,2,016,"HUER HUERO RD","PARKHILL RD",12144.00,N,N,A,-,N,,,,,,,,,,Y,3,0,1,1,C,-,18,,,N,E,I,A,A,H,-,A,D,0,,,,,Y,,-,"- ",0,1,0,0,0,0,0,0,0,"- ","- ",35.404449999999997,-120.45569999999999,"SAN LUIS OBISPO",UNINCORPORATED,-120.45698711,35.405818170000003
90227887,2016,2016-07-21,9740,2016-07-12,0343,015854,,2,3,9,4000,0,1,3,,2,008,"SR-46 EAST","FLOWER LN",667.00,W,N,A,-,Y,,,46,,,,,,,Y,2,0,8,4,A,-,08,22107,,N,A,C,A,A,H,-,D,D,0,,,,Y,Y,,G,25,5,1,2,0,0,0,0,0,0,"- ","- ",35.662480000000002,-120.37138,"SAN LUIS OBISPO",UNINCORPORATED,-120.37138126000001,35.662411910000003
90228264,2016,2016-07-22,9745,2016-07-17,0625,017144,,7,1,2,4005,0,1,2,,2,404,"US-101 NORTHBOUND","4TH STREET",250.00,N,N,B,-,Y,,,101,,,,,,N,Y,4,0,1,1,A,-,08,22107,,N,E,I,A,A,H,-,A,D,0,,,,,Y,,A,01,0,0,1,0,0,0,0,0,0,"- ","- ",35.136600000000001,-120.62297,"SAN LUIS OBISPO","PISMO BEACH",-120.62296195,35.136626499999998
90230875,2016,2016-07-26,9740,2016-07-16,0325,014543,,6,3,9,4000,0,1,3,,1,009,"SR-46 W/B","ANTELOPE RD",1056.00,E,N,A,-,Y,,,46,,,,,,W,Y,4,0,1,1,A,-,08,22107,,N,F,A,A,A,H,-,D,D,0,,,,,Y,,A,01,0,0,1,0,0,0,0,0,0,"- ","- ",35.743760000000002,-120.22168000000001,"SAN LUIS OBISPO",UNINCORPORATED,-120.22167884,35.743766979999997
90231702,2016,2016-07-27,9740,2016-07-10,1750,011615,,7,2,9,4000,0,3,5,,2,024,"BURTON DR","BURTON CIR",18.00,W,N,A,-,N,,,,,,,,,,N,4,0,1,1,A,-,03,22350,,N,F,A,A,A,H,-,A,D,0,,,Y,,Y,,C,02,0,0,1,0,0,0,0,0,1,"- ","- ",35.556829999999998,-121.08296,"SAN LUIS OBISPO",UNINCORPORATED,-121.08292,35.55686
90231732,2016,2016-07-27,9740,2016-07-18,1212,014460,,1,1,9,4000,0,1,2,,2,002,"US-101 (S/B) FROM LAS TABLAS ROAD","LAS TABLAS ROAD",600.00,S,N,A,-,Y,,,,,,,,,,Y,4,0,3,2,A,-,03,22350,,N,C,C,A,A,H,-,A,D,0,,,,,Y,,A,07,0,0,3,0,0,0,0,0,0,"- ","- ",35.338000000000001,-120.425,"SAN LUIS OBISPO",UNINCORPORATED,-120.71340408,35.55306401
90231935,2016,2016-07-27,9740,2016-07-19,0710,014460,,2,1,9,4000,0,3,5,,2,021,"VINEYARD DRIVE","WINERY ROAD",1056.00,E,N,A,-,N,,,,,,,,,,Y,4,0,1,1,A,-,08,22107,,N,E,I,A,A,H,-,A,D,0,,,,,Y,,D,22,0,0,1,0,0,0,0,0,0,"- ","- ",35.331000000000003,-120.4456,"SAN LUIS OBISPO",UNINCORPORATED,-120.74899103,35.550804919999997
90232476,2016,2016-07-28,9745,2016-07-19,1645,017061,,2,2,9,4000,0,1,2,,2,303,"US-101 SOUTHBOUND","SAN LUIS BAY DR",500.00,N,N,A,-,Y,,,101,,,,,,S,Y,4,0,2,2,A,-,03,22350,,N,C,C,A,A,H,-,A,D,0,,,,,Y,,A,07,0,0,2,0,0,0,0,0,0,"- ","- ",35.202240000000003,-120.69745,"SAN LUIS OBISPO",UNINCORPORATED,-120.69740159,35.202231580000003
90232756,2016,2016-07-28,9745,2016-07-22,1735,014713,,5,2,9,4000,0,1,2,,2,303,"US-101 SOUTHBOUND","SEACLIFF DR",900.00,S,N,A,-,Y,,,101,,,,,,S,N,4,0,1,2,A,-,03,22350,,N,C,C,A,A,H,-,A,D,0,,,,,Y,,A,01,0,0,1,0,0,0,0,0,0,"- ","- ",35.162019999999998,-120.68282000000001,"SAN LUIS OBISPO",UNINCORPORATED,-120.68280851,35.162050030000003
90235802,2016,2016-08-02,9745,2016-07-30,0632,020228,,6,1,4,4006,0,1,2,,2,404,"US-101 NORTHBOUND","4TH STREET",2399.00,S,N,B,-,Y,,,,,,,,,,Y,3,0,1,1,A,-,01,23152,A,N,E,I,A,A,H,-,B,D,0,,,,,Y,Y,A,01,0,1,0,0,0,0,0,0,0,"- ","- ",35.132100000000001,-120.61333999999999,"SAN LUIS OBISPO","SAN LUIS OBISPO",-120.61487305999999,35.132960570000002
90238255,2016,2016-08-05,9745,2016-08-03,1135,013937,,3,1,9,4000,0,2,4,,1,051,"LOS BERROS RD",US-101,528.00,W,N,A,-,N,,,,,,,,,,Y,4,0,2,2,A,-,01,23152,A,N,A,C,A,A,H,-,A,D,0,,,,,Y,Y,A,01,0,0,2,0,0,0,0,0,0,"- ","- ",35.072150000000001,-120.5194,"SAN LUIS OBISPO",UNINCORPORATED,-120.51826613,35.071800590000002
90239580,2016,2016-08-08,9740,2016-07-14,0945,013984,,4,1,9,4000,0,1,3,,1,014,"SR 1","OLD STAGE COACH RD.",4224.00,N,N,B,-,Y,,,,,,,,,,Y,2,0,1,2,A,-,06,21750,,N,D,C,A,A,H,-,A,D,0,,,,,Y,,A,07,1,0,0,0,0,0,0,0,0,"- ","- ",35.628019999999999,-121.59349,"SAN LUIS OBISPO",UNINCORPORATED,,
90240214,2016,2016-08-08,9745,2016-08-03,1415,015144,,3,2,9,4000,0,2,4,,1,025,"LOS OSOS VALLEY RD","TURRI RD",1056.00,W,N,B,-,N,,,,,,,,,,Y,3,0,3,2,A,-,03,22350,,N,C,C,A,A,H,-,A,D,0,,,,,Y,,A,07,0,2,1,0,0,0,0,0,0,"- ","- ",35.298909999999999,-120.78158999999999,"SAN LUIS OBISPO",UNINCORPORATED,-120.7800218,35.299185690000002
90241675,2016,2016-09-13,9745,2016-07-23,1635,017238,,6,2,9,4000,0,1,2,,2,505,"US-101 SOUTHBOUND","WILLOW RD",1056.00,S,N,A,-,Y,,,101,,,,,,S,N,4,0,1,2,A,-,01,23152,A,M,B,C,A,A,H,-,A,D,0,,,,,Y,Y,D,22,0,0,1,0,0,0,0,0,0,"- ","- ",35.04842,-120.49521,"SAN LUIS OBISPO",UNINCORPORATED,-120.49516852000001,35.048457210000002
90242879,2016,2016-08-11,9740,2016-07-29,1600,019259,,5,2,4,4008,0,1,2,,2,002,"US-101 NORTHBOUND",SR-41,528.00,N,N,A,-,Y,,,101,,,,,,N,Y,2,0,1,1,A,-,08,22107,,N,F,D,A,A,H,-,A,D,0,,,Y,,Y,,C,02,1,0,0,0,0,0,0,0,1,"- ","- ",35.486359999999998,-120.66682,"SAN LUIS OBISPO",ATASCADERO,-120.66680516,35.486385689999999
90243274,2016,2016-08-11,9740,2016-06-03,0255,015167,,5,3,9,4000,0,1,2,,2,001,"US 101 (S/B)","SANTA BARBARA RD",1056.00,N,N,A,-,Y,,,,,,,,,,Y,1,1,0,1,A,-,01,23152,A,N,E,I,A,A,H,-,C,D,0,,,,,Y,Y,D,22,0,0,0,0,0,0,0,0,0,"- ","- ",35.450339999999997,-120.63974,"SAN LUIS OBISPO",UNINCORPORATED,-120.63883721000001,35.446368390000004
9024423,2019,2020-03-04,4002,2019-12-18,1852,459,,3,5,3,4002,0,0,0,,0,,"S 13TH ST","MENTONE AV",0.00,,Y,A,-,N,,,,,,,,,,N,2,0,2,3,A,-,10,21950,A,N,G,B,D,A,H,-,D,A,0,Y,,,,Y,,D,22,2,0,0,0,2,0,0,0,0,"- ","- ",,,"SAN LUIS OBISPO","GROVER BEACH",-120.61573028564453,35.115139007568359
90244392,2016,2016-08-15,9740,2016-07-31,1615,011615,,7,2,9,4000,0,1,2,,2,002,"US-101 N/B","LAS TABLAS RD",265.00,N,N,A,-,Y,,,101,,,,,,N,Y,4,0,1,2,A,-,03,22350,,N,C,C,A,A,H,-,A,D,0,,,,,Y,,D,22,0,0,1,0,0,0,0,0,0,"- ","- ",35.555050000000001,-120.7114,"SAN LUIS OBISPO",UNINCORPORATED,-120.71134402,35.554998499999996