CASE_ID,ACCIDENT_YEAR,PROC_DATE,JURIS,COLLISION_DATE,COLLISION_TIME,OFFICER_ID,REPORTING_DISTRICT,DAY_OF_WEEK,CHP_SHIFT,POPULATION,CNTY_CITY_LOC,SPECIAL_COND,BEAT_TYPE,CHP_BEAT_TYPE,CITY_DIVISION_LAPD,CHP_BEAT_CLASS,BEAT_NUMBER,PRIMARY_RD,SECONDARY_RD,DISTANCE,DIRECTION,INTERSECTION,WEATHER_1,WEATHER_2,STATE_HWY_IND,CALTRANS_COUNTY,CALTRANS_DISTRICT,STATE_ROUTE,ROUTE_SUFFIX,POSTMILE_PREFIX,POSTMILE,LOCATION_TYPE,RAMP_INTERSECTION,SIDE_OF_HWY,TOW_AWAY,COLLISION_SEVERITY,NUMBER_KILLED,NUMBER_INJURED,PARTY_COUNT,PRIMARY_COLL_FACTOR,PCF_CODE_OF_VIOL,PCF_VIOL_CATEGORY,PCF_VIOLATION,PCF_VIOL_SUBSECTION,HIT_AND_RUN,TYPE_OF_COLLISION,MVIW,PED_ACTION,ROAD_SURFACE,ROAD_COND_1,ROAD_COND_2,LIGHTING,CONTROL_DEVICE,CHP_ROAD_TYPE,PEDESTRIAN_ACCIDENT,BICYCLE_ACCIDENT,MOTORCYCLE_ACCIDENT,TRUCK_ACCIDENT,NOT_PRIVATE_PROPERTY,ALCOHOL_INVOLVED,STWD_VEHTYPE_AT_FAULT,CHP_VEHTYPE_AT_FAULT,COUNT_SEVERE_INJ,COUNT_VISIBLE_INJ,COUNT_COMPLAINT_PAIN,COUNT_PED_KILLED,COUNT_PED_INJURED,COUNT_BICYCLIST_KILLED,COUNT_BICYCLIST_INJURED,COUNT_MC_KILLED,COUNT_MC_INJURED,PRIMARY_RAMP,SECONDARY_RAMP,LATITUDE,LONGITUDE,COUNTY,CITY,POINT_X,POINT_Y
90244394,2016,2016-08-15,9740,2016-07-31,2030,013133,,7,2,9,4000,0,1,3,,2,007,SR-41,"YOSEMITE PL",528.00,N,N,A,-,Y,,,41,,,,,,,Y,4,0,1,1,A,-,08,22107,,N,E,I,A,A,H,-,D,D,0,,,,,Y,,A,01,0,0,1,0,0,0,0,0,0,"- ","- ",35.570810000000002,-120.47247,"SAN LUIS OBISPO",UNINCORPORATED,-120.47251338,35.570793729999998
90245992,2016,2016-08-16,9745,2016-08-05,1720,015144,,5,2,9,4000,0,1,2,,2,505,"US-101 SOUTHBOUND","EL CAMPO RD",5280.00,S,N,A,-,Y,,,101,,,,,,S,Y,4,0,1,3,A,-,03,22350,,N,C,C,A,A,H,-,A,D,0,,,,,Y,,A,01,0,0,1,0,0,0,0,0,0,"- ","- ",35.103529999999999,-120.55098,"SAN LUIS OBISPO",UNINCORPORATED,-120.5509564,35.103557700000003
90247176,2016,2016-08-17,9740,2016-08-03,1658,016849,,3,2,9,4000,0,3,5,,2,018,"GENESEO ROAD","IVERSON PLACE",1299.00,N,N,A,-,N,,,,,,,,,,Y,3,0,1,1,A,-,08,22107,,N,E,I,A,A,H,-,A,A,0,,,,,Y,,D,22,0,1,0,0,0,0,0,0,0,"- ","- ",35.648600000000002,-120.56086000000001,"SAN LUIS OBISPO",UNINCORPORATED,-120.56086074,35.647267679999999
90247648,2016,2016-08-18,9745,2016-07-26,2500,017541,,2,4,9,4000,0,2,4,,1,051,"LOS BERROS RD","FALCON CREST DR",830.00,W,N,A,-,N,,,,,,,,,,Y,1,1,0,1,A,-,08,22107,,N,E,I,A,A,H,-,A,D,0,,,,,Y,,D,22,0,0,0,0,0,0,0,0,0,"- ","- ",35.10172,-120.57503,"SAN LUIS OBISPO",UNINCORPORATED,-120.57454147999999,35.101743339999999
90248744,2016,2016-08-19,9745,2016-08-11,0435,017061,,4,3,9,4000,0,1,3,,1,045,SR-1,"OSO FLACO LAKE RD",0.00,,Y,A,-,Y,,,1,,,,,,,Y,4,0,1,2,A,-,09,21802,A,N,D,C,A,A,H,-,D,A,0,,,,,Y,,D,22,0,0,1,0,0,0,0,0,0,"- ","- ",35.010739999999998,-120.56751,"SAN LUIS OBISPO",UNINCORPORATED,-120.56759374000001,35.010774750000003
90249970,2016,2016-08-22,9745,2016-08-11,1215,014713,,4,1,9,4000,0,1,3,,1,011,SR-41,"CERRO ALTO ROAD",2112.00,N,N,A,-,Y,,,41,,,,,,,Y,2,0,1,1,A,-,08,22107,,N,E,I,A,A,H,-,A,D,0,,,,,Y,,A,01,1,0,0,0,0,0,0,0,0,"- ","- ",35.435690000000001,-120.75227,"SAN LUIS OBISPO",UNINCORPORATED,-120.75222467,35.435716220000003
90250061,2016,2016-08-22,9745,2016-08-12,1804,018021,,5,2,9,4000,0,3,5,,2,002,"OCEAN AVE","13TH STREET",0.00,,Y,A,-,N,,,,,,,,,,Y,4,0,1,2,A,-,09,21802,A,N,D,C,A,A,H,-,A,D,0,,,,,Y,,A,07,0,0,1,0,0,0,0,0,0,"- ","- ",35.442160000000001,-120.89108,"SAN LUIS OBISPO",UNINCORPORATED,-120.89111997000001,35.442120039999999
90250411,2016,2016-08-23,9740,2016-08-07,0240,013246,,7,3,9,4000,0,3,5,,2,018,"LINNE RD","HANSON RD",2112.00,E,N,A,-,N,,,,,,,,,,Y,2,0,1,1,A,-,01,23152,A,N,E,I,A,A,H,-,D,D,0,,,,,Y,Y,A,07,1,0,0,0,0,0,0,0,0,"- ","- ",35.611899999999999,-120.6242,"SAN LUIS OBISPO",UNINCORPORATED,-120.62509636999999,35.611920040000001
90250561,2016,2016-08-23,9745,2016-07-14,1843,016514,,4,2,9,4000,0,1,3,,1,032,SR-227,"BIDDLE RANCH RD",1190.00,S,N,A,-,Y,,,227,,,,,,,N,1,1,0,2,A,-,08,22107,,N,H,G,A,A,H,-,A,D,0,,Y,,,Y,,A,01,0,0,0,0,0,1,0,0,0,"- ","- ",35.208260000000003,-120.61515,"SAN LUIS OBISPO",UNINCORPORATED,-120.61528659,35.208193090000002
90250803,2016,2016-08-23,9740,2016-08-19,2120,018323,,5,2,9,4000,0,3,5,,2,016,"EL CAMINO REAL",SR-58,3168.00,N,N,A,-,N,,,,,,,,,,Y,4,0,1,1,A,-,01,23152,A,N,E,I,A,A,H,-,D,D,0,,,,,Y,Y,A,01,0,0,1,0,0,0,0,0,0,"- ","- ",35.401820000000001,-120.60536,"SAN LUIS OBISPO",UNINCORPORATED,-120.60544038,35.402116069999998
90250890,2016,2016-08-23,9745,2016-08-13,1145,020228,,6,1,9,4000,0,1,2,,2,505,"US-101 NORTHBOUND","LAETITIA VINEYARD DRIVE",302.00,N,N,A,-,Y,,,101,,,,,,N,Y,4,0,1,2,A,-,03,22350,,N,E,I,A,A,H,-,A,D,0,,,Y,,Y,,C,02,0,0,1,0,0,0,0,0,1,"- ","- ",35.089820000000003,-120.53794000000001,"SAN LUIS OBISPO",UNINCORPORATED,-120.53795203999999,35.08980218
90251521,2016,2016-08-24,9745,2016-08-14,1355,017930,,7,1,9,4000,0,1,2,,2,505,"US-101 SOUTHBOUND","TEFFT STREET",1320.00,N,N,A,-,Y,,,101,,,,,,S,Y,4,0,1,2,A,-,03,22350,,M,C,C,A,A,H,-,A,D,0,,,,,Y,,A,01,0,0,1,0,0,0,0,0,0,"- ","- ",35.04477,-120.49177,"SAN LUIS OBISPO",UNINCORPORATED,-120.49182318,35.044722350000001
90251932,2016,2016-08-24,9745,2016-08-14,1355,017541,,7,1,9,4000,0,1,2,,2,505,"US-101 SOUTHBOUND","WILLOW RD",1000.00,N,N,A,-,Y,,,101,,,,,,S,N,4,0,1,2,A,-,03,22350,,N,C,C,A,A,H,-,A,D,0,,,,,Y,,A,01,0,0,1,0,0,0,0,0,0,"- ","- ",35.058210000000003,-120.50398,"SAN LUIS OBISPO",UNINCORPORATED,-120.50395413,35.058233299999998
90254648,2016,2016-08-26,9745,2016-08-21,2029,016714,,7,2,9,4000,0,1,2,,1,101,"US-101 S/B","CUESTA SPRINGS RD.",791.00,S,N,A,-,Y,,,101,,,,,,S,Y,3,0,1,1,A,-,08,22107,,N,F,A,A,A,H,-,D,D,0,,,,,Y,,A,01,0,1,0,0,0,0,0,0,0,"- ","- ",35.357700000000001,-120.6371,"SAN LUIS OBISPO",UNINCORPORATED,-120.63716761000001,35.35768161
90256006,2016,2016-08-29,9745,2016-08-21,1027,017541,,7,1,2,4005,0,1,2,,2,404,"US 101 NORTHBOUND TO PRICE ST","PRICE ST",500.00,S,N,A,-,Y,,,,,,,,,,Y,4,0,1,2,A,-,03,22350,,N,C,C,A,A,H,-,A,D,0,,,,,Y,,A,01,0,0,1,0,0,0,0,0,0,"- ","- ",35.139479999999999,-120.63494,"SAN LUIS OBISPO","PISMO BEACH",,
90258827,2016,2016-09-01,9745,2016-08-23,1500,013212,,2,2,9,4000,0,3,5,,2,002,"SANTA RITA RD","OLD CREEK RD",5280.00,E,N,A,-,N,,,,,,,,,,N,4,0,1,2,A,-,03,22350,,M,C,C,A,A,H,-,A,D,0,,,,,Y,,A,01,0,0,1,0,0,0,0,0,0,"- ","- ",35.479179999999999,-120.84247000000001,"SAN LUIS OBISPO",UNINCORPORATED,-120.8424443,35.479160550000003
90259769,2016,2016-09-02,9745,2016-08-13,1651,017968,,6,2,9,4000,0,1,2,,2,303,"US-101 N/B","AVILA BEACH DRIVE",1056.00,N,N,A,-,Y,,,101,,,,,,N,Y,2,0,2,1,A,-,01,23152,A,N,E,I,A,A,H,-,A,D,0,,,Y,,Y,Y,C,02,1,1,0,0,0,0,0,0,2,"- ","- ",35.184620000000002,-120.70135999999999,"SAN LUIS OBISPO",UNINCORPORATED,-120.70133118,35.184617160000002
90260022,2016,2016-09-02,9745,2016-08-29,1345,012876,,1,1,9,4000,0,1,2,,1,101,"US-101 SOUTHBOUND","LOS OSOS VALLEY RD",2640.00,N,N,A,-,Y,,,101,,,,,,S,Y,3,0,1,1,A,-,08,22107,,N,E,I,A,A,H,-,A,D,0,,,,,Y,,A,07,0,1,0,0,0,0,0,0,0,"- ","- ",35.25076,-120.67859,"SAN LUIS OBISPO",UNINCORPORATED,-120.67863527999999,35.250787209999999
90261033,2016,2016-09-08,9740,2016-08-27,1850,016849,,6,2,3,4004,0,1,2,,2,003,"US-101 NORTHBOUND","SR-46 EAST",4633.00,N,N,A,-,Y,,,101,,,,,,N,Y,4,0,1,1,A,-,01,23152,A,N,E,I,A,A,H,-,A,D,0,,,,,Y,Y,A,01,0,0,1,0,0,0,0,0,0,"- ","- ",35.653359999999999,-120.69367,"SAN LUIS OBISPO","PASO ROBLES",-120.69361202,35.653509640000003
90261315,2016,2016-09-06,9745,2016-09-02,2305,015144,,5,3,9,4000,0,3,5,,2,003,"SAN LUIS BAY DR","ONTARIO RD",0.00,,Y,B,-,N,,,,,,,,,,Y,4,0,2,2,A,-,01,23152,A,N,D,C,A,A,H,-,D,A,0,,,,,Y,Y,A,01,0,0,2,0,0,0,0,0,0,"- ","- ",35.196080000000002,-120.70053,"SAN LUIS OBISPO",UNINCORPORATED,-120.70057988000001,35.19611003
90261461,2016,2016-09-06,9745,2016-08-27,1838,017817,,6,2,9,4000,0,1,3,,1,041,"S. HALCYON RD.","LA DUE ST.",950.00,S,N,A,-,N,,,,,,,,,,Y,4,0,1,1,A,-,01,23152,A,N,E,I,A,A,H,-,A,D,0,,,,,Y,Y,D,22,0,0,1,0,0,0,0,0,0,"- ","- ",35.100700000000003,-120.59164,"SAN LUIS OBISPO",UNINCORPORATED,-120.59163214,35.100790510000003
90261741,2016,2016-09-06,9745,2016-08-30,1135,017541,,2,1,9,4000,0,2,4,,1,048,"PRICE CANYON RD",SR-227,4224.00,W,N,A,-,N,,,,,,,,,,Y,4,0,3,3,A,-,03,22350,,N,C,C,A,A,H,-,A,D,0,,,,,Y,,A,01,0,0,3,0,0,0,0,0,0,"- ","- ",35.190159999999999,-120.61644,"SAN LUIS OBISPO",UNINCORPORATED,-120.61607904,35.19072268
90263130,2016,2016-09-07,9740,2016-08-30,0830,013984,,2,1,9,4000,0,3,5,,2,017,"NEAL SPRINGS RD","HOLLYHOCK LN",600.00,E,N,A,-,N,,,,,,,,,,Y,4,0,1,1,A,-,03,22350,,N,F,A,A,A,A,-,A,D,0,,,,,Y,,D,22,0,0,1,0,0,0,0,0,0,"- ","- ",35.575220000000002,-120.64758999999999,"SAN LUIS OBISPO",UNINCORPORATED,-120.64878367999999,35.574882690000003
90263173,2016,2016-09-07,9745,2016-08-27,1745,017061,,6,2,9,4000,0,1,2,,1,101,"US-101 SOUTHBOUND","MONTEREY ST",650.00,N,N,A,-,Y,,,,,,,,,,Y,4,0,1,1,A,-,08,22107,,N,E,I,A,A,H,-,A,D,0,,,,,Y,,A,01,0,0,1,0,0,0,0,0,0,"- ","- ",35.291849999999997,-120.64775,"SAN LUIS OBISPO",UNINCORPORATED,,
90264005,2016,2016-09-08,9745,2016-09-02,2125,014996,,5,2,3,4001,0,1,2,,2,402,"US-101 SOUTHBOUND","GRAND AVE",550.00,N,N,A,-,Y,,,101,,,,,,S,Y,4,0,5,3,A,-,03,22350,,N,C,C,A,A,H,-,C,D,0,,,,,Y,,D,22,0,0,5,0,0,0,0,0,0,"- ","- ",35.122019999999999,-120.58625000000001,"SAN LUIS OBISPO","ARROYO GRANDE",-120.58624833,35.122025569999998
90264304,2016,2016-09-08,9745,2016-08-22,1040,017541,,1,1,2,4005,0,1,2,,2,404,"US-101 SOUTHBOUND","MATTIE RD",207.00,N,N,A,-,Y,,,101,,,,,,S,Y,3,0,2,2,A,-,03,22350,,N,B,C,A,A,H,-,A,D,0,,,,,Y,,A,07,0,1,1,0,0,0,0,0,0,"- ","- ",35.151069999999997,-120.65536,"SAN LUIS OBISPO","PISMO BEACH",-120.65536779999999,35.15104736
90264333,2016,2016-09-13,9745,2016-09-01,1720,016002,,4,2,9,4000,0,1,2,,2,505,"US-101 NORTHBOUND","TEFFT STREET",10560.00,S,N,A,-,Y,,,101,,,,,,N,Y,4,0,1,1,A,-,08,22107,,N,E,I,A,A,H,-,A,D,0,,,,,Y,,A,07,0,0,1,0,0,0,0,0,0,"- ","- ",35.024900000000002,-120.47144,"SAN LUIS OBISPO",UNINCORPORATED,-120.47148399,35.024852439999997
90265818,2016,2016-09-12,9745,2016-09-08,1620,014713,,4,2,9,4000,0,2,4,,1,025,"LOS OSOS VALLEY ROAD","FOOTHILL BLVD.",800.00,E,N,A,-,N,,,,,,,,,,Y,4,0,2,2,A,-,03,22350,,N,C,C,A,A,H,-,A,D,0,,,,,Y,,A,01,0,0,2,0,0,0,0,0,0,"- ","- ",35.27431,-120.70931,"SAN LUIS OBISPO",UNINCORPORATED,-120.70993082,35.274927050000002
90266391,2016,2016-09-13,9740,2016-09-04,1450,011615,,7,2,9,4000,0,1,3,,1,014,SR-1,"HEARST CASTLE RD",0.00,,Y,A,-,Y,,,1,,,,,,,Y,4,0,1,2,A,-,09,21802,A,N,D,C,A,A,H,-,A,A,0,,,,,Y,,A,07,0,0,1,0,0,0,0,0,0,"- ","- ",35.643940000000001,-121.18562,"SAN LUIS OBISPO",UNINCORPORATED,-121.18561149,35.64396181
90266404,2016,2016-09-13,9740,2016-09-07,0320,017426,,3,3,9,4000,0,3,5,,2,022,"ADELAIDA RD","HIDDEN MOUNTAIN RD",5280.00,S,N,A,-,N,,,,,,,,,,Y,2,0,1,1,A,-,01,23152,A,N,E,I,A,A,H,-,D,D,0,,,,,Y,Y,A,07,1,0,0,0,0,0,0,0,0,"- ","- ",35.389769999999999,-120.48125,"SAN LUIS OBISPO",UNINCORPORATED,-120.78376,35.648829999999997
90267066,2016,2016-09-13,9745,2016-09-07,0716,013531,,3,1,9,4000,0,2,4,,1,052,"THOMPSON ROAD","WILLOW ROAD",650.00,S,N,B,E,N,,,,,,,,,,Y,2,0,3,2,A,-,09,21801,A,N,A,C,A,A,H,-,A,D,0,,,,,Y,,A,01,1,2,0,0,0,0,0,0,0,"- ","- ",35.058109999999999,-120.49257,"SAN LUIS OBISPO",UNINCORPORATED,-120.49263307,35.05814883
90267106,2016,2016-09-13,9745,2016-09-11,1327,017817,,7,1,9,4000,0,1,3,,1,041,"SR-1 SOUTHBOUND","19TH ST.",11.00,S,N,B,-,Y,,,1,,,,,,S,Y,4,0,1,1,A,-,08,22107,,N,E,I,A,A,H,-,A,D,0,,,,,Y,,A,08,0,0,1,0,0,0,0,0,0,"- ","- ",35.098120000000002,-120.61021,"SAN LUIS OBISPO",UNINCORPORATED,-120.61020997999999,35.098143030000003
90268516,2016,2016-09-15,9745,2016-09-14,1405,012876,,3,2,9,4000,0,3,5,,2,002,"ORCUTT RD","RIGHETTI RD",0.00,,Y,A,-,N,,,,,,,,,,Y,4,0,1,2,A,-,03,22350,,N,C,C,A,A,H,-,A,A,0,,,,,Y,,A,07,0,0,1,0,0,0,0,0,0,"- ","- ",35.227829999999997,-120.60002,"SAN LUIS OBISPO",UNINCORPORATED,-120.60006986,35.227780039999999
9026979,2020,2020-09-25,4008,2020-01-13,1154,3125,,1,5,4,4008,0,0,0,,0,,"EL CAMINO REAL",ROSARIO,0.00,,Y,A,-,Y,SLO,5,101,-,-,46.200,R,4,N,N,2,0,1,2,A,-,09,21801,A,N,H,G,A,A,H,-,A,D,0,,Y,,,Y,,D,22,1,0,0,0,0,0,1,0,0,"- ",NO,35.490978240966797,-120.67347717285156,"SAN LUIS OBISPO",ATASCADERO,-120.67410278320312,35.490913391113281
90272264,2016,2016-09-21,9745,2016-09-19,2240,017930,,1,3,9,4000,0,3,5,,2,003,"MONTE RD","AVILA BEACH DRIVE",62.00,N,N,A,-,N,,,,,,,,,,Y,4,0,1,1,A,-,01,23152,A,N,E,I,A,A,H,-,C,D,0,,,,,Y,Y,A,01,0,0,1,0,0,0,0,0,0,"- ","- ",35.180140000000002,-120.6991,"SAN LUIS OBISPO",UNINCORPORATED,-120.70082327,35.182620389999997
90273966,2016,2016-09-22,9745,2016-09-14,0120,015144,,3,3,4,4006,0,1,2,,2,202,"US-101 NB TO BROAD STREET OFF-RAMP","BROAD ST",1.00,N,N,A,-,Y,,,101,,,,R,,N,Y,3,0,1,1,A,-,01,23152,A,M,E,I,A,A,H,-,C,D,0,,,,,Y,Y,A,01,0,1,0,0,0,0,0,0,0,"- ","- ",35.283009999999997,-120.66728999999999,"SAN LUIS OBISPO","SAN LUIS OBISPO",-120.66728999999999,35.283009999999997
90274276,2016,2016-09-22,9750,2016-09-19,0635,016874,,1,1,9,4000,0,1,2,,2,111,"US-101 N/B (EL CAMINO REAL)","SR-166 UNDER-CROSSING",970.00,S,N,B,E,Y,,,101,,,,,,N,N,4,0,1,3,A,-,03,22350,,N,C,C,A,A,H,-,A,D,0,,,,,Y,,A,08,0,0,1,0,0,0,0,0,0,"- ","- ",34.99221,-120.434,"SAN LUIS OBISPO",UNINCORPORATED,-120.43396715,34.992214789999998
90274794,2016,2017-07-19,9745,2016-09-16,2159,015144,,5,2,9,4000,0,1,3,,2,023,"SR-1 NORTHBOUND","SAN LUISITO CREEK RD",0.00,,Y,B,-,Y,,,1,,,,,,N,Y,4,0,2,3,A,-,09,21801,A,N,D,C,A,A,H,-,D,A,0,,,,,Y,,D,22,0,0,2,0,0,0,0,0,0,"- ","- ",35.354680000000002,-120.78434,"SAN LUIS OBISPO",UNINCORPORATED,-120.78435052,35.3546421
90275530,2016,2016-09-26,9740,2016-09-09,2050,013984,,5,2,9,4000,0,1,2,,2,002,"RT 101","VINEYRD DR",100.00,N,N,A,-,Y,,,101,,,,,,,Y,3,0,1,2,A,-,03,22350,,N,C,C,A,A,H,-,D,D,0,,,,,Y,,A,01,0,1,0,0,0,0,0,0,0,"- ","- ",35.544110000000003,-120.71464,"SAN LUIS OBISPO",UNINCORPORATED,-120.71454682,35.544146820000002
90276594,2016,2016-09-27,9745,2016-09-22,2050,020689,,4,2,9,4000,0,3,5,,2,004,"BRANCH MILL RD","TANNER LN",2640.00,E,N,A,-,N,,,,,,,,,,N,4,0,1,1,A,-,03,22350,,N,F,A,A,A,H,-,D,D,0,,,Y,,Y,,C,02,0,0,1,0,0,0,0,0,1,"- ","- ",35.13053,-120.54937,"SAN LUIS OBISPO",UNINCORPORATED,-120.5500523,35.129948829999996
90276995,2016,2016-09-27,9745,2016-09-21,1645,016002,,3,2,9,4000,0,3,5,,2,004,"HALCYON RD",SR-1,285.00,S,N,A,-,Y,,,,,,,,,,Y,3,0,2,2,A,-,05,21460,C,N,A,C,A,A,H,-,A,D,0,,,,,Y,,D,22,0,2,0,0,0,0,0,0,0,"- ","- ",35.097329999999999,-120.59152,"SAN LUIS OBISPO",UNINCORPORATED,-120.59238000000001,35.09816
90277190,2016,2016-09-27,9740,2016-09-12,1425,015854,,1,2,9,4000,0,3,5,,2,022,"CHIMNEY ROCK RD","NACIMIENTO LAKE DR",1584.00,W,N,A,-,N,,,,,,,,,,Y,3,0,1,1,A,-,01,23152,A,N,F,A,A,A,H,-,A,D,0,,,,,Y,Y,A,01,0,1,0,0,0,0,0,0,0,"- ","- ",35.686509999999998,-120.80108,"SAN LUIS OBISPO",UNINCORPORATED,-120.80093730999999,35.686704779999999
90277196,2016,2016-09-27,9745,2016-09-22,0905,013531,,4,1,9,4000,0,1,2,,2,505,"US-101 NORTHBOUND","LOS BERROS ROAD",900.00,S,N,A,-,Y,,,101,,,,,,N,Y,3,0,2,3,A,-,03,22350,,N,C,C,A,A,H,-,A,D,0,,,,,Y,,A,07,0,1,1,0,0,0,0,0,0,"- ","- ",35.067450000000001,-120.51222,"SAN LUIS OBISPO",UNINCORPORATED,-120.51217784000001,35.067489960000003
90277273,2016,2016-09-27,9740,2016-09-10,0900,013733,,6,1,9,4000,0,3,5,,2,021,"OLD CREEK ROAD","SR-46 WEST",3168.00,S,N,A,-,N,,,,,,,,,,Y,3,0,1,1,A,-,08,22107,,N,E,I,A,A,H,-,A,D,0,,,,,Y,,A,07,0,1,0,0,0,0,0,0,0,"- ","- ",35.52816,-120.85708,"SAN LUIS OBISPO",UNINCORPORATED,-120.85841775,35.526152150000001
90277770,2016,2016-09-28,9740,2016-09-12,1627,014622,,1,2,9,4000,0,3,5,,2,017,"LA PANZA ROAD","RYAN ROAD",2640.00,W,N,A,-,N,,,,,,,,,,Y,3,0,1,1,A,-,08,22107,,N,F,A,A,A,H,-,A,D,0,,,,,Y,,D,22,0,1,0,0,0,0,0,0,0,"- ","- ",35.526829999999997,-120.50346,"SAN LUIS OBISPO",UNINCORPORATED,-120.50271127000001,35.526698060000001
90278176,2016,2016-09-28,9740,2016-09-16,1255,013733,,5,1,3,4004,0,1,2,,2,003,"US 101 SOUTHBOUND",SR-46E,3168.00,N,N,A,-,Y,,,,,,,,,,Y,4,0,1,2,A,-,08,22107,,N,E,I,A,A,H,-,A,D,0,,,,,Y,,A,07,0,0,1,0,0,0,0,0,0,"- ","- ",35.650590000000001,-120.68943,"SAN LUIS OBISPO","PASO ROBLES",,
90278469,2016,2016-09-28,9740,2016-09-02,1050,013733,,5,1,9,4000,0,1,3,,1,015,SR-1,"MONTEREY/SAN LUIS OBISPO COUNTY LINE",5280.00,N,N,B,-,Y,,,1,,,,,,,N,4,0,1,1,A,-,08,22107,,N,E,I,A,A,H,-,A,D,0,,,Y,,Y,,C,02,0,0,1,0,0,0,0,0,1,"- ","- ",35.785820000000001,-121.33408,"SAN LUIS OBISPO",UNINCORPORATED,-121.33406985000001,35.7858242
90283298,2016,2016-10-04,9745,2016-09-21,0037,020228,,3,3,9,4000,0,2,4,,1,051,"LOS BERROS RD","CENTURY LN",322.00,E,N,A,-,N,,,,,,,,,,Y,3,0,1,1,A,-,01,23152,A,N,E,I,A,A,H,-,D,D,0,,,,,Y,Y,A,07,0,1,0,0,0,0,0,0,0,"- ","- ",35.101860000000002,-120.57818,"SAN LUIS OBISPO",UNINCORPORATED,-120.57839633,35.102069970000002
90283780,2016,2016-10-04,9740,2016-09-04,1855,011615,,7,2,9,4000,0,1,3,,1,014,SR-1,"ARROYO DE LA CRUZ",2640.00,N,N,A,-,Y,,,,,,,,,,Y,2,0,3,2,A,-,08,22107,,N,A,C,A,A,H,-,A,D,0,,,,,Y,,A,01,1,1,1,0,0,0,0,0,0,"- ","- ",37.716340000000002,-121.30653,"SAN LUIS OBISPO",UNINCORPORATED,,
90284646,2016,2016-10-05,9745,2016-09-25,1205,017817,,7,1,2,4005,0,1,2,,2,404,"US-101 NORTHBOUND","OAK PARK BLVD",1450.00,N,N,A,-,Y,,,101,,,,,,N,Y,3,0,1,2,A,-,03,22350,,N,C,C,A,A,H,-,A,D,0,,,Y,,Y,,C,02,0,1,0,0,0,0,0,0,1,"- ","- ",35.13252,-120.61418,"SAN LUIS OBISPO","PISMO BEACH",-120.61413619,35.132612819999999
90284807,2016,2016-10-05,9745,2016-09-26,1050,017541,,1,1,9,4000,0,2,4,,1,055,"TEFFT STREET","MARY AVE",30.00,W,N,A,-,N,,,,,,,,,,Y,4,0,1,3,A,-,03,22350,,N,C,C,A,A,H,-,A,D,0,,,,,Y,,D,22,0,0,1,0,0,0,0,0,0,"- ","- ",35.035469999999997,-120.48671,"SAN LUIS OBISPO",UNINCORPORATED,-120.48671302,35.035693879999997
90284853,2016,2016-10-05,9740,2016-09-24,1445,018323,,6,2,9,4000,0,1,3,,2,011,SR-46,"VINEYARD DR",0.00,,Y,A,-,Y,,,46,,,,,,,Y,4,0,3,3,A,-,09,21802,A,N,D,C,A,A,H,-,A,A,0,,,,,Y,,A,01,0,0,3,0,0,0,0,0,0,"- ","- ",35.553370000000001,-120.76157000000001,"SAN LUIS OBISPO",UNINCORPORATED,-120.7615557,35.553344260000003
90284904,2016,2016-10-05,9745,2016-09-28,1655,016002,,3,2,9,4000,0,1,2,,2,505,"US-101 SOUTHBOUND","TEFFT STREET",7920.00,S,N,A,-,Y,,,101,,,,,,S,Y,3,0,2,4,A,-,03,22350,,N,C,C,A,A,H,-,A,D,0,,,,,Y,,A,01,0,1,1,0,0,0,0,0,0,"- ","- ",35.019910000000003,-120.46653000000001,"SAN LUIS OBISPO",UNINCORPORATED,-120.46648904,35.01995428
90285357,2016,2016-10-06,9745,2016-09-28,1725,016068,,3,2,9,4000,0,1,2,,2,402,"US-101 SOUTHBOUND","TRAFFIC WAY",1584.00,S,N,A,-,Y,,,101,,,,,,S,Y,4,0,1,2,A,-,03,22350,,N,C,C,A,A,H,-,A,D,0,,,,,Y,,A,01,0,0,1,0,0,0,0,0,0,"- ","- ",35.113900000000001,-120.56948,"SAN LUIS OBISPO",UNINCORPORATED,-120.56963699000001,35.113650970000002
90285575,2016,2016-10-06,9740,2016-09-12,0755,018323,,1,1,9,4000,0,1,3,,1,014,"SR-1 N/B","MAIN STREET",0.00,,Y,E,-,Y,,,,,,,,,,N,4,0,1,2,A,-,21,22106,,N,C,C,A,A,H,-,A,A,0,,,,,Y,,D,22,0,0,1,0,0,0,0,0,0,"- ","- ",35.551600000000001,-120.07147000000001,"SAN LUIS OBISPO",UNINCORPORATED,-120.85144996,35.373590020000002
90287525,2016,2016-10-10,9745,2016-10-06,0810,013531,,4,1,9,4000,0,1,2,,2,505,"US-101 NORTHBOUND","LOS BERROS ROAD",900.00,S,N,A,-,Y,,,101,,,,,,N,Y,4,0,1,4,A,-,03,22350,,N,C,C,A,A,H,-,A,D,0,,,,,Y,,A,01,0,0,1,0,0,0,0,0,0,"- ","- ",35.068800000000003,-120.51351,"SAN LUIS OBISPO",UNINCORPORATED,-120.5134442,35.068858370000001