CASE_ID,ACCIDENT_YEAR,PROC_DATE,JURIS,COLLISION_DATE,COLLISION_TIME,OFFICER_ID,REPORTING_DISTRICT,DAY_OF_WEEK,CHP_SHIFT,POPULATION,CNTY_CITY_LOC,SPECIAL_COND,BEAT_TYPE,CHP_BEAT_TYPE,CITY_DIVISION_LAPD,CHP_BEAT_CLASS,BEAT_NUMBER,PRIMARY_RD,SECONDARY_RD,DISTANCE,DIRECTION,INTERSECTION,WEATHER_1,WEATHER_2,STATE_HWY_IND,CALTRANS_COUNTY,CALTRANS_DISTRICT,STATE_ROUTE,ROUTE_SUFFIX,POSTMILE_PREFIX,POSTMILE,LOCATION_TYPE,RAMP_INTERSECTION,SIDE_OF_HWY,TOW_AWAY,COLLISION_SEVERITY,NUMBER_KILLED,NUMBER_INJURED,PARTY_COUNT,PRIMARY_COLL_FACTOR,PCF_CODE_OF_VIOL,PCF_VIOL_CATEGORY,PCF_VIOLATION,PCF_VIOL_SUBSECTION,HIT_AND_RUN,TYPE_OF_COLLISION,MVIW,PED_ACTION,ROAD_SURFACE,ROAD_COND_1,ROAD_COND_2,LIGHTING,CONTROL_DEVICE,CHP_ROAD_TYPE,PEDESTRIAN_ACCIDENT,BICYCLE_ACCIDENT,MOTORCYCLE_ACCIDENT,TRUCK_ACCIDENT,NOT_PRIVATE_PROPERTY,ALCOHOL_INVOLVED,STWD_VEHTYPE_AT_FAULT,CHP_VEHTYPE_AT_FAULT,COUNT_SEVERE_INJ,COUNT_VISIBLE_INJ,COUNT_COMPLAINT_PAIN,COUNT_PED_KILLED,COUNT_PED_INJURED,COUNT_BICYCLIST_KILLED,COUNT_BICYCLIST_INJURED,COUNT_MC_KILLED,COUNT_MC_INJURED,PRIMARY_RAMP,SECONDARY_RAMP,LATITUDE,LONGITUDE,COUNTY,CITY,POINT_X,POINT_Y
90288716,2016,2016-10-11,9740,2016-10-01,0925,020144,,6,1,9,4000,0,2,S,,2,904,"OLD CREEK RD",SR-46,2112.00,S,N,A,-,N,,,,,,,,,,N,3,0,1,1,A,-,03,22350,,N,F,A,A,A,B,-,A,D,0,,,Y,,Y,,C,02,0,1,0,0,0,0,0,0,1,"- ","- ",35.527880000000003,-120.85709,"SAN LUIS OBISPO",UNINCORPORATED,-120.85746598999999,35.528617189999999
90289704,2016,2016-10-12,9740,2016-09-16,0819,018323,,5,1,9,4000,0,1,3,,2,005,SR-58,"BAKER RD",221.00,W,N,A,-,Y,,,58,,,,,,,Y,3,0,1,1,A,-,08,22107,,N,E,I,A,A,H,-,A,D,0,,,Y,,Y,,C,02,0,1,0,0,0,0,0,0,1,"- ","- ",35.32197,-119.8715,"SAN LUIS OBISPO",UNINCORPORATED,-119.87149961,35.322058220000002
90289937,2016,2016-10-12,9745,2016-10-02,1130,017238,,7,1,9,4000,0,1,3,,2,023,"SR-1 SOUTHBOUND","SOUTH BAY BOULEVARD",1056.00,N,N,A,-,Y,,,,,,,,,,N,3,0,1,2,A,-,08,22107,,N,D,G,A,A,H,-,A,D,0,,Y,,,Y,,L,04,0,1,0,0,0,0,1,0,0,"- ","- ",35.364609999999999,-120.82635999999999,"SAN LUIS OBISPO",UNINCORPORATED,,
90290044,2016,2016-10-12,9740,2016-10-02,0130,014622,,7,3,9,4000,0,3,5,,2,016,"PARKHILL ROAD",SR-58,323.00,S,N,A,-,N,,,,,,,,,,Y,3,0,1,1,A,-,01,23152,A,N,F,A,A,A,H,-,D,D,0,,,,,Y,Y,A,07,0,1,0,0,0,0,0,0,0,"- ","- ",35.412019999999998,-120.55999,"SAN LUIS OBISPO",UNINCORPORATED,-120.55990107,35.412090079999999
90291170,2016,2016-10-13,9740,2016-09-30,1625,013246,,5,2,9,4000,0,1,3,,2,008,"S.R. 46","BITTERWATER RD.",0.00,,Y,A,-,Y,,,,,,,,,,Y,4,0,1,2,A,-,09,21801,A,N,D,C,A,A,H,-,A,D,0,,,,,Y,,D,22,0,0,1,0,0,0,0,0,0,"- ","- ",35.710599999999999,-120.3104,"SAN LUIS OBISPO",UNINCORPORATED,,
90292023,2016,2016-10-14,9745,2016-10-06,1450,016002,,4,2,9,4000,0,2,4,,1,052,"THOMPSON RD.","WINEMAN RD",0.00,,Y,A,-,N,,,,,,,,,,Y,3,0,1,1,A,-,08,22107,,N,E,I,A,A,H,-,A,D,0,,,,,Y,,D,22,0,1,0,0,0,0,0,0,0,"- ","- ",34.999000000000002,-120.43535,"SAN LUIS OBISPO",UNINCORPORATED,-120.43542992,34.998940009999998
90293794,2016,2016-10-17,9740,2016-10-06,1935,013733,,4,2,9,4000,0,2,4,,2,012,"NACIMIENTO LAKE DR","FRAZIER RD",5280.00,N,N,A,-,N,,,,,,,,,,Y,3,0,1,1,A,-,01,23152,A,N,E,I,A,A,H,-,D,D,0,,,,,Y,Y,D,22,0,1,0,0,0,0,0,0,0,"- ","- ",35.7149,-120.83927,"SAN LUIS OBISPO",UNINCORPORATED,-120.83778379,35.713387689999998
90296189,2016,2016-10-19,9745,2016-10-18,0855,015144,,2,1,2,4005,0,1,2,,2,404,"US-101 NORTHBOUND","MATTIE RD",100.00,N,N,A,-,Y,,,101,,,,,,N,Y,4,0,1,2,A,-,03,22350,,N,C,C,A,A,H,-,A,D,0,,,,,Y,,D,22,0,0,1,0,0,0,0,0,0,"- ","- ",35.151350000000001,-120.65539,"SAN LUIS OBISPO","PISMO BEACH",-120.65540237,35.151307969999998
90297576,2016,2016-10-20,9740,2016-09-09,1615,013133,,5,2,9,4000,0,1,3,,2,005,SR-58,"SUN STORM LANE",1520.00,W,N,A,-,Y,,,58,,,,,,,Y,1,1,0,1,A,-,08,22107,,N,E,I,A,A,H,-,A,D,0,,,,,Y,,A,01,0,0,0,0,0,0,0,0,0,"- ","- ",35.437440000000002,-120.50396000000001,"SAN LUIS OBISPO",UNINCORPORATED,-120.50394923,35.43756054
90297636,2016,2016-10-20,9745,2016-10-14,0745,016390,,5,1,9,4000,0,1,2,,1,101,"US 101 S/B","RESERVOIR CYN. RD.",4224.00,N,N,A,-,Y,,,,,,,,,,Y,4,0,1,2,D,-,00,,,N,C,C,A,A,H,-,A,D,0,,,,,Y,,-,"- ",0,0,1,0,0,0,0,0,0,"- ","- ",35.308,-120.6251,"SAN LUIS OBISPO",UNINCORPORATED,,
90299230,2016,2016-10-24,9740,2016-10-19,0757,014543,,3,1,9,4000,0,3,5,,2,017,"LA PANZA RD","LITTLE FARM RD",0.00,,Y,A,-,N,,,,,,,,,,Y,4,0,1,2,A,-,03,22350,,N,D,C,A,A,H,-,A,A,0,,,,,Y,,A,01,0,0,1,0,0,0,0,0,0,"- ","- ",35.528170000000003,-120.51349999999999,"SAN LUIS OBISPO",UNINCORPORATED,-120.51345997999999,35.528420099999998
90300135,2016,2016-10-25,9745,2016-10-20,0835,012876,,4,1,9,4000,0,1,2,,2,202,"US-101 SOUTHBOUND","GRAND AVE",1584.00,S,N,A,-,Y,,,,,,,,,,N,4,0,1,2,A,-,03,22350,,N,C,C,A,A,H,-,A,D,0,,,,,Y,,A,07,0,0,1,0,0,0,0,0,0,"- ","- ",35.291969999999999,-120.65584,"SAN LUIS OBISPO",UNINCORPORATED,,
90302204,2016,2016-10-26,9745,2016-10-21,0745,016390,,5,1,2,4005,0,1,2,,2,404,"US 101 N/B","4TH STREET",1056.00,N,N,A,-,Y,,,,,,,,,,N,4,0,1,3,A,-,07,21658,A,N,B,C,A,A,H,-,A,D,0,,,Y,,Y,,A,01,0,0,1,0,0,0,0,0,1,"- ","- ",35.1374,-120.6264,"SAN LUIS OBISPO","PISMO BEACH",-120.62517874,35.137148789999998
90302782,2016,2016-10-27,9745,2016-10-20,2030,017541,,4,2,9,4000,0,3,5,,2,001,"OLD CREEK RD","SANTA RITA CREEK",2640.00,S,N,A,-,N,,,,,,,,,,Y,4,0,1,1,A,-,08,22107,,N,F,A,A,A,H,-,D,D,0,,,,,Y,Y,A,01,0,0,1,0,0,0,0,0,0,"- ","- ",35.469700000000003,-120.86266000000001,"SAN LUIS OBISPO",UNINCORPORATED,-120.86229822,35.468859860000002
90303037,2016,2016-10-27,9745,2016-10-19,1500,016514,,3,2,9,4000,0,3,5,,2,005,"CECCHETTI RD","LOPEZ DR",1056.00,S,N,A,-,N,,,,,,,,,,Y,4,0,1,1,A,-,01,23152,A,N,F,A,A,A,H,-,A,D,0,,,,,Y,Y,A,07,0,0,1,0,0,0,0,0,0,"- ","- ",35.149000000000001,-120.53435,"SAN LUIS OBISPO",UNINCORPORATED,-120.53396562,35.148719389999997
90303172,2016,2016-10-27,9745,2016-10-21,1448,014996,,5,2,2,4005,0,1,2,,2,404,"US-101 SOUTHBOUND","FOURTH STREET O/C",1056.00,S,N,A,-,Y,,,101,,,,,,S,Y,3,0,2,3,A,-,03,22350,,N,C,C,A,A,H,-,A,D,0,,,,,Y,,A,01,0,1,1,0,0,0,0,0,0,"- ","- ",35.135100000000001,-120.61984,"SAN LUIS OBISPO","PISMO BEACH",-120.61982562,35.135130029999999
9030375,2019,2020-07-13,4004,2019-12-26,1839,1427,,4,5,3,4004,0,0,0,,0,,"RT 46 E","UNION RD",0.00,,Y,A,-,Y,SLO,5,46,-,-,38.610,I,5,E,Y,3,0,4,2,A,-,09,21801,A,N,D,C,A,A,H,-,C,A,0,,,,,Y,,A,01,0,2,2,0,0,0,0,0,0,"- ","- ",35.643280029296875,-120.64872741699219,"SAN LUIS OBISPO","PASO ROBLES",-120.53399658203125,35.655387878417969
90305723,2016,2016-10-28,9745,2016-10-20,2040,017238,,4,2,9,4000,0,2,4,,1,025,"LOS OSOS VALLEY RD","PECHO VALLEY RD",528.00,E,N,A,-,N,,,,,,,,,,Y,3,0,1,1,A,-,01,23152,A,N,E,I,A,A,H,-,C,D,0,,,,,Y,Y,A,01,0,1,0,0,0,0,0,0,0,"- ","- ",35.31268,-120.84820999999999,"SAN LUIS OBISPO",UNINCORPORATED,-120.8501845,35.312738009999997
90306001,2016,2016-10-28,9745,2016-10-25,1700,014713,,2,2,9,4000,0,3,5,,2,004,"SAN LUIS STREET PKY","SAN RAFAEL STREET",66.00,W,N,A,-,N,,,,,,,,,,Y,4,0,1,2,A,-,08,22107,,N,B,E,A,A,H,-,A,D,0,,,,,Y,,A,07,0,0,1,0,0,0,0,0,0,"- ","- ",35.180509999999998,-120.72957,"SAN LUIS OBISPO",UNINCORPORATED,-120.7294759,35.180411939999999
90307019,2016,2016-10-31,9740,2016-10-06,1814,018323,,4,2,9,4000,0,3,5,,2,021,"VINEYARD DR","US-101 SOUTHBOUND TO VINEYARD DRIVE",155.00,E,N,A,-,N,,,,,,,,,,Y,4,0,1,3,A,-,03,22350,,N,C,C,A,A,H,-,B,D,0,,,,,Y,,A,01,0,0,1,0,0,0,0,0,0,"- ","- ",35.543709999999997,-120.71478999999999,"SAN LUIS OBISPO",UNINCORPORATED,-120.71478009,35.543652850000001
90307325,2016,2016-10-31,9740,2016-10-20,1240,014460,,4,1,9,4000,0,1,3,,2,008,SR-46,"LUCY BROWN ROAD",150.00,W,N,A,-,Y,,,,,,,,,,Y,4,0,1,3,A,-,03,22350,,N,C,C,A,A,H,-,A,D,0,,,,,Y,,A,01,0,0,1,0,0,0,0,0,0,"- ","- ",35.411099999999998,-120.2013,"SAN LUIS OBISPO",UNINCORPORATED,,
90308890,2016,2016-11-01,9745,2016-10-21,1625,014996,,5,2,9,4000,0,2,4,,1,042,"ORCUTT RD","LOPEZ DR",3696.00,N,N,A,-,N,,,,,,,,,,N,3,0,1,1,A,-,08,22107,,N,E,I,A,A,H,-,A,D,0,,,,,Y,,A,07,0,1,0,0,0,0,0,0,0,"- ","- ",35.177410000000002,-120.53962,"SAN LUIS OBISPO",UNINCORPORATED,-120.53997882,35.177574409999998
90309900,2016,2016-11-02,9745,2016-10-28,1625,014996,,5,2,9,4000,0,3,5,,2,003,"SAN LUIS BAY DR","US-101 SOUTHBOUND OFFRAMP",0.00,,Y,A,-,Y,,,,,,,,,,Y,4,0,1,2,A,-,09,21802,A,N,D,C,A,A,H,-,A,A,0,,,,,Y,,A,01,0,0,1,0,0,0,0,0,0,"- ","- ",35.196069999999999,-120.6999,"SAN LUIS OBISPO",UNINCORPORATED,,
90309936,2016,2016-11-02,9745,2016-10-28,1725,014996,,5,2,9,4000,0,2,4,,1,025,"LOS OSOS VALLEY RD","SUNSET AVE",0.00,,Y,A,-,N,,,,,,,,,,Y,4,0,1,2,A,-,03,22350,,N,C,C,A,A,H,-,A,A,0,,,,,Y,,A,01,0,0,1,0,0,0,0,0,0,"- ","- ",35.310879999999997,-120.83002,"SAN LUIS OBISPO",UNINCORPORATED,-120.83007993,35.310870020000003
90312607,2016,2016-11-07,9745,2016-10-28,1530,016002,,5,2,9,4000,0,1,2,,2,303,"US-101 SOUTHBOUND","AVILA BEACH DRIVE",150.00,N,N,B,-,Y,,,101,,,,,,S,N,4,0,1,2,A,-,03,22350,,N,C,C,A,A,H,-,A,D,0,,,,,Y,,A,01,0,0,1,0,0,0,0,0,0,"- ","- ",35.181510000000003,-120.70095999999999,"SAN LUIS OBISPO",UNINCORPORATED,-120.70098994,35.181493279999998
90312709,2016,2016-11-07,9740,2016-10-07,1140,013984,,5,1,9,4000,0,3,5,,2,017,"MAIN STREET","1ST STREET",0.00,,Y,A,-,N,,,,,,,,,,Y,3,0,1,2,A,-,10,21950,A,N,G,B,B,A,H,-,A,A,0,Y,,,,Y,,A,01,0,1,0,0,1,0,0,0,0,"- ","- ",35.552289999999999,-120.70265000000001,"SAN LUIS OBISPO",UNINCORPORATED,-120.70271999000001,35.552250010000002
90313955,2016,2016-11-08,9745,2016-11-04,1344,016002,,5,1,9,4000,0,3,5,,2,005,"CAMINO CABALLO","WAYPOINT DR.",0.00,,Y,A,-,N,,,,,,,,,,Y,4,0,1,2,A,-,09,21804,A,N,D,C,A,A,H,-,A,D,0,,,,,Y,,A,01,0,0,1,0,0,0,0,0,0,"- ","- ",35.035049999999998,-120.52021999999999,"SAN LUIS OBISPO",UNINCORPORATED,-120.52026988999999,35.035030069999998
90319465,2016,2016-11-15,9745,2016-11-08,1920,016714,,2,2,9,4000,0,2,4,,1,055,"TEFFT ST.","FRONTAGE RD.",0.00,,Y,A,-,N,,,,,,,,,,Y,4,0,2,2,A,-,12,21453,A,N,D,C,A,A,H,-,C,A,0,,,,,Y,,A,01,0,0,2,0,0,0,0,0,0,"- ","- ",35.036409999999997,-120.48515,"SAN LUIS OBISPO",UNINCORPORATED,-120.48524992999999,35.03650004
90319488,2016,2016-11-15,9745,2016-10-23,1820,017930,,7,2,9,4000,0,3,5,,2,005,"SUEY CREEK",SR-166,29.00,N,N,B,-,N,,,,,,,,,,Y,1,1,0,1,A,-,03,22350,,N,F,A,A,A,H,-,B,D,0,,,Y,,Y,,C,02,0,0,0,0,0,0,0,1,0,"- ","- ",35.003239999999998,-120.36033999999999,"SAN LUIS OBISPO",UNINCORPORATED,-120.36030406,35.003248810000002
90319670,2016,2016-11-15,9745,2016-11-09,1345,017097,,3,1,4,4006,0,1,2,,2,202,"US-101 S/B","MARSH ST",2112.00,S,N,A,-,Y,,,101,,,,,,S,Y,3,0,1,1,A,-,07,21658,A,N,F,A,A,A,H,-,A,D,0,,,,,Y,,A,07,0,1,0,0,0,0,0,0,0,"- ","- ",35.269469999999998,-120.67319000000001,"SAN LUIS OBISPO","SAN LUIS OBISPO",-120.67308395000001,35.269445390000001
90319931,2016,2016-11-15,9745,2016-11-08,0740,016390,,2,1,9,4000,0,1,2,,2,505,"US-101 SOUTHBOUND","EL CAMPO RD",0.00,,Y,A,-,Y,,,101,,,,,,S,Y,4,0,1,2,A,-,09,21802,A,N,D,C,A,A,H,-,A,D,0,,,,,Y,,D,22,0,0,1,0,0,0,0,0,0,"- ","- ",35.111139999999999,-120.56362,"SAN LUIS OBISPO",UNINCORPORATED,-120.56361257,35.111164899999999
90320839,2016,2016-11-16,9740,2016-11-09,1735,017426,,3,2,9,4000,0,3,5,,2,017,"MAIN ST.","VINEYARD DR",900.00,S,N,A,-,N,,,,,,,,,,Y,4,0,1,1,C,-,18,,,N,E,I,A,A,H,-,C,D,0,,,,,Y,,-,"- ",0,0,1,0,0,0,0,0,0,"- ","- ",35.541699999999999,-120.71062000000001,"SAN LUIS OBISPO",UNINCORPORATED,-120.7105926,35.541391539999999
90321771,2016,2016-11-17,9745,2016-10-17,0830,015144,,1,1,2,4005,0,1,2,,2,404,"US-101 NORTHBOUND","MATTIE RD",5.00,N,N,A,-,Y,,,101,,,,,,N,Y,4,0,2,3,A,-,03,22350,,M,C,C,A,B,H,-,A,D,0,,,,,Y,,A,01,0,0,2,0,0,0,0,0,0,"- ","- ",35.151119999999999,-120.65479000000001,"SAN LUIS OBISPO","PISMO BEACH",-120.65478788,35.151127199999998
90326228,2016,2016-11-21,9740,2016-11-19,1045,014460,,6,1,9,4000,0,3,5,,2,017,"ALMOND DRIVE","SOUTH EL POMAR",2640.00,E,N,A,-,N,,,,,,,,,,Y,4,0,2,2,A,-,06,21755,A,N,D,C,A,A,H,-,A,D,0,,,,,Y,,A,01,0,0,2,0,0,0,0,0,0,"- ","- ",35.322400000000002,-120.3612,"SAN LUIS OBISPO",UNINCORPORATED,-120.6022407,35.540386959999999
90327726,2016,2016-11-22,9745,2016-11-16,1024,018021,,3,1,9,4000,0,3,5,,2,002,"FOOTHILL BLVD","BLUE GRANITE LN",505.00,E,N,A,-,N,,,,,,,,,,Y,3,0,2,2,A,-,05,21460,A,N,B,C,A,A,H,-,A,D,0,,,,,Y,,A,07,0,2,0,0,0,0,0,0,0,"- ","- ",35.286459999999998,-120.70008,"SAN LUIS OBISPO",UNINCORPORATED,-120.70022886,35.286396789999998
90328584,2016,2016-11-23,9745,2016-11-10,1705,014996,,4,2,9,4000,0,1,2,,2,505,"US-101 SOUTHBOUND","EL CAMPO RD",528.00,S,N,A,-,Y,,,101,,,,,,S,Y,4,0,4,3,A,-,03,22350,,N,C,C,A,A,H,-,B,D,0,,,,,Y,,D,22,0,0,4,0,0,0,0,0,0,"- ","- ",35.110320000000002,-120.56144,"SAN LUIS OBISPO",UNINCORPORATED,-120.56145180999999,35.110293089999999
90328883,2016,2016-11-23,9745,2016-11-17,0759,017541,,4,1,9,4000,0,1,2,,1,101,"US-101 SOUTHBOUND","CUESTA SPRINGS RD.",2700.00,N,N,A,-,Y,,,101,,,,,,S,Y,4,0,2,4,A,-,03,22350,,N,C,C,A,A,H,-,A,D,0,,,,,Y,,A,01,0,0,2,0,0,0,0,0,0,"- ","- ",35.356169999999999,-120.63668,"SAN LUIS OBISPO",UNINCORPORATED,-120.63683199,35.356147499999999
90329114,2016,2016-11-23,9750,2016-11-20,0650,014358,,7,1,9,4000,0,1,3,,2,061,"RT 166","TEPUSQUET RD",11088.00,W,N,A,-,Y,,,166,,,,,,,Y,4,0,2,1,A,-,08,22107,,N,F,A,A,A,H,-,A,D,0,,,,,Y,,A,01,0,0,2,0,0,0,0,0,0,"- ","- ",35.024299999999997,-120.23576,"SAN LUIS OBISPO",UNINCORPORATED,-120.23574567,35.024475549999998
90329979,2016,2016-11-28,9740,2016-11-17,1723,014465,,4,2,9,4000,0,1,2,,2,002,"US 101 N/B","VINEYARD DRIVE O/C",500.00,S,N,A,-,Y,,,,,,,,,,Y,4,0,1,2,A,-,03,22350,,N,C,C,A,A,H,-,D,D,0,,,,,Y,,A,01,0,0,1,0,0,0,0,0,0,"- ","- ",35.541910000000001,-120.7137,"SAN LUIS OBISPO",UNINCORPORATED,-120.71385616000001,35.542425049999999
90330006,2016,2016-11-28,9740,2016-11-23,2135,018323,,3,2,9,4000,0,1,2,,2,003,"US-101 SOUTHBOUND TO SR-46 EAST","24TH STREET",427.00,N,N,A,-,Y,,,,,,,,,,Y,4,0,1,3,A,-,03,22350,,N,C,C,A,A,H,-,C,D,0,,,,,Y,,A,01,0,0,1,0,0,0,0,0,0,"- ","- ",35.643790000000003,-120.68611,"SAN LUIS OBISPO",UNINCORPORATED,,
90330028,2016,2016-11-28,9740,2016-11-19,1600,016089,,6,2,9,4000,0,2,4,,2,012,"NACIMIENTO LAKE DR","ADELAIDA RD",528.00,E,N,A,-,N,,,,,,,,,,Y,4,0,2,2,A,-,03,22350,,N,C,C,A,A,H,-,A,D,0,,,,,Y,,A,07,0,0,2,0,0,0,0,0,0,"- ","- ",35.649230000000003,-120.71808,"SAN LUIS OBISPO",UNINCORPORATED,-120.71896005000001,35.649122519999999
90330032,2016,2016-11-28,9740,2016-11-26,1435,016089,,6,2,9,4000,0,1,2,,2,001,"US-101 NORTHBOUND",SR-58,5280.00,N,N,C,-,Y,,,101,,,,,,N,Y,4,0,1,1,A,-,08,22107,,N,E,I,A,B,H,-,A,A,0,,,,,Y,,A,07,0,0,1,0,0,0,0,0,0,"- ","- ",35.39434,-120.62326,"SAN LUIS OBISPO",UNINCORPORATED,-120.62327376,35.394346390000003
90330068,2016,2016-11-28,9740,2016-11-23,1218,013246,,3,1,4,4008,0,1,2,,2,002,"U.S. 101 N/B","SAN ANSELMO RD.",1056.00,S,N,A,-,Y,,,,,,,,,,N,4,0,1,4,A,-,03,22350,,N,C,C,A,A,H,-,A,D,0,,,,,Y,,A,01,0,0,1,0,0,0,0,0,0,"- ","- ",35.495100000000001,-120.6801,"SAN LUIS OBISPO",ATASCADERO,-120.68021525,35.495223670000001
90330544,2016,2016-11-28,9745,2016-11-18,1444,017968,,5,2,9,4000,0,3,5,,2,004,"S. HALCYON ROAD","PRODUCE PLACE",200.00,N,N,A,-,N,,,,,,,,,,Y,4,0,2,2,A,-,03,22350,,N,C,C,A,A,H,-,A,D,0,,,,,Y,,A,08,0,0,2,0,0,0,0,0,0,"- ","- ",35.091230000000003,-120.59161,"SAN LUIS OBISPO",UNINCORPORATED,-120.59164573,35.091309359999997
90332357,2016,2016-11-29,9745,2016-11-22,1145,015144,,2,1,2,4005,0,1,2,,2,404,"US-101 NORTHBOUND","4TH STREET",3696.00,S,N,A,-,Y,,,101,,,,,,N,Y,4,0,1,2,A,-,03,22350,,N,C,C,A,A,H,-,A,D,0,,,,,Y,,A,01,0,0,1,0,0,0,0,0,0,"- ","- ",35.13205,-120.61275999999999,"SAN LUIS OBISPO","PISMO BEACH",-120.61280351000001,35.131961089999997
90333730,2016,2016-11-30,9740,2016-11-26,2213,019096,,6,3,9,4000,0,3,5,,2,022,"ADELAIDA RD","NACIMIENTO LAKE DR",2640.00,W,N,B,-,Y,,,,,,,,,,Y,3,0,1,1,C,-,18,,,N,H,H,A,B,H,-,C,D,0,,,,,Y,Y,-,"- ",0,1,0,0,0,0,0,0,0,"- ","- ",35.648069999999997,-120.73045,"SAN LUIS OBISPO",UNINCORPORATED,-120.72885415,35.647784469999998
90334815,2016,2016-12-01,9745,2016-11-21,2010,017151,,1,2,9,4000,0,2,4,,1,055,"TEFFT STREET","MARY AVE",11.00,E,N,A,-,N,,,,,,,,,,N,3,0,1,2,A,-,10,21950,A,N,G,B,B,A,H,-,C,A,0,Y,,,,Y,Y,A,01,0,1,0,0,1,0,0,0,0,"- ","- ",35.035670000000003,-120.48666,"SAN LUIS OBISPO",UNINCORPORATED,-120.48659948,35.035756810000002
90334839,2016,2016-12-01,9745,2016-11-21,1000,014713,,1,1,2,4005,0,1,2,,2,404,"US-101 NORTHBOUND","SPYGLASS DR",1584.00,S,N,A,-,Y,,,101,,,,,,N,Y,4,0,1,2,A,-,03,22350,,N,C,C,A,A,H,-,A,D,0,,,,,Y,,D,22,0,0,1,0,0,0,0,0,0,"- ","- ",35.162399999999998,-120.68346,"SAN LUIS OBISPO","PISMO BEACH",-120.68342919,35.16247843
90334881,2016,2016-12-01,9745,2016-11-22,1030,015144,,2,1,2,4005,0,1,2,,2,404,"US-101 NORTHBOUND","MATTIE ROAD",330.00,N,N,A,-,Y,,,101,,,,,,N,Y,3,0,1,3,A,-,03,22350,,N,C,C,A,A,H,-,A,D,0,,,,,Y,,D,22,0,1,0,0,0,0,0,0,0,"- ","- ",35.151499999999999,-120.65582999999999,"SAN LUIS OBISPO","PISMO BEACH",-120.65584792999999,35.15143904
90335114,2016,2016-12-01,9745,2016-11-23,1535,017097,,3,2,4,4006,0,1,2,,2,202,"US-101 S/B","LOS OSOS VALLEY RD",500.00,N,N,A,-,Y,,,101,,,,,,S,Y,4,0,2,3,A,-,03,22350,,N,C,C,A,A,H,-,A,D,0,,,,,Y,,D,23,0,0,2,0,0,0,0,0,0,"- ","- ",35.246189999999999,-120.68137,"SAN LUIS OBISPO","SAN LUIS OBISPO",-120.68139011,35.246202089999997
90340219,2016,2016-12-08,9745,2016-12-03,0015,020689,,6,3,9,4000,0,3,5,,2,004,"EL CAMPO RD","HALCYON RD",201.00,S,N,A,-,N,,,,,,,,,,Y,2,0,1,1,A,-,01,23152,A,N,E,I,A,A,H,-,C,D,0,,,,,Y,Y,D,22,1,0,0,0,0,0,0,0,0,"- ","- ",35.073700000000002,-120.5762,"SAN LUIS OBISPO",UNINCORPORATED,-120.57632085,35.073511629999999
90342768,2016,2016-12-12,9745,2016-12-03,1253,017151,,6,1,9,4000,0,3,5,,2,002,"OLD CREEK RD","MONTECITO RD",7920.00,E,N,A,-,N,,,,,,,,,,Y,1,1,0,2,A,-,05,21460,A,N,A,G,A,A,H,-,A,D,0,,Y,,,Y,,A,01,0,0,0,0,0,1,0,0,0,"- ","- ",35.45722,-120.86208000000001,"SAN LUIS OBISPO",UNINCORPORATED,-120.86225963,35.457030369999998
90344766,2016,2016-12-14,9745,2016-12-07,1720,017097,,3,2,4,4006,0,1,2,,2,202,"US-101 S/B","MADONNA RD",1056.00,S,N,A,-,Y,,,101,,,,,,S,Y,4,0,1,2,A,-,03,22350,,N,B,C,A,A,H,-,D,D,0,,,,,Y,,A,01,0,0,1,0,0,0,0,0,0,"- ","- ",35.261870000000002,-120.67359,"SAN LUIS OBISPO","SAN LUIS OBISPO",-120.67363455,35.261863130000002
90344937,2016,2016-12-14,9745,2016-12-08,0838,013531,,4,1,9,4000,0,3,5,,2,005,"VIA ALTA MESA","EUCALYPTUS RD",1584.00,W,N,B,-,N,,,,,,,,,,Y,4,0,1,2,A,-,03,22350,,N,C,C,A,A,H,-,A,D,0,,,,,Y,,A,01,0,0,1,0,0,0,0,0,0,"- ","- ",35.015740000000001,-120.51651,"SAN LUIS OBISPO",UNINCORPORATED,-120.51605627000001,35.016469170000001
90345024,2016,2016-12-14,9745,2016-12-12,0209,017817,,1,3,9,4000,0,2,4,,1,026,"PREFUMO CANYON RD","CLARK VALLEY RD.",1200.00,E,N,B,-,N,,,,,,,,,,Y,4,0,1,1,A,-,08,22107,,N,E,I,A,A,H,-,D,D,0,,,,,Y,,A,01,0,0,1,0,0,0,0,0,0,"- ","- ",35.261220000000002,-120.75264,"SAN LUIS OBISPO",UNINCORPORATED,,
9034519,2019,2020-02-04,4004,2019-12-19,2113,1427,,4,5,3,4004,0,0,0,,0,,"AIRPORT RD","PIONEER TRAIL RD",104.00,N,N,B,-,N,,,,,,,,,,N,4,0,1,1,A,-,22,23123,5,N,E,I,A,A,H,-,C,D,0,,,,,Y,,A,01,0,0,1,0,0,0,0,0,0,"- ","- ",35.604461669921875,-120.64415740966797,"SAN LUIS OBISPO","PASO ROBLES",-120.64375305175781,35.604660034179688
90345690,2016,2016-12-15,9745,2016-09-15,0220,014996,,4,3,9,4000,0,1,2,,2,505,"US-101 SOUTHBOUND","EL CAMPO RD",3696.00,S,N,A,-,Y,,,101,,,,,,S,Y,1,1,1,3,A,-,01,23152,A,F,C,E,A,A,H,-,D,D,0,,,,,Y,Y,D,22,0,1,0,0,0,0,0,0,0,"- ","- ",35.105670000000003,-120.55337,"SAN LUIS OBISPO",UNINCORPORATED,-120.55339753,35.105637690000002