CASE_ID,ACCIDENT_YEAR,PROC_DATE,JURIS,COLLISION_DATE,COLLISION_TIME,OFFICER_ID,REPORTING_DISTRICT,DAY_OF_WEEK,CHP_SHIFT,POPULATION,CNTY_CITY_LOC,SPECIAL_COND,BEAT_TYPE,CHP_BEAT_TYPE,CITY_DIVISION_LAPD,CHP_BEAT_CLASS,BEAT_NUMBER,PRIMARY_RD,SECONDARY_RD,DISTANCE,DIRECTION,INTERSECTION,WEATHER_1,WEATHER_2,STATE_HWY_IND,CALTRANS_COUNTY,CALTRANS_DISTRICT,STATE_ROUTE,ROUTE_SUFFIX,POSTMILE_PREFIX,POSTMILE,LOCATION_TYPE,RAMP_INTERSECTION,SIDE_OF_HWY,TOW_AWAY,COLLISION_SEVERITY,NUMBER_KILLED,NUMBER_INJURED,PARTY_COUNT,PRIMARY_COLL_FACTOR,PCF_CODE_OF_VIOL,PCF_VIOL_CATEGORY,PCF_VIOLATION,PCF_VIOL_SUBSECTION,HIT_AND_RUN,TYPE_OF_COLLISION,MVIW,PED_ACTION,ROAD_SURFACE,ROAD_COND_1,ROAD_COND_2,LIGHTING,CONTROL_DEVICE,CHP_ROAD_TYPE,PEDESTRIAN_ACCIDENT,BICYCLE_ACCIDENT,MOTORCYCLE_ACCIDENT,TRUCK_ACCIDENT,NOT_PRIVATE_PROPERTY,ALCOHOL_INVOLVED,STWD_VEHTYPE_AT_FAULT,CHP_VEHTYPE_AT_FAULT,COUNT_SEVERE_INJ,COUNT_VISIBLE_INJ,COUNT_COMPLAINT_PAIN,COUNT_PED_KILLED,COUNT_PED_INJURED,COUNT_BICYCLIST_KILLED,COUNT_BICYCLIST_INJURED,COUNT_MC_KILLED,COUNT_MC_INJURED,PRIMARY_RAMP,SECONDARY_RAMP,LATITUDE,LONGITUDE,COUNTY,CITY,POINT_X,POINT_Y
90345924,2016,2016-12-15,9740,2016-12-06,0825,015088,,2,1,9,4000,0,1,3,,1,014,"SR-1 N/B","WEYMOUTH ST",528.00,N,N,B,-,Y,,,1,,,,,,N,Y,4,0,4,2,A,-,05,21650,,N,A,C,A,A,H,-,A,D,0,,,,,Y,,A,01,0,0,4,0,0,0,0,0,0,"- ","- ",35.572450000000003,-121.11066,"SAN LUIS OBISPO",UNINCORPORATED,-121.11074141,35.572399529999998
90348117,2016,2016-12-19,9740,2016-12-06,1225,013133,,2,1,9,4000,0,3,5,,2,017,"4TH ST","MAIN ST",50.00,E,N,A,-,N,,,,,,,,,,N,4,0,1,3,C,-,18,,,N,E,I,A,A,H,-,A,D,0,,,,,Y,,-,"- ",0,0,1,0,0,0,0,0,0,"- ","- ",35.549810000000001,-120.70489000000001,"SAN LUIS OBISPO",UNINCORPORATED,-120.70476312,35.549720319999999
90349054,2016,2016-12-20,9745,2016-12-13,1635,017930,,2,2,9,4000,0,1,3,,1,043,SR-1,"TIENDA PL",0.00,,Y,B,-,Y,,,1,,,,,,,Y,3,0,3,4,A,-,03,22350,,N,C,C,A,A,H,-,B,D,0,,,,Y,Y,,F,55,0,2,1,0,0,0,0,0,0,"- ","- ",35.065269999999998,-120.59614999999999,"SAN LUIS OBISPO",UNINCORPORATED,-120.59610968,35.06523928
90349153,2016,2016-12-20,9740,2016-12-15,2034,019259,,4,2,4,4008,0,1,2,,2,002,"US-101 NORTHBOUND","SAN RAMON RD",900.00,S,N,C,-,Y,,,101,,,,,,N,Y,4,0,1,1,A,-,03,22350,,N,E,I,A,B,H,-,C,D,0,,,,,Y,,A,01,0,0,1,0,0,0,0,0,0,"- ","- ",35.524099999999997,-120.7041,"SAN LUIS OBISPO",ATASCADERO,-120.70409521000001,35.524099730000003
90349215,2016,2016-12-20,9745,2016-12-16,1740,015716,,5,2,9,4000,0,1,2,,2,404,"US-101 S/B (EL CAMINO REAL)","AVILA BEACH DRIVE U/C",0.00,S,N,A,-,Y,,,101,,,,,,S,Y,4,0,1,2,A,-,03,22350,,N,C,C,A,A,H,-,B,D,0,,,,,Y,,A,01,0,0,1,0,0,0,0,0,0,"- ","- ",35.179510000000001,-120.69920999999999,"SAN LUIS OBISPO",UNINCORPORATED,-120.69928443000001,35.179445149999999
9034931,2019,2020-06-30,4004,2019-11-30,1409,1374,,6,5,3,4004,0,0,0,,0,,"UNION RD","RT 46",0.00,,Y,C,-,Y,SLO,5,46,-,-,38.610,I,6,E,,4,0,1,2,A,-,03,22350,,N,C,C,A,B,H,-,A,D,0,,,,,Y,,A,01,0,0,1,0,0,0,0,0,0,"- ","- ",35.644779205322266,-120.64945220947266,"SAN LUIS OBISPO","PASO ROBLES",-120.53399658203125,35.655387878417969
90350235,2016,2016-12-21,9745,2016-12-19,1545,017930,,1,2,9,4000,0,3,5,,2,005,"PONDEROSA PL.","PINECREST PL",48.00,E,N,A,-,N,,,,,,,,,,N,4,0,1,2,A,-,08,22107,,N,A,C,A,A,H,-,A,D,0,,,,,Y,,A,01,0,0,1,0,0,0,0,0,0,"- ","- ",35.030410000000003,-120.49032,"SAN LUIS OBISPO",UNINCORPORATED,-120.49039143,35.030346270000003
90352864,2016,2016-12-27,9740,2016-11-11,1637,014465,,5,2,9,4000,0,1,2,,2,004,"US 101 S/B","EXLINE RD",2640.00,N,N,A,-,Y,,,,,,,,,,Y,2,0,1,3,A,-,08,22107,,N,B,C,A,A,H,-,A,D,0,,,,Y,Y,,G,25,1,0,0,0,0,0,0,0,0,"- ","- ",35.689540000000001,-120.69692000000001,"SAN LUIS OBISPO",UNINCORPORATED,,
9035296,2020,2020-03-11,4006,2020-02-06,1049,62657,,4,5,4,4006,0,0,0,,0,,FOOTHILL,CHORRO,0.00,,Y,A,-,N,,,,,,,,,,N,3,0,1,2,A,-,12,21453,A,N,D,C,A,A,H,-,A,A,0,,,Y,,Y,,C,02,0,1,0,0,0,0,0,0,1,"- ","- ",35.293998718261719,-120.67079925537109,"SAN LUIS OBISPO","SAN LUIS OBISPO",-120.67095947265625,35.294090270996094
90354183,2016,2016-12-27,9740,2016-12-21,1130,017426,,3,1,9,4000,0,3,5,,2,017,"CRESTON RD.",SR-41,1056.00,N,N,A,-,N,,,,,,,,,,Y,3,0,1,1,A,-,08,22107,,N,E,I,A,A,H,-,A,D,0,,,,,Y,,D,22,0,1,0,0,0,0,0,0,0,"- ","- ",35.539029999999997,-120.52455999999999,"SAN LUIS OBISPO",UNINCORPORATED,-120.52374278000001,35.537082179999999
90354785,2016,2016-12-27,9745,2016-12-24,1405,020689,,6,2,9,4000,0,3,5,,2,004,"ORMONDE RD","OLD OAK PARK RD",94.00,W,N,B,-,N,,,,,,,,,,Y,4,0,1,1,A,-,01,23152,E,N,E,I,A,A,H,-,A,D,0,,,,,Y,Y,A,07,0,0,1,0,0,0,0,0,0,"- ","- ",35.167769999999997,-120.59488,"SAN LUIS OBISPO",UNINCORPORATED,-120.59476049,35.167780239999999
90358296,2016,2016-12-30,9745,2016-12-27,1900,014713,,2,2,4,4006,0,1,2,,2,202,"US-101 SOUTHBOUND","MADONNA RD",520.00,S,N,A,-,Y,,,101,,,,,,S,Y,4,0,2,2,A,-,03,22350,,N,C,C,A,A,H,-,D,D,0,,,,,Y,,A,01,0,0,2,0,0,0,0,0,0,"- ","- ",35.265360000000001,-120.67367,"SAN LUIS OBISPO","SAN LUIS OBISPO",-120.67369600000001,35.26536274
90359225,2016,2017-01-02,9745,2016-12-30,1730,017097,,5,2,4,4006,0,1,2,,2,202,"US-101 S/B","LOS OSOS VALLEY RD",20.00,S,N,B,C,Y,,,101,,,,,,S,Y,4,0,1,2,A,-,03,22350,,N,C,C,A,B,H,-,D,D,0,,,,,Y,,A,01,0,0,1,0,0,0,0,0,0,"- ","- ",35.244430000000001,-120.68243,"SAN LUIS OBISPO","SAN LUIS OBISPO",-120.68244851999999,35.244441190000003
90359334,2016,2017-01-02,9745,2016-12-29,1630,017097,,4,2,4,4006,0,1,2,,2,202,"US-101 S/B TO OLIVE ST.","OLIVE ST",20.00,E,N,A,-,Y,,,101,,,,R,,S,Y,4,0,1,1,A,-,03,22350,,N,E,I,A,A,H,-,A,D,0,,,,,Y,,D,22,0,0,1,0,0,0,0,0,0,"- ","- ",35.286099999999998,-120.66504999999999,"SAN LUIS OBISPO","SAN LUIS OBISPO",-120.66504999999999,35.286099999999998
90362994,2017,2017-01-06,9745,2017-01-04,1342,013531,,3,1,9,4000,0,1,2,,2,505,"US-101 NORTHBOUND","THOMPSON AVE",1200.00,N,N,B,C,Y,,,101,,,,,,N,Y,4,0,1,4,A,-,03,22350,,N,C,C,A,B,H,-,A,D,0,,,,,Y,,A,01,0,0,1,0,0,0,0,0,0,"- ","- ",35.074730000000002,-120.51922999999999,"SAN LUIS OBISPO",UNINCORPORATED,-120.51922829999999,35.074732279999999
90363076,2016,2017-01-06,9740,2016-12-31,1215,013984,,6,1,9,4000,0,3,5,,2,022,"ADELAIDA RD","ARDANA RD",1056.00,S,N,C,-,N,,,,,,,,,,Y,4,0,1,1,A,-,08,22107,,N,E,I,A,B,H,-,A,D,0,,,,,Y,,A,01,0,0,1,0,0,0,0,0,0,"- ","- ",35.64781,-120.72899,"SAN LUIS OBISPO",UNINCORPORATED,-120.72055,35.649769999999997
90363280,2017,2017-01-06,9740,2017-01-04,1433,017952,,3,2,9,4000,0,1,2,,2,004,"US-101 S/B","SAN MARCOS RD.",0.00,,Y,A,B,Y,,,101,,,,,,S,Y,4,0,1,1,A,-,08,22107,,N,E,I,A,B,H,-,A,D,0,,,,,Y,,A,01,0,0,1,0,0,0,0,0,0,"- ","- ",35.721820000000001,-120.69822000000001,"SAN LUIS OBISPO",UNINCORPORATED,-120.69796332999999,35.721921209999998
90364923,2016,2017-01-09,9740,2016-12-26,1415,019259,,1,2,9,4000,0,3,5,,2,017,"ROCKY CANYON RD",SR-41,0.00,,Y,A,-,Y,,,,,,,,,,Y,3,0,1,2,A,-,12,22450,A,N,D,C,A,A,H,-,A,D,0,,,Y,,Y,,A,01,0,1,0,0,0,0,0,0,1,"- ","- ",35.504330000000003,-120.65234,"SAN LUIS OBISPO",UNINCORPORATED,-120.65235987,35.504330109999998
90365382,2017,2017-01-10,9745,2017-01-03,0920,017541,,2,1,9,4000,0,1,3,,1,032,SR-227,"BIDDLE RANCH RD",2640.00,S,N,A,-,Y,,,227,,,,,,,N,4,0,1,2,A,-,03,22350,,N,C,C,A,A,H,-,A,D,0,,,,,Y,,E,22,0,0,1,0,0,0,0,0,0,"- ","- ",35.210630000000002,-120.61593000000001,"SAN LUIS OBISPO",UNINCORPORATED,-120.61605636,35.210617640000002
90365822,2017,2017-01-10,9750,2017-01-04,1727,015916,,3,2,9,4000,0,1,2,,2,111,"US-101 N/B (EL CAMINO REAL)","SAN LUIS OBISPO COUNTY LINE",845.00,N,N,B,C,Y,,,101,,,,,,N,Y,4,0,1,2,A,-,03,22350,,N,E,I,A,B,H,-,D,D,0,,,,,Y,,D,22,0,0,1,0,0,0,0,0,0,"- ","- ",34.988,-120.43326,"SAN LUIS OBISPO",UNINCORPORATED,-120.43335322999999,34.987985080000001
90367273,2017,2017-03-21,9740,2017-01-08,1818,014622,,7,2,9,4000,0,1,2,,2,001,"US-101 NORTHBOUND",SR-58,4224.00,N,N,B,C,Y,,,101,,,,,,N,Y,3,0,1,1,A,-,01,23152,A,N,F,A,A,B,H,-,D,D,0,,,,,Y,Y,A,01,0,1,0,0,0,0,0,0,0,"- ","- ",35.393810000000002,-120.62339,"SAN LUIS OBISPO",UNINCORPORATED,-120.62349807,35.393866080000002
90367825,2017,2017-01-12,9750,2017-01-07,0835,014820,,6,1,9,4000,0,1,2,,2,111,"US-101 N/B",BROADWAY,1584.00,N,N,B,C,Y,,,101,,,,,,N,Y,4,0,1,2,A,-,03,22350,,N,B,C,A,B,H,-,A,D,0,,,,,Y,,A,01,0,0,1,0,0,0,0,0,0,"- ","- ",34.98574,-120.43307,"SAN LUIS OBISPO",UNINCORPORATED,-120.43300096999999,34.98575408
90368153,2017,2017-01-12,9740,2017-01-04,0815,013246,,3,1,9,4000,0,1,2,,2,001,"U.S. 101 S/B","SANTA BARBARA RD.",3168.00,S,N,C,-,Y,,,,,,,,,,Y,4,0,1,1,A,-,03,22350,,N,E,I,A,B,H,-,A,D,0,,,,,Y,,A,01,0,0,1,0,0,0,0,0,0,"- ","- ",35.434100000000001,-120.6367,"SAN LUIS OBISPO",UNINCORPORATED,,
90368486,2017,2017-03-21,9745,2017-01-05,0425,016773,,4,3,9,4000,0,1,3,,1,041,"SR-1, (CIENAGA ST.)","24TH ST.",0.00,,Y,C,-,Y,,,1,,,,,,,Y,2,0,2,5,A,-,03,22350,,N,C,E,A,B,H,-,D,D,0,,,,,Y,,A,08,1,0,1,0,0,0,0,0,0,"- ","- ",35.098190000000002,-120.6041,"SAN LUIS OBISPO",UNINCORPORATED,-120.60409964,35.098116779999998
90369508,2017,2017-03-21,9740,2017-01-06,1630,018323,,5,2,9,4000,0,1,3,,2,008,"SR-46 W/B","DRY CREEK RD",0.00,,N,A,-,Y,,,46,,,,,,W,Y,4,0,1,1,A,-,08,22107,,N,E,I,A,A,H,-,A,D,0,,,,,Y,,A,07,0,0,1,0,0,0,0,0,0,"- ","- ",35.657429999999998,-120.61077,"SAN LUIS OBISPO",UNINCORPORATED,-120.61068192,35.657175109999997
90370665,2017,2017-03-21,9745,2017-01-15,2041,015734,,7,2,4,4006,0,1,2,,2,202,"US-101 SOUTHBOUND","PRADO RD",400.00,S,N,A,-,Y,,,101,,,,,,S,Y,4,0,1,2,A,-,08,22107,,N,A,C,A,A,H,-,D,D,0,,,,Y,Y,,A,07,0,0,1,0,0,0,0,0,0,"- ","- ",35.255580000000002,-120.67585,"SAN LUIS OBISPO","SAN LUIS OBISPO",-120.67578048999999,35.255538229999999
90371568,2017,2017-01-18,9745,2017-01-17,0735,017144,,2,1,2,4005,0,1,2,,2,404,"US-101 NORTHBOUND","MATTIE RD",150.00,S,N,A,-,Y,,,101,,,,,,N,Y,4,0,1,2,A,-,03,22350,,N,C,C,A,A,H,-,A,D,0,,,,,Y,,A,01,0,0,1,0,0,0,0,0,0,"- ","- ",35.151009999999999,-120.65451,"SAN LUIS OBISPO","PISMO BEACH",-120.65450039,35.151042259999997
90371825,2017,2017-03-21,9740,2017-01-09,0655,019259,,1,1,9,4000,0,1,2,,2,002,"US-101 SOUTHBOUND","MAIN ST",1584.00,N,N,B,-,Y,,,101,,,,,,S,Y,3,0,1,2,A,-,07,21658,A,N,B,C,A,B,H,-,A,D,0,,,,,Y,,A,01,0,1,0,0,0,0,0,0,0,"- ","- ",35.570360000000001,-120.69981,"SAN LUIS OBISPO",UNINCORPORATED,-120.69975731,35.570332319999999
90372867,2017,2017-01-19,9745,2017-01-18,1720,016714,,3,2,9,4000,0,1,2,,2,303,"US-101 S/B","HIGUERA ST.",191.00,S,N,C,-,Y,,,101,,,,,,S,Y,4,0,1,3,A,-,03,22350,,N,C,C,A,B,H,-,D,D,0,,,,,Y,,A,01,0,0,1,0,0,0,0,0,0,"- ","- ",35.221710000000002,-120.69241,"SAN LUIS OBISPO",UNINCORPORATED,-120.69232642999999,35.221669409999997
90375161,2017,2017-01-23,9745,2017-01-21,1720,020229,,6,2,9,4000,0,3,5,,2,005,"POMEROY RD","WAYPOINT DR",0.00,,Y,B,-,N,,,,,,,,,,Y,3,0,3,2,A,-,09,21802,A,N,D,C,A,A,H,-,C,A,0,,,,,Y,,A,08,0,1,2,0,0,0,0,0,0,"- ","- ",35.039450000000002,-120.52037,"SAN LUIS OBISPO",UNINCORPORATED,-120.52026999,35.039380090000002
90380325,2017,2017-01-27,9745,2017-01-19,0618,018021,,4,1,9,4000,0,2,4,,1,025,"LOS OSOS VALLEY RD","9TH STREET",3.00,E,N,B,-,N,,,,,,,,,,N,4,0,1,2,A,-,10,21950,A,N,G,B,B,B,H,-,C,A,0,Y,,,,Y,,A,01,0,0,1,0,1,0,0,0,0,"- ","- ",35.311230000000002,-120.8331,"SAN LUIS OBISPO",UNINCORPORATED,-120.83315045000001,35.311224940000002
90380645,2017,2017-01-27,9740,2017-01-20,0900,013984,,5,1,9,4000,0,1,2,,2,001,"US 101 N/B","RT 58",2112.00,N,N,C,-,Y,,,,,,,,,,Y,4,0,2,2,A,-,03,22350,,N,E,I,A,B,H,-,A,D,0,,,,,Y,,A,01,0,0,2,0,0,0,0,0,0,"- ","- ",35.39396,-120.62343,"SAN LUIS OBISPO",UNINCORPORATED,,
90381771,2017,2017-01-30,9745,2017-01-22,0230,017097,,7,3,9,4000,0,1,3,,1,032,SR-227,"BIDDLE RANCH RD",2640.00,S,N,B,C,Y,,,227,,,,,,,Y,3,0,1,1,A,-,01,23152,A,N,E,I,A,B,H,-,D,D,0,,,,,Y,Y,D,23,0,1,0,0,0,0,0,0,0,"- ","- ",35.207850000000001,-120.61501,"SAN LUIS OBISPO",UNINCORPORATED,-120.61509751,35.207807129999999
90382638,2017,2017-01-31,9745,2017-01-22,0219,015734,,7,3,9,4000,0,1,2,,1,101,"US-101 NORTHBOUND",SR-58,1700.00,S,N,B,C,Y,,,101,,,,,,N,Y,3,0,2,1,A,-,01,23152,A,M,E,I,A,B,H,-,D,D,0,,,,,Y,Y,A,01,0,1,1,0,0,0,0,0,0,"- ","- ",35.378160000000001,-120.63472,"SAN LUIS OBISPO",UNINCORPORATED,-120.63479282,35.378226470000001
90383091,2017,2017-01-31,9745,2017-01-23,0845,018021,,1,1,9,4000,0,2,S,,2,054,"LOPEZ DR","ROCK FALLS RD",3696.00,W,N,B,C,N,,,,,,,,,,N,4,0,1,2,A,-,08,22107,,N,D,C,A,B,H,-,A,D,0,,,,,Y,,A,07,0,0,1,0,0,0,0,0,0,"- ","- ",35.190579999999997,-120.46556,"SAN LUIS OBISPO",UNINCORPORATED,-120.46674292,35.192734430000002
90384084,2017,2017-02-01,9745,2017-01-31,0839,016068,,2,1,9,4000,0,2,4,,1,025,"LOS OSOS VALLEY RD","JACARANDA LN",636.00,W,N,A,-,N,,,,,,,,,,Y,2,0,3,3,A,-,08,22107,,N,A,C,A,A,H,-,A,D,0,,,,,Y,,D,22,1,0,2,0,0,0,0,0,0,"- ","- ",35.301270000000002,-120.79234,"SAN LUIS OBISPO",UNINCORPORATED,-120.79203852000001,35.301223530000001
90385106,2017,2017-02-02,9745,2017-01-28,1218,018021,,6,1,9,4000,0,1,2,,2,202,"US-101 NORTHBOUND","BUENA VISTA AVE",1250.00,N,N,A,-,Y,,,101,,,,,,N,N,4,0,3,2,A,-,07,21658,A,N,B,C,A,A,H,-,A,D,0,,,,,Y,,A,07,0,0,3,0,0,0,0,0,0,"- ","- ",35.291890000000002,-120.64545,"SAN LUIS OBISPO",UNINCORPORATED,-120.64545489,35.291904649999999
90385361,2017,2017-02-03,9745,2017-01-28,0135,013531,,6,3,9,4000,0,3,5,,2,004,"HALYCON ROAD",SR-1,263.00,W,N,A,-,N,,,,,,,,,,Y,3,0,1,1,A,-,01,23152,,N,E,I,A,A,H,-,C,D,0,,,,,Y,Y,A,07,0,1,0,0,0,0,0,0,0,"- ","- ",35.098140000000001,-120.59144000000001,"SAN LUIS OBISPO",UNINCORPORATED,-120.59238000000001,35.09816
90385458,2017,2017-02-03,9745,2017-02-01,1313,015144,,3,1,9,4000,0,3,5,,2,004,"EL CAMPO RD","GREEN PL",655.00,E,N,A,-,N,,,,,,,,,,N,2,0,1,2,A,-,05,21460,A,N,B,C,A,A,H,-,A,A,0,,,Y,,Y,,C,02,1,0,0,0,0,0,0,0,1,"- ","- ",35.082749999999997,-120.56904,"SAN LUIS OBISPO",UNINCORPORATED,-120.56913393000001,35.082734600000002
90385574,2017,2017-02-03,9745,2017-02-01,1745,016714,,3,2,9,4000,0,1,2,,2,303,"US-101 S/B","HIGUERA ST.",581.00,S,N,A,-,Y,,,101,,,,,,S,Y,3,0,2,3,A,-,03,22350,,N,C,C,A,A,H,-,D,D,0,,,,,Y,,A,07,0,1,1,0,0,0,0,0,0,"- ","- ",35.218890000000002,-120.69435,"SAN LUIS OBISPO",UNINCORPORATED,-120.69421516,35.218785820000001
90388803,2017,2017-02-08,9745,2017-02-02,1630,014910,,4,2,9,4000,0,1,3,,1,032,SR-227,"KENDALL ROAD",0.00,,Y,B,C,Y,,,,,,,,,,Y,3,0,3,2,A,-,09,21802,A,N,A,C,A,B,H,-,A,A,0,,,,,Y,,A,07,0,2,1,0,0,0,0,0,0,"- ","- ",35.236510000000003,-120.63391,"SAN LUIS OBISPO",UNINCORPORATED,,
90392724,2017,2017-02-14,9745,2017-02-05,1955,020689,,7,2,9,4000,0,2,4,,1,055,"TEFFT STREET","US-101 NB ON-RAMP",0.00,,Y,C,-,N,,,,,,,,,,N,4,0,1,2,A,-,09,21801,A,N,D,C,A,B,H,-,C,A,0,,,,,Y,,A,07,0,0,1,0,0,0,0,0,0,"- ","- ",35.037170000000003,-120.48430999999999,"SAN LUIS OBISPO",UNINCORPORATED,-120.48421829999999,35.037055070000001
90392772,2017,2017-02-14,9745,2017-02-07,0725,018021,,2,1,9,4000,0,1,2,,2,404,"US-101 NORTHBOUND","SPYGLASS DR",30.00,N,N,C,-,Y,,,101,,,,,,N,N,4,0,1,2,A,-,03,22350,,N,E,I,A,B,H,-,A,D,0,,,,,Y,,A,01,0,0,1,0,0,0,0,0,0,"- ","- ",35.164380000000001,-120.68733,"SAN LUIS OBISPO",UNINCORPORATED,-120.68732702,35.164384120000001
90395697,2017,2017-02-17,9745,2017-02-16,0855,016390,,4,1,3,4001,0,1,2,,2,402,"US-101 S/B","GRAND AVE. O/C",200.00,N,N,C,-,Y,,,101,,,,,,S,Y,3,0,3,3,A,-,03,22350,,N,C,C,A,B,H,-,A,D,0,,,,,Y,,A,01,0,1,2,0,0,0,0,0,0,"- ","- ",35.121899999999997,-120.5856,"SAN LUIS OBISPO","ARROYO GRANDE",-120.58561903,35.121836629999997
9039604,2020,2020-09-25,4004,2020-01-18,1515,1384,,6,5,3,4004,0,0,0,,0,,"RT 46E","BUENA VISTA DR",877.00,E,N,A,-,Y,SLO,5,46,-,-,30.680,H,-,W,N,4,0,1,2,A,-,03,22350,,N,C,C,A,A,H,-,A,A,0,,,,,Y,,A,07,0,0,1,0,0,0,0,0,0,"- ","- ",35.644401550292969,-120.67240142822266,"SAN LUIS OBISPO","PASO ROBLES",-120.66889953613281,35.644630432128906
9039617,2020,2020-09-25,4008,2020-02-10,0654,3125,,1,5,4,4008,0,0,0,,0,,"SANTA ROSA RD","RT 101",7.00,E,N,A,-,Y,SLO,5,101,-,-,43.860,R,4,S,Y,4,0,1,2,A,-,09,21801,A,N,A,C,A,A,H,-,B,A,0,,,,,Y,,A,01,0,0,1,0,0,0,0,0,0,"- ",SO,35.465499877929688,-120.65170288085938,"SAN LUIS OBISPO",ATASCADERO,-120.6500244140625,35.464061737060547
90397391,2017,2017-02-21,9740,2017-01-21,0131,013417,,6,3,9,4000,0,1,2,,2,002,"US-101 NORTHBOUND","PASO ROBLES CREEK",1350.00,N,N,B,-,Y,,,101,,,,,,N,Y,2,0,2,1,A,-,01,23152,A,N,E,I,A,B,B,C,D,D,0,,,,,Y,Y,A,01,2,0,0,0,0,0,0,0,0,"- ","- ",35.531970000000001,-120.70950000000001,"SAN LUIS OBISPO",UNINCORPORATED,-120.70950980000001,35.531962550000003
90397500,2017,2017-02-21,9745,2017-02-16,0825,020689,,4,1,9,4000,0,1,2,,2,505,"US-101 SOUTHBOUND","EL CAMPO RD",0.00,,Y,C,-,Y,,,101,,,,,,S,Y,2,0,3,2,A,-,09,21802,A,N,D,C,A,B,H,-,A,A,0,,,,,Y,,A,08,1,0,2,0,0,0,0,0,0,"- ","- ",35.111199999999997,-120.56361,"SAN LUIS OBISPO",UNINCORPORATED,-120.56361982999999,35.11116707
90397611,2017,2017-02-22,9740,2017-02-15,1907,014622,,3,2,9,4000,0,3,5,,2,024,"SANTA ROSA CREEK ROAD","MAIN STREET",2112.00,E,N,A,-,N,,,,,,,,,,Y,4,0,1,1,A,-,08,22107,,N,E,I,A,A,H,-,C,D,0,,,,,Y,,A,01,0,0,1,0,0,0,0,0,0,"- ","- ",35.570349999999998,-121.07034,"SAN LUIS OBISPO",UNINCORPORATED,-121.07058219,35.570256110000003
90399778,2017,2017-02-24,9740,2017-02-14,1100,014543,,2,1,9,4000,0,3,5,,2,016,"SEVEN MILE RD","BOREGA RD",65.00,E,N,A,-,N,,,,,,,,,,Y,4,0,1,2,A,-,03,22350,,N,C,C,A,A,H,-,A,D,0,,,,,Y,,A,07,0,0,1,0,0,0,0,0,0,"- ","- ",35.169910000000002,-119.54356,"SAN LUIS OBISPO",UNINCORPORATED,-119.90598131,35.283092770000003
90404006,2017,2017-03-01,9745,2017-02-20,1755,013212,,1,2,9,4000,0,1,2,,1,101,"US-101 NORTHBOUND","TASSAJARA CREEK ROAD",1056.00,S,N,A,-,Y,,,101,,,,,,N,Y,4,0,2,1,C,-,18,,,N,E,I,A,A,H,-,A,A,0,,,,,Y,,-,"- ",0,0,2,0,0,0,0,0,0,"- ","- ",35.369059999999998,-120.64098,"SAN LUIS OBISPO",UNINCORPORATED,-120.64108088,35.369054220000002
90404088,2017,2017-03-02,9740,2017-02-17,2124,017952,,5,2,9,4000,0,1,3,,2,010,SR-41,SR-46,5280.00,N,N,B,-,Y,,,,,,,,,,Y,4,0,1,2,A,-,08,22107,,N,D,C,A,B,H,-,D,D,0,,,,Y,Y,,G,27,0,0,1,0,0,0,0,0,0,"- ","- ",35.4574,-120.27266,"SAN LUIS OBISPO",UNINCORPORATED,-120.34670738,35.676118260000003
90404233,2017,2017-03-02,9745,2017-02-21,1835,013212,,2,2,4,4006,0,1,2,,1,101,"US-101 NORTHBOUND","VISTA DE LA CIUDAD",2112.00,N,N,A,-,Y,,,,,,,,,,Y,4,0,1,1,C,-,18,,,N,E,A,A,A,H,-,D,D,0,,,,,Y,,-,"- ",0,0,1,0,0,0,0,0,0,"- ","- ",35.329149999999998,-120.61872,"SAN LUIS OBISPO","SAN LUIS OBISPO",-120.62237512999999,35.330898859999998
90404289,2017,2017-03-02,9745,2017-02-25,2340,017144,,6,3,9,4000,0,1,2,,1,101,"US-101 SOUTHBOUND","RESERVOIR CANYON RD",400.00,N,N,B,-,Y,,,101,,,,,,S,Y,4,0,1,1,C,-,18,,,N,E,I,A,A,H,-,D,D,0,,,,,Y,,-,"- ",0,0,1,0,0,0,0,0,0,"- ","- ",35.296999999999997,-120.6294,"SAN LUIS OBISPO",UNINCORPORATED,-120.6293826,35.296968040000003
90404765,2017,2017-03-13,9740,2017-02-17,1120,013133,,5,1,9,4000,0,1,3,,2,008,SR-46,SR-41,70.00,W,N,C,G,Y,,,46,,,,,,,Y,3,0,1,1,C,-,18,,,N,F,A,A,B,H,-,A,A,0,,,,Y,Y,,-,"- ",0,1,0,0,0,0,0,0,0,"- ","- ",35.734450000000002,-120.28461,"SAN LUIS OBISPO",UNINCORPORATED,-120.28460884,35.734443259999999
90405096,2017,2017-03-03,9745,2017-02-23,0912,014910,,4,1,9,4000,0,1,3,,1,021,SR-1,"24TH STREET",0.00,,Y,A,-,Y,,,1,,,,,,,Y,4,0,2,2,A,-,09,21801,A,N,D,C,A,A,H,-,A,D,0,,,,,Y,,A,01,0,0,2,0,0,0,0,0,0,"- ","- ",35.437330000000003,-120.88728999999999,"SAN LUIS OBISPO",UNINCORPORATED,-120.88730648000001,35.437323640000002