CASE_ID,ACCIDENT_YEAR,PROC_DATE,JURIS,COLLISION_DATE,COLLISION_TIME,OFFICER_ID,REPORTING_DISTRICT,DAY_OF_WEEK,CHP_SHIFT,POPULATION,CNTY_CITY_LOC,SPECIAL_COND,BEAT_TYPE,CHP_BEAT_TYPE,CITY_DIVISION_LAPD,CHP_BEAT_CLASS,BEAT_NUMBER,PRIMARY_RD,SECONDARY_RD,DISTANCE,DIRECTION,INTERSECTION,WEATHER_1,WEATHER_2,STATE_HWY_IND,CALTRANS_COUNTY,CALTRANS_DISTRICT,STATE_ROUTE,ROUTE_SUFFIX,POSTMILE_PREFIX,POSTMILE,LOCATION_TYPE,RAMP_INTERSECTION,SIDE_OF_HWY,TOW_AWAY,COLLISION_SEVERITY,NUMBER_KILLED,NUMBER_INJURED,PARTY_COUNT,PRIMARY_COLL_FACTOR,PCF_CODE_OF_VIOL,PCF_VIOL_CATEGORY,PCF_VIOLATION,PCF_VIOL_SUBSECTION,HIT_AND_RUN,TYPE_OF_COLLISION,MVIW,PED_ACTION,ROAD_SURFACE,ROAD_COND_1,ROAD_COND_2,LIGHTING,CONTROL_DEVICE,CHP_ROAD_TYPE,PEDESTRIAN_ACCIDENT,BICYCLE_ACCIDENT,MOTORCYCLE_ACCIDENT,TRUCK_ACCIDENT,NOT_PRIVATE_PROPERTY,ALCOHOL_INVOLVED,STWD_VEHTYPE_AT_FAULT,CHP_VEHTYPE_AT_FAULT,COUNT_SEVERE_INJ,COUNT_VISIBLE_INJ,COUNT_COMPLAINT_PAIN,COUNT_PED_KILLED,COUNT_PED_INJURED,COUNT_BICYCLIST_KILLED,COUNT_BICYCLIST_INJURED,COUNT_MC_KILLED,COUNT_MC_INJURED,PRIMARY_RAMP,SECONDARY_RAMP,LATITUDE,LONGITUDE,COUNTY,CITY,POINT_X,POINT_Y
90405107,2017,2017-03-03,9745,2017-02-24,1430,017968,,5,2,9,4000,0,3,5,,2,004,"NOYES ROAD","ORMONDE ROAD",280.00,W,N,A,-,N,,,,,,,,,,Y,3,0,1,1,A,-,08,22107,,N,E,I,A,A,H,-,A,D,0,,,,,Y,,A,01,0,1,0,0,0,0,0,0,0,"- ","- ",35.158639999999998,-120.58705,"SAN LUIS OBISPO",UNINCORPORATED,-120.58711,35.159460000000003
90405130,2017,2017-03-03,9745,2017-02-27,1750,016002,,1,2,9,4000,0,1,2,,2,505,"US-101 SOUTHBOUND","CHERRY BLOSSOM PL",2640.00,S,N,B,-,Y,,,101,,,,,,S,Y,4,0,2,2,A,-,03,22350,,N,C,C,A,A,H,-,A,D,0,,,,,Y,,D,22,0,0,2,0,0,0,0,0,0,"- ","- ",35.01023,-120.45180999999999,"SAN LUIS OBISPO",UNINCORPORATED,-120.45180855,35.010232719999998
90407098,2017,2017-03-07,9750,2017-02-11,0030,020511,,6,3,9,4000,0,1,3,,2,061,"SR-166 E/B","SUEY CREEK",800.00,W,N,C,-,Y,,,166,,,,,,E,Y,4,0,1,2,C,-,18,,,N,E,J,A,B,B,C,D,D,0,,,,Y,Y,,-,"- ",0,0,1,0,0,0,0,0,0,"- ","- ",35.00038,-120.36117,"SAN LUIS OBISPO",UNINCORPORATED,-120.3612516,35.000436800000003
90410243,2017,2017-03-10,9745,2017-03-02,0900,016773,,4,1,9,4000,0,2,4,,1,055,"TEFFT STREET","MAGENTA LN",111.00,E,N,A,-,N,,,,,,,,,,Y,4,0,1,2,A,-,09,21804,A,N,D,C,A,A,H,-,A,D,0,,,,,Y,,A,07,0,0,1,0,0,0,0,0,0,"- ","- ",35.034779999999998,-120.48815999999999,"SAN LUIS OBISPO",UNINCORPORATED,-120.48815335,35.034891289999997
90411018,2017,2017-03-13,9740,2017-02-28,2245,014662,,2,3,9,4000,0,3,5,,2,019,"RIVER RD","WELLSONA RD",200.00,W,N,A,-,N,,,,,,,,,,N,3,0,1,1,A,-,01,23152,,N,E,I,A,A,H,-,D,D,0,,,,,Y,Y,A,07,0,1,0,0,0,0,0,0,0,"- ","- ",35.695900000000002,-120.68219999999999,"SAN LUIS OBISPO",UNINCORPORATED,-120.68160647000001,35.695969490000003
90411255,2017,2017-03-13,9745,2017-03-09,1220,014713,,4,1,9,4000,0,1,2,,2,303,"US-101 SOUTHBOUND","HIGUERA ST",528.00,S,N,A,-,Y,,,101,,,,,,S,Y,4,0,2,3,A,-,03,22350,,N,C,C,A,A,H,-,A,D,0,,,,,Y,,D,23,0,0,2,0,0,0,0,0,0,"- ","- ",35.22101,-120.69253,"SAN LUIS OBISPO",UNINCORPORATED,-120.69262385,35.221062940000003
90411937,2017,2017-03-14,9745,2017-03-10,2235,017144,,5,3,9,4000,0,1,3,,2,023,SR-1,"HIGHLAND DR",0.00,,Y,A,-,Y,,,1,,,,,,,Y,4,0,1,2,A,-,12,21453,A,N,A,C,A,A,H,-,A,D,0,,,,,Y,,A,07,0,0,1,0,0,0,0,0,0,"- ","- ",35.298490000000001,-120.67411,"SAN LUIS OBISPO",UNINCORPORATED,-120.67408069,35.298521979999997
90412946,2017,2017-03-15,9745,2017-03-11,0635,020144,,6,1,9,4000,0,1,2,,2,505,"US-101 NORTHBOUND","WILLOW RD",2112.00,N,N,A,-,Y,,,101,,,,,,N,Y,3,0,1,1,A,-,01,23152,A,N,E,I,A,A,H,-,A,D,0,,,,,Y,Y,A,07,0,1,0,0,0,0,0,0,0,"- ","- ",35.060870000000001,-120.50597,"SAN LUIS OBISPO",UNINCORPORATED,-120.50602297,35.060821859999997
90413010,2017,2017-03-15,9745,2017-03-13,1002,014713,,1,1,4,4006,0,1,2,,2,202,"US-101 SOUTHBOUND","CALIFORNIA BLVD",270.00,S,N,A,-,Y,,,101,,,,,,S,Y,3,0,1,2,A,-,07,21658,A,N,B,C,A,A,H,-,A,D,0,,,Y,,Y,,A,01,0,1,0,0,0,0,0,0,1,"- ","- ",35.289299999999997,-120.66014,"SAN LUIS OBISPO","SAN LUIS OBISPO",-120.66020231,35.289381149999997
90415693,2017,2017-03-20,9750,2017-03-17,1340,014358,,5,1,9,4000,0,1,3,,1,063,"RT 166","SIERRA MADRE RD",25344.00,E,N,A,-,Y,,,166,,,,,,,Y,3,0,1,1,A,-,01,23152,,N,E,I,A,A,H,-,A,D,0,,,,,Y,Y,A,01,0,1,0,0,0,0,0,0,0,"- ","- ",35.065159999999999,-119.98059000000001,"SAN LUIS OBISPO",UNINCORPORATED,-119.98058193,35.065192369999998
90416404,2017,2017-03-21,9740,2017-02-19,1840,018323,,7,2,9,4000,0,3,5,,2,017,"EL POMAR DR","MOSS LANE",343.00,N,N,C,-,N,,,,,,,,,,Y,2,0,9,1,A,-,08,22107,,N,E,I,A,B,H,-,D,D,0,,,,,Y,,A,07,3,4,2,0,0,0,0,0,0,"- ","- ",35.54421,-120.70055000000001,"SAN LUIS OBISPO",UNINCORPORATED,-120.70056039000001,35.544298920000003
90420283,2017,2017-03-24,9745,2017-03-16,1505,020689,,4,2,9,4000,0,1,3,,1,041,SR-1,"22ND STREET",0.00,,Y,A,-,Y,,,1,,,,,,,Y,3,0,1,2,A,-,09,21801,A,N,A,C,A,A,H,-,A,D,0,,,,,Y,,D,22,0,1,0,0,0,0,0,0,0,"- ","- ",35.098219999999998,-120.60735,"SAN LUIS OBISPO",UNINCORPORATED,-120.60735053000001,35.098124040000002
90420506,2017,2017-03-24,9745,2017-03-18,0850,016390,,6,1,9,4000,0,2,4,,1,042,"ORCUTT ROAD","TIFFANY RANCH ROAD",0.00,,N,E,-,N,,,,,,,,,,N,3,0,3,3,A,-,04,21703,,N,C,G,A,A,H,-,A,D,0,,Y,,,Y,,L,04,0,3,0,0,0,0,3,0,0,"- ","- ",35.189070000000001,-120.55813999999999,"SAN LUIS OBISPO",UNINCORPORATED,-120.56093992,35.191940049999999
90421595,2017,2017-03-27,9745,2017-03-20,0638,014713,,1,1,9,4000,0,1,2,,1,101,"US-101 NORTHBOUND","RESERVOIR CANYON RD",0.00,,Y,B,-,Y,,,101,,,,,,N,Y,4,0,1,2,A,-,09,21802,A,N,D,C,A,A,H,-,B,D,0,,,,,Y,,A,07,0,0,1,0,0,0,0,0,0,"- ","- ",35.296439999999997,-120.63030999999999,"SAN LUIS OBISPO",UNINCORPORATED,-120.63028303,35.29637967
90421744,2017,2017-03-27,9745,2017-03-26,1213,017817,,7,1,9,4000,0,1,3,,1,040,SR-227,"NOYES RD.",550.00,N,N,B,-,Y,,,227,,,,,,,Y,3,0,2,2,A,-,03,22350,,N,A,C,A,A,H,-,A,D,0,,,,,Y,,A,01,0,1,1,0,0,0,0,0,0,"- ","- ",35.170650000000002,-120.5838,"SAN LUIS OBISPO",UNINCORPORATED,-120.58382413,35.170608180000002
90421779,2017,2017-03-27,9745,2017-03-21,2308,017144,,2,3,9,4000,0,1,2,,2,505,"US-101 NORTHBOUND","TEFFT STREET",6336.00,S,N,B,-,Y,,,101,,,,,,N,Y,4,0,1,2,A,-,03,22350,,N,C,C,A,A,H,-,D,D,0,,,,,Y,,D,22,0,0,1,0,0,0,0,0,0,"- ","- ",35.026739999999997,-120.47375,"SAN LUIS OBISPO",UNINCORPORATED,-120.47364618,35.026852249999997
90422877,2017,2017-03-28,9740,2017-03-21,1604,014622,,2,2,9,4000,0,3,5,,2,017,"RUTH WAY","COW MEADOW PLACE",0.00,,Y,B,C,N,,,,,,,,,,Y,4,0,2,2,A,-,09,21802,A,N,D,C,A,B,H,-,A,A,0,,,,,Y,,D,22,0,0,2,0,0,0,0,0,0,"- ","- ",35.571330000000003,-120.69534,"SAN LUIS OBISPO",UNINCORPORATED,-120.69536997,35.571370049999999
9042322,2019,2020-02-10,4001,2019-12-19,0820,P0131,463,4,5,3,4001,0,0,0,,0,OPERAT,"FAIR OAKS AV","PECAN ST",208.00,E,N,A,-,N,,,,,,,,,,N,3,0,1,2,A,-,02,21654,A,N,G,B,D,A,H,-,A,A,0,Y,,,,Y,,N,60,0,1,0,0,1,0,0,0,0,"- ","- ",,,"SAN LUIS OBISPO","ARROYO GRANDE",-120.59531402587891,35.112766265869141
90423271,2017,2017-03-29,9740,2017-03-22,2018,016849,,3,2,3,4004,0,1,2,,2,003,"US-101 SOUTHBOUND TO SPRING STREET","NIBLICK RD",749.00,S,N,B,-,Y,,,101,,,,R,,S,Y,4,0,1,1,A,-,08,22107,,N,E,I,A,B,H,-,C,D,0,,,,,Y,,A,01,0,0,1,0,0,0,0,0,0,"- ","- ",35.612900000000003,-120.69110000000001,"SAN LUIS OBISPO","PASO ROBLES",-120.69110000000001,35.612900000000003
90423372,2017,2017-03-29,9740,2017-03-25,1732,017952,,6,2,9,4000,0,3,5,,2,019,"ESTRELLA RD","MARTINGALE CIR.",1584.00,W,N,A,-,N,,,,,,,,,,Y,3,0,1,1,A,-,01,23152,A,N,E,I,A,A,H,-,A,D,0,,,,,Y,Y,A,01,0,1,0,0,0,0,0,0,0,"- ","- ",35.691249999999997,-120.57102999999999,"SAN LUIS OBISPO",UNINCORPORATED,-120.57433586000001,35.691678869999997
90424580,2017,2017-03-30,9745,2017-03-28,0835,013531,,2,1,9,4000,0,3,5,,2,005,"UPPER LOS BERROS ROAD","SPRING CANYON LN",550.00,N,N,A,-,N,,,,,,,,,,Y,3,0,1,1,A,-,08,22107,,N,E,I,A,A,H,-,A,D,0,,,,,Y,,A,07,0,1,0,0,0,0,0,0,0,"- ","- ",35.098050000000001,-120.49224,"SAN LUIS OBISPO",UNINCORPORATED,-120.50004885,35.09564228
90426824,2017,2017-05-22,9740,2017-03-27,0750,013733,,1,1,9,4000,0,1,3,,1,014,SR-1,"BURTON DRIVE",20.00,N,N,B,-,Y,,,1,,,,,,,N,3,0,1,2,A,-,10,21950,A,N,G,B,B,A,H,-,A,A,0,Y,,,,Y,,A,01,0,1,0,0,1,0,0,0,0,"- ","- ",35.555250000000001,-121.08256,"SAN LUIS OBISPO",UNINCORPORATED,-121.08257002000001,35.555318149999998
90426939,2017,2017-04-04,9740,2017-03-27,1505,014622,,1,2,9,4000,0,1,3,,2,011,SR-46,"GREEN VALLEY ROAD",11088.00,E,N,A,-,Y,,,46,,,,,,,Y,3,0,1,1,A,-,08,22107,,N,E,I,A,A,H,-,A,D,0,,,,,Y,,D,22,0,1,0,0,0,0,0,0,0,"- ","- ",35.542119999999997,-120.97483,"SAN LUIS OBISPO",UNINCORPORATED,-120.97471625999999,35.541846380000003
90428137,2017,2017-04-05,9745,2017-03-30,1600,015144,,4,2,2,4005,0,1,2,,2,404,"US-101 SOUTHBOUND","SPYGLASS DR",528.00,S,N,A,-,Y,,,101,,,,,,S,N,4,0,2,2,A,-,03,22350,,N,C,C,A,A,H,-,A,D,0,,,,,Y,,A,08,0,0,2,0,0,0,0,0,0,"- ","- ",35.163049999999998,-120.68519999999999,"SAN LUIS OBISPO","PISMO BEACH",-120.68521796,35.163005579999997
90428167,2017,2017-04-05,9745,2017-03-31,1410,020689,,5,2,9,4000,0,2,4,,1,053,"POMEROY RD","LOS BERROS RD",0.00,,Y,A,-,N,,,,,,,,,,Y,3,0,1,2,A,-,12,22450,A,N,D,C,A,A,H,-,A,A,0,,,,,Y,,A,01,0,1,0,0,0,0,0,0,0,"- ","- ",35.078600000000002,-120.54250999999999,"SAN LUIS OBISPO",UNINCORPORATED,-120.54252986,35.078610089999998
90428209,2017,2017-04-05,9745,2017-04-01,1746,015734,,6,2,9,4000,0,2,4,,1,048,"AVILA BEACH DRIVE","BABE LANE",1700.00,E,N,A,-,N,,,,,,,,,,Y,4,0,1,2,A,-,09,21801,A,N,D,C,A,A,H,-,A,D,0,,,Y,,Y,,A,01,0,0,1,0,0,0,0,0,1,"- ","- ",35.178460000000001,-120.74507,"SAN LUIS OBISPO",UNINCORPORATED,-120.74662288,35.178419589999997
90428367,2017,2017-04-05,9745,2017-04-04,0718,014713,,2,1,9,4000,0,3,5,,2,003,"SAN LUIS BAY DR","N. AVILA ROAD O/C BR-49-192",170.00,E,N,A,-,N,,,,,,,,,,Y,2,0,1,2,A,-,09,21801,A,N,H,G,A,A,H,-,A,D,0,,Y,,,Y,,A,01,1,0,0,0,0,0,1,0,0,"- ","- ",35.196150000000003,-120.69847,"SAN LUIS OBISPO",UNINCORPORATED,-120.69848210000001,35.196033900000003
90429916,2017,2017-04-07,9745,2017-04-06,1704,015144,,4,2,9,4000,0,3,5,,2,004,"NOYES RD","PRINTZ RD",1056.00,W,N,A,-,N,,,,,,,,,,Y,4,0,1,1,A,-,08,22107,,N,E,I,A,A,H,-,A,D,0,,,,,Y,,A,07,0,0,1,0,0,0,0,0,0,"- ","- ",35.146360000000001,-120.59186,"SAN LUIS OBISPO",UNINCORPORATED,-120.59163931000001,35.146470520000001
90430027,2017,2017-04-07,9745,2017-04-02,0805,016773,,7,1,9,4000,0,1,3,,1,041,SR-1,"HALCYON RD",1056.00,S,N,A,-,Y,,,1,,,,,,,Y,3,0,1,2,A,-,08,22107,,N,C,J,A,A,H,-,A,D,0,,,,,Y,,D,22,0,1,0,0,0,0,0,0,0,"- ","- ",35.098100000000002,-120.58741000000001,"SAN LUIS OBISPO",UNINCORPORATED,-120.58740974,35.09817348
90430668,2017,2017-04-10,9745,2017-04-06,0355,017061,,4,3,9,4000,0,1,2,,2,505,"US-101 SOUTHBOUND","LAETITIA VINEYARD DR",619.00,N,N,A,-,Y,,,101,,,,,,S,Y,3,0,1,1,A,-,01,23152,A,N,E,I,A,A,H,-,D,D,0,,,,,Y,Y,D,22,0,1,0,0,0,0,0,0,0,"- ","- ",35.089370000000002,-120.53876,"SAN LUIS OBISPO",UNINCORPORATED,-120.53875349,35.089381090000003
90433512,2017,2017-04-13,9740,2017-04-04,1330,013733,,2,1,9,4000,0,2,4,,2,012,"NACIMIENTO LAKE DRIVE (G-14)","CHIMNEY ROCK RD",4752.00,N,N,A,-,N,,,,,,,,,,Y,3,0,1,1,A,-,08,22107,,N,E,I,A,A,H,-,A,D,0,,,,,Y,,A,01,0,1,0,0,0,0,0,0,0,"- ","- ",35.6999,-120.80949,"SAN LUIS OBISPO",UNINCORPORATED,-120.7824186,35.6884327
90433976,2017,2017-04-13,9740,2017-04-06,0955,014465,,4,1,9,4000,0,3,5,,2,017,"SOUTH EL POMAR","CRESTON ROAD",3696.00,W,N,B,-,N,,,,,,,,,,Y,4,0,1,1,A,-,08,22107,,N,E,I,A,A,H,-,A,D,0,,,,,Y,,D,22,0,0,1,0,0,0,0,0,0,"- ","- ",35.563009999999998,-120.60708,"SAN LUIS OBISPO",UNINCORPORATED,-120.60853,35.573889999999999
90437948,2017,2017-04-19,9740,2017-04-11,1345,013733,,2,1,9,4000,0,1,2,,2,001,"U.S. 101 N/B","DEL RIO RD",1539.00,N,N,A,-,Y,,,,,,,,,,Y,4,0,2,3,A,-,07,21658,A,N,B,C,A,A,H,-,A,D,0,,,,Y,Y,,F,26,0,0,2,0,0,0,0,0,0,"- ","- ",35.51679,-120.70189999999999,"SAN LUIS OBISPO",UNINCORPORATED,-120.70186482,35.516929820000001
90438059,2017,2017-04-19,9745,2017-04-17,1908,016002,,1,2,9,4000,0,3,5,,2,005,"S. DANA FOOTHILL RD.","RANCHO RD.",1584.00,N,N,B,-,N,,,,,,,,,,Y,3,0,1,1,A,-,08,22107,,N,E,I,A,D,H,-,A,D,0,,,,,Y,,D,22,0,1,0,0,0,0,0,0,0,"- ","- ",35.050249999999998,-120.45392,"SAN LUIS OBISPO",UNINCORPORATED,-120.45394369,35.050240109999997
90438842,2017,2017-04-24,9740,2017-04-13,1212,014662,,4,1,9,4000,0,3,5,,2,021,"OLD CREEK RD",SR-46W,10560.00,S,N,B,C,N,,,,,,,,,,Y,4,0,1,1,A,-,08,22107,,N,F,A,A,B,H,-,A,D,0,,,,,Y,,A,01,0,0,1,0,0,0,0,0,0,"- ","- ",35.303899999999999,-120.50449999999999,"SAN LUIS OBISPO",UNINCORPORATED,-120.84500312999999,35.510408839999997
90438875,2017,2017-04-20,9745,2017-04-05,1731,016714,,3,2,9,4000,0,3,5,,2,002,"9TH STREET, (1900 BLOCK)","NIPOMO AVENUE",7.00,S,N,A,-,N,,,,,,,,,,Y,1,1,1,2,A,-,03,22350,,N,A,C,A,A,H,-,A,D,0,,,Y,,Y,,C,02,0,0,1,0,0,0,0,1,0,"- ","- ",35.316879999999998,-120.83329999999999,"SAN LUIS OBISPO",UNINCORPORATED,-120.83329999999999,35.31691077
90439018,2017,2017-04-20,9745,2017-04-15,1826,016714,,6,2,9,4000,0,1,2,,1,101,"US-101 N/B","TASSAJARA CREEK ROAD",528.00,S,N,A,-,Y,,,101,,,,,,N,Y,2,0,1,1,A,-,01,23152,A,N,E,I,A,A,H,-,A,D,0,,,Y,,Y,Y,C,02,1,0,0,0,0,0,0,0,1,"- ","- ",35.369410000000002,-120.64107,"SAN LUIS OBISPO",UNINCORPORATED,-120.64109089,35.369410440000003
90439654,2017,2017-04-21,9745,2017-03-21,0353,017151,,2,3,9,4000,0,1,2,,1,101,"US-101 NORTHBOUND",SR-58,2112.00,S,N,C,-,Y,,,101,,,,,,N,Y,1,1,0,1,A,-,08,22107,,N,E,I,A,B,H,-,D,D,0,,,,,Y,,A,07,0,0,0,0,0,0,0,0,0,"- ","- ",35.377749999999999,-120.63514000000001,"SAN LUIS OBISPO",UNINCORPORATED,-120.63518821,35.377792360000001
90439936,2017,2017-04-24,9750,2017-04-18,0605,015915,,2,1,9,4000,0,1,2,,2,111,"US 101 N/B","SR-135 (BROADWAY)",1584.00,N,N,B,C,Y,,,,,,,,,,Y,4,0,1,2,A,-,03,22350,,N,C,C,A,B,H,-,D,D,0,,,,,Y,,A,01,0,0,1,0,0,0,0,0,0,"- ","- ",34.986530000000002,-120.43308999999999,"SAN LUIS OBISPO",UNINCORPORATED,,
90441256,2017,2017-04-25,9740,2017-04-17,1617,016849,,1,2,9,4000,0,1,2,,2,001,"US-101 NORTHBOUND",SR-58,3407.00,N,N,B,-,Y,,,101,,,,,,N,Y,4,0,1,2,A,-,07,21658,A,N,E,I,A,B,H,-,A,D,0,,,,,Y,,D,22,0,0,1,0,0,0,0,0,0,"- ","- ",35.3917,-120.6247,"SAN LUIS OBISPO",UNINCORPORATED,-120.62475130999999,35.391731640000003
90441969,2017,2017-04-25,9745,2017-04-25,1125,016068,,2,1,9,4000,0,1,3,,1,041,SR-1,"PERSHING DR",0.00,,Y,A,-,Y,,,1,,,,,,,N,4,0,1,2,A,-,03,22350,,N,C,C,A,A,H,-,A,D,0,,,,,Y,,A,07,0,0,1,0,0,0,0,0,0,"- ","- ",35.106000000000002,-120.62260000000001,"SAN LUIS OBISPO",UNINCORPORATED,-120.62259586,35.106004050000003
90442450,2017,2017-04-26,9745,2017-04-22,0840,020144,,6,1,9,4000,0,1,3,,2,023,"HIGHLAND DR",SR-1,25.00,W,N,A,-,N,,,,,,,,,,Y,4,0,1,3,A,-,08,22107,,N,D,C,A,A,H,-,A,D,0,,,,,Y,,A,01,0,0,1,0,0,0,0,0,0,"- ","- ",35.298369999999998,-120.67411,"SAN LUIS OBISPO",UNINCORPORATED,-120.67411,35.298369999999998
9044302,2020,2020-02-24,4006,2020-01-16,0805,62657,,4,5,4,4006,0,0,0,,0,,"BROAD ST",LEFF,0.00,,Y,A,-,N,,,,,,,,,,Y,3,0,2,2,A,-,09,21802,A,N,D,C,A,A,H,-,A,A,0,,,,,Y,,D,22,0,1,1,0,0,0,0,0,0,"- ","- ",35.274269104003906,-120.66033172607422,"SAN LUIS OBISPO","SAN LUIS OBISPO",-120.66037750244141,35.274299621582031
90447045,2017,2017-05-02,9740,2017-03-27,2500,018323,,1,4,9,4000,0,3,5,,2,021,"SANTA RITA RD","RAYMOND AVENUE",6336.00,W,N,A,-,N,,,,,,,,,,Y,1,1,0,1,A,-,08,22107,,N,F,A,A,A,H,-,A,D,0,,,,,Y,,D,22,0,0,0,0,0,0,0,0,0,"- ","- ",35.525100000000002,-120.762,"SAN LUIS OBISPO",UNINCORPORATED,-120.76205602,35.525399669999999
90447128,2017,2017-05-02,9745,2017-04-30,0325,017151,,7,3,9,4000,0,3,5,,2,005,"S. MESA RD.","IDA PL",108.00,N,N,A,-,N,,,,,,,,,,Y,3,0,2,1,A,-,01,23152,A,N,E,I,A,A,H,-,D,D,0,,,,,Y,Y,A,01,0,2,0,0,0,0,0,0,0,"- ","- ",35.02431,-120.49762,"SAN LUIS OBISPO",UNINCORPORATED,-120.49755422,35.024351410000001
90447155,2017,2017-05-02,9740,2017-04-20,1450,013733,,4,2,9,4000,0,1,3,,1,009,SR-46E,SR-41,0.00,,Y,B,-,Y,,,46,,,,,,,Y,1,1,6,2,A,-,09,21801,A,N,D,C,A,A,H,-,A,D,0,,,,,Y,,M,47,2,3,1,0,0,0,0,0,0,"- ","- ",35.734520000000003,-120.28447,"SAN LUIS OBISPO",UNINCORPORATED,-120.28446117,35.734468659999997
90447439,2017,2017-05-02,9745,2017-04-26,1955,014996,,3,2,9,4000,0,3,5,,2,004,"HALCYON RD","PRODUCE PL",1056.00,S,N,A,B,N,,,,,,,,,,Y,3,0,1,1,A,-,01,23152,A,N,F,A,A,A,H,-,D,D,0,,,Y,,Y,Y,C,02,0,1,0,0,0,0,0,0,1,"- ","- ",35.08699,-120.59177,"SAN LUIS OBISPO",UNINCORPORATED,-120.59165722,35.087859340000001
90447998,2017,2017-05-03,9740,2017-04-21,1050,014465,,5,1,9,4000,0,3,5,,2,021,"US 101 S/B TO LAS TABLAS RD","LAS TABLAS RD",0.00,,Y,A,-,N,,,,,,,,,,N,4,0,1,2,A,-,12,21453,A,N,D,C,A,A,H,-,A,A,0,,,,,Y,,A,01,0,0,1,0,0,0,0,0,0,"- ","- ",35.55442,-120.71165000000001,"SAN LUIS OBISPO",UNINCORPORATED,-120.71169466000001,35.554371549999999
90448303,2017,2017-07-26,9740,2017-04-23,1036,013984,,7,1,9,4000,0,3,5,,2,019,"CROSS CANYON RD","LOWES CANYON RD",600.00,S,N,A,-,N,,,,,,,,,,N,2,0,1,2,C,-,18,,,N,F,A,A,A,H,-,A,D,0,,Y,,,Y,,-,"- ",1,0,0,0,0,0,1,0,0,"- ","- ",35.751489999999997,-120.64859,"SAN LUIS OBISPO",UNINCORPORATED,-120.64849255,35.751101339999998
90448360,2017,2017-05-03,9745,2017-04-22,0245,017238,,6,3,9,4000,0,3,5,,2,003,"HIGUERA STREET","CLOVER RIDGE LN",1584.00,N,N,B,-,N,,,,,,,,,,Y,3,0,2,1,A,-,08,22107,,N,E,I,A,A,H,-,D,D,0,,,,,Y,,A,07,0,1,1,0,0,0,0,0,0,"- ","- ",35.231229999999996,-120.68986,"SAN LUIS OBISPO",UNINCORPORATED,-120.69080617,35.228600329999999
90448651,2017,2017-05-03,9745,2017-04-27,0725,016773,,4,1,2,4005,0,1,2,,2,404,"US-101 NORTHBOUND","SPYGLASS DR",3168.00,S,N,A,-,Y,,,101,,,,,,N,Y,4,0,1,2,A,-,03,22350,,N,C,C,A,A,H,-,A,A,0,,,,,Y,,D,22,0,0,1,0,0,0,0,0,0,"- ","- ",35.159849999999999,-120.67657,"SAN LUIS OBISPO","PISMO BEACH",-120.67659156000001,35.159794859999998
90449340,2017,2017-05-04,9740,2017-04-27,1620,015854,,4,2,4,4008,0,1,2,,2,002,"US-101 NORTHBOUND","SAN ANSELMO RD",1584.00,N,N,A,-,Y,,,101,,,,,,N,Y,3,0,1,2,A,-,03,22350,,N,C,C,A,A,H,-,A,D,0,,,,,Y,,A,07,0,1,0,0,0,0,0,0,0,"- ","- ",35.500190000000003,-120.68725000000001,"SAN LUIS OBISPO",ATASCADERO,-120.68730802,35.500105740000002
90450873,2017,2017-05-08,9745,2017-04-25,1820,015144,,2,2,9,4000,0,2,4,,1,048,"AVILA BEACH DRIVE","1ST STREET",0.00,,Y,A,-,N,,,,,,,,,,Y,2,0,4,3,A,-,01,23152,A,N,A,C,A,A,H,-,A,A,0,,,,,Y,Y,A,01,2,0,2,0,0,0,0,0,0,"- ","- ",35.180520000000001,-120.73593,"SAN LUIS OBISPO",UNINCORPORATED,-120.736053,35.180486999999999
90451311,2017,2017-05-08,9745,2017-04-28,2342,017541,,5,3,4,4006,0,1,2,,2,202,"US-101 SOUTHBOUND","MADONNA RD",2640.00,S,N,A,-,Y,,,101,,,,,,S,Y,4,0,1,1,A,-,08,22107,,N,E,I,A,A,H,-,D,D,0,,,Y,,Y,,C,02,0,0,1,0,0,0,0,0,1,"- ","- ",35.258749999999999,-120.67411,"SAN LUIS OBISPO","SAN LUIS OBISPO",-120.67397751999999,35.258693020000003
90451403,2017,2017-05-11,9740,2017-04-28,0755,014465,,5,1,9,4000,0,3,5,,2,021,"LAS TABLAS RD","POSADA LN",0.00,,Y,A,-,N,,,,,,,,,,Y,4,0,1,2,A,-,09,21801,A,N,D,C,A,A,H,-,A,D,0,,,,,Y,,A,07,0,0,1,0,0,0,0,0,0,"- ","- ",35.554200000000002,-120.72141000000001,"SAN LUIS OBISPO",UNINCORPORATED,-120.72140998,35.554400090000001
90451575,2017,2017-05-09,9745,2017-05-03,1505,017817,,3,2,9,4000,0,3,5,,2,005,"S. FRONTAGE RD.","GRANDE AVE.",0.00,,Y,A,-,N,,,,,,,,,,N,4,0,1,2,A,-,03,22350,,N,C,C,A,A,H,-,A,D,0,,,,Y,Y,,F,27,0,0,1,0,0,0,0,0,0,"- ","- ",35.032499999999999,-120.48036999999999,"SAN LUIS OBISPO",UNINCORPORATED,-120.48039995000001,35.03250001