CASE_ID,ACCIDENT_YEAR,PROC_DATE,JURIS,COLLISION_DATE,COLLISION_TIME,OFFICER_ID,REPORTING_DISTRICT,DAY_OF_WEEK,CHP_SHIFT,POPULATION,CNTY_CITY_LOC,SPECIAL_COND,BEAT_TYPE,CHP_BEAT_TYPE,CITY_DIVISION_LAPD,CHP_BEAT_CLASS,BEAT_NUMBER,PRIMARY_RD,SECONDARY_RD,DISTANCE,DIRECTION,INTERSECTION,WEATHER_1,WEATHER_2,STATE_HWY_IND,CALTRANS_COUNTY,CALTRANS_DISTRICT,STATE_ROUTE,ROUTE_SUFFIX,POSTMILE_PREFIX,POSTMILE,LOCATION_TYPE,RAMP_INTERSECTION,SIDE_OF_HWY,TOW_AWAY,COLLISION_SEVERITY,NUMBER_KILLED,NUMBER_INJURED,PARTY_COUNT,PRIMARY_COLL_FACTOR,PCF_CODE_OF_VIOL,PCF_VIOL_CATEGORY,PCF_VIOLATION,PCF_VIOL_SUBSECTION,HIT_AND_RUN,TYPE_OF_COLLISION,MVIW,PED_ACTION,ROAD_SURFACE,ROAD_COND_1,ROAD_COND_2,LIGHTING,CONTROL_DEVICE,CHP_ROAD_TYPE,PEDESTRIAN_ACCIDENT,BICYCLE_ACCIDENT,MOTORCYCLE_ACCIDENT,TRUCK_ACCIDENT,NOT_PRIVATE_PROPERTY,ALCOHOL_INVOLVED,STWD_VEHTYPE_AT_FAULT,CHP_VEHTYPE_AT_FAULT,COUNT_SEVERE_INJ,COUNT_VISIBLE_INJ,COUNT_COMPLAINT_PAIN,COUNT_PED_KILLED,COUNT_PED_INJURED,COUNT_BICYCLIST_KILLED,COUNT_BICYCLIST_INJURED,COUNT_MC_KILLED,COUNT_MC_INJURED,PRIMARY_RAMP,SECONDARY_RAMP,LATITUDE,LONGITUDE,COUNTY,CITY,POINT_X,POINT_Y
90451999,2017,2017-05-09,9745,2017-05-01,1530,020689,,1,2,9,4000,0,1,3,,1,041,SR-1,"22ND STREET",0.00,,Y,A,-,Y,,,1,,,,,,,Y,4,0,1,3,A,-,09,21802,A,N,D,C,A,A,H,-,A,D,0,,,,,Y,,A,07,0,0,1,0,0,0,0,0,0,"- ","- ",35.098109999999998,-120.60736,"SAN LUIS OBISPO",UNINCORPORATED,-120.60735991999999,35.098124089999999
9045275,2020,2020-02-28,4005,2020-01-08,1131,P090,11,3,5,2,4005,0,0,0,,0,,"JAMES WY",OAKWOOD,26.00,S,N,A,-,N,,,,,,,,,,Y,4,0,1,1,A,-,08,22107,,N,E,I,A,A,H,-,A,D,0,,,,,Y,,A,01,0,0,1,0,0,0,0,0,0,"- ","- ",,,"SAN LUIS OBISPO","PISMO BEACH",-120.61648559570312,35.137813568115234
9045279,2020,2020-03-02,4005,2020-01-05,1100,P109,6,7,5,2,4005,0,0,0,,0,,"S DOLLIVER ST","FRADY LN",251.00,S,N,A,-,N,,,,,,,,,,Y,4,0,1,2,A,-,04,21703,,N,C,C,A,A,H,-,A,D,0,,,,,Y,,A,01,0,0,1,0,0,0,0,0,0,"- ","- ",,,"SAN LUIS OBISPO","PISMO BEACH",-120.63539886474609,35.133792877197266
90456193,2017,2017-05-15,9740,2017-05-03,1802,018323,,3,2,9,4000,0,3,5,,2,021,"THEATRE DR","SR-46 WEST",0.00,,Y,A,-,Y,,,,,,,,,,N,4,0,1,2,A,-,21,22106,,N,C,C,A,A,H,-,A,A,0,,,,,Y,,A,07,0,0,1,0,0,0,0,0,0,"- ","- ",35.588909999999998,-120.69945,"SAN LUIS OBISPO",UNINCORPORATED,-120.69966998,35.588960040000003
9045642,2019,2020-02-26,4006,2019-12-17,1745,97574,,2,5,4,4006,0,0,0,,0,,"S HIGUERA",ELKS,0.00,,Y,A,-,N,,,,,,,,,,Y,3,0,2,2,A,-,08,22107,,N,D,C,A,A,H,-,C,-,0,,,,,Y,,A,01,0,1,1,0,0,0,0,0,0,"- ","- ",35.263881683349609,-120.67051696777344,"SAN LUIS OBISPO","SAN LUIS OBISPO",-120.67044067382812,35.263710021972656
90457350,2017,2017-05-16,9740,2017-05-05,1714,014622,,5,2,9,4000,0,1,2,,2,002,"US-101 NORTHBOUND","VINEYARD DRIVE",528.00,S,N,A,-,Y,,,101,,,,,,N,Y,4,0,2,2,A,-,03,22350,,N,C,C,A,A,H,-,A,D,0,,,,,Y,,A,08,0,0,2,0,0,0,0,0,0,"- ","- ",35.541780000000003,-120.71368,"SAN LUIS OBISPO",UNINCORPORATED,-120.71361582999999,35.54180435
90457351,2017,2017-05-16,9740,2017-05-06,1540,015854,,6,2,9,4000,0,3,5,,2,017,"CRESTON RD","STAGECOACH RD",1584.00,E,N,B,-,N,,,,,,,,,,N,4,0,1,2,A,-,08,22107,,N,D,C,A,A,H,-,A,D,0,,,,,Y,,A,07,0,0,1,0,0,0,0,0,0,"- ","- ",35.571800000000003,-120.57731,"SAN LUIS OBISPO",UNINCORPORATED,-120.57783564,35.571854279999997
90457354,2017,2017-05-16,9740,2017-05-06,1250,016849,,6,1,9,4000,0,3,5,,2,022,"VINEYARD DRIVE","OAKDALE ROAD",248.00,S,N,B,-,N,,,,,,,,,,N,2,0,1,1,A,-,08,22107,,N,F,A,A,A,H,-,A,D,0,,Y,,,Y,,L,04,1,0,0,0,0,0,1,0,0,"- ","- ",35.556600000000003,-120.77030000000001,"SAN LUIS OBISPO",UNINCORPORATED,-120.77032822,35.556597979999999
90458328,2017,2017-05-18,9740,2017-05-11,2200,015644,,4,3,9,4000,0,1,3,,2,007,"SR-46 E/B","HOMESTEAD RD.",1056.00,W,N,A,-,Y,,,,,,,,,,Y,3,0,1,1,A,-,01,23152,A,N,E,J,A,A,H,-,E,D,0,,,,,Y,Y,D,22,0,1,0,0,0,0,0,0,0,"- ","- ",,,"SAN LUIS OBISPO",UNINCORPORATED,,
90458338,2017,2017-05-18,9740,2017-05-11,1155,017426,,4,1,9,4000,0,1,2,,2,002,"US-101 SOUTHBOUND","SAN RAMON RD.",200.00,N,N,A,-,Y,,,101,,,,,,S,N,4,0,1,2,A,-,03,22350,,N,C,C,A,A,H,-,A,D,0,,,,,Y,,D,22,0,0,1,0,0,0,0,0,0,"- ","- ",35.528239999999997,-120.70609,"SAN LUIS OBISPO",UNINCORPORATED,-120.70604551,35.528288230000001
90458389,2017,2017-05-23,9740,2017-05-13,2354,018995,,6,3,9,4000,0,3,5,,2,017,"CRESTON RD.","NEAL SPRINGS RD",5808.00,W,N,A,-,N,,,,,,,,,,Y,2,0,1,1,A,-,01,23152,A,N,E,I,A,A,H,-,D,D,0,,,,,Y,Y,A,01,1,0,0,0,0,0,0,0,0,"- ","- ",35.585970000000003,-120.63112,"SAN LUIS OBISPO",UNINCORPORATED,-120.63042127999999,35.585903799999997
90458604,2017,2017-05-18,9745,2017-05-08,1203,017541,,1,1,9,4000,0,1,2,,2,505,"US-101 SOUTHBOUND","EL CAMPO RD",0.00,,Y,A,-,Y,,,101,,,,,,S,Y,4,0,2,2,A,-,09,21802,A,N,D,C,A,A,H,-,A,D,0,,,,,Y,,A,07,0,0,2,0,0,0,0,0,0,"- ","- ",35.111159999999998,-120.56364000000001,"SAN LUIS OBISPO",UNINCORPORATED,-120.56363641,35.111172019999998
90458900,2017,2017-05-18,9740,2017-05-03,0730,014460,,3,1,9,4000,0,3,5,,2,017,"CRESTON ROAD","BEECHWOOD DRIVE",5808.00,E,N,A,-,N,,,,,,,,,,Y,3,0,2,3,A,-,03,22350,,N,C,C,A,A,H,-,A,D,0,,,,,Y,,D,22,0,2,0,0,0,0,0,0,0,"- ","- ",35.362200000000001,-120.381,"SAN LUIS OBISPO",UNINCORPORATED,-120.63737574,35.587828539999997
90459511,2017,2017-05-19,9750,2017-05-05,2346,020510,,5,3,9,4000,0,1,2,,2,001,"US-101 N/B","SR-166 E/B",253.00,S,N,A,-,Y,,,101,,,,,,N,Y,2,0,1,1,A,-,01,23152,A,N,E,I,A,A,H,-,D,D,0,,,,,Y,Y,A,01,1,0,0,0,0,0,0,0,0,"- ","- ",34.995559999999998,-120.43456999999999,"SAN LUIS OBISPO",UNINCORPORATED,-120.43446014,34.995585800000001
90461365,2017,2017-05-23,9740,2017-05-19,1900,015854,,5,2,9,4000,0,3,5,,2,021,"VINEYARD DR","US-101 SOUTHBOUND",158.00,W,N,A,-,N,,,,,,,,,,N,4,0,1,2,A,-,21,22106,,N,C,C,A,A,H,-,A,A,0,,,,,Y,,A,01,0,0,1,0,0,0,0,0,0,"- ","- ",35.543640000000003,-120.71516,"SAN LUIS OBISPO",UNINCORPORATED,-120.71479759,35.544053740000003
90461704,2017,2017-05-23,9745,2017-05-21,1105,017541,,7,1,9,4000,0,3,5,,2,002,"TURRI RD.","SOUTH BAY BLVD",3168.00,S,N,A,-,N,,,,,,,,,,N,3,0,1,1,A,-,03,22350,,N,F,A,A,A,H,-,A,D,0,,,Y,,Y,,C,02,0,1,0,0,0,0,0,0,1,"- ","- ",35.330770000000001,-120.81646000000001,"SAN LUIS OBISPO",UNINCORPORATED,-120.81638228,35.330834250000002
90461839,2017,2017-05-23,9740,2017-05-20,0855,014662,,6,1,9,4000,0,1,3,,2,005,SR-58,"MAUD AVE",150.00,E,N,A,-,Y,,,58,,,,,,,Y,4,0,1,2,A,-,09,21801,A,N,A,C,A,A,H,-,A,D,0,,,,,Y,,A,07,0,0,1,0,0,0,0,0,0,"- ","- ",35.388500000000001,-120.6134,"SAN LUIS OBISPO",UNINCORPORATED,-120.6134359,35.38856629
90462328,2017,2017-05-24,9745,2017-05-21,0150,016714,,7,3,2,4003,0,1,3,,2,022,"SR-1 N/B, (CABRILLO HIGHWAY)","MORRO BAY BLVD.",48.00,S,N,A,-,Y,,,1,,,,,,N,Y,3,0,1,1,A,-,01,23152,A,N,F,I,A,A,H,-,C,D,0,,,,,Y,Y,A,07,0,1,0,0,0,0,0,0,0,"- ","- ",35.367139999999999,-120.83889000000001,"SAN LUIS OBISPO","MORRO BAY",-120.83890829000001,35.36709158
90462574,2017,2017-05-24,9740,2017-05-13,1050,014662,,6,1,9,4000,0,1,3,,2,011,SR-46W,"OAKDALE RD",6.00,W,N,A,-,Y,,,46,,,,,,,Y,3,0,2,4,A,-,03,22350,,N,C,C,A,A,H,-,A,D,0,,,,,Y,,A,07,0,1,1,0,0,0,0,0,0,"- ","- ",35.566499999999998,-120.74469999999999,"SAN LUIS OBISPO",UNINCORPORATED,-120.74474612,35.566569970000003
90462865,2017,2017-05-24,9745,2017-05-22,1250,017097,,1,1,9,4000,0,2,4,,1,058,"ORCHARD AVE.","FAITH PL",0.00,,Y,A,-,N,,,,,,,,,,Y,4,0,1,2,A,-,08,22107,,N,D,C,A,A,H,-,A,D,0,,,,,Y,,D,22,0,0,1,0,0,0,0,0,0,"- ","- ",35.008049999999997,-120.46689000000001,"SAN LUIS OBISPO",UNINCORPORATED,-120.46689991,35.008070050000001
90463449,2017,2017-05-25,9740,2017-05-23,1215,014662,,2,1,9,4000,0,1,3,,2,005,SR-58,"SHELL CREEK RD",2640.00,E,N,A,-,Y,,,58,,,,,,,Y,3,0,1,1,A,-,08,22107,,N,E,I,A,A,H,-,A,D,0,,,,,Y,,A,01,0,1,0,0,0,0,0,0,0,"- ","- ",35.454700000000003,-120.3232,"SAN LUIS OBISPO",UNINCORPORATED,-120.32320792,35.454661510000001
90463644,2017,2017-05-25,9740,2017-05-22,1430,014622,,1,2,9,4000,0,3,5,,2,021,"SANTA RITA ROAD","OLD CREEK ROAD",12144.00,E,N,A,-,N,,,,,,,,,,Y,3,0,1,1,A,-,01,23152,A,N,F,A,A,A,H,-,A,D,0,,,,,Y,Y,A,01,0,1,0,0,0,0,0,0,0,"- ","- ",35.477679999999999,-120.82626999999999,"SAN LUIS OBISPO",UNINCORPORATED,-120.82632065,35.477690580000001
90465752,2017,2017-05-26,9745,2017-05-23,1935,017097,,2,2,9,4000,0,2,4,,1,026,"PREFUMO CANYON RD","COON CREEK RD",5280.00,N,N,A,-,N,,,,,,,,,,Y,3,0,2,2,A,-,03,22350,,N,A,C,A,A,H,-,A,D,0,,,,,Y,,A,01,0,1,1,0,0,0,0,0,0,"- ","- ",35.254800000000003,-120.77293,"SAN LUIS OBISPO",UNINCORPORATED,-120.77260926,35.253938890000001
90466741,2017,2017-05-30,9745,2017-05-20,0950,017238,,6,1,9,4000,0,1,3,,2,023,"SR-1 SOUTHBOUND","SAN BERNARDO CREEK RD",5280.00,S,N,A,-,Y,,,1,,,,,,S,Y,3,0,1,1,A,-,03,22350,,N,E,I,A,A,H,-,A,D,0,,,,,Y,,A,01,0,1,0,0,0,0,0,0,0,"- ","- ",35.360529999999997,-120.80349,"SAN LUIS OBISPO",UNINCORPORATED,-120.80350196000001,35.36050127
90470161,2017,2017-06-02,9745,2017-05-27,1420,019809,,6,2,9,4000,0,2,4,,1,051,"LOS BERROS RD","EL CAMPO RD",0.00,,Y,A,-,N,,,,,,,,,,Y,4,0,1,2,A,-,09,21802,A,N,D,C,A,A,H,-,A,A,0,,,,,Y,,A,01,0,0,1,0,0,0,0,0,0,"- ","- ",35.093359999999997,-120.56282,"SAN LUIS OBISPO",UNINCORPORATED,-120.56279986,35.093320089999999
90470863,2017,2017-06-05,9740,2017-05-27,1720,017952,,6,2,9,4000,0,2,4,,2,012,"NACIMIENTO LAKE RD.","FRAZIER RD.",2112.00,W,N,A,-,N,,,,,,,,,,Y,3,0,2,1,A,-,08,22107,,N,E,I,A,A,H,-,A,D,0,,,,,Y,,A,01,0,2,0,0,0,0,0,0,0,"- ","- ",35.711449999999999,-120.82957,"SAN LUIS OBISPO",UNINCORPORATED,-120.82856219999999,35.711356100000003
90471069,2017,2017-06-05,9740,2017-05-31,1715,014622,,3,2,9,4000,0,3,5,,2,017,"CRESTON ROAD","FEENSTRA ROAD",528.00,S,N,A,-,N,,,,,,,,,,Y,4,0,1,2,A,-,03,22350,,N,C,C,A,A,H,-,A,D,0,,,,,Y,,A,01,0,0,1,0,0,0,0,0,0,"- ","- ",35.566229999999997,-120.54116999999999,"SAN LUIS OBISPO",UNINCORPORATED,-120.54145474000001,35.566923959999997
90471658,2017,2017-06-06,9740,2017-06-02,2300,016849,,5,3,9,4000,0,3,5,,2,023,"SANTA ROSA CREEK ROAD","FERRASCI ROAD",622.00,E,N,A,-,N,,,,,,,,,,Y,4,0,1,2,A,-,01,23152,A,N,C,E,A,A,H,-,D,D,0,,,,,Y,Y,A,01,0,0,1,0,0,0,0,0,0,"- ","- ",35.569400000000002,-121.0652,"SAN LUIS OBISPO",UNINCORPORATED,-121.06505928,35.569634870000002
90472685,2017,2017-06-07,9745,2017-06-02,1600,017097,,5,2,4,4006,0,1,2,,2,202,"US-101 NB","MARSH ST",500.00,N,N,A,-,Y,,,101,,,,,,N,Y,4,0,2,2,A,-,03,22350,,N,C,C,A,A,H,-,A,D,0,,,,,Y,,D,22,0,0,2,0,0,0,0,0,0,"- ","- ",35.276510000000002,-120.6707,"SAN LUIS OBISPO","SAN LUIS OBISPO",-120.67060997999999,35.276480810000002
90472765,2017,2017-06-07,9745,2017-06-01,1630,017097,,4,2,9,4000,0,3,5,,2,004,"OSO FLACO LAKE RD","DIVISION STREET",3168.00,W,N,A,-,N,,,,,,,,,,N,4,0,2,2,A,-,03,22350,,N,B,C,A,A,H,-,A,D,0,,,,Y,Y,,D,22,0,0,2,0,0,0,0,0,0,"- ","- ",35.003360000000001,-120.54124,"SAN LUIS OBISPO",UNINCORPORATED,-120.54076136,35.00323349
90473250,2017,2017-06-07,9745,2017-06-06,1353,015144,,2,1,9,4000,0,3,5,,2,004,"NOYES RD","ORMONDE RD",1056.00,E,N,A,-,N,,,,,,,,,,Y,3,0,1,1,A,-,08,22107,,N,E,I,A,A,H,-,A,D,0,,,,,Y,,D,22,0,1,0,0,0,0,0,0,0,"- ","- ",35.162739999999999,-120.5864,"SAN LUIS OBISPO",UNINCORPORATED,-120.58649075,35.162315700000001
9047361,2020,2020-03-09,4002,2020-01-30,1527,478,,4,5,3,4002,0,0,0,,0,,"N OAK PARK BL","BRIGHTON AV",0.00,,Y,A,-,N,,,,,,,,,,N,4,0,1,2,A,-,03,22350,,N,C,C,A,A,H,-,A,D,0,,,,,Y,,A,08,0,0,1,0,0,0,0,0,0,"- ","- ",,,"SAN LUIS OBISPO","GROVER BEACH",-120.60897827148438,35.123359680175781
90475666,2017,2017-06-12,9740,2017-05-27,2300,019259,,6,3,4,4008,0,1,2,,2,001,"US-101 SOUTHBOUND","SANTA ROSA ROAD",2112.00,S,N,A,-,Y,,,101,,,,,,S,Y,3,0,2,1,A,-,08,22107,,N,E,I,A,A,H,-,D,D,0,,,,,Y,,D,22,0,2,0,0,0,0,0,0,0,"- ","- ",35.460999999999999,-120.6477,"SAN LUIS OBISPO",ATASCADERO,-120.64764681,35.461041860000002
90475678,2017,2017-06-12,9740,2017-05-29,1545,014543,,1,2,9,4000,0,1,3,,2,008,"SR-46 E/B","GRUENHAGEN FLAT RD.",7392.00,E,N,A,-,Y,,,46,,,,,,E,Y,4,0,9,2,A,-,03,22350,,N,C,C,A,A,H,-,A,D,0,,,,,Y,,A,07,0,0,9,0,0,0,0,0,0,"- ","- ",35.660249999999998,-120.45471999999999,"SAN LUIS OBISPO",UNINCORPORATED,-120.45472214999999,35.660291960000002
90476582,2017,2017-06-13,9740,2017-05-28,0947,014460,,7,1,9,4000,0,3,5,,2,017,"O'DONOVAN ROAD",SR-58,4224.00,S,N,A,-,N,,,,,,,,,,Y,3,0,1,2,A,-,08,22107,,N,H,G,A,A,H,-,A,D,0,,Y,,,Y,,A,01,0,1,0,0,0,0,1,0,0,"- ","- ",35.273499999999999,-120.29340000000001,"SAN LUIS OBISPO",UNINCORPORATED,-120.47908,35.451419999999999
9047797,2020,2020-06-08,4002,2020-02-05,2351,478,,3,5,3,4002,0,0,0,,0,,"200 N 11TH ST","RAMONA AV",0.00,,-,A,-,N,,,,,,,,,,Y,3,0,1,2,A,-,01,23152,F,N,B,E,A,A,H,-,C,D,0,,,,,Y,,A,01,0,1,0,0,0,0,0,0,0,"- ","- ",,,"SAN LUIS OBISPO","GROVER BEACH",-120.61768341064453,35.122451782226562
90479003,2017,2017-06-15,9745,2017-06-13,1640,017097,,2,2,9,4000,0,1,2,,2,303,"US-101 SB","HIGUERA ST",1584.00,S,N,A,-,Y,,,101,,,,,,S,N,4,0,1,2,A,-,03,22350,,N,C,C,A,A,H,-,A,D,0,,,,,Y,,A,01,0,0,1,0,0,0,0,0,0,"- ","- ",35.217640000000003,-120.6951,"SAN LUIS OBISPO",UNINCORPORATED,-120.69512674000001,35.217662199999999
90479749,2017,2017-06-16,9745,2017-06-10,1614,019809,,6,2,9,4000,0,3,5,,2,005,"DIVISION STREET","SEQUOIA LN",250.00,E,N,A,-,N,,,,,,,,,,Y,3,0,2,2,A,-,09,21801,A,N,D,C,A,A,H,-,A,D,0,,,,,Y,,A,01,0,1,1,0,0,0,0,0,0,"- ","- ",35.018450000000001,-120.49054,"SAN LUIS OBISPO",UNINCORPORATED,-120.49064443,35.018385719999998
90481243,2017,2017-09-18,9740,2017-05-09,2117,018995,,2,2,9,4000,0,1,3,,2,008,"SR-46 E/B","LUCY BROWN RD",1056.00,W,N,A,-,Y,,,46,,,,,,E,Y,1,1,2,3,A,-,08,22107,,N,D,C,A,A,H,-,D,D,0,,,,,Y,,A,01,1,0,1,0,0,0,0,0,0,"- ","- ",35.684159999999999,-120.33866,"SAN LUIS OBISPO",UNINCORPORATED,-120.33867418,35.68416972
90481254,2017,2017-06-19,9745,2017-06-11,1700,019809,,7,2,9,4000,0,1,2,,2,505,"US 101 N/B","WINEMAN RD",1162.00,N,N,A,-,Y,,,,,,,,,,N,4,0,1,2,A,-,07,21658,A,N,B,C,A,A,H,-,A,D,0,,,,,Y,,A,07,0,0,1,0,0,0,0,0,0,"- ","- ",35.005099999999999,-120.44175,"SAN LUIS OBISPO",UNINCORPORATED,,
90481309,2017,2017-06-19,9745,2017-06-14,0145,015734,,3,3,9,4000,0,3,5,,2,003,"HIGUERA STREET","OCTAGON WAY",75.00,S,N,A,-,N,,,,,,,,,,N,3,0,1,2,A,-,11,21954,A,N,G,B,E,A,H,-,D,D,0,Y,,,,Y,Y,N,60,0,1,0,0,1,0,0,0,0,"- ","- ",35.236919999999998,-120.68000000000001,"SAN LUIS OBISPO",UNINCORPORATED,-120.68009734,35.236851420000001
90483022,2017,2017-06-21,9750,2017-06-17,1315,018616,,6,1,9,4000,0,1,3,,1,063,SR-166,"SIERRA MADRE RD",2640.00,E,N,A,-,Y,,,166,,,,,,,Y,3,0,1,1,A,-,08,22107,,N,F,A,A,A,H,-,A,D,0,,,,,Y,,D,22,0,1,0,0,0,0,0,0,0,"- ","- ",35.109050000000003,-120.08141999999999,"SAN LUIS OBISPO",UNINCORPORATED,-120.08138438,35.109133569999997
90486509,2017,2017-06-23,9745,2017-06-17,1240,017144,,6,1,4,4006,0,1,2,,2,202,"US-101 SOUTHBOUND","CHORRO ST",40.00,N,N,A,-,Y,,,101,,,,,,S,N,3,0,1,1,A,-,08,22107,,N,F,A,A,A,H,-,A,D,0,,,Y,,Y,,C,02,0,1,0,0,0,0,0,0,1,"- ","- ",35.28436,-120.66672,"SAN LUIS OBISPO","SAN LUIS OBISPO",-120.6667423,35.284390289999997
90487068,2017,2017-06-26,9740,2017-06-14,1722,014622,,3,2,9,4000,0,1,2,,2,002,"US-101 SOUTHBOUND TO VINEYARD DRIVE","VINEYARD DRIVE",382.00,S,N,A,-,Y,,,101,,,,R,,S,Y,4,0,1,2,A,-,05,21460,A,N,A,C,A,A,H,-,A,D,0,,,,,Y,,A,01,0,0,1,0,0,0,0,0,0,"- ","- ",35.542430000000003,-120.71535,"SAN LUIS OBISPO",UNINCORPORATED,-120.71535,35.542430000000003
90487694,2017,2017-07-18,9745,2017-06-18,1600,019809,,7,2,3,4001,0,1,2,,2,402,"US 101 S/B","GRAND AVE",125.00,N,N,A,-,Y,,,,,,,,,,Y,4,0,1,4,A,-,03,22350,,N,C,C,A,A,H,-,A,D,0,,,,,Y,,A,01,0,0,1,0,0,0,0,0,0,"- ","- ",35.121479999999998,-120.58425,"SAN LUIS OBISPO","ARROYO GRANDE",,
90487701,2017,2017-06-26,9745,2017-06-18,0403,017968,,7,3,9,4000,0,1,3,,1,021,"SR-1 S/B","CHANEY AVENUE",10.00,S,N,A,-,Y,,,1,,,,,,S,Y,4,0,1,1,A,-,08,22107,,N,E,I,A,A,H,-,C,D,0,,,,,Y,,D,22,0,0,1,0,0,0,0,0,0,"- ","- ",35.420969999999997,-120.87748999999999,"SAN LUIS OBISPO",UNINCORPORATED,-120.87746147999999,35.420982780000003
90489758,2017,2017-06-28,9745,2017-06-21,1100,013531,,3,1,9,4000,0,1,2,,2,505,"US-101 SOUTHBOUND","EL CAMPO ROAD",0.00,,Y,A,-,Y,,,101,,,,,,S,Y,3,0,1,2,A,-,09,21802,A,N,D,C,A,A,H,-,A,D,0,,,,,Y,,A,08,0,1,0,0,0,0,0,0,0,"- ","- ",35.111170000000001,-120.56364000000001,"SAN LUIS OBISPO",UNINCORPORATED,-120.56363915,35.111172840000002
9049145,2020,2020-09-25,4008,2020-01-23,1846,2032,,4,5,4,4008,0,0,0,,0,,"MORRO RD","SAN GABRIEL RD",300.00,S,N,A,-,Y,SLO,5,41,-,-,14.150,H,-,N,Y,3,0,1,1,A,-,03,22350,,N,E,I,A,A,H,-,C,A,0,,,,,Y,,A,01,0,1,0,0,0,0,0,0,0,"- ","- ",35.462001800537109,-120.675048828125,"SAN LUIS OBISPO",ATASCADERO,-120.67623138427734,35.462169647216797
90494556,2017,2017-07-05,9745,2017-06-26,1210,017541,,1,1,9,4000,0,1,3,,1,041,SR-1,"OSO FLACO LAKE RD",0.00,,Y,A,-,Y,,,1,,,,,,,Y,2,0,5,3,A,-,09,21802,A,N,D,C,A,A,H,-,A,D,0,,,,,Y,,A,01,1,0,4,0,0,0,0,0,0,"- ","- ",35.011209999999998,-120.5673,"SAN LUIS OBISPO",UNINCORPORATED,-120.56739702,35.011250220000001
90495113,2017,2017-07-06,9745,2017-06-26,0328,020144,,1,3,9,4000,0,3,5,,2,005,"DIVISION STREET","LAS FLORES DR",680.00,S,N,A,-,N,,,,,,,,,,Y,3,0,1,1,A,-,03,22350,,N,E,I,A,A,H,-,D,D,0,,,,,Y,,A,01,0,1,0,0,0,0,0,0,0,"- ","- ",35.009520000000002,-120.49508,"SAN LUIS OBISPO",UNINCORPORATED,-120.49554437,35.008990879999999
90495995,2017,2017-07-07,9745,2017-06-27,1810,016002,,2,2,9,4000,0,1,2,,2,505,"US-101 SOUTHBOUND","TEFFT STREET",4752.00,S,N,A,-,Y,,,101,,,,,,S,Y,4,0,1,2,A,-,03,22350,,N,C,C,A,A,H,-,A,D,0,,,,,Y,,D,22,0,0,1,0,0,0,0,0,0,"- ","- ",35.026980000000002,-120.47409,"SAN LUIS OBISPO",UNINCORPORATED,-120.47409261,35.026977170000002
90496291,2017,2017-07-07,9745,2017-06-29,1650,017061,,4,2,9,4000,0,1,2,,2,303,"US-101 SOUTHBOUND","SAN LUIS BAY DR",800.00,N,N,A,-,Y,,,101,,,,,,S,Y,4,0,1,3,A,-,03,22350,,N,C,C,A,A,H,-,A,D,0,,,,,Y,,A,01,0,0,1,0,0,0,0,0,0,"- ","- ",35.203420000000001,-120.69712,"SAN LUIS OBISPO",UNINCORPORATED,-120.69723275,35.203435030000001
90496510,2017,2017-07-10,9740,2017-06-26,1215,015644,,1,1,9,4000,0,3,5,,2,019,"INDIAN VALLEY RD","VINEYARD CANYON RD",2112.00,N,N,A,-,N,,,,,,,,,,Y,4,0,2,2,A,-,09,21804,A,N,D,C,A,A,H,-,A,D,0,,,,,Y,,A,01,0,0,2,0,0,0,0,0,0,"- ","- ",35.776820000000001,-120.6983,"SAN LUIS OBISPO",UNINCORPORATED,-120.6981177,35.776710880000003
90496630,2017,2017-07-10,9740,2017-06-16,1548,017952,,5,2,4,4008,0,1,2,,2,002,"US-101 N/B","TRAFFIC WAY",200.00,S,N,A,-,Y,,,101,,,,,,N,N,4,0,3,5,A,-,03,22350,,N,C,C,A,A,H,-,A,D,0,,,,,Y,,A,01,0,0,3,0,0,0,0,0,0,"- ","- ",35.488039999999998,-120.66952000000001,"SAN LUIS OBISPO",ATASCADERO,-120.66955685000001,35.487974299999998
90496986,2017,2017-07-10,9740,2017-06-22,1855,013952,,4,2,3,4004,0,1,2,,2,003,"US 101 S/B FROM S. SPRING STREET","NIBLICK RD",1056.00,S,N,A,-,Y,,,,,,,,,,Y,4,0,3,4,A,-,03,22350,,N,C,C,A,A,H,-,A,D,0,,,,,Y,,A,07,0,0,3,0,0,0,0,0,0,"- ","- ",35.61121,-120.69164000000001,"SAN LUIS OBISPO","PASO ROBLES",-120.69058552,35.612703099999997
90497024,2017,2017-07-10,9740,2017-07-04,1220,013733,,2,1,9,4000,0,1,3,,2,007,SR-41,"CRIPPLE CREEK ROAD",7920.00,W,N,A,-,Y,,,41,,,,,,,Y,3,0,1,1,A,-,01,23152,A,N,E,I,A,A,H,-,A,D,0,,,,,Y,Y,A,01,0,1,0,0,0,0,0,0,0,"- ","- ",35.51764,-120.57725000000001,"SAN LUIS OBISPO",UNINCORPORATED,-120.57728022000001,35.517676969999997