CASE_ID,ACCIDENT_YEAR,PROC_DATE,JURIS,COLLISION_DATE,COLLISION_TIME,OFFICER_ID,REPORTING_DISTRICT,DAY_OF_WEEK,CHP_SHIFT,POPULATION,CNTY_CITY_LOC,SPECIAL_COND,BEAT_TYPE,CHP_BEAT_TYPE,CITY_DIVISION_LAPD,CHP_BEAT_CLASS,BEAT_NUMBER,PRIMARY_RD,SECONDARY_RD,DISTANCE,DIRECTION,INTERSECTION,WEATHER_1,WEATHER_2,STATE_HWY_IND,CALTRANS_COUNTY,CALTRANS_DISTRICT,STATE_ROUTE,ROUTE_SUFFIX,POSTMILE_PREFIX,POSTMILE,LOCATION_TYPE,RAMP_INTERSECTION,SIDE_OF_HWY,TOW_AWAY,COLLISION_SEVERITY,NUMBER_KILLED,NUMBER_INJURED,PARTY_COUNT,PRIMARY_COLL_FACTOR,PCF_CODE_OF_VIOL,PCF_VIOL_CATEGORY,PCF_VIOLATION,PCF_VIOL_SUBSECTION,HIT_AND_RUN,TYPE_OF_COLLISION,MVIW,PED_ACTION,ROAD_SURFACE,ROAD_COND_1,ROAD_COND_2,LIGHTING,CONTROL_DEVICE,CHP_ROAD_TYPE,PEDESTRIAN_ACCIDENT,BICYCLE_ACCIDENT,MOTORCYCLE_ACCIDENT,TRUCK_ACCIDENT,NOT_PRIVATE_PROPERTY,ALCOHOL_INVOLVED,STWD_VEHTYPE_AT_FAULT,CHP_VEHTYPE_AT_FAULT,COUNT_SEVERE_INJ,COUNT_VISIBLE_INJ,COUNT_COMPLAINT_PAIN,COUNT_PED_KILLED,COUNT_PED_INJURED,COUNT_BICYCLIST_KILLED,COUNT_BICYCLIST_INJURED,COUNT_MC_KILLED,COUNT_MC_INJURED,PRIMARY_RAMP,SECONDARY_RAMP,LATITUDE,LONGITUDE,COUNTY,CITY,POINT_X,POINT_Y
90497470,2017,2017-07-10,9745,2017-06-30,1839,016002,,5,2,9,4000,0,1,2,,2,505,"US-101 SOUTHBOUND","LOS BERROS RD",528.00,S,N,A,-,Y,,,101,,,,,,S,Y,4,0,1,3,A,-,03,22350,,N,C,C,A,A,H,-,A,D,0,,,,,Y,,A,01,0,0,1,0,0,0,0,0,0,"- ","- ",35.070120000000003,-120.51470999999999,"SAN LUIS OBISPO",UNINCORPORATED,-120.51479645000001,35.070042919999999
90498721,2017,2017-07-12,9740,2017-07-09,1330,016849,,7,1,9,4000,0,1,3,,2,005,SR-58,"SEVEN MILE ROAD",6336.00,E,N,A,-,Y,,,58,,,,,,,Y,3,0,1,1,C,-,18,,,N,F,A,A,A,H,-,A,D,0,,,,,Y,,-,"- ",0,1,0,0,0,0,0,0,0,"- ","- ",35.337249999999997,-119.84314999999999,"SAN LUIS OBISPO",UNINCORPORATED,-119.84311502,35.337253850000003
90499288,2017,2017-07-12,9740,2017-07-08,1840,016849,,6,2,4,4008,0,1,2,,2,001,"US-101 SOUTHBOUND","PORTOLA ROAD",321.00,N,N,A,-,Y,,,101,,,,,,S,Y,4,0,1,2,A,-,03,22350,,N,C,C,A,A,H,-,A,D,0,,,,,Y,,D,22,0,0,1,0,0,0,0,0,0,"- ","- ",35.46978,-120.6545,"SAN LUIS OBISPO",ATASCADERO,-120.65449704,35.469782309999999
90499884,2017,2017-07-13,9745,2017-07-06,2327,016514,,4,3,9,4000,0,1,3,,2,023,"SR-1 SOUTHBOUND","SAN BERNARDO CREEK",1584.00,S,N,A,-,Y,,,1,,,,,,S,Y,4,0,1,1,A,-,01,23152,A,N,E,I,A,A,H,-,D,D,0,,,,,Y,Y,A,01,0,0,1,0,0,0,0,0,0,"- ","- ",35.360399999999998,-120.8034,"SAN LUIS OBISPO",UNINCORPORATED,-120.80337913,35.360450110000002
90500188,2017,2017-07-13,9745,2017-07-04,2218,019809,,2,3,9,4000,0,2,4,,1,055,"TEFFT STREET","MESA RD",0.00,,Y,A,-,N,,,,,,,,,,Y,4,0,1,2,A,-,12,22450,A,N,D,C,A,A,H,-,C,A,0,,,,,Y,,A,01,0,0,1,0,0,0,0,0,0,"- ","- ",35.024679999999996,-120.49847,"SAN LUIS OBISPO",UNINCORPORATED,-120.49846989,35.024690020000001
90500944,2017,2017-07-14,9745,2017-07-07,0620,013531,,5,1,9,4000,0,1,2,,2,505,"US-101 NORTHBOUND","TEFFT STREET",2100.00,S,N,A,-,Y,,,101,,,,,,N,Y,4,0,1,1,A,-,08,22107,,N,F,A,A,A,H,-,A,D,0,,,,,Y,,A,01,0,0,1,0,0,0,0,0,0,"- ","- ",35.031590000000001,-120.47866,"SAN LUIS OBISPO",UNINCORPORATED,-120.47870983999999,35.031535920000003
90501100,2017,2017-07-14,9745,2017-07-11,0740,013212,,2,1,9,4000,0,1,3,,1,011,"SR-41 NORTHBOUND","CALLE LA PALTA",528.00,S,N,A,-,Y,,,41,,,,,,N,Y,4,0,1,1,A,-,08,22107,,N,E,I,A,A,H,-,A,D,0,,,,,Y,,A,01,0,0,1,0,0,0,0,0,0,"- ","- ",35.398479999999999,-120.82926999999999,"SAN LUIS OBISPO",UNINCORPORATED,-120.82929487,35.398528650000003
90502064,2017,2017-07-17,9745,2017-07-10,1655,020689,,1,2,9,4000,0,3,5,,2,004,"21ST STREET","BEACH ST",125.00,N,N,A,-,N,,,,,,,,,,N,4,0,2,2,A,-,09,21804,A,F,D,C,A,A,H,-,A,D,0,,,,,Y,,A,07,0,0,2,0,0,0,0,0,0,"- ","- ",35.099440000000001,-120.60908999999999,"SAN LUIS OBISPO",UNINCORPORATED,-120.60908999999999,35.099523359999999
90502312,2017,2017-07-17,9745,2017-07-15,1538,016714,,6,2,2,4003,0,1,3,,2,022,"SR-1, (CABRILLO HIGHWAY)","TORO CREEK RD.",1214.00,S,N,A,-,Y,,,1,,,,,,,Y,4,0,2,2,A,-,09,21804,A,N,D,C,A,A,H,-,A,D,0,,,,,Y,,A,01,0,0,2,0,0,0,0,0,0,"- ","- ",35.411490000000001,-120.87253,"SAN LUIS OBISPO","MORRO BAY",-120.87251938999999,35.411492819999999
90502537,2017,2017-07-18,9740,2017-07-12,1007,014465,,3,1,9,4000,0,3,5,,2,024,"MAIN ST","CAMBRIA DR",600.00,N,N,A,-,N,,,,,,,,,,Y,4,0,1,2,A,-,09,21804,A,N,B,C,A,A,H,-,A,D,0,,,,,Y,,A,01,0,0,1,0,0,0,0,0,0,"- ","- ",35.565130000000003,-121.09707,"SAN LUIS OBISPO",UNINCORPORATED,-121.09747388,35.56549115
90504026,2017,2017-07-19,9745,2017-07-18,1843,014713,,2,2,9,4000,0,3,5,,2,002,"FOOTHILL BLVD","LOS OSOS VALLEY RD",20.00,N,N,A,-,N,,,,,,,,,,N,4,0,2,2,A,-,03,22350,,N,C,C,A,A,H,-,A,A,0,,,,,Y,,A,01,0,0,2,0,0,0,0,0,0,"- ","- ",35.27664,-120.7116,"SAN LUIS OBISPO",UNINCORPORATED,-120.71159871,35.276668579999999
90504787,2017,2017-07-20,9745,2017-07-19,1642,016714,,3,2,9,4000,0,1,2,,2,303,"US-101 N/B","SAN LUIS BAY DR.",1109.00,N,N,A,-,Y,,,101,,,,,,N,Y,4,0,1,2,A,-,03,22350,,N,C,C,A,A,H,-,A,D,0,,,,,Y,,A,01,0,0,1,0,0,0,0,0,0,"- ","- ",35.199179999999998,-120.69792,"SAN LUIS OBISPO",UNINCORPORATED,-120.69800472999999,35.199212029999998
90505697,2017,2017-07-21,9745,2017-07-13,0245,016390,,4,3,9,4000,0,1,3,,1,040,"NOYES RD.",SR-227,0.00,,Y,A,-,N,,,,,,,,,,Y,3,0,1,1,A,-,01,23152,A,N,E,I,A,A,H,-,D,A,0,,,,,Y,Y,A,07,0,1,0,0,0,0,0,0,0,"- ","- ",35.168889999999998,-120.58231000000001,"SAN LUIS OBISPO",UNINCORPORATED,-120.58231997,35.168930039999999
90506602,2017,2017-07-24,9740,2017-07-16,1830,019259,,7,2,9,4000,0,3,5,,2,018,"CENTRE ST",SR-41,120.00,W,N,A,-,N,,,,,,,,,,Y,3,0,6,2,A,-,08,22107,,N,D,C,A,A,H,-,A,D,0,,,,,Y,,A,08,0,2,4,0,0,0,0,0,0,"- ","- ",35.655520000000003,-120.40027000000001,"SAN LUIS OBISPO",UNINCORPORATED,-120.41414,35.661389999999997
90507115,2017,2017-07-24,9745,2017-07-14,0249,017857,,5,3,4,4006,0,1,2,,1,101,"US-101 SOUTHBOUND","MONTEREY STREET",1056.00,N,N,B,-,Y,,,101,,,,,,S,Y,2,0,1,1,A,-,01,23152,A,N,E,I,A,A,H,-,D,D,0,,,,,Y,Y,A,07,1,0,0,0,0,0,0,0,0,"- ","- ",35.292610000000003,-120.64396000000001,"SAN LUIS OBISPO","SAN LUIS OBISPO",-120.64398154,35.292644500000002
90507515,2017,2017-07-25,9740,2017-07-23,1435,016849,,7,2,9,4000,0,1,2,,2,002,"US-101 NORTHBOUND","SANTA CRUZ ROAD",701.00,N,N,A,-,Y,,,101,,,,,,N,Y,4,0,2,2,A,-,03,22350,,N,C,C,A,A,H,-,A,D,0,,,,,Y,,D,22,0,0,2,0,0,0,0,0,0,"- ","- ",35.525700000000001,-120.7041,"SAN LUIS OBISPO",UNINCORPORATED,-120.70413935000001,35.52569261
90507630,2017,2017-07-25,9750,2017-07-22,0613,019656,,6,1,9,4000,0,1,3,,2,061,SR-166,"OF MPM 166 SR 16.00",3.00,W,N,B,-,Y,,,166,,,,,,,Y,3,0,2,1,A,-,08,22107,,N,E,I,A,A,H,-,A,D,0,,,,,Y,,A,01,0,2,0,0,0,0,0,0,0,"- ","- ",35.016779999999997,-120.33038000000001,"SAN LUIS OBISPO",UNINCORPORATED,-120.33041614,35.016815739999998
90508493,2017,2017-07-26,9745,2017-07-16,2230,017238,,7,3,4,4006,0,3,5,,2,004,"1836 HUASNA  ROAD","LOPEZ DR",1584.00,W,N,A,-,N,,,,,,,,,,Y,2,0,1,1,A,-,01,23152,A,N,E,I,A,A,H,-,D,D,0,,,,,Y,Y,A,01,1,0,0,0,0,0,0,0,0,"- ","- ",35.136710000000001,-120.54899,"SAN LUIS OBISPO","SAN LUIS OBISPO",-120.55027231,35.135874979999997
90508597,2017,2017-07-26,9740,2017-07-15,1605,018995,,6,2,9,4000,0,1,3,,2,011,SR-46,"BETHEL RD",0.00,,Y,A,-,Y,,,46,,,,,,,Y,2,0,3,2,A,-,03,22350,,N,C,C,A,A,H,-,A,D,0,,,,,Y,,A,07,2,1,0,0,0,0,0,0,0,"- ","- ",35.580210000000001,-120.71975,"SAN LUIS OBISPO",UNINCORPORATED,-120.71975886,35.580221000000002
90509027,2017,2017-07-26,9745,2017-07-14,0251,017857,,5,3,4,4006,0,1,2,,1,101,"US-101 NORTHBOUND","MONTERERY STREET",1056.00,N,N,B,-,Y,,,101,,,,,,N,Y,4,0,1,2,C,-,18,,,N,C,C,A,A,C,-,D,D,0,,,,,Y,Y,-,"- ",0,0,1,0,0,0,0,0,0,"- ","- ",35.29233,-120.64437,"SAN LUIS OBISPO","SAN LUIS OBISPO",-120.64435588000001,35.29230184
90509082,2017,2017-07-26,9745,2017-07-15,2238,017857,,6,3,9,4000,0,1,2,,2,505,"US-101 NORTHBOUND","TEFFT STREET",1584.00,S,N,A,-,Y,,,101,,,,,,N,Y,3,0,1,2,A,-,03,22350,,N,C,C,A,A,H,-,D,D,0,,,,,Y,,A,01,0,1,0,0,0,0,0,0,0,"- ","- ",35.026319999999998,-120.47298000000001,"SAN LUIS OBISPO",UNINCORPORATED,-120.47302182,35.026274780000001
90510322,2017,2017-07-27,9745,2017-07-21,1805,020144,,5,2,9,4000,0,1,2,,2,505,"US-101 SOUTHBOUND","LOS BERROS RD",1200.00,S,N,A,-,Y,,,101,,,,,,S,Y,4,0,1,4,A,-,03,22350,,N,C,C,A,A,H,-,A,D,0,,,,,Y,,D,22,0,0,1,0,0,0,0,0,0,"- ","- ",35.068660000000001,-120.51353,"SAN LUIS OBISPO",UNINCORPORATED,-120.51354763000001,35.068644249999998
9051037,2020,2020-05-20,4008,2020-02-14,1245,2133,,5,5,4,4008,0,0,0,,0,,"EL CAMINO REAL","CURBARIL AV",0.00,,Y,A,-,N,,,,,,,,,,N,4,0,1,2,A,-,03,22350,,N,C,C,A,A,H,-,A,A,0,,,,,Y,,D,22,0,0,1,0,0,0,0,0,0,"- ","- ",35.477569580078125,-120.65640258789062,"SAN LUIS OBISPO",ATASCADERO,-120.65627288818359,35.477519989013672
9051174,2020,2020-05-22,4008,2020-02-21,0935,2030,,5,5,4,4008,0,0,0,,0,,"EL CAMINO REAL","PALOMAR AV",74.00,N,N,A,-,N,,,,,,,,,,Y,4,0,1,2,A,-,03,22350,,N,C,C,A,A,H,-,A,A,0,,,,,Y,,A,01,0,0,1,0,0,0,0,0,0,"- ","- ",35.474838256835938,-120.65448760986328,"SAN LUIS OBISPO",ATASCADERO,-120.65475463867188,35.475067138671875
9051178,2020,2020-05-22,4008,2020-02-07,1652,2030,,5,5,4,4008,0,0,0,,0,,"EL CAMINO REAL",MORRO,667.00,S,N,A,-,N,,,,,,,,,,Y,3,0,2,3,A,-,09,21804,A,N,D,C,A,A,H,-,A,D,0,,,,,Y,,A,01,0,1,1,0,0,0,0,0,0,"- ",NF,35.485130310058594,-120.66352844238281,"SAN LUIS OBISPO",ATASCADERO,-120.66329193115234,35.484077453613281
90513431,2017,2017-07-31,9740,2017-07-28,0008,017952,,5,3,9,4000,0,1,3,,2,007,SR-41,"VIA VISTA WAY",2112.00,S,N,A,-,Y,,,41,,,,,,,Y,4,0,1,2,A,-,05,21460,A,N,B,C,A,A,H,-,D,D,0,,,,Y,Y,,G,25,0,0,1,0,0,0,0,0,0,"- ","- ",35.510309999999997,-120.62352,"SAN LUIS OBISPO",UNINCORPORATED,-120.62361172999999,35.510301310000003
90513574,2017,2017-08-01,9740,2017-07-26,1950,014543,,3,2,9,4000,0,3,5,,2,017,"TEMPLETON RD","BLUE BIRD HILL LN",792.00,S,N,A,-,N,,,,,,,,,,N,2,0,1,1,A,-,01,23152,A,N,F,I,A,A,H,-,A,D,0,,,Y,,Y,Y,C,02,1,0,0,0,0,0,0,0,1,"- ","- ",35.51285,-120.65376999999999,"SAN LUIS OBISPO",UNINCORPORATED,-120.65397949,35.513293969999999
90514559,2017,2017-08-02,9740,2017-07-23,1235,013133,,7,1,9,4000,0,1,3,,2,007,SR-41,"VIA VISTA WAY",0.00,,N,A,-,Y,,,41,,,,,,,N,2,0,1,1,A,-,03,22350,,N,E,I,A,A,H,-,A,A,0,,,Y,,Y,,C,02,1,0,0,0,0,0,0,0,1,"- ","- ",35.510330000000003,-120.62354000000001,"SAN LUIS OBISPO",UNINCORPORATED,-120.62361378,35.51032301
90515940,2017,2017-08-03,9745,2017-07-29,1810,020689,,6,2,9,4000,0,1,2,,2,404,"US-101 SOUTHBOUND","MATTIE RD",3696.00,N,N,A,-,Y,,,101,,,,,,S,Y,4,0,1,3,A,-,03,22350,,N,C,C,A,A,H,-,A,D,0,,,,,Y,,A,01,0,0,1,0,0,0,0,0,0,"- ","- ",35.157049999999998,-120.66943999999999,"SAN LUIS OBISPO",UNINCORPORATED,-120.66951474,35.156859609999998
90516237,2017,2017-08-03,9745,2017-07-28,0922,017144,,5,1,9,4000,0,1,3,,2,023,"SR-1 NORTHBOUND","CANET RD",2112.00,N,N,A,-,Y,,,1,,,,,,N,Y,3,0,1,1,A,-,08,22107,,N,E,I,A,A,H,-,A,D,0,,,,,Y,,A,01,0,1,0,0,0,0,0,0,0,"- ","- ",35.35651,-120.79147,"SAN LUIS OBISPO",UNINCORPORATED,-120.79146073,35.356544829999997
90516458,2017,2017-08-04,9745,2017-07-26,2250,014910,,3,3,4,4006,0,1,2,,2,202,"US-101 SOUTHBOUND","MADONNA ROAD",528.00,S,N,A,-,Y,,,101,,,,,,S,Y,4,0,1,1,A,-,08,22107,,N,E,I,A,A,H,-,C,D,0,,,,,Y,,A,01,0,0,1,0,0,0,0,0,0,"- ","- ",35.261609999999997,-120.67350999999999,"SAN LUIS OBISPO","SAN LUIS OBISPO",-120.67361166000001,35.261603919999999
90516845,2017,2017-08-04,9745,2017-08-03,1625,016714,,4,2,4,4006,0,1,2,,2,202,"US-101 S/B","MARSH ST.",686.00,N,N,A,-,Y,,,101,,,,,,S,Y,4,0,1,2,A,-,03,22350,,N,C,C,A,A,H,-,A,D,0,,,Y,,Y,,C,02,0,0,1,0,0,0,0,0,1,"- ","- ",35.275669999999998,-120.67099,"SAN LUIS OBISPO","SAN LUIS OBISPO",-120.67106274,35.275694260000002
90516943,2017,2017-08-04,9745,2017-08-02,2150,016514,,3,2,9,4000,0,2,4,,1,046,"PRICE CANYON RD","SELMA ST",638.00,E,N,A,-,N,,,,,,,,,,Y,3,0,1,1,A,-,01,23152,A,N,E,I,A,A,H,-,D,D,0,,,,,Y,Y,A,01,0,1,0,0,0,0,0,0,0,"- ","- ",35.148620000000001,-120.63488,"SAN LUIS OBISPO",UNINCORPORATED,-120.63495398000001,35.148648139999999
90517870,2017,2017-08-07,9740,2017-07-20,1320,013952,,4,1,9,4000,0,2,4,,2,012,"NACIMIENTO LAKE DR","FRAZIER RD",3696.00,W,N,A,-,N,,,,,,,,,,Y,4,0,1,1,A,-,01,23152,A,N,E,I,A,A,H,-,A,A,0,,,,,Y,Y,A,01,0,0,1,0,0,0,0,0,0,"- ","- ",35.71105,-120.83454,"SAN LUIS OBISPO",UNINCORPORATED,-120.83370592999999,35.710772839999997
9051798,2020,2020-04-14,4004,2020-02-11,1701,1208,,2,5,3,4004,0,0,0,,0,,"RIVERSIDE AV","10TH ST",368.00,S,N,A,-,N,,,,,,,,,,Y,4,0,1,2,A,-,09,21804,A,N,D,C,A,A,H,-,A,D,0,,,,,Y,,A,07,0,0,1,0,0,0,0,0,0,"- ","- ",35.624820709228516,-120.68675231933594,"SAN LUIS OBISPO","PASO ROBLES",-120.68666839599609,35.623813629150391
90518029,2017,2017-08-07,9745,2017-08-02,0130,014713,,3,3,9,4000,0,3,5,,2,005,"ORCHARD AVE","THEODORA ST",0.00,,Y,A,-,N,,,,,,,,,,Y,3,0,1,1,A,-,01,23152,G,N,E,I,A,A,H,-,D,D,0,,,,,Y,Y,A,01,0,1,0,0,0,0,0,0,0,"- ","- ",35.028019999999998,-120.49406,"SAN LUIS OBISPO",UNINCORPORATED,-120.49400992,35.027930019999999
90518161,2017,2017-08-07,9745,2017-07-28,1825,019809,,5,2,9,4000,0,1,2,,2,303,"US 101 S/B","AVILA BEACH DRIVE",106.00,S,N,A,-,Y,,,,,,,,,,Y,3,0,3,3,A,-,03,22350,,N,C,C,A,A,H,-,A,D,0,,,,,Y,,A,01,0,1,2,0,0,0,0,0,0,"- ","- ",35.179259999999999,-120.69897,"SAN LUIS OBISPO",UNINCORPORATED,,
90518202,2017,2017-08-07,9745,2017-07-30,1445,019809,,7,2,9,4000,0,2,4,,1,052,"THOMPSON AVE","HELEN WAY",580.00,N,N,A,-,N,,,,,,,,,,N,4,0,1,2,A,-,03,22350,,M,C,C,A,A,H,-,A,D,0,,,,,Y,,A,01,0,0,1,0,0,0,0,0,0,"- ","- ",35.012630000000001,-120.44689,"SAN LUIS OBISPO",UNINCORPORATED,-120.44684529,35.012650829999998
90518735,2017,2017-08-08,9745,2017-07-30,0215,014910,,7,3,9,4000,0,3,5,,2,001,"TV TOWER RD",US-101,7392.00,W,N,A,-,N,,,,,,,,,,Y,3,0,2,1,A,-,08,22107,,N,F,A,A,A,H,-,D,D,0,,,,,Y,,A,01,0,2,0,0,0,0,0,0,0,"- ","- ",35.346299999999999,-120.64409999999999,"SAN LUIS OBISPO",UNINCORPORATED,-120.6440556,35.346316080000001
90519189,2017,2017-08-08,9740,2017-07-27,1005,015644,,4,1,9,4000,0,1,3,,1,014,"SR-1 N/B","HARMONY VALLEY RD",1056.00,N,N,A,-,Y,,,,,,,,,,N,2,0,1,1,A,-,03,22350,,N,E,J,A,A,D,-,D,A,0,,Y,,,Y,,L,04,1,0,0,0,0,0,1,0,0,"- ","- ",,,"SAN LUIS OBISPO",UNINCORPORATED,-121.0249206,35.508950130000002
90519968,2017,2017-08-09,9745,2017-08-02,1640,016390,,3,2,2,4005,0,1,2,,2,404,"US-101 N/B","4TH STREET",1584.00,N,N,A,-,Y,,,101,,,,,,N,Y,4,0,2,4,A,-,03,22350,,N,C,C,A,A,H,-,A,D,0,,,,,Y,,A,01,0,0,2,0,0,0,0,0,0,"- ","- ",35.137630000000001,-120.62793000000001,"SAN LUIS OBISPO","PISMO BEACH",-120.62791423,35.137703000000002
90520021,2017,2017-08-09,9745,2017-08-02,1703,017817,,3,2,9,4000,0,3,5,,2,004,"HUASNA RD.","CHRISTINE LOOMIS DR.",1250.00,W,N,A,-,N,,,,,,,,,,Y,3,0,2,1,A,-,08,22107,,N,E,I,A,A,H,-,A,D,0,,,,,Y,,A,07,0,1,1,0,0,0,0,0,0,"- ","- ",35.131570000000004,-120.42502,"SAN LUIS OBISPO",UNINCORPORATED,-120.42692615999999,35.132720630000001
90523645,2017,2017-08-15,9745,2017-08-08,1200,013212,,2,1,9,4000,0,2,4,,1,055,"TEFFT STREET","US-101 NORTHBOUND",70.00,W,N,A,-,N,,,,,,,,,,N,4,0,1,2,A,-,03,22350,,N,C,C,A,A,H,-,A,D,0,,,,,Y,,A,07,0,0,1,0,0,0,0,0,0,"- ","- ",35.036740000000002,-120.48482,"SAN LUIS OBISPO",UNINCORPORATED,-120.48491885999999,35.036686690000003
90523653,2017,2017-08-15,9745,2017-08-08,1615,017151,,2,2,9,4000,0,2,4,,1,052,"THOMPSON AVE","US-101 NORTHBOUND",0.00,,Y,A,-,N,,,,,,,,,,Y,4,0,1,2,A,-,09,21802,A,N,D,C,A,A,H,-,A,D,0,,,,,Y,,A,01,0,0,1,0,0,0,0,0,0,"- ","- ",35.072069999999997,-120.51487,"SAN LUIS OBISPO",UNINCORPORATED,-120.51487,35.072069999999997
90523662,2017,2017-08-15,9745,2017-08-09,1113,015144,,3,1,9,4000,0,3,5,,2,003,"SQUIRE CANYON RD","SQUIRE OAKS LN",2640.00,E,N,A,-,N,,,,,,,,,,N,2,0,1,1,A,-,03,22350,,N,F,A,A,A,H,-,A,D,0,,Y,,,Y,,L,04,1,0,0,0,0,0,1,0,0,"- ","- ",35.193809999999999,-120.67476000000001,"SAN LUIS OBISPO",UNINCORPORATED,-120.67489999999999,35.193519999999999
90524021,2017,2017-08-15,9740,2017-08-04,2045,018069,,5,2,9,4000,0,3,5,,2,024,"MAIN STREET","CORNWALL STREET",1.00,S,N,A,-,N,,,,,,,,,,Y,4,0,1,3,A,-,01,23152,A,M,B,E,A,A,H,-,C,D,0,,,,,Y,Y,A,01,0,0,1,0,0,0,0,0,0,"- ","- ",35.566249999999997,-121.09867,"SAN LUIS OBISPO",UNINCORPORATED,-121.10108713,35.567968569999998
90524649,2017,2017-08-16,9745,2017-08-12,0545,017930,,6,3,9,4000,0,1,2,,2,505,"US-101 SOUTHBOUND","TEFFT STREET",1584.00,S,N,B,-,Y,,,101,,,,,,S,Y,3,0,1,1,A,-,08,22107,,N,E,I,A,A,H,-,D,D,0,,,,,Y,Y,A,07,0,1,0,0,0,0,0,0,0,"- ","- ",35.03349,-120.48151,"SAN LUIS OBISPO",UNINCORPORATED,-120.48134100999999,35.033673090000001
90524670,2017,2017-08-16,9745,2017-08-11,1610,017857,,5,2,4,4006,0,1,2,,1,101,"US-101 SOUTHBOUND","MADONNA RD",78.00,S,N,A,-,Y,,,101,,,,,,S,Y,4,0,1,3,A,-,03,22350,,N,C,C,A,A,H,-,A,D,0,,,,,Y,,D,22,0,0,1,0,0,0,0,0,0,"- ","- ",35.265810000000002,-120.67361,"SAN LUIS OBISPO","SAN LUIS OBISPO",-120.67364611000001,35.265814880000001
90524684,2017,2017-08-16,9745,2017-08-11,1715,016714,,5,2,4,4006,0,1,2,,2,202,"US-101 N/B","BUENA VISTA AVE.",492.00,N,N,A,-,Y,,,101,,,,,,N,Y,4,0,2,2,A,-,03,22350,,N,C,C,A,A,H,-,A,D,0,,,,,Y,,D,22,0,0,2,0,0,0,0,0,0,"- ","- ",35.291789999999999,-120.64686,"SAN LUIS OBISPO","SAN LUIS OBISPO",-120.64685535,35.291668059999999
90525796,2017,2017-08-17,9745,2017-08-17,0748,014996,,4,1,9,4000,0,1,2,,1,101,US-101,"TASSAJARA CREEK ROAD",1056.00,N,N,A,-,Y,,,101,,,,,,,Y,4,0,1,1,A,-,08,22107,,N,E,I,A,A,H,-,A,D,0,,,,,Y,,A,01,0,0,1,0,0,0,0,0,0,"- ","- ",35.374270000000003,-120.63867,"SAN LUIS OBISPO",UNINCORPORATED,-120.63868603,35.374284580000001
90527350,2017,2017-08-21,9740,2017-08-17,2143,014543,,4,2,9,4000,0,1,2,,2,004,"US-101 NORTHBOUND","N. SPRING ST.",2112.00,N,N,A,-,Y,,,101,,,,,,N,Y,4,0,1,1,A,-,08,22107,,N,E,I,A,A,H,-,C,D,0,,,,,Y,,A,07,0,0,1,0,0,0,0,0,0,"- ","- ",35.658619999999999,-120.69794,"SAN LUIS OBISPO",UNINCORPORATED,-120.69803529000001,35.65862173
90528337,2017,2017-11-07,9750,2017-08-14,0420,020511,,1,3,9,4000,0,1,3,,2,061,SR-166,"SUEY RD",5280.00,E,N,B,E,Y,,,166,,,,,,,Y,3,0,2,2,A,-,08,22107,,N,A,C,A,A,H,-,D,D,0,,,,,Y,,A,01,0,2,0,0,0,0,0,0,0,"- ","- ",35.017159999999997,-120.35029,"SAN LUIS OBISPO",UNINCORPORATED,-120.35029436000001,35.017106720000001
90528698,2017,2017-08-22,9740,2017-08-16,0545,014465,,3,3,9,4000,0,3,5,,2,018,"LINNE RD","PENMAN SPRINGS RD",1584.00,W,N,B,-,N,,,,,,,,,,N,3,0,1,1,C,-,18,,,N,H,H,A,A,H,-,D,D,0,,,Y,,Y,,-,"- ",0,1,0,0,0,0,0,0,1,"- ","- ",35.609490000000001,-120.61494,"SAN LUIS OBISPO",UNINCORPORATED,-120.61452434,35.609369800000003
90529881,2017,2017-08-24,9740,2017-08-12,1900,018069,,6,2,9,4000,0,2,4,,2,012,"NACIMIENTO LAKE DRIVE","FRAZIER ROAD",528.00,S,N,A,-,N,,,,,,,,,,Y,3,0,1,1,A,-,01,23152,A,N,E,I,A,A,H,-,A,D,0,,,,,Y,Y,A,01,0,1,0,0,0,0,0,0,0,"- ","- ",35.707720000000002,-120.82078,"SAN LUIS OBISPO",UNINCORPORATED,-120.82101941000001,35.707673630000002
90534300,2017,2017-08-25,9745,2017-07-12,2202,016514,,3,3,9,4000,0,3,5,,2,002,"FOOTHILL BLVD","O'CONNOR WAY",366.00,S,N,A,-,N,,,,,,,,,,Y,1,1,0,2,A,-,11,21954,A,N,G,B,E,A,H,-,D,D,0,Y,,,,Y,,N,60,0,0,0,1,0,0,0,0,0,"- ","- ",35.280999999999999,-120.7089,"SAN LUIS OBISPO",UNINCORPORATED,-120.70906089,35.280810459999998