CASE_ID,ACCIDENT_YEAR,PROC_DATE,JURIS,COLLISION_DATE,COLLISION_TIME,OFFICER_ID,REPORTING_DISTRICT,DAY_OF_WEEK,CHP_SHIFT,POPULATION,CNTY_CITY_LOC,SPECIAL_COND,BEAT_TYPE,CHP_BEAT_TYPE,CITY_DIVISION_LAPD,CHP_BEAT_CLASS,BEAT_NUMBER,PRIMARY_RD,SECONDARY_RD,DISTANCE,DIRECTION,INTERSECTION,WEATHER_1,WEATHER_2,STATE_HWY_IND,CALTRANS_COUNTY,CALTRANS_DISTRICT,STATE_ROUTE,ROUTE_SUFFIX,POSTMILE_PREFIX,POSTMILE,LOCATION_TYPE,RAMP_INTERSECTION,SIDE_OF_HWY,TOW_AWAY,COLLISION_SEVERITY,NUMBER_KILLED,NUMBER_INJURED,PARTY_COUNT,PRIMARY_COLL_FACTOR,PCF_CODE_OF_VIOL,PCF_VIOL_CATEGORY,PCF_VIOLATION,PCF_VIOL_SUBSECTION,HIT_AND_RUN,TYPE_OF_COLLISION,MVIW,PED_ACTION,ROAD_SURFACE,ROAD_COND_1,ROAD_COND_2,LIGHTING,CONTROL_DEVICE,CHP_ROAD_TYPE,PEDESTRIAN_ACCIDENT,BICYCLE_ACCIDENT,MOTORCYCLE_ACCIDENT,TRUCK_ACCIDENT,NOT_PRIVATE_PROPERTY,ALCOHOL_INVOLVED,STWD_VEHTYPE_AT_FAULT,CHP_VEHTYPE_AT_FAULT,COUNT_SEVERE_INJ,COUNT_VISIBLE_INJ,COUNT_COMPLAINT_PAIN,COUNT_PED_KILLED,COUNT_PED_INJURED,COUNT_BICYCLIST_KILLED,COUNT_BICYCLIST_INJURED,COUNT_MC_KILLED,COUNT_MC_INJURED,PRIMARY_RAMP,SECONDARY_RAMP,LATITUDE,LONGITUDE,COUNTY,CITY,POINT_X,POINT_Y
90534877,2017,2017-08-28,9740,2017-08-11,1800,019259,,5,2,9,4000,0,3,5,,2,022,"4TH ST","MAPLE STREET",800.00,W,N,A,-,N,,,,,,,,,,N,3,0,1,2,A,-,05,21650,,N,A,C,A,A,H,-,A,D,0,,,Y,,Y,,C,02,0,1,0,0,0,0,0,0,1,"- ","- ",35.617780000000003,-120.70081,"SAN LUIS OBISPO",UNINCORPORATED,-120.70070968,35.617819939999997
90535092,2017,2017-08-28,9740,2017-08-22,1925,017952,,2,2,9,4000,0,1,3,,2,005,SR-58,"NAVAJO CREEK RD",8448.00,E,N,A,-,Y,,,58,,,,,,,Y,2,0,1,1,A,-,08,22107,,N,E,I,A,A,H,-,B,D,0,,,,,Y,,D,22,1,0,0,0,0,0,0,0,0,"- ","- ",35.403419999999997,-120.20923999999999,"SAN LUIS OBISPO",UNINCORPORATED,-120.20924306000001,35.403403050000001
90535470,2017,2017-08-28,9745,2017-08-21,0155,020229,,1,3,9,4000,0,1,2,,2,505,"US-101 SOUTHBOUND","GRANDE ST",250.00,S,N,A,-,Y,,,101,,,,,,S,Y,4,0,1,1,A,-,08,22107,,N,E,I,A,A,H,-,D,D,0,,,,,Y,,A,01,0,0,1,0,0,0,0,0,0,"- ","- ",35.031460000000003,-120.47924,"SAN LUIS OBISPO",UNINCORPORATED,-120.47910362,35.031607600000001
90535557,2017,2017-08-28,9745,2017-08-23,0819,016773,,3,1,4,4006,0,3,5,,2,003,"HIGUERA ST","US-101 NORTHBOUND",1584.00,N,N,B,-,N,,,,,,,,,,Y,4,0,1,1,C,-,18,,,N,E,I,A,A,H,-,A,D,0,,,,,Y,,-,"- ",0,0,1,0,0,0,0,0,0,"- ","- ",35.22907,-120.69073,"SAN LUIS OBISPO","SAN LUIS OBISPO",-120.6914,35.224110000000003
90535834,2017,2017-08-29,9740,2017-08-25,1625,017952,,5,2,9,4000,0,3,5,,2,019,"MONTEREY RD.","EXLINE RD",1056.00,N,N,A,-,N,,,,,,,,,,N,4,0,1,2,A,-,09,21801,A,N,D,C,A,A,H,-,A,D,0,,,,,Y,,A,01,0,0,1,0,0,0,0,0,0,"- ","- ",35.685989999999997,-120.69476,"SAN LUIS OBISPO",UNINCORPORATED,-120.69490617,35.685413029999999
90538833,2017,2017-09-01,9745,2017-08-29,1028,013531,,2,1,9,4000,0,1,2,,2,505,"US-101 NORTHBOUND","HEMI ROAD",0.00,,Y,A,-,Y,,,101,,,,,,N,Y,4,0,2,2,A,-,03,22350,,N,C,C,A,A,H,-,A,D,0,,,,,Y,,A,01,0,0,2,0,0,0,0,0,0,"- ","- ",35.084240000000001,-120.53051000000001,"SAN LUIS OBISPO",UNINCORPORATED,-120.53036149,35.084386350000003
90539843,2017,2017-09-04,9750,2017-08-23,1542,017496,,3,2,9,4000,0,1,3,,2,061,"SR-166 E/B","ALAMO CREEK RD",15840.00,E,N,A,-,Y,,,166,,,,,,E,Y,2,0,2,1,A,-,08,22107,,N,F,A,A,A,H,-,A,D,0,,,,Y,Y,,F,26,1,0,1,0,0,0,0,0,0,"- ","- ",35.029269999999997,-120.24675000000001,"SAN LUIS OBISPO",UNINCORPORATED,-120.24678206999999,35.02920949
90540730,2017,2017-09-05,9745,2017-09-03,1350,017930,,7,1,9,4000,0,1,3,,1,040,SR-227,"SHANNON LN",170.00,N,N,A,-,Y,,,227,,,,,,,Y,3,0,1,1,A,-,08,22107,,N,E,I,A,A,H,-,A,D,0,,,,,Y,,A,01,0,1,0,0,0,0,0,0,0,"- ","- ",35.151330000000002,-120.57343,"SAN LUIS OBISPO",UNINCORPORATED,-120.57347359000001,35.151327180000003
90541030,2017,2017-09-05,9750,2017-08-25,0630,016874,,5,1,9,4000,0,1,3,,1,063,"SR-166 W/B","COTTONWOOD CANYON ROAD",21120.00,W,N,A,-,Y,,,166,,,,,,W,Y,4,0,1,1,A,-,08,22107,,N,F,I,A,A,H,-,B,D,0,,,,,Y,,A,08,0,0,1,0,0,0,0,0,0,"- ","- ",35.060450000000003,-119.95401,"SAN LUIS OBISPO",UNINCORPORATED,-119.95412942999999,35.060890980000003
90541073,2017,2017-09-05,9740,2017-09-02,1210,018995,,6,1,9,4000,0,3,5,,2,022,"VINEYARD DR","JENSEN RD",360.00,S,N,A,-,N,,,,,,,,,,N,3,0,2,1,C,-,18,,,N,F,A,A,A,B,-,A,D,0,,,Y,,Y,,-,"- ",0,2,0,0,0,0,0,0,2,"- ","- ",35.597200000000001,-120.83177000000001,"SAN LUIS OBISPO",UNINCORPORATED,-120.83179118,35.597205979999998
90541809,2017,2017-09-06,9745,2017-09-05,0940,014713,,2,1,9,4000,0,3,5,,2,003,"TANK FARM ROAD","OLD WINDMILL LANE",1584.00,E,N,A,-,N,,,,,,,,,,Y,4,0,1,2,A,-,03,22350,,N,C,C,A,A,H,-,A,D,0,,,,,Y,,A,01,0,0,1,0,0,0,0,0,0,"- ","- ",35.246830000000003,-120.66157,"SAN LUIS OBISPO",UNINCORPORATED,-120.66157,35.246830000000003
90541875,2017,2017-09-06,9745,2017-09-06,0840,016068,,3,1,9,4000,0,1,3,,2,023,"SR-1 NORTHBOUND","KANSAS AVE",528.00,S,N,B,-,Y,,,1,,,,,,N,Y,4,0,1,1,A,-,08,22107,,N,E,I,A,A,H,-,A,D,0,,,,,Y,,A,01,0,0,1,0,0,0,0,0,0,"- ","- ",35.3202,-120.7141,"SAN LUIS OBISPO",UNINCORPORATED,-120.71410949,35.320170490000002
90542869,2017,2017-09-07,9740,2017-09-04,1656,014622,,1,2,9,4000,0,3,5,,2,024,"NEWTON DRIVE","RAMSEY ROAD",126.00,W,N,B,-,N,,,,,,,,,,Y,3,0,1,3,A,-,01,23152,A,N,B,E,A,A,C,-,A,D,0,,,Y,,Y,Y,C,06,0,1,0,0,0,0,0,0,1,"- ","- ",35.555570000000003,-121.0843,"SAN LUIS OBISPO",UNINCORPORATED,-121.0841681,35.555522750000002
90543628,2017,2017-09-08,9745,2017-09-02,1210,017968,,6,1,2,4005,0,1,2,,2,404,"US-101 N/B","SPYGLASS DRIVE",300.00,S,N,A,-,Y,,,101,,,,,,N,N,4,0,1,2,A,-,03,22350,,N,C,C,A,A,H,-,A,D,0,,,,,Y,,A,07,0,0,1,0,0,0,0,0,0,"- ","- ",35.164079999999998,-120.68652,"SAN LUIS OBISPO","PISMO BEACH",-120.68662767000001,35.163913719999996
90544471,2017,2017-09-11,9740,2017-09-04,1723,015854,,1,2,3,4004,0,1,2,,2,003,"US-101 SOUTHBOUND","13TH ST",528.00,S,N,B,-,Y,,,101,,,,,,S,N,4,0,3,2,A,-,07,21658,A,N,C,C,A,A,H,-,A,D,0,,,,,Y,,A,01,0,0,3,0,0,0,0,0,0,"- ","- ",35.626280000000001,-120.68662,"SAN LUIS OBISPO","PASO ROBLES",-120.68657498,35.626284169999998
90547180,2017,2017-09-13,9745,2017-09-06,0810,017857,,3,1,9,4000,0,1,2,,2,505,"US-101 NORTHBOUND","TEFFT STREET",2640.00,N,N,A,-,Y,,,101,,,,,,N,Y,4,0,1,2,A,-,03,22350,,N,C,C,A,A,H,-,A,D,0,,,,,Y,,A,01,0,0,1,0,0,0,0,0,0,"- ","- ",35.047580000000004,-120.49415999999999,"SAN LUIS OBISPO",UNINCORPORATED,-120.49411915,35.04761731
90548210,2017,2017-09-14,9745,2017-09-01,0700,016773,,5,1,9,4000,0,3,5,,2,002,"PREFUMO CANYON RD","IRISH HILLS CT",26400.00,S,N,A,-,N,,,,,,,,,,Y,4,0,1,1,A,-,01,23152,A,N,F,A,A,A,H,-,A,D,0,,,,,Y,Y,A,07,0,0,1,0,0,0,0,0,0,"- ","- ",35.259830000000001,-120.75845,"SAN LUIS OBISPO",UNINCORPORATED,-120.75852335,35.259829949999997
90551488,2017,2017-09-19,9745,2017-09-18,1405,017151,,1,2,9,4000,0,1,2,,2,505,"US-101 NORTHBOUND",SR-166,1584.00,N,N,A,-,Y,,,101,,,,,,N,Y,3,0,1,1,A,-,08,22107,,N,E,I,A,A,H,-,A,D,0,,,,,Y,,A,01,0,1,0,0,0,0,0,0,0,"- ","- ",35.001809999999999,-120.43810999999999,"SAN LUIS OBISPO",UNINCORPORATED,-120.43803217999999,35.001878179999999
90552050,2017,2017-09-20,9745,2017-09-18,1913,017151,,1,2,9,4000,0,2,4,,1,058,"HUTTON RD","JOSHUA ST",528.00,S,N,A,-,N,,,,,,,,,,Y,3,0,1,1,A,-,08,22107,,N,E,I,A,A,H,-,B,D,0,,,,,Y,,A,07,0,1,0,0,0,0,0,0,0,"- ","- ",35.00797,-120.4482,"SAN LUIS OBISPO",UNINCORPORATED,-120.4472947,35.007597279999999
90554953,2017,2017-09-25,9745,2017-09-21,0240,013212,,4,3,9,4000,0,1,3,,2,023,"SR-1 SOUTHBOUND","STENNER CREEK",110.00,S,N,A,-,Y,,,1,,,,,,S,Y,3,0,2,1,A,-,01,23152,A,N,E,I,A,A,H,-,D,D,0,,,,,Y,Y,A,07,0,2,0,0,0,0,0,0,0,"- ","- ",35.307679999999998,-120.68049000000001,"SAN LUIS OBISPO",UNINCORPORATED,-120.68054119999999,35.307617139999998
90556004,2017,2017-09-26,9745,2017-09-21,1515,014996,,4,2,9,4000,0,3,5,,2,005,"CAMINO DEL ORO","CASA REAL PL",0.00,,Y,A,-,N,,,,,,,,,,N,3,0,1,2,A,-,12,22450,A,N,D,G,A,A,H,-,A,A,0,,Y,,,Y,,L,04,0,1,0,0,0,0,1,0,0,"- ","- ",35.013840000000002,-120.51241,"SAN LUIS OBISPO",UNINCORPORATED,-120.51236991,35.013830079999998
90556171,2017,2017-09-26,9745,2017-09-25,1250,017151,,1,1,9,4000,0,2,4,,1,055,"TEFFT STREET","ELVIRA WAY",0.00,,Y,A,-,N,,,,,,,,,,Y,4,0,1,2,A,-,09,21802,A,N,D,C,A,A,D,-,A,D,0,,,,,Y,,A,01,0,0,1,0,0,0,0,0,0,"- ","- ",35.031799999999997,-120.4937,"SAN LUIS OBISPO",UNINCORPORATED,-120.49366988,35.03176011
90556344,2017,2017-09-26,9740,2017-09-15,1120,013133,,5,1,9,4000,0,1,3,,2,007,SR-41,"ROCKY CANYON RD",0.00,,Y,A,-,N,,,41,,,,,,,Y,3,0,2,2,A,-,12,22450,A,N,D,C,A,A,H,-,A,A,0,,,,,Y,,D,22,0,2,0,0,0,0,0,0,0,"- ","- ",35.504350000000002,-120.65234,"SAN LUIS OBISPO",UNINCORPORATED,-120.65234563,35.504369439999998
90557493,2017,2017-09-27,9740,2017-09-13,1615,013952,,3,2,9,4000,0,3,5,,2,022,"VINEYARD DR","JENSEN RD",250.00,S,N,A,-,N,,,,,,,,,,N,3,0,2,1,C,-,18,,,N,F,A,A,A,B,-,E,D,0,,,Y,,Y,,-,"- ",0,1,1,0,0,0,0,0,2,"- ","- ",35.597569999999997,-120.83195000000001,"SAN LUIS OBISPO",UNINCORPORATED,-120.83197481000001,35.597468290000002
90557763,2017,2017-09-28,9740,2017-09-25,1855,013952,,1,2,9,4000,0,3,5,,2,019,"INDIAN VALLEY RD","VINEYARD CANYON RD",3696.00,N,N,A,-,N,,,,,,,,,,N,4,0,1,1,C,-,18,,,N,H,H,A,A,H,-,B,D,0,,,Y,,Y,,-,"- ",0,0,1,0,0,0,0,0,1,"- ","- ",35.779409999999999,-120.70258,"SAN LUIS OBISPO",UNINCORPORATED,-120.70235074,35.779313340000002
90558023,2017,2017-09-28,9745,2017-09-27,1712,014996,,3,2,9,4000,0,3,5,,2,003,"BUCKLEY RD",SR-227,30.00,W,N,A,-,N,,,,,,,,,,N,4,0,1,2,A,-,03,22350,,N,C,C,A,A,H,-,A,A,0,,,,,Y,,D,22,0,0,1,0,0,0,0,0,0,"- ","- ",35.230789999999999,-120.62976999999999,"SAN LUIS OBISPO",UNINCORPORATED,-120.63118905,35.233458599999999
90560780,2017,2017-10-02,9740,2017-09-23,1330,015854,,6,1,9,4000,0,3,5,,2,021,"SANTA RITA RD","OLD CREEK RD",13200.00,E,N,A,-,N,,,,,,,,,,N,4,0,1,2,A,-,05,21752,A,N,A,C,A,A,H,-,A,D,0,,,Y,,Y,,C,02,0,0,1,0,0,0,0,0,1,"- ","- ",35.476880000000001,-120.82383,"SAN LUIS OBISPO",UNINCORPORATED,-120.82364291,35.476966869999998
90561193,2017,2017-10-02,9740,2017-09-26,1800,014543,,2,2,9,4000,0,1,3,,1,015,SR-1,"SAN CARPOFORO CREEK",15312.00,S,N,A,-,Y,,,1,,,,,,,Y,3,0,1,1,A,-,01,23152,A,N,F,I,A,A,H,-,A,D,0,,,,,Y,Y,A,01,0,1,0,0,0,0,0,0,0,"- ","- ",35.726439999999997,-121.3141,"SAN LUIS OBISPO",UNINCORPORATED,-121.31415595,35.726390170000002
90561308,2017,2017-10-02,9740,2017-09-29,1140,018995,,5,1,4,4008,0,1,2,,2,001,"US-101 SOUTHBOUND","SANTA ROSA RD",2112.00,S,N,A,-,Y,,,101,,,,,,S,Y,4,0,1,2,A,-,08,22107,,N,E,I,A,A,H,-,A,D,0,,,,,Y,,D,22,0,0,1,0,0,0,0,0,0,"- ","- ",35.462020000000003,-120.64834999999999,"SAN LUIS OBISPO",ATASCADERO,-120.64839117,35.4619876
90561396,2017,2017-10-02,9745,2017-09-23,0645,017817,,6,1,9,4000,0,1,3,,1,045,"OSO FLACO LAKE RD",SR-1,0.00,,Y,A,-,Y,,,1,,,,,,,Y,4,0,1,2,A,-,09,21802,A,N,D,C,A,A,H,-,A,A,0,,,,,Y,,D,22,0,0,1,0,0,0,0,0,0,"- ","- ",35.010939999999998,-120.56756,"SAN LUIS OBISPO",UNINCORPORATED,-120.5675308,35.010928020000001
90561419,2017,2017-10-02,9745,2017-09-28,1728,016714,,4,2,9,4000,0,2,4,,1,025,"LOS OSOS VALLEY RD. (10100 BLOCK)","FOOTHILL BLVD.",702.00,E,N,A,-,N,,,,,,,,,,Y,4,0,2,2,A,-,21,22106,,N,C,C,A,A,H,-,A,D,0,,,,,Y,,A,01,0,0,2,0,0,0,0,0,0,"- ","- ",35.275289999999998,-120.71011,"SAN LUIS OBISPO",UNINCORPORATED,-120.71012159,35.275146130000003
90561449,2017,2017-10-02,9745,2017-09-27,0750,016390,,3,1,3,4001,0,1,2,,2,402,"US-101 N/B","OAK PARK BLVD. O/C",1000.00,S,N,A,-,Y,,,101,,,,,,N,N,4,0,1,2,A,-,03,22350,,N,C,C,A,A,H,-,A,D,0,,,,,Y,,A,01,0,0,1,0,0,0,0,0,0,"- ","- ",35.129260000000002,-120.60321,"SAN LUIS OBISPO","ARROYO GRANDE",-120.60319235,35.129302789999997
90563566,2017,2017-10-05,9740,2017-09-24,1825,018069,,7,2,9,4000,0,1,2,,2,004,"US-101 NORTHBOUND","SAN MARCOS ROAD",5.00,N,N,A,-,Y,,,101,,,,,,N,Y,3,0,1,2,A,-,01,23152,A,N,C,C,A,A,H,-,A,D,0,,,,,Y,Y,A,01,0,1,0,0,0,0,0,0,0,"- ","- ",35.720320000000001,-120.69682,"SAN LUIS OBISPO",UNINCORPORATED,-120.69693844,35.72026133
90564777,2017,2017-10-06,9745,2017-10-03,0920,017541,,2,1,9,4000,0,1,2,,2,303,"US-101 SOUTHBOUND","HIGUERA ST",1584.00,N,N,A,-,Y,,,101,,,,,,S,N,3,0,1,2,A,-,03,22350,,N,C,C,A,A,H,-,A,D,0,,,,,Y,,A,07,0,1,0,0,0,0,0,0,0,"- ","- ",35.235720000000001,-120.68509,"SAN LUIS OBISPO",UNINCORPORATED,-120.68507497,35.235706120000003
90566587,2017,2017-10-10,9740,2017-10-01,1825,017952,,7,2,9,4000,0,2,4,,2,012,"NACIMIENTO LAKE DRIVE (G-14)","BLUEGILL DR.",1584.00,N,N,A,-,N,,,,,,,,,,Y,4,0,2,1,A,-,08,22107,,N,E,I,A,A,H,-,B,D,0,,,,,Y,Y,A,01,0,0,2,0,0,0,0,0,0,"- ","- ",35.58737,-120.70318,"SAN LUIS OBISPO",UNINCORPORATED,-120.87681375,35.751978620000003
90567136,2017,2017-10-10,9745,2017-10-02,1140,016068,,1,1,9,4000,0,1,3,,1,011,SR-41,"CERRO ALTO",0.00,,Y,A,-,Y,,,41,,,,,,,Y,4,0,1,1,A,-,08,22107,,N,F,A,A,A,H,-,A,D,0,,,Y,,Y,,C,02,0,0,1,0,0,0,0,0,1,"- ","- ",35.429200000000002,-120.7517,"SAN LUIS OBISPO",UNINCORPORATED,-120.75170611999999,35.429203260000001
90568438,2017,2017-10-11,9740,2017-10-08,1415,013417,,7,2,9,4000,0,2,4,,2,012,"NACIMIENTO LAKE DRIVE","VISTA ROAD",2112.00,S,N,A,-,N,,,,,,,,,,Y,4,0,1,1,A,-,08,22107,,N,F,I,A,A,H,-,A,D,0,,,,,Y,,A,07,0,0,1,0,0,0,0,0,0,"- ","- ",35.790019999999998,-120.87719,"SAN LUIS OBISPO",UNINCORPORATED,-120.87719,35.790019999999998
90568776,2017,2017-10-12,9740,2017-10-04,1258,014622,,3,1,9,4000,0,3,5,,2,017,"TEMPLETON ROAD","LUPINE LANE",5280.00,W,N,A,-,N,,,,,,,,,,Y,2,0,1,1,A,-,08,22107,,N,F,A,A,A,H,-,A,D,0,,,Y,,Y,,C,02,1,0,0,0,0,0,0,0,1,"- ","- ",35.527670000000001,-120.68091,"SAN LUIS OBISPO",UNINCORPORATED,-120.67991250999999,35.527612130000001
90569104,2017,2017-10-12,9745,2017-10-04,1700,017151,,3,2,2,4005,0,1,2,,2,404,"US-101 SOUTHBOUND","SPYGLASS DR",1584.00,N,N,A,-,Y,,,101,,,,,,S,Y,4,0,1,2,A,-,03,22350,,N,C,C,A,A,H,-,A,D,0,,,Y,,Y,,C,02,0,0,1,0,0,0,0,0,1,"- ","- ",35.171120000000002,-120.69378,"SAN LUIS OBISPO","PISMO BEACH",-120.69384187,35.17104776
90571010,2017,2017-12-04,9740,2017-10-09,1430,016849,,1,2,9,4000,0,1,2,,2,004,"US-101 NORTHBOUND","NORTH SPRING STREET",2640.00,N,N,A,-,Y,,,101,,,,,,N,Y,3,0,1,2,A,-,07,21658,A,N,B,C,A,A,H,-,A,D,0,,,,,Y,,A,07,0,1,0,0,0,0,0,0,0,"- ","- ",35.659100000000002,-120.6979,"SAN LUIS OBISPO",UNINCORPORATED,-120.69798613,35.659113130000001
90572606,2017,2017-10-18,9740,2017-10-10,1825,014622,,2,2,4,4008,0,1,2,,2,002,"US-101 SOUTHBOUND","SAN RAMON ROAD",500.00,S,N,A,-,Y,,,101,,,,,,S,Y,4,0,1,2,A,-,01,23152,A,N,C,C,A,A,H,-,A,D,0,,,,,Y,Y,A,07,0,0,1,0,0,0,0,0,0,"- ","- ",35.524349999999998,-120.70437,"SAN LUIS OBISPO",ATASCADERO,-120.70430326,35.524346989999998
90574917,2017,2017-10-20,9745,2017-09-20,1601,014910,,3,2,9,4000,0,3,5,,2,002,"OLD CREEK ROAD",SR-1,21120.00,E,N,A,-,N,,,,,,,,,,N,3,0,1,2,A,-,05,21460,A,F,H,A,A,A,H,-,A,D,0,,,Y,,Y,Y,D,22,0,1,0,0,0,0,0,0,1,"- ","- ",35.471060000000001,-120.85719,"SAN LUIS OBISPO",UNINCORPORATED,-120.88135,35.428780000000003
90579219,2017,2017-10-26,9745,2017-10-23,1740,017151,,1,2,9,4000,0,2,4,,1,048,"AVILA BEACH DRIVE","SAN LUIS BAY DR.",528.00,W,N,A,-,N,,,,,,,,,,Y,3,0,1,1,A,-,01,23152,A,N,E,I,A,A,H,-,A,D,0,,,,,Y,Y,D,22,0,1,0,0,0,0,0,0,0,"- ","- ",35.188499999999998,-120.7229,"SAN LUIS OBISPO",UNINCORPORATED,-120.72072265,35.188206170000001
90579592,2017,2017-10-26,9745,2017-10-20,1540,019809,,5,2,9,4000,0,3,5,,2,004,SR-1,"GRACIA WAY",528.00,S,N,A,-,Y,,,1,,,,,,,Y,3,0,1,1,A,-,03,22350,,N,F,A,A,A,H,-,A,D,0,,,Y,,Y,,C,02,0,1,0,0,0,0,0,0,1,"- ","- ",35.091920000000002,-120.58228,"SAN LUIS OBISPO",UNINCORPORATED,-120.58226234999999,35.091936269999998
90580864,2017,2017-10-27,9740,2017-10-22,1743,018995,,7,2,9,4000,0,3,5,,2,022,"VINEYARD DR","JENSEN RD",464.00,S,N,A,-,N,,,,,,,,,,N,2,0,1,1,A,-,08,22107,,N,E,I,A,A,A,-,A,D,0,,,Y,,Y,,C,02,1,0,0,0,0,0,0,0,1,"- ","- ",35.597200000000001,-120.83177000000001,"SAN LUIS OBISPO",UNINCORPORATED,-120.83151478000001,35.597035910000002
90581084,2017,2017-10-27,9745,2017-10-26,0715,013531,,4,1,9,4000,0,1,2,,2,505,"US-101 NORTHBOUND","LOS BERROS ROAD",1500.00,S,N,A,-,Y,,,101,,,,,,N,N,4,0,1,2,A,-,05,21651,A,N,B,C,A,A,H,-,A,D,0,,,,,Y,,D,22,0,0,1,0,0,0,0,0,0,"- ","- ",35.068069999999999,-120.51264999999999,"SAN LUIS OBISPO",UNINCORPORATED,-120.51268134,35.068039810000002
90582521,2017,2017-10-30,9740,2017-10-27,0730,016816,,5,1,3,4004,0,1,2,,2,004,"US-101 NORTHBOUND","SPRING ST. U/C",520.00,S,N,A,-,Y,,,101,,,,,,N,Y,2,0,1,1,A,-,03,22350,,N,F,A,A,A,H,-,A,D,0,,,Y,,Y,,C,02,1,0,0,0,0,0,0,0,1,"- ","- ",35.651829999999997,-120.69044,"SAN LUIS OBISPO","PASO ROBLES",-120.69047396000001,35.651795210000003
90583754,2017,2017-10-31,9745,2017-10-30,0845,013937,,1,1,9,4000,0,2,4,,1,024,"SOUTH BAY BLVD","NIPOMO AVE",0.00,,Y,B,-,N,,,,,,,,,,Y,4,0,1,2,A,-,09,21801,A,N,D,C,A,B,H,-,A,A,0,,,,,Y,,D,22,0,0,1,0,0,0,0,0,0,"- ","- ",35.316470000000002,-120.82325,"SAN LUIS OBISPO",UNINCORPORATED,-120.8234799,35.316550040000003
90583949,2017,2017-10-31,9745,2017-10-21,0635,016390,,6,1,9,4000,0,1,3,,1,045,"OSO FLACO LAKE ROAD",SR-1,0.00,,Y,A,-,Y,,,,,,,,,,Y,2,0,2,2,A,-,09,21802,A,N,D,C,A,A,H,-,B,A,0,,,,,Y,,A,08,1,1,0,0,0,0,0,0,0,"- ","- ",35.010750000000002,-120.5675,"SAN LUIS OBISPO",UNINCORPORATED,-120.56757986,35.010770049999998
90585233,2017,2017-11-01,9745,2017-10-25,1408,020689,,3,2,9,4000,0,1,3,,1,021,"SR-1 NB TO CAYUCOS DR. OFF-RAMP","CAYUCOS DR",20.00,S,N,A,-,Y,,,1,,,,R,,N,Y,3,0,1,2,A,-,08,22107,,N,B,C,A,A,H,-,A,A,0,,,,,Y,,A,07,0,1,0,0,0,0,0,0,0,"- ","- ",35.453510000000001,-120.90276,"SAN LUIS OBISPO",UNINCORPORATED,-120.90276,35.453510000000001
90586832,2017,2017-11-03,9745,2017-11-01,0315,013212,,3,3,9,4000,0,1,2,,2,505,"US-101 SOUTHBOUND",SR-166,2640.00,N,N,A,-,Y,,,101,,,,,,S,Y,4,0,1,1,A,-,08,22107,,N,E,I,A,A,H,-,D,D,0,,,,,Y,,A,01,0,0,1,0,0,0,0,0,0,"- ","- ",35.00412,-120.44043000000001,"SAN LUIS OBISPO",UNINCORPORATED,-120.44047781,35.004054920000002
90586845,2017,2017-11-03,9745,2017-11-02,1525,020689,,4,2,9,4000,0,1,3,,1,032,SR-227,"LOS RANCHOS RD",250.00,N,N,A,-,Y,,,227,,,,,,,Y,4,0,1,2,A,-,03,22350,,N,C,C,A,A,H,-,A,D,0,,,,,Y,,A,01,0,0,1,0,0,0,0,0,0,"- ","- ",35.225409999999997,-120.62657,"SAN LUIS OBISPO",UNINCORPORATED,-120.62652198000001,35.225441670000002
90587741,2017,2017-11-06,9740,2017-10-31,1340,015854,,2,1,4,4008,0,1,2,,2,002,"US-101 NORTHBOUND","SAN ANSELMO RD",1584.00,N,N,B,-,Y,,,101,,,,,,N,Y,4,0,3,2,A,-,03,22350,,N,C,C,A,A,H,-,A,D,0,,,,,Y,,A,01,0,0,3,0,0,0,0,0,0,"- ","- ",35.49944,-120.68613000000001,"SAN LUIS OBISPO",ATASCADERO,-120.68619793000001,35.499341340000001
90588017,2017,2017-11-06,9740,2017-11-04,1337,016849,,6,1,9,4000,0,1,3,,2,008,SR-46,"BITTERWATER ROAD",938.00,E,N,B,-,Y,,,46,,,,,,,Y,3,0,1,1,C,-,18,,,N,E,J,A,A,H,-,A,D,0,,,,,Y,,-,"- ",0,1,0,0,0,0,0,0,0,"- ","- ",35.712400000000002,-120.3079,"SAN LUIS OBISPO",UNINCORPORATED,-120.30796855,35.71250852
90588345,2017,2017-11-06,9745,2017-11-03,1130,016390,,5,1,9,4000,0,3,5,,2,004,"HALCYON RD","THE PIKE",90.00,S,N,B,-,N,,,,,,,,,,Y,3,0,1,2,A,-,03,22350,,N,C,C,A,A,H,-,A,D,0,,,,,Y,,A,01,0,1,0,0,0,0,0,0,0,"- ","- ",35.106180000000002,-120.59166,"SAN LUIS OBISPO",UNINCORPORATED,-120.59165,35.106102780000001
90588349,2017,2017-11-06,9740,2017-11-05,0810,013984,,7,1,9,4000,0,1,3,,2,007,"RT 41","SHEDD CANYON RD",1584.00,S,N,A,-,Y,,,41,,,,,,,Y,2,0,1,1,A,-,08,22107,,N,E,I,A,A,H,-,A,A,0,,,,,Y,,D,22,1,0,0,0,0,0,0,0,0,"- ","- ",35.578110000000002,-120.43611,"SAN LUIS OBISPO",UNINCORPORATED,-120.43612048,35.578146590000003