CASE_ID,ACCIDENT_YEAR,PROC_DATE,JURIS,COLLISION_DATE,COLLISION_TIME,OFFICER_ID,REPORTING_DISTRICT,DAY_OF_WEEK,CHP_SHIFT,POPULATION,CNTY_CITY_LOC,SPECIAL_COND,BEAT_TYPE,CHP_BEAT_TYPE,CITY_DIVISION_LAPD,CHP_BEAT_CLASS,BEAT_NUMBER,PRIMARY_RD,SECONDARY_RD,DISTANCE,DIRECTION,INTERSECTION,WEATHER_1,WEATHER_2,STATE_HWY_IND,CALTRANS_COUNTY,CALTRANS_DISTRICT,STATE_ROUTE,ROUTE_SUFFIX,POSTMILE_PREFIX,POSTMILE,LOCATION_TYPE,RAMP_INTERSECTION,SIDE_OF_HWY,TOW_AWAY,COLLISION_SEVERITY,NUMBER_KILLED,NUMBER_INJURED,PARTY_COUNT,PRIMARY_COLL_FACTOR,PCF_CODE_OF_VIOL,PCF_VIOL_CATEGORY,PCF_VIOLATION,PCF_VIOL_SUBSECTION,HIT_AND_RUN,TYPE_OF_COLLISION,MVIW,PED_ACTION,ROAD_SURFACE,ROAD_COND_1,ROAD_COND_2,LIGHTING,CONTROL_DEVICE,CHP_ROAD_TYPE,PEDESTRIAN_ACCIDENT,BICYCLE_ACCIDENT,MOTORCYCLE_ACCIDENT,TRUCK_ACCIDENT,NOT_PRIVATE_PROPERTY,ALCOHOL_INVOLVED,STWD_VEHTYPE_AT_FAULT,CHP_VEHTYPE_AT_FAULT,COUNT_SEVERE_INJ,COUNT_VISIBLE_INJ,COUNT_COMPLAINT_PAIN,COUNT_PED_KILLED,COUNT_PED_INJURED,COUNT_BICYCLIST_KILLED,COUNT_BICYCLIST_INJURED,COUNT_MC_KILLED,COUNT_MC_INJURED,PRIMARY_RAMP,SECONDARY_RAMP,LATITUDE,LONGITUDE,COUNTY,CITY,POINT_X,POINT_Y
90589281,2017,2017-11-07,9745,2017-11-06,1140,016773,,1,1,9,4000,0,2,4,,1,055,"TEFFT STREET","MESA RD",0.00,,Y,A,-,N,,,,,,,,,,Y,4,0,1,2,A,-,12,22450,A,N,D,C,A,A,H,-,A,A,0,,,,,Y,,D,22,0,0,1,0,0,0,0,0,0,"- ","- ",35.02469,-120.49854000000001,"SAN LUIS OBISPO",UNINCORPORATED,-120.49846989,35.024690020000001
90590199,2017,2017-11-08,9745,2017-11-06,1045,013937,,1,1,9,4000,0,2,4,,1,055,"TEFFT STREET","MAGENTA LN",90.00,E,N,A,-,N,,,,,,,,,,Y,4,0,2,2,A,-,09,21804,A,N,D,C,A,A,H,-,A,D,0,,,,,Y,,A,01,0,0,2,0,0,0,0,0,0,"- ","- ",35.034939999999999,-120.48824,"SAN LUIS OBISPO",UNINCORPORATED,-120.48821135999999,35.034858880000002
9059082,2020,2020-05-20,4008,2020-02-19,0310,3113,,3,5,4,4008,0,0,0,,0,,"SANTA BARBARA RD","EL CAMINO REAL",26.00,E,N,A,-,N,,,,,,,,,,Y,3,0,1,1,A,-,01,23152,A,N,E,I,A,A,H,-,C,A,0,,,,,Y,Y,A,01,0,1,0,0,0,0,0,0,0,"- ","- ",35.448440551757812,-120.63429260253906,"SAN LUIS OBISPO",ATASCADERO,-120.63413238525391,35.44842529296875
90592423,2017,2017-11-13,9750,2017-11-09,0843,014820,,4,1,9,4000,0,1,3,,1,067,SR-33,SR-166,211.00,S,N,A,-,Y,,,33,,,,,,,Y,4,0,1,2,A,-,09,21803,A,N,A,C,A,A,H,-,A,D,0,,,,,Y,,A,01,0,0,1,0,0,0,0,0,0,"- ","- ",34.935160000000003,-119.51272,"SAN LUIS OBISPO",UNINCORPORATED,-119.51273372,34.93516013
90592709,2017,2017-11-13,9740,2017-09-30,2235,016816,,6,3,9,4000,0,1,2,,2,004,"US-101 SOUTHBOUND","WELLSONA RD.",0.00,,Y,A,-,Y,,,101,,,,,,S,Y,1,1,1,2,A,-,01,23152,A,N,D,C,A,A,H,-,C,D,0,,,,,Y,Y,D,22,1,0,0,0,0,0,0,0,0,"- ","- ",35.695929999999997,-120.69669,"SAN LUIS OBISPO",UNINCORPORATED,-120.69679546,35.695931260000002
90593284,2017,2017-11-13,9745,2017-11-03,0105,017817,,5,3,4,4006,0,1,2,,1,101,"US-101 NORTHBOUND","MADONNA RD.",350.00,S,N,B,-,Y,,,101,,,,,,N,Y,3,0,1,1,A,-,01,23152,A,N,E,I,A,A,H,-,C,D,0,,,,,Y,Y,A,07,0,1,0,0,0,0,0,0,0,"- ","- ",35.265680000000003,-120.67341,"SAN LUIS OBISPO","SAN LUIS OBISPO",-120.67348438,35.26568786
90593644,2017,2017-11-14,9745,2017-11-09,1753,017151,,4,2,9,4000,0,1,2,,2,202,"US-101 NORTHBOUND","MONTEREY ST",528.00,S,N,B,-,Y,,,,,,,,,,Y,3,0,1,2,A,-,03,22350,,N,C,C,A,A,H,-,D,D,0,,,,,Y,,A,07,0,1,0,0,0,0,0,0,0,"- ","- ",35.291730000000001,-120.65121000000001,"SAN LUIS OBISPO",UNINCORPORATED,-120.69626956,35.66577839
90593838,2017,2017-11-14,9745,2017-11-02,2027,017817,,4,2,9,4000,0,2,4,,1,025,"LOS OSOS VALLEY RD.","FOOTHILL BLVD.",3250.00,W,N,B,-,N,,,,,,,,,,Y,3,0,1,1,A,-,08,22107,,N,E,I,A,A,H,-,D,D,0,,,,,Y,,A,07,0,1,0,0,0,0,0,0,0,"- ","- ",35.28219,-120.72635,"SAN LUIS OBISPO",UNINCORPORATED,-120.72151234,35.28034366
90593994,2017,2017-11-14,9745,2017-11-02,2000,013212,,4,2,9,4000,0,1,3,,1,040,"SR-227 SOUTHBOUND","PRICE CANYON RD",0.00,,Y,A,-,Y,,,227,,,,,,S,Y,4,0,2,2,A,-,17,21451,A,N,A,C,A,A,H,-,C,A,0,,,,,Y,Y,A,07,0,0,2,0,0,0,0,0,0,"- ","- ",35.200659999999999,-120.60886000000001,"SAN LUIS OBISPO",UNINCORPORATED,-120.60885684,35.200665610000001
90594228,2017,2017-11-14,9745,2017-11-14,1130,013531,,2,1,9,4000,0,2,4,,1,055,"TEFFT STREET","S FRONTAGE ROAD",30.00,W,N,A,-,N,,,,,,,,,,N,4,0,1,2,A,-,03,22350,,N,C,C,A,A,H,-,A,D,0,,,,,Y,,D,22,0,0,1,0,0,0,0,0,0,"- ","- ",35.036450000000002,-120.48529000000001,"SAN LUIS OBISPO",UNINCORPORATED,-120.48533325,35.036454149999997
90594291,2017,2017-11-14,9745,2017-11-14,0735,016390,,2,1,2,4005,0,1,2,,2,404,"US-101 N/B","PRICE CANYON RD. O/C",2112.00,S,N,A,-,Y,,,101,,,,,,N,Y,3,0,1,2,A,-,04,21703,,N,C,C,A,A,H,-,A,D,0,,,,,Y,,A,01,0,1,0,0,0,0,0,0,0,"- ","- ",35.138469999999998,-120.63168,"SAN LUIS OBISPO","PISMO BEACH",-120.63166474000001,35.138531870000001
90594577,2017,2017-11-15,9740,2017-11-10,0600,013733,,5,1,9,4000,0,3,5,,2,022,"ADELAIDA RD","HIDDEN MOUNTAIN RD",5280.00,W,N,E,-,N,,,,,,,,,,Y,4,0,1,1,A,-,08,22107,,N,E,I,A,A,H,-,B,D,0,,,,,Y,,D,22,0,0,1,0,0,0,0,0,0,"- ","- ",35.649639999999998,-120.79822,"SAN LUIS OBISPO",UNINCORPORATED,-120.80077108,35.649222889999997
90595240,2017,2017-11-15,9740,2017-11-06,1445,014460,,1,2,9,4000,0,3,5,,2,019,"JARDINE ROAD",SR-46,30.00,N,N,B,-,N,,,,,,,,,,Y,4,0,1,2,A,-,08,22107,,N,D,C,A,A,H,-,A,D,0,,,,,Y,,A,01,0,0,1,0,0,0,0,0,0,"- ","- ",35.659509999999997,-120.60261,"SAN LUIS OBISPO",UNINCORPORATED,-120.60266376,35.659487179999999
90596573,2017,2017-11-17,9745,2017-11-16,1757,014713,,4,2,9,4000,0,1,2,,1,101,"US-101 NORTHBOUND","TASSAJARA CREEK ROAD",3960.00,S,N,B,C,Y,,,101,,,,,,N,Y,3,0,1,2,A,-,03,22350,,N,C,C,A,B,H,-,D,D,0,,,,,Y,,A,01,0,1,0,0,0,0,0,0,0,"- ","- ",35.360770000000002,-120.63796000000001,"SAN LUIS OBISPO",UNINCORPORATED,-120.63801558,35.360759430000002
90602041,2017,2017-11-27,9740,2017-11-24,2020,017952,,5,2,9,4000,0,3,5,,2,017,"BITTERWATER RD","TWISSLEMAN RD.",8448.00,S,N,A,-,N,,,,,,,,,,Y,3,0,1,1,A,-,08,22107,,N,F,A,A,A,H,-,D,D,0,,,,,Y,,D,22,0,1,0,0,0,0,0,0,0,"- ","- ",35.53546,-120.08717,"SAN LUIS OBISPO",UNINCORPORATED,-120.08899,35.528124310000003
90603070,2017,2017-11-27,9740,2017-11-17,0545,019259,,5,3,9,4000,0,1,2,,2,001,"US-101 SOUTHBOUND",SR-58,7920.00,N,N,B,-,Y,,,101,,,,,,S,Y,2,0,1,1,A,-,03,22350,,N,F,A,A,B,H,-,D,D,0,,,Y,,Y,,C,02,1,0,0,0,0,0,0,0,1,"- ","- ",35.40361,-120.62405,"SAN LUIS OBISPO",UNINCORPORATED,-120.62395377999999,35.403650450000001
90603912,2017,2017-11-28,9745,2017-11-17,1755,017097,,5,2,3,4001,0,1,2,,2,402,"US-101 SB","GRAND AVE",528.00,N,N,A,-,Y,,,101,,,,,,S,Y,4,0,3,3,A,-,03,22350,,N,C,C,A,A,H,-,C,D,0,,,,,Y,,A,01,0,0,3,0,0,0,0,0,0,"- ","- ",35.122349999999997,-120.58726,"SAN LUIS OBISPO","ARROYO GRANDE",-120.58726561,35.122331340000002
90603977,2017,2017-11-28,9750,2017-11-26,1825,017496,,7,2,9,4000,0,1,2,,2,111,"US 101 S/B","CUYAMA LN",300.00,S,N,A,-,Y,,,,,,,,,,Y,3,0,1,1,A,-,08,22107,,N,E,I,A,A,H,-,C,D,0,,,,,Y,,A,01,0,1,0,0,0,0,0,0,0,"- ","- ",34.993679999999998,-120.4345,"SAN LUIS OBISPO",UNINCORPORATED,,
90604101,2017,2017-11-28,9745,2017-11-21,0935,013212,,2,1,9,4000,0,2,4,,1,024,"SOUTH BAY BLVD","SANTA YSABEL AVE",950.00,N,N,A,-,N,,,,,,,,,,Y,4,0,3,3,A,-,03,22350,,N,C,C,A,A,H,-,A,A,0,,,,,Y,,D,22,0,0,3,0,0,0,0,0,0,"- ","- ",35.332590000000003,-120.82331000000001,"SAN LUIS OBISPO",UNINCORPORATED,-120.82332638,35.332539660000002
90604299,2017,2017-11-28,9740,2017-11-21,1705,014662,,2,2,4,4008,0,1,2,,2,002,"US-101 NORTHBOUND","SAN RAMON RD",2376.00,S,N,A,-,Y,,,101,,,,,,N,Y,3,0,2,2,A,-,07,21658,A,N,C,C,A,A,H,-,D,D,0,,,,,Y,Y,A,01,0,2,0,0,0,0,0,0,0,"- ","- ",35.519599999999997,-120.70359999999999,"SAN LUIS OBISPO",ATASCADERO,-120.7035887,35.519604919999999
90605232,2017,2017-11-29,9745,2017-11-24,0600,020144,,5,1,9,4000,0,2,4,,1,055,"TEFFT STREET","US-101 NORTHBOUND TO TEFFT STREET",0.00,,Y,A,-,Y,,,,,,,,,,N,4,0,1,2,A,-,12,21453,A,N,D,C,A,A,H,-,B,A,0,,,,,Y,,A,01,0,0,1,0,0,0,0,0,0,"- ","- ",35.037019999999998,-120.4842,"SAN LUIS OBISPO",UNINCORPORATED,,
90605356,2017,2017-11-29,9745,2017-11-23,1715,014910,,4,2,4,4006,0,1,3,,1,021,"SR-1 NORTHBOUND","VILLA CREEK ROAD",300.00,S,N,A,-,Y,,,,,,,,,,Y,3,0,1,1,C,-,18,,,N,E,H,A,A,H,-,D,D,0,,,,,Y,,-,"- ",0,1,0,0,0,0,0,0,0,"- ","- ",35.468170000000001,-120.97605,"SAN LUIS OBISPO","SAN LUIS OBISPO",-120.97685665,35.468692830000002
90605915,2017,2017-11-30,9745,2017-11-19,0636,017817,,7,1,9,4000,0,1,2,,2,505,"US-101 NORTHBOUND","EL CAMPO RD",3700.00,S,N,A,-,Y,,,101,,,,,,N,Y,3,0,1,1,A,-,01,23152,A,N,E,I,A,A,H,-,B,D,0,,,,,Y,Y,A,01,0,1,0,0,0,0,0,0,0,"- ","- ",35.103050000000003,-120.54961,"SAN LUIS OBISPO",UNINCORPORATED,-120.54959022,35.103070010000003
9060720,2020,2020-03-19,4004,2020-02-02,1816,1373,,7,5,3,4004,0,0,0,,0,,"CRESTON RD","RIVER RD",0.00,,Y,A,-,N,,,,,,,,,,N,4,0,2,2,A,-,09,21453,C,N,D,C,A,A,H,-,C,D,0,,,,,Y,,A,01,0,0,2,0,0,0,0,0,0,"- ","- ",35.629081726074219,-120.68315887451172,"SAN LUIS OBISPO","PASO ROBLES",-120.68318176269531,35.629108428955078
90608051,2017,2017-12-01,9745,2017-11-29,0205,014996,,3,3,4,4006,0,1,2,,2,202,US-101,"BROAD ST",15.00,N,N,A,-,Y,,,101,,,,,,,Y,2,0,1,2,A,-,11,21956,,N,G,B,E,A,H,-,C,D,0,Y,,,,Y,Y,N,60,1,0,0,0,1,0,0,0,0,"- ","- ",35.283259999999999,-120.66749,"SAN LUIS OBISPO","SAN LUIS OBISPO",-120.66751444000001,35.283281529999996
90608474,2017,2017-12-04,9740,2017-11-19,1740,013952,,7,2,9,4000,0,3,5,,2,016,"WEST POZO ROAD","SANTA MARGARITA LAKE RD",31152.00,E,N,A,-,N,,,,,,,,,,Y,2,0,2,1,A,-,01,23152,A,N,E,I,A,A,H,-,D,D,0,,,,,Y,Y,D,22,1,1,0,0,0,0,0,0,0,"- ","- ",35.289340000000003,-120.42712,"SAN LUIS OBISPO",UNINCORPORATED,-120.42770701000001,35.288989209999997
90608992,2017,2017-12-04,9745,2017-11-30,1738,017097,,4,2,9,4000,0,2,4,,1,055,"TEFFT STREET","MARY AVE",75.00,E,N,A,-,N,,,,,,,,,,Y,4,0,2,3,A,-,01,23152,A,N,C,C,A,A,H,-,C,A,0,,,,,Y,Y,A,07,0,0,2,0,0,0,0,0,0,"- ","- ",35.03593,-120.48631,"SAN LUIS OBISPO",UNINCORPORATED,-120.48642187999999,35.035854620000002
90609045,2017,2017-12-04,9740,2017-12-02,0220,013984,,6,3,9,4000,0,1,2,,2,001,"US 101 S/B","RT 58",1056.00,N,N,A,-,Y,,,,,,,,,,Y,3,0,1,2,A,-,01,23152,A,N,E,I,A,A,H,-,D,D,0,,,,,Y,Y,A,01,0,1,0,0,0,0,0,0,0,"- ","- ",35.453650000000003,-120.64166,"SAN LUIS OBISPO",UNINCORPORATED,,
90609589,2017,2017-12-04,9745,2017-11-21,1000,013212,,2,1,9,4000,0,2,4,,1,025,"LOS OSOS VALLEY RD","CLARK VALLEY RD",1056.00,E,N,A,-,N,,,,,,,,,,N,2,0,1,2,A,-,08,22107,,N,B,G,A,A,H,-,A,D,0,,Y,,,Y,,A,01,1,0,0,0,0,0,1,0,0,"- ","- ",35.30245,-120.79581,"SAN LUIS OBISPO",UNINCORPORATED,-120.79731226,35.302704689999999
90610679,2017,2017-12-05,9740,2017-11-29,1412,014465,,3,2,9,4000,0,3,5,,2,017,"MAIN ST","7TH ST",0.00,,Y,A,-,N,,,,,,,,,,Y,3,0,1,2,A,-,08,22100,B,N,D,G,A,A,H,-,A,D,0,,Y,,,Y,,L,04,0,1,0,0,0,0,1,0,0,"- ","- ",35.547139999999999,-120.70724,"SAN LUIS OBISPO",UNINCORPORATED,-120.70716994,35.547360099999999
90611415,2017,2017-12-06,9745,2017-11-28,1745,016514,,2,2,9,4000,0,1,3,,1,032,SR-227,"LOS RANCHOS RD",0.00,,N,A,-,Y,,,227,,,,,,,Y,4,0,1,3,A,-,03,22350,,N,C,C,A,A,H,-,D,D,0,,,,,Y,,D,22,0,0,1,0,0,0,0,0,0,"- ","- ",35.2256,-120.6266,"SAN LUIS OBISPO",UNINCORPORATED,-120.62661839,35.225587869999998
90611593,2017,2017-12-06,9745,2017-11-30,0725,013212,,4,1,3,4001,0,1,2,,2,402,"US-101 SOUTHBOUND","OAK PARK BLVD",1584.00,S,N,A,-,Y,,,101,,,,,,S,Y,4,0,1,3,A,-,03,22350,,N,C,C,A,A,H,-,A,D,0,,,,,Y,,A,01,0,0,1,0,0,0,0,0,0,"- ","- ",35.128010000000003,-120.60111000000001,"SAN LUIS OBISPO","ARROYO GRANDE",-120.60109885,35.128031900000003
90611619,2017,2017-12-06,9740,2017-11-17,2047,014460,,5,2,9,4000,0,1,3,,2,008,SR-46,"GENESEO ROAD",0.00,,Y,A,-,Y,,,46,,,,,,,Y,1,1,1,2,A,-,01,23152,A,N,D,C,A,A,H,-,D,D,0,,,,,Y,Y,A,01,0,1,0,0,0,0,0,0,0,"- ","- ",35.65916,-120.56108,"SAN LUIS OBISPO",UNINCORPORATED,-120.56107804,35.65946495
90611697,2017,2017-12-06,9745,2017-11-30,1720,016714,,4,2,4,4006,0,1,2,,2,202,"US-101 N/B","CHORRO ST.",1056.00,S,N,A,-,Y,,,101,,,,,,N,N,4,0,1,2,A,-,03,22350,,N,C,C,A,A,H,-,C,D,0,,,,,Y,,A,01,0,0,1,0,0,0,0,0,0,"- ","- ",35.280549999999998,-120.66889,"SAN LUIS OBISPO","SAN LUIS OBISPO",-120.66904771999999,35.280619799999997
90612254,2017,2017-12-07,9745,2017-11-24,1210,017968,,5,1,9,4000,0,3,5,,2,001,"OLD STAGECOACH ROAD",US-101,1327.00,W,N,A,-,N,,,,,,,,,,Y,2,0,3,1,A,-,03,22350,,N,E,I,A,A,H,-,A,D,0,,,,,Y,,A,01,1,2,0,0,0,0,0,0,0,"- ","- ",35.321089999999998,-120.62211000000001,"SAN LUIS OBISPO",UNINCORPORATED,-120.62208274,35.320776899999998
90612477,2017,2017-12-07,9745,2017-11-25,2135,017541,,6,2,9,4000,0,3,5,,2,004,"HALCYON RD",SR-1,100.00,S,N,A,-,N,,,,,,,,,,Y,3,0,1,1,A,-,08,22107,,M,E,I,A,A,H,-,C,D,0,,,,,Y,,A,01,0,1,0,0,0,0,0,0,0,"- ","- ",35.080419999999997,-120.58644,"SAN LUIS OBISPO",UNINCORPORATED,-120.59238000000001,35.09816
90612692,2017,2017-12-07,9745,2017-11-28,1707,019809,,2,2,9,4000,0,1,2,,2,505,"US 101 N/B",SR-166,6300.00,N,N,A,-,Y,,,,,,,,,,Y,3,0,3,2,A,-,01,23152,A,N,B,C,A,A,H,-,C,D,0,,,,,Y,Y,A,01,0,1,2,0,0,0,0,0,0,"- ","- ",35.009790000000002,-120.45048,"SAN LUIS OBISPO",UNINCORPORATED,-120.44839643,35.008604310000003
90612993,2017,2017-12-08,9745,2017-11-28,1040,013212,,2,1,9,4000,0,3,5,,2,002,"FOOTHILL BLVD","JOHE LN",2640.00,E,N,A,-,N,,,,,,,,,,Y,2,0,1,2,A,-,03,22350,,F,C,C,A,A,H,-,A,D,0,,,Y,,Y,,C,02,1,0,0,0,0,0,0,0,1,"- ","- ",35.288260000000001,-120.6957,"SAN LUIS OBISPO",UNINCORPORATED,-120.69696761,35.28769234
90613086,2017,2017-12-08,9745,2017-11-13,0426,017857,,1,3,9,4000,0,1,2,,2,303,"US-101 NORTHBOUND","HIGUERA STREET",1519.00,S,N,A,-,Y,,,101,,,,,,N,Y,1,1,0,2,A,-,11,21956,A,N,G,B,E,A,H,-,D,D,0,Y,,,,Y,,N,60,0,0,0,1,0,0,0,0,0,"- ","- ",35.220440000000004,-120.69262999999999,"SAN LUIS OBISPO",UNINCORPORATED,-120.69262652,35.220438209999998
90614266,2017,2017-12-11,9740,2017-12-04,1420,018069,,1,2,9,4000,0,3,5,,2,021,"NORTH BETHEL ROAD","HERDSMAN WAY",10.00,S,N,A,-,N,,,,,,,,,,Y,3,0,1,1,A,-,01,23152,A,N,E,I,A,A,H,-,A,D,0,,,,,Y,Y,A,07,0,1,0,0,0,0,0,0,0,"- ","- ",35.573630000000001,-120.72087999999999,"SAN LUIS OBISPO",UNINCORPORATED,-120.72074705,35.574303139999998
90614488,2017,2017-12-11,9745,2017-12-10,1335,016514,,7,1,9,4000,0,1,3,,1,032,SR-227,"BUCKLEY RD",196.00,N,N,B,-,Y,,,227,,,,,,,Y,4,0,2,2,A,-,03,22350,,N,C,C,A,A,H,-,A,D,0,,,,,Y,,A,07,0,0,2,0,0,0,0,0,0,"- ","- ",35.231400000000001,-120.6301,"SAN LUIS OBISPO",UNINCORPORATED,-120.63015048,35.231371490000001
90616099,2017,2017-12-13,9740,2017-11-07,2338,018995,,2,3,9,4000,0,1,2,,2,004,"US-101 NORTHBOUND","MONTEREY RD",1542.00,S,N,B,-,Y,,,101,,,,,,N,Y,3,0,1,1,A,-,08,22107,,N,F,A,A,A,H,-,D,D,0,,,,,Y,,D,22,0,1,0,0,0,0,0,0,0,"- ","- ",35.662959999999998,-120.6968,"SAN LUIS OBISPO",UNINCORPORATED,-120.69699301999999,35.663011529999999
90616351,2017,2017-12-13,9745,2017-12-09,1412,017930,,6,2,9,4000,0,1,2,,2,505,"US-101 NORTHBOUND","TEFFT STREET",3696.00,S,N,A,-,Y,,,101,,,,,,N,Y,3,0,2,1,A,-,08,22107,,N,E,I,A,A,H,-,A,D,0,,,,,Y,,A,01,0,2,0,0,0,0,0,0,0,"- ","- ",35.028210000000001,-120.47503,"SAN LUIS OBISPO",UNINCORPORATED,-120.47506918000001,35.028167580000002
90619564,2017,2017-12-18,9745,2017-12-14,1340,017151,,4,1,2,4005,0,1,2,,2,404,"US-101 NORTHBOUND","4TH STREET",1056.00,N,N,A,-,Y,,,101,,,,,,N,Y,4,0,1,2,A,-,16,24002,A,N,F,A,A,A,H,-,A,D,0,,,,,Y,,-,99,0,0,1,0,0,0,0,0,0,"- ","- ",35.137349999999998,-120.62576,"SAN LUIS OBISPO","PISMO BEACH",-120.62577472,35.137274439999999
90620028,2017,2017-12-19,9740,2017-12-17,1445,015854,,7,2,9,4000,0,1,3,,2,005,SR-58,"WILHELMINA AVE",20.00,W,N,A,-,Y,,,58,,,,,,,Y,3,0,2,2,A,-,04,21703,,N,D,C,A,A,H,-,A,D,0,,,Y,,Y,,C,02,0,1,1,0,0,0,0,0,2,"- ","- ",35.386510000000001,-120.61733,"SAN LUIS OBISPO",UNINCORPORATED,-120.61730712000001,35.386467089999996
90620615,2017,2017-12-19,9745,2017-12-19,0805,013531,,2,1,9,4000,0,1,2,,2,505,"US-101 NORTHBOUND","WILLOW ROAD",900.00,S,N,A,-,Y,,,101,,,,,,N,N,4,0,1,1,A,-,08,22107,,N,E,I,A,A,H,-,A,D,0,,,,,Y,,A,01,0,0,1,0,0,0,0,0,0,"- ","- ",35.052759999999999,-120.49889,"SAN LUIS OBISPO",UNINCORPORATED,-120.49879365,35.05284683
90621400,2017,2017-12-20,9745,2017-12-18,1750,014713,,1,2,9,4000,0,1,2,,2,303,"US-101 SOUTHBOUND","AVILA BEACH DRIVE",1235.00,S,N,A,-,Y,,,101,,,,,,S,N,4,0,1,2,A,-,03,22350,,N,C,C,A,A,H,-,D,D,0,,,,,Y,,A,01,0,0,1,0,0,0,0,0,0,"- ","- ",35.176569999999998,-120.69775,"SAN LUIS OBISPO",UNINCORPORATED,-120.69784547,35.176542609999998
90627619,2017,2017-12-27,9745,2017-12-21,1810,013531,,4,2,3,4001,0,1,2,,2,402,"US-101 SOUTHBOUND","BRISCO ROAD",200.00,S,N,A,-,Y,,,101,,,,,,S,N,4,0,1,2,A,-,03,22350,,N,C,C,A,A,H,-,C,D,0,,,,,Y,,A,01,0,0,1,0,0,0,0,0,0,"- ","- ",35.123950000000001,-120.59217,"SAN LUIS OBISPO","ARROYO GRANDE",-120.59220679000001,35.123819320000003
90628621,2017,2017-12-28,9745,2017-12-11,1530,019809,,1,2,9,4000,0,1,3,,1,041,SR-1,"RAILROAD ST",0.00,,Y,A,-,Y,,,1,,,,,,,Y,3,0,1,3,A,-,09,21802,A,N,D,C,A,A,H,-,A,A,0,,,,Y,Y,,A,01,0,1,0,0,0,0,0,0,0,"- ","- ",35.099179999999997,-120.61299,"SAN LUIS OBISPO",UNINCORPORATED,-120.61298159,35.099191779999998
90628957,2017,2017-12-28,9745,2017-12-27,1535,016068,,3,2,9,4000,0,1,2,,2,303,"US-101 SOUTHBOUND","AVILA BEACH DRIVE",528.00,S,N,A,-,Y,,,101,,,,,,S,Y,3,0,1,3,A,-,03,22350,,N,C,C,A,A,H,-,A,D,0,,,,,Y,,A,01,0,1,0,0,0,0,0,0,0,"- ","- ",35.176400000000001,-120.6978,"SAN LUIS OBISPO",UNINCORPORATED,-120.69780421999999,35.17639879
90629639,2017,2017-12-29,9745,2017-12-21,1705,016390,,4,2,4,4006,0,1,2,,2,202,"US-101 S/B","LOS OSOS VALLEY RD O/C",300.00,N,N,A,-,Y,,,101,,,,,,S,Y,3,0,3,3,A,-,03,22350,,N,C,C,A,A,H,-,D,D,0,,,,,Y,,A,01,0,1,2,0,0,0,0,0,0,"- ","- ",35.246250000000003,-120.68127,"SAN LUIS OBISPO","SAN LUIS OBISPO",-120.68133706,35.24629032
90630852,2017,2018-01-02,9740,2017-12-29,0750,018338,,5,1,9,4000,0,1,3,,2,007,SR-41,"CRIPPLE CREEK RD",248.00,N,N,A,-,N,,,41,,,,,,,Y,4,0,1,1,A,-,08,22107,,N,E,I,A,A,H,-,A,D,0,,,,,Y,,D,22,0,0,1,0,0,0,0,0,0,"- ","- ",35.53396,-120.55598999999999,"SAN LUIS OBISPO",UNINCORPORATED,-120.55599405,35.534000669999998
90631002,2017,2018-01-02,9740,2017-12-29,1930,018995,,5,2,9,4000,0,1,2,,2,001,"US-101 SOUTHBOUND","SANTA BARBARA RD",2582.00,N,N,A,-,Y,,,,,,,,,,Y,2,0,1,1,A,-,01,23152,A,N,F,A,A,A,H,-,D,D,0,,,,,Y,Y,A,07,1,0,0,0,0,0,0,0,0,"- ","- ",35.450470000000003,-120.63987,"SAN LUIS OBISPO",UNINCORPORATED,,
90632154,2017,2018-01-03,9745,2017-12-21,1720,015144,,4,2,2,4005,0,1,2,,2,404,"US-101 NORTHBOUND","WADSWORTH AVE",1056.00,N,N,A,-,Y,,,101,,,,,,N,Y,3,0,1,2,A,-,07,21658,A,N,B,C,A,A,H,-,B,D,0,,,,Y,Y,,A,01,0,1,0,0,0,0,0,0,0,"- ","- ",35.146619999999999,-120.6443,"SAN LUIS OBISPO","PISMO BEACH",-120.64429174999999,35.146629240000003
90632223,2017,2018-01-03,9745,2017-12-31,1420,020229,,7,2,9,4000,0,1,3,,1,040,SR-227,"NOYES RD",282.00,N,N,A,-,Y,,,227,,,,,,,Y,4,0,1,1,A,-,01,23152,A,N,E,I,A,A,H,-,A,D,0,,,,,Y,Y,A,01,0,0,1,0,0,0,0,0,0,"- ","- ",35.169710000000002,-120.583,"SAN LUIS OBISPO",UNINCORPORATED,-120.58299455,35.16971478
90635011,2017,2018-01-08,9745,2017-12-31,1712,017857,,7,2,9,4000,0,2,4,,1,051,"LOS BERROS ROAD","QUAILWOOD LANE",103.00,W,N,A,-,N,,,,,,,,,,Y,3,0,1,1,A,-,01,23152,A,N,E,I,A,A,H,-,D,D,0,,,,,Y,Y,D,22,0,1,0,0,0,0,0,0,0,"- ","- ",35.076920000000001,-120.52529,"SAN LUIS OBISPO",UNINCORPORATED,-120.52489245,35.07678834
90636839,2017,2018-01-10,9740,2017-12-30,1657,018995,,6,2,9,4000,0,3,5,,2,021,"VINEYARD DR","SANTA RITA RD",0.00,,Y,A,-,N,,,,,,,,,,Y,4,0,1,2,A,-,03,22350,,N,C,C,A,A,H,-,D,D,0,,,,,Y,,A,01,0,0,1,0,0,0,0,0,0,"- ","- ",35.543309999999998,-120.72266,"SAN LUIS OBISPO",UNINCORPORATED,-120.72267999,35.543310069999997