CASE_ID,ACCIDENT_YEAR,PROC_DATE,JURIS,COLLISION_DATE,COLLISION_TIME,OFFICER_ID,REPORTING_DISTRICT,DAY_OF_WEEK,CHP_SHIFT,POPULATION,CNTY_CITY_LOC,SPECIAL_COND,BEAT_TYPE,CHP_BEAT_TYPE,CITY_DIVISION_LAPD,CHP_BEAT_CLASS,BEAT_NUMBER,PRIMARY_RD,SECONDARY_RD,DISTANCE,DIRECTION,INTERSECTION,WEATHER_1,WEATHER_2,STATE_HWY_IND,CALTRANS_COUNTY,CALTRANS_DISTRICT,STATE_ROUTE,ROUTE_SUFFIX,POSTMILE_PREFIX,POSTMILE,LOCATION_TYPE,RAMP_INTERSECTION,SIDE_OF_HWY,TOW_AWAY,COLLISION_SEVERITY,NUMBER_KILLED,NUMBER_INJURED,PARTY_COUNT,PRIMARY_COLL_FACTOR,PCF_CODE_OF_VIOL,PCF_VIOL_CATEGORY,PCF_VIOLATION,PCF_VIOL_SUBSECTION,HIT_AND_RUN,TYPE_OF_COLLISION,MVIW,PED_ACTION,ROAD_SURFACE,ROAD_COND_1,ROAD_COND_2,LIGHTING,CONTROL_DEVICE,CHP_ROAD_TYPE,PEDESTRIAN_ACCIDENT,BICYCLE_ACCIDENT,MOTORCYCLE_ACCIDENT,TRUCK_ACCIDENT,NOT_PRIVATE_PROPERTY,ALCOHOL_INVOLVED,STWD_VEHTYPE_AT_FAULT,CHP_VEHTYPE_AT_FAULT,COUNT_SEVERE_INJ,COUNT_VISIBLE_INJ,COUNT_COMPLAINT_PAIN,COUNT_PED_KILLED,COUNT_PED_INJURED,COUNT_BICYCLIST_KILLED,COUNT_BICYCLIST_INJURED,COUNT_MC_KILLED,COUNT_MC_INJURED,PRIMARY_RAMP,SECONDARY_RAMP,LATITUDE,LONGITUDE,COUNTY,CITY,POINT_X,POINT_Y
90692631,2018,2018-03-29,9745,2018-03-21,1249,016068,,3,1,9,4000,0,1,3,,1,011,SR-41,"OLD MORRO ROAD WEST",77.00,N,N,B,C,Y,,,41,,,,,,,Y,1,1,0,1,A,-,03,22350,,N,E,I,A,B,H,-,A,D,0,,,,,Y,,A,07,0,0,0,0,0,0,0,0,0,"- ","- ",35.460609436035156,-120.73352813720703,"SAN LUIS OBISPO",UNINCORPORATED,-120.73348999023438,35.460472106933594
90692793,2018,2018-03-29,9745,2018-03-28,1750,016068,,3,2,9,4000,0,1,3,,1,032,SR-227,"BUCKLEY ROAD",0.00,,Y,A,-,Y,,,227,,,,,,,Y,4,0,2,2,A,-,03,22350,,N,C,C,A,A,H,-,A,A,0,,,,,Y,,A,01,0,0,2,0,0,0,0,0,0,"- ","- ",35.230998992919922,-120.62979888916016,"SAN LUIS OBISPO",UNINCORPORATED,-120.62990570068359,35.230937957763672
90695522,2018,2018-03-30,9745,2018-03-25,1150,020229,,7,1,2,4003,0,1,3,,2,022,"SR-1 SOUTHBOUND TO MAIN ST.","MAIN ST",827.00,N,N,A,-,Y,,,1,,,,R,,S,N,3,0,1,2,A,-,08,22107,,N,D,G,A,A,H,-,A,D,0,,Y,,,Y,,L,04,0,1,0,0,0,0,1,0,0,"- ","- ",35.375141143798828,-120.85343170166016,"SAN LUIS OBISPO","MORRO BAY",-120.85343170166016,35.375141143798828
90695731,2018,2018-03-30,9745,2018-03-29,1730,017097,,4,2,4,4006,0,1,2,,2,202,"US-101 NB","LOS OSOS VALLEY RD",2112.00,N,N,A,-,Y,,,101,,,,,,N,N,4,0,2,2,A,-,03,22350,,N,C,C,A,A,H,-,A,D,0,,,,,Y,,D,22,0,0,2,0,0,0,0,0,0,"- ","- ",35.250091552734375,-120.67887878417969,"SAN LUIS OBISPO","SAN LUIS OBISPO",-120.67881774902344,35.250053405761719
90696364,2018,2018-04-02,9740,2018-03-23,2310,018338,,5,3,9,4000,0,1,3,,2,008,SR-46,"BITTERWATER RD",3168.00,E,N,A,-,Y,,,46,,,,,,,Y,4,0,3,3,C,-,18,,,N,A,C,A,A,H,-,D,D,0,,,,,Y,,-,"- ",0,0,3,0,0,0,0,0,0,"- ","- ",35.715988159179688,-120.30265808105469,"SAN LUIS OBISPO",UNINCORPORATED,-120.30263519287109,35.715950012207031
90696540,2018,2018-04-02,9740,2018-03-27,0742,013984,,2,1,9,4000,0,1,3,,2,007,"RT 41","VIA VISTA WAY",500.00,N,N,A,-,Y,,,41,,,,,,,Y,3,0,1,2,A,-,03,22350,,N,C,C,A,A,H,-,A,D,0,,,,Y,Y,,A,01,0,1,0,0,0,0,0,0,0,"- ","- ",35.506690979003906,-120.61731719970703,"SAN LUIS OBISPO",UNINCORPORATED,-120.61731719970703,35.506702423095703
90696544,2018,2018-04-02,9745,2018-03-27,0737,017541,,2,1,9,4000,0,1,2,,2,505,"US-101 NORTHBOUND","TEFFT STREET",750.00,S,N,A,-,Y,,,101,,,,,,N,Y,4,0,2,2,A,-,03,22350,,N,C,C,A,A,H,-,A,D,0,,,,,Y,,A,01,0,0,2,0,0,0,0,0,0,"- ","- ",35.035549163818359,-120.48291778564453,"SAN LUIS OBISPO",UNINCORPORATED,-120.48298645019531,35.035476684570312
90697899,2018,2018-04-03,9740,2018-03-29,1155,016154,,4,1,9,4000,0,2,4,,2,012,"NACIMIENTO LAKE DR","SLATE RANCH RD.",137.00,W,N,A,-,N,,,,,,,,,,Y,3,0,1,1,A,-,08,22107,,N,F,A,A,A,H,-,A,D,0,,,Y,,Y,,C,02,0,1,0,0,0,0,0,0,1,"- ","- ",35.647800445556641,-120.71540069580078,"SAN LUIS OBISPO",UNINCORPORATED,-120.7154541015625,35.647842407226562
9069836,2020,2020-11-12,4004,2020-03-18,0614,1425,,3,5,3,4004,0,0,0,,0,,"RT 46 E","GOLDEN HILL RD",0.00,,Y,A,-,Y,SLO,5,46,-,-,31.310,I,5,E,Y,4,0,1,2,A,-,12,21453,A,N,D,D,A,A,H,-,A,A,0,,,,,Y,,A,01,0,0,1,0,0,0,0,0,0,"- ","- ",35.644428253173828,-120.657958984375,"SAN LUIS OBISPO","PASO ROBLES",-120.65808868408203,35.644428253173828
90699475,2018,2018-04-05,9745,2018-03-31,1905,020211,,6,2,9,4000,0,2,4,,1,046,"PRICE CANYON RD","SPANISH SPRINGS DR.",350.00,S,N,A,-,N,,,,,,,,,,Y,4,0,1,2,A,-,08,22107,,N,D,C,A,A,H,-,A,D,0,,,,,Y,,A,01,0,0,1,0,0,0,0,0,0,"- ","- ",35.165378570556641,-120.63096618652344,"SAN LUIS OBISPO",UNINCORPORATED,-120.63098907470703,35.1654052734375
90701220,2018,2018-04-09,9740,2018-03-28,1820,018069,,3,2,3,4004,0,1,2,,2,003,"US-101 NB","SR-46 W/B",528.00,N,N,A,-,Y,,,101,,,,,,N,Y,2,0,1,1,A,-,08,22107,,N,F,A,A,A,H,-,A,D,0,,,Y,,Y,,C,02,1,0,0,0,0,0,0,0,1,"- ","- ",35.592208862304688,-120.69539642333984,"SAN LUIS OBISPO","PASO ROBLES",-120.69527435302734,35.592208862304688
90701683,2018,2018-04-09,9745,2018-04-05,1825,017144,,4,2,9,4000,0,2,4,,1,046,"PRICE CANYON RD","THOUSAND HILLS RD.",20.00,N,N,B,-,N,,,,,,,,,,Y,3,0,1,2,A,-,03,22350,,N,C,C,A,A,H,-,A,D,0,,,,,Y,,A,01,0,1,0,0,0,0,0,0,0,"- ","- ",35.164310455322266,-120.63465118408203,"SAN LUIS OBISPO",UNINCORPORATED,-120.63461303710938,35.164348602294922
90702164,2018,2018-04-10,9740,2018-04-03,1050,014465,,2,1,9,4000,0,3,5,,2,017,"EL POMAR DR","VAQUERO DR",0.00,,Y,A,-,N,,,,,,,,,,Y,4,0,1,2,A,-,09,21801,A,N,D,C,A,A,H,-,A,D,0,,,,,Y,,D,22,0,0,1,0,0,0,0,0,0,"- ","- ",35.558769226074219,-120.68833160400391,"SAN LUIS OBISPO",UNINCORPORATED,-120.68856811523438,35.558738708496094
90703127,2018,2018-04-11,9745,2018-04-01,1505,014910,,7,2,9,4000,0,1,2,,1,101,"US-101 NORTHBOUND","MONTEREY ST",1056.00,N,N,A,-,Y,,,101,,,,,,N,N,4,0,1,2,A,-,07,21658,A,N,B,C,A,A,H,-,A,C,0,,,,,Y,,A,01,0,0,1,0,0,0,0,0,0,"- ","- ",35.293018341064453,-120.64318084716797,"SAN LUIS OBISPO",UNINCORPORATED,-120.64320373535156,35.293052673339844
90706794,2018,2018-04-17,9740,2018-04-08,1735,019259,,7,2,9,4000,0,1,2,,2,002,"US-101 NORTHBOUND","VINEYARD DR",2640.00,S,N,A,-,Y,,,101,,,,,,N,N,3,0,1,2,A,-,03,22350,,N,C,C,A,A,H,-,A,D,0,,,Y,,Y,,C,02,0,1,0,0,0,0,0,0,1,"- ","- ",35.534210205078125,-120.71053314208984,"SAN LUIS OBISPO",UNINCORPORATED,-120.71055603027344,35.534198760986328
90707348,2018,2018-04-17,9745,2018-04-14,2204,020211,,6,3,9,4000,0,1,2,,2,505,"US-101 SOUTHBOUND","JOSHUA ST.",200.00,N,N,A,-,Y,,,101,,,,,,S,Y,3,0,1,2,A,-,03,22350,,N,B,C,A,A,H,-,D,D,0,,,,,Y,,A,07,0,1,0,0,0,0,0,0,0,"- ","- ",35.010101318359375,-120.45171356201172,"SAN LUIS OBISPO",UNINCORPORATED,-120.45167541503906,35.010162353515625
90707657,2017,2018-04-18,9740,2017-12-17,2215,014543,,7,3,9,4000,0,1,2,,2,003,"US-101 SOUTHBOUND","ROBLES RD",278.00,S,N,A,-,Y,,,101,,,,,,S,Y,1,1,1,2,A,-,01,23152,A,N,E,J,A,A,D,-,D,A,0,,,,Y,Y,Y,A,01,1,0,0,0,0,0,0,0,0,"- ","- ",35.605919999999998,-120.69267000000001,"SAN LUIS OBISPO",UNINCORPORATED,-120.69261987,35.6059129
90708207,2018,2018-04-18,9745,2018-04-16,1815,016068,,1,2,9,4000,0,1,2,,2,303,"US-101 SOUTHBOUND","SAN LUIS BAY DR",528.00,N,N,A,-,Y,,,101,,,,,,S,Y,3,0,1,1,A,-,08,22107,,N,E,I,A,A,H,-,A,D,0,,,,,Y,,A,01,0,1,0,0,0,0,0,0,0,"- ","- ",35.202301025390625,-120.69750213623047,"SAN LUIS OBISPO",UNINCORPORATED,-120.69739532470703,35.202281951904297
90709696,2018,2018-04-20,9745,2018-04-13,1730,017817,,5,2,9,4000,0,3,5,,2,005,"BRANCH MILL RD.","TANNER LN.",2640.00,E,N,A,-,Y,,,,,,,,,,Y,3,0,4,2,A,-,03,22350,,N,A,C,A,A,H,-,A,D,0,,,,,Y,,A,01,0,4,0,0,0,0,0,0,0,"- ","- ",35.130550384521484,-120.54921722412109,"SAN LUIS OBISPO",UNINCORPORATED,-120.550048828125,35.129947662353516
90709775,2018,2018-04-20,9745,2018-04-15,0420,020689,,7,3,9,4000,0,2,4,,1,055,"TEFFT STREET","EUCALYPTUS RD",208.00,N,N,A,-,N,,,,,,,,,,Y,3,0,3,1,A,-,08,22107,,N,E,I,A,A,H,-,D,D,0,,,,,Y,,A,01,0,3,0,0,0,0,0,0,0,"- ","- ",35.019561767578125,-120.50093841552734,"SAN LUIS OBISPO",UNINCORPORATED,-120.50099182128906,35.019638061523438
90710538,2018,2018-04-23,9740,2018-04-11,1039,014465,,3,1,9,4000,0,1,2,,2,002,"US-101 NORTHBOUND","VINEYARD DR",3696.00,S,N,A,-,Y,,,101,,,,,,N,Y,4,0,1,2,A,-,08,22107,,N,B,C,A,A,H,-,A,D,0,,,,Y,Y,,A,01,0,0,1,0,0,0,0,0,0,"- ","- ",35.534381866455078,-120.71074676513672,"SAN LUIS OBISPO",UNINCORPORATED,-120.71064758300781,35.534423828125
90710782,2018,2018-04-23,9745,2018-04-12,1408,017817,,4,2,9,4000,0,2,4,,1,048,"SAN LUIS ST.","AVILA BEACH DR.",50.00,S,N,A,-,N,,,,,,,,,,Y,4,0,1,1,C,-,18,,,N,E,I,A,A,H,-,A,D,0,,,,,Y,,-,"- ",0,0,1,0,0,0,0,0,0,"- ","- ",35.18048095703125,-120.72757720947266,"SAN LUIS OBISPO",UNINCORPORATED,-120.72744750976562,35.18060302734375
90710964,2018,2018-04-23,9740,2018-04-13,0200,016849,,5,3,9,4000,0,3,5,,2,019,"HOG CANYON ROAD","VON DOLLEN ROAD",2166.00,S,N,A,-,N,,,,,,,,,,Y,4,0,1,1,A,-,01,23152,A,N,E,I,A,A,H,-,D,D,0,,,,,Y,Y,D,22,0,0,1,0,0,0,0,0,0,"- ","- ",35.733501434326172,-120.56919860839844,"SAN LUIS OBISPO",UNINCORPORATED,-120.56911468505859,35.733642578125
90711331,2018,2018-04-23,9745,2018-04-16,1118,014910,,1,1,4,4006,0,1,2,,2,505,"US-101 NORTHBOUND","LOS BERROS RD",3696.00,N,N,A,-,Y,,,,,,,,,,N,4,0,1,2,A,-,03,22350,,N,C,C,A,A,H,-,A,D,0,,,,,Y,,A,01,0,0,1,0,0,0,0,0,0,"- ","- ",35.082538604736328,-120.5286865234375,"SAN LUIS OBISPO","SAN LUIS OBISPO",-120.52495574951172,35.07904052734375
90711917,2018,2018-04-24,9745,2018-04-22,1140,016714,,7,1,2,4005,0,1,2,,2,404,"US-101 N/B","WADSWORTH AVE.",298.00,S,N,A,-,Y,,,101,,,,,,N,Y,4,0,1,3,A,-,03,22350,,N,C,C,A,A,H,-,A,D,0,,,,,Y,,A,01,0,0,1,0,0,0,0,0,0,"- ","- ",35.143741607666016,-120.64102172851562,"SAN LUIS OBISPO","PISMO BEACH",-120.64103698730469,35.143718719482422
90713145,2018,2018-04-25,9745,2018-04-21,0209,014713,,6,3,2,4005,0,1,2,,2,404,"US-101 (SOUTHBOUND)","SR-1 (DOLLIVER STREET)",68.00,N,N,A,-,Y,,,101,,,,,,,Y,3,0,1,1,A,-,01,23152,A,N,E,I,A,A,H,-,D,D,0,,,,,Y,Y,D,22,0,1,0,0,0,0,0,0,0,"- ","- ",35.146808624267578,-120.64499664306641,"SAN LUIS OBISPO","PISMO BEACH",-120.64495849609375,35.146873474121094
90715417,2018,2018-04-27,9745,2018-04-26,1710,017097,,4,2,4,4006,0,1,2,,2,202,"US-101 NB","GRAND AVE",30.00,N,N,A,-,Y,,,101,,,,,,N,N,4,0,1,2,A,-,04,21703,,N,C,C,A,A,H,-,A,D,0,,,,,Y,,A,01,0,0,1,0,0,0,0,0,0,"- ","- ",35.291969299316406,-120.65290069580078,"SAN LUIS OBISPO","SAN LUIS OBISPO",-120.65290069580078,35.291759490966797
90716717,2018,2018-04-30,9745,2018-04-21,0555,015144,,6,3,9,4000,0,1,3,,1,045,SR-1,"VIA ENTRADA",0.00,,Y,E,-,Y,,,1,,,,,,,Y,3,0,2,2,A,-,08,22107,,N,A,C,A,B,H,-,D,D,0,,,,Y,Y,,A,08,0,2,0,0,0,0,0,0,0,"- ","- ",35.022911071777344,-120.5625,"SAN LUIS OBISPO",UNINCORPORATED,-120.5626220703125,35.022953033447266
90717443,2018,2018-05-01,9745,2018-04-30,1730,017151,,1,2,9,4000,0,1,2,,2,505,"US-101 SOUTHBOUND","EL CAMPO RD.",2112.00,S,N,A,-,Y,,,101,,,,,,S,Y,4,0,1,2,A,-,03,22350,,N,C,C,A,A,H,-,A,D,0,,,,,Y,,D,22,0,0,1,0,0,0,0,0,0,"- ","- ",35.106399536132812,-120.55419921875,"SAN LUIS OBISPO",UNINCORPORATED,-120.55423736572266,35.106353759765625
90717492,2018,2018-05-01,9745,2018-04-19,0600,015144,,4,1,3,4001,0,1,2,,2,402,"GRAND AVENUE ON TO SB US-101","GRAND AVE",300.00,S,N,B,-,Y,,,,,,,,,,Y,2,0,1,1,A,-,01,23152,A,N,E,I,A,B,H,-,D,D,0,,,,,Y,Y,D,22,1,0,0,0,0,0,0,0,0,"- ","- ",35.120929718017578,-120.58329772949219,"SAN LUIS OBISPO","ARROYO GRANDE",,
90718501,2018,2018-05-02,9740,2018-04-24,1300,013733,,2,1,9,4000,0,3,5,,2,021,"VINEYARD DR",SR-46,1584.00,S,N,B,-,N,,,,,,,,,,Y,3,0,1,3,A,-,09,21801,A,N,B,C,A,A,H,-,A,D,0,,,,,Y,,A,07,0,1,0,0,0,0,0,0,0,"- ","- ",35.554271697998047,-120.75620269775391,"SAN LUIS OBISPO",UNINCORPORATED,-120.75650024414062,35.554172515869141
90718670,2018,2018-05-02,9740,2018-04-27,2030,016154,,5,2,9,4000,0,1,3,,1,014,SR-1,"WINDSOR BLVD.",0.00,,Y,A,-,Y,,,,,,,,,,Y,3,0,1,2,A,-,12,21453,A,N,D,C,A,A,H,-,C,A,0,,,,,Y,,A,01,0,1,0,0,0,0,0,0,0,"- ","- ",35.568901062011719,-120.10389709472656,"SAN LUIS OBISPO",UNINCORPORATED,-121.10389709472656,35.568889617919922
9071999,2020,2020-05-21,4004,2020-02-21,2150,1427,,5,5,3,4004,0,0,0,,0,,"SPRING ST","32ND ST",131.00,S,N,A,-,N,,,,,,,,,,N,3,0,1,2,A,-,01,23152,A,N,C,E,A,A,H,-,C,D,0,,,,,Y,Y,A,01,0,1,0,0,0,0,0,0,0,"- ","- ",35.647518157958984,-120.69322967529297,"SAN LUIS OBISPO","PASO ROBLES",-120.69310760498047,35.647171020507812
90721179,2018,2018-05-07,9745,2018-04-21,1425,017541,,6,2,9,4000,0,3,5,,2,002,"PERFUMO CANYON RD.","CASTILLO CT",17952.00,W,N,A,-,N,,,,,,,,,,Y,2,0,1,2,A,-,03,22350,,N,B,C,A,A,H,-,A,D,0,,,Y,,Y,,C,02,1,0,0,0,0,0,0,0,1,"- ","- ",35.262271881103516,-120.75575256347656,"SAN LUIS OBISPO",UNINCORPORATED,-120.75417327880859,35.262161254882812
90721622,2018,2018-05-07,9740,2018-05-04,1830,016849,,5,2,9,4000,0,3,5,,2,017,"LA PANZA RD","RYAN ROAD",1509.00,N,N,A,-,N,,,,,,,,,,Y,3,0,1,1,A,-,08,22107,,N,F,A,A,A,H,-,A,D,0,,,,,Y,,D,22,0,1,0,0,0,0,0,0,0,"- ","- ",35.525001525878906,-120.49960327148438,"SAN LUIS OBISPO",UNINCORPORATED,-120.49951934814453,35.525020599365234
90722328,2018,2018-05-08,9745,2018-05-07,1530,017817,,1,2,9,4000,0,1,3,,1,041,"SR-1 SOUTHBOUND","TRANQUIL CT.",175.00,S,N,A,-,Y,,,1,,,,,,S,N,4,0,1,2,A,-,03,22350,,N,C,C,A,A,H,-,A,D,0,,,,,Y,,A,07,0,0,1,0,0,0,0,0,0,"- ","- ",35.102249145507812,-120.61691284179688,"SAN LUIS OBISPO",UNINCORPORATED,-120.61701202392578,35.102108001708984
90722335,2018,2018-05-08,9745,2018-05-04,1740,017817,,5,2,9,4000,0,1,3,,1,032,"SR-227 SOUTHBOUND","BUCKLEY RD.",15.00,N,N,A,-,Y,,,227,,,,,,S,Y,4,0,1,2,A,-,03,22350,,N,C,C,A,A,H,-,A,D,0,,,,,Y,,A,07,0,0,1,0,0,0,0,0,0,"- ","- ",35.230628967285156,-120.62969970703125,"SAN LUIS OBISPO",UNINCORPORATED,-120.62972259521484,35.230617523193359
90722882,2018,2018-05-09,9745,2018-05-06,0113,020211,,7,3,9,4000,0,1,2,,2,505,"US-101 SOUTHBOUND","WILLOW ROAD",2075.00,S,N,A,-,Y,,,101,,,,,,S,Y,4,0,1,2,A,-,01,23152,A,N,D,C,A,A,H,-,D,D,0,,,,,Y,Y,A,01,0,0,1,0,0,0,0,0,0,"- ","- ",35.049980163574219,-120.49651336669922,"SAN LUIS OBISPO",UNINCORPORATED,-120.49652099609375,35.049968719482422
90723040,2018,2018-05-09,9745,2018-05-08,0755,013212,,2,1,9,4000,0,3,5,,2,003,"SAN LUIS BAY DR","US-101 SOUTHBOUND",0.00,,Y,A,-,N,,,,,,,,,,Y,4,0,1,2,A,-,09,21801,A,N,A,C,A,A,H,-,A,D,0,,,,,Y,,A,01,0,0,1,0,0,0,0,0,0,"- ","- ",35.196090698242188,-120.70012664794922,"SAN LUIS OBISPO",UNINCORPORATED,-120.69960784912109,35.196071624755859
90723280,2018,2018-05-09,9745,2018-05-09,0750,017144,,3,1,9,4000,0,1,2,,1,101,"US-101 SOUTHBOUND","RESERVOIR CANYON RD",700.00,N,N,A,-,Y,,,101,,,,,,S,Y,4,0,1,3,A,-,03,22350,,N,C,C,A,A,H,-,A,D,0,,,,,Y,,D,22,0,0,1,0,0,0,0,0,0,"- ","- ",35.297660827636719,-120.62814331054688,"SAN LUIS OBISPO",UNINCORPORATED,-120.62815856933594,35.297687530517578
90725950,2018,2018-05-14,9745,2018-05-07,0725,017541,,1,1,9,4000,0,1,2,,2,505,"US-101 SOUTHBOUND","LOS BERROS RD",800.00,S,N,A,-,Y,,,101,,,,,,S,Y,4,0,3,2,A,-,08,22107,,N,C,C,A,A,H,-,A,D,0,,,,,Y,,A,01,0,0,3,0,0,0,0,0,0,"- ","- ",35.067630767822266,-120.51268768310547,"SAN LUIS OBISPO",UNINCORPORATED,-120.51265716552734,35.067661285400391
90727604,2018,2018-05-16,9740,2018-05-06,1050,017426,,7,1,9,4000,0,3,5,,2,019,"RIVER RD","CROSS CANYONS RD",0.00,,Y,A,-,N,,,,,,,,,,N,2,0,2,2,A,-,12,22450,A,N,D,G,A,A,H,-,A,A,0,,Y,,,Y,,L,04,1,0,1,0,0,0,1,0,0,"- ","- ",35.753700256347656,-120.68569946289062,"SAN LUIS OBISPO",UNINCORPORATED,-120.68567657470703,35.753810882568359
90727825,2018,2018-06-19,9745,2018-04-25,1938,016002,,3,2,9,4000,0,2,4,,1,051,"LOS BERROS RD","DALE AVE.",37.00,W,N,A,-,N,,,,,,,,,,Y,1,1,0,1,A,-,01,23152,A,N,E,I,A,A,H,-,B,D,0,,,Y,,Y,Y,C,02,0,0,0,0,0,0,0,1,0,"- ","- ",35.072990417480469,-120.52150726318359,"SAN LUIS OBISPO",UNINCORPORATED,-120.52154541015625,35.073062896728516
90727927,2018,2018-05-16,9745,2018-05-08,1638,016002,,2,2,9,4000,0,1,2,,2,505,"US-101 SOUTHBOUND","TEFFT STREET",6336.00,S,N,A,-,Y,,,101,,,,,,S,Y,4,0,2,2,A,-,03,22350,,N,C,C,A,A,H,-,A,D,0,,,,,Y,,A,01,0,0,2,0,0,0,0,0,0,"- ","- ",35.022998809814453,-120.46980285644531,"SAN LUIS OBISPO",UNINCORPORATED,-120.46979522705078,35.02301025390625
90728525,2018,2018-05-17,9740,2018-05-13,1512,018988,,7,2,9,4000,0,1,2,,2,004,"US-101 NORTHBOUND","WELLSONA RD",4224.00,N,N,A,-,Y,,,101,,,,,,N,Y,3,0,1,2,A,-,03,22350,,N,F,C,A,A,H,-,A,D,0,,,,,Y,,A,07,0,1,0,0,0,0,0,0,0,"- ","- ",35.708118438720703,-120.69490051269531,"SAN LUIS OBISPO",UNINCORPORATED,-120.69481658935547,35.708099365234375
90728679,2018,2018-05-17,9745,2018-05-10,1825,019809,,4,2,9,4000,0,3,5,,2,004,"HI MOUNTAIN RD","LOPEZ DR",1584.00,S,N,A,-,N,,,,,,,,,,Y,3,0,2,1,A,-,03,22350,,N,E,I,A,A,H,-,A,D,0,,,,,Y,Y,A,01,0,2,0,0,0,0,0,0,0,"- ","- ",35.187919616699219,-120.45590972900391,"SAN LUIS OBISPO",UNINCORPORATED,-120.45793151855469,35.188358306884766
90728906,2018,2018-05-17,9745,2018-05-14,1630,017097,,1,2,2,4005,0,1,2,,2,404,"US-101 SB","FRADY LN",210.00,N,N,A,-,Y,,,101,,,,,,S,Y,2,0,1,1,A,-,03,22350,,N,F,A,A,A,H,-,A,D,0,,,Y,,Y,,C,02,1,0,0,0,0,0,0,0,1,"- ","- ",35.138660430908203,-120.63339996337891,"SAN LUIS OBISPO","PISMO BEACH",-120.63340759277344,35.138629913330078
90728944,2018,2018-05-17,9745,2018-05-12,0820,017144,,6,1,9,4000,0,1,2,,2,303,"US-101 SOUTHBOUND","HIGUERA ST",850.00,S,N,B,-,Y,,,101,,,,,,S,Y,3,0,1,1,A,-,08,22107,,N,F,A,A,A,H,-,A,D,0,,,,,Y,,A,01,0,1,0,0,0,0,0,0,0,"- ","- ",35.221668243408203,-120.69226837158203,"SAN LUIS OBISPO",UNINCORPORATED,-120.69231414794922,35.221691131591797
90729604,2018,2018-05-18,9745,2018-05-10,0840,016390,,4,1,2,4005,0,1,2,,2,404,"US-101 N/B","OAK PARK BLVD. O/C",1000.00,N,N,A,-,Y,,,101,,,,,,N,Y,3,0,1,1,A,-,08,22107,,N,F,A,A,A,H,-,A,D,0,,,,,Y,,A,07,0,1,0,0,0,0,0,0,0,"- ","- ",35.130821228027344,-120.60941314697266,"SAN LUIS OBISPO","PISMO BEACH",-120.60941314697266,35.13079833984375
90735026,2018,2018-05-25,9745,2018-05-23,1540,016068,,3,2,9,4000,0,2,4,,1,024,"SOUTH BAY BLVD","SANTA YSABEL AVE",400.00,N,N,A,-,N,,,,,,,,,,Y,3,0,1,3,A,-,03,22350,,N,C,C,A,A,H,-,A,A,0,,,,,Y,,A,01,0,1,0,0,0,0,0,0,0,"- ","- ",35.331001281738281,-120.82330322265625,"SAN LUIS OBISPO",UNINCORPORATED,-120.82333374023438,35.331027984619141
90735857,2018,2018-05-29,9740,2018-05-07,0520,013984,,1,3,9,4000,0,1,2,,2,004,"US-101 SOUTHBOUND","WELLSONA ROAD",520.00,S,N,A,-,Y,,,101,,,,,,S,Y,2,0,1,1,A,-,03,22350,,N,E,I,A,A,H,-,C,D,0,,,,,Y,,A,01,1,0,0,0,0,0,0,0,0,"- ","- ",35.693191528320312,-120.69686889648438,"SAN LUIS OBISPO",UNINCORPORATED,-120.69681549072266,35.693187713623047
90737487,2018,2018-05-30,9745,2018-05-29,1144,017151,,2,1,4,4006,0,1,2,,2,202,"US-101 NORTHBOUND TO CALIFORNIA BLVD.","CALIFORNIA BLVD",200.00,N,N,A,-,Y,,,101,,,,R,,N,Y,3,0,2,2,A,-,05,21460,A,N,A,C,A,A,H,-,A,D,0,,,,,Y,,A,01,0,2,0,0,0,0,0,0,0,"- ","- ",35.29010009765625,-120.65799713134766,"SAN LUIS OBISPO","SAN LUIS OBISPO",-120.65799713134766,35.29010009765625
90738237,2018,2018-05-31,9740,2018-05-17,0755,019259,,4,1,9,4000,0,3,5,,2,017,"MAIN STREET","RAMADA DRIVE",900.00,S,N,A,-,N,,,,,,,,,,Y,4,0,1,2,A,-,03,22350,,N,B,C,A,A,B,-,A,D,0,,,Y,,Y,,C,02,0,0,1,0,0,0,0,0,1,"- ","- ",35.56787109375,-120.70053863525391,"SAN LUIS OBISPO",UNINCORPORATED,-120.70050811767578,35.562854766845703
90738245,2018,2018-05-31,9740,2018-05-16,1130,019259,,3,1,9,4000,0,1,3,,1,006,SR-229,"ROCKY CANYON RD",7920.00,S,N,A,-,Y,,,229,,,,,,,Y,3,0,1,1,A,-,03,22350,,N,F,D,A,A,H,-,A,D,0,,,Y,,Y,,C,02,0,1,0,0,0,0,0,0,1,"- ","- ",35.469959259033203,-120.54283142089844,"SAN LUIS OBISPO",UNINCORPORATED,-120.54283905029297,35.469970703125