CASE_ID,ACCIDENT_YEAR,PROC_DATE,JURIS,COLLISION_DATE,COLLISION_TIME,OFFICER_ID,REPORTING_DISTRICT,DAY_OF_WEEK,CHP_SHIFT,POPULATION,CNTY_CITY_LOC,SPECIAL_COND,BEAT_TYPE,CHP_BEAT_TYPE,CITY_DIVISION_LAPD,CHP_BEAT_CLASS,BEAT_NUMBER,PRIMARY_RD,SECONDARY_RD,DISTANCE,DIRECTION,INTERSECTION,WEATHER_1,WEATHER_2,STATE_HWY_IND,CALTRANS_COUNTY,CALTRANS_DISTRICT,STATE_ROUTE,ROUTE_SUFFIX,POSTMILE_PREFIX,POSTMILE,LOCATION_TYPE,RAMP_INTERSECTION,SIDE_OF_HWY,TOW_AWAY,COLLISION_SEVERITY,NUMBER_KILLED,NUMBER_INJURED,PARTY_COUNT,PRIMARY_COLL_FACTOR,PCF_CODE_OF_VIOL,PCF_VIOL_CATEGORY,PCF_VIOLATION,PCF_VIOL_SUBSECTION,HIT_AND_RUN,TYPE_OF_COLLISION,MVIW,PED_ACTION,ROAD_SURFACE,ROAD_COND_1,ROAD_COND_2,LIGHTING,CONTROL_DEVICE,CHP_ROAD_TYPE,PEDESTRIAN_ACCIDENT,BICYCLE_ACCIDENT,MOTORCYCLE_ACCIDENT,TRUCK_ACCIDENT,NOT_PRIVATE_PROPERTY,ALCOHOL_INVOLVED,STWD_VEHTYPE_AT_FAULT,CHP_VEHTYPE_AT_FAULT,COUNT_SEVERE_INJ,COUNT_VISIBLE_INJ,COUNT_COMPLAINT_PAIN,COUNT_PED_KILLED,COUNT_PED_INJURED,COUNT_BICYCLIST_KILLED,COUNT_BICYCLIST_INJURED,COUNT_MC_KILLED,COUNT_MC_INJURED,PRIMARY_RAMP,SECONDARY_RAMP,LATITUDE,LONGITUDE,COUNTY,CITY,POINT_X,POINT_Y
90738484,2018,2018-05-31,9745,2018-05-25,2000,020689,,5,2,9,4000,0,2,4,,1,055,"TEFFT STREET","MARY AVE",0.00,,Y,A,-,N,,,,,,,,,,Y,3,0,4,2,A,-,12,21453,A,N,D,C,A,A,H,-,B,A,0,,,,,Y,,A,01,0,1,3,0,0,0,0,0,0,"- ","- ",35.035709381103516,-120.48667144775391,"SAN LUIS OBISPO",UNINCORPORATED,-120.48663330078125,35.035739898681641
90738733,2018,2018-05-31,9745,2018-05-30,1318,013531,,3,1,9,4000,0,2,4,,1,055,"TEFFT STREET","MAGENTA LANE",87.00,E,N,B,-,N,,,,,,,,,,Y,4,0,1,2,A,-,09,21804,A,N,D,C,A,A,H,-,A,D,0,,,,,Y,,A,01,0,0,1,0,0,0,0,0,0,"- ","- ",35.034870147705078,-120.48806762695312,"SAN LUIS OBISPO",UNINCORPORATED,-120.48822021484375,35.034854888916016
90740500,2018,2018-06-04,9745,2018-05-30,1545,017817,,3,2,9,4000,0,1,3,,1,040,SR-227,"PHILLIPS RD.",55.00,N,N,A,-,Y,,,227,,,,,,,Y,3,0,1,1,A,-,08,22107,,N,F,A,A,A,H,-,A,D,0,,,,,Y,,A,07,0,1,0,0,0,0,0,0,0,"- ","- ",35.148578643798828,-120.5740966796875,"SAN LUIS OBISPO",UNINCORPORATED,-120.57392883300781,35.148624420166016
90740830,2018,2018-06-04,9745,2018-06-03,1400,020689,,7,2,2,4005,0,1,2,,2,404,"US-101 NORTHBOUND","SPYGLASS DR",3696.00,S,N,A,-,Y,,,101,,,,,,N,Y,3,0,3,2,A,-,01,23152,A,N,C,C,A,A,H,-,A,D,0,,,,,Y,Y,A,01,0,1,2,0,0,0,0,0,0,"- ","- ",35.159309387207031,-120.67526245117188,"SAN LUIS OBISPO","PISMO BEACH",-120.67527008056641,35.159278869628906
90743354,2018,2018-06-07,9745,2018-06-04,1920,020229,,1,2,9,4000,0,2,4,,1,052,"THOMPSON RD","WINEMAN RD",2640.00,N,N,A,-,N,,,,,,,,,,Y,3,0,2,2,A,-,09,21801,A,N,D,C,A,A,H,-,A,D,0,,,,,Y,,A,07,0,2,0,0,0,0,0,0,0,"- ","- ",35.005851745605469,-120.43959045410156,"SAN LUIS OBISPO",UNINCORPORATED,-120.43942260742188,35.005287170410156
90746440,2018,2018-06-12,9740,2018-06-06,0900,016816,,3,1,9,4000,0,1,3,,2,011,SR-46,SR-1,21120.00,E,N,B,-,Y,,,46,,,,,,,N,2,0,1,1,A,-,03,22350,,N,F,A,A,A,H,-,A,D,0,,Y,,,Y,,L,04,1,0,0,0,0,0,1,0,0,"- ","- ",35.548229217529297,-120.93351745605469,"SAN LUIS OBISPO",UNINCORPORATED,-120.93351745605469,35.548255920410156
90748302,2018,2018-06-14,9745,2018-06-07,1535,019809,,4,2,9,4000,0,2,4,,1,048,"AVILA BEACH DRIVE","BABE LANE",1100.00,E,N,A,-,N,,,,,,,,,,Y,4,0,1,2,A,-,03,22350,,N,D,C,A,A,H,-,A,D,0,,,Y,,Y,,C,02,0,0,1,0,0,0,0,0,1,"- ","- ",35.178150177001953,-120.74861145019531,"SAN LUIS OBISPO",UNINCORPORATED,-120.74858856201172,35.178081512451172
90748546,2018,2018-06-14,9745,2018-06-10,1735,020229,,7,2,9,4000,0,2,4,,1,048,"AVILA BEACH DRIVE","ONTARIO RD",234.00,E,N,A,-,N,,,,,,,,,,Y,3,0,2,2,A,-,09,21804,A,N,D,C,A,A,H,-,A,A,0,,,,,Y,,A,07,0,2,0,0,0,0,0,0,0,"- ","- ",35.180618286132812,-120.70368194580078,"SAN LUIS OBISPO",UNINCORPORATED,-120.70362854003906,35.180488586425781
90748557,2018,2018-06-14,9745,2018-06-10,1535,020229,,7,2,9,4000,0,1,2,,2,404,"US-101 SOUTHBOUND","SPYGLASS DR",500.00,S,N,A,-,Y,,,101,,,,,,S,N,4,0,2,2,A,-,03,22350,,N,C,C,A,A,H,-,A,D,0,,,,,Y,,A,01,0,0,2,0,0,0,0,0,0,"- ","- ",35.162899017333984,-120.68486022949219,"SAN LUIS OBISPO",UNINCORPORATED,-120.68487548828125,35.162864685058594
90748872,2018,2018-06-15,9740,2018-06-09,1035,014460,,6,1,9,4000,0,1,3,,2,005,SR-58,"ENCINA AVENUE",0.00,,Y,A,-,Y,,,58,,,,,,,N,2,0,2,2,A,-,09,21802,A,N,D,C,A,A,H,-,A,D,0,,,Y,,Y,,D,22,1,1,0,0,0,0,0,0,2,"- ","- ",35.391979217529297,-120.60726165771484,"SAN LUIS OBISPO",UNINCORPORATED,-120.60722351074219,35.391914367675781
90750115,2018,2018-06-18,9745,2018-06-09,1735,020229,,6,2,9,4000,0,3,5,,2,002,"9TH STREET","NIPOMO AVE",260.00,S,N,A,-,N,,,,,,,,,,Y,4,0,1,3,A,-,01,23152,A,M,B,C,A,A,H,-,A,D,0,,,,,Y,Y,A,01,0,0,1,0,0,0,0,0,0,"- ","- ",35.315818786621094,-120.8331298828125,"SAN LUIS OBISPO",UNINCORPORATED,-120.83329772949219,35.316215515136719
90750210,2018,2018-06-18,9745,2018-06-10,0100,016514,,7,3,9,4000,0,1,3,,1,011,SR-41,"CERRO ALTO RD.",1584.00,N,N,A,-,Y,,,41,,,,,,,Y,4,0,1,1,A,-,01,23152,A,N,E,I,A,A,H,-,D,D,0,,,,,Y,Y,D,22,0,0,1,0,0,0,0,0,0,"- ","- ",35.434101104736328,-120.75179290771484,"SAN LUIS OBISPO",UNINCORPORATED,-120.75171661376953,35.434104919433594
90751959,2018,2018-06-20,9745,2018-05-08,0730,016773,,2,1,9,4000,0,1,3,,1,021,"SR-1 NORTHBOUND","OLD CREEK RD",0.00,,Y,B,-,Y,,,1,,,,,,N,Y,1,1,1,2,A,-,12,21453,A,N,D,C,A,A,H,-,A,D,0,,,,,Y,,A,01,1,0,0,0,0,0,0,0,0,"- ","- ",35.428890228271484,-120.88184356689453,"SAN LUIS OBISPO",UNINCORPORATED,-120.88184356689453,35.428882598876953
90752256,2018,2018-06-20,9740,2018-06-18,1556,014622,,1,2,4,4008,0,1,2,,2,001,"US-101 NORTHBOUND TO CURBARIL AVENUE","CURBARIL AVENUE",5.00,S,N,A,-,Y,,,101,,,,R,,N,N,4,0,1,2,A,-,21,22106,,N,C,C,A,A,H,-,A,D,0,,,,,Y,,A,01,0,0,1,0,0,0,0,0,0,"- ","- ",35.476680755615234,-120.65782165527344,"SAN LUIS OBISPO",ATASCADERO,-120.65782165527344,35.476680755615234
90752331,2018,2018-06-20,9745,2018-06-14,0950,017144,,4,1,9,4000,0,3,5,,2,002,"PREFUMO CANYON RD","CASTILLO CT",17952.00,E,N,A,-,N,,,,,,,,,,N,2,0,1,1,A,-,03,22350,,N,E,I,A,A,H,-,A,D,0,,Y,,,Y,,L,04,1,0,0,0,0,0,1,0,0,"- ","- ",35.262489318847656,-120.75502014160156,"SAN LUIS OBISPO",UNINCORPORATED,-120.69840240478516,35.263530731201172
90752759,2018,2018-06-21,9745,2018-06-15,1225,013531,,5,1,9,4000,0,3,5,,2,005,"DIVISION STREET","BONITA SCHOOL ROAD",0.00,,Y,A,-,N,,,,,,,,,,Y,4,0,1,3,A,-,09,21801,A,N,A,C,A,A,H,-,A,D,0,,,,Y,Y,,D,22,0,0,1,0,0,0,0,0,0,"- ","- ",35.003551483154297,-120.51899719238281,"SAN LUIS OBISPO",UNINCORPORATED,-120.51895141601562,35.003551483154297
90752871,2018,2018-06-21,9745,2018-06-15,1200,017144,,5,1,9,4000,0,1,2,,1,101,US-101,"GREEN GATE RD",20.00,S,N,A,-,Y,,,101,,,,,,,Y,3,0,2,2,A,-,09,21801,A,N,D,C,A,A,H,-,A,D,0,,,,,Y,,D,22,0,2,0,0,0,0,0,0,0,"- ","- ",35.360630035400391,-120.63791656494141,"SAN LUIS OBISPO",UNINCORPORATED,-120.63798522949219,35.360614776611328
90753016,2018,2018-06-21,9745,2018-06-17,1645,017097,,7,2,2,4005,0,1,2,,2,404,"US-101 SB","SPYGLASS DR",6864.00,S,N,A,-,Y,,,101,,,,,,S,Y,3,0,3,2,A,-,03,22350,,N,C,C,A,A,H,-,A,D,0,,,,,Y,,A,07,0,1,2,0,0,0,0,0,0,"- ","- ",35.155960083007812,-120.66722869873047,"SAN LUIS OBISPO","PISMO BEACH",-120.66722869873047,35.155963897705078
90753043,2018,2018-06-21,9745,2018-06-18,1105,017817,,1,1,9,4000,0,2,4,,1,025,"SUNSET DR.","LOS OSOS VALLEY RD.",250.00,S,N,A,-,N,,,,,,,,,,N,3,0,1,2,A,-,08,22107,,N,B,C,A,A,H,-,A,D,0,,,,,Y,,A,01,0,1,0,0,0,0,0,0,0,"- ","- ",35.310211181640625,-120.83013916015625,"SAN LUIS OBISPO",UNINCORPORATED,-120.8302001953125,35.310188293457031
90753096,2018,2018-06-21,9745,2018-06-18,1250,017097,,1,1,9,4000,0,1,3,,1,041,SR-1,"23RD STREET",350.00,S,N,A,-,Y,,,1,,,,,,,Y,3,0,2,1,A,-,08,22107,,N,E,I,A,A,H,-,A,D,0,,,,,Y,,A,07,0,1,1,0,0,0,0,0,0,"- ","- ",35.098091125488281,-120.60443878173828,"SAN LUIS OBISPO",UNINCORPORATED,-120.60443878173828,35.098114013671875
90755022,2018,2018-06-25,9745,2018-06-23,1620,017097,,6,2,9,4000,0,2,4,,1,048,"AVILA BEACH DRIVE","CAVE LANDING RD",1056.00,W,N,A,-,N,,,,,,,,,,Y,3,0,1,1,A,-,01,23152,A,N,E,I,A,A,H,-,A,D,0,,,,,Y,Y,A,08,0,1,0,0,0,0,0,0,0,"- ","- ",35.180030822753906,-120.72383117675781,"SAN LUIS OBISPO",UNINCORPORATED,-120.7242431640625,35.185569763183594
90755699,2018,2018-06-26,9745,2018-06-18,1130,016773,,1,1,9,4000,0,3,5,,2,003,"AVILA BEACH DRIVE","MONTE RD",0.00,,Y,A,-,N,,,,,,,,,,N,3,0,2,2,C,-,18,,,N,H,G,A,A,H,-,A,D,0,,Y,,,Y,,-,"- ",0,2,0,0,0,0,2,0,0,"- ","- ",35.182670593261719,-120.70086669921875,"SAN LUIS OBISPO",UNINCORPORATED,-120.70097351074219,35.182498931884766
90755748,2018,2018-06-26,9745,2018-06-25,1550,020211,,1,2,9,4000,0,1,2,,2,505,"US-101 SOUTHBOUND","TOWER GROVE DR.",400.00,S,N,A,-,Y,,,101,,,,,,S,Y,4,0,1,2,A,-,03,22350,,N,C,C,A,A,H,-,A,D,0,,,,,Y,,A,01,0,0,1,0,0,0,0,0,0,"- ","- ",35.088241577148438,-120.53672790527344,"SAN LUIS OBISPO",UNINCORPORATED,-120.53675079345703,35.088207244873047
90756885,2018,2018-06-27,9745,2018-06-18,1746,014713,,1,2,9,4000,0,1,2,,2,303,"US-101 SOUTHBOUND","SAN LUIS BAY DR",2112.00,S,N,A,-,Y,,,101,,,,,,S,Y,3,0,1,2,A,-,03,22350,,N,C,C,A,A,H,-,A,D,0,,,,,Y,,A,07,0,1,0,0,0,0,0,0,0,"- ","- ",35.189540863037109,-120.70115661621094,"SAN LUIS OBISPO",UNINCORPORATED,-120.70115661621094,35.189540863037109
90757048,2018,2018-06-27,9745,2018-06-26,1705,017097,,2,2,2,4005,0,1,2,,2,404,"US-101 SB","SPYGLASS DR",1584.00,N,N,A,-,Y,,,101,,,,,,S,Y,4,0,1,2,A,-,03,22350,,N,C,C,A,A,H,-,A,D,0,,,,,Y,,A,01,0,0,1,0,0,0,0,0,0,"- ","- ",35.167839050292969,-120.69084930419922,"SAN LUIS OBISPO","PISMO BEACH",-120.69086456298828,35.167827606201172
90760060,2018,2018-06-29,9745,2018-06-21,1345,017857,,4,1,9,4000,0,1,3,,1,021,"STUDIO DRIVE",SR-1,44.00,W,N,B,-,N,,,,,,,,,,N,3,0,1,2,A,-,10,21950,A,F,G,B,B,A,H,-,A,A,0,Y,,,,Y,,A,01,0,1,0,0,1,0,0,0,0,"- ","- ",35.428848266601562,-120.88230133056641,"SAN LUIS OBISPO",UNINCORPORATED,-120.88594818115234,35.43353271484375
90761067,2018,2018-07-02,9745,2018-06-28,1615,019809,,4,2,3,4001,0,1,2,,2,402,"US 101 S/B","HALCON RD",300.00,N,N,A,-,Y,,,,,,,,,,Y,4,0,2,3,A,-,03,22350,,N,C,C,A,A,H,-,A,D,0,,,,,Y,,A,01,0,0,2,0,0,0,0,0,0,"- ","- ",35.123500823974609,-120.59162902832031,"SAN LUIS OBISPO","ARROYO GRANDE",,
90764959,2018,2018-07-09,9740,2018-06-26,1905,016849,,2,2,9,4000,0,3,5,,2,017,"CRESTON ROAD","LAGUNA DEL CAMPO",4362.00,E,N,A,-,N,,,,,,,,,,Y,2,0,1,1,A,-,08,22107,,N,F,A,A,A,H,-,A,D,0,,,,,Y,Y,D,22,1,0,0,0,0,0,0,0,0,"- ","- ",35.588901519775391,-120.64040374755859,"SAN LUIS OBISPO",UNINCORPORATED,-120.6405029296875,35.588947296142578
90764985,2018,2018-07-09,9745,2018-06-21,1550,019809,,4,2,9,4000,0,2,4,,1,046,"PRICE CANYON RD","CORRAL DE PIEDRA RD",76.00,E,N,A,-,N,,,,,,,,,,Y,3,0,3,2,A,-,09,21802,A,N,D,C,A,A,H,-,A,A,0,,,,,Y,,A,01,0,3,0,0,0,0,0,0,0,"- ","- ",35.19512939453125,-120.61329650878906,"SAN LUIS OBISPO",UNINCORPORATED,-120.61313629150391,35.1953125
90765113,2018,2018-07-09,9740,2018-06-22,2121,018995,,5,2,9,4000,0,1,2,,2,002,"US-101 SOUTHBOUND","MAIN ST",217.00,N,N,A,-,Y,,,101,,,,,,S,Y,2,0,3,2,A,-,01,23152,A,N,C,C,A,A,H,-,D,D,0,,,,,Y,Y,A,01,1,2,0,0,0,0,0,0,0,"- ","- ",35.566478729248047,-120.70172119140625,"SAN LUIS OBISPO",UNINCORPORATED,-120.70176696777344,35.566505432128906
90766927,2018,2018-07-11,9745,2018-07-05,1155,020229,,4,1,9,4000,0,2,4,,1,038,"ORCUTT RD","RIGHETTI RD",0.00,,Y,A,-,N,,,,,,,,,,N,4,0,2,2,A,-,03,22350,,N,C,C,A,A,H,-,A,D,0,,,,,Y,,A,01,0,0,2,0,0,0,0,0,0,"- ","- ",35.227039337158203,-120.59989929199219,"SAN LUIS OBISPO",UNINCORPORATED,-120.60006713867188,35.227779388427734
90767992,2018,2018-07-12,9745,2018-07-05,1735,017817,,4,2,9,4000,0,1,2,,2,303,"US-101 SOUTHBOUND","S. HIGUERA ST.",750.00,S,N,B,-,Y,,,101,,,,,,S,Y,4,0,2,2,A,-,03,22350,,N,C,C,A,A,H,-,A,D,0,,,,,Y,,A,01,0,0,2,0,0,0,0,0,0,"- ","- ",35.219371795654297,-120.69386291503906,"SAN LUIS OBISPO",UNINCORPORATED,-120.69380187988281,35.219326019287109
90768172,2018,2018-07-12,9745,2018-07-08,1120,016714,,7,1,9,4000,0,3,5,,2,002,"S. OCEAN AVE. (100 BLOCK)","PACIFIC AVE.",181.00,N,N,A,-,N,,,,,,,,,,N,2,0,1,2,A,-,06,21755,,N,F,A,A,A,H,-,A,D,0,,Y,,,Y,,L,04,1,0,0,0,0,0,1,0,0,"- ","- ",35.447578430175781,-120.90165710449219,"SAN LUIS OBISPO",UNINCORPORATED,-120.90174865722656,35.447536468505859
90768655,2018,2018-07-13,9745,2018-07-07,1850,017817,,6,2,9,4000,0,3,5,,2,003,"SAN LUIS BAY DR.","AVILA VALLEY DR",5.00,E,N,A,-,N,,,,,,,,,,Y,4,0,1,2,A,-,03,22350,,N,C,C,A,A,H,-,A,D,0,,,,,Y,,A,01,0,0,1,0,0,0,0,0,0,"- ","- ",35.194530487060547,-120.71298217773438,"SAN LUIS OBISPO",UNINCORPORATED,-120.71304321289062,35.194480895996094
90771232,2018,2018-07-17,9745,2018-07-15,1335,016002,,7,1,9,4000,0,2,4,,1,051,"LOS BERROS RD","SOUTHBOUND US-101 OFF RAMP",0.00,,Y,A,-,Y,,,,,,,,,,Y,4,0,1,2,A,-,09,21802,A,N,D,C,A,A,H,-,A,A,0,,,,,Y,,A,01,0,0,1,0,0,0,0,0,0,"- ","- ",35.071769714355469,-120.51761627197266,"SAN LUIS OBISPO",UNINCORPORATED,,
90772171,2018,2018-08-27,9745,2018-07-18,0743,020211,,3,1,9,4000,0,1,2,,2,505,"US-101 NORTHBOUND","TOWER GROVE DR.",2112.00,N,N,A,-,Y,,,101,,,,,,N,Y,4,0,1,3,A,-,03,22350,,N,C,C,A,A,H,-,A,D,0,,,,,Y,,A,01,0,0,1,0,0,0,0,0,0,"- ","- ",35.098281860351562,-120.54625701904297,"SAN LUIS OBISPO",UNINCORPORATED,-120.54615020751953,35.098346710205078
9077276,2020,2020-06-19,4006,2020-03-04,1144,98169,,3,5,4,4006,0,0,0,,0,,JOHNSON,SOUTHWOOD,297.00,S,N,A,-,N,,,,,,,,,,Y,3,0,2,3,A,-,03,22350,,N,-,E,A,A,H,-,A,A,0,,,,,Y,,A,01,0,2,0,0,0,0,0,0,0,"- ","- ",35.264080047607422,-120.63590240478516,"SAN LUIS OBISPO","SAN LUIS OBISPO",-120.63582611083984,35.264125823974609
90773040,2018,2018-07-19,9745,2018-07-19,1225,020211,,4,1,9,4000,0,3,5,,2,004,"NOYES RD","QUAIL HILL LN",10.00,S,N,A,-,N,,,,,,,,,,Y,4,0,2,2,A,-,03,22350,,N,C,C,A,A,H,-,A,D,0,,,,,Y,,D,22,0,0,2,0,0,0,0,0,0,"- ","- ",35.148708343505859,-120.58844757080078,"SAN LUIS OBISPO",UNINCORPORATED,-120.58839416503906,35.148761749267578
90773474,2018,2018-07-20,9745,2018-07-14,1650,017817,,6,2,2,4005,0,1,2,,2,404,"US-101 SOUTHBOUND","MATTIE RD.",1100.00,N,N,A,-,Y,,,101,,,,,,S,Y,4,0,1,2,A,-,03,22350,,N,C,C,A,A,H,-,A,D,0,,,,,Y,,A,07,0,0,1,0,0,0,0,0,0,"- ","- ",35.156581878662109,-120.66857147216797,"SAN LUIS OBISPO","PISMO BEACH",-120.66860198974609,35.156501770019531
90774663,2018,2018-07-23,9740,2018-04-30,1450,017426,,1,2,9,4000,0,1,3,,2,010,SR-41,"SAN LUIS OBISPO/KERN COUNTY LINE",3500.00,S,N,A,-,Y,,,41,,,,,,,Y,1,1,0,2,A,-,03,22350,,N,D,C,A,A,H,-,A,D,0,,,,Y,Y,,A,01,0,0,0,0,0,0,0,0,0,"- ","- ",35.780380249023438,-120.20674133300781,"SAN LUIS OBISPO",UNINCORPORATED,-120.20673370361328,35.780353546142578
90774680,2018,2018-07-23,9740,2018-07-20,1215,015854,,5,1,9,4000,0,3,5,,2,021,"OLD CREEK RD","SR-46 WEST",13728.00,S,N,A,-,N,,,,,,,,,,Y,4,0,1,2,A,-,03,22350,,N,A,C,A,A,H,-,A,D,0,,,,,Y,,D,22,0,0,1,0,0,0,0,0,0,"- ","- ",35.504661560058594,-120.84616851806641,"SAN LUIS OBISPO",UNINCORPORATED,-120.84612274169922,35.504646301269531
90778634,2018,2018-07-30,9740,2018-07-15,1542,016849,,7,2,9,4000,0,3,5,,2,016,"WEST POZO ROAD","RIVER ROAD",4194.00,E,N,A,-,N,,,,,,,,,,Y,2,0,4,2,A,-,01,23152,A,N,A,C,A,A,H,-,A,A,0,,,,,Y,Y,A,01,2,0,2,0,0,0,0,0,0,"- ","- ",35.3037109375,-120.39138793945312,"SAN LUIS OBISPO",UNINCORPORATED,-120.3916015625,35.303741455078125
90779136,2018,2018-07-27,9745,2018-07-22,1200,014713,,7,1,9,4000,0,2,4,,1,042,"ORCUTT ROAD","BIDDLE RANCH ROAD",0.00,,Y,A,-,N,,,,,,,,,,N,3,0,1,2,A,-,09,21801,A,N,E,J,A,A,H,-,A,D,0,,Y,,,Y,,A,08,0,1,0,0,0,0,1,0,0,"- ","- ",35.220699310302734,-120.59719848632812,"SAN LUIS OBISPO",UNINCORPORATED,-120.59712219238281,35.220718383789062
90780331,2018,2018-07-30,9745,2018-07-20,1810,017817,,5,2,4,4006,0,1,2,,1,101,"US-101 NORTHBOUND","PRADO RD",530.00,S,N,A,-,Y,,,101,,,,,,N,Y,3,0,1,2,A,-,07,21658,A,N,B,C,A,A,H,-,A,D,0,,,,,Y,Y,A,07,0,1,0,0,0,0,0,0,0,"- ","- ",35.253898620605469,-120.67659759521484,"SAN LUIS OBISPO","SAN LUIS OBISPO",-120.67652893066406,35.253856658935547
90780465,2018,2018-07-30,9745,2018-07-22,1808,017930,,7,2,9,4000,0,3,5,,2,004,"BRANCH MILL RD.","TANNER LN",3168.00,E,N,A,-,N,,,,,,,,,,Y,2,0,1,2,A,-,01,23152,A,N,B,C,A,A,H,-,A,D,0,,,Y,,Y,Y,C,02,1,0,0,0,0,0,0,0,1,"- ","- ",35.130458831787109,-120.54937744140625,"SAN LUIS OBISPO",UNINCORPORATED,-120.54862976074219,35.130367279052734
90780910,2018,2018-07-31,9740,2018-07-24,1735,016154,,2,2,9,4000,0,2,4,,2,012,"NACIMIENTO LAKE DR.","SLATE RANCH RD.",940.00,E,N,A,-,N,,,,,,,,,,Y,3,0,2,2,A,-,09,21801,A,N,D,C,A,A,H,-,A,D,0,,,,Y,Y,,D,22,0,2,0,0,0,0,0,0,0,"- ","- ",35.646598815917969,-120.71219635009766,"SAN LUIS OBISPO",UNINCORPORATED,-120.71219635009766,35.646686553955078
90780930,2018,2018-07-31,9745,2018-07-19,1112,016390,,4,1,9,4000,0,1,A,,2,711,"OCEANO DUNES STATE PARK (OFF HIGHWAY)","PIER AVE.",10560.00,S,N,A,-,N,,,,,,,,,,N,4,0,1,2,C,-,18,,,N,A,C,A,A,H,-,A,D,0,,,Y,,Y,,-,"- ",0,0,1,0,0,0,0,0,1,"- ","- ",35.076881408691406,-120.62632751464844,"SAN LUIS OBISPO",UNINCORPORATED,,
90780995,2018,2018-07-31,9745,2018-07-23,0900,017541,,1,1,9,4000,0,2,4,,1,046,"PRICE CANYON RD",SR-227,500.00,W,N,A,-,N,,,,,,,,,,Y,4,0,1,3,A,-,03,22350,,N,C,C,A,A,H,-,A,D,0,,,,,Y,,D,22,0,0,1,0,0,0,0,0,0,"- ","- ",35.199321746826172,-120.61006164550781,"SAN LUIS OBISPO",UNINCORPORATED,-120.60978698730469,35.199535369873047
90781042,2018,2018-07-31,9745,2018-07-24,0857,017541,,2,1,2,4005,0,1,2,,2,404,"US-101 SOUTHBOUND","MATTIE RD.",2640.00,N,N,A,-,Y,,,101,,,,,,S,Y,3,0,1,1,A,-,08,22107,,N,E,I,A,A,H,-,A,D,0,,,,,Y,,A,01,0,1,0,0,0,0,0,0,0,"- ","- ",35.155990600585938,-120.66725158691406,"SAN LUIS OBISPO","PISMO BEACH",-120.66725921630859,35.155971527099609
90781192,2018,2018-08-01,9745,2018-07-24,0525,016390,,2,3,9,4000,0,1,3,,1,045,SR-1,"WILLOW ROAD",0.00,,Y,A,-,Y,,,1,,,,,,,Y,4,0,1,1,A,-,03,22350,,N,F,A,A,A,H,-,B,D,0,,,,Y,Y,,G,25,0,0,1,0,0,0,0,0,0,"- ","- ",35.046661376953125,-120.56989288330078,"SAN LUIS OBISPO",UNINCORPORATED,-120.56985473632812,35.046730041503906
9078147,2020,2020-07-27,4006,2020-03-26,0906,62657,,4,5,4,4006,0,0,0,,0,,"BUENA VISTA",GARFIELD,189.00,N,N,A,-,N,,,,,,,,,,Y,3,0,1,2,A,-,08,22107,,M,C,E,A,A,H,-,A,A,0,,,,,Y,,-,,0,1,0,0,0,0,0,0,0,"- ","- ",35.291160583496094,-120.64997863769531,"SAN LUIS OBISPO","SAN LUIS OBISPO",-120.64991760253906,35.291038513183594
9078149,2020,2020-07-10,4006,2020-03-13,0911,15913,,5,5,4,4006,0,0,0,,0,,HIGUERA,HIGH,0.00,,Y,A,-,N,,,,,,,,,,N,3,0,1,2,A,-,08,21717,,N,D,G,A,A,H,-,A,A,0,,Y,,,Y,,A,01,0,1,0,0,0,0,1,0,0,"- ","- ",35.272140502929688,-120.66989898681641,"SAN LUIS OBISPO","SAN LUIS OBISPO",-120.6697998046875,35.272201538085938
9078150,2020,2020-07-10,4006,2020-03-13,1807,98169,,5,5,4,4006,0,0,0,,0,,SUBURBAN,"S HIGUERA",17.00,E,N,B,-,N,,,,,,,,,,N,4,0,1,2,A,-,08,22100,A,N,D,G,A,A,H,-,B,A,0,,Y,,,Y,,L,04,0,0,1,0,0,0,1,0,0,"- ","- ",35.243949890136719,-120.67520141601562,"SAN LUIS OBISPO","SAN LUIS OBISPO",-120.67534637451172,35.244029998779297
90781563,2018,2018-07-31,9740,2018-07-26,1655,016849,,4,2,9,4000,0,3,5,,2,022,"LIVE OAK ROAD","ARBOR ROAD",6864.00,W,N,A,-,N,,,,,,,,,,Y,3,0,1,1,A,-,01,23152,A,N,E,J,A,A,H,-,A,D,0,,,,,Y,Y,A,07,0,1,0,0,0,0,0,0,0,"- ","- ",35.592399597167969,-120.73210144042969,"SAN LUIS OBISPO",UNINCORPORATED,-120.73612213134766,35.591358184814453