CASE_ID,ACCIDENT_YEAR,PROC_DATE,JURIS,COLLISION_DATE,COLLISION_TIME,OFFICER_ID,REPORTING_DISTRICT,DAY_OF_WEEK,CHP_SHIFT,POPULATION,CNTY_CITY_LOC,SPECIAL_COND,BEAT_TYPE,CHP_BEAT_TYPE,CITY_DIVISION_LAPD,CHP_BEAT_CLASS,BEAT_NUMBER,PRIMARY_RD,SECONDARY_RD,DISTANCE,DIRECTION,INTERSECTION,WEATHER_1,WEATHER_2,STATE_HWY_IND,CALTRANS_COUNTY,CALTRANS_DISTRICT,STATE_ROUTE,ROUTE_SUFFIX,POSTMILE_PREFIX,POSTMILE,LOCATION_TYPE,RAMP_INTERSECTION,SIDE_OF_HWY,TOW_AWAY,COLLISION_SEVERITY,NUMBER_KILLED,NUMBER_INJURED,PARTY_COUNT,PRIMARY_COLL_FACTOR,PCF_CODE_OF_VIOL,PCF_VIOL_CATEGORY,PCF_VIOLATION,PCF_VIOL_SUBSECTION,HIT_AND_RUN,TYPE_OF_COLLISION,MVIW,PED_ACTION,ROAD_SURFACE,ROAD_COND_1,ROAD_COND_2,LIGHTING,CONTROL_DEVICE,CHP_ROAD_TYPE,PEDESTRIAN_ACCIDENT,BICYCLE_ACCIDENT,MOTORCYCLE_ACCIDENT,TRUCK_ACCIDENT,NOT_PRIVATE_PROPERTY,ALCOHOL_INVOLVED,STWD_VEHTYPE_AT_FAULT,CHP_VEHTYPE_AT_FAULT,COUNT_SEVERE_INJ,COUNT_VISIBLE_INJ,COUNT_COMPLAINT_PAIN,COUNT_PED_KILLED,COUNT_PED_INJURED,COUNT_BICYCLIST_KILLED,COUNT_BICYCLIST_INJURED,COUNT_MC_KILLED,COUNT_MC_INJURED,PRIMARY_RAMP,SECONDARY_RAMP,LATITUDE,LONGITUDE,COUNTY,CITY,POINT_X,POINT_Y
90901942,2019,2019-01-16,9745,2019-01-04,1550,017857,,5,2,9,4000,0,1,2,,2,404,"US-101 SOUTHBOUND","AVILA BEACH DRIVE",500.00,S,N,A,-,Y,,,101,,,,,,S,Y,4,0,1,3,A,-,03,22350,,N,C,C,A,A,H,-,A,D,0,,,,,Y,,A,01,0,0,1,0,0,0,0,0,0,"- ","- ",35.178558349609375,-120.69857788085938,"SAN LUIS OBISPO",UNINCORPORATED,-120.69859313964844,35.178546905517578
90903369,2019,2019-01-14,9745,2019-01-03,0720,016714,,4,1,9,4000,0,2,4,,1,025,"LOS OSOS VALLEY ROAD, (10100 BLOCK)","VALLE VISTA PLACE",22.00,E,N,A,-,N,,,,,,,,,,Y,1,1,1,2,A,-,05,21460,A,N,A,C,A,A,H,-,A,D,0,,,,,Y,,A,01,1,0,0,0,0,0,0,0,0,"- ","- ",35.274101257324219,-120.70929718017578,"SAN LUIS OBISPO",UNINCORPORATED,-120.70930480957031,35.274211883544922
90903498,2019,2019-01-14,9745,2019-01-05,1545,017857,,6,2,9,4000,0,1,2,,1,101,"US-101 NORTHBOUND","CUESTA SPRINGS ROAD",1584.00,S,N,B,C,Y,,,101,,,,,,N,Y,4,0,2,2,A,-,03,22350,,N,C,C,A,B,H,-,A,D,0,,,,,Y,,D,22,0,0,2,0,0,0,0,0,0,"- ","- ",35.34423828125,-120.62816619873047,"SAN LUIS OBISPO",UNINCORPORATED,-120.62821197509766,35.344215393066406
90904440,2019,2019-01-15,9745,2019-01-13,2200,014713,,7,3,9,4000,0,3,5,,2,001,"SAN MIGUEL ROAD","ROCKY POINT LANE",0.00,,Y,B,-,N,,,,,,,,,,Y,4,0,1,1,A,-,08,22107,,N,F,A,A,A,H,-,C,D,0,,,,,Y,Y,D,22,0,0,1,0,0,0,0,0,0,"- ","- ",35.455650329589844,-120.71720886230469,"SAN LUIS OBISPO",UNINCORPORATED,-120.71717071533203,35.455589294433594
90905094,2019,2019-01-15,9745,2019-01-14,1655,020689,,1,2,2,4005,0,1,2,,2,404,"US-101 SOUTHBOUND","SPYGLASS DR",400.00,N,N,B,-,Y,,,101,,,,,,S,N,4,0,1,2,A,-,03,22350,,N,C,C,A,B,H,-,A,D,0,,,,,Y,,A,01,0,0,1,0,0,0,0,0,0,"- ","- ",35.167499542236328,-120.69059753417969,"SAN LUIS OBISPO","PISMO BEACH",-120.69059753417969,35.167503356933594
90905607,2019,2019-01-16,9745,2019-01-08,1445,020226,,2,2,9,4000,0,1,2,,2,505,"US-101 SOUTHBOUND","TOWER GROVE DRIVE",485.00,N,N,A,-,Y,,,101,,,,,,S,N,4,0,1,2,A,-,07,21658,A,N,B,C,A,A,H,-,A,D,0,,,,,Y,,A,07,0,0,1,0,0,0,0,0,0,"- ","- ",35.089790344238281,-120.53938293457031,"SAN LUIS OBISPO",UNINCORPORATED,-120.53939819335938,35.089759826660156
90907454,2019,2019-01-18,9740,2019-01-14,0835,013733,,1,1,9,4000,0,1,2,,2,004,"U.S. 101","EXLINE RD",0.00,,Y,C,-,Y,,,,,,,,,,Y,4,0,1,2,A,-,09,21801,A,N,D,C,A,B,H,-,A,D,0,,,,,Y,,D,22,0,0,1,0,0,0,0,0,0,"- ","- ",35.682868957519531,-120.69692230224609,"SAN LUIS OBISPO",UNINCORPORATED,-120.69696044921875,35.682609558105469
90910618,2019,2019-01-24,9740,2019-01-21,1225,015451,,1,1,9,4000,0,1,2,,2,001,"US-101 NORTHBOUND","STATE ROUTE 58",8606.00,N,N,B,-,Y,,,101,,,,,,N,N,4,0,2,2,A,-,03,22350,,N,C,C,A,A,H,-,A,D,0,,,,,Y,,A,07,0,0,2,0,0,0,0,0,0,"- ","- ",35.405918121337891,-120.62473297119141,"SAN LUIS OBISPO",UNINCORPORATED,-120.62481689453125,35.405876159667969
9091253,2020,2020-07-08,4006,2020-03-26,1240,62657,,4,5,4,4006,0,0,0,,0,,JOHNSON,MARSH,0.00,,Y,A,-,N,,,,,,,,,,Y,4,0,1,2,A,-,12,21453,A,N,A,C,A,A,H,-,A,A,0,,,,Y,Y,,A,01,0,0,1,0,0,0,0,0,0,"- ","- ",35.282989501953125,-120.65598297119141,"SAN LUIS OBISPO","SAN LUIS OBISPO",-120.65595245361328,35.283000946044922
90912845,2018,2019-01-25,9740,2018-12-15,0603,014662,,6,1,9,4000,0,3,5,,2,016,"POZO RD","LAS PILITAS RD",8448.00,E,N,E,-,N,,,,,,,,,,Y,1,1,0,2,A,-,11,21956,,N,G,B,E,B,H,-,D,D,0,Y,,,,Y,,N,60,0,0,0,1,0,0,0,0,0,"- ","- ",35.339210510253906,-120.53095245361328,"SAN LUIS OBISPO",UNINCORPORATED,-120.52506256103516,35.332649230957031
90913996,2019,2019-01-28,9750,2019-01-13,0148,020549,,7,3,9,4000,0,1,3,,2,061,"SR-166 W/B","WINEMAN RD",2640.00,E,N,B,-,Y,,,166,,,,,,W,Y,2,0,1,1,C,-,18,,,N,H,H,A,A,H,-,D,D,0,,,,Y,Y,,-,"- ",1,0,0,0,0,0,0,0,0,"- ","- ",34.997398376464844,-120.40818023681641,"SAN LUIS OBISPO",UNINCORPORATED,-120.40818023681641,34.997390747070312
90916470,2019,2019-01-31,9745,2019-01-25,1728,017817,,5,2,2,4005,0,1,2,,2,404,"US-101 SOUTHBOUND","4TH STREET",850.00,S,N,A,-,Y,,,101,,,,,,S,Y,3,0,1,2,A,-,03,22350,,N,C,C,A,A,H,-,C,D,0,,,,,Y,,A,01,0,1,0,0,0,0,0,0,0,"- ","- ",35.133319854736328,-120.61588287353516,"SAN LUIS OBISPO","PISMO BEACH",-120.61591339111328,35.133255004882812
90917717,2019,2019-02-01,9740,2019-01-25,1620,016154,,5,2,3,4004,0,1,2,,2,003,"US-101 NORTHBOUND","SR-46 WEST",3605.00,N,N,A,-,Y,,,101,,,,,,N,Y,3,0,1,4,A,-,03,22350,,N,C,C,A,A,H,-,A,D,0,,,,Y,Y,,G,25,0,1,0,0,0,0,0,0,0,"- ","- ",35.599140167236328,-120.69371795654297,"SAN LUIS OBISPO","PASO ROBLES",-120.6937255859375,35.599143981933594
90919750,2019,2019-02-05,9745,2019-01-25,1130,016773,,5,1,9,4000,0,2,4,,1,051,"LOS BERROS RD","FALCON CREST DR",528.00,W,N,A,-,N,,,,,,,,,,N,4,0,1,1,A,-,08,22107,,N,E,I,A,A,H,-,D,D,0,,,,,Y,,D,22,0,0,1,0,0,0,0,0,0,"- ","- ",35.101631164550781,-120.57820129394531,"SAN LUIS OBISPO",UNINCORPORATED,-120.57353973388672,35.101665496826172
90920631,2019,2019-02-06,9745,2019-02-02,1054,017968,,6,1,9,4000,0,2,4,,1,025,"LOS OSOS VALLEY ROAD","VALLE VISTA PLACE",648.00,E,N,C,-,N,,,,,,,,,,Y,4,0,1,1,A,-,03,22350,,N,E,I,A,B,H,-,A,D,0,,,,,Y,,A,01,0,0,1,0,0,0,0,0,0,"- ","- ",35.272659301757812,-120.70806121826172,"SAN LUIS OBISPO",UNINCORPORATED,-120.70807647705078,35.272819519042969
90921281,2019,2019-02-07,9745,2019-01-29,1728,017817,,2,2,9,4000,0,1,2,,2,303,"US-101 SOUTHBOUND","LOS OSOS VALLEY RD.",3960.00,S,N,B,-,Y,,,101,,,,,,S,Y,3,0,1,1,A,-,08,22107,,N,E,I,A,A,H,-,D,D,0,,,,Y,Y,,G,25,0,1,0,0,0,0,0,0,0,"- ","- ",35.232921600341797,-120.68932342529297,"SAN LUIS OBISPO",UNINCORPORATED,-120.68927764892578,35.232872009277344
90921996,2019,2019-02-08,9745,2019-02-07,1340,017097,,4,1,9,4000,0,1,2,,2,303,"US-101 SB","HIGUERA ST",2640.00,N,N,A,-,Y,,,101,,,,,,S,Y,4,0,1,1,A,-,08,22107,,N,E,I,A,A,H,-,A,D,0,,,,,Y,,A,01,0,0,1,0,0,0,0,0,0,"- ","- ",35.231880187988281,-120.69017028808594,"SAN LUIS OBISPO",UNINCORPORATED,-120.69021606445312,35.231918334960938
90924042,2019,2019-02-11,9740,2019-02-09,1642,016849,,6,2,9,4000,0,3,5,,2,017,"SANTA MARGARITA ROAD","NORTE ROAD",701.00,N,N,B,-,N,,,,,,,,,,Y,4,0,1,1,A,-,01,23152,A,N,E,I,A,A,H,-,A,D,0,,,,,Y,Y,A,01,0,0,1,0,0,0,0,0,0,"- ","- ",35.425651550292969,-120.61192321777344,"SAN LUIS OBISPO",UNINCORPORATED,-120.61199188232422,35.425601959228516
90927582,2019,2019-02-15,9745,2019-02-12,1525,020226,,2,2,9,4000,0,2,4,,1,055,"TEFFT STREET","ORCHARD ROAD",475.00,W,N,B,-,N,,,,,,,,,,Y,4,0,3,4,A,-,03,22350,,N,C,C,A,A,H,-,A,D,0,,,,,Y,,A,01,0,0,3,0,0,0,0,0,0,"- ","- ",35.02764892578125,-120.49494934082031,"SAN LUIS OBISPO",UNINCORPORATED,-120.49694061279297,35.027736663818359
90929834,2019,2019-02-20,9745,2019-02-13,1512,016390,,3,2,9,4000,0,1,3,,1,041,SR-1,"BELRIDGE STREET",212.00,S,N,B,-,Y,,,1,,,,,,,Y,2,0,3,2,A,-,03,22350,,N,C,C,A,A,H,-,A,D,0,,,,,Y,,A,01,1,0,2,0,0,0,0,0,0,"- ","- ",35.102470397949219,-120.61746978759766,"SAN LUIS OBISPO",UNINCORPORATED,-120.61748504638672,35.102451324462891
90930118,2019,2019-02-20,9745,2019-02-14,2500,017968,,4,4,9,4000,0,2,4,,1,048,"AVILA BEACH DRIVE","ONTARIO RD.",1100.00,W,N,B,C,N,,,,,,,,,,Y,3,0,1,1,A,-,03,22350,,N,E,I,A,B,H,-,D,D,0,,,,,Y,,A,01,0,1,0,0,0,0,0,0,0,"- ","- ",35.182369232177734,-120.70719146728516,"SAN LUIS OBISPO",UNINCORPORATED,-120.70724487304688,35.182498931884766
90930188,2019,2019-02-20,9745,2019-02-18,1730,017930,,1,2,9,4000,0,1,2,,2,202,"US-101 NORTHBOUND","BUENA VISTA AVE",200.00,N,N,A,-,Y,,,,,,,,,,N,4,0,1,2,A,-,03,22350,,N,C,C,A,A,H,-,B,D,0,,,,,Y,,A,07,0,0,1,0,0,0,0,0,0,"- ","- ",36.291698455810547,-120.64929962158203,"SAN LUIS OBISPO",UNINCORPORATED,-120.64974212646484,35.291740417480469
90930387,2019,2019-02-20,9745,2019-02-15,1940,020689,,5,2,9,4000,0,3,5,,2,005,"FRONTAGE RD","TEFFT STREET",5.00,S,N,B,-,N,,,,,,,,,,N,3,0,1,2,A,-,11,21950,B,N,G,B,B,A,H,-,C,A,0,Y,,,,Y,Y,N,60,0,1,0,0,1,0,0,0,0,"- ","- ",35.036399841308594,-120.48509979248047,"SAN LUIS OBISPO",UNINCORPORATED,-120.48523712158203,35.036491394042969
90930779,2019,2019-02-21,9750,2019-02-19,2100,016874,,2,2,9,4000,0,1,3,,1,063,"SR-166 E/B","GIFFORD CREEK",7920.00,E,N,B,-,Y,,,166,,,,,,E,Y,2,0,2,1,C,-,18,,,N,H,H,A,A,H,-,D,D,0,,,,,Y,,-,"- ",2,0,0,0,0,0,0,0,0,"- ","- ",35.088298797607422,-120.03318023681641,"SAN LUIS OBISPO",UNINCORPORATED,-120.03316497802734,35.088321685791016
90930888,2019,2019-02-21,9745,2019-02-16,1726,020689,,6,2,9,4000,0,1,3,,1,045,SR-1,"VIA ENTRADA",850.00,S,N,A,-,Y,,,1,,,,,,,Y,2,0,1,1,A,-,01,23152,A,N,E,I,A,B,H,-,A,D,0,,,,,Y,Y,A,01,1,0,0,0,0,0,0,0,0,"- ","- ",35.020599365234375,-120.56340026855469,"SAN LUIS OBISPO",UNINCORPORATED,-120.5634765625,35.020626068115234
90932550,2019,2019-02-25,9740,2019-02-11,0800,014460,,1,1,9,4000,0,1,3,,2,007,SR-41,"CLARK ROAD",1584.00,S,N,A,-,Y,,,41,,,,,,,Y,4,0,1,1,A,-,08,22107,,N,E,I,A,A,H,-,A,D,0,,,,,Y,,A,07,0,0,1,0,0,0,0,0,0,"- ","- ",35.626110076904297,-120.39972686767578,"SAN LUIS OBISPO",UNINCORPORATED,-120.3997802734375,35.626110076904297
90932944,2019,2019-02-25,9745,2019-02-18,1330,017541,,1,1,4,4006,0,1,2,,2,202,"US-101 SOUTHBOUND","LOS OSOS VALLEY RD",500.00,N,N,A,-,Y,,,101,,,,,,S,Y,4,0,1,2,A,-,03,22350,,N,C,C,A,A,H,-,A,D,0,,,,,Y,,A,01,0,0,1,0,0,0,0,0,0,"- ","- ",35.248031616210938,-120.68025207519531,"SAN LUIS OBISPO","SAN LUIS OBISPO",-120.68028259277344,35.248046875
90933690,2019,2019-02-25,9745,2019-02-20,1509,017857,,3,2,3,4001,0,1,2,,2,402,"US-101 SOUTHBOUND","BRISCO ROAD UNDER-CROSSING",44.00,S,N,B,-,Y,,,101,,,,,,S,Y,3,0,1,1,A,-,08,22107,,N,E,I,A,A,H,-,A,D,0,,,,,Y,,A,01,0,1,0,0,0,0,0,0,0,"- ","- ",35.124271392822266,-120.59333801269531,"SAN LUIS OBISPO","ARROYO GRANDE",-120.59337615966797,35.124179840087891
90934661,2019,2019-02-26,9750,2019-02-22,0220,020511,,5,3,9,4000,0,1,2,,2,111,"US-101 N/B",SR-166,1320.00,S,N,A,-,Y,,,101,,,,,,N,Y,4,0,1,2,A,-,03,22350,,N,C,C,A,A,H,-,D,D,0,,,,,Y,,A,01,0,0,1,0,0,0,0,0,0,"- ","- ",34.989360809326172,-120.43376159667969,"SAN LUIS OBISPO",UNINCORPORATED,-120.43356323242188,34.989391326904297
90934860,2019,2019-02-27,9740,2019-02-23,0138,013984,,6,3,9,4000,0,3,5,,2,017,"SANTA MARGARITA RD","NORTE RD",104.00,W,N,A,-,N,,,,,,,,,,Y,2,0,1,1,A,-,01,23152,A,N,E,I,A,A,H,-,D,D,0,,,,,Y,Y,D,22,1,0,0,0,0,0,0,0,0,"- ","- ",35.424938201904297,-120.61035919189453,"SAN LUIS OBISPO",UNINCORPORATED,-120.61018371582031,35.424949645996094
90935473,2019,2019-02-27,9745,2019-02-21,1605,017151,,4,2,4,4006,0,1,2,,2,202,"US-101 SOUTHBOUND","BROAD ST",400.00,N,N,B,-,Y,,,101,,,,,,S,Y,4,0,1,1,A,-,08,22107,,N,E,I,A,A,H,-,A,D,0,,,,,Y,,A,01,0,0,1,0,0,0,0,0,0,"- ","- ",35.28411865234375,-120.66709899902344,"SAN LUIS OBISPO","SAN LUIS OBISPO",-120.66706848144531,35.284088134765625
90936004,2019,2019-02-28,9745,2019-02-24,1110,017144,,7,1,9,4000,0,1,3,,1,021,SR-1,"NIKKI BEACH DR",3550.00,S,N,A,-,Y,,,1,,,,,,,N,2,0,1,1,A,-,03,22350,,N,E,J,A,A,H,-,A,D,0,,Y,,,Y,,L,04,1,0,0,0,0,0,1,0,0,"- ","- ",35.496688842773438,-121.00785064697266,"SAN LUIS OBISPO",UNINCORPORATED,-121.00785064697266,35.496692657470703
90936283,2019,2019-02-28,9745,2019-02-24,1640,017144,,7,2,9,4000,0,3,5,,2,002,"FOOTHILL BLVD","BLUE GRANITE LN",1850.00,N,N,A,-,N,,,,,,,,,,Y,3,0,1,1,A,-,08,22107,,N,E,I,A,A,H,-,A,D,0,,,,,Y,,A,01,0,1,0,0,0,0,0,0,0,"- ","- ",35.288009643554688,-120.69606781005859,"SAN LUIS OBISPO",UNINCORPORATED,-120.69619750976562,35.288047790527344
90936315,2019,2019-02-28,9740,2019-02-25,0700,017426,,1,1,9,4000,0,1,2,,2,001,"US-101 SOUTHBOUND",SR-58,1056.00,N,N,A,-,Y,,,101,,,,,,S,Y,4,0,1,3,A,-,03,22350,,N,C,C,A,A,H,-,A,D,0,,,,,Y,,D,22,0,0,1,0,0,0,0,0,0,"- ","- ",35.386020660400391,-120.62848663330078,"SAN LUIS OBISPO",UNINCORPORATED,-120.62849426269531,35.386024475097656
90938074,2019,2019-03-01,9745,2019-02-21,1644,017857,,4,2,9,4000,0,1,2,,2,505,"US-101 NORTHBOUND","TEFFT STREET",8.00,S,N,C,D,Y,,,101,,,,,,N,Y,4,0,1,2,A,-,03,22350,,N,C,C,A,B,H,-,A,D,0,,,,,Y,,A,01,0,0,1,0,0,0,0,0,0,"- ","- ",35.036811828613281,-120.48445892333984,"SAN LUIS OBISPO",UNINCORPORATED,-120.48442077636719,35.036846160888672
90938840,2019,2019-03-04,9745,2019-02-25,1847,020226,,1,2,9,4000,0,1,3,,2,023,SR-1,"KERN AVENUE",1375.00,N,N,A,-,Y,,,1,,,,,,,N,4,0,1,1,C,-,18,,,N,E,H,A,A,H,-,D,D,0,,,,,Y,,-,"- ",0,0,1,0,0,0,0,0,0,"- ","- ",35.324459075927734,-120.72480773925781,"SAN LUIS OBISPO",UNINCORPORATED,-120.72482299804688,35.324436187744141
90939848,2019,2019-03-05,9745,2019-03-01,2200,017151,,5,3,9,4000,0,1,3,,2,023,"SR-1 NORTHBOUND","HIGHLAND DR",25.00,S,N,B,-,Y,,,1,,,,,,N,Y,4,0,3,2,A,-,01,23152,A,N,C,C,A,B,H,-,C,D,0,,,,,Y,Y,A,01,0,0,3,0,0,0,0,0,0,"- ","- ",35.29840087890625,-120.67369842529297,"SAN LUIS OBISPO",UNINCORPORATED,-120.67369079589844,35.298412322998047
90940045,2019,2019-03-05,9745,2019-03-02,0733,017541,,6,1,9,4000,0,1,2,,1,101,"US-101 SOUTHBOUND","STAGE COACH RD",200.00,S,N,C,-,Y,,,101,,,,,,S,Y,4,0,1,1,A,-,08,22107,,N,E,I,A,B,H,-,A,D,0,,,,,Y,,A,07,0,0,1,0,0,0,0,0,0,"- ","- ",35.316749572753906,-120.62158203125,"SAN LUIS OBISPO",UNINCORPORATED,-120.62155151367188,35.316738128662109
90940150,2019,2019-03-05,9745,2019-03-01,1140,017146,,5,1,9,4000,0,2,4,,1,058,"ORCHARD AVE.","CHERRY BLOSSOM PL",2112.00,N,N,B,-,N,,,,,,,,,,N,4,0,2,2,A,-,03,22350,,N,C,C,A,A,D,-,A,A,0,,,,,Y,,A,01,0,0,2,0,0,0,0,0,0,"- ","- ",35.010551452636719,-120.47081756591797,"SAN LUIS OBISPO",UNINCORPORATED,-120.46939849853516,35.0096435546875
90941153,2019,2019-03-06,9745,2019-03-06,1027,013531,,3,1,9,4000,0,1,2,,2,505,"US-101 SOUTHBOUND","EL CAMPO ROAD",2640.00,S,N,B,C,Y,,,101,,,,,,S,Y,4,0,1,1,A,-,08,22107,,N,E,I,A,B,H,-,A,D,0,,,,,Y,,A,07,0,0,1,0,0,0,0,0,0,"- ","- ",35.107398986816406,-120.55555725097656,"SAN LUIS OBISPO",UNINCORPORATED,-120.55554962158203,35.107414245605469
90941553,2019,2019-03-07,9745,2019-02-28,0914,015144,,4,1,2,4005,0,1,2,,2,404,"US-101 NORTHBOUND","FRADY LN",100.00,N,N,A,-,Y,,,101,,,,,,N,Y,4,0,1,2,A,-,04,21703,,N,C,C,A,A,H,-,A,D,0,,,,,Y,,A,07,0,0,1,0,0,0,0,0,0,"- ","- ",35.138820648193359,-120.63295745849609,"SAN LUIS OBISPO","PISMO BEACH",-120.63295745849609,35.138843536376953
90941701,2019,2019-06-17,9745,2019-01-18,1810,017857,,5,2,9,4000,0,3,5,,2,005,"FRONTAGE ROAD","HILL STREET",305.00,S,N,A,-,N,,,,,,,,,,N,1,1,0,2,A,-,11,21956,,N,G,B,E,A,H,-,D,D,0,Y,,,,Y,,N,60,0,0,0,1,0,0,0,0,0,"- ","- ",35.034191131591797,-120.48229217529297,"SAN LUIS OBISPO",UNINCORPORATED,-120.4822998046875,35.03424072265625
9094172,2020,2020-07-24,4004,2020-04-01,1545,1208,,3,5,3,4004,0,0,0,,0,,"STONEY CREEK DR","CRESTON RD",152.00,W,N,A,-,N,,,,,,,,,,Y,4,0,2,2,A,-,08,22103,,N,D,C,A,A,H,-,A,D,0,,,,,Y,,A,07,0,0,2,0,0,0,0,0,0,"- ","- ",35.605239868164062,-120.65898132324219,"SAN LUIS OBISPO","PASO ROBLES",-120.65950775146484,35.605258941650391
90943312,2019,2019-03-11,9745,2019-03-04,0010,017151,,1,3,9,4000,0,2,4,,1,052,"THOMPSON AVE","POAGUE RD",2112.00,S,N,B,-,N,,,,,,,,,,Y,3,0,1,2,A,-,01,23152,A,N,E,I,A,B,H,-,D,D,0,,,,,Y,Y,A,08,0,1,0,0,0,0,0,0,0,"- ","- ",35.012798309326172,-120.44709777832031,"SAN LUIS OBISPO",UNINCORPORATED,-120.44673919677734,35.012619018554688
90945630,2019,2019-03-14,9740,2019-02-20,1215,015675,,3,1,4,4008,1,4,S,,2,901,"LAGO AVENUE","CHARLES PADDOCK ZOO PARKING LOT",0.00,,Y,A,-,N,,,,,,,,,,N,4,0,2,1,A,-,08,22107,,N,E,I,A,A,H,-,A,A,0,,,,,Y,,H,13,0,0,2,0,0,0,0,0,0,"- ","- ",35.467239379882812,-120.67025756835938,"SAN LUIS OBISPO",ATASCADERO,-120.66982899999999,35.466915
90946745,2019,2019-03-15,9740,2019-03-06,0840,010820,,3,1,9,4000,0,1,2,,2,001,"US-101 NORTHBOUND",SR-58,4752.00,N,N,B,C,Y,,,101,,,,,,N,Y,4,0,4,2,A,-,03,22350,,N,E,I,A,B,H,-,A,A,0,,,,,Y,,D,22,0,0,4,0,0,0,0,0,0,"- ","- ",35.395561218261719,-120.62296295166016,"SAN LUIS OBISPO",UNINCORPORATED,-120.62287139892578,35.395534515380859
90946799,2019,2019-03-15,9745,2019-03-12,1050,014543,,2,1,9,4000,0,1,2,,1,101,"US-101 NORTHBOUND","FOX HOLLOW RD",528.00,N,N,A,-,Y,,,101,,,,,,N,Y,4,0,1,1,A,-,08,22107,,N,E,I,A,A,H,-,A,D,0,,,,,Y,,A,07,0,0,1,0,0,0,0,0,0,"- ","- ",35.295658111572266,-120.6319580078125,"SAN LUIS OBISPO",UNINCORPORATED,-120.6319580078125,35.295665740966797
90947118,2019,2019-03-15,9745,2019-03-10,1659,016514,,7,2,9,4000,0,3,5,,2,002,"9TH STREET","SANTA YNEZ AVE",0.00,,Y,A,-,N,,,,,,,,,,Y,3,0,1,2,A,-,09,21802,A,N,D,C,A,A,H,-,A,D,0,,,,,Y,,A,08,0,1,0,0,0,0,0,0,0,"- ","- ",35.314998626708984,-120.83319854736328,"SAN LUIS OBISPO",UNINCORPORATED,-120.83332824707031,35.315048217773438
90947199,2019,2019-03-15,9745,2019-03-11,0845,015144,,1,1,9,4000,0,1,3,,1,041,SR-1,"SOUTH ELM STREET",133.00,N,N,A,-,Y,,,1,,,,,,,N,3,0,1,2,A,-,08,22107,,N,D,E,A,A,H,-,A,D,0,,,,,Y,,A,01,0,1,0,0,0,0,0,0,0,"- ","- ",35.098201751708984,-120.60101318359375,"SAN LUIS OBISPO",UNINCORPORATED,-120.60100555419922,35.098125457763672
90947214,2019,2019-03-15,9745,2019-03-08,0743,015144,,5,1,9,4000,0,1,2,,2,505,"US-101 NORTHBOUND","TEFFT STREET",2640.00,S,N,A,-,Y,,,101,,,,,,N,Y,3,0,1,2,A,-,03,22350,,N,C,C,A,A,H,-,A,D,0,,,,,Y,,A,01,0,1,0,0,0,0,0,0,0,"- ","- ",35.031269073486328,-120.47837829589844,"SAN LUIS OBISPO",UNINCORPORATED,-120.47840118408203,35.03125
90947650,2019,2019-03-18,9740,2019-03-06,2216,014662,,3,3,9,4000,0,1,2,,2,004,"US 101SOUTHBOUND","NORTH MISSION ST",312.00,N,N,B,-,Y,,,,,,,,,,Y,4,0,2,1,A,-,08,22107,,N,E,I,A,B,D,-,D,A,0,,,,,Y,,A,01,0,0,2,0,0,0,0,0,0,"- ","- ",35.775959014892578,-120.71338653564453,"SAN LUIS OBISPO",UNINCORPORATED,,
90947934,2019,2019-03-18,9740,2019-03-07,1334,019700,,4,1,4,4008,0,1,2,,2,001,"US-101 SOUTHBOUND",SR-41,275.00,S,N,B,-,Y,,,101,,,,,,S,Y,3,0,1,2,A,-,08,22107,,N,B,C,A,A,H,-,A,D,0,,,,,Y,,A,07,0,1,0,0,0,0,0,0,0,"- ","- ",35.484180450439453,-120.66374206542969,"SAN LUIS OBISPO",ATASCADERO,-120.66360473632812,35.484386444091797
90947963,2019,2019-03-18,9745,2019-03-10,1157,016773,,7,1,9,4000,0,1,3,,1,045,"SR-1 SOUTHBOUND","HILLVIEW PL",0.00,,Y,A,-,Y,,,1,,,,,,S,Y,4,0,1,2,A,-,09,21801,A,N,A,C,A,A,H,-,A,D,0,,,,,Y,,A,01,0,0,1,0,0,0,0,0,0,"- ","- ",35.041969299316406,-120.56807708740234,"SAN LUIS OBISPO",UNINCORPORATED,-120.56809234619141,35.041969299316406
90948237,2019,2019-03-18,9745,2019-03-13,0835,015144,,3,1,2,4005,0,1,2,,2,404,"US-101 NORTHBOUND","MATTIE RD",2112.00,S,N,A,-,Y,,,101,,,,,,N,Y,4,0,1,3,A,-,03,22350,,N,C,C,A,A,H,-,A,D,0,,,,,Y,,A,01,0,0,1,0,0,0,0,0,0,"- ","- ",35.148818969726562,-120.64803314208984,"SAN LUIS OBISPO","PISMO BEACH",-120.64802551269531,35.148830413818359