CASE_ID,ACCIDENT_YEAR,PROC_DATE,JURIS,COLLISION_DATE,COLLISION_TIME,OFFICER_ID,REPORTING_DISTRICT,DAY_OF_WEEK,CHP_SHIFT,POPULATION,CNTY_CITY_LOC,SPECIAL_COND,BEAT_TYPE,CHP_BEAT_TYPE,CITY_DIVISION_LAPD,CHP_BEAT_CLASS,BEAT_NUMBER,PRIMARY_RD,SECONDARY_RD,DISTANCE,DIRECTION,INTERSECTION,WEATHER_1,WEATHER_2,STATE_HWY_IND,CALTRANS_COUNTY,CALTRANS_DISTRICT,STATE_ROUTE,ROUTE_SUFFIX,POSTMILE_PREFIX,POSTMILE,LOCATION_TYPE,RAMP_INTERSECTION,SIDE_OF_HWY,TOW_AWAY,COLLISION_SEVERITY,NUMBER_KILLED,NUMBER_INJURED,PARTY_COUNT,PRIMARY_COLL_FACTOR,PCF_CODE_OF_VIOL,PCF_VIOL_CATEGORY,PCF_VIOLATION,PCF_VIOL_SUBSECTION,HIT_AND_RUN,TYPE_OF_COLLISION,MVIW,PED_ACTION,ROAD_SURFACE,ROAD_COND_1,ROAD_COND_2,LIGHTING,CONTROL_DEVICE,CHP_ROAD_TYPE,PEDESTRIAN_ACCIDENT,BICYCLE_ACCIDENT,MOTORCYCLE_ACCIDENT,TRUCK_ACCIDENT,NOT_PRIVATE_PROPERTY,ALCOHOL_INVOLVED,STWD_VEHTYPE_AT_FAULT,CHP_VEHTYPE_AT_FAULT,COUNT_SEVERE_INJ,COUNT_VISIBLE_INJ,COUNT_COMPLAINT_PAIN,COUNT_PED_KILLED,COUNT_PED_INJURED,COUNT_BICYCLIST_KILLED,COUNT_BICYCLIST_INJURED,COUNT_MC_KILLED,COUNT_MC_INJURED,PRIMARY_RAMP,SECONDARY_RAMP,LATITUDE,LONGITUDE,COUNTY,CITY,POINT_X,POINT_Y
90948449,2019,2019-03-18,9740,2019-03-11,2210,019259,,1,3,9,4000,0,1,2,,2,004,"US-101 SOUTHBOUND","MISSION ST",195.00,N,N,A,-,Y,,,101,,,,,,S,Y,3,0,1,1,A,-,08,22107,,N,E,I,A,A,D,-,D,A,0,,,,,Y,,A,07,0,1,0,0,0,0,0,0,0,"- ","- ",35.775531768798828,-120.71292877197266,"SAN LUIS OBISPO",UNINCORPORATED,-120.71294403076172,35.775505065917969
90948451,2019,2019-03-18,9745,2019-03-14,0648,013531,,4,1,9,4000,0,2,4,,1,058,"ORCHARD AVENUE","DIVISION STREET",0.00,,Y,A,-,N,,,,,,,,,,Y,4,0,1,2,A,-,12,21453,A,N,D,C,A,A,H,-,B,D,0,,,,,Y,,D,22,0,0,1,0,0,0,0,0,0,"- ","- ",35.022300720214844,-120.48889923095703,"SAN LUIS OBISPO",UNINCORPORATED,-120.48880004882812,35.022041320800781
90948751,2019,2019-03-19,9745,2019-03-17,2123,017151,,7,2,4,4006,0,1,2,,2,202,"US-101 SOUTHBOUND FROM MARSH ST","FERNANDEZ LN.",400.00,S,N,A,-,Y,,,101,,,,R,,S,Y,3,0,2,1,A,-,01,23152,A,N,F,A,A,A,H,-,D,D,0,,,,,Y,Y,A,01,0,2,0,0,0,0,0,0,0,"- ","- ",35.272800445556641,-120.67230224609375,"SAN LUIS OBISPO","SAN LUIS OBISPO",-120.67230224609375,35.272800445556641
90951119,2019,2019-03-21,9740,2019-03-12,0748,010820,,2,1,9,4000,0,1,2,,2,001,"US-101 SOUTHBOUND","SANTA BARBARA RD",5808.00,S,N,A,-,Y,,,101,,,,,,S,N,4,0,1,2,A,-,03,22350,,N,C,C,A,A,H,-,A,A,0,,,,,Y,,A,08,0,0,1,0,0,0,0,0,0,"- ","- ",35.427989959716797,-120.63397979736328,"SAN LUIS OBISPO",UNINCORPORATED,-120.63404846191406,35.427955627441406
9095225,2020,2020-08-03,4006,2020-04-30,1159,62657,,4,5,4,4006,0,0,0,,0,,"S HIGUERA",MARGARITA,0.00,,Y,A,-,N,,,,,,,,,,N,2,0,1,2,D,-,00,,,N,D,G,A,A,H,-,A,A,0,,Y,,,Y,,-,"- ",1,0,0,0,0,0,1,0,0,"- ","- ",35.257148742675781,-120.66854858398438,"SAN LUIS OBISPO","SAN LUIS OBISPO",-120.66866302490234,35.257061004638672
90952525,2019,2019-03-25,9745,2019-03-25,0925,013531,,1,1,9,4000,0,1,2,,2,505,"US-101 NORTHBOUND","LOS BERROS ROAD",200.00,N,N,A,-,Y,,,101,,,,,,N,Y,4,0,1,2,A,-,03,22350,,N,C,C,A,A,H,-,A,D,0,,,,,Y,,D,22,0,0,1,0,0,0,0,0,0,"- ","- ",35.072788238525391,-120.51702880859375,"SAN LUIS OBISPO",UNINCORPORATED,-120.51700592041016,35.07281494140625
90952707,2019,2019-03-25,9745,2019-03-23,2300,017151,,6,3,9,4000,0,2,4,,1,042,"ORCUTT RD","VARIAN CIR",1056.00,S,N,A,-,N,,,,,,,,,,N,3,0,1,1,A,-,01,23152,A,N,F,A,A,A,H,-,D,D,0,,,Y,,Y,Y,C,02,0,1,0,0,0,0,0,0,1,"- ","- ",35.179698944091797,-120.54350280761719,"SAN LUIS OBISPO",UNINCORPORATED,-120.55605316162109,35.185932159423828
90952725,2019,2019-03-25,9745,2019-03-18,1135,017146,,1,1,4,4006,0,1,2,,2,404,"US-101 N/B","OAK PARK BLVD.",1056.00,N,N,A,-,Y,,,,,,,,,,Y,4,0,1,2,A,-,08,22107,,N,B,C,A,A,H,-,A,D,0,,,,,Y,,A,01,0,0,1,0,0,0,0,0,0,"- ","- ",35.130908966064453,-120.6097412109375,"SAN LUIS OBISPO","SAN LUIS OBISPO",-120.61007690429688,35.130931854248047
90953102,2019,2019-03-25,9740,2019-03-17,1500,020773,,7,2,9,4000,0,1,3,,1,014,SR-1,"SAN CARPOFORO CREEK BRIDGE",528.00,S,N,A,-,Y,,,1,,,,,,,Y,2,0,1,1,A,-,08,22107,,N,F,A,A,A,H,-,A,D,0,,,Y,,Y,,C,02,1,0,0,0,0,0,0,0,1,"- ","- ",35.762020111083984,-121.31948852539062,"SAN LUIS OBISPO",UNINCORPORATED,-121.31951141357422,35.762062072753906
90955720,2019,2019-03-28,9740,2019-03-19,1710,019700,,2,2,3,4004,0,1,2,,2,004,"US-101 NORTHBOUND","NIBLICK RD",850.00,S,N,A,-,Y,,,101,,,,,,N,Y,4,0,1,2,A,-,03,22350,,N,C,C,A,A,H,-,A,D,0,,,,,Y,,A,07,0,0,1,0,0,0,0,0,0,"- ","- ",35.604251861572266,-120.69230651855469,"SAN LUIS OBISPO","PASO ROBLES",-120.69232940673828,35.604251861572266
90956001,2019,2019-03-28,9740,2019-03-25,1510,016849,,1,2,9,4000,0,1,3,,2,005,SR-58,"CAMATTA ROAD",19008.00,E,N,A,-,Y,,,58,,,,,,,Y,3,0,1,1,A,-,08,22107,,N,F,A,A,A,H,-,A,D,0,,,,,Y,,D,22,0,1,0,0,0,0,0,0,0,"- ","- ",35.41107177734375,-120.24916839599609,"SAN LUIS OBISPO",UNINCORPORATED,-120.24919128417969,35.411113739013672
90958905,2019,2019-04-02,9745,2019-03-22,1441,018253,,5,2,9,4000,0,3,5,,2,004,"BEACH STREET",SR-1,13.00,E,N,A,-,N,,,,,,,,,,N,4,0,1,2,A,-,05,21202,A,N,B,G,A,A,H,-,A,D,0,,Y,,,Y,,L,04,0,0,1,0,0,0,1,0,0,"- ","- ",35.099201202392578,-120.61289215087891,"SAN LUIS OBISPO",UNINCORPORATED,-120.61296844482422,35.099201202392578
90960050,2019,2019-04-03,9745,2019-03-30,2045,019809,,6,2,9,4000,0,1,2,,2,505,"US 101 S/B FROM LOS BERROS RD","LOS BERROS RD",320.00,S,N,A,-,Y,,,,,,,,,,Y,2,0,1,1,A,-,08,22107,,N,E,I,A,A,H,-,D,D,0,,,Y,,Y,,C,02,1,0,0,0,0,0,0,0,1,"- ","- ",35.071090698242188,-120.51735687255859,"SAN LUIS OBISPO",UNINCORPORATED,,
90960721,2019,2019-04-04,9745,2019-03-18,1850,017144,,1,2,9,4000,0,1,2,,2,303,"US-101 NORTHBOUND","SAN LUIS BAY DR",6864.00,N,N,A,-,Y,,,101,,,,,,N,Y,2,0,2,1,A,-,08,22107,,N,E,I,A,A,H,-,A,D,0,,,,,Y,,D,22,2,0,0,0,0,0,0,0,0,"- ","- ",35.214618682861328,-120.69642639160156,"SAN LUIS OBISPO",UNINCORPORATED,-120.69650268554688,35.214633941650391
90963367,2019,2019-04-08,9745,2019-04-04,1315,016390,,4,1,9,4000,0,3,5,,2,005,"UPPER LOS BERROS RD.","HAVEN HILL WAY",1770.00,E,N,B,-,N,,,,,,,,,,Y,3,0,1,1,A,-,03,22350,,N,E,I,A,A,H,-,A,D,0,,,,,Y,,A,01,0,1,0,0,0,0,0,0,0,"- ","- ",35.100208282470703,-120.47817230224609,"SAN LUIS OBISPO",UNINCORPORATED,-120.47814178466797,35.100254058837891
90963412,2019,2019-04-08,9745,2019-03-30,1917,020417,,6,2,9,4000,0,1,2,,1,101,"US-101 NORTHBOUND","RESERVOIR CANYON RD",90.00,N,N,B,-,Y,,,101,,,,,,N,Y,4,0,1,2,A,-,09,21802,A,N,E,I,A,A,H,-,B,D,0,,,,,Y,,D,22,0,0,1,0,0,0,0,0,0,"- ","- ",35.296520233154297,-120.62998962402344,"SAN LUIS OBISPO",UNINCORPORATED,-120.62998199462891,35.2965087890625
90964064,2019,2019-04-09,9745,2019-04-05,1310,016390,,5,1,9,4000,0,3,5,,2,005,"DIVISION STREET","MERCURY DR.",0.00,,Y,A,-,N,,,,,,,,,,Y,4,0,2,4,A,-,03,22350,,N,C,C,A,A,H,-,A,D,0,,,,,Y,,D,22,0,0,2,0,0,0,0,0,0,"- ","- ",35.015338897705078,-120.49215698242188,"SAN LUIS OBISPO",UNINCORPORATED,-120.49221801757812,35.015308380126953
90964500,2019,2019-04-09,9740,2019-04-03,1505,015167,,3,2,9,4000,0,1,3,,1,014,SR-1,"PICO AVENUE",0.00,,Y,B,-,Y,,,1,,,,,,,Y,4,0,2,2,A,-,09,21801,A,N,D,C,A,A,H,-,A,D,0,,,,,Y,,A,01,0,0,2,0,0,0,0,0,0,"- ","- ",35.614971160888672,-121.14623260498047,"SAN LUIS OBISPO",UNINCORPORATED,-121.14629364013672,35.614906311035156
90965312,2019,2019-04-10,9740,2019-04-05,1525,015167,,5,2,4,4008,0,1,2,,2,001,"US101 N/B FROM EL CAMINO REAL","EL CAMINO REAL",57.00,N,N,B,-,Y,,,101,,,,R,,N,N,4,0,1,2,A,-,09,21800,A,N,B,C,A,A,H,-,A,A,0,,,,,Y,,A,01,0,0,1,0,0,0,0,0,0,"- ","- ",35.5264892578125,-120.70423889160156,"SAN LUIS OBISPO",ATASCADERO,-120.70423889160156,35.5264892578125
90967745,2019,2019-04-15,9745,2019-04-07,1215,017541,,7,1,9,4000,0,1,2,,2,505,"US-101 NORTHBOUND","TEFFT STREET",500.00,N,N,A,-,Y,,,101,,,,,,N,Y,4,0,2,4,A,-,03,22350,,N,C,C,A,A,H,-,A,D,0,,,,,Y,,A,07,0,0,2,0,0,0,0,0,0,"- ","- ",35.038791656494141,-120.48625946044922,"SAN LUIS OBISPO",UNINCORPORATED,-120.48622894287109,35.038814544677734
90968278,2019,2019-04-16,9740,2019-04-14,1320,013984,,7,1,9,4000,0,3,5,,2,017,"RT 41","CAMP 8 RD",1584.00,S,N,A,-,Y,,,,,,,,,,N,2,0,1,1,A,-,03,22350,,N,E,I,A,A,H,-,A,D,0,,,Y,,Y,,C,02,1,0,0,0,0,0,0,0,1,"- ","- ",35.554859161376953,-120.49825286865234,"SAN LUIS OBISPO",UNINCORPORATED,-120.49675750732422,35.546211242675781
90968607,2019,2019-04-16,9740,2019-04-13,1735,019700,,6,2,9,4000,0,3,5,,2,017,"EL POMAR DRIVE","REDONDO LANE",47.00,W,N,A,-,N,,,,,,,,,,Y,2,0,1,1,A,-,08,22107,,N,E,I,A,A,H,-,A,D,0,,,,,Y,,A,01,1,0,0,0,0,0,0,0,0,"- ","- ",35.558860778808594,-120.63201904296875,"SAN LUIS OBISPO",UNINCORPORATED,-120.63205718994141,35.558864593505859
90970809,2019,2019-04-19,9740,2019-04-14,2215,014716,,7,3,9,4000,0,1,3,,2,011,"SR-46 W/B","BOOKER ROAD",528.00,W,N,A,-,Y,,,46,,,,,,W,Y,3,0,1,1,A,-,00,21352,A,N,E,I,A,A,H,-,D,D,0,,,,,Y,Y,D,22,0,1,0,0,0,0,0,0,0,"- ","- ",35.563518524169922,-120.74931335449219,"SAN LUIS OBISPO",UNINCORPORATED,-120.74934387207031,35.563571929931641
9097163,2020,2020-11-03,4008,2020-05-01,1545,3125,,5,5,4,4008,0,0,0,,0,,"EL CAMINO REAL","GUSTA RD",96.00,N,N,A,-,N,,,,,,,,,,Y,3,0,1,2,A,-,09,21804,A,N,D,C,A,A,H,-,A,D,0,,,,,Y,,A,01,0,1,0,0,0,0,0,0,0,"- ","- ",35.468460083007812,-120.65132904052734,"SAN LUIS OBISPO",ATASCADERO,-120.65145111083984,35.468715667724609
9097211,2020,2020-07-21,4006,2020-04-01,0832,62657,,3,5,4,4006,0,0,0,,0,,"ORCUTT RD",TIBURON,988.00,S,N,A,-,N,,,,,,,,,,Y,4,0,1,2,A,-,17,22109,,N,C,C,A,A,H,-,A,A,0,,,,,Y,,A,01,0,0,1,0,0,0,0,0,0,"- ","- ",35.256420135498047,-120.63066101074219,"SAN LUIS OBISPO","SAN LUIS OBISPO",-120.63065338134766,35.256450653076172
90972647,2019,2019-04-22,9745,2019-04-09,1300,014910,,2,1,9,4000,0,3,5,,2,003,"TIFFANY RANCH ROAD","ORCUTT RD",0.00,,Y,A,-,N,,,,,,,,,,Y,3,0,1,1,A,-,03,22350,,N,F,A,A,A,H,-,A,A,0,,,Y,,Y,,C,02,0,1,0,0,0,0,0,0,1,"- ","- ",35.191291809082031,-120.560791015625,"SAN LUIS OBISPO",UNINCORPORATED,-120.56094360351562,35.191940307617188
90975324,2019,2019-04-25,9740,2019-04-23,1805,016154,,2,2,9,4000,0,3,5,,2,018,"GENESEO RD","MOON VALLEY RD",340.00,N,N,A,-,N,,,,,,,,,,Y,3,0,1,1,A,-,01,23152,A,N,F,A,A,A,H,-,A,D,0,,,,,Y,Y,A,01,0,1,0,0,0,0,0,0,0,"- ","- ",35.629489898681641,-120.55538940429688,"SAN LUIS OBISPO",UNINCORPORATED,-120.55536651611328,35.629474639892578
90977108,2019,2019-06-03,9740,2019-04-03,0909,013984,,3,1,9,4000,0,1,2,,2,002,"US 101 N/B","TRAFFIC WAY",1056.00,S,N,A,-,Y,,,,,,,,,,Y,2,0,1,2,A,-,07,21658,A,F,B,C,A,A,H,-,A,D,0,,,,,Y,,D,22,1,0,0,0,0,0,0,0,0,"- ","- ",35.486469268798828,-120.66683959960938,"SAN LUIS OBISPO",UNINCORPORATED,-120.66793060302734,35.487030029296875
90977740,2019,2019-04-29,9740,2019-04-27,1521,019700,,6,2,9,4000,0,3,5,,2,023,"OLD CREEK RD",SR-46,7392.00,S,N,A,-,N,,,,,,,,,,Y,3,0,1,2,A,-,05,21460,A,N,B,C,A,A,H,-,A,D,0,,,,,Y,,D,22,0,1,0,0,0,0,0,0,0,"- ","- ",35.516590118408203,-120.85240173339844,"SAN LUIS OBISPO",UNINCORPORATED,-120.85225677490234,35.516399383544922
9098012,2020,2020-11-13,4004,2020-05-14,1356,1208,,4,5,3,4004,0,0,0,,0,,"13TH ST","RIVERSIDE AV",0.00,,Y,A,-,N,,,,,,,,,,Y,3,0,1,2,A,-,01,23152,A,N,C,C,A,A,H,-,A,A,0,,,,,Y,Y,A,01,0,1,0,0,0,0,0,0,0,"- ","- ",35.627609252929688,-120.68682098388672,"SAN LUIS OBISPO","PASO ROBLES",-120.68701934814453,35.627971649169922
90980359,2019,2019-10-01,9740,2019-03-05,2250,017426,,2,3,9,4000,0,1,2,,2,002,"US-101 NORTHBOUND","LAS TABLAS RD",477.00,N,N,B,C,Y,,,101,,,,,,N,N,1,1,0,2,A,-,11,21950,B,N,G,B,E,B,H,-,D,D,0,Y,,,,Y,,N,60,0,0,0,1,0,0,0,0,0,"- ","- ",35.555698394775391,-120.71070861816406,"SAN LUIS OBISPO",UNINCORPORATED,-120.71070098876953,35.555694580078125
90980940,2019,2019-05-02,9745,2019-04-27,1230,015716,,6,1,9,4000,0,2,S,,2,054,"LOPEZ DRIVE","CECCHETTI RD",2640.00,W,N,B,-,N,,,,,,,,,,Y,4,0,1,2,A,-,03,22350,,N,C,C,A,A,H,-,A,D,0,,,,,Y,,A,01,0,0,1,0,0,0,0,0,0,"- ","- ",35.146659851074219,-120.54209136962891,"SAN LUIS OBISPO",UNINCORPORATED,-120.54325103759766,35.145866394042969
90980974,2019,2019-05-02,9745,2019-05-02,0746,016714,,4,1,3,4001,0,1,2,,2,402,"US-101 N/B","BRISCO RD.",528.00,N,N,A,-,Y,,,101,,,,,,N,Y,4,0,2,3,A,-,03,22350,,N,C,C,A,A,H,-,A,D,0,,,,,Y,,D,22,0,0,2,0,0,0,0,0,0,"- ","- ",35.125358581542969,-120.59587860107422,"SAN LUIS OBISPO","ARROYO GRANDE",-120.59580230712891,35.125514984130859
90982647,2019,2019-05-06,9750,2019-04-30,0500,016874,,2,3,9,4000,0,1,3,,1,063,SR166,"ROCK FRONT",19536.00,W,N,B,-,Y,,,166,,,,,,,Y,3,0,1,1,A,-,08,22107,,N,F,A,A,A,H,-,D,D,0,,,,,Y,,A,07,0,1,0,0,0,0,0,0,0,"- ","- ",35.086441040039062,-120.02926635742188,"SAN LUIS OBISPO",UNINCORPORATED,-120.02928161621094,35.086402893066406
90983500,2019,2019-05-07,9745,2019-04-30,0758,017968,,2,1,9,4000,0,3,5,,2,002,"12TH STREET","EL MORRO AVENUE",0.00,,Y,A,-,N,,,,,,,,,,N,3,0,1,2,A,-,12,22450,A,F,D,G,A,A,H,-,A,A,0,,Y,,,Y,,A,01,0,1,0,0,0,0,1,0,0,"- ","- ",35.326210021972656,-120.82991027832031,"SAN LUIS OBISPO",UNINCORPORATED,-120.82993316650391,35.326240539550781
90984821,2019,2019-05-08,9740,2019-04-27,1115,014662,,6,1,9,4000,0,3,5,,2,023,"SANTA ROSA CREEK RD",SR-46W,528.00,N,N,B,-,N,,,,,,,,,,N,4,0,2,1,A,-,03,22350,,N,F,A,A,A,H,-,A,D,0,,,Y,,Y,,C,02,0,0,2,0,0,0,0,0,2,"- ","- ",35.537071228027344,-120.86289215087891,"SAN LUIS OBISPO",UNINCORPORATED,-120.85995483398438,35.535446166992188
90988942,2019,2019-05-15,9745,2019-05-10,0730,015716,,5,1,9,4000,0,3,5,,2,002,"HENRIETTA AVE","DONNA AVE",0.00,,Y,B,-,N,,,,,,,,,,Y,4,0,1,2,A,-,09,21802,A,N,D,C,A,A,H,-,A,A,0,,,,,Y,,A,01,0,0,1,0,0,0,0,0,0,"- ","- ",35.317169189453125,-120.84725952148438,"SAN LUIS OBISPO",UNINCORPORATED,-120.84723663330078,35.317161560058594
90989311,2019,2019-05-15,9740,2019-05-02,1545,015167,,4,2,9,4000,0,1,2,,2,004,"US-101 NORTHBOUND","SAN MARCOS RD",1742.00,S,N,A,-,Y,,,101,,,,,,N,Y,2,0,1,2,A,-,08,22107,,F,B,C,A,A,D,-,A,A,0,,,Y,,Y,,A,01,1,0,0,0,0,0,0,0,1,"- ","- ",35.716701507568359,-120.69499206542969,"SAN LUIS OBISPO",UNINCORPORATED,-120.69503021240234,35.716682434082031
90990344,2019,2019-05-20,9745,2019-05-14,0500,020689,,2,3,9,4000,0,1,2,,2,505,"US-101 SOUTHBOUND","WILLOW RD",200.00,S,N,A,-,Y,,,101,,,,,,S,Y,4,0,1,2,A,-,03,22350,,F,C,C,A,A,H,-,D,D,0,,,,,Y,,A,01,0,0,1,0,0,0,0,0,0,"- ","- ",35.054798126220703,-120.50090026855469,"SAN LUIS OBISPO",UNINCORPORATED,-120.50087738037109,35.054817199707031
90991666,2019,2019-05-20,9750,2019-05-11,0218,020549,,6,3,9,4000,0,1,3,,2,061,SR-166,"BULL CANYON RD",1065.00,E,N,A,-,Y,,,166,,,,,,,Y,3,0,1,1,A,-,08,22107,,N,E,I,A,A,H,-,D,D,0,,,,,Y,,A,01,0,1,0,0,0,0,0,0,0,"- ","- ",34.997161865234375,-120.37766265869141,"SAN LUIS OBISPO",UNINCORPORATED,-120.37765502929688,34.997180938720703
90991931,2019,2019-05-20,9740,2019-05-11,1800,013733,,6,2,9,4000,0,3,5,,2,023,"OLD CREEK RD","COTTONTAIL CREEK RD",2112.00,N,N,A,-,N,,,,,,,,,,Y,3,0,1,1,A,-,08,22107,,N,E,I,A,A,H,-,A,D,0,,,,,Y,,A,01,0,1,0,0,0,0,0,0,0,"- ","- ",35.473281860351562,-120.85681915283203,"SAN LUIS OBISPO",UNINCORPORATED,-120.85509490966797,35.478851318359375
90992164,2019,2019-05-20,9740,2019-05-15,1540,018988,,3,2,9,4000,0,3,5,,2,018,"UNION RD","SR-46 E/B",10.00,S,N,B,-,N,,,,,,,,,,N,4,0,1,2,A,-,03,22350,,N,C,C,A,A,H,-,A,A,0,,,,,Y,,A,07,0,0,1,0,0,0,0,0,0,"- ","- ",35.655021667480469,-120.53388977050781,"SAN LUIS OBISPO",UNINCORPORATED,-120.53392028808594,35.655307769775391
90992634,2019,2019-05-21,9740,2019-05-12,0130,020773,,7,3,4,4008,0,1,2,,2,001,"US-101 NORTHBOUND","SANTA BARBARA RD",2640.00,N,N,A,-,Y,,,101,,,,,,N,Y,3,0,1,1,A,-,08,22107,,N,E,I,A,A,H,-,D,D,0,,,,,Y,,A,01,0,1,0,0,0,0,0,0,0,"- ","- ",35.450538635253906,-120.63947296142578,"SAN LUIS OBISPO",ATASCADERO,-120.63956451416016,35.45050048828125
90994088,2019,2019-05-22,9745,2019-05-21,1610,016390,,2,2,9,4000,0,1,3,,1,040,SR-227,"PHILLIPS RD.",110.00,S,N,A,G,Y,,,227,,,,,,,Y,4,0,1,1,C,-,18,,,N,E,J,A,A,H,-,A,D,0,,,,,Y,,-,"- ",0,0,1,0,0,0,0,0,0,"- ","- ",35.148151397705078,-120.57344818115234,"SAN LUIS OBISPO",UNINCORPORATED,-120.573486328125,35.148113250732422
90995511,2019,2019-05-24,9740,2019-05-19,1254,014460,,7,1,4,4008,0,1,2,,2,002,"US-101 NORTHBOUND","SAN RAMON RD",900.00,S,N,C,-,Y,,,101,,,,,,N,Y,3,0,4,3,A,-,03,22350,,N,C,C,A,B,H,-,A,D,0,,,,,Y,,A,07,0,1,3,0,0,0,0,0,0,"- ","- ",35.524768829345703,-120.70404815673828,"SAN LUIS OBISPO",ATASCADERO,-120.70405578613281,35.524768829345703
90996463,2019,2019-05-27,9750,2019-05-20,0245,020510,,1,3,9,4000,0,1,3,,2,061,SR-166,"CUYAMA RIVER (BRIDGE 49-180)",2851.00,W,N,B,-,Y,,,166,,,,,,,Y,4,0,1,1,A,-,08,22107,,N,E,I,A,B,H,-,D,D,0,,,,,Y,,A,07,0,0,1,0,0,0,0,0,0,"- ","- ",35.024768829345703,-120.23786163330078,"SAN LUIS OBISPO",UNINCORPORATED,-120.23786926269531,35.024700164794922
90997923,2019,2019-05-29,9745,2019-05-22,1630,016390,,3,2,2,4005,0,1,2,,2,404,"US-101 S/B","OAK PARK BLVD. O/C",680.00,S,N,A,-,Y,,,101,,,,,,S,Y,4,0,1,2,A,-,03,22350,,N,C,C,A,A,H,-,A,D,0,,,,Y,Y,,D,22,0,0,1,0,0,0,0,0,0,"- ","- ",35.129489898681641,-120.60431671142578,"SAN LUIS OBISPO","PISMO BEACH",-120.60431671142578,35.129501342773438
90998513,2019,2019-05-29,9750,2019-05-22,0915,017379,,3,1,9,4000,0,1,3,,1,063,"SR-166 (W/B)","GIFFORD CREEK BRIDGE",1584.00,E,N,B,-,Y,,,166,,,,,,,Y,2,0,2,1,A,-,08,22107,,N,E,I,A,A,H,-,A,D,0,,,,,Y,,A,01,1,0,1,0,0,0,0,0,0,"- ","- ",35.096099853515625,-120.05400085449219,"SAN LUIS OBISPO",UNINCORPORATED,-120.05400085449219,35.096057891845703
90999407,2019,2019-05-30,9745,2019-05-27,1410,016390,,1,2,3,4001,0,1,2,,2,402,"US-101 S/B","FAIR OAKS AVE.",1300.00,S,N,A,-,Y,,,101,,,,,,S,Y,4,0,2,3,A,-,03,22350,,N,C,C,A,A,H,-,A,D,0,,,,,Y,,A,01,0,0,2,0,0,0,0,0,0,"- ","- ",35.116748809814453,-120.57465362548828,"SAN LUIS OBISPO","ARROYO GRANDE",-120.57463836669922,35.116775512695312
91002507,2019,2019-06-03,9745,2019-05-26,1620,017817,,7,2,4,4006,0,1,2,,2,202,"US-101 NORTHBOUND","MARSH ST.",750.00,N,N,B,-,Y,,,101,,,,,,N,N,4,0,1,2,A,-,03,22350,,N,C,C,A,A,H,-,A,D,0,,,,,Y,,A,01,0,0,1,0,0,0,0,0,0,"- ","- ",35.278110504150391,-120.67003631591797,"SAN LUIS OBISPO","SAN LUIS OBISPO",-120.67005920410156,35.278114318847656
91003415,2019,2019-06-04,9745,2019-05-31,1636,020211,,5,2,9,4000,0,1,2,,2,505,"US-101 SOUTHBOUND","WILLOW ROAD",1500.00,S,N,A,-,Y,,,101,,,,,,S,N,4,0,3,2,A,-,03,22350,,N,C,C,A,A,H,-,A,D,0,,,,,Y,,A,01,0,0,3,0,0,0,0,0,0,"- ","- ",35.04949951171875,-120.49623107910156,"SAN LUIS OBISPO",UNINCORPORATED,-120.49616241455078,35.049564361572266
91005274,2019,2019-06-07,9740,2019-06-04,1430,015167,,2,2,9,4000,0,1,2,,2,001,"US-101 SOUTHBOUND TO SANTA ROSA RD.","PORTOLA ROAD",19.00,N,N,A,-,Y,,,,,,,,,,N,4,0,1,2,A,-,03,22350,,N,C,C,A,A,H,-,A,A,0,,,,,Y,,D,22,0,0,1,0,0,0,0,0,0,"- ","- ",35.468971252441406,-120.65393829345703,"SAN LUIS OBISPO",UNINCORPORATED,,
91006750,2019,2019-06-10,9745,2019-06-01,0950,015716,,6,1,4,4006,0,1,2,,1,101,"US-101 SOUTHBOUND","MARSH ST",1056.00,N,N,A,-,Y,,,101,,,,,,S,Y,2,0,1,2,A,-,07,21658,A,N,F,A,A,A,H,-,A,D,0,,,Y,,Y,,A,07,1,0,0,0,0,0,0,0,1,"- ","- ",35.280029296875,-120.66948699951172,"SAN LUIS OBISPO","SAN LUIS OBISPO",-120.66950225830078,35.280033111572266