CASE_ID,ACCIDENT_YEAR,PROC_DATE,JURIS,COLLISION_DATE,COLLISION_TIME,OFFICER_ID,REPORTING_DISTRICT,DAY_OF_WEEK,CHP_SHIFT,POPULATION,CNTY_CITY_LOC,SPECIAL_COND,BEAT_TYPE,CHP_BEAT_TYPE,CITY_DIVISION_LAPD,CHP_BEAT_CLASS,BEAT_NUMBER,PRIMARY_RD,SECONDARY_RD,DISTANCE,DIRECTION,INTERSECTION,WEATHER_1,WEATHER_2,STATE_HWY_IND,CALTRANS_COUNTY,CALTRANS_DISTRICT,STATE_ROUTE,ROUTE_SUFFIX,POSTMILE_PREFIX,POSTMILE,LOCATION_TYPE,RAMP_INTERSECTION,SIDE_OF_HWY,TOW_AWAY,COLLISION_SEVERITY,NUMBER_KILLED,NUMBER_INJURED,PARTY_COUNT,PRIMARY_COLL_FACTOR,PCF_CODE_OF_VIOL,PCF_VIOL_CATEGORY,PCF_VIOLATION,PCF_VIOL_SUBSECTION,HIT_AND_RUN,TYPE_OF_COLLISION,MVIW,PED_ACTION,ROAD_SURFACE,ROAD_COND_1,ROAD_COND_2,LIGHTING,CONTROL_DEVICE,CHP_ROAD_TYPE,PEDESTRIAN_ACCIDENT,BICYCLE_ACCIDENT,MOTORCYCLE_ACCIDENT,TRUCK_ACCIDENT,NOT_PRIVATE_PROPERTY,ALCOHOL_INVOLVED,STWD_VEHTYPE_AT_FAULT,CHP_VEHTYPE_AT_FAULT,COUNT_SEVERE_INJ,COUNT_VISIBLE_INJ,COUNT_COMPLAINT_PAIN,COUNT_PED_KILLED,COUNT_PED_INJURED,COUNT_BICYCLIST_KILLED,COUNT_BICYCLIST_INJURED,COUNT_MC_KILLED,COUNT_MC_INJURED,PRIMARY_RAMP,SECONDARY_RAMP,LATITUDE,LONGITUDE,COUNTY,CITY,POINT_X,POINT_Y
91006837,2019,2019-06-10,9740,2019-06-06,1345,016154,,4,1,9,4000,0,1,3,,2,011,SR-46,"THEATER DR.",135.00,W,N,A,-,Y,,,46,,,,,,,N,4,0,1,2,A,-,01,23152,F,N,C,C,A,A,H,-,A,A,0,,,,,Y,,A,07,0,0,1,0,0,0,0,0,0,"- ","- ",35.588809967041016,-120.70001220703125,"SAN LUIS OBISPO",UNINCORPORATED,-120.70001983642578,35.588829040527344
91007073,2019,2019-06-10,9740,2019-06-03,1230,016816,,1,1,9,4000,0,1,2,,2,001,"US-101 NORTHBOUND",SR-58,5280.00,N,N,A,-,Y,,,101,,,,,,N,Y,4,0,1,1,A,-,08,22107,,N,E,I,A,A,H,-,A,D,0,,,,,Y,,A,01,0,0,1,0,0,0,0,0,0,"- ","- ",35.400638580322266,-120.62252044677734,"SAN LUIS OBISPO",UNINCORPORATED,-120.62264251708984,35.400619506835938
91008048,2019,2019-06-11,9745,2019-06-05,1730,017144,,3,2,4,4006,0,1,2,,2,202,"US-101 SOUTHBOUND","CALIFORNIA BLVD",450.00,N,N,A,-,Y,,,101,,,,,,S,Y,3,0,1,2,A,-,03,22350,,N,C,C,A,A,H,-,A,D,0,,,,,Y,,A,01,0,1,0,0,0,0,0,0,0,"- ","- ",35.290870666503906,-120.65823364257812,"SAN LUIS OBISPO","SAN LUIS OBISPO",-120.65824127197266,35.290882110595703
91008054,2019,2019-06-11,9745,2019-06-05,1540,017144,,3,2,9,4000,0,1,2,,2,303,"US-101 SOUTHBOUND","HIGUERA ST",700.00,N,N,A,-,Y,,,101,,,,,,S,Y,3,0,1,1,A,-,03,22350,,N,F,A,A,A,H,-,A,D,0,,,,,Y,,D,22,0,1,0,0,0,0,0,0,0,"- ","- ",35.225990295410156,-120.69149780273438,"SAN LUIS OBISPO",UNINCORPORATED,-120.69149017333984,35.225990295410156
9100860,2020,2020-10-30,4002,2020-05-20,1620,721,,3,5,3,4002,0,0,0,,0,,"S 12TH ST","MENTONE AV",0.00,,Y,A,-,N,,,,,,,,,,N,4,0,1,2,A,-,12,22450,A,N,D,G,A,A,H,-,A,A,0,,Y,,,Y,,L,04,0,0,1,0,0,0,1,0,0,"- ","- ",,,"SAN LUIS OBISPO","GROVER BEACH",-120.61695861816406,35.115200042724609
91008909,2019,2019-06-12,9745,2019-06-10,1750,017144,,1,2,9,4000,0,1,3,,2,023,"SR-1 NORTHBOUND","SONOMA AVE",100.00,S,N,A,-,Y,,,1,,,,,,N,Y,4,0,1,1,C,-,18,,,N,H,H,A,A,H,-,A,D,0,,,,,Y,,-,"- ",0,0,1,0,0,0,0,0,0,"- ","- ",35.32598876953125,-120.72646331787109,"SAN LUIS OBISPO",UNINCORPORATED,-120.72647094726562,35.325977325439453
9100954,2020,2020-08-06,4005,2020-04-24,1322,P090,6,5,5,2,4005,0,0,0,,0,,"CYPRESS ST","STIMSON AV",152.00,N,N,A,-,N,,,,,,,,,,N,3,0,1,2,A,-,03,22350,,N,C,C,A,A,H,-,A,D,0,,,Y,,Y,,C,02,0,1,0,0,0,0,0,0,1,"- ","- ",,,"SAN LUIS OBISPO","PISMO BEACH",-120.64109802246094,35.138980865478516
91013129,2019,2019-06-19,9745,2019-06-16,2058,020226,,7,2,9,4000,0,1,2,,2,505,"US-101 NORTHBOUND","WILLOW ROAD",1580.00,S,N,A,-,Y,,,,,,,,,,Y,3,0,1,2,A,-,01,23152,A,N,B,C,A,A,H,-,D,D,0,,,,,Y,Y,A,07,0,1,0,0,0,0,0,0,0,"- ","- ",35.017959594726562,-120.49787902832031,"SAN LUIS OBISPO",UNINCORPORATED,-120.4979248046875,35.051837921142578
91013457,2019,2019-06-19,9745,2019-06-12,1540,020168,,3,2,9,4000,0,3,5,,2,001,"US-101 NORTHBOUND","TOWER GROVE DR",90.00,N,N,A,-,Y,,,101,,,,,,N,Y,3,0,2,2,A,-,09,21804,A,N,D,C,A,A,H,-,A,D,0,,,,,Y,,A,01,0,1,1,0,0,0,0,0,0,"- ","- ",35.089988708496094,-120.53806304931641,"SAN LUIS OBISPO",UNINCORPORATED,-120.53811645507812,35.089912414550781
91014577,2019,2019-06-20,9745,2019-06-12,0645,014713,,3,1,9,4000,0,1,2,,2,505,"US-101 NORTHBOUND","TOWER GROVE DRIVE",4298.00,N,N,B,-,Y,,,101,,,,,,N,Y,4,0,1,3,A,-,03,22350,,N,C,C,A,A,H,-,A,D,0,,,,,Y,,A,01,0,0,1,0,0,0,0,0,0,"- ","- ",35.098358154296875,-120.54615020751953,"SAN LUIS OBISPO",UNINCORPORATED,-120.54615783691406,35.098354339599609
91015176,2019,2019-06-21,9745,2019-06-20,1220,014543,,4,1,9,4000,0,1,2,,2,303,"US-101 NORTHBOUND","SAN LUIS BAY DR",5808.00,N,N,A,-,Y,,,101,,,,,,N,Y,2,0,1,2,A,-,07,21658,A,N,B,C,A,A,H,-,A,D,0,,,,,Y,,A,01,1,0,0,0,0,0,0,0,0,"- ","- ",35.212589263916016,-120.69664764404297,"SAN LUIS OBISPO",UNINCORPORATED,-120.69668579101562,35.212593078613281
91017757,2019,2019-06-26,9745,2019-06-19,1600,017857,,3,2,9,4000,0,1,2,,2,505,"US-101 NORTHBOUND","WILLOW ROAD",2640.00,S,N,A,-,Y,,,101,,,,,,N,Y,3,0,1,1,C,-,18,,,N,E,I,A,A,H,-,A,D,0,,,,,Y,,-,"- ",0,1,0,0,0,0,0,0,0,"- ","- ",35.048698425292969,-120.49520111083984,"SAN LUIS OBISPO",UNINCORPORATED,-120.49514007568359,35.048755645751953
91017990,2019,2019-06-26,9745,2019-06-23,1610,017151,,7,2,9,4000,0,3,5,,2,002,"TURRI RD","SOUTH BAY BLVD",2640.00,E,N,B,-,N,,,,,,,,,,N,4,0,1,1,A,-,08,22107,,N,F,A,A,A,H,-,A,D,0,,,Y,,Y,,C,02,0,0,1,0,0,0,0,0,1,"- ","- ",35.330299377441406,-120.8125,"SAN LUIS OBISPO",UNINCORPORATED,-120.81710815429688,35.332084655761719
91021714,2019,2019-07-01,9740,2019-06-08,0730,013984,,6,1,9,4000,0,1,3,,2,008,"SR-46 W/B","BRANCH RD",528.00,W,N,A,-,Y,,,46,,,,,,W,Y,2,0,2,2,A,-,01,23152,F,N,C,C,A,A,H,-,A,D,0,,,,,Y,,E,22,2,0,0,0,0,0,0,0,0,"- ","- ",35.659469604492188,-120.58322906494141,"SAN LUIS OBISPO",UNINCORPORATED,-120.58322906494141,35.659271240234375
91022357,2019,2019-07-01,9745,2019-06-24,1720,020689,,1,2,3,4001,0,1,2,,2,402,"US-101 SOUTHBOUND","FAIR OAKS AVE",250.00,N,N,A,-,Y,,,101,,,,,,S,N,4,0,2,2,A,-,03,22350,,N,C,C,A,A,H,-,A,D,0,,,,,Y,,A,01,0,0,2,0,0,0,0,0,0,"- ","- ",35.120498657226562,-120.58190155029297,"SAN LUIS OBISPO","ARROYO GRANDE",-120.58184051513672,35.120700836181641
91022579,2019,2019-07-02,9745,2019-06-29,0820,015716,,6,1,9,4000,0,1,3,,1,040,"SR-227 NORTHBOUND","TOLOSA PLACE",100.00,N,N,A,-,Y,,,227,,,,,,N,N,2,0,1,2,A,-,08,22107,,N,B,G,A,A,H,-,A,D,0,,Y,,,Y,,A,07,1,0,0,0,0,0,1,0,0,"- ","- ",35.190151214599609,-120.60292816162109,"SAN LUIS OBISPO",UNINCORPORATED,-120.60297393798828,35.19012451171875
91023788,2019,2019-07-03,9745,2019-06-30,1312,020211,,7,1,9,4000,0,2,4,,1,055,"WILLOW ROAD","SOUTHBOUND US-101 TO WILLOW ROAD",0.00,,Y,A,-,Y,,,,,,,,,,Y,4,0,1,2,A,-,09,21802,A,N,D,C,A,A,H,-,A,A,0,,,,,Y,,A,01,0,0,1,0,0,0,0,0,0,"- ","- ",35.054508209228516,-120.50205230712891,"SAN LUIS OBISPO",UNINCORPORATED,,
91024828,2019,2019-07-05,9740,2019-06-07,0805,010820,,5,1,9,4000,0,1,2,,2,002,"US-101 NORTHBOUND TO LAS TABLAS RD.","LAS TABLAS ROAD",168.00,S,N,A,-,Y,,,101,,,,R,,N,Y,4,0,2,3,A,-,01,23152,A,M,C,C,A,A,H,-,A,A,0,,,,,Y,Y,A,01,0,0,2,0,0,0,0,0,0,"- ","- ",35.553920745849609,-120.71199035644531,"SAN LUIS OBISPO",UNINCORPORATED,-120.71199035644531,35.553920745849609
91025273,2019,2019-11-18,9740,2019-06-27,2045,015167,,4,2,9,4000,0,3,5,,2,017,"N. MAIN STREET","ABBY ROAD",317.00,S,N,A,-,N,,,,,,,,,,Y,2,0,1,1,A,-,08,22107,,N,E,I,A,A,H,-,D,D,0,,,,,Y,,D,22,1,0,0,0,0,0,0,0,0,"- ","- ",35.556049346923828,-120.70137786865234,"SAN LUIS OBISPO",UNINCORPORATED,-120.70134735107422,35.556049346923828
91027177,2019,2019-07-09,9745,2019-06-30,2103,019809,,7,2,9,4000,0,2,4,,1,048,"AVILA BEACH DRIVE","SAN LUIS ST",1056.00,E,N,A,-,N,,,,,,,,,,Y,3,0,2,2,A,-,05,21460,A,N,B,C,A,A,H,-,D,D,0,,,,,Y,,A,07,0,1,1,0,0,0,0,0,0,"- ","- ",35.179958343505859,-120.7239990234375,"SAN LUIS OBISPO",UNINCORPORATED,-120.72405242919922,35.179935455322266
91029880,2019,2019-07-12,9745,2019-07-04,2204,020417,,4,3,9,4000,0,1,3,,1,041,"SR-1 SOUTHBOUND","COOLIDGE DR",0.00,,Y,B,-,N,,,1,,,,,,S,N,4,0,2,2,A,-,09,21802,A,N,D,C,A,A,H,-,C,A,0,,,,,Y,Y,A,01,0,0,2,0,0,0,0,0,0,"- ","- ",35.110080718994141,-120.62465667724609,"SAN LUIS OBISPO",UNINCORPORATED,-120.62467956542969,35.110069274902344
9103055,2020,2020-10-29,4008,2020-05-09,0855,3125,C,6,5,4,4008,0,0,0,,0,,"ARDILLA RD","SAN ANSELMO RD",47.00,E,N,A,-,N,,,,,,,,,,Y,3,0,1,2,A,-,05,21650,,N,D,C,A,A,D,-,A,D,0,,,,,Y,,A,01,0,1,0,0,0,0,0,0,0,"- ","- ",35.491119384765625,-120.68385314941406,"SAN LUIS OBISPO",ATASCADERO,-120.68373870849609,35.491142272949219
91030907,2019,2019-07-15,9740,2019-07-01,1725,020773,,1,2,9,4000,0,3,5,,2,019,"L ST","12TH ST",0.00,,Y,A,-,N,,,,,,,,,,N,3,0,1,2,A,-,12,22450,A,F,D,C,A,A,H,-,A,A,0,,Y,,,Y,,L,04,0,1,0,0,0,0,1,0,0,"- ","- ",35.750320434570312,-120.69785308837891,"SAN LUIS OBISPO",UNINCORPORATED,-120.69786071777344,35.750320434570312
91031115,2019,2019-07-15,9745,2019-07-12,1250,016714,,5,1,9,4000,0,1,3,,2,023,"SR-1, (CABRILLO HIGHWAY)","HOLLISTER AVE.",0.00,,Y,A,-,Y,,,1,,,,,,,Y,3,0,2,2,A,-,17,21451,A,N,D,C,A,A,H,-,A,A,0,,,,,Y,,A,01,0,2,0,0,0,0,0,0,0,"- ","- ",35.330528259277344,-120.73487091064453,"SAN LUIS OBISPO",UNINCORPORATED,-120.73476409912109,35.330928802490234
91031308,2019,2019-07-16,9740,2019-07-04,2050,020773,,4,2,9,4000,0,2,4,,2,012,"NACIMIENTO LAKE DR","SAN MARCOS RD",4224.00,W,N,A,-,N,,,,,,,,,,Y,3,0,1,1,A,-,01,23152,A,N,E,I,A,A,H,-,D,D,0,,,,,Y,Y,D,22,0,1,0,0,0,0,0,0,0,"- ","- ",35.688529968261719,-120.77297973632812,"SAN LUIS OBISPO",UNINCORPORATED,-120.77841186523438,35.688396453857422
91031966,2019,2019-07-17,9740,2019-06-14,1100,013733,,5,1,3,4004,0,1,2,,2,003,"U.S. 101 S/B TO SR-46 E/B",SR-46,600.00,N,N,A,-,Y,,,,,,,,,,Y,3,0,2,3,A,-,03,22350,,N,C,C,A,A,H,-,A,A,0,,,,,Y,,A,01,0,1,1,0,0,0,0,0,0,"- ","- ",35.644500732421875,-120.68647003173828,"SAN LUIS OBISPO","PASO ROBLES",-120.69552612304688,35.591011047363281
91031975,2019,2019-07-17,9740,2019-06-21,1015,013733,,5,1,9,4000,0,3,5,,2,017,"MAIN ST","7TH ST",0.00,,Y,B,-,N,,,,,,,,,,N,4,0,1,2,A,-,08,22107,,F,G,B,E,A,G,-,A,A,0,Y,,,,Y,,A,01,0,0,1,0,1,0,0,0,0,"- ","- ",35.547260284423828,-120.70717620849609,"SAN LUIS OBISPO",UNINCORPORATED,-120.70716857910156,35.547359466552734
91032711,2019,2019-07-17,9745,2019-07-12,1430,015144,,5,2,2,4005,0,1,2,,2,404,"US-101 SOUTHBOUND","SPYGLASS DR",2112.00,S,N,A,-,Y,,,101,,,,,,S,Y,3,0,1,3,A,-,03,22350,,N,C,C,A,A,H,-,A,A,0,,,Y,,Y,,A,01,0,1,0,0,0,0,0,0,1,"- ","- ",35.161430358886719,-120.68112945556641,"SAN LUIS OBISPO","PISMO BEACH",-120.68113708496094,35.161403656005859
91033674,2019,2019-07-18,9745,2019-07-18,0740,016714,,4,1,9,4000,0,1,2,,1,101,"US-101 SOUTHBOUND",SR-58,2112.00,S,N,A,-,Y,,,101,,,,,,S,Y,3,0,1,2,A,-,03,22350,,N,C,C,A,A,H,-,A,D,0,,,,,Y,,A,08,0,1,0,0,0,0,0,0,0,"- ","- ",35.376010894775391,-120.63703918457031,"SAN LUIS OBISPO",UNINCORPORATED,-120.63710021972656,35.376060485839844
91033950,2019,2019-07-19,9740,2019-07-07,1620,020773,,7,2,9,4000,0,1,2,,2,004,"US-101 NORTHBOUND","MONTEREY RD",2000.00,S,N,A,-,Y,,,101,,,,,,N,Y,4,0,2,3,A,-,03,22350,,N,C,C,A,A,H,-,A,D,0,,,,,Y,,A,01,0,0,2,0,0,0,0,0,0,"- ","- ",35.709159851074219,-120.69461822509766,"SAN LUIS OBISPO",UNINCORPORATED,-120.69457244873047,35.709148406982422
91034174,2019,2019-07-19,9740,2019-07-14,1810,020773,,7,2,3,4004,0,1,2,,2,003,"US-101 NORTHBOUND","13TH ST",1000.00,S,N,A,-,Y,,,101,,,,,,N,Y,4,0,1,2,A,-,03,22350,,N,C,C,A,A,H,-,A,D,0,,,,,Y,,A,07,0,0,1,0,0,0,0,0,0,"- ","- ",35.625930786132812,-120.68618774414062,"SAN LUIS OBISPO","PASO ROBLES",-120.68629455566406,35.625919342041016
91034202,2019,2019-07-19,9740,2019-07-14,1431,014622,,7,2,9,4000,0,3,5,,2,023,"SANTA ROSA CREEK RD",SR-46,5808.00,N,N,A,-,N,,,,,,,,,,Y,3,0,1,1,A,-,08,22107,,N,E,I,A,A,H,-,A,D,0,,,,,Y,,A,01,0,1,0,0,0,0,0,0,0,"- ","- ",35.546859741210938,-120.87226867675781,"SAN LUIS OBISPO",UNINCORPORATED,-120.869384765625,35.545436859130859
91034249,2019,2019-07-19,9745,2019-07-16,1435,014713,,2,2,9,4000,0,2,4,,1,024,"SOUTH BAY BLVD","TURRI RD",0.00,,Y,A,-,N,,,,,,,,,,N,3,0,1,2,A,-,08,22107,,N,B,G,A,A,H,-,A,D,0,,Y,,,Y,,L,04,0,1,0,0,0,0,1,0,0,"- ","- ",35.336589813232422,-120.82334136962891,"SAN LUIS OBISPO",UNINCORPORATED,-120.82331848144531,35.336620330810547
91035074,2019,2019-07-22,9745,2019-07-12,1708,015144,,5,2,2,4005,0,1,2,,2,404,"US-101 SOUTHBOUND","4TH STREET",1584.00,N,N,A,-,Y,,,101,,,,,,S,Y,3,0,1,3,A,-,03,22350,,N,C,C,A,A,H,-,A,A,0,,,,,Y,,D,22,0,1,0,0,0,0,0,0,0,"- ","- ",35.137371063232422,-120.62712860107422,"SAN LUIS OBISPO","PISMO BEACH",-120.62713623046875,35.137355804443359
91036030,2019,2019-07-23,9745,2019-07-17,0704,016773,,3,1,9,4000,0,1,2,,2,505,"US-101 NORTHBOUND","HEMI RD",100.00,S,N,B,-,Y,,,101,,,,,,N,Y,4,0,1,3,A,-,03,22350,,N,C,C,A,A,H,-,A,D,0,,,,,Y,,D,22,0,0,1,0,0,0,0,0,0,"- ","- ",35.153011322021484,-120.65985107421875,"SAN LUIS OBISPO",UNINCORPORATED,-120.65983581542969,35.153038024902344
91036505,2019,2019-07-24,9740,2019-07-12,1630,019259,,5,2,9,4000,0,1,3,,2,005,SR-58,"BAKER RD",340.00,W,N,A,-,Y,,,58,,,,,,,Y,2,0,2,1,A,-,03,22350,,N,E,I,A,A,H,-,A,D,0,,,,,Y,,D,22,1,1,0,0,0,0,0,0,0,"- ","- ",35.321998596191406,-119.87245178222656,"SAN LUIS OBISPO",UNINCORPORATED,-119.87245178222656,35.322063446044922
91036839,2019,2019-07-24,9745,2019-07-22,0947,015716,,1,1,2,4005,0,1,2,,2,404,"US-101 NORTHBOUND","FRADY LANE U/C",528.00,S,N,A,-,Y,,,101,,,,,,N,Y,3,0,1,2,A,-,07,21658,A,N,C,C,A,A,H,-,A,D,0,,,,,Y,,A,01,0,1,0,0,0,0,0,0,0,"- ","- ",35.137958526611328,-120.62902069091797,"SAN LUIS OBISPO","PISMO BEACH",-120.62902069091797,35.137943267822266
91037979,2019,2019-07-25,9745,2019-07-24,0746,016714,,3,1,9,4000,0,1,2,,2,505,"US-101 N/B","LOS BERROS RD.",1584.00,N,N,A,-,Y,,,101,,,,,,N,Y,3,0,2,2,A,-,03,22350,,N,C,C,A,A,H,-,A,D,0,,,,,Y,,A,01,0,1,1,0,0,0,0,0,0,"- ","- ",35.078441619873047,-120.52411651611328,"SAN LUIS OBISPO",UNINCORPORATED,-120.52413940429688,35.078414916992188
91039216,2019,2019-07-26,9740,2019-07-19,2050,020773,,5,2,3,4004,0,1,2,,2,003,"US-101 SOUTHBOUND","NIBLICK RD",1000.00,S,N,A,-,Y,,,101,,,,,,S,Y,3,0,1,2,A,-,03,22350,,N,C,C,A,A,H,-,C,D,0,,,Y,,Y,,C,02,0,1,0,0,0,0,0,0,1,"- ","- ",35.613201141357422,-120.69027709960938,"SAN LUIS OBISPO","PASO ROBLES",-120.69023895263672,35.613174438476562
91039636,2019,2019-07-26,9740,2019-07-19,1205,014662,,5,1,9,4000,0,3,5,,2,022,"ADELAIDA RD","HIDDEN MOUNTAIN RD",0.00,,Y,A,-,N,,,,,,,,,,Y,4,0,1,2,A,-,08,22100,A,N,D,C,A,A,H,-,A,A,0,,,,,Y,,A,01,0,0,1,0,0,0,0,0,0,"- ","- ",35.648841857910156,-120.78372192382812,"SAN LUIS OBISPO",UNINCORPORATED,-120.78376007080078,35.648830413818359
9104007,2020,2020-09-16,4004,2020-04-10,2006,1371,,5,5,3,4004,0,0,0,,0,,"RT 46 E","RT 101",0.00,,Y,A,-,Y,SLO,5,46,-,R,21.960,H,-,W,N,4,0,1,2,A,-,03,22350,,N,C,C,A,A,H,-,C,A,0,,,,,Y,Y,D,22,0,0,1,0,0,0,0,0,0,"- ",SO,35.642299652099609,-120.68547821044922,"SAN LUIS OBISPO","PASO ROBLES",-120.69596099853516,35.58941650390625
91040318,2019,2019-07-29,9745,2019-07-22,1615,017817,,1,2,9,4000,0,1,3,,1,032,SR-227,"BUCKLEY RD",75.00,S,N,A,-,Y,,,227,,,,,,,Y,4,0,1,2,A,-,03,22350,,N,C,C,A,A,H,-,A,D,0,,,,,Y,,D,22,0,0,1,0,0,0,0,0,0,"- ","- ",35.229751586914062,-120.62921905517578,"SAN LUIS OBISPO",UNINCORPORATED,-120.62923431396484,35.229743957519531
91040651,2019,2019-07-31,9745,2019-06-25,1310,014713,,2,1,9,4000,0,3,5,,2,001,"CHANEY AVE","OCEAN BLVD",0.00,,Y,A,-,Y,,,,,,,,,,Y,2,0,4,4,A,-,08,22107,,N,G,B,E,A,H,-,A,D,0,Y,,,,Y,,A,01,2,2,0,0,2,0,0,0,0,"- ","- ",35.421600341796875,-120.87711334228516,"SAN LUIS OBISPO",UNINCORPORATED,-120.87712097167969,35.421489715576172
91041141,2019,2019-07-29,9740,2019-07-24,1913,016849,,3,2,9,4000,0,1,3,,2,007,SR-41,"PARISH GAP ROAD",699.00,N,N,A,-,Y,,,41,,,,,,,Y,2,0,1,1,A,-,08,22107,,N,F,A,A,A,H,-,A,D,0,,,Y,,Y,,C,02,1,0,0,0,0,0,0,0,1,"- ","- ",35.539630889892578,-120.50566864013672,"SAN LUIS OBISPO",UNINCORPORATED,-120.5057373046875,35.539688110351562
91041468,2019,2019-07-30,9745,2019-07-28,1205,017144,,7,1,9,4000,0,3,5,,2,002,"TURRI RD","SOUTH BAY BLVD",2640.00,E,N,A,-,N,,,,,,,,,,N,2,0,1,1,A,-,03,22350,,N,F,A,A,A,H,-,A,D,0,,,Y,,Y,,C,02,1,0,0,0,0,0,0,0,1,"- ","- ",35.330539703369141,-120.81596374511719,"SAN LUIS OBISPO",UNINCORPORATED,-120.81710815429688,35.332084655761719
91041514,2019,2019-07-30,9740,2019-07-24,1910,015167,,3,2,9,4000,0,1,3,,2,007,SR-41,"YOSEMITE PLACE",1584.00,S,N,A,-,Y,,,41,,,,,,,N,3,0,1,1,A,-,03,22350,,N,E,I,A,A,H,-,A,D,0,,,Y,,Y,,C,02,0,1,0,0,0,0,0,0,1,"- ","- ",35.564990997314453,-120.47422027587891,"SAN LUIS OBISPO",UNINCORPORATED,-120.47434234619141,35.565067291259766
91041717,2019,2019-07-30,9740,2019-07-15,0201,017952,,1,3,3,4004,0,1,2,,2,003,"US-101 NORTHBOUND","NIBLICK ROAD",4752.00,S,N,A,-,Y,,,101,,,,,,N,Y,1,1,1,3,C,-,18,,,N,E,J,F,A,H,-,D,D,0,Y,,,,Y,,-,"- ",1,0,0,1,1,0,0,0,0,"- ","- ",35.602069854736328,-120.69243621826172,"SAN LUIS OBISPO","PASO ROBLES",-120.69247436523438,35.602073669433594
91042401,2019,2019-07-31,9745,2019-07-24,0008,018253,,3,3,9,4000,0,1,3,,1,011,"STATE ROUTE 41","TORO CREEK ROAD",528.00,S,N,A,-,Y,,,41,,,,,,,Y,3,0,1,1,A,-,01,23152,A,N,E,I,A,A,H,-,D,D,0,,,,,Y,Y,D,22,0,1,0,0,0,0,0,0,0,"- ","- ",35.456668853759766,-120.75074768066406,"SAN LUIS OBISPO",UNINCORPORATED,-120.75070953369141,35.456657409667969
91042715,2019,2019-07-31,9745,2019-07-27,1148,017144,,6,1,4,4006,0,1,2,,1,101,"US-101 SOUTHBOUND","HAWK HILL RD",2640.00,S,N,A,-,Y,,,,,,,,,,N,4,0,1,2,A,-,03,22350,,N,C,C,A,A,H,-,A,D,0,,,,,Y,,A,07,0,0,1,0,0,0,0,0,0,"- ","- ",35.306541442871094,-120.62554931640625,"SAN LUIS OBISPO","SAN LUIS OBISPO",,
91043249,2019,2019-08-01,9745,2019-07-28,0500,017144,,7,3,9,4000,0,1,2,,2,303,"US-101 NORTHBOUND","AVILA BEACH DRIVE",1050.00,N,N,B,-,Y,,,101,,,,,,N,Y,2,0,1,1,A,-,01,23152,A,N,F,A,A,A,H,-,D,D,0,,,,,Y,Y,D,22,1,0,0,0,0,0,0,0,0,"- ","- ",35.182281494140625,-120.70102691650391,"SAN LUIS OBISPO",UNINCORPORATED,-120.70106506347656,35.182266235351562
91043280,2019,2019-08-01,9745,2019-06-12,0234,018253,,3,3,9,4000,0,1,2,,2,303,"US-101 NORTHBOUND","S. HIGUERA ST.",2640.00,S,N,A,-,Y,,,101,,,,,,N,Y,1,2,0,2,A,-,01,23152,A,N,A,C,A,A,H,-,D,D,0,,,,,Y,Y,A,01,0,0,0,0,0,0,0,0,0,"- ","- ",35.215568542480469,-120.69618988037109,"SAN LUIS OBISPO",UNINCORPORATED,-120.6961669921875,35.215557098388672
91045469,2019,2019-08-05,9745,2019-07-28,1013,017541,,7,1,9,4000,0,3,5,,2,005,"MARY AVE","TEFFT STREET",150.00,N,N,A,-,N,,,,,,,,,,Y,3,0,1,1,C,-,18,,,N,F,A,A,A,H,-,A,D,0,,Y,,,Y,,-,"- ",0,1,0,0,0,0,1,0,0,"- ","- ",35.036369323730469,-120.48703002929688,"SAN LUIS OBISPO",UNINCORPORATED,-120.48692321777344,35.036075592041016
91045527,2019,2019-08-05,9745,2019-07-27,0154,020417,,6,3,9,4000,0,1,2,,2,505,"US-101 S/B","LOS BERROS RD.",3168.00,N,N,B,-,Y,,,101,,,,,,S,Y,3,0,4,2,A,-,01,23152,A,N,D,C,A,A,H,-,D,D,0,,,,,Y,Y,A,01,0,4,0,0,0,0,0,0,0,"- ","- ",35.078441619873047,-120.52494049072266,"SAN LUIS OBISPO",UNINCORPORATED,-120.52494812011719,35.07843017578125
91046169,2019,2019-08-06,9745,2019-08-01,1105,016714,,4,1,9,4000,0,1,3,,1,021,"SR-1 S/B, (CABRILLO HIGHWAY)","CAYUCOS DR.",333.00,N,N,A,-,Y,,,1,,,,,,S,Y,3,0,1,2,D,-,00,,,N,E,I,A,A,D,-,A,A,0,,,,,Y,,-,"- ",0,1,0,0,0,0,0,0,0,"- ","- ",35.453250885009766,-120.90438842773438,"SAN LUIS OBISPO",UNINCORPORATED,-120.90438079833984,35.453304290771484