CASE_ID,ACCIDENT_YEAR,PROC_DATE,JURIS,COLLISION_DATE,COLLISION_TIME,OFFICER_ID,REPORTING_DISTRICT,DAY_OF_WEEK,CHP_SHIFT,POPULATION,CNTY_CITY_LOC,SPECIAL_COND,BEAT_TYPE,CHP_BEAT_TYPE,CITY_DIVISION_LAPD,CHP_BEAT_CLASS,BEAT_NUMBER,PRIMARY_RD,SECONDARY_RD,DISTANCE,DIRECTION,INTERSECTION,WEATHER_1,WEATHER_2,STATE_HWY_IND,CALTRANS_COUNTY,CALTRANS_DISTRICT,STATE_ROUTE,ROUTE_SUFFIX,POSTMILE_PREFIX,POSTMILE,LOCATION_TYPE,RAMP_INTERSECTION,SIDE_OF_HWY,TOW_AWAY,COLLISION_SEVERITY,NUMBER_KILLED,NUMBER_INJURED,PARTY_COUNT,PRIMARY_COLL_FACTOR,PCF_CODE_OF_VIOL,PCF_VIOL_CATEGORY,PCF_VIOLATION,PCF_VIOL_SUBSECTION,HIT_AND_RUN,TYPE_OF_COLLISION,MVIW,PED_ACTION,ROAD_SURFACE,ROAD_COND_1,ROAD_COND_2,LIGHTING,CONTROL_DEVICE,CHP_ROAD_TYPE,PEDESTRIAN_ACCIDENT,BICYCLE_ACCIDENT,MOTORCYCLE_ACCIDENT,TRUCK_ACCIDENT,NOT_PRIVATE_PROPERTY,ALCOHOL_INVOLVED,STWD_VEHTYPE_AT_FAULT,CHP_VEHTYPE_AT_FAULT,COUNT_SEVERE_INJ,COUNT_VISIBLE_INJ,COUNT_COMPLAINT_PAIN,COUNT_PED_KILLED,COUNT_PED_INJURED,COUNT_BICYCLIST_KILLED,COUNT_BICYCLIST_INJURED,COUNT_MC_KILLED,COUNT_MC_INJURED,PRIMARY_RAMP,SECONDARY_RAMP,LATITUDE,LONGITUDE,COUNTY,CITY,POINT_X,POINT_Y
91047395,2019,2019-08-07,9745,2019-08-04,1638,020211,,7,2,9,4000,0,3,5,,2,004,"PIER AVE","AIR PARK DR",0.00,,Y,A,-,N,,,,,,,,,,N,3,0,3,2,A,-,03,22350,,N,C,C,A,A,H,-,A,D,0,,,,,Y,,A,07,0,1,2,0,0,0,0,0,0,"- ","- ",35.106021881103516,-120.62766265869141,"SAN LUIS OBISPO",UNINCORPORATED,-120.62754058837891,35.106071472167969
91047853,2019,2019-08-08,9745,2019-08-04,1315,017541,,7,1,2,4005,0,1,2,,2,404,"US-101 NORTHBOUND","PRICE ST",1100.00,S,N,A,-,Y,,,101,,,,,,N,Y,4,0,1,2,A,-,03,22350,,N,C,C,A,A,H,-,A,D,0,,,,,Y,,A,01,0,0,1,0,0,0,0,0,0,"- ","- ",35.13848876953125,-120.63159942626953,"SAN LUIS OBISPO","PISMO BEACH",-120.631591796875,35.138515472412109
91048949,2019,2019-08-09,9745,2019-07-30,1805,019809,,2,2,9,4000,0,2,4,,1,046,SR-1,"SANTA BARBARA COUNTY LINE",445.00,N,N,A,-,Y,,,1,,,,,,,Y,3,0,3,2,A,-,05,21650,,N,A,C,A,A,H,-,A,D,0,,,,,Y,,A,01,0,1,2,0,0,0,0,0,0,"- ","- ",34.976799011230469,-120.57089233398438,"SAN LUIS OBISPO",UNINCORPORATED,-120.57091522216797,34.976802825927734
91049140,2019,2019-08-09,9740,2019-07-24,1234,010820,,3,1,9,4000,0,3,5,,2,017,"LAS TABLAS ROAD","U.S. 101",60.00,E,N,A,-,Y,,,,,,,,,,Y,4,0,1,2,A,-,17,21451,A,N,D,C,A,A,H,-,A,A,0,,,,,Y,,A,01,0,0,1,0,0,0,0,0,0,"- ","- ",35.554409027099609,-120.71144104003906,"SAN LUIS OBISPO",UNINCORPORATED,-120.71199035644531,35.554378509521484
91049729,2019,2019-08-12,9745,2019-07-26,1220,014543,,5,1,9,4000,0,1,2,,2,303,"US-101 NORTHBOUND","SAN LUIS BAY DR",792.00,S,N,A,-,Y,,,101,,,,,,N,Y,4,0,2,2,D,-,00,,,N,D,C,A,A,H,-,A,D,0,,,,,Y,,-,"- ",0,0,2,0,0,0,0,0,0,"- ","- ",35.192890167236328,-120.70036315917969,"SAN LUIS OBISPO",UNINCORPORATED,-120.70044708251953,35.192920684814453
91050475,2019,2019-08-12,9745,2019-08-02,0719,017968,,5,1,2,4005,0,1,2,,2,404,"US-101 N/B","PRICE STREET",528.00,S,N,A,-,Y,,,101,,,,,,N,Y,4,0,1,1,A,-,08,22107,,N,E,I,A,A,H,-,A,D,0,,,,,Y,,A,01,0,0,1,0,0,0,0,0,0,"- ","- ",35.139198303222656,-120.63480377197266,"SAN LUIS OBISPO","PISMO BEACH",-120.63478088378906,35.139259338378906
91052073,2019,2019-08-14,9740,2019-08-09,1615,016849,,5,2,9,4000,0,1,2,,2,002,"US-101 SOUTHBOUND","MAIN STREET",1700.00,N,N,A,-,Y,,,101,,,,,,S,N,3,0,1,2,A,-,03,22350,,N,C,C,A,A,H,-,A,D,0,,,,,Y,,A,01,0,1,0,0,0,0,0,0,0,"- ","- ",35.5701904296875,-120.69978332519531,"SAN LUIS OBISPO",UNINCORPORATED,-120.69982147216797,35.570213317871094
91052478,2019,2019-08-15,9740,2019-07-24,2112,016154,,3,2,3,4004,0,1,2,,2,003,"US-101 NORTHBOUND","NIBLICK RD",3696.00,S,N,A,-,Y,,,101,,,,,,N,Y,1,1,0,1,A,-,01,23152,A,N,F,A,A,A,H,-,C,D,0,,,,,Y,Y,A,07,0,0,0,0,0,0,0,0,0,"- ","- ",35.606021881103516,-120.69230651855469,"SAN LUIS OBISPO","PASO ROBLES",-120.69224548339844,35.60601806640625
91052929,2019,2019-08-15,9745,2019-08-10,1610,019400,,6,2,9,4000,0,3,5,,2,002,"SAN BERNARDO CREEK RD",SR-1,13200.00,E,N,A,-,N,,,,,,,,,,Y,3,0,1,1,A,-,01,23152,A,N,E,I,A,A,H,-,A,D,0,,,,,Y,Y,D,22,0,1,0,0,0,0,0,0,0,"- ","- ",35.386161804199219,-120.77465057373047,"SAN LUIS OBISPO",UNINCORPORATED,-120.77610015869141,35.385719299316406
91053594,2019,2019-08-16,9745,2019-08-09,1555,020689,,5,2,2,4005,0,1,2,,2,404,"US-101 SOUTHBOUND","MATTIE RD",300.00,S,N,A,-,Y,,,101,,,,,,S,Y,4,0,1,2,A,-,08,22107,,N,F,A,A,A,H,-,A,D,0,,,,,Y,,A,01,0,0,1,0,0,0,0,0,0,"- ","- ",35.150199890136719,-120.65290069580078,"SAN LUIS OBISPO","PISMO BEACH",-120.65290832519531,35.150180816650391
91053716,2019,2019-08-16,9740,2019-08-06,0810,017426,,2,1,3,4004,0,1,2,,2,003,"US-101 NORTHBOUND TO SPRING STREET","36TH ST.",1500.00,N,N,A,-,Y,,,101,,,,R,,N,Y,3,0,1,1,A,-,08,22107,,N,E,I,A,A,H,-,A,D,0,,,,,Y,,I,11,0,1,0,0,0,0,0,0,0,"- ","- ",35.656810760498047,-120.69667816162109,"SAN LUIS OBISPO","PASO ROBLES",-120.69667816162109,35.656810760498047
91053804,2019,2019-08-16,9745,2019-08-13,1715,016390,,2,2,2,4005,0,1,2,,2,404,"US-101 S/B","OAK PARK O/C",55.00,N,N,A,-,Y,,,101,,,,,,S,N,4,0,1,2,A,-,03,22350,,N,C,C,A,A,H,-,A,D,0,,,,,Y,,A,01,0,0,1,0,0,0,0,0,0,"- ","- ",35.130119323730469,-120.60691070556641,"SAN LUIS OBISPO","PISMO BEACH",-120.60691833496094,35.130081176757812
9105518,2020,2020-08-03,4008,2020-04-27,0715,2112,,1,5,4,4008,0,0,0,,0,,"EL CAMINO REAL","ARCADE RD",3.00,N,N,A,-,N,,,,,,,,,,N,3,0,1,2,A,-,08,22107,,F,H,G,A,A,H,-,A,D,0,,Y,,,Y,,-,99,0,1,0,0,0,0,1,0,0,"- ","- ",35.473838806152344,-120.65409088134766,"SAN LUIS OBISPO",ATASCADERO,-120.65421295166016,35.473808288574219
91055251,2019,2019-08-20,9745,2019-08-16,2158,019809,,5,2,9,4000,0,3,5,,2,002,"N. OCEAN AVE",SR-1,150.00,W,N,B,F,N,,,,,,,,,,Y,3,0,1,1,A,-,01,23152,A,N,E,I,A,A,H,-,D,D,0,,,,,Y,Y,A,01,0,1,0,0,0,0,0,0,0,"- ","- ",35.449440002441406,-120.91744995117188,"SAN LUIS OBISPO",UNINCORPORATED,-120.91792297363281,35.450061798095703
91055690,2019,2019-08-20,9740,2019-08-08,1715,015167,,4,2,9,4000,0,2,4,,2,012,"NACIMIENTO LAKE DRIVE","BLUEGILL DR.",1584.00,W,N,A,-,N,,,,,,,,,,Y,2,0,1,1,A,-,01,23152,A,N,E,I,A,A,H,-,A,D,0,,,,,Y,Y,D,22,1,0,0,0,0,0,0,0,0,"- ","- ",35.752571105957031,-120.76503753662109,"SAN LUIS OBISPO",UNINCORPORATED,-120.87690734863281,35.747791290283203
91058093,2019,2019-08-23,9745,2019-08-22,1559,018253,,4,2,3,4004,0,1,2,,2,404,"US-101 SOUTHBOUND","4TH STREET",1056.00,S,N,A,-,Y,,,,,,,,,,N,3,0,1,2,A,-,03,22350,,N,C,C,A,A,H,-,A,D,0,,,,,Y,,A,01,0,1,0,0,0,0,0,0,0,"- ","- ",35.133670806884766,-120.61659240722656,"SAN LUIS OBISPO","PASO ROBLES",,
91058650,2019,2019-08-26,9740,2019-08-19,1440,016154,,1,2,4,4008,0,1,2,,2,001,"US-101 SOUTHBOUND","SANTA ROSA RD",2160.00,N,N,A,-,Y,,,101,,,,,,S,Y,3,0,2,3,A,-,03,22350,,N,C,C,A,A,H,-,A,D,0,,,,,Y,,A,07,0,2,0,0,0,0,0,0,0,"- ","- ",35.471088409423828,-120.65545654296875,"SAN LUIS OBISPO",ATASCADERO,-120.65547180175781,35.471080780029297
91058663,2019,2019-08-26,9740,2019-08-07,2203,016816,,3,3,9,4000,0,1,3,,2,008,"SR-46 E/B",SR-41,33.50,E,N,A,-,Y,,,46,,,,,,E,Y,1,1,8,2,A,-,09,21801,A,N,A,C,A,A,H,-,C,D,0,,,,,Y,,A,08,2,6,0,0,0,0,0,0,0,"- ","- ",35.734550476074219,-120.28436279296875,"SAN LUIS OBISPO",UNINCORPORATED,-120.28434753417969,35.734489440917969
91058679,2019,2019-08-26,9740,2019-08-19,1330,015167,,1,1,9,4000,0,1,3,,2,007,SR-41,"ROCKY CANYON RD",1584.00,E,N,A,-,Y,,,41,,,,,,,N,2,0,1,1,C,-,18,,,N,F,A,A,A,H,-,A,D,0,,Y,,,Y,,-,"- ",1,0,0,0,0,0,1,0,0,"- ","- ",35.502239227294922,-120.65706634521484,"SAN LUIS OBISPO",UNINCORPORATED,-120.65715026855469,35.502334594726562
91058682,2019,2019-10-21,9740,2019-08-20,1815,018988,,2,2,9,4000,0,3,5,,2,021,"LAS TABLAS RD","BENNETT WAY",0.00,,Y,A,-,N,,,,,,,,,,Y,4,0,1,2,A,-,09,21801,A,N,D,C,A,A,H,-,A,A,0,,,,,Y,,A,01,0,0,1,0,0,0,0,0,0,"- ","- ",35.554351806640625,-120.71425628662109,"SAN LUIS OBISPO",UNINCORPORATED,-120.71424102783203,35.554389953613281
91061168,2019,2019-08-28,9745,2019-08-23,0120,020226,,5,3,9,4000,0,1,2,,1,101,"US-101 SOUTHBOUND","TASSAJARA CREEK ROAD",270.00,S,N,A,-,Y,,,101,,,,,,S,Y,4,0,1,2,A,-,08,22107,,N,C,E,A,A,H,-,D,D,0,,,,,Y,,A,01,0,0,1,0,0,0,0,0,0,"- ","- ",35.369861602783203,-120.6414794921875,"SAN LUIS OBISPO",UNINCORPORATED,-120.64148712158203,35.369861602783203
91064377,2019,2019-08-30,9740,2019-08-25,1223,020773,,7,1,9,4000,0,1,2,,2,004,"US-101 NORTHBOUND","MISSION ST",2640.00,S,N,A,-,Y,,,101,,,,,,N,Y,4,0,1,1,A,-,08,22107,,N,F,A,A,A,D,-,A,D,0,,,,,Y,,A,01,0,0,1,0,0,0,0,0,0,"- ","- ",35.730148315429688,-120.70108032226562,"SAN LUIS OBISPO",UNINCORPORATED,-120.70099639892578,35.730167388916016
91064632,2019,2019-08-30,9745,2019-08-21,0857,016773,,3,1,9,4000,0,2,4,,1,048,"AVILA BEACH DRIVE","CAVE LANDING RD",1056.00,W,N,A,-,N,,,,,,,,,,N,2,0,1,2,A,-,01,23152,F,N,D,G,A,A,H,-,A,D,0,,Y,,,Y,,A,07,1,0,0,0,0,0,1,0,0,"- ","- ",35.181129455566406,-120.72313690185547,"SAN LUIS OBISPO",UNINCORPORATED,-120.7242431640625,35.185569763183594
91064906,2019,2019-09-02,9740,2019-08-21,2130,018069,,3,2,9,4000,0,3,5,,2,017,"PENMEN SPRINGS ROAD","LINNE ROAD",1584.00,N,N,A,-,N,,,,,,,,,,Y,3,0,1,1,A,-,03,22350,,N,F,A,A,A,H,-,C,D,0,,,,,Y,,A,01,0,1,0,0,0,0,0,0,0,"- ","- ",35.613029479980469,-120.60915374755859,"SAN LUIS OBISPO",UNINCORPORATED,-120.6094970703125,35.612445831298828
91066804,2019,2019-09-04,9740,2019-08-26,1125,014622,,1,1,9,4000,0,3,5,,2,022,"MUSTARD CREEK RD","BELLA TIERRA LN",1678.00,N,N,A,-,N,,,,,,,,,,Y,3,0,1,1,A,-,08,22107,,N,E,I,A,A,H,-,A,D,0,,,,,Y,,A,01,0,1,0,0,0,0,0,0,0,"- ","- ",35.686408996582031,-120.72997283935547,"SAN LUIS OBISPO",UNINCORPORATED,-120.72994232177734,35.686527252197266
91068532,2019,2019-09-05,9745,2019-08-26,1330,014713,,1,1,9,4000,0,1,3,,1,041,"SR-1 SOUTHBOUND","13TH STREET",0.00,,Y,A,-,Y,,,,,,,,,,Y,3,0,2,2,A,-,03,22350,,N,C,C,A,A,H,-,A,D,0,,,,,Y,,A,01,0,1,1,0,0,0,0,0,0,"- ","- ",35.104198455810547,-120.60394287109375,"SAN LUIS OBISPO",UNINCORPORATED,-120.89060211181641,35.442340850830078
91069360,2019,2019-09-06,9745,2019-09-01,1043,020211,,7,1,9,4000,0,1,2,,2,505,"LOS BERROS ROAD TO SOUTHBOUND US-101","LOS BERROS RD",150.00,S,N,A,-,Y,,,,,,,,,,Y,3,0,1,1,A,-,08,22107,,N,F,A,A,A,H,-,A,D,0,,,Y,,Y,,C,02,0,1,0,0,0,0,0,0,1,"- ","- ",35.0712890625,-120.51730346679688,"SAN LUIS OBISPO",UNINCORPORATED,-120.58152008056641,35.103298187255859
9107104,2020,2020-11-25,4008,2020-09-07,0329,4080,,1,5,4,4008,0,0,0,,0,,"MORRO RD","LOS ALTOS RD",1270.00,E,N,A,-,Y,SLO,5,41,-,-,11.680,H,-,N,Y,3,0,1,1,A,-,03,22350,,N,E,I,A,A,H,-,D,D,0,,,,,Y,,D,22,0,1,0,0,0,0,0,0,0,"- ","- ",35.455398559570312,-120.71537017822266,"SAN LUIS OBISPO",ATASCADERO,-120.71188354492188,35.453659057617188
91071386,2019,2019-09-10,9745,2019-09-06,0850,017144,,5,1,9,4000,0,3,5,,2,002,"RAMONA AVE","8TH STREET",0.00,,Y,A,-,N,,,,,,,,,,Y,3,0,1,2,A,-,09,21802,A,N,D,C,A,A,H,-,A,A,0,,,,,Y,,A,08,0,1,0,0,0,0,0,0,0,"- ","- ",35.3206787109375,-120.83435821533203,"SAN LUIS OBISPO",UNINCORPORATED,-120.83435821533203,35.320671081542969
91071719,2019,2019-09-10,9745,2019-09-06,1920,019400,,5,2,9,4000,0,1,2,,2,505,"US-101 SOUTHBOUND","LOS BERROS RD",1056.00,N,N,A,-,Y,,,101,,,,,,S,Y,4,0,2,2,A,-,03,22350,,N,C,C,A,A,H,-,A,D,0,,,,,Y,Y,A,07,0,0,2,0,0,0,0,0,0,"- ","- ",35.076740264892578,-120.52253723144531,"SAN LUIS OBISPO",UNINCORPORATED,-120.5225830078125,35.076675415039062
9107364,2020,2020-08-04,4006,2020-04-19,1249,20008,560,7,5,4,4006,0,0,0,,0,,HIGUERA,"LA PRADERAS DR",145.00,N,N,A,-,N,,,,,,,,,,N,4,0,1,2,A,-,09,21801,A,N,B,G,A,A,H,-,A,D,0,,Y,,,Y,,A,07,0,0,1,0,0,0,1,0,0,"- ","- ",35.245479583740234,-120.67433929443359,"SAN LUIS OBISPO","SAN LUIS OBISPO",-120.67450714111328,35.245506286621094
91075734,2019,2019-09-16,9745,2019-09-08,1430,017151,,7,2,9,4000,0,1,3,,1,011,SR-41,"MISSION DR.",1056.00,N,N,A,-,Y,,,41,,,,,,,N,4,0,1,1,A,-,08,22107,,N,F,A,A,A,H,-,A,D,0,,,Y,,Y,,C,02,0,0,1,0,0,0,0,0,1,"- ","- ",35.3927001953125,-120.8363037109375,"SAN LUIS OBISPO",UNINCORPORATED,-120.83640289306641,35.392807006835938
91076180,2019,2019-09-17,9745,2019-09-10,2240,019809,,2,3,9,4000,0,1,3,,1,011,SR-41,"CERRO ALTO",500.00,N,N,A,-,Y,,,41,,,,,,,Y,3,0,1,1,A,-,01,23152,A,N,E,I,A,A,H,-,D,D,0,,,,,Y,Y,D,22,0,1,0,0,0,0,0,0,0,"- ","- ",35.430419921875,-120.75125885009766,"SAN LUIS OBISPO",UNINCORPORATED,-120.75135803222656,35.430412292480469
91077390,2019,2019-09-18,9745,2019-09-11,0818,013531,,3,1,9,4000,0,1,2,,2,505,"US-101 NORTHBOUND","TEFFT STREET",152.00,S,N,A,-,Y,,,101,,,,,,N,Y,4,0,2,3,A,-,03,22350,,N,C,C,A,A,H,-,A,D,0,,,,,Y,,A,01,0,0,2,0,0,0,0,0,0,"- ","- ",35.036670684814453,-120.48410797119141,"SAN LUIS OBISPO",UNINCORPORATED,-120.48418426513672,35.036598205566406
91079765,2019,2019-09-20,9745,2019-09-18,1558,018253,,3,2,9,4000,0,2,4,,1,052,"THOMPSON AVENUE","SWALLOW LANE",200.00,S,N,A,-,N,,,,,,,,,,Y,4,0,1,2,A,-,06,21751,,N,D,C,A,A,H,-,A,D,0,,,,,Y,,A,01,0,0,1,0,0,0,0,0,0,"- ","- ",35.027999877929688,-120.45989990234375,"SAN LUIS OBISPO",UNINCORPORATED,-120.46017456054688,35.028377532958984
91081048,2019,2019-09-23,9750,2019-09-15,1230,015514,,7,1,9,4000,0,1,3,,1,066,SR-166,"KIRSCHENMANN RD",4224.00,E,N,A,-,Y,,,166,,,,,,,Y,3,0,2,1,A,-,06,21751,,N,F,A,A,A,H,-,A,D,0,,,,,Y,,A,01,0,1,1,0,0,0,0,0,0,"- ","- ",34.934310913085938,-119.58091735839844,"SAN LUIS OBISPO",UNINCORPORATED,-119.58092498779297,34.934410095214844
91083712,2019,2019-09-26,9745,2019-09-19,2215,017541,,4,3,9,4000,0,1,3,,1,011,SR-41,"BEAR RIDGE RD",6864.00,N,N,A,-,Y,,,41,,,,,,,Y,4,0,1,1,A,-,08,22107,,N,E,I,A,A,H,-,D,D,0,,,,,Y,,A,07,0,0,1,0,0,0,0,0,0,"- ","- ",35.427970886230469,-120.76107025146484,"SAN LUIS OBISPO",UNINCORPORATED,-120.76107025146484,35.427986145019531
91085377,2019,2019-09-27,9740,2019-09-24,0755,010820,,2,1,9,4000,0,3,5,,2,021,"LAS TABLAS RD","BENNETT WAY",0.00,,Y,A,-,N,,,,,,,,,,Y,4,0,1,2,A,-,09,21801,A,N,D,C,A,A,H,-,A,A,0,,,,,Y,,A,01,0,0,1,0,0,0,0,0,0,"- ","- ",35.554359436035156,-120.7142333984375,"SAN LUIS OBISPO",UNINCORPORATED,-120.71424102783203,35.554389953613281
91085848,2019,2019-09-27,9745,2019-09-25,2259,017541,,3,3,4,4006,0,1,2,,2,202,"US-101 SOUTHBOUND","SANTA ROSA ST",135.00,N,N,A,-,Y,,,101,,,,,,S,Y,4,0,1,1,A,-,08,22107,,N,E,I,A,A,H,-,D,D,0,,,,,Y,,A,01,0,0,1,0,0,0,0,0,0,"- ","- ",35.286968231201172,-120.66326904296875,"SAN LUIS OBISPO","SAN LUIS OBISPO",-120.66329193115234,35.287002563476562
9108609,2020,2020-08-06,4001,2020-04-05,1258,P0150,463,7,5,3,4001,0,0,0,,0,,"S COURTLAND ST","ELDERBERRY CT",0.00,,Y,C,-,N,,,,,,,,,,Y,4,0,1,2,A,-,09,21802,A,N,A,C,A,B,H,-,A,D,0,,,,,Y,,A,01,0,0,1,0,0,0,0,0,0,"- ","- ",,,"SAN LUIS OBISPO","ARROYO GRANDE",,
91087105,2019,2019-09-30,9745,2019-09-21,1910,018253,,6,2,9,4000,0,2,S,,2,054,"LOPEZ DRIVE","HORSE HAVEN LANE",1584.00,E,N,A,-,N,,,,,,,,,,N,3,0,1,1,C,-,18,,,N,E,H,A,A,H,-,D,D,0,,,,,Y,,-,"- ",0,1,0,0,0,0,0,0,0,"- ","- ",35.155239105224609,-120.53459930419922,"SAN LUIS OBISPO",UNINCORPORATED,-120.53474426269531,35.155220031738281
91087224,2019,2019-09-30,9745,2019-09-26,2155,020689,,4,2,9,4000,0,1,2,,2,505,"US-101 SOUTHBOUND","LAETITIA VINEYARD DR.",4752.00,N,N,A,-,Y,,,101,,,,,,S,Y,2,0,1,1,A,-,08,22107,,N,E,I,A,A,H,-,D,D,0,,,,,Y,,A,07,1,0,0,0,0,0,0,0,0,"- ","- ",35.099601745605469,-120.54759979248047,"SAN LUIS OBISPO",UNINCORPORATED,-120.54755401611328,35.099628448486328
91088974,2019,2019-10-02,9745,2019-10-01,0800,013531,,2,1,3,4001,0,1,2,,2,402,"US-101 NORTHBOUND","OAK PARK BLVD.",1700.00,S,N,A,-,Y,,,101,,,,,,N,N,4,0,1,2,A,-,03,22350,,N,C,C,A,A,H,-,A,D,0,,,,Y,Y,,F,25,0,0,1,0,0,0,0,0,0,"- ","- ",35.127109527587891,-120.59861755371094,"SAN LUIS OBISPO","ARROYO GRANDE",-120.59867095947266,35.127006530761719
91093378,2019,2019-10-09,9740,2019-09-27,1917,019259,,5,2,9,4000,0,3,5,,2,017,"TEMPLETON RD","LUPINE LN",6336.00,N,N,B,-,N,,,,,,,,,,Y,3,0,1,1,A,-,05,21460,A,N,E,I,A,A,H,-,D,D,0,,,,,Y,,A,01,0,1,0,0,0,0,0,0,0,"- ","- ",35.528800964355469,-120.68363952636719,"SAN LUIS OBISPO",UNINCORPORATED,-120.68319702148438,35.528560638427734
91093662,2019,2019-10-09,9740,2019-09-26,0728,010820,,4,1,9,4000,0,1,3,,2,007,SR-41,"STRAW RIDGE RD",832.00,N,N,A,-,Y,,,41,,,,,,,Y,4,0,1,1,A,-,03,22350,,N,E,I,A,A,H,-,A,A,0,,,,,Y,,D,22,0,0,1,0,0,0,0,0,0,"- ","- ",35.534248352050781,-120.53719329833984,"SAN LUIS OBISPO",UNINCORPORATED,-120.53719329833984,35.534290313720703
91093773,2019,2019-10-09,9750,2019-10-01,1940,017379,,2,2,9,4000,0,1,3,,1,063,SR-166,"SPANISH RANCH",5280.00,W,N,A,-,Y,,,166,,,,,,,Y,3,0,1,1,A,-,08,22107,,N,E,I,A,A,H,-,D,D,0,,,,,Y,,A,01,0,1,0,0,0,0,0,0,0,"- ","- ",35.062198638916016,-119.97293853759766,"SAN LUIS OBISPO",UNINCORPORATED,-119.97290802001953,35.062263488769531
91096505,2019,2019-10-14,9745,2019-10-01,0935,017541,,2,1,9,4000,0,1,2,,2,303,"US-101 NORTHBOUND","AVILA BEACH DRIVE",265.00,S,N,A,-,Y,,,101,,,,,,N,Y,1,1,0,1,A,-,08,22107,,N,E,I,A,A,H,-,A,D,0,,,,,Y,,A,07,0,0,0,0,0,0,0,0,0,"- ","- ",35.178840637207031,-120.69846343994141,"SAN LUIS OBISPO",UNINCORPORATED,-120.698486328125,35.178821563720703
91097063,2019,2019-10-14,9745,2019-10-06,1205,020226,,7,1,9,4000,0,1,2,,2,505,US-101,"TEFFT STREET",4199.00,N,N,A,-,Y,,,101,,,,,,,Y,2,0,1,1,A,-,08,22107,,N,E,I,A,A,H,-,A,D,0,,,,,Y,,A,07,1,0,0,0,0,0,0,0,0,"- ","- ",35.045951843261719,-120.49266052246094,"SAN LUIS OBISPO",UNINCORPORATED,-120.49263763427734,35.045967102050781
91097294,2019,2019-10-15,9745,2019-09-28,0835,017968,,6,1,9,4000,0,1,3,,1,021,"SR-1 N/B","N. OCEAN AVENUE",100.00,N,N,B,-,Y,,,1,,,,,,N,N,3,0,2,2,A,-,08,22107,,N,H,G,A,B,H,-,A,D,0,,Y,,,Y,,L,04,0,2,0,0,0,0,2,0,0,"- ","- ",35.450050354003906,-120.91842651367188,"SAN LUIS OBISPO",UNINCORPORATED,-120.91842651367188,35.450000762939453
91097861,2019,2019-10-15,9740,2019-10-07,2500,015167,,1,4,9,4000,0,1,3,,1,014,SR-1,"SLO SAN SIMEON RD",4752.00,N,N,A,-,Y,,,1,,,,,,,Y,2,0,1,1,A,-,01,23152,F,N,E,I,A,A,H,-,D,D,0,,,,,Y,,A,01,1,0,0,0,0,0,0,0,0,"- ","- ",35.651409149169922,-121.20839691162109,"SAN LUIS OBISPO",UNINCORPORATED,-121.20840454101562,35.65142822265625
91099690,2019,2019-10-17,9745,2019-10-06,1130,016773,,7,1,9,4000,0,1,2,,2,404,"US-101 NORTHBOUND","AVILA BEACH DR.",1056.00,S,N,A,-,Y,,,101,,,,,,N,N,4,0,2,2,A,-,01,23152,A,M,B,C,A,A,H,-,A,D,0,,,,,Y,Y,A,07,0,0,2,0,0,0,0,0,0,"- ","- ",35.172611236572266,-120.69497680664062,"SAN LUIS OBISPO",UNINCORPORATED,-120.6949462890625,35.172641754150391
91100905,2019,2019-10-18,9745,2019-10-11,1843,018253,,5,2,9,4000,0,3,5,,2,003,"ONTARIO ROAD","AVILA BEACH DRIVE",1056.00,N,N,A,-,N,,,,,,,,,,Y,4,0,1,2,A,-,03,22350,,N,C,C,A,A,H,-,A,D,0,,,,,Y,,A,01,0,0,1,0,0,0,0,0,0,"- ","- ",35.182960510253906,-120.70377349853516,"SAN LUIS OBISPO",UNINCORPORATED,-120.70353698730469,35.183849334716797
91101213,2019,2019-10-21,9750,2019-10-15,0605,017616,,2,1,9,4000,0,1,2,,2,111,"US-101 N/B",SR-166,1056.00,S,N,A,-,Y,,,101,,,,,,N,Y,4,0,1,4,A,-,03,22350,,N,C,C,A,A,H,-,C,D,0,,,,,Y,,A,08,0,0,1,0,0,0,0,0,0,"- ","- ",34.986900329589844,-120.43318176269531,"SAN LUIS OBISPO",UNINCORPORATED,-120.43318939208984,34.986896514892578
91102569,2019,2019-10-22,9740,2019-10-15,1851,016849,,2,2,3,4004,0,1,2,,2,003,"US-101 S/B TO 24TH ST.","24TH STREET",118.00,N,N,A,-,Y,,,101,,,,R,,S,N,4,0,3,2,A,-,03,22350,,N,C,C,A,A,H,-,C,A,0,,,,,Y,,A,01,0,0,3,0,0,0,0,0,0,"- ","- ",35.642860412597656,-120.68572998046875,"SAN LUIS OBISPO","PASO ROBLES",-120.68572998046875,35.642860412597656