CASE_ID,ACCIDENT_YEAR,PROC_DATE,JURIS,COLLISION_DATE,COLLISION_TIME,OFFICER_ID,REPORTING_DISTRICT,DAY_OF_WEEK,CHP_SHIFT,POPULATION,CNTY_CITY_LOC,SPECIAL_COND,BEAT_TYPE,CHP_BEAT_TYPE,CITY_DIVISION_LAPD,CHP_BEAT_CLASS,BEAT_NUMBER,PRIMARY_RD,SECONDARY_RD,DISTANCE,DIRECTION,INTERSECTION,WEATHER_1,WEATHER_2,STATE_HWY_IND,CALTRANS_COUNTY,CALTRANS_DISTRICT,STATE_ROUTE,ROUTE_SUFFIX,POSTMILE_PREFIX,POSTMILE,LOCATION_TYPE,RAMP_INTERSECTION,SIDE_OF_HWY,TOW_AWAY,COLLISION_SEVERITY,NUMBER_KILLED,NUMBER_INJURED,PARTY_COUNT,PRIMARY_COLL_FACTOR,PCF_CODE_OF_VIOL,PCF_VIOL_CATEGORY,PCF_VIOLATION,PCF_VIOL_SUBSECTION,HIT_AND_RUN,TYPE_OF_COLLISION,MVIW,PED_ACTION,ROAD_SURFACE,ROAD_COND_1,ROAD_COND_2,LIGHTING,CONTROL_DEVICE,CHP_ROAD_TYPE,PEDESTRIAN_ACCIDENT,BICYCLE_ACCIDENT,MOTORCYCLE_ACCIDENT,TRUCK_ACCIDENT,NOT_PRIVATE_PROPERTY,ALCOHOL_INVOLVED,STWD_VEHTYPE_AT_FAULT,CHP_VEHTYPE_AT_FAULT,COUNT_SEVERE_INJ,COUNT_VISIBLE_INJ,COUNT_COMPLAINT_PAIN,COUNT_PED_KILLED,COUNT_PED_INJURED,COUNT_BICYCLIST_KILLED,COUNT_BICYCLIST_INJURED,COUNT_MC_KILLED,COUNT_MC_INJURED,PRIMARY_RAMP,SECONDARY_RAMP,LATITUDE,LONGITUDE,COUNTY,CITY,POINT_X,POINT_Y
91102675,2019,2019-10-22,9740,2019-10-16,1500,016816,,3,2,9,4000,0,3,5,,2,017,"RYAN ROAD","LA PANZA ROAD",8448.00,N,N,A,-,N,,,,,,,,,,Y,4,0,1,1,A,-,03,22350,,N,E,I,A,A,H,-,A,D,0,,,,,Y,,A,07,0,0,1,0,0,0,0,0,0,"- ","- ",35.514450073242188,-120.47028350830078,"SAN LUIS OBISPO",UNINCORPORATED,-120.47053527832031,35.514518737792969
91103198,2019,2019-10-22,9745,2019-10-11,1517,018253,,5,2,4,4006,0,1,2,,2,202,"US101 SOUTHBOUND","MARSH ST",146.00,N,N,A,-,Y,,,101,,,,,,S,Y,4,0,1,3,B,-,22,,,N,C,C,A,A,H,-,A,D,0,,,,,Y,,J,48,0,0,1,0,0,0,0,0,0,"- ","- ",35.274810791015625,-120.67134094238281,"SAN LUIS OBISPO","SAN LUIS OBISPO",-120.67136383056641,35.274818420410156
91106568,2019,2019-10-25,9750,2019-10-15,0606,015514,,2,1,9,4000,0,1,2,,2,111,"US-101 N/B","SR-166 E/B",528.00,S,N,E,-,Y,,,101,,,,,,N,Y,3,0,2,2,A,-,03,22350,,N,C,C,A,A,H,-,D,D,0,,,,,Y,,A,01,0,1,1,0,0,0,0,0,0,"- ","- ",34.991909027099609,-120.43385314941406,"SAN LUIS OBISPO",UNINCORPORATED,-120.43392181396484,34.991901397705078
91107999,2019,2019-10-28,9740,2019-10-17,0923,014662,,4,1,9,4000,0,3,5,,2,018,"BRANCH RD","UNION RD",2640.00,N,N,A,-,N,,,,,,,,,,Y,4,0,1,1,A,-,08,22107,,N,E,I,A,A,H,-,A,D,0,,,,,Y,,D,22,0,0,1,0,0,0,0,0,0,"- ","- ",35.644500732421875,-120.57846832275391,"SAN LUIS OBISPO",UNINCORPORATED,-120.57843780517578,35.644500732421875
91108142,2019,2019-10-28,9745,2019-10-17,1700,017151,,4,2,9,4000,0,3,5,,2,002,"O'CONNOR WAY","LAUREATE LN",7392.00,W,N,A,-,N,,,,,,,,,,Y,4,0,1,1,A,-,08,22107,,N,E,I,A,A,H,-,A,D,0,,,,,Y,,A,01,0,0,1,0,0,0,0,0,0,"- ","- ",35.301700592041016,-120.72789764404297,"SAN LUIS OBISPO",UNINCORPORATED,-120.72695159912109,35.300884246826172
91110853,2019,2019-12-18,9745,2019-10-24,1348,015144,,4,1,9,4000,0,1,3,,1,041,SR-1,"23RD STREET",0.00,,Y,A,-,Y,,,1,,,,,,,Y,3,0,1,2,A,-,09,21802,A,N,D,C,A,A,H,-,A,A,0,,,,,Y,,A,01,0,1,0,0,0,0,0,0,0,"- ","- ",35.098148345947266,-120.60565185546875,"SAN LUIS OBISPO",UNINCORPORATED,-120.60565185546875,35.098114013671875
91111245,2019,2019-11-01,9740,2019-09-02,1408,018069,,1,2,9,4000,0,2,4,,2,012,"NACIMIENTO LAKE DRIVE (G-14)","OAK FLAT ROAD",2640.00,W,N,A,-,N,,,,,,,,,,Y,1,3,1,2,A,-,01,23152,F,N,A,C,A,A,H,-,A,D,0,,,,,Y,,A,01,0,1,0,0,0,0,0,0,0,"- ","- ",35.680198669433594,-120.75145721435547,"SAN LUIS OBISPO",UNINCORPORATED,-120.75146484375,35.680065155029297
91112676,2019,2019-11-04,9740,2019-10-25,1115,010820,,5,1,9,4000,0,1,2,,2,002,"U.S. 101 (N/B)","LAS TABLAS ROAD",25.00,S,N,A,-,Y,,,,,,,,,,Y,4,0,1,4,A,-,03,22350,,N,C,C,A,A,H,-,A,A,0,,,,,Y,,A,01,0,0,1,0,0,0,0,0,0,"- ","- ",35.554031372070312,-120.71231842041016,"SAN LUIS OBISPO",UNINCORPORATED,-120.71224212646484,35.554325103759766
91113050,2019,2019-11-04,9745,2019-10-30,1855,019400,,3,2,4,4006,0,1,2,,2,202,"US-101 NORTHBOUND OFF-RAMP","GRAND AVE",0.00,,Y,A,-,Y,,,101,,,,,,N,N,4,0,1,2,A,-,03,22350,,M,C,C,A,A,H,-,C,A,0,,,,,Y,,A,01,0,0,1,0,0,0,0,0,0,"- ","- ",35.291141510009766,-120.65331268310547,"SAN LUIS OBISPO","SAN LUIS OBISPO",-120.65328979492188,35.291767120361328
91114861,2019,2019-11-06,9740,2019-10-25,1255,017426,,5,1,9,4000,0,3,5,,2,019,"MISSION ST.","11TH ST.",0.00,,Y,A,-,N,,,,,,,,,,N,4,0,1,2,A,-,08,22107,,F,D,G,A,A,H,-,A,A,0,,Y,,,Y,,-,99,0,0,1,0,0,0,1,0,0,"- ","- ",35.748859405517578,-120.69670867919922,"SAN LUIS OBISPO",UNINCORPORATED,-120.69677734375,35.748878479003906
91115379,2019,2019-11-07,9740,2019-09-11,0910,010820,,3,1,9,4000,0,1,3,,2,005,SR-58,"W. POZO ROAD",2212.00,W,N,B,-,Y,,,58,,,,,,,Y,2,0,1,2,A,-,00,23104,A,F,B,C,A,A,H,-,A,A,0,,,Y,,Y,,D,22,1,0,0,0,0,0,0,0,1,"- ","- ",35.390869140625,-120.58805084228516,"SAN LUIS OBISPO",UNINCORPORATED,-120.58806610107422,35.39080810546875
91116703,2019,2019-11-08,9745,2019-11-01,1655,019809,,5,2,9,4000,0,2,4,,1,055,"TEFFT STREET","MARY AVE",80.00,W,N,A,-,N,,,,,,,,,,N,4,0,1,2,A,-,03,22350,,N,C,C,A,A,H,-,A,D,0,,,,,Y,,D,22,0,0,1,0,0,0,0,0,0,"- ","- ",35.035610198974609,-120.48670959472656,"SAN LUIS OBISPO",UNINCORPORATED,-120.48685455322266,35.035617828369141
91117540,2019,2019-11-11,9740,2019-11-09,1155,015167,,6,1,9,4000,0,1,3,,2,005,SR-58,"DIGGER PINE ROAD",1056.00,W,N,A,-,Y,,,,,,,,,,Y,3,0,1,1,A,-,08,22107,,N,E,I,A,A,H,-,A,D,0,,,,,Y,,A,01,0,1,0,0,0,0,0,0,0,"- ","- ",35.245800018310547,-120.34249877929688,"SAN LUIS OBISPO",UNINCORPORATED,-120.57345581054688,35.402683258056641
91117907,2019,2019-11-12,9740,2019-11-04,1700,019259,,1,2,9,4000,0,1,3,,2,008,"SR-46 W/B","MCMILLAN CANYON RD",3696.00,E,N,A,-,Y,,,46,,,,,,W,Y,3,0,1,1,A,-,08,22107,,N,F,D,A,A,H,-,D,D,0,,,,,Y,,A,07,0,1,0,0,0,0,0,0,0,"- ","- ",35.662429809570312,-120.40200805664062,"SAN LUIS OBISPO",UNINCORPORATED,-120.40198516845703,35.662014007568359
9111936,2020,2020-11-04,4004,2020-06-08,1047,1349,,1,5,3,4004,0,0,0,,0,,"RT 46","BUENA VISTA DR",0.00,,Y,A,-,Y,SLO,5,46,-,-,30.513,I,5,E,Y,4,0,2,2,A,-,12,21453,A,N,D,C,A,A,H,-,A,A,0,,,,,Y,,D,22,0,0,2,0,0,0,0,0,0,"- ","- ",35.64447021484375,-120.67240905761719,"SAN LUIS OBISPO","PASO ROBLES",-120.6717529296875,35.644405364990234
91120092,2019,2019-11-14,9740,2019-11-09,1548,016849,,6,2,9,4000,0,3,5,,2,017,"SOUTH EL POMAR RD","LILS PLACE",1056.00,S,N,A,-,N,,,,,,,,,,Y,2,0,2,2,A,-,09,21804,A,N,D,C,A,A,H,-,A,D,0,,,,,Y,,A,07,1,0,1,0,0,0,0,0,0,"- ","- ",35.530559539794922,-120.62680816650391,"SAN LUIS OBISPO",UNINCORPORATED,-120.61980438232422,35.529613494873047
91121022,2019,2019-11-15,9745,2019-11-01,0355,019400,,5,3,4,4006,0,1,2,,2,202,"US-101 SOUTHBOUND","LOS OSOS VALLEY RD",528.00,N,N,A,-,Y,,,101,,,,,,S,Y,4,0,2,2,A,-,03,22350,,M,C,C,A,A,H,-,D,D,0,,,,,Y,,A,01,0,0,2,0,0,0,0,0,0,"- ","- ",35.246551513671875,-120.68128204345703,"SAN LUIS OBISPO","SAN LUIS OBISPO",-120.68120574951172,35.246505737304688
91121307,2019,2019-11-15,9745,2019-11-12,0808,013531,,2,1,9,4000,0,1,2,,2,505,"US-101 NORTHBOUND","TEFFT STREET",1335.00,N,N,A,-,Y,,,101,,,,,,N,Y,3,0,2,2,A,-,03,22350,,N,C,C,A,A,H,-,A,D,0,,,,,Y,,A,07,0,2,0,0,0,0,0,0,0,"- ","- ",35.040470123291016,-120.48770904541016,"SAN LUIS OBISPO",UNINCORPORATED,-120.48771667480469,35.04046630859375
91124495,2019,2019-11-20,9740,2019-10-18,0555,010820,,5,3,9,4000,0,3,5,,2,017,"SPANISH CAMP ROAD","RIVER ROAD",1176.00,E,N,B,-,N,,,,,,,,,,Y,2,0,1,1,A,-,01,23152,A,N,E,I,A,A,H,-,D,A,0,,,,,Y,Y,A,01,1,0,0,0,0,0,0,0,0,"- ","- ",35.599971771240234,-120.67719268798828,"SAN LUIS OBISPO",UNINCORPORATED,-120.67739868164062,35.600086212158203
9112557,2020,2020-11-06,4001,2020-05-06,0625,P0114,463,3,5,3,4001,0,0,0,,0,OPERA,"EAST GRAND AV","EL CAMINO REAL",0.00,,Y,A,-,N,,,,,,,,,,N,2,0,1,2,A,-,00,20001,,F,G,B,D,A,H,-,B,D,0,Y,,,,Y,,-,,1,0,0,0,1,0,0,0,0,"- ","- ",,,"SAN LUIS OBISPO","ARROYO GRANDE",,
91127843,2019,2019-11-22,9745,2019-11-21,1737,017968,,4,2,4,4006,0,1,2,,2,202,"US-101 N/B","CALIFORNIA BLVD.",300.00,S,N,A,-,Y,,,101,,,,,,N,Y,4,0,1,2,A,-,03,22350,,N,C,C,A,A,H,-,D,D,0,,,,,Y,,D,22,0,0,1,0,0,0,0,0,0,"- ","- ",35.289119720458984,-120.66030120849609,"SAN LUIS OBISPO","SAN LUIS OBISPO",-120.66029357910156,35.289108276367188
9112885,2020,2020-08-28,4004,2020-06-14,0141,1384,,7,5,3,4004,0,0,0,,0,,"UNION RD","MONTEBELLO OAKS DR",487.00,E,N,A,-,N,,,,,,,,,,Y,2,0,2,1,-,-,"- ",,A,N,E,I,A,A,H,-,A,D,0,,,,,Y,Y,A,01,2,0,0,0,0,0,0,0,0,"- ","- ",35.636558532714844,-120.66252136230469,"SAN LUIS OBISPO","PASO ROBLES",-120.66188049316406,35.638320922851562
91130511,2019,2019-12-31,9740,2019-11-08,1910,017952,,5,2,9,4000,0,1,3,,2,010,SR-41,"SR-46 (EAST)",16896.00,N,N,A,-,Y,,,41,,,,,,,Y,2,0,3,5,A,-,08,22107,,F,B,C,A,A,H,-,D,D,0,,,,Y,Y,Y,F,25,1,0,2,0,0,0,0,0,0,"- ","- ",35.767570495605469,-120.24661254882812,"SAN LUIS OBISPO",UNINCORPORATED,-120.24660491943359,35.767547607421875
91131266,2019,2019-11-27,9745,2019-11-19,1850,017151,,2,2,9,4000,0,1,3,,2,023,"SR-1 SOUTHBOUND","HIGHLAND DR",0.00,,Y,A,-,Y,,,1,,,,,,S,N,3,0,1,2,A,-,12,21453,A,N,D,G,A,A,H,-,D,A,0,,Y,,,Y,,L,04,0,1,0,0,0,0,1,0,0,"- ","- ",35.298500061035156,-120.67400360107422,"SAN LUIS OBISPO",UNINCORPORATED,-120.67402648925781,35.298473358154297
91131390,2019,2019-11-27,9745,2019-11-22,1625,019809,,5,2,9,4000,0,1,2,,2,303,"US 101 N/B","SAN LUIS BAY DR",2640.00,N,N,A,-,Y,,,,,,,,,,Y,4,0,2,3,A,-,03,22350,,N,C,C,A,A,H,-,A,D,0,,,,,Y,,D,22,0,0,2,0,0,0,0,0,0,"- ","- ",35.204200744628906,-120.69654846191406,"SAN LUIS OBISPO",UNINCORPORATED,-120.69688415527344,35.203037261962891
91131647,2019,2019-11-28,9740,2019-11-14,2245,018988,,4,3,9,4000,0,3,5,,2,022,"ADELAIDA RD","VINE HILL LN",296.00,S,N,A,-,N,,,,,,,,,,Y,3,0,1,1,A,-,01,23152,A,M,E,I,A,A,H,-,D,D,0,,,,,Y,Y,A,01,0,1,0,0,0,0,0,0,0,"- ","- ",35.651290893554688,-120.73708343505859,"SAN LUIS OBISPO",UNINCORPORATED,-120.73561096191406,35.650615692138672
91131780,2019,2019-11-29,9740,2019-11-22,1130,010820,,5,1,9,4000,0,1,2,,2,001,"U.S. 101 (S/B)",SR-58,3168.00,N,N,A,-,Y,,,,,,,,,,N,4,0,2,2,A,-,03,22350,,N,C,C,A,A,H,-,A,A,0,,,,,Y,,A,01,0,0,2,0,0,0,0,0,0,"- ","- ",35.389141082763672,-120.62648773193359,"SAN LUIS OBISPO",UNINCORPORATED,,
91132160,2019,2019-12-02,9740,2019-11-22,1910,016849,,5,2,4,4008,0,1,2,,2,001,"US-101 NORTHBOUND","SANTA ROSA RD",3978.00,S,N,A,-,Y,,,101,,,,,,N,N,4,0,1,2,A,-,03,22350,,N,C,C,A,A,D,-,D,D,0,,,,,Y,,A,01,0,0,1,0,0,0,0,0,0,"- ","- ",35.456630706787109,-120.64398956298828,"SAN LUIS OBISPO",ATASCADERO,-120.64395141601562,35.456661224365234
91133006,2019,2019-12-02,9745,2019-11-18,0733,014910,,1,1,9,4000,0,1,2,,2,303,"US-101 NORTHBOUND","SAN LUIS BAY DR",1584.00,N,N,A,-,Y,,,101,,,,,,N,N,4,0,1,2,A,-,03,22350,,N,C,C,A,A,H,-,A,D,0,,,Y,,Y,,C,02,0,0,1,0,0,0,0,0,1,"- ","- ",35.203601837158203,-120.69599914550781,"SAN LUIS OBISPO",UNINCORPORATED,-120.69679260253906,35.203704833984375
91134820,2019,2019-12-03,9745,2019-11-22,1620,016390,,5,2,9,4000,0,1,2,,2,303,"US-101 N/B","SAN LUIS BAY DRIVE",5597.00,N,N,A,-,Y,,,101,,,,,,N,Y,4,0,1,1,A,-,08,22107,,N,F,A,A,A,H,-,A,D,0,,,,,Y,,A,01,0,0,1,0,0,0,0,0,0,"- ","- ",35.210960388183594,-120.69686889648438,"SAN LUIS OBISPO",UNINCORPORATED,-120.69677734375,35.210956573486328
91134850,2019,2019-12-03,9745,2019-11-22,1815,017968,,5,2,9,4000,0,1,3,,1,011,"SR-41 SOUTHBOUND","TORO CREEK ROAD",500.00,S,N,A,-,Y,,,41,,,,,,S,Y,2,0,1,1,A,-,08,22107,,N,E,I,A,A,H,-,D,D,0,,,,,Y,,A,08,1,0,0,0,0,0,0,0,0,"- ","- ",35.456390380859375,-120.75086212158203,"SAN LUIS OBISPO",UNINCORPORATED,-120.75078582763672,35.456371307373047
91135229,2019,2019-12-04,9745,2019-11-22,1745,019809,,5,2,9,4000,0,1,2,,1,101,"US 101 N/B","TV TOWER RD",2640.00,S,N,A,-,Y,,,,,,,,,,Y,3,0,1,5,A,-,03,22350,,N,C,C,A,A,H,-,D,D,0,,,,,Y,,D,22,0,1,0,0,0,0,0,0,0,"- ","- ",35.340419769287109,-120.62748718261719,"SAN LUIS OBISPO",UNINCORPORATED,,
91136603,2019,2019-12-05,9750,2019-11-28,1905,016874,,4,2,9,4000,0,2,4,,2,040,"BULL CANYON ROAD","DONOVAN ROAD",7920.00,N,N,B,-,N,,,,,,,,,,Y,2,0,1,1,A,-,08,22107,,N,E,I,A,B,H,-,D,D,0,,,Y,,Y,,C,02,1,0,0,0,0,0,0,0,1,"- ","- ",34.984420776367188,-120.38944244384766,"SAN LUIS OBISPO",UNINCORPORATED,-120.38945770263672,34.984424591064453
91139696,2019,2019-12-10,9745,2019-12-06,1913,017968,,5,2,9,4000,0,1,3,,1,021,"SR-1 NORTHBOUND","TORO CREEK ROAD",0.00,,Y,B,-,Y,,,1,,,,,,N,Y,3,0,2,2,A,-,01,23152,A,F,D,C,A,B,H,-,D,D,0,,,,,Y,Y,D,22,0,2,0,0,0,0,0,0,0,"- ","- ",35.415111541748047,-120.87406158447266,"SAN LUIS OBISPO",UNINCORPORATED,-120.87409210205078,35.415092468261719
91140207,2019,2019-12-10,9740,2019-12-08,1140,020144,,7,1,9,4000,0,1,S,,2,904,"US-101 SOUTHBOUND",SR-58,7920.00,N,N,B,C,Y,,,101,,,,,,S,Y,4,0,1,2,A,-,03,22350,,N,B,C,A,B,H,-,A,D,0,,,,Y,Y,,D,22,0,0,1,0,0,0,0,0,0,"- ","- ",35.404350280761719,-120.62420654296875,"SAN LUIS OBISPO",UNINCORPORATED,-120.62427520751953,35.404315948486328
91140225,2019,2019-12-10,9740,2019-12-01,0830,010820,,7,1,9,4000,0,1,3,,2,005,SR-58,"CAMATTA CREEK RD",678.00,W,N,C,-,Y,,,58,,,,,,,Y,4,0,1,1,A,-,03,22350,,N,E,I,A,B,H,-,A,A,0,,,,,Y,,A,01,0,0,1,0,0,0,0,0,0,"- ","- ",35.427879333496094,-120.28910064697266,"SAN LUIS OBISPO",UNINCORPORATED,-120.28917694091797,35.427898406982422
91142471,2019,2019-12-12,9745,2019-12-05,0545,015144,,4,3,3,4001,0,1,2,,2,402,"US-101 SOUTHBOUND","BRISCO RD",35.00,N,N,B,-,Y,,,101,,,,,,S,Y,2,0,1,2,A,-,03,22350,,N,C,C,A,A,H,-,D,D,0,,,,,Y,,A,07,1,0,0,0,0,0,0,0,0,"- ","- ",35.124248504638672,-120.59352111816406,"SAN LUIS OBISPO","ARROYO GRANDE",-120.59352874755859,35.124237060546875
91142703,2019,2019-12-13,9745,2019-12-07,1830,020689,,6,2,9,4000,0,3,5,,2,004,"OCEAN ST.","15TH STREET",150.00,E,N,B,-,N,,,,,,,,,,N,3,0,1,1,A,-,01,23152,A,M,E,I,A,B,H,-,D,D,0,,,,,Y,Y,A,01,0,1,0,0,0,0,0,0,0,"- ","- ",35.100200653076172,-120.61370086669922,"SAN LUIS OBISPO",UNINCORPORATED,-120.61372375488281,35.100143432617188
91142751,2019,2019-12-13,9745,2019-11-25,1800,017817,,1,2,4,4006,0,1,2,,2,404,"US-101 SOUTHBOUND","SPLYGLASS DR.",150.00,S,N,A,-,Y,,,,,,,,,,N,4,0,1,2,A,-,03,22350,,M,C,C,A,A,H,-,A,D,0,,,,,Y,,A,07,0,0,1,0,0,0,0,0,0,"- ","- ",35.163650512695312,-120.68660736083984,"SAN LUIS OBISPO","SAN LUIS OBISPO",,
91143169,2019,2019-12-13,9745,2019-12-04,0155,017817,,3,3,9,4000,0,1,2,,2,303,"US-101 NORTHBOUND","AVILA BEACH DR.",1220.00,N,N,C,-,Y,,,101,,,,,,N,Y,3,0,1,1,A,-,03,22350,,N,E,I,A,B,H,-,C,D,0,,,,,Y,,A,07,0,1,0,0,0,0,0,0,0,"- ","- ",35.183261871337891,-120.70123291015625,"SAN LUIS OBISPO",UNINCORPORATED,-120.70130920410156,35.183246612548828
91143249,2019,2019-12-13,9745,2019-12-09,0745,017541,,1,1,2,4005,0,1,2,,2,404,"US-101 NORTHBOUND","MATTIE RD",300.00,S,N,A,-,Y,,,,,,,,,,N,4,0,1,2,A,-,03,22350,,N,C,C,A,A,H,-,A,D,0,,,,,Y,,A,07,0,0,1,0,0,0,0,0,0,"- ","- ",35.150688171386719,-120.15068817138672,"SAN LUIS OBISPO","PISMO BEACH",,
91143267,2019,2019-12-13,9745,2019-12-13,0733,013531,,5,1,9,4000,0,2,4,,1,052,"THOMPSON AVENUE","EAST DANA STREET",0.00,,Y,A,-,N,,,,,,,,,,Y,4,0,1,2,A,-,09,21802,A,N,D,C,A,A,H,-,A,D,0,,,,,Y,,D,22,0,0,1,0,0,0,0,0,0,"- ","- ",35.042160034179688,-120.47512817382812,"SAN LUIS OBISPO",UNINCORPORATED,-120.47508239746094,35.042110443115234
91143568,2019,2019-12-16,9740,2019-12-10,2127,018069,,2,2,9,4000,0,1,3,,1,014,"SR-1 N/B","BURTON DRIVE",0.00,,Y,A,-,Y,,,1,,,,,,N,Y,4,0,1,2,A,-,12,21453,A,N,D,C,A,A,H,-,C,A,0,,,,,Y,,A,01,0,0,1,0,0,0,0,0,0,"- ","- ",35.555438995361328,-121.08181762695312,"SAN LUIS OBISPO",UNINCORPORATED,-121.08181762695312,35.555446624755859
91143580,2019,2019-12-16,9740,2019-12-04,1440,019259,,3,2,9,4000,0,3,5,,2,016,"PARKHILL ROAD","STAGECOACH CANYON",2640.00,W,N,B,-,N,,,,,,,,,,Y,2,0,1,1,A,-,01,23152,F,N,E,I,A,B,H,-,A,D,0,,,,,Y,,A,01,1,0,0,0,0,0,0,0,0,"- ","- ",35.391700744628906,-120.48399353027344,"SAN LUIS OBISPO",UNINCORPORATED,-120.48384857177734,35.391471862792969
91145057,2019,2019-12-17,9745,2019-12-12,1720,020689,,4,2,4,4006,0,1,2,,2,202,"US-101 SOUTHBOUND","MADONNA RD",1056.00,S,N,A,-,Y,,,101,,,,,,S,Y,4,0,1,3,A,-,03,22350,,N,C,C,A,A,H,-,B,D,0,,,,,Y,,D,22,0,0,1,0,0,0,0,0,0,"- ","- ",35.256999969482422,-120.67489624023438,"SAN LUIS OBISPO","SAN LUIS OBISPO",-120.67490386962891,35.257003784179688
91146163,2019,2019-12-18,9745,2019-12-13,1815,020211,,5,2,9,4000,0,1,2,,2,505,"US-101 SOUTHBOUND","EL CAMPO RD",4224.00,S,N,A,-,Y,,,101,,,,,,S,Y,4,0,2,3,A,-,03,22350,,N,C,C,A,A,H,-,D,D,0,,,,,Y,,D,22,0,0,2,0,0,0,0,0,0,"- ","- ",35.105548858642578,-120.55325317382812,"SAN LUIS OBISPO",UNINCORPORATED,-120.55326843261719,35.10552978515625
91146653,2019,2019-12-18,9745,2019-12-09,1542,017968,,1,2,9,4000,0,1,3,,1,032,"SR-227 S/B","BUCKLEY ROAD",700.00,N,N,A,-,Y,,,227,,,,,,S,Y,4,0,1,2,A,-,03,22350,,N,C,C,A,A,H,-,A,D,0,,,,,Y,,A,01,0,0,1,0,0,0,0,0,0,"- ","- ",35.232639312744141,-120.63072204589844,"SAN LUIS OBISPO",UNINCORPORATED,-120.63072967529297,35.232635498046875
91146992,2019,2019-12-19,9745,2019-12-13,2200,020226,,5,3,9,4000,0,3,5,,2,003,"ONTARIO ROAD","JOHNSON RANCH LOOP",800.00,S,N,A,-,N,,,,,,,,,,Y,3,0,1,1,A,-,01,23152,A,N,E,I,A,A,H,-,D,D,0,,,,,Y,Y,A,01,0,1,0,0,0,0,0,0,0,"- ","- ",35.221088409423828,-120.69310760498047,"SAN LUIS OBISPO",UNINCORPORATED,-120.69307708740234,35.221088409423828
91147248,2019,2019-12-19,9740,2019-12-10,1245,010820,,2,1,9,4000,0,3,5,,2,021,"THEATRE DRIVE (S/B)","MAIN STREET",120.00,N,N,B,-,N,,,,,,,,,,N,4,0,2,2,A,-,03,22350,,N,C,C,A,A,H,-,A,A,0,,,,,Y,,A,01,0,0,2,0,0,0,0,0,0,"- ","- ",35.566791534423828,-120.70246124267578,"SAN LUIS OBISPO",UNINCORPORATED,-120.70255279541016,35.5667724609375
91150967,2019,2019-12-23,9745,2019-12-16,1732,017151,,1,2,9,4000,0,1,3,,1,032,"SR-227 SOUTHBOUND","FARMHOUSE LN",528.00,S,N,A,-,Y,,,,,,,,,,Y,3,0,2,4,A,-,03,22350,,N,C,C,A,A,H,-,D,D,0,,,Y,,Y,,A,01,0,1,1,0,0,0,0,0,1,"- ","- ",35.237400054931641,-120.63480377197266,"SAN LUIS OBISPO",UNINCORPORATED,,
91151937,2019,2019-12-24,9745,2019-12-23,1635,016390,,1,2,9,4000,0,1,2,,2,303,"US-101 S/B","AVILA BEACH DR. U/C",60.00,N,N,B,-,Y,,,101,,,,,,S,N,4,0,1,2,A,-,03,22350,,N,C,C,A,A,H,-,A,D,0,,,,,Y,,A,01,0,0,1,0,0,0,0,0,0,"- ","- ",35.179950714111328,-120.69970703125,"SAN LUIS OBISPO",UNINCORPORATED,-120.69972229003906,35.179935455322266
91153379,2019,2019-12-26,9745,2019-12-22,1715,020211,,7,2,9,4000,0,1,2,,2,505,"US-101 SOUTHBOUND",SR-166,6864.00,N,N,C,-,Y,,,101,,,,,,S,Y,3,0,1,2,A,-,07,21658,A,N,E,I,A,B,H,-,D,D,0,,,,,Y,,A,01,0,1,0,0,0,0,0,0,0,"- ","- ",35.009498596191406,-120.45040893554688,"SAN LUIS OBISPO",UNINCORPORATED,-120.45041656494141,35.009490966796875
91154820,2019,2019-12-30,9740,2019-12-16,1445,019259,,1,2,9,4000,0,3,5,,2,019,"N. RIVER ROAD","RIVER OAKS ROAD",9240.00,N,N,A,-,N,,,,,,,,,,Y,2,0,1,1,A,-,03,22350,,N,E,I,A,A,H,-,A,A,0,,,,,Y,,A,01,1,0,0,0,0,0,0,0,0,"- ","- ",35.667121887207031,-120.68994903564453,"SAN LUIS OBISPO",UNINCORPORATED,-120.69003295898438,35.666759490966797
91155795,2019,2019-12-30,9745,2019-12-28,0002,020211,,6,3,9,4000,0,1,2,,2,505,"US-101 SOUTHBOUND","WILLOW RD",3960.00,N,N,A,-,Y,,,101,,,,,,S,Y,3,0,3,2,A,-,01,23152,A,F,C,C,A,A,H,-,D,D,0,,,,,Y,Y,A,01,0,3,0,0,0,0,0,0,0,"- ","- ",35.064071655273438,-120.5093994140625,"SAN LUIS OBISPO",UNINCORPORATED,-120.50937652587891,35.064090728759766