CASE_ID,ACCIDENT_YEAR,PROC_DATE,JURIS,COLLISION_DATE,COLLISION_TIME,OFFICER_ID,REPORTING_DISTRICT,DAY_OF_WEEK,CHP_SHIFT,POPULATION,CNTY_CITY_LOC,SPECIAL_COND,BEAT_TYPE,CHP_BEAT_TYPE,CITY_DIVISION_LAPD,CHP_BEAT_CLASS,BEAT_NUMBER,PRIMARY_RD,SECONDARY_RD,DISTANCE,DIRECTION,INTERSECTION,WEATHER_1,WEATHER_2,STATE_HWY_IND,CALTRANS_COUNTY,CALTRANS_DISTRICT,STATE_ROUTE,ROUTE_SUFFIX,POSTMILE_PREFIX,POSTMILE,LOCATION_TYPE,RAMP_INTERSECTION,SIDE_OF_HWY,TOW_AWAY,COLLISION_SEVERITY,NUMBER_KILLED,NUMBER_INJURED,PARTY_COUNT,PRIMARY_COLL_FACTOR,PCF_CODE_OF_VIOL,PCF_VIOL_CATEGORY,PCF_VIOLATION,PCF_VIOL_SUBSECTION,HIT_AND_RUN,TYPE_OF_COLLISION,MVIW,PED_ACTION,ROAD_SURFACE,ROAD_COND_1,ROAD_COND_2,LIGHTING,CONTROL_DEVICE,CHP_ROAD_TYPE,PEDESTRIAN_ACCIDENT,BICYCLE_ACCIDENT,MOTORCYCLE_ACCIDENT,TRUCK_ACCIDENT,NOT_PRIVATE_PROPERTY,ALCOHOL_INVOLVED,STWD_VEHTYPE_AT_FAULT,CHP_VEHTYPE_AT_FAULT,COUNT_SEVERE_INJ,COUNT_VISIBLE_INJ,COUNT_COMPLAINT_PAIN,COUNT_PED_KILLED,COUNT_PED_INJURED,COUNT_BICYCLIST_KILLED,COUNT_BICYCLIST_INJURED,COUNT_MC_KILLED,COUNT_MC_INJURED,PRIMARY_RAMP,SECONDARY_RAMP,LATITUDE,LONGITUDE,COUNTY,CITY,POINT_X,POINT_Y
9115606,2020,2020-07-14,4006,2020-05-21,2025,15913,,4,5,4,4006,0,0,0,,0,,HIGUERA,NIPOMO,75.00,E,N,A,-,Y,,,,,,,,,,N,4,0,2,4,A,-,21,22106,,N,C,C,A,A,H,-,C,A,0,,,,,Y,,D,22,0,0,2,0,0,0,0,0,0,"- ","- ",,,"SAN LUIS OBISPO","SAN LUIS OBISPO",-120.66553497314453,35.278255462646484
91158050,2019,2020-01-02,9750,2019-12-26,1200,015716,,4,1,9,4000,0,1,3,,1,065,SR-166,SR-33,0.00,,Y,B,D,Y,,,166,,,,,,,Y,2,0,2,3,A,-,09,21801,A,N,D,C,A,B,H,-,A,D,0,,,,,Y,,A,01,1,1,0,0,0,0,0,0,0,"- ","- ",34.93621826171875,-119.51255798339844,"SAN LUIS OBISPO",UNINCORPORATED,-119.51277923583984,34.936210632324219
91158731,2019,2020-01-03,9745,2019-12-27,0420,019400,,5,3,9,4000,0,1,2,,2,303,"US-101 NORTHBOUND","SAN LUIS BAY DR",5280.00,N,N,A,-,Y,,,101,,,,,,N,Y,4,0,1,2,A,-,03,22350,,N,C,C,A,A,H,-,D,D,0,,,,,Y,,A,01,0,0,1,0,0,0,0,0,0,"- ","- ",35.214969635009766,-120.69657897949219,"SAN LUIS OBISPO",UNINCORPORATED,-120.69641876220703,35.214920043945312
91160624,2020,2020-01-07,9745,2020-01-03,1345,017968,,5,1,2,4005,0,1,2,,2,404,"US-101 N/B","PRICE STREET",1445.00,S,N,A,-,Y,,,101,,,,,,N,N,4,0,1,2,A,-,08,22107,,M,E,I,A,A,H,-,A,D,0,,,,,Y,,-,99,0,0,1,0,0,0,0,0,0,"- ","- ",35.139511108398438,-120.63568878173828,"SAN LUIS OBISPO","PISMO BEACH",-120.63568115234375,35.139541625976562
91162197,2020,2020-01-09,9740,2020-01-06,0935,020057,,1,1,9,4000,0,1,3,,1,014,SR-1,"WEYMOUTH ST",0.00,,Y,A,-,Y,,,1,,,,,,,Y,2,0,2,2,A,-,09,21802,A,N,D,C,A,A,H,-,A,A,0,,,,,Y,,A,08,1,1,0,0,0,0,0,0,0,"- ","- ",35.571498870849609,-121.11003112792969,"SAN LUIS OBISPO",UNINCORPORATED,-121.11000823974609,35.571521759033203
91163215,2020,2020-01-10,9745,2020-01-08,0730,017151,,3,1,9,4000,0,3,5,,2,002,"17TH STREET","EL MORRO AVE",0.00,,Y,A,-,N,,,,,,,,,,N,3,0,1,2,A,-,09,21800,A,F,B,G,A,A,H,-,A,D,0,,Y,,,Y,,A,01,0,1,0,0,0,0,1,0,0,"- ","- ",35.326198577880859,-120.82440185546875,"SAN LUIS OBISPO",UNINCORPORATED,,
91164227,2020,2020-01-13,9745,2020-01-05,1520,017968,,7,2,9,4000,0,3,5,,2,004,"1ST STREET","SAN MIGUEL ST.",100.00,N,N,A,-,N,,,,,,,,,,Y,4,0,1,2,A,-,08,22107,,N,B,C,A,A,H,-,A,D,0,,,,,Y,,A,01,0,0,1,0,0,0,0,0,0,"- ","- ",35.179710388183594,-120.73380279541016,"SAN LUIS OBISPO",UNINCORPORATED,-120.73371887207031,35.179710388183594
91164453,2020,2020-01-13,9740,2020-01-10,2225,016816,,5,3,9,4000,0,3,5,,2,017,"MOSS LANE","REDONDO LANE",200.00,E,N,A,-,N,,,,,,,,,,Y,3,0,1,1,A,-,03,22350,,N,E,I,A,A,H,-,D,D,0,,,,,Y,,A,07,0,1,0,0,0,0,0,0,0,"- ","- ",35.545280456542969,-120.67340087890625,"SAN LUIS OBISPO",UNINCORPORATED,-120.67247009277344,35.545150756835938
91165493,2020,2020-01-14,9745,2020-01-13,0740,019070,,1,1,2,4005,0,1,2,,2,404,"US-101 NORTHBOUND","SPYGLASS DR",5280.00,S,N,A,-,Y,,,101,,,,,,N,Y,4,0,1,2,A,-,03,22350,,N,C,C,A,A,H,-,A,D,0,,,,,Y,,A,01,0,0,1,0,0,0,0,0,0,"- ","- ",35.157791137695312,-120.67128753662109,"SAN LUIS OBISPO","PISMO BEACH",-120.67131042480469,35.157730102539062
91167524,2020,2020-01-17,9745,2020-01-15,2245,017541,,3,3,9,4000,0,1,2,,1,101,"US-101 SOUTHBOUND","TV TOWER RD",10.00,N,N,A,-,Y,,,101,,,,,,S,Y,2,0,1,1,A,-,08,22107,,N,E,I,A,A,H,-,D,D,0,,,,,Y,,D,22,1,0,0,0,0,0,0,0,0,"- ","- ",35.346641540527344,-120.62979888916016,"SAN LUIS OBISPO",UNINCORPORATED,-120.62958526611328,35.346748352050781
91167987,2020,2020-01-20,9740,2020-01-14,1710,017426,,2,2,3,4004,0,1,2,,2,003,"US-101 NORTHBOUND",SR-46W,1000.00,N,N,A,-,Y,,,101,,,,,,N,Y,4,0,1,2,A,-,03,22350,,N,C,C,A,A,H,-,C,D,0,,,,,Y,,A,01,0,0,1,0,0,0,0,0,0,"- ","- ",35.592800140380859,-120.69521331787109,"SAN LUIS OBISPO","PASO ROBLES",-120.69527435302734,35.592800140380859
91168331,2019,2020-01-20,9740,2019-12-13,2305,018069,,5,3,9,4000,0,1,2,,2,002,"US-101 N/B","N. MAIN STREET",5280.00,N,N,A,-,Y,,,101,,,,,,N,Y,1,1,0,2,A,-,01,23152,A,N,C,C,A,A,H,-,C,D,0,,,,,Y,Y,A,07,0,0,0,0,0,0,0,0,0,"- ","- ",35.580440521240234,-120.69650268554688,"SAN LUIS OBISPO",UNINCORPORATED,-120.69670867919922,35.580471038818359
91172789,2020,2020-01-24,9745,2020-01-21,1754,017151,,2,2,9,4000,0,1,3,,1,011,"SR-41 SOUTHBOUND","BEAR RIDGE RD",4224.00,S,N,A,-,Y,,,41,,,,,,S,Y,4,0,1,2,A,-,01,23152,A,N,B,C,A,A,H,-,D,D,0,,,,,Y,Y,D,22,0,0,1,0,0,0,0,0,0,"- ","- ",35.4208984375,-120.79160308837891,"SAN LUIS OBISPO",UNINCORPORATED,-120.79161834716797,35.420917510986328
91174263,2020,2020-01-27,9745,2020-01-21,1220,018454,,2,1,9,4000,0,3,5,,2,004,"NOYES RD",SR-227,650.00,W,N,A,-,N,,,,,,,,,,Y,4,0,1,1,A,-,08,22107,,N,E,I,A,A,H,-,A,D,0,,,,,Y,,A,01,0,0,1,0,0,0,0,0,0,"- ","- ",35.167301177978516,-120.583251953125,"SAN LUIS OBISPO",UNINCORPORATED,-120.58324432373047,35.167346954345703
91177029,2020,2020-01-30,9740,2020-01-15,1115,016154,,3,1,3,4004,0,3,5,,2,021,"BOOKER RD.",SR-46,195.00,S,N,A,-,N,,,,,,,,,,Y,2,0,1,2,A,-,05,21752,A,N,A,C,A,A,H,-,A,D,0,,,Y,,Y,,C,02,1,0,0,0,0,0,0,0,1,"- ","- ",35.564479827880859,-120.74729156494141,"SAN LUIS OBISPO","PASO ROBLES",-120.747314453125,35.564342498779297
91177800,2020,2020-01-31,9745,2020-01-28,0930,014713,,2,1,9,4000,0,1,3,,2,023,"SR-1 NORTHBOUND","HOLLISTER AVE",132.00,S,N,A,-,Y,,,1,,,,,,N,N,4,0,1,2,A,-,03,22350,,N,C,C,A,A,H,-,A,A,0,,,,,Y,,A,01,0,0,1,0,0,0,0,0,0,"- ","- ",35.330978393554688,-120.734619140625,"SAN LUIS OBISPO",UNINCORPORATED,-120.73460388183594,35.331043243408203
91180835,2020,2020-02-05,9745,2020-01-25,1630,019809,,6,2,9,4000,0,3,5,,2,002,"PECHO VALLEY RD","MONARCH LANE",165.00,W,N,A,-,N,,,,,,,,,,N,3,0,1,2,A,-,06,21760,B,N,B,G,A,A,H,-,A,D,0,,Y,,,Y,,A,01,0,1,0,0,0,0,1,0,0,"- ","- ",35.311508178710938,-120.85369873046875,"SAN LUIS OBISPO",UNINCORPORATED,-120.85361480712891,35.311470031738281
91183584,2020,2020-02-24,9740,2020-02-08,1345,019486,,6,1,9,4000,0,3,5,,2,017,"RAMADA DRIVE","MARQUITA AVE",528.00,N,N,A,-,N,,,,,,,,,,Y,4,0,1,2,A,-,09,21801,A,N,A,C,A,A,H,-,A,D,0,,,,,Y,,D,22,0,0,1,0,0,0,0,0,0,"- ","- ",35.578250885009766,-120.69674682617188,"SAN LUIS OBISPO",UNINCORPORATED,-120.697021484375,35.576698303222656
91184486,2020,2020-02-11,9745,2020-02-07,0930,018454,,5,1,9,4000,0,1,3,,1,041,"SR-1 SOUTHBOUND","S. 13TH STREET",400.00,N,N,A,-,Y,,,1,,,,,,S,N,4,0,1,2,A,-,03,22350,,N,C,C,A,A,H,-,A,D,0,,,,,Y,,A,07,0,0,1,0,0,0,0,0,0,"- ","- ",35.102218627929688,-120.61685180664062,"SAN LUIS OBISPO",UNINCORPORATED,-120.61695861816406,35.102066040039062
91184529,2020,2021-07-13,9745,2020-02-07,2005,020689,,5,2,9,4000,0,3,5,,2,004,"HUASNA RD.","BRANCH MILL RD",0.00,,Y,A,-,N,,,,,,,,,,Y,4,0,2,1,A,-,03,22350,,N,E,I,A,A,H,-,D,A,0,,,,,Y,,A,07,0,0,2,0,0,0,0,0,0,"- ","- ",35.134799957275391,-120.54080200195312,"SAN LUIS OBISPO",UNINCORPORATED,-120.54081726074219,35.134990692138672
91184580,2020,2020-02-11,9745,2020-02-04,0755,020168,,2,1,9,4000,0,3,5,,2,005,"POMEROY AVE","APACHE TRL",402.00,N,N,A,-,N,,,,,,,,,,N,3,0,1,2,A,-,03,22350,,F,C,G,A,A,H,-,A,D,0,,Y,,,Y,,D,22,0,1,0,0,0,0,1,0,0,"- ","- ",35.062400817871094,-120.52841186523438,"SAN LUIS OBISPO",UNINCORPORATED,-120.52718353271484,35.061908721923828
91186553,2020,2020-02-20,9750,2020-02-11,1825,017616,,2,2,9,4000,0,1,3,,1,063,SR-166,"CUYAMA RIVER BRIDGE",2323.00,E,N,A,-,Y,,,166,,,,,,,Y,2,0,1,2,A,-,08,22107,,N,B,C,A,A,H,-,D,D,0,,,,Y,Y,,A,07,1,0,0,0,0,0,0,0,0,"- ","- ",35.106449127197266,-120.07462310791016,"SAN LUIS OBISPO",UNINCORPORATED,-120.07460784912109,35.106475830078125
91189025,2020,2020-02-19,9745,2020-02-18,1238,015144,,2,1,9,4000,0,3,5,,2,004,"PASO ROBLES ST","15TH STREET",190.00,E,N,A,-,N,,,,,,,,,,N,3,0,1,2,D,-,00,,,N,B,G,A,A,H,-,A,D,0,,Y,,,Y,,-,"- ",0,1,0,0,0,0,1,0,0,"- ","- ",35.101158142089844,-120.61347961425781,"SAN LUIS OBISPO",UNINCORPORATED,-120.61354827880859,35.101184844970703
91189056,2020,2020-02-19,9745,2020-02-12,0850,017144,,3,1,9,4000,0,2,4,,1,025,"LOS OSOS VALLEY RD","SOUTH BAY BLVD",50.00,E,N,A,-,N,,,,,,,,,,N,4,0,1,2,A,-,03,22350,,N,C,C,A,A,H,-,A,D,0,,,,,Y,,A,01,0,0,1,0,0,0,0,0,0,"- ","- ",35.310089111328125,-120.82520294189453,"SAN LUIS OBISPO",UNINCORPORATED,-120.82527160644531,35.310073852539062
91189163,2020,2020-02-19,9745,2020-02-13,1740,019280,,4,2,9,4000,0,1,2,,2,505,"US-101 NORTHBOUND","LAETITIA VINEYARD DRIVE",0.00,,Y,A,-,Y,,,101,,,,,,N,Y,4,0,3,3,A,-,03,22350,,N,C,C,A,A,H,-,D,D,0,,,,,Y,,A,01,0,0,3,0,0,0,0,0,0,"- ","- ",35.089500427246094,-120.53742980957031,"SAN LUIS OBISPO",UNINCORPORATED,-120.53745269775391,35.089466094970703
91193322,2020,2020-02-25,9745,2020-02-21,1015,020211,,5,1,9,4000,0,3,5,,2,005,"MARY AVENUE","W. TEFFT STREET",70.00,N,N,A,-,N,,,,,,,,,,N,4,0,1,2,A,-,03,22350,,N,C,C,A,A,H,-,A,A,0,,,,,Y,,A,01,0,0,1,0,0,0,0,0,0,"- ","- ",35.035938262939453,-120.48693084716797,"SAN LUIS OBISPO",UNINCORPORATED,-120.48676300048828,35.035896301269531
91194101,2020,2020-02-26,9745,2020-02-21,1611,019280,,5,2,4,4006,0,1,2,,2,202,"US-101 SOUTHBOUND","LOS OSOS VALLEY ROAD",400.00,N,N,A,-,Y,,,,,,,,,,Y,4,0,3,3,A,-,03,22350,,N,C,C,A,A,H,-,A,D,0,,,,,Y,,A,01,0,0,3,0,0,0,0,0,0,"- ","- ",35.144729614257812,-120.40525817871094,"SAN LUIS OBISPO","SAN LUIS OBISPO",-120.68162536621094,35.245819091796875
91194339,2020,2020-02-26,9745,2020-02-20,0730,018454,,4,1,9,4000,0,2,4,,1,051,"LOS BERROS RD","EAST EL CAMPO RD",5.00,N,N,A,-,N,,,,,,,,,,Y,4,0,1,2,A,-,08,22107,,N,B,C,A,A,H,-,A,D,0,,,,,Y,,A,07,0,0,1,0,0,0,0,0,0,"- ","- ",35.093181610107422,-120.56259155273438,"SAN LUIS OBISPO",UNINCORPORATED,-120.56281280517578,35.093330383300781
91195082,2020,2020-02-27,9740,2020-02-18,0245,013984,,2,3,9,4000,0,3,5,,2,019,"ESTRELLA ROAD","JARDINE RD",1584.00,E,N,A,-,N,,,,,,,,,,Y,2,0,1,1,A,-,01,23152,A,N,E,I,A,A,H,-,D,D,0,,,,,Y,Y,A,01,1,0,0,0,0,0,0,0,0,"- ","- ",35.700920104980469,-120.598876953125,"SAN LUIS OBISPO",UNINCORPORATED,-120.59828186035156,35.700668334960938
91200198,2020,2020-03-02,9740,2020-02-25,1125,019259,,2,1,9,4000,0,1,3,,1,015,SR-1,"COUNTY LINE ROAD",200.00,S,N,A,-,Y,,,1,,,,,,,N,3,0,1,1,A,-,08,22107,,N,F,A,A,A,H,-,A,A,0,,,Y,,Y,,C,02,0,1,0,0,0,0,0,0,1,"- ","- ",35.794841766357422,-121.34471893310547,"SAN LUIS OBISPO",UNINCORPORATED,-121.3447265625,35.7947998046875
9120161,2020,2020-10-02,4008,2020-06-05,1236,3125,,5,5,4,4008,0,0,0,,0,,"MORRO RD","CURBARIL AV",140.00,E,N,B,-,Y,SLO,5,41,-,-,15.140,H,-,N,Y,4,0,1,3,A,-,03,22350,,N,C,C,A,A,D,-,A,A,0,,,,,Y,,D,22,0,0,1,0,0,0,0,0,0,"- ","- ",35.474220275878906,-120.66832733154297,"SAN LUIS OBISPO",ATASCADERO,-120.66822814941406,35.474514007568359
9120165,2020,2020-10-02,4004,2020-06-18,1217,1208,,4,5,3,4004,0,0,0,,0,,"RAMADA DR","RT 46",0.00,,Y,A,-,Y,SLO,5,101,-,-,53.980,R,-,N,N,2,0,1,2,A,-,08,22107,,N,H,G,A,-,H,-,A,D,0,,Y,,Y,Y,,F,27,1,0,0,0,0,0,1,0,0,"- ","- ",35.589099884033203,-120.69583892822266,"SAN LUIS OBISPO","PASO ROBLES",-120.69573211669922,35.587352752685547
91202286,2020,2020-03-05,9745,2020-02-24,1930,019280,,1,2,9,4000,0,3,5,,2,005,"DIVISION STREET","HAZEL LANE",0.00,,Y,A,-,N,,,,,,,,,,Y,2,0,2,1,A,-,08,22107,,N,F,A,A,A,H,-,C,D,0,,,,,Y,,A,07,1,1,0,0,0,0,0,0,0,"- ","- ",35.020809173583984,-120.48947906494141,"SAN LUIS OBISPO",UNINCORPORATED,-120.48944091796875,35.020759582519531
91204326,2020,2020-03-09,9745,2020-02-28,1409,019280,,5,2,9,4000,0,3,5,,2,005,"POMEROY ROAD","ROCKY PLACE",560.00,N,N,A,-,N,,,,,,,,,,Y,4,0,1,1,A,-,01,23152,A,N,E,I,A,A,H,-,D,A,0,,,,,Y,Y,D,22,0,0,1,0,0,0,0,0,0,"- ","- ",35.072418212890625,-120.54051971435547,"SAN LUIS OBISPO",UNINCORPORATED,-120.54054260253906,35.072181701660156
91204593,2020,2020-03-09,9740,2020-03-01,0138,017952,,7,3,4,4008,0,1,2,,2,001,"US-101 SOUTHBOUND",SR-41,980.00,S,N,A,-,Y,,,101,,,,,,S,Y,3,0,3,2,A,-,01,23152,A,N,A,C,A,A,H,-,D,D,0,,,,,Y,Y,A,07,0,1,2,0,0,0,0,0,0,"- ","- ",35.483100891113281,-120.66219329833984,"SAN LUIS OBISPO",ATASCADERO,-120.66216278076172,35.483123779296875
91204618,2020,2020-03-25,9740,2020-03-02,2326,019700,,1,3,9,4000,0,1,3,,1,014,SR-1,"MONTE CRISTO PLACE",330.00,S,N,A,-,Y,,,1,,,,,,,Y,3,0,2,1,A,-,08,22107,,N,E,I,A,A,H,-,D,D,0,,,,,Y,,A,07,0,2,0,0,0,0,0,0,0,"- ","- ",35.536609649658203,-121.05283355712891,"SAN LUIS OBISPO",UNINCORPORATED,-121.05284118652344,35.536598205566406
91204706,2020,2020-03-09,9745,2020-03-08,1250,020211,,7,1,9,4000,0,2,4,,1,053,"POMEROY RD.","JUNIPER ST.",0.00,,Y,A,-,N,,,,,,,,,,Y,4,0,2,2,A,-,09,21802,A,N,D,C,A,A,H,-,A,A,0,,,,,Y,,A,01,0,0,2,0,0,0,0,0,0,"- ","- ",35.033309936523438,-120.49894714355469,"SAN LUIS OBISPO",UNINCORPORATED,-120.49894714355469,35.033290863037109
91205197,2020,2020-03-10,9745,2020-03-03,1129,017541,,2,1,2,4005,0,1,2,,2,404,"US-101 NORTHBOUND","PRICE ST UNDERCROSSING",1000.00,S,N,A,-,Y,,,101,,,,,,N,Y,3,0,3,3,A,-,03,22350,,N,C,C,A,A,H,-,A,D,0,,,,,Y,,A,07,0,1,2,0,0,0,0,0,0,"- ","- ",35.138648986816406,-120.63229370117188,"SAN LUIS OBISPO","PISMO BEACH",-120.63227844238281,35.138687133789062
91206163,2020,2020-03-18,9745,2020-02-29,1712,018253,,6,2,9,4000,0,1,3,,1,011,"STATE ROUTE 41","TORO CREEK ROAD",3696.00,S,N,A,-,Y,,,41,,,,,,,Y,4,0,1,1,A,-,08,22107,,N,E,I,A,A,H,-,A,D,0,,,,,Y,,D,22,0,0,1,0,0,0,0,0,0,"- ","- ",35.447780609130859,-120.75218200683594,"SAN LUIS OBISPO",UNINCORPORATED,-120.75222015380859,35.447784423828125
91207390,2020,2020-03-20,9740,2020-03-09,1645,016849,,1,2,9,4000,0,1,3,,2,011,"SR-46 WEST","NORTH GREEN VALLEY ROAD",1690.00,E,N,B,-,Y,,,46,,,,,,,Y,3,0,1,2,A,-,05,21460,C,N,D,C,A,A,H,-,A,D,0,,,,,Y,,A,08,0,1,0,0,0,0,0,0,0,"- ","- ",35.540401458740234,-121.00514221191406,"SAN LUIS OBISPO",UNINCORPORATED,-121.005126953125,35.540462493896484
91210838,2020,2020-03-18,9750,2020-03-15,1503,015916,,7,2,9,4000,0,1,3,,1,063,"SR-166 (IRVINE & STOVALL MEM HWY)","CHIMINEAS RANCH RD",5808.00,E,N,B,-,Y,,,166,,,,,,,Y,3,0,1,1,A,-,08,22107,,N,F,A,A,B,H,-,A,D,0,,,,,Y,,A,07,0,1,0,0,0,0,0,0,0,"- ","- ",35.064128875732422,-119.97663879394531,"SAN LUIS OBISPO",UNINCORPORATED,-119.97662353515625,35.064182281494141
91211195,2020,2020-03-18,9745,2020-03-06,1613,017968,,5,2,9,4000,0,1,3,,2,023,"SR-1 SOUTHBOUND","HIGHLAND DRIVE",200.00,N,N,A,-,Y,,,1,,,,,,S,Y,4,0,2,3,A,-,03,22350,,N,C,C,A,A,H,-,A,D,0,,,,,Y,,A,01,0,0,2,0,0,0,0,0,0,"- ","- ",35.298881530761719,-120.67446136474609,"SAN LUIS OBISPO",UNINCORPORATED,-120.67445373535156,35.298881530761719
91211848,2020,2020-03-19,9750,2020-03-16,0858,016469,,1,1,9,4000,0,1,2,,2,111,"US-101 N/B",BROADWAY,1584.00,N,N,B,C,Y,,,101,,,,,,N,N,4,0,1,1,A,-,03,22350,,N,E,I,A,B,H,-,A,D,0,,,,,Y,,A,07,0,0,1,0,0,0,0,0,0,"- ","- ",34.985359191894531,-120.43289184570312,"SAN LUIS OBISPO",UNINCORPORATED,-120.43290710449219,34.985355377197266
91214004,2020,2020-03-23,9745,2020-03-13,1447,017968,,5,2,9,4000,0,1,2,,2,303,"US-101 S/B","SAN LUIS BAY DR",1600.00,N,N,B,-,Y,,,101,,,,,,S,Y,2,0,3,1,A,-,08,22107,,N,F,A,A,A,H,-,A,D,0,,,,,Y,,D,22,1,2,0,0,0,0,0,0,0,"- ","- ",35.200191497802734,-120.69786834716797,"SAN LUIS OBISPO",UNINCORPORATED,-120.69804382324219,35.20025634765625
91214619,2020,2020-03-24,9745,2020-03-16,0029,019070,,1,3,9,4000,0,2,4,,1,048,"AVILA BEACH DRIVE","ONTARIO ROAD",1056.00,W,N,C,-,N,,,,,,,,,,N,2,0,1,2,A,-,11,21956,,N,G,B,E,B,H,-,D,D,0,Y,,,,Y,Y,N,60,1,0,0,0,1,0,0,0,0,"- ","- ",35.182838439941406,-120.70777893066406,"SAN LUIS OBISPO",UNINCORPORATED,-120.70711517333984,35.182449340820312
91215414,2020,2020-03-25,9745,2020-03-23,1808,017857,,1,2,9,4000,0,2,4,,1,025,"LOS OSOS VALLEY ROAD","BUCKSKIN DRIVE",0.00,,Y,A,-,N,,,,,,,,,,Y,2,0,3,2,A,-,01,23152,F,N,A,C,A,A,H,-,A,D,0,,,,,Y,,D,22,3,0,0,0,0,0,0,0,0,"- ","- ",35.307899475097656,-120.81890106201172,"SAN LUIS OBISPO",UNINCORPORATED,-120.81890106201172,35.307838439941406
91220599,2020,2020-04-06,9745,2020-04-01,1620,017151,,3,2,9,4000,0,3,5,,2,002,"LOS OLIVOS AVE","10TH STREET",0.00,,Y,A,-,N,,,,,,,,,,N,4,0,1,3,A,-,09,21802,A,N,D,C,A,A,H,-,A,A,0,,,,,Y,,A,01,0,0,1,0,0,0,0,0,0,"- ","- ",35.313201904296875,-120.83219909667969,"SAN LUIS OBISPO",UNINCORPORATED,-120.83222198486328,35.31317138671875
91220615,2020,2020-04-06,9745,2020-04-01,1732,020773,,3,2,9,4000,0,1,2,,2,505,"US-101 SOUTHBOUND","TEFFT STREET",1000.00,S,N,A,-,Y,,,101,,,,,,S,Y,4,0,1,4,A,-,03,22350,,N,C,C,A,A,H,-,A,D,0,,,,,Y,,A,07,0,0,1,0,0,0,0,0,0,"- ","- ",35.028770446777344,-120.47596740722656,"SAN LUIS OBISPO",UNINCORPORATED,-120.47599792480469,35.028739929199219
91220834,2020,2020-04-06,9745,2020-04-03,2207,017144,,5,3,9,4000,0,3,5,,2,005,"DIVISION STREET","RT 1",4752.00,E,N,A,-,N,,,,,,,,,,Y,3,0,1,1,A,-,01,23152,A,N,E,I,A,A,H,-,D,D,0,,,,,Y,Y,A,07,0,1,0,0,0,0,0,0,0,"- ","- ",34.990959167480469,-120.55429077148438,"SAN LUIS OBISPO",UNINCORPORATED,-120.55467224121094,34.991058349609375
91222500,2020,2020-04-07,9745,2020-04-06,1015,020029,,1,1,9,4000,0,1,2,,2,505,"US-101 NORTHBOUND","LAETICIA VINEYARD DRIVE",2000.00,N,N,C,-,Y,,,101,,,,,,N,Y,4,0,2,1,A,-,03,22350,,N,E,I,A,B,H,-,A,D,0,,,,,Y,,D,22,0,0,2,0,0,0,0,0,0,"- ","- ",35.092941284179688,-120.54219055175781,"SAN LUIS OBISPO",UNINCORPORATED,-120.54228973388672,35.09283447265625
91224924,2020,2020-04-13,9740,2020-04-03,1250,017498,,5,1,9,4000,0,3,5,,2,017,"TEMPLETON RD",SR-41,1584.00,N,N,A,-,N,,,,,,,,,,Y,4,0,1,1,A,-,08,22107,,N,E,I,A,A,H,-,A,D,0,,,,,Y,,D,22,0,0,1,0,0,0,0,0,0,"- ","- ",35.507350921630859,-120.65483856201172,"SAN LUIS OBISPO",UNINCORPORATED,-120.65524291992188,35.507972717285156
91225568,2020,2020-04-14,9740,2020-04-09,0733,016154,,4,1,9,4000,0,1,3,,1,009,"SR-46 W/B","WHITE RD.",50.00,E,N,C,-,Y,,,46,,,,,,W,Y,3,0,1,2,A,-,08,22107,,N,B,C,A,B,H,-,A,D,0,,,,Y,Y,,F,55,0,1,0,0,0,0,0,0,0,"- ","- ",35.689220428466797,-120.33541107177734,"SAN LUIS OBISPO",UNINCORPORATED,-120.33539581298828,35.689208984375
91226482,2020,2020-04-16,9745,2020-04-06,0820,016773,,1,1,2,4005,0,1,2,,2,404,"N/B US-101 FROM PRICE ST.","OCEAN VIEW AVE",255.00,S,N,C,-,Y,,,101,,,,R,,,Y,3,0,1,1,A,-,08,22107,,N,E,I,A,B,H,-,A,D,0,,,,,Y,,D,22,0,1,0,0,0,0,0,0,0,"- ","- ",35.139480590820312,-120.63686370849609,"SAN LUIS OBISPO","PISMO BEACH",-120.63686370849609,35.139480590820312
91227551,2020,2020-04-20,9745,2020-04-18,1620,020773,,6,2,2,4005,0,1,2,,2,404,"US-101 SOUTHBOUND","SPYGLASS DR",2640.00,N,N,A,-,Y,,,101,,,,,,S,N,4,0,1,1,A,-,08,22107,,N,F,A,A,A,H,-,A,D,0,,,Y,,Y,,C,02,0,0,1,0,0,0,0,0,1,"- ","- ",35.169879913330078,-120.69258117675781,"SAN LUIS OBISPO","PISMO BEACH",-120.69258880615234,35.169872283935547