CASE_ID,ACCIDENT_YEAR,PROC_DATE,JURIS,COLLISION_DATE,COLLISION_TIME,OFFICER_ID,REPORTING_DISTRICT,DAY_OF_WEEK,CHP_SHIFT,POPULATION,CNTY_CITY_LOC,SPECIAL_COND,BEAT_TYPE,CHP_BEAT_TYPE,CITY_DIVISION_LAPD,CHP_BEAT_CLASS,BEAT_NUMBER,PRIMARY_RD,SECONDARY_RD,DISTANCE,DIRECTION,INTERSECTION,WEATHER_1,WEATHER_2,STATE_HWY_IND,CALTRANS_COUNTY,CALTRANS_DISTRICT,STATE_ROUTE,ROUTE_SUFFIX,POSTMILE_PREFIX,POSTMILE,LOCATION_TYPE,RAMP_INTERSECTION,SIDE_OF_HWY,TOW_AWAY,COLLISION_SEVERITY,NUMBER_KILLED,NUMBER_INJURED,PARTY_COUNT,PRIMARY_COLL_FACTOR,PCF_CODE_OF_VIOL,PCF_VIOL_CATEGORY,PCF_VIOLATION,PCF_VIOL_SUBSECTION,HIT_AND_RUN,TYPE_OF_COLLISION,MVIW,PED_ACTION,ROAD_SURFACE,ROAD_COND_1,ROAD_COND_2,LIGHTING,CONTROL_DEVICE,CHP_ROAD_TYPE,PEDESTRIAN_ACCIDENT,BICYCLE_ACCIDENT,MOTORCYCLE_ACCIDENT,TRUCK_ACCIDENT,NOT_PRIVATE_PROPERTY,ALCOHOL_INVOLVED,STWD_VEHTYPE_AT_FAULT,CHP_VEHTYPE_AT_FAULT,COUNT_SEVERE_INJ,COUNT_VISIBLE_INJ,COUNT_COMPLAINT_PAIN,COUNT_PED_KILLED,COUNT_PED_INJURED,COUNT_BICYCLIST_KILLED,COUNT_BICYCLIST_INJURED,COUNT_MC_KILLED,COUNT_MC_INJURED,PRIMARY_RAMP,SECONDARY_RAMP,LATITUDE,LONGITUDE,COUNTY,CITY,POINT_X,POINT_Y
91228651,2020,2020-04-22,9740,2020-04-16,1810,019700,,4,2,9,4000,0,3,5,,2,017,"PARKHILL ROAD","STAGECOACH CANYON",528.00,E,N,A,-,N,,,,,,,,,,Y,3,0,1,1,A,-,08,22107,,N,E,I,A,A,H,-,A,D,0,,,,,Y,,D,22,0,1,0,0,0,0,0,0,0,"- ","- ",35.3880615234375,-120.47460174560547,"SAN LUIS OBISPO",UNINCORPORATED,-120.47459411621094,35.388114929199219
91229569,2020,2020-04-27,9745,2020-04-19,2034,017817,,7,2,9,4000,0,1,2,,2,303,"US-101 S/B","SAN LUIS BAY DR.",850.00,S,N,A,-,Y,,,101,,,,,,S,Y,4,0,1,2,A,-,07,21658,A,N,B,C,A,A,H,-,D,D,0,,,,,Y,,E,22,0,0,1,0,0,0,0,0,0,"- ","- ",35.189739227294922,-120.70111846923828,"SAN LUIS OBISPO",UNINCORPORATED,-120.70114135742188,35.189743041992188
91230683,2020,2020-04-29,9740,2020-04-18,0100,019259,,6,3,9,4000,0,3,5,,2,019,"JARDINE ROAD","SR-46 W/B",180.00,N,N,A,-,N,,,,,,,,,,Y,3,0,1,1,A,-,08,22107,,M,E,I,A,A,H,-,C,D,0,,,,,Y,Y,A,01,0,1,0,0,0,0,0,0,0,"- ","- ",35.659759521484375,-120.60334014892578,"SAN LUIS OBISPO",UNINCORPORATED,-120.60276031494141,35.659763336181641
91231281,2020,2020-04-30,9740,2020-04-20,1030,015675,,1,1,9,4000,0,3,5,,2,021,"LAS TABLAS RD","HEATHER CT",30.00,E,N,B,-,N,,,,,,,,,,N,4,0,1,3,A,-,03,22350,,N,G,C,A,A,H,-,A,D,0,,,,,Y,,A,01,0,0,1,0,0,0,0,0,0,"- ","- ",35.554389953613281,-120.71733093261719,"SAN LUIS OBISPO",UNINCORPORATED,-120.71752166748047,35.554401397705078
91232982,2020,2020-05-04,9745,2020-05-02,1212,017541,,6,1,2,4005,0,1,2,,2,404,"NORTHBOUND US 101 FROM SPYGLASS","SPYGLASS DR.",190.00,N,N,A,-,Y,,,,,,,,,,Y,3,0,1,1,C,-,18,,,N,E,I,A,A,H,-,A,D,0,,,,,Y,,-,"- ",0,1,0,0,0,0,0,0,0,"- ","- ",35.164741516113281,-120.68753051757812,"SAN LUIS OBISPO","PISMO BEACH",-120.68775177001953,35.1644287109375
91233062,2020,2020-05-04,9740,2020-04-27,2045,020057,,1,2,9,4000,0,1,2,,2,004,"US-101 N/B","A ST.",6336.00,S,N,A,-,Y,,,101,,,,,,N,Y,3,0,1,1,A,-,08,22107,,N,E,J,A,A,H,-,D,D,0,,,,,Y,,D,22,0,1,0,0,0,0,0,0,0,"- ","- ",35.784061431884766,-120.72595977783203,"SAN LUIS OBISPO",UNINCORPORATED,-120.72605133056641,35.783992767333984
91233298,2020,2020-05-04,9745,2020-04-28,1520,020689,,2,2,9,4000,0,2,4,,1,053,"POMEROY RD","ADEN WAY",2640.00,S,N,A,-,N,,,,,,,,,,Y,4,0,1,2,A,-,03,22350,,N,C,C,A,A,H,-,A,D,0,,,Y,,Y,,C,02,0,0,1,0,0,0,0,0,1,"- ","- ",35.058700561523438,-120.52780151367188,"SAN LUIS OBISPO",UNINCORPORATED,-120.52767944335938,35.054630279541016
91233392,2020,2020-05-04,9740,2020-05-01,2020,020302,,5,2,4,4008,0,1,2,,2,002,"US-101 NORTHBOUND","SAN ANSELMO RD",10.00,N,N,A,-,Y,,,101,,,,,,N,N,4,0,1,1,C,-,18,,,N,E,H,A,A,H,-,D,D,0,,,,,Y,,-,"- ",0,0,1,0,0,0,0,0,0,"- ","- ",35.497188568115234,-120.68308258056641,"SAN LUIS OBISPO",ATASCADERO,-120.68308258056641,35.497188568115234
9123511,2020,2020-09-14,4006,2020-06-18,2030,90046,,4,5,4,4006,0,0,0,,0,,"PACIFIC ST","BROAD ST",0.00,,Y,A,-,N,,,,,,,,,,N,4,0,2,2,A,-,12,21453,A,M,D,D,A,A,H,-,C,A,0,,,,,Y,,D,22,0,0,2,0,0,0,0,0,0,"- ","- ",35.277000427246094,-120.66300201416016,"SAN LUIS OBISPO","SAN LUIS OBISPO",-120.66316986083984,35.277408599853516
91235892,2020,2020-05-11,9740,2020-05-02,1115,017426,,6,1,9,4000,0,3,5,,2,024,"SANTA ROSA CREEK RD",SR-46W,1500.00,N,N,A,-,N,,,,,,,,,,N,4,0,1,1,A,-,08,22107,,N,E,I,A,A,H,-,A,D,0,,,Y,,Y,,C,02,0,0,1,0,0,0,0,0,1,"- ","- ",35.537059783935547,-120.86270141601562,"SAN LUIS OBISPO",UNINCORPORATED,-120.86216735839844,35.537174224853516
91236600,2020,2020-05-12,9740,2020-05-09,1930,020302,,6,2,9,4000,0,1,3,,2,005,SR-58,"CAMATTA CREEK RD",1056.00,W,N,A,-,Y,,,58,,,,,,,Y,4,0,1,2,A,-,03,22350,,N,C,C,A,A,H,-,A,D,0,,,,,Y,,A,01,0,0,1,0,0,0,0,0,0,"- ","- ",35.430919647216797,-120.29218292236328,"SAN LUIS OBISPO",UNINCORPORATED,-120.29216003417969,35.43096923828125
91236833,2020,2020-05-12,9745,2020-05-05,1530,020689,,2,2,9,4000,0,3,5,,2,004,"WILMAR AVE","24TH STREET",230.00,E,N,A,-,N,,,,,,,,,,N,3,0,1,2,A,-,08,22107,,N,B,G,A,A,H,-,A,D,0,,Y,,,Y,,L,04,0,1,0,0,0,0,1,0,0,"- ","- ",35.104198455810547,-120.60469818115234,"SAN LUIS OBISPO",UNINCORPORATED,-120.60317230224609,35.104255676269531
91237209,2020,2020-05-13,9745,2020-05-10,0442,020029,,7,3,9,4000,0,1,2,,1,101,"US-101 N/B","MARSH ST",500.00,S,N,A,-,Y,,,101,,,,,,N,Y,3,0,1,1,A,-,01,23152,A,M,E,I,A,A,H,-,C,D,0,,,,,Y,Y,A,07,0,1,0,0,0,0,0,0,0,"- ","- ",35.271289825439453,-120.67227172851562,"SAN LUIS OBISPO",UNINCORPORATED,-120.67234039306641,35.271312713623047
9123754,2020,2020-09-09,4006,2020-06-20,2209,77891,,6,5,4,4006,0,0,0,,0,,JOHNSON,BUCHON,0.00,,Y,A,-,N,,,,,,,,,,N,4,0,1,2,A,-,09,21802,A,N,D,G,A,A,H,-,-,A,0,,Y,,,Y,,A,01,0,0,1,0,0,0,1,0,0,"- ","- ",35.295169830322266,-120.66142272949219,"SAN LUIS OBISPO","SAN LUIS OBISPO",-120.65373992919922,35.280788421630859
91238252,2020,2020-05-15,9740,2020-05-10,1600,020302,,7,2,9,4000,0,3,5,,2,017,"SOUTH EL POMAR RD","EL POMAR DR",2112.00,S,N,A,-,N,,,,,,,,,,N,2,0,1,1,A,-,03,22350,,N,F,A,A,A,H,-,A,D,0,,,Y,,Y,,C,02,1,0,0,0,0,0,0,0,1,"- ","- ",35.547878265380859,-120.60944366455078,"SAN LUIS OBISPO",UNINCORPORATED,-120.60942077636719,35.547336578369141
91238550,2020,2020-05-18,9740,2020-05-15,0555,019800,,5,3,9,4000,0,1,3,,2,005,SR-58,SR-229,3168.00,E,N,A,-,Y,,,58,,,,,,,Y,4,0,1,1,A,-,08,22107,,N,F,A,A,A,H,-,A,D,0,,,,,Y,,A,01,0,0,1,0,0,0,0,0,0,"- ","- ",35.428970336914062,-120.53811645507812,"SAN LUIS OBISPO",UNINCORPORATED,-120.53813171386719,35.428977966308594
9123889,2020,2020-09-04,4002,2020-06-21,1920,011,,7,5,3,4002,0,0,0,,0,,"N 16TH ST","RAMONA AV",0.00,,Y,A,-,N,,,,,,,,,,N,3,0,1,2,A,-,12,22450,A,N,D,D,A,A,H,-,A,D,0,,,,,Y,,A,01,0,1,0,0,0,0,0,0,0,"- ","- ",,,"SAN LUIS OBISPO","GROVER BEACH",-120.61152648925781,35.122138977050781
91238920,2020,2020-05-18,9740,2020-05-09,2500,019486,,6,4,9,4000,0,3,5,,2,016,"LAS PILITAS RD","W POZO ROAD",5808.00,E,N,A,-,N,,,,,,,,,,Y,3,0,1,1,A,-,01,23152,A,N,E,I,A,A,H,-,A,D,0,,,,,Y,Y,D,22,0,1,0,0,0,0,0,0,0,"- ","- ",35.347969055175781,-120.52088165283203,"SAN LUIS OBISPO",UNINCORPORATED,-120.52131652832031,35.347858428955078
91240052,2020,2020-05-20,9740,2020-05-19,1550,017498,,2,2,9,4000,0,1,3,,1,014,SR-1,"VISTA DEL MAR AVE",6336.00,S,N,A,-,Y,,,,,,,,,,N,3,0,1,1,A,-,17,21200,,N,F,A,A,A,H,-,A,D,0,,Y,,,Y,Y,L,04,0,1,0,0,0,0,1,0,0,"- ","- ",35.605808258056641,-121.13346099853516,"SAN LUIS OBISPO",UNINCORPORATED,-121.12684631347656,35.597938537597656
91240188,2020,2020-05-20,9740,2020-05-13,1808,019259,,3,2,9,4000,0,3,5,,2,017,"OLD COUNTY ROAD","LAS TABLAS RD",0.00,,Y,A,-,N,,,,,,,,,,Y,2,0,1,2,A,-,01,23152,A,N,D,C,A,A,H,-,A,A,0,,,Y,,Y,Y,A,01,1,0,0,0,0,0,0,0,1,"- ","- ",35.553268432617188,-120.70350646972656,"SAN LUIS OBISPO",UNINCORPORATED,-120.70352172851562,35.553249359130859
91242148,2020,2020-05-26,9745,2020-05-14,2355,015144,,4,3,9,4000,0,1,3,,1,021,SR-1,"VILLA CREEK RD",2112.00,N,N,A,-,Y,,,1,,,,,,,Y,4,0,2,1,C,-,18,,,N,H,H,A,A,H,-,D,D,0,,,,,Y,,-,"- ",0,0,2,0,0,0,0,0,0,"- ","- ",35.473171234130859,-120.98549652099609,"SAN LUIS OBISPO",UNINCORPORATED,-120.98548889160156,35.473213195800781
91243319,2020,2020-05-27,9745,2020-05-18,1822,017817,,1,2,2,4003,0,1,3,,1,021,SR-1,"YERBA BUENA AVE.",0.00,,Y,A,-,Y,,,1,,,,,,,Y,2,0,1,2,A,-,12,21453,A,N,D,C,A,A,H,-,A,A,0,,,,,Y,,A,01,1,0,0,0,0,0,0,0,0,"- ","- ",35.404331207275391,-120.86769104003906,"SAN LUIS OBISPO","MORRO BAY",-120.86772918701172,35.404289245605469
91243557,2020,2020-05-28,9745,2020-05-25,0930,014713,,1,1,9,4000,0,2,4,,1,042,"ORCUTT ROAD","MORRETTI CANYON RD",5280.00,S,N,A,-,N,,,,,,,,,,N,3,0,1,1,D,-,00,,,N,F,A,A,A,H,-,A,D,0,,Y,,,Y,,-,"- ",0,1,0,0,0,0,1,0,0,"- ","- ",35.201278686523438,-120.57293701171875,"SAN LUIS OBISPO",UNINCORPORATED,-120.57497406005859,35.202266693115234
91243875,2020,2020-05-28,9745,2020-05-24,1345,020168,,7,1,9,4000,0,2,4,,1,052,"THOMPSON RD","HANS PLACE",0.00,,Y,A,-,N,,,,,,,,,,Y,4,0,1,2,A,-,09,21804,A,N,D,C,A,A,H,-,A,A,0,,,,,Y,,A,07,0,0,1,0,0,0,0,0,0,"- ","- ",35.055370330810547,-120.48953247070312,"SAN LUIS OBISPO",UNINCORPORATED,-120.48960876464844,35.055389404296875
9124521,2020,2020-09-02,4008,2020-06-15,1550,3153,,1,5,4,4008,0,0,0,,0,,"EL CAMINO REAL","EL BORDO AV",200.00,N,N,A,-,N,,,,,,,,,,N,3,0,1,2,A,-,09,21804,A,N,H,G,A,A,H,-,A,D,0,,Y,,,Y,,A,01,0,1,0,0,0,0,1,0,0,"- ","- ",35.464038848876953,-120.64681243896484,"SAN LUIS OBISPO",ATASCADERO,-120.64726257324219,35.464427947998047
91247102,2020,2020-06-10,9740,2020-05-29,1515,019486,,5,2,9,4000,0,3,5,,2,017,"EL CAMINO REAL","ASUNCION RD",0.00,,Y,B,-,N,,,,,,,,,,Y,2,0,1,2,A,-,03,22350,,N,C,C,A,A,H,-,A,D,0,,,,,Y,,D,22,1,0,0,0,0,0,0,0,0,"- ","- ",35.428470611572266,-120.60562133789062,"SAN LUIS OBISPO",UNINCORPORATED,-120.60549926757812,35.428478240966797
91247480,2020,2020-06-04,9745,2020-05-28,1613,017817,,4,2,9,4000,0,1,3,,1,032,SR-227,"BIDDLE RANCH RD.",0.00,,Y,A,-,Y,,,227,,,,,,,Y,4,0,1,2,A,-,09,21802,A,N,D,C,A,A,H,-,A,A,0,,,,,Y,,A,01,0,0,1,0,0,0,0,0,0,"- ","- ",35.215038299560547,-120.61630249023438,"SAN LUIS OBISPO",UNINCORPORATED,-120.61638641357422,35.215030670166016
91247565,2020,2020-06-04,9745,2020-05-26,1830,020226,,2,2,9,4000,0,3,5,,2,005,"N THOMPSON AVENUE","SHEEHY ROAD",100.00,S,N,A,-,N,,,,,,,,,,Y,3,0,1,1,A,-,01,23152,A,N,F,A,A,A,H,-,A,D,0,,,,,Y,Y,A,01,0,1,0,0,0,0,0,0,0,"- ","- ",35.070041656494141,-120.50708770751953,"SAN LUIS OBISPO",UNINCORPORATED,-120.50715637207031,35.070068359375
91247900,2020,2020-06-05,9745,2020-05-29,0454,015144,,5,3,9,4000,0,1,3,,1,045,SR-1,"OSO FLACO LAKE RD",0.00,,Y,B,-,Y,,,1,,,,,,,Y,3,0,2,2,A,-,09,21801,A,N,A,C,A,A,H,-,D,D,0,,,,,Y,,A,07,0,2,0,0,0,0,0,0,0,"- ","- ",35.010761260986328,-120.56758117675781,"SAN LUIS OBISPO",UNINCORPORATED,-120.56759643554688,35.010768890380859
91250196,2020,2020-06-10,9740,2020-06-07,1830,020057,,7,2,9,4000,0,3,5,,2,019,"L ST.","10TH ST.",0.00,,Y,A,-,N,,,,,,,,,,Y,2,0,3,2,A,-,01,23152,A,N,D,C,A,A,H,-,A,A,0,,,,,Y,Y,A,01,1,1,1,0,0,0,0,0,0,"- ","- ",35.74774169921875,-120.69837951660156,"SAN LUIS OBISPO",UNINCORPORATED,-120.69828796386719,35.747730255126953
91252696,2020,2020-06-16,9740,2020-06-05,0445,019700,,5,3,3,4004,0,1,2,,2,003,"US-101 SOUTHBOUND","NIBLICK RD",1056.00,N,N,B,-,Y,,,101,,,,,,S,Y,3,0,1,1,A,-,08,22107,,N,E,I,A,A,H,-,D,A,0,,,,Y,Y,,G,25,0,1,0,0,0,0,0,0,0,"- ","- ",35.617721557617188,-120.68726348876953,"SAN LUIS OBISPO","PASO ROBLES",-120.68714904785156,35.617645263671875
91252800,2020,2020-06-16,9740,2020-06-07,0010,020057,,7,3,9,4000,0,3,5,,2,017,"RAMADA DR.","MARQUITA AVE.",87.00,N,N,A,-,N,,,,,,,,,,Y,4,0,1,1,A,-,01,23152,A,N,E,I,A,A,H,-,C,D,0,,,,,Y,Y,A,01,0,0,1,0,0,0,0,0,0,"- ","- ",35.575630187988281,-120.69725036621094,"SAN LUIS OBISPO",UNINCORPORATED,-120.69719696044922,35.575496673583984
91253090,2020,2020-06-17,9745,2020-06-11,1945,020689,,4,2,9,4000,0,3,5,,2,005,"JUPITER DR","PLUTO ST",50.00,W,N,A,-,N,,,,,,,,,,Y,4,0,1,2,A,-,08,22107,,N,C,E,A,A,H,-,A,D,0,,,,,Y,,A,01,0,0,1,0,0,0,0,0,0,"- ","- ",35.020801544189453,-120.49510192871094,"SAN LUIS OBISPO",UNINCORPORATED,-120.49472045898438,35.020671844482422
91253900,2020,2020-06-18,9740,2020-06-12,2140,018069,,5,2,9,4000,0,1,3,,2,008,SR-46,"CHOLAME VALLEY ROAD",20.00,E,N,A,-,Y,,,46,,,,,,,Y,3,0,1,2,A,-,09,21802,A,N,B,C,A,A,H,-,D,A,0,,,,Y,Y,,A,01,0,1,0,0,0,0,0,0,0,"- ","- ",35.734031677246094,-120.28659057617188,"SAN LUIS OBISPO",UNINCORPORATED,-120.28660583496094,35.734100341796875
91254002,2020,2020-06-18,9745,2020-06-17,1715,020689,,3,2,9,4000,0,1,2,,2,303,"US-101 SOUTHBOUND","AVILA BEACH DRIVE",300.00,S,N,A,-,Y,,,101,,,,,,S,Y,4,0,2,2,A,-,03,22350,,N,C,C,A,A,H,-,A,D,0,,,,,Y,,A,07,0,0,2,0,0,0,0,0,0,"- ","- ",35.17919921875,-120.69899749755859,"SAN LUIS OBISPO",UNINCORPORATED,-120.69904327392578,35.179164886474609
91254060,2020,2020-06-18,9740,2020-06-13,1655,020302,,6,2,4,4008,0,1,2,,2,002,"US-101 NORTHBOUND","DEL RIO RD",900.00,S,N,A,-,Y,,,101,,,,,,N,N,4,0,1,2,A,-,07,21658,A,F,B,C,A,A,H,-,A,D,0,,,,,Y,,-,99,0,0,1,0,0,0,0,0,0,"- ","- ",35.510749816894531,-120.69757843017578,"SAN LUIS OBISPO",ATASCADERO,-120.69759368896484,35.5107421875
91254383,2020,2020-06-19,9740,2020-06-14,2047,020057,,7,2,9,4000,0,3,5,,2,019,"MISSION ST.","15TH ST",39.00,S,N,A,-,N,,,,,,,,,,Y,4,0,2,2,A,-,01,23152,A,N,C,C,A,A,H,-,C,D,0,,,,,Y,Y,A,07,0,0,2,0,0,0,0,0,0,"- ","- ",35.754051208496094,-120.69586944580078,"SAN LUIS OBISPO",UNINCORPORATED,-120.69595336914062,35.754005432128906
91255039,2020,2020-06-22,9740,2020-06-14,1817,020057,,7,2,3,4004,0,1,2,,2,003,"US-101 N/B","13TH ST",618.00,S,N,A,-,Y,,,101,,,,,,N,Y,3,0,2,2,A,-,08,22107,,N,E,I,A,A,H,-,A,D,0,,,,,Y,,A,07,0,1,1,0,0,0,0,0,0,"- ","- ",35.626239776611328,-120.68641662597656,"SAN LUIS OBISPO","PASO ROBLES",-120.68632507324219,35.626247406005859
91255467,2020,2020-06-22,9745,2020-06-11,1121,014910,,4,1,9,4000,0,1,3,,1,021,SR-1,"STUDIO DR",0.00,,Y,A,-,Y,,,1,,,,,,,N,3,0,3,2,A,-,09,21801,A,N,D,C,A,A,H,-,A,D,0,,,,,Y,,A,01,0,2,1,0,0,0,0,0,0,"- ","- ",35.421279907226562,-120.87747955322266,"SAN LUIS OBISPO",UNINCORPORATED,-120.87741851806641,35.421306610107422
91255629,2020,2020-06-22,9745,2020-06-20,1259,017541,,6,1,9,4000,0,3,5,,2,003,"MONTE RD","US 101 NORTHBOUND",20.00,E,N,A,-,N,,,,,,,,,,Y,3,0,3,1,A,-,08,22107,,N,E,I,A,A,H,-,A,D,0,,,,,Y,,A,07,0,1,2,0,0,0,0,0,0,"- ","- ",35.182701110839844,-120.70078277587891,"SAN LUIS OBISPO",UNINCORPORATED,-120.70090484619141,35.182548522949219
9125618,2020,2020-09-18,4001,2020-06-04,1200,P0154,463,4,5,3,4001,0,0,0,,0,CITY,"EAST GRAND AV","COURTLAND ST",30.00,E,N,A,-,N,,,,,,,,,,N,4,0,1,2,A,-,03,22350,,N,C,C,A,A,H,-,A,A,0,,,,,Y,Y,A,01,0,0,1,0,0,0,0,0,0,"- ","- ",,,"SAN LUIS OBISPO","ARROYO GRANDE",-120.60655975341797,35.120834350585938
91256414,2020,2020-06-23,9745,2020-06-20,1620,019809,,6,2,9,4000,0,2,4,,1,051,"LOS BERROS RD","MILTON ST",350.00,N,N,A,-,N,,,,,,,,,,Y,4,0,2,2,A,-,03,22350,,N,C,C,A,A,H,-,A,D,0,,,,,Y,,D,22,0,0,2,0,0,0,0,0,0,"- ","- ",35.078319549560547,-120.54149627685547,"SAN LUIS OBISPO",UNINCORPORATED,-120.55324554443359,35.083156585693359
91256731,2020,2020-06-24,9745,2020-06-23,1348,017968,,2,1,2,4005,0,1,2,,2,404,"US-101 N/B","WADSWORTH AVE",300.00,N,N,A,-,Y,,,101,,,,,,N,Y,4,0,2,2,A,-,03,22350,,N,C,C,A,A,H,-,A,D,0,,,,,Y,,A,01,0,0,2,0,0,0,0,0,0,"- ","- ",35.145408630371094,-120.64295959472656,"SAN LUIS OBISPO","PISMO BEACH",-120.6429443359375,35.145427703857422
91259249,2020,2020-06-26,9740,2020-06-20,1600,019486,,6,2,9,4000,0,1,3,,2,010,SR-41,SR-46,27456.00,N,N,A,-,Y,,,41,,,,,,,Y,4,0,1,1,A,-,08,22107,,N,F,A,A,A,H,-,A,D,0,,,,,Y,,A,01,0,0,1,0,0,0,0,0,0,"- ","- ",35.779811859130859,-120.21401214599609,"SAN LUIS OBISPO",UNINCORPORATED,-120.21400451660156,35.779823303222656
91261841,2020,2020-07-01,9745,2020-06-23,1905,020417,,2,2,9,4000,0,3,5,,2,004,"BRENTWOOD CIR.","MAYWOOD CT.",30.00,W,N,B,-,N,,,,,,,,,,N,3,0,1,1,A,-,13,22515,A,N,E,I,A,A,H,-,A,D,0,,,,,Y,,A,01,0,1,0,0,0,0,0,0,0,"- ","- ",35.068550109863281,-120.58950042724609,"SAN LUIS OBISPO",UNINCORPORATED,-120.58937072753906,35.068561553955078
91263825,2020,2020-07-06,9740,2020-07-01,1358,020710,,3,1,9,4000,0,1,3,,2,008,"SR-46 E/B","W. CENTRE STREET",0.00,,Y,A,-,Y,,,46,,,,,,E,Y,3,0,3,2,A,-,09,21802,A,N,D,C,A,A,H,-,A,D,0,,,,,Y,,D,22,0,2,1,0,0,0,0,0,0,"- ","- ",35.661369323730469,-120.41407775878906,"SAN LUIS OBISPO",UNINCORPORATED,-120.41407775878906,35.661407470703125
91264267,2020,2020-07-07,9745,2020-06-22,1653,020773,,1,2,2,4005,0,1,2,,2,404,"US-101 S/B","MATTIE RD",1584.00,S,N,B,-,Y,,,101,,,,,,S,Y,2,0,2,3,A,-,08,22107,,N,E,I,A,A,H,-,A,D,0,,,,,Y,,A,07,1,0,1,0,0,0,0,0,0,"- ","- ",35.148780822753906,-120.64891052246094,"SAN LUIS OBISPO","PISMO BEACH",-120.64894104003906,35.148696899414062
91264424,2020,2020-07-07,9745,2020-06-29,1320,017541,,1,1,9,4000,0,2,4,,1,055,"TEFFT STREET","MARY AVE",30.00,E,N,A,-,N,,,,,,,,,,N,4,0,2,2,A,-,03,22350,,N,C,C,A,A,H,-,A,A,0,,,,,Y,,A,07,0,0,2,0,0,0,0,0,0,"- ","- ",35.03594970703125,-120.48635101318359,"SAN LUIS OBISPO",UNINCORPORATED,-120.48654937744141,35.035785675048828
91264782,2020,2020-07-07,9745,2020-07-03,1850,020211,,5,2,9,4000,0,2,4,,1,055,"WEST TEFFT STREET","ORCHARD ROAD",0.00,,Y,A,-,N,,,,,,,,,,Y,4,0,1,2,A,-,12,21453,A,N,D,C,A,A,H,-,A,A,0,,,,,Y,,A,01,0,0,1,0,0,0,0,0,0,"- ","- ",35.02899169921875,-120.49635314941406,"SAN LUIS OBISPO",UNINCORPORATED,-120.49632263183594,35.028938293457031
91265124,2020,2020-07-08,9745,2020-06-23,1220,017061,,2,1,2,4005,0,1,2,,2,404,"US-101 NORTHBOUND","SPYGLASS DR.",2683.00,N,N,A,-,Y,,,101,,,,,,N,Y,2,0,2,1,A,-,08,22107,,N,F,A,A,A,H,-,A,D,0,,,,,Y,,A,01,2,0,0,0,0,0,0,0,0,"- ","- ",35.170188903808594,-120.69228363037109,"SAN LUIS OBISPO","PISMO BEACH",-120.69235229492188,35.170124053955078
91265619,2020,2020-07-08,9745,2020-06-26,0220,016773,,5,3,9,4000,0,1,3,,1,045,SR-1,"CALLENDER RD",1056.00,S,N,A,-,Y,,,1,,,,,,,Y,3,0,1,1,A,-,01,23152,A,N,E,J,A,A,H,-,D,D,0,,,,,Y,Y,D,22,0,1,0,0,0,0,0,0,0,"- ","- ",35.052509307861328,-120.59523773193359,"SAN LUIS OBISPO",UNINCORPORATED,-120.59517669677734,35.052562713623047
91265776,2020,2020-07-09,9735,2020-07-03,1050,021275,,5,1,9,4000,0,3,5,,2,005,"SR-58 W/B","HUER HUERO RD",2640.00,W,N,A,-,N,,,58,,,,,,W,Y,3,0,2,1,A,-,03,22350,,N,E,I,A,A,H,-,A,D,0,,,,,Y,,A,01,0,1,1,0,0,0,0,0,0,"- ","- ",35.436660766601562,-120.50618743896484,"SAN LUIS OBISPO",UNINCORPORATED,-120.50616455078125,35.436607360839844
91266253,2020,2020-07-09,9745,2020-07-02,0650,014713,,4,1,9,4000,0,1,2,,1,101,"US-101 SOUTHBOUND","OLD STAGECOACH ROAD",0.00,,Y,B,-,Y,,,101,,,,,,S,Y,3,0,2,2,A,-,09,21801,A,N,D,C,A,A,H,-,A,D,0,,,,,Y,,A,07,0,2,0,0,0,0,0,0,0,"- ","- ",35.317329406738281,-120.62136077880859,"SAN LUIS OBISPO",UNINCORPORATED,-120.621337890625,35.317325592041016
91267763,2020,2020-07-13,9740,2020-07-08,0845,019648,,3,1,9,4000,0,1,2,,2,001,"US-101 NORTHBOUND","VINEYARD DRIVE",528.00,N,N,A,-,Y,,,101,,,,,,N,Y,4,0,1,2,A,-,03,22350,,N,C,C,A,A,H,-,A,D,0,,,,,Y,,A,01,0,0,1,0,0,0,0,0,0,"- ","- ",35.545200347900391,-120.71501159667969,"SAN LUIS OBISPO",UNINCORPORATED,-120.71497344970703,35.545215606689453