CASE_ID,ACCIDENT_YEAR,PROC_DATE,JURIS,COLLISION_DATE,COLLISION_TIME,OFFICER_ID,REPORTING_DISTRICT,DAY_OF_WEEK,CHP_SHIFT,POPULATION,CNTY_CITY_LOC,SPECIAL_COND,BEAT_TYPE,CHP_BEAT_TYPE,CITY_DIVISION_LAPD,CHP_BEAT_CLASS,BEAT_NUMBER,PRIMARY_RD,SECONDARY_RD,DISTANCE,DIRECTION,INTERSECTION,WEATHER_1,WEATHER_2,STATE_HWY_IND,CALTRANS_COUNTY,CALTRANS_DISTRICT,STATE_ROUTE,ROUTE_SUFFIX,POSTMILE_PREFIX,POSTMILE,LOCATION_TYPE,RAMP_INTERSECTION,SIDE_OF_HWY,TOW_AWAY,COLLISION_SEVERITY,NUMBER_KILLED,NUMBER_INJURED,PARTY_COUNT,PRIMARY_COLL_FACTOR,PCF_CODE_OF_VIOL,PCF_VIOL_CATEGORY,PCF_VIOLATION,PCF_VIOL_SUBSECTION,HIT_AND_RUN,TYPE_OF_COLLISION,MVIW,PED_ACTION,ROAD_SURFACE,ROAD_COND_1,ROAD_COND_2,LIGHTING,CONTROL_DEVICE,CHP_ROAD_TYPE,PEDESTRIAN_ACCIDENT,BICYCLE_ACCIDENT,MOTORCYCLE_ACCIDENT,TRUCK_ACCIDENT,NOT_PRIVATE_PROPERTY,ALCOHOL_INVOLVED,STWD_VEHTYPE_AT_FAULT,CHP_VEHTYPE_AT_FAULT,COUNT_SEVERE_INJ,COUNT_VISIBLE_INJ,COUNT_COMPLAINT_PAIN,COUNT_PED_KILLED,COUNT_PED_INJURED,COUNT_BICYCLIST_KILLED,COUNT_BICYCLIST_INJURED,COUNT_MC_KILLED,COUNT_MC_INJURED,PRIMARY_RAMP,SECONDARY_RAMP,LATITUDE,LONGITUDE,COUNTY,CITY,POINT_X,POINT_Y
9126827,2020,2020-10-07,4002,2020-07-08,1910,721,,3,5,3,4002,0,0,0,,0,,"S 7TH ST","W GRAND AV",0.00,,Y,B,-,N,,,,,,,,,,N,3,0,1,2,A,-,11,21950,B,N,G,B,B,A,H,-,A,D,0,Y,,,,Y,,N,60,0,1,0,0,1,0,0,0,0,"- ","- ",,,"SAN LUIS OBISPO","GROVER BEACH",-120.62271881103516,35.121608734130859
91268522,2020,2020-07-14,9745,2020-07-07,1810,019809,,2,2,9,4000,0,1,2,,2,505,"US 101 S/B","WILLOW RD",3696.00,S,N,A,-,Y,,,,,,,,,,Y,3,0,1,1,A,-,08,22107,,N,E,I,A,A,H,-,A,D,0,,,,,Y,,D,22,0,1,0,0,0,0,0,0,0,"- ","- ",35.045730590820312,-120.49298095703125,"SAN LUIS OBISPO",UNINCORPORATED,,
91268543,2020,2020-07-14,9740,2020-07-03,1820,020710,,5,2,9,4000,0,1,3,,2,011,SR-46,"GREEN VALLEY RD",15840.00,E,N,A,-,Y,,,46,,,,,,,Y,3,0,2,3,A,-,03,22350,,N,C,C,A,A,H,-,A,D,0,,,,,Y,,A,08,0,1,1,0,0,0,0,0,0,"- ","- ",35.544979095458984,-120.95905303955078,"SAN LUIS OBISPO",UNINCORPORATED,-120.95882415771484,35.544620513916016
91268548,2020,2020-07-14,9740,2020-07-12,1430,019486,,7,2,9,4000,0,1,2,,2,001,"US-101 NORTHBOUND",SR-58,9240.00,N,N,A,-,Y,,,101,,,,,,N,Y,3,0,3,1,A,-,08,22107,,N,F,A,A,A,H,-,A,D,0,,,,,Y,,A,08,0,1,2,0,0,0,0,0,0,"- ","- ",35.407611846923828,-120.62544250488281,"SAN LUIS OBISPO",UNINCORPORATED,-120.62553405761719,35.407581329345703
91268584,2020,2020-07-14,9745,2020-07-09,1524,017151,,4,2,9,4000,0,3,5,,2,002,"HIGUERA ST","ONTARIO RD",0.00,,Y,A,-,N,,,,,,,,,,Y,4,0,3,2,A,-,09,21802,A,N,D,C,A,A,H,-,A,D,0,,,,,Y,,D,22,0,0,3,0,0,0,0,0,0,"- ","- ",35.223201751708984,-120.69290161132812,"SAN LUIS OBISPO",UNINCORPORATED,-120.69300842285156,35.223228454589844
91269494,2020,2020-07-16,9740,2020-07-11,2250,019800,,6,3,9,4000,0,1,2,,2,001,"PEACHY CANYON RD","WILLOW CREEK RD",528.00,E,N,A,-,N,,,,,,,,,,Y,4,0,1,1,A,-,01,23152,A,N,F,A,A,A,H,-,D,D,0,,,,,Y,Y,A,07,0,0,1,0,0,0,0,0,0,"- ","- ",35.625560760498047,-120.73497772216797,"SAN LUIS OBISPO",UNINCORPORATED,-120.81296539306641,35.598918914794922
91270229,2020,2020-07-17,9745,2020-07-14,0630,017144,,2,1,9,4000,0,1,3,,2,023,"SR-1 NORTHBOUND","SAN BERNARDO CREEK RD",840.00,N,N,B,-,Y,,,1,,,,,,N,Y,3,0,1,1,C,-,18,,,N,E,I,A,A,H,-,A,D,0,,,,,Y,,-,"- ",0,1,0,0,0,0,0,0,0,"- ","- ",35.362510681152344,-120.81027221679688,"SAN LUIS OBISPO",UNINCORPORATED,-120.81027984619141,35.362419128417969
91270383,2020,2020-07-17,9740,2020-07-11,0945,017952,,6,1,9,4000,0,3,5,,2,018,"W. CENTRE ST.","EL PORTAL DR.",1056.00,W,N,A,-,N,,,,,,,,,,Y,4,0,1,2,A,-,08,22107,,N,D,C,A,A,H,-,A,D,0,,,,,Y,,A,08,0,0,1,0,0,0,0,0,0,"- ","- ",36.655490875244141,-120.38773345947266,"SAN LUIS OBISPO",UNINCORPORATED,-120.38761138916016,35.655551910400391
91271828,2020,2020-07-21,9740,2020-07-14,1210,015167,,2,1,9,4000,0,3,5,,2,024,"ORLANDO DR","MARLBOROUGH LN",30.00,E,N,B,-,N,,,,,,,,,,N,2,0,1,1,A,-,03,22350,,N,F,A,A,A,H,-,A,D,0,,Y,,,Y,,L,04,1,0,0,0,0,0,1,0,0,"- ","- ",35.547611236572266,-121.09438323974609,"SAN LUIS OBISPO",UNINCORPORATED,-121.09444427490234,35.547576904296875
91272185,2020,2020-07-21,9740,2020-07-16,1845,020710,,4,2,9,4000,0,3,5,,2,017,"TEMPLETON ROAD",SR-41,2100.00,N,N,A,-,N,,,,,,,,,,Y,3,0,1,1,A,-,03,22350,,N,E,I,A,A,H,-,A,D,0,,,,,Y,,A,01,0,1,0,0,0,0,0,0,0,"- ","- ",35.50933837890625,-120.65625762939453,"SAN LUIS OBISPO",UNINCORPORATED,-120.65614318847656,35.509185791015625
91272596,2020,2020-07-22,9740,2020-07-18,2235,020302,,6,3,9,4000,0,3,5,,2,018,"GENESEO RD","LINNE RD",5808.00,N,N,A,-,N,,,,,,,,,,Y,3,0,2,1,A,-,08,22107,,N,E,I,A,A,H,-,D,D,0,,,,,Y,,D,22,0,2,0,0,0,0,0,0,0,"- ","- ",35.607578277587891,-120.5537109375,"SAN LUIS OBISPO",UNINCORPORATED,-120.55337524414062,35.608150482177734
91273622,2020,2020-07-23,9740,2020-07-16,0410,019800,,4,3,9,4000,0,1,2,,2,002,"US-101 S/B","TRAFFIC WAY",340.00,N,N,A,-,Y,,,,,,,,,,Y,4,0,1,1,A,-,08,22107,,N,E,I,A,A,H,-,C,D,0,,,,,Y,,A,01,0,0,1,0,0,0,0,0,0,"- ","- ",35.490650177001953,-120.67411804199219,"SAN LUIS OBISPO",UNINCORPORATED,,
91273953,2020,2020-07-24,9745,2020-07-22,1605,017541,,3,2,9,4000,0,1,2,,2,505,"US-101 SOUTHBOUND","TEFFT STREET",7920.00,S,N,A,-,Y,,,101,,,,,,S,Y,3,0,2,2,A,-,03,22350,,N,C,C,A,A,H,-,A,D,0,,,,,Y,,D,22,0,1,1,0,0,0,0,0,0,"- ","- ",35.021549224853516,-120.468017578125,"SAN LUIS OBISPO",UNINCORPORATED,-120.46811676025391,35.021442413330078
91274815,2020,2020-07-27,9745,2020-07-18,0834,017857,,6,1,9,4000,0,1,3,,2,023,"SR-1 SOUTHBOUND","GILARDI RD",735.00,S,N,B,-,Y,,,1,,,,,,S,Y,3,0,1,1,A,-,08,22107,,N,F,A,A,A,H,-,A,D,0,,,,,Y,,A,01,0,1,0,0,0,0,0,0,0,"- ","- ",35.34320068359375,-120.76509857177734,"SAN LUIS OBISPO",UNINCORPORATED,-120.76505279541016,35.343257904052734
91275898,2020,2020-11-18,9745,2020-07-16,1937,018009,,4,2,9,4000,0,3,5,,2,004,"PRINTZ RD","RED ROCK RD",18.00,W,N,A,-,N,,,,,,,,,,Y,4,0,1,1,A,-,08,22107,,N,E,I,A,A,H,-,A,D,0,,,,,Y,,D,22,0,0,1,0,0,0,0,0,0,"- ","- ",35.145011901855469,-120.58381652832031,"SAN LUIS OBISPO",UNINCORPORATED,-120.58383941650391,35.144985198974609
91278607,2020,2020-08-13,9740,2020-06-29,2130,018069,,1,2,9,4000,0,3,5,,2,017,"NEAL SPRING ROAD","DEER VIEW LANE",2640.00,E,N,A,-,N,,,,,,,,,,Y,1,4,0,1,A,-,01,23152,A,N,E,I,A,A,H,-,D,D,0,,,,,Y,Y,A,01,0,0,0,0,0,0,0,0,0,"- ","- ",35.575309753417969,-120.63034820556641,"SAN LUIS OBISPO",UNINCORPORATED,-120.62953186035156,35.575248718261719
91278882,2020,2020-07-31,9740,2020-07-29,2100,018069,,3,2,9,4000,0,1,2,,2,001,SR-46,"SANTA ROSA CREEK ROAD",14256.00,W,N,A,-,Y,,,46,,,,,,,Y,2,0,1,1,C,-,18,,,N,E,H,A,A,H,-,D,D,0,,,Y,,Y,,-,"- ",1,0,0,0,0,0,0,0,1,"- ","- ",35.543300628662109,-120.90361022949219,"SAN LUIS OBISPO",UNINCORPORATED,-120.90360260009766,35.543323516845703
91280405,2020,2020-08-04,9740,2020-07-25,0722,019648,,6,1,9,4000,0,1,2,,2,004,"US-101 NORTHBOUND","WELLSONA ROAD",0.00,,Y,A,-,Y,,,101,,,,,,N,Y,3,0,1,2,A,-,09,21802,A,N,D,C,A,A,H,-,A,A,0,,,,,Y,,A,01,0,1,0,0,0,0,0,0,0,"- ","- ",35.69586181640625,-120.69657897949219,"SAN LUIS OBISPO",UNINCORPORATED,-120.69654846191406,35.695858001708984
91281942,2020,2020-08-06,9745,2020-07-26,1353,018253,,7,1,9,4000,0,2,4,,1,030,"TANK FARM ROAD","SANTA FE AVE",1584.00,W,N,A,-,N,,,,,,,,,,N,3,0,1,2,A,-,08,22107,,M,F,A,A,A,H,-,A,D,0,,Y,,,Y,,L,04,0,1,0,0,0,0,1,0,0,"- ","- ",35.246860504150391,-120.65498352050781,"SAN LUIS OBISPO",UNINCORPORATED,-120.65264892578125,35.246856689453125
91281982,2020,2020-08-06,9745,2020-07-27,0527,017857,,1,3,4,4006,0,1,2,,2,202,"US-101 SOUTHBOUND","BROAD STREET",0.00,,Y,A,-,Y,,,101,,,,,,S,Y,3,0,2,1,A,-,01,23152,A,N,E,I,A,A,H,-,C,D,0,,,,,Y,Y,D,22,0,1,1,0,0,0,0,0,0,"- ","- ",35.283599853515625,-120.66780090332031,"SAN LUIS OBISPO","SAN LUIS OBISPO",-120.66765594482422,35.283466339111328
9128253,2020,2020-09-17,4002,2020-07-02,1437,721,,4,5,3,4002,0,0,0,,0,,"RT 1","RT 1 300",0.00,,Y,A,-,Y,SLO,5,1,-,-,47.370,H,-,N,N,4,0,1,2,A,-,03,22350,,N,C,C,A,A,H,-,A,D,0,,,Y,,Y,,C,06,0,0,1,0,0,0,0,0,0,"- ","- ",,,"SAN LUIS OBISPO","GROVER BEACH",-121.06047058105469,35.542388916015625
91282650,2020,2020-08-10,9745,2020-07-17,1540,020211,,5,2,9,4000,0,2,4,,1,051,"LOS BERROS RD","CENTURY LN",479.00,E,N,A,-,N,,,,,,,,,,Y,1,1,0,2,A,-,03,22350,,N,F,A,A,A,H,-,A,D,0,,,Y,,Y,,C,02,0,0,0,0,0,0,0,1,0,"- ","- ",35.101741790771484,-120.57791137695312,"SAN LUIS OBISPO",UNINCORPORATED,-120.5780029296875,35.101791381835938
91285803,2020,2020-08-13,9745,2020-07-30,2125,017968,,4,2,2,4005,0,1,2,,2,404,"US-101 S/B","PRICE STREET",1584.00,N,N,A,-,Y,,,101,,,,,,S,Y,4,0,1,2,A,-,03,22350,,N,C,C,A,A,H,-,C,D,0,,,,,Y,,A,01,0,0,1,0,0,0,0,0,0,"- ","- ",35.156761169433594,-120.669189453125,"SAN LUIS OBISPO","PISMO BEACH",-120.66919708251953,35.156734466552734
91287505,2020,2020-12-07,9740,2020-08-08,0030,020710,,6,3,9,4000,0,1,3,,2,008,SR-46,"CHOLAME CREEK BRIDGE",187.00,W,N,A,-,Y,,,46,,,,,,,Y,4,0,1,1,A,-,08,22107,,N,E,I,A,A,H,-,D,D,0,,,,,Y,,A,01,0,0,1,0,0,0,0,0,0,"- ","- ",35.662998199462891,-120.36311340332031,"SAN LUIS OBISPO",UNINCORPORATED,-120.36312866210938,35.663040161132812
91287515,2020,2020-09-25,9745,2020-08-09,1741,018253,,7,2,9,4000,0,1,2,,1,101,"US-101 SOUTHBOUND","STAGECOACH ROAD",0.00,,Y,A,-,Y,,,101,,,,,,S,Y,2,0,3,2,A,-,09,21801,A,N,D,C,A,A,H,-,A,D,0,,,,,Y,,A,01,1,1,1,0,0,0,0,0,0,"- ","- ",35.317378997802734,-120.62126159667969,"SAN LUIS OBISPO",UNINCORPORATED,-120.62132263183594,35.317390441894531
91289018,2020,2020-08-19,9745,2020-08-17,1415,017151,,1,2,9,4000,0,1,3,,2,023,"SR-1 SOUTHBOUND","WESTMONT AVE",500.00,N,N,A,-,Y,,,1,,,,,,S,Y,4,0,1,1,C,-,18,,,N,E,J,A,A,H,-,A,D,0,,,,,Y,,-,"- ",0,0,1,0,0,0,0,0,0,"- ","- ",35.302398681640625,-120.67659759521484,"SAN LUIS OBISPO",UNINCORPORATED,-120.67664337158203,35.302379608154297
91289211,2020,2020-08-19,9745,2020-08-06,1615,017968,,4,2,9,4000,0,3,5,,2,002,"BINSCARTH AVENUE","DORIS AVENUE",0.00,,Y,A,-,N,,,,,,,,,,N,3,0,1,2,A,-,12,22450,A,F,D,G,A,A,H,-,A,A,0,,Y,,,Y,,L,04,0,1,0,0,0,0,1,0,0,"- ","- ",35.318470001220703,-120.84808349609375,"SAN LUIS OBISPO",UNINCORPORATED,-120.84805297851562,35.3184814453125
91289513,2020,2020-08-20,9745,2020-08-13,0825,015144,,4,1,9,4000,0,1,2,,2,402,"US-101 NORTHBOUND","FAIR OAKS AVE",650.00,S,N,B,-,Y,,,,,,,,,,Y,4,0,1,3,A,-,03,22350,,N,C,C,A,A,H,-,A,D,0,,,,,Y,,A,01,0,0,1,0,0,0,0,0,0,"- ","- ",35.117740631103516,-120.57579803466797,"SAN LUIS OBISPO",UNINCORPORATED,-120.5760498046875,35.117919921875
91289840,2020,2020-08-20,9745,2020-08-18,1535,017151,,2,2,9,4000,0,1,3,,2,023,"SR-1 NORTHBOUND","HOLLISTER AVE",0.00,,Y,A,-,Y,,,1,,,,,,N,Y,3,0,2,2,A,-,12,21453,A,N,D,C,A,A,H,-,A,D,0,,,,,Y,,A,01,0,2,0,0,0,0,0,0,0,"- ","- ",35.331199645996094,-120.73500061035156,"SAN LUIS OBISPO",UNINCORPORATED,-120.73500823974609,35.331157684326172
91289888,2020,2020-08-20,9745,2020-08-11,0900,014910,,2,1,9,4000,0,1,3,,1,021,"SR-1 SOUTHBOUND","SAN GERONIMO RD",2112.00,N,N,A,-,Y,,,1,,,,,,S,Y,3,0,2,1,A,-,08,22107,,N,E,I,A,A,H,-,A,D,0,,,,,Y,,A,07,0,2,0,0,0,0,0,0,0,"- ","- ",35.450050354003906,-120.93620300292969,"SAN LUIS OBISPO",UNINCORPORATED,-120.93617248535156,35.450325012207031
91290809,2020,2020-08-24,9740,2020-08-20,1520,016849,,4,2,9,4000,0,3,5,,2,022,"SANTA ROSA CREEK RD","CYPRESS MOUNTAIN RD",11616.00,N,N,A,-,N,,,,,,,,,,Y,2,0,1,1,A,-,08,22107,,N,F,A,A,A,H,-,A,D,0,,,Y,,Y,,C,02,1,0,0,0,0,0,0,0,1,"- ","- ",35.567920684814453,-120.93948364257812,"SAN LUIS OBISPO",UNINCORPORATED,-120.93894195556641,35.566493988037109
91293086,2020,2020-08-26,9740,2020-08-18,1230,017426,,2,1,9,4000,0,3,5,,2,017,"BITTERWATER RD","BITTERWATER VALLEY RD",23760.00,S,N,A,-,N,,,,,,,,,,Y,3,0,2,1,A,-,08,22107,,N,F,A,A,A,H,-,A,D,0,,,Y,,Y,,C,02,0,2,0,0,0,0,0,0,2,"- ","- ",35.496109008789062,-120.07006072998047,"SAN LUIS OBISPO",UNINCORPORATED,-120.07778167724609,35.501304626464844
91295547,2020,2020-08-28,9740,2020-08-26,1535,018988,,3,2,9,4000,0,3,5,,2,016,"W POZO RD","LAS PILITAS RD",46.00,N,N,A,-,N,,,,,,,,,,Y,2,0,1,2,A,-,21,22106,,F,E,I,A,A,H,-,A,D,0,,,,,Y,,D,22,1,0,0,0,0,0,0,0,0,"- ","- ",35.352939605712891,-120.53829956054688,"SAN LUIS OBISPO",UNINCORPORATED,-120.53829956054688,35.352901458740234
91295566,2020,2020-08-31,9750,2020-08-24,0435,015514,,1,3,9,4000,0,1,3,,1,063,SR-166,"CHIMINEAS RANCH ROAD",7920.00,E,N,A,-,Y,,,166,,,,,,,Y,3,0,1,1,A,-,03,22350,,N,E,I,A,A,H,-,D,D,0,,,,Y,Y,,G,25,0,1,0,0,0,0,0,0,0,"- ","- ",35.06549072265625,-119.98171234130859,"SAN LUIS OBISPO",UNINCORPORATED,-119.98169708251953,35.065525054931641
91296077,2020,2020-08-31,9745,2020-08-22,1417,018009,,6,2,9,4000,0,1,2,,2,404,"US 101 NORTHBOUND TO AVILA BEACH DRIVE","AVILA BEACH DRIVE",0.00,,Y,A,-,N,,,,,,,,,,Y,4,0,1,2,A,-,09,21802,A,N,D,C,A,A,H,-,A,A,0,,,,,Y,,A,01,0,0,1,0,0,0,0,0,0,"- ","- ",35.179771423339844,-120.69886779785156,"SAN LUIS OBISPO",UNINCORPORATED,-120.69930267333984,35.179759979248047
91301488,2020,2020-09-09,9745,2020-08-28,1144,014910,,5,1,9,4000,0,3,5,,2,002,"7TH STREET","SANTA MARIA AVE",0.00,,Y,A,-,N,,,,,,,,,,N,2,0,1,2,A,-,12,22450,A,N,D,G,A,A,H,-,A,A,0,,Y,,,Y,,L,04,1,0,0,0,0,0,1,0,0,"- ","- ",35.328060150146484,-120.83542633056641,"SAN LUIS OBISPO",UNINCORPORATED,-120.83541870117188,35.328109741210938
91301800,2020,2020-09-09,9745,2020-09-05,1550,018454,,6,2,9,4000,0,3,5,,2,004,"EL CAMPO RD","US-101 SOUTHBOUND",220.00,W,N,A,-,N,,,,,,,,,,Y,4,0,1,2,A,-,08,22107,,N,B,C,A,A,H,-,A,D,0,,,,,Y,,A,01,0,0,1,0,0,0,0,0,0,"- ","- ",35.110298156738281,-120.56372833251953,"SAN LUIS OBISPO",UNINCORPORATED,-120.56377410888672,35.110572814941406
91302753,2020,2020-09-11,9745,2020-09-04,1545,019070,,5,2,2,4005,0,1,2,,2,404,"US-101 SOUTHBOUND","SPYGLASS DR",1056.00,N,N,A,-,Y,,,101,,,,,,S,Y,4,0,1,3,A,-,03,22350,,N,C,C,A,A,H,-,A,D,0,,,,,Y,,A,07,0,0,1,0,0,0,0,0,0,"- ","- ",35.167110443115234,-120.69020843505859,"SAN LUIS OBISPO","PISMO BEACH",-120.69024658203125,35.167083740234375
91303078,2020,2020-09-11,9745,2020-09-02,1350,017541,,3,1,9,4000,0,1,2,,2,303,"US-101 NORTHBOUND","SAN LUIS BAY DR",4224.00,N,N,A,-,Y,,,101,,,,,,N,Y,3,0,2,1,C,-,18,,,N,F,A,A,A,H,-,A,D,0,,,,,Y,,-,"- ",0,1,1,0,0,0,0,0,0,"- ","- ",35.207328796386719,-120.69679260253906,"SAN LUIS OBISPO",UNINCORPORATED,-120.69670867919922,35.207344055175781
91303087,2020,2020-09-11,9745,2020-09-02,1327,014910,,3,1,9,4000,0,3,5,,2,002,"O'CONNER WAY","FOOTHILL BLVD",2112.00,W,N,A,-,N,,,,,,,,,,Y,2,0,2,1,A,-,08,22107,,N,F,A,A,A,H,-,A,D,0,,,,,Y,,A,01,2,0,0,0,0,0,0,0,0,"- ","- ",35.286678314208984,-120.71212768554688,"SAN LUIS OBISPO",UNINCORPORATED,-120.71207427978516,35.286640167236328
91305799,2020,2020-09-16,9745,2020-09-05,1550,017541,,6,2,9,4000,0,2,4,,1,052,"THOMPSON RD","THOMPSON RD. TO NORTHBOUND US 101",0.00,,Y,A,-,N,,,,,,,,,,Y,3,0,2,2,A,-,08,22107,,N,B,C,A,A,H,-,A,D,0,,,Y,,Y,,C,02,0,2,0,0,0,0,0,0,2,"- ","- ",35.072090148925781,-120.5146484375,"SAN LUIS OBISPO",UNINCORPORATED,,
91306746,2020,2020-09-17,9745,2020-09-07,0910,017061,,1,1,9,4000,0,1,3,,1,021,"SR-1 NORTHBOUND","SAN GERONIMO RD",1056.00,N,N,A,-,Y,,,1,,,,,,N,Y,4,0,1,2,A,-,03,22350,,N,C,C,A,A,H,-,A,D,0,,,,,Y,,A,01,0,0,1,0,0,0,0,0,0,"- ","- ",35.453971862792969,-120.95165252685547,"SAN LUIS OBISPO",UNINCORPORATED,-120.95161437988281,35.454063415527344
91307889,2020,2020-09-21,9740,2020-09-10,2215,020057,,4,3,9,4000,0,1,3,,2,007,SR-41,"ROCKY CANYON RD",372.00,S,N,A,-,Y,,,41,,,,,,,Y,3,0,2,1,A,-,03,22350,,N,F,A,A,A,H,-,D,D,0,,,,,Y,,A,01,0,1,1,0,0,0,0,0,0,"- ","- ",35.503910064697266,-120.65345764160156,"SAN LUIS OBISPO",UNINCORPORATED,-120.65349578857422,35.504013061523438
91308361,2020,2020-09-21,9740,2020-09-13,0200,021275,,7,3,9,4000,0,3,5,,2,017,"WEST POZO RD","LAS PILITAS RD",2957.00,N,N,A,-,N,,,,,,,,,,Y,3,0,1,1,A,-,08,22107,,M,E,I,A,A,H,-,D,D,0,,,,,Y,,A,01,0,1,0,0,0,0,0,0,0,"- ","- ",35.357280731201172,-120.54602813720703,"SAN LUIS OBISPO",UNINCORPORATED,-120.54603576660156,35.357311248779297
9130840,2020,2020-10-06,4006,2020-07-14,1318,88911,,2,5,4,4006,0,0,0,,0,,GRAND,FREDERICKS,0.00,,Y,A,-,N,,,,,,,,,,N,4,0,1,2,A,-,08,22100,A,N,D,G,A,A,H,-,A,D,0,,Y,,,Y,,A,01,0,0,1,0,0,0,1,0,0,"- ","- ",35.173530578613281,-120.39118957519531,"SAN LUIS OBISPO","SAN LUIS OBISPO",-120.65328216552734,35.293098449707031
91308963,2020,2020-09-22,9745,2020-09-15,1700,020773,,2,2,9,4000,0,2,4,,1,055,"TEFFT STREET","MARY AVE",20.00,W,N,A,-,N,,,,,,,,,,N,4,0,1,2,A,-,03,22350,,N,C,C,A,A,H,-,A,A,0,,,,,Y,,A,01,0,0,1,0,0,0,0,0,0,"- ","- ",35.035568237304688,-120.48677825927734,"SAN LUIS OBISPO",UNINCORPORATED,-120.48668670654297,35.035709381103516
91309296,2020,2020-09-22,9745,2020-09-18,0900,015144,,5,1,9,4000,0,3,5,,2,004,"PASO ROBLES ST","17TH STREET",0.00,,Y,A,-,N,,,,,,,,,,N,4,0,1,2,A,-,09,21802,B,N,D,C,A,A,H,-,A,A,0,,,,,Y,,A,07,0,0,1,0,0,0,0,0,0,"- ","- ",35.101131439208984,-120.61245727539062,"SAN LUIS OBISPO",UNINCORPORATED,-120.6124267578125,35.101181030273438
91312195,2020,2020-09-25,9740,2020-09-19,1800,018069,,6,2,9,4000,0,1,3,,2,008,"SR-46 E/B","SHANDON REST AREA",0.00,,Y,A,-,Y,,,,,,,,,,Y,4,0,1,2,A,-,09,21801,A,N,D,C,A,A,H,-,A,D,0,,,,,Y,,A,01,0,0,1,0,0,0,0,0,0,"- ","- ",35.675239562988281,-120.47709655761719,"SAN LUIS OBISPO",UNINCORPORATED,,
91312361,2020,2020-09-25,9750,2020-09-22,1330,016874,,2,1,9,4000,0,1,3,,2,061,SR-166,"TWITCHELL DAM BRIDGE",740.00,E,N,A,-,Y,,,166,,,,,,,Y,2,0,1,1,C,-,18,,,N,H,H,A,A,H,-,A,D,0,,,Y,,Y,,-,"- ",1,0,0,0,0,0,0,0,1,"- ","- ",35.020988464355469,-120.31844329833984,"SAN LUIS OBISPO",UNINCORPORATED,-120.31848907470703,35.020919799804688
91313930,2020,2020-09-29,9740,2020-09-26,1425,020302,,6,2,9,4000,0,3,5,,2,019,"MISSION ST","MONTEREY RD",50.00,N,N,A,-,N,,,,,,,,,,N,4,0,1,1,A,-,08,22107,,N,E,I,A,A,H,-,A,D,0,,,,,Y,,A,01,0,0,1,0,0,0,0,0,0,"- ","- ",35.741588592529297,-120.69869995117188,"SAN LUIS OBISPO",UNINCORPORATED,-120.69866180419922,35.741565704345703
91314814,2020,2020-09-30,9745,2020-09-25,1613,020168,,5,2,9,4000,0,2,4,,1,042,"ORCUTT RD","EDNA RANCH CIR",26.00,N,N,A,-,N,,,,,,,,,,Y,4,0,1,2,A,-,09,21801,A,M,E,I,A,A,H,-,A,D,0,,,,,Y,,D,22,0,0,1,0,0,0,0,0,0,"- ","- ",35.198509216308594,-120.56784820556641,"SAN LUIS OBISPO",UNINCORPORATED,-120.57371520996094,35.201625823974609
91316070,2020,2020-10-01,9745,2020-09-28,1309,017151,,1,1,9,4000,0,1,2,,1,101,"US-101 NORTHBOUND","TV TOWER RD",528.00,N,N,A,-,Y,,,101,,,,,,N,Y,3,0,3,2,A,-,03,22350,,N,C,C,A,A,H,-,A,D,0,,,,,Y,,A,01,0,2,1,0,0,0,0,0,0,"- ","- ",35.349899291992188,-120.63189697265625,"SAN LUIS OBISPO",UNINCORPORATED,-120.63189697265625,35.349903106689453
91316373,2020,2020-10-02,9745,2020-09-28,1745,017151,,1,2,9,4000,0,1,3,,1,032,SR-227,"CRESTMONT DR",0.00,,Y,A,-,Y,,,227,,,,,,,Y,4,0,2,2,A,-,09,21802,A,N,D,C,A,A,H,-,A,D,0,,,,,Y,,A,01,0,0,2,0,0,0,0,0,0,"- ","- ",35.227401733398438,-120.62779998779297,"SAN LUIS OBISPO",UNINCORPORATED,-120.6278076171875,35.227397918701172
91316631,2020,2020-10-02,9745,2020-09-18,1607,019809,,5,2,9,4000,0,2,4,,1,055,"TEFFT STREET","US 101 S/B OFF-RAMP",0.00,,Y,A,-,Y,,,,,,,,,,N,3,0,1,2,A,-,09,21453,B,F,G,B,B,A,H,-,A,A,0,Y,,,,Y,,A,01,0,1,0,0,1,0,0,0,0,"- ","- ",35.036590576171875,-120.48541259765625,"SAN LUIS OBISPO",UNINCORPORATED,,
91317411,2020,2020-10-05,9740,2020-09-28,1615,020302,,1,2,9,4000,0,1,3,,2,007,SR-41,"POCO RD",4224.00,N,N,A,-,Y,,,41,,,,,,,Y,4,0,1,1,A,-,08,22107,,N,E,I,A,A,H,-,A,D,0,,,,,Y,,A,07,0,0,1,0,0,0,0,0,0,"- ","- ",35.510540008544922,-120.58690643310547,"SAN LUIS OBISPO",UNINCORPORATED,-120.58680725097656,35.510410308837891