CASE_ID,ACCIDENT_YEAR,PROC_DATE,JURIS,COLLISION_DATE,COLLISION_TIME,OFFICER_ID,REPORTING_DISTRICT,DAY_OF_WEEK,CHP_SHIFT,POPULATION,CNTY_CITY_LOC,SPECIAL_COND,BEAT_TYPE,CHP_BEAT_TYPE,CITY_DIVISION_LAPD,CHP_BEAT_CLASS,BEAT_NUMBER,PRIMARY_RD,SECONDARY_RD,DISTANCE,DIRECTION,INTERSECTION,WEATHER_1,WEATHER_2,STATE_HWY_IND,CALTRANS_COUNTY,CALTRANS_DISTRICT,STATE_ROUTE,ROUTE_SUFFIX,POSTMILE_PREFIX,POSTMILE,LOCATION_TYPE,RAMP_INTERSECTION,SIDE_OF_HWY,TOW_AWAY,COLLISION_SEVERITY,NUMBER_KILLED,NUMBER_INJURED,PARTY_COUNT,PRIMARY_COLL_FACTOR,PCF_CODE_OF_VIOL,PCF_VIOL_CATEGORY,PCF_VIOLATION,PCF_VIOL_SUBSECTION,HIT_AND_RUN,TYPE_OF_COLLISION,MVIW,PED_ACTION,ROAD_SURFACE,ROAD_COND_1,ROAD_COND_2,LIGHTING,CONTROL_DEVICE,CHP_ROAD_TYPE,PEDESTRIAN_ACCIDENT,BICYCLE_ACCIDENT,MOTORCYCLE_ACCIDENT,TRUCK_ACCIDENT,NOT_PRIVATE_PROPERTY,ALCOHOL_INVOLVED,STWD_VEHTYPE_AT_FAULT,CHP_VEHTYPE_AT_FAULT,COUNT_SEVERE_INJ,COUNT_VISIBLE_INJ,COUNT_COMPLAINT_PAIN,COUNT_PED_KILLED,COUNT_PED_INJURED,COUNT_BICYCLIST_KILLED,COUNT_BICYCLIST_INJURED,COUNT_MC_KILLED,COUNT_MC_INJURED,PRIMARY_RAMP,SECONDARY_RAMP,LATITUDE,LONGITUDE,COUNTY,CITY,POINT_X,POINT_Y
91317475,2020,2020-10-05,9740,2020-09-28,1725,020302,,1,2,4,4008,0,1,2,,2,001,"US-101 NORTHBOUND","CURBARIL AVE",2100.00,S,N,A,-,Y,,,101,,,,,,N,N,4,0,1,2,A,-,07,21658,A,N,E,I,A,A,H,-,A,D,0,,,,,Y,,A,01,0,0,1,0,0,0,0,0,0,"- ","- ",35.471111297607422,-120.65524291992188,"SAN LUIS OBISPO",ATASCADERO,-120.65522766113281,35.471118927001953
91317881,2020,2020-10-05,9745,2020-09-26,1920,019809,,6,2,9,4000,0,2,4,,1,038,"ORCUTT RD","MORRETTI CANYON RD",350.00,S,N,A,-,N,,,,,,,,,,Y,3,0,1,1,C,-,18,,,N,E,H,A,A,H,-,D,D,0,,,Y,,Y,,-,"- ",0,1,0,0,0,0,0,0,1,"- ","- ",35.210231781005859,-120.58664703369141,"SAN LUIS OBISPO",UNINCORPORATED,-120.58747863769531,35.210880279541016
91320443,2020,2020-10-08,9740,2020-10-01,2145,017498,,4,2,9,4000,0,1,3,,2,011,"SR-46 WESTBOUND","APPLE RD",2112.00,W,N,A,-,Y,,,,,,,,,,N,2,0,1,1,C,-,18,,,N,E,H,A,A,H,-,D,D,0,,,Y,,Y,Y,-,"- ",1,0,0,0,0,0,0,0,1,"- ","- ",35.536701202392578,-120.85328674316406,"SAN LUIS OBISPO",UNINCORPORATED,-120.856201171875,35.535388946533203
91321770,2020,2020-10-12,9745,2020-10-03,1000,016773,,6,1,9,4000,0,1,2,,1,101,US-101,"HAWK HILL RD",528.00,N,N,A,-,Y,,,101,,,,,,,Y,4,0,1,1,A,-,08,22107,,N,F,A,A,A,H,-,D,D,0,,,,,Y,,D,22,0,0,1,0,0,0,0,0,0,"- ","- ",35.314498901367188,-120.62315368652344,"SAN LUIS OBISPO",UNINCORPORATED,-120.62309265136719,35.314449310302734
91322025,2020,2020-10-12,9745,2020-10-07,1340,020211,,3,1,2,4005,0,1,2,,2,404,"US-101 SOUTHBOUND TO SR-1","PRICE ST",686.00,N,N,A,-,Y,,,101,,,,R,,S,N,4,0,1,2,A,-,03,22350,,N,C,C,A,A,H,-,A,D,0,,,,,Y,,A,07,0,0,1,0,0,0,0,0,0,"- ","- ",35.147609710693359,-120.64642333984375,"SAN LUIS OBISPO","PISMO BEACH",-120.64642333984375,35.147609710693359
91322643,2020,2020-10-13,9745,2020-10-11,1230,019070,,7,1,9,4000,0,2,4,,1,025,"LOS OSOS VALLEY RD","TURRI RD",3168.00,E,N,A,-,N,,,,,,,,,,Y,4,0,1,2,A,-,03,22350,,N,C,C,A,A,H,-,A,D,0,,,,,Y,,A,01,0,0,1,0,0,0,0,0,0,"- ","- ",35.297149658203125,-120.76714324951172,"SAN LUIS OBISPO",UNINCORPORATED,-120.76674652099609,35.296955108642578
91323441,2020,2020-10-14,9750,2020-09-30,0220,020511,,3,3,9,4000,0,1,3,,1,063,SR-166,"BRIDGE BR 49-0233",265.00,E,N,A,-,Y,,,166,,,,,,,Y,2,0,1,1,A,-,08,22107,,N,F,A,A,A,H,-,D,D,0,,,Y,,Y,,C,02,1,0,0,0,0,0,0,0,1,"- ","- ",35.061309814453125,-119.95279693603516,"SAN LUIS OBISPO",UNINCORPORATED,-119.95279693603516,35.061195373535156
91324784,2020,2020-10-15,9745,2020-10-13,1545,017151,,2,2,9,4000,0,1,2,,1,101,"US-101 NORTHBOUND","TV TOWER RD",3696.00,S,N,A,-,Y,,,101,,,,,,N,Y,4,0,1,3,A,-,03,22350,,N,C,C,A,A,H,-,A,D,0,,,,Y,Y,,A,07,0,0,1,0,0,0,0,0,0,"- ","- ",35.332000732421875,-120.62310028076172,"SAN LUIS OBISPO",UNINCORPORATED,-120.62322235107422,35.331912994384766
91326247,2020,2020-10-19,9745,2020-10-10,2330,016773,,6,3,9,4000,0,2,4,,1,051,"LOS BERROS RD","QUAILWOOD LN",350.00,E,N,A,-,N,,,,,,,,,,Y,2,0,2,1,A,-,01,23152,A,N,E,I,A,A,H,-,D,D,0,,,,,Y,Y,A,01,1,1,0,0,0,0,0,0,0,"- ","- ",35.075298309326172,-120.52413177490234,"SAN LUIS OBISPO",UNINCORPORATED,-120.52391052246094,35.075878143310547
91326453,2020,2020-10-19,9745,2020-10-16,1205,017144,,5,1,9,4000,0,1,2,,1,101,"US-101 SOUTHBOUND","STAGECOACH RD.",3168.00,N,N,A,-,Y,,,101,,,,,,S,Y,3,0,2,2,A,-,01,23152,A,N,C,C,A,A,H,-,A,D,0,,,,Y,Y,Y,A,01,0,2,0,0,0,0,0,0,0,"- ","- ",35.325901031494141,-120.62026214599609,"SAN LUIS OBISPO",UNINCORPORATED,-120.62031555175781,35.325908660888672
91327062,2020,2020-10-20,9745,2020-10-11,0740,017144,,7,1,9,4000,0,1,2,,1,101,"US-101 SOUTHBOUND","CUESTA SPRINGS RD.",2112.00,N,N,B,-,Y,,,101,,,,,,S,Y,3,0,1,1,A,-,08,22107,,N,E,I,A,A,H,-,A,D,0,,,,,Y,,A,01,0,1,0,0,0,0,0,0,0,"- ","- ",35.354690551757812,-120.63626098632812,"SAN LUIS OBISPO",UNINCORPORATED,-120.63631439208984,35.354656219482422
91331915,2020,2020-10-27,9740,2020-10-16,1640,019486,,5,2,9,4000,0,3,5,,2,018,"GENESEO RD","SR-46 E/B",3960.00,S,N,A,-,N,,,,,,,,,,Y,3,0,1,2,A,-,21,22106,,N,C,C,A,A,H,-,A,D,0,,,,,Y,,A,07,0,1,0,0,0,0,0,0,0,"- ","- ",35.648200988769531,-120.56089019775391,"SAN LUIS OBISPO",UNINCORPORATED,-120.56089019775391,35.648200988769531
91332410,2020,2020-10-27,9745,2020-10-16,1840,017151,,5,2,9,4000,0,1,3,,2,023,"SR-1 NORTHBOUND","GILARDI RD",0.00,,Y,A,-,Y,,,1,,,,,,N,Y,2,0,3,2,A,-,09,21802,A,N,D,C,A,A,H,-,B,D,0,,,,,Y,,A,07,1,2,0,0,0,0,0,0,0,"- ","- ",35.345020294189453,-120.76683807373047,"SAN LUIS OBISPO",UNINCORPORATED,-120.76688385009766,35.344963073730469
91333905,2020,2020-10-29,9745,2020-10-20,1730,018009,,2,2,9,4000,0,2,4,,1,051,"LOS BERROS ROAD","CALLE DEBRON",1584.00,E,N,A,-,N,,,,,,,,,,N,4,0,1,2,A,-,08,22107,,F,G,B,E,A,H,-,A,A,0,Y,,,,Y,,A,01,0,0,1,0,1,0,0,0,0,"- ","- ",35.077529907226562,-120.53045654296875,"SAN LUIS OBISPO",UNINCORPORATED,-120.53056335449219,35.077606201171875
91336002,2020,2020-10-30,9740,2020-10-21,0810,017426,,3,1,9,4000,0,1,3,,1,014,SR-1,"HARMONY RANCH RD",0.00,,N,B,-,Y,,,1,,,,,,,N,2,0,1,2,A,-,04,21703,,N,H,G,A,A,H,-,A,D,0,,Y,,,Y,,L,04,1,0,0,0,0,0,1,0,0,"- ","- ",35.519859313964844,-121.03733825683594,"SAN LUIS OBISPO",UNINCORPORATED,-121.03731536865234,35.519901275634766
91336545,2020,2020-11-02,9745,2020-10-06,1053,014910,,2,1,9,4000,0,2,4,,1,025,"LOS OSOS VALLEY ROAD","SOMBRERO DR",401.00,E,N,A,-,N,,,,,,,,,,N,2,0,1,2,A,-,01,23152,F,F,B,G,A,A,H,-,A,D,0,,Y,,,Y,,A,01,1,0,0,0,0,0,1,0,0,"- ","- ",35.304309844970703,-120.80487060546875,"SAN LUIS OBISPO",UNINCORPORATED,-120.80481719970703,35.304351806640625
91337941,2020,2020-11-03,9745,2020-10-29,1541,017151,,4,2,9,4000,0,3,5,,2,002,"SOUTH BAY BLVD","YAMA LN",74.00,N,N,A,-,N,,,,,,,,,,Y,3,0,1,2,A,-,05,21460,A,N,A,C,A,A,H,-,A,D,0,,,,,Y,,A,01,0,1,0,0,0,0,0,0,0,"- ","- ",35.320701599121094,-120.82309722900391,"SAN LUIS OBISPO",UNINCORPORATED,-120.82322692871094,35.320724487304688
91337968,2020,2020-11-03,9745,2020-10-31,1525,019809,,6,2,2,4005,0,1,2,,2,404,"US 101 S/B","SPYGLASS RD",6336.00,S,N,A,-,Y,,,,,,,,,,N,4,0,1,2,A,-,03,22350,,N,C,C,A,A,H,-,A,D,0,,,,,Y,,A,01,0,0,1,0,0,0,0,0,0,"- ","- ",35.156539916992188,-120.66866302490234,"SAN LUIS OBISPO","PISMO BEACH",-120.66829681396484,35.156379699707031
91338039,2020,2020-11-03,9745,2020-10-28,1137,015144,,3,1,9,4000,0,2,4,,1,048,"AVILA BEACH DRIVE","ONTARIO RD",200.00,W,N,A,-,N,,,,,,,,,,N,3,0,1,2,A,-,03,22350,,N,C,G,A,A,H,-,A,D,0,,Y,,,Y,,L,04,0,1,0,0,0,0,1,0,0,"- ","- ",35.181148529052734,-120.70424652099609,"SAN LUIS OBISPO",UNINCORPORATED,-120.70458221435547,35.181388854980469
91338896,2020,2020-11-04,9745,2020-10-29,0930,017541,,4,1,9,4000,0,1,2,,2,505,"JOSHUA RD","ORCHARD RD",500.00,E,N,A,-,N,,,,,,,,,,Y,4,0,2,2,A,-,03,22350,,N,C,C,A,A,H,-,A,D,0,,,,,Y,,A,01,0,0,2,0,0,0,0,0,0,"- ","- ",35.004970550537109,-120.45406341552734,"SAN LUIS OBISPO",UNINCORPORATED,-120.455810546875,35.003646850585938
91340029,2020,2020-11-05,9745,2020-10-28,1652,018009,,3,2,9,4000,0,3,5,,2,004,"WILLOW ROAD","ALBERT WAY",0.00,,Y,A,-,N,,,,,,,,,,Y,3,0,3,2,A,-,09,21801,A,N,D,C,A,A,H,-,A,D,0,,,,Y,Y,,G,27,0,1,2,0,0,0,0,0,0,"- ","- ",35.047149658203125,-120.55925750732422,"SAN LUIS OBISPO",UNINCORPORATED,-120.55927276611328,35.047328948974609
91343190,2020,2020-11-10,9745,2020-10-30,0330,017061,,5,3,9,4000,0,3,5,,2,004,SR-227,"NOYES RD",350.00,N,N,B,-,N,,,227,,,,,,,Y,3,0,1,1,A,-,08,22107,,N,E,I,A,A,H,-,D,D,0,,,,,Y,,A,07,0,1,0,0,0,0,0,0,0,"- ","- ",35.170780181884766,-120.58405303955078,"SAN LUIS OBISPO",UNINCORPORATED,-120.58402252197266,35.170799255371094
91343284,2020,2020-11-11,9745,2020-10-31,2145,017817,,6,2,9,4000,0,3,5,,2,002,"8TH ST.","RAMONA AVE",0.00,,Y,A,-,N,,,,,,,,,,Y,4,0,5,2,A,-,12,22450,A,N,D,C,A,A,H,-,C,A,0,,,,,Y,,A,01,0,0,5,0,0,0,0,0,0,"- ","- ",35.320690155029297,-120.83415222167969,"SAN LUIS OBISPO",UNINCORPORATED,-120.83435821533203,35.320671081542969
91345351,2020,2020-11-16,9740,2020-10-30,0615,020710,,5,1,9,4000,0,3,5,,2,019,"11TH STREET","MISSION ST",0.00,,Y,A,-,N,,,,,,,,,,Y,3,0,1,3,A,-,12,22450,A,N,D,C,A,A,H,-,C,D,0,,,,,Y,,A,08,0,1,0,0,0,0,0,0,0,"- ","- ",35.748878479003906,-120.69676971435547,"SAN LUIS OBISPO",UNINCORPORATED,-120.69677734375,35.748878479003906
91347118,2020,2020-11-17,9740,2020-11-14,1310,017498,,6,1,9,4000,0,3,5,,2,017,"FIRST STREET","MAIN STREET",10.00,W,N,A,-,N,,,,,,,,,,N,2,0,1,1,A,-,21,22106,,N,F,A,A,A,H,-,A,A,0,,,Y,,Y,,C,02,1,0,0,0,0,0,0,0,1,"- ","- ",35.552299499511719,-120.70288848876953,"SAN LUIS OBISPO",UNINCORPORATED,-120.70274353027344,35.552265167236328
91347620,2020,2020-11-18,9745,2020-11-15,1450,019809,,7,2,9,4000,0,2,4,,1,052,"THOMPSON AVE","CIMARRON WAY",5.00,N,N,A,-,N,,,,,,,,,,Y,4,0,1,2,A,-,03,22350,,N,C,C,A,A,H,-,A,D,0,,,,,Y,,A,01,0,0,1,0,0,0,0,0,0,"- ","- ",35.071949005126953,-120.51407623291016,"SAN LUIS OBISPO",UNINCORPORATED,-120.51413726806641,35.071983337402344
91355128,2020,2020-11-30,9745,2020-11-27,2215,020211,,5,3,9,4000,0,3,5,,2,005,"SUMMIT STATION RD","N. FRONTAGE RD",3.00,W,N,A,-,N,,,,,,,,,,Y,3,0,1,1,A,-,03,22350,,M,E,I,A,A,H,-,D,D,0,,,,,Y,,A,07,0,1,0,0,0,0,0,0,0,"- ","- ",35.067291259765625,-120.51273345947266,"SAN LUIS OBISPO",UNINCORPORATED,-120.51278686523438,35.067184448242188
9135727,2020,2020-09-16,4005,2020-07-24,1557,P110,6,5,5,2,4005,0,0,0,,0,,"HINDS AV","CYPRESS ST",124.00,E,N,A,-,N,,,,,,,,,,N,4,0,1,1,A,-,03,22350,,N,H,A,A,A,H,-,A,D,0,,,Y,,Y,,C,03,0,0,1,0,0,0,0,0,1,"- ","- ",,,"SAN LUIS OBISPO","PISMO BEACH",-120.64115905761719,35.139553070068359
9135824,2020,2020-09-17,4008,2020-07-19,2305,2114,,7,5,4,4008,0,0,0,,0,,"SANTA ROSA RD","EL CAMINO REAL",0.00,,Y,A,-,N,,,,,,,,,,Y,3,0,1,1,A,-,03,22350,,M,E,I,A,A,H,-,C,A,0,,,,,Y,Y,A,01,0,1,0,0,0,0,0,0,0,"- ","- ",35.466781616210938,-120.64968109130859,"SAN LUIS OBISPO",ATASCADERO,-120.64956665039062,35.466850280761719
91358275,2020,2020-12-03,9745,2020-11-24,1850,018009,,2,2,9,4000,0,2,4,,1,055,"LOS BERROS RD","U.S. 101 SOUTHBOUND TO LOS BERROS ROAD",0.00,,Y,A,-,N,,,,,,,,,,Y,4,0,2,2,A,-,12,22450,A,N,D,C,A,A,H,-,C,A,0,,,,,Y,,A,01,0,0,2,0,0,0,0,0,0,"- ","- ",35.071769714355469,-120.51750183105469,"SAN LUIS OBISPO",UNINCORPORATED,,
91358409,2020,2020-12-03,9740,2020-11-27,1405,018988,,5,2,9,4000,0,3,5,,2,017,"EL POMAR DR","HOLLYHOCK LN",0.00,,Y,A,-,N,,,,,,,,,,Y,3,0,2,2,A,-,09,21802,A,N,D,C,A,A,H,-,A,A,0,,,,,Y,,A,01,0,2,0,0,0,0,0,0,0,"- ","- ",35.562759399414062,-120.64392852783203,"SAN LUIS OBISPO",UNINCORPORATED,-120.64385986328125,35.562751770019531
91358983,2020,2020-12-04,9740,2020-11-29,0840,017498,,7,1,9,4000,0,1,3,,2,011,SR-46,"ARBOR RD",792.00,E,N,A,-,Y,,,46,,,,,,,Y,4,0,1,2,A,-,03,22350,,N,C,C,A,A,H,-,A,D,0,,,,,Y,,A,01,0,0,1,0,0,0,0,0,0,"- ","- ",35.584678649902344,-120.71150207519531,"SAN LUIS OBISPO",UNINCORPORATED,-120.71149444580078,35.584671020507812
91359023,2020,2020-12-04,9745,2020-11-23,1415,020029,,1,2,9,4000,0,1,2,,2,404,"US-101 SOUTHBOUND","PRICE ST",1025.00,N,N,A,-,Y,,,101,,,,,,S,Y,3,0,1,4,A,-,03,22350,,N,C,C,A,A,H,-,A,D,0,,,,,Y,,A,07,0,1,0,0,0,0,0,0,0,"- ","- ",35.154670715332031,-120.6634521484375,"SAN LUIS OBISPO",UNINCORPORATED,-120.66351318359375,35.154506683349609
91359213,2020,2020-12-04,9745,2020-11-21,0902,014910,,6,1,9,4000,0,3,5,,2,003,"TANK FARM ROAD","SANTA FE RD",5280.00,W,N,A,-,N,,,,,,,,,,N,3,0,1,1,A,-,08,22107,,N,E,I,A,A,H,-,A,D,0,,,,,Y,,D,22,0,1,0,0,0,0,0,0,0,"- ","- ",35.246868133544922,-120.64919281005859,"SAN LUIS OBISPO",UNINCORPORATED,-120.66503143310547,35.246818542480469
91359549,2020,2020-12-07,9740,2020-11-23,1803,019800,,1,2,9,4000,0,1,2,,2,002,"US-101 N/B","SR-46 WEST",1056.00,S,N,A,-,Y,,,101,,,,,,N,Y,3,0,1,3,A,-,07,21658,A,N,B,C,A,A,H,-,D,D,0,,,,Y,Y,,A,01,0,1,0,0,0,0,0,0,0,"- ","- ",35.581008911132812,-120.69671630859375,"SAN LUIS OBISPO",UNINCORPORATED,-120.69663238525391,35.580997467041016
91359550,2020,2020-12-07,9740,2020-11-29,1201,019800,,7,1,9,4000,0,1,3,,2,007,SR-41,"YOSEMITE PL",2112.00,N,N,A,-,Y,,,41,,,,,,,N,3,0,1,1,A,-,08,22107,,N,F,A,A,A,H,-,A,D,0,,,Y,,Y,,C,02,0,1,0,0,0,0,0,0,1,"- ","- ",35.576431274414062,-120.46507263183594,"SAN LUIS OBISPO",UNINCORPORATED,-120.46504211425781,35.576419830322266
91359551,2020,2020-12-07,9740,2020-11-28,2025,021275,,6,2,9,4000,0,3,5,,2,017,"W. POZO RD",SR-58,6864.00,S,N,A,-,N,,,,,,,,,,Y,3,0,1,1,A,-,01,23152,A,N,E,I,A,A,H,-,D,D,0,,,,,Y,Y,A,01,0,1,0,0,0,0,0,0,0,"- ","- ",35.374858856201172,-120.56545257568359,"SAN LUIS OBISPO",UNINCORPORATED,-120.56562042236328,35.374904632568359
91359554,2020,2020-12-07,9740,2020-11-29,1400,020302,,7,2,9,4000,0,1,2,,2,002,"US-101 NORTHBOUND","LAS TABLAS RD",1100.00,S,N,A,-,Y,,,101,,,,,,N,Y,4,0,1,1,A,-,08,22107,,N,E,I,A,A,H,-,A,D,0,,,,,Y,,A,01,0,0,1,0,0,0,0,0,0,"- ","- ",35.550689697265625,-120.71507263183594,"SAN LUIS OBISPO",UNINCORPORATED,-120.71513366699219,35.550727844238281
91360126,2020,2020-12-07,9745,2020-11-29,1835,018454,,7,2,9,4000,0,3,5,,2,004,"HUASNA RD","7210 HUASNA RD",500.00,W,N,A,-,N,,,,,,,,,,Y,3,0,1,1,A,-,01,23152,A,N,E,I,A,A,H,-,D,D,0,,,,,Y,Y,A,01,0,1,0,0,0,0,0,0,0,"- ","- ",35.133621215820312,-120.45245361328125,"SAN LUIS OBISPO",UNINCORPORATED,-120.45169067382812,35.134326934814453
91360623,2020,2020-12-07,9745,2020-11-30,0650,016773,,1,1,9,4000,0,3,5,,2,005,"DIVISION STREET","S. LAS FLORES DR.",413.00,S,N,A,-,N,,,,,,,,,,Y,2,0,4,2,A,-,05,21460,A,N,A,C,A,A,H,-,B,D,0,,,,,Y,,A,01,1,1,2,0,0,0,0,0,0,"- ","- ",35.009559631347656,-120.49514770507812,"SAN LUIS OBISPO",UNINCORPORATED,-120.49508666992188,35.009597778320312
91360669,2020,2020-12-07,9740,2020-11-29,1815,021275,,7,2,9,4000,0,3,5,,2,024,"WINDSOR BLVD",SR-1,1500.00,W,N,A,-,N,,,,,,,,,,Y,4,0,1,1,A,-,01,23152,A,N,F,A,A,A,H,-,D,D,0,,,Y,,Y,Y,C,02,0,0,1,0,0,0,0,0,1,"- ","- ",35.566249847412109,-121.10755157470703,"SAN LUIS OBISPO",UNINCORPORATED,-121.10721588134766,35.566352844238281
91361245,2020,2020-12-08,9745,2020-11-30,0802,015144,,1,1,9,4000,0,3,5,,2,005,"DIVISION STREET","RIVERSIDE RD",100.00,N,N,A,-,N,,,,,,,,,,Y,3,0,1,1,A,-,08,22107,,M,E,I,A,A,H,-,A,D,0,,,,,Y,,A,01,0,1,0,0,0,0,0,0,0,"- ","- ",35.010028839111328,-120.50148773193359,"SAN LUIS OBISPO",UNINCORPORATED,-120.50161743164062,35.009975433349609
9136203,2020,2020-10-05,4002,2020-07-31,1452,672,,5,5,3,4002,0,0,0,,0,,"FARROLL RD","16TH ST",0.00,,Y,A,-,N,,,,,,,,,,Y,4,0,1,2,A,-,00,21450,A,N,D,C,A,A,H,-,A,A,0,,,,,Y,,A,01,0,0,1,0,0,0,0,0,0,"- ","- ",,,"SAN LUIS OBISPO","GROVER BEACH",-120.61244201660156,35.110748291015625
91363264,2020,2020-12-10,9745,2020-10-06,1106,014910,,2,1,9,4000,0,1,3,,2,023,"SR-1 (SANTA ROSA ST.)","HIGHLAND DR.",74.00,S,N,A,-,Y,,,1,,,,,,,Y,2,0,2,4,A,-,01,23152,F,N,C,C,A,A,H,-,A,A,0,,Y,,,Y,,A,01,2,0,0,0,0,0,0,0,0,"- ","- ",35.298240661621094,-120.67355346679688,"SAN LUIS OBISPO",UNINCORPORATED,-120.67352294921875,35.298274993896484
91363789,2020,2020-12-10,9740,2020-12-09,0510,017498,,3,3,9,4000,0,1,3,,1,015,SR-1,"PIEDRAS BLANCAS RD",36960.00,N,N,A,-,Y,,,1,,,,,,,Y,4,0,1,1,A,-,03,22350,,N,E,I,A,A,H,-,D,D,0,,,,,Y,,A,01,0,0,1,0,0,0,0,0,0,"- ","- ",35.760318756103516,-121.32161712646484,"SAN LUIS OBISPO",UNINCORPORATED,-121.32156372070312,35.760326385498047
91363795,2020,2020-12-10,9745,2020-12-02,1753,017968,,3,2,9,4000,0,2,4,,1,051,"LOS BERROS ROAD","STANTON STREET",735.00,S,N,A,-,N,,,,,,,,,,Y,2,0,1,2,A,-,03,22350,,N,C,C,A,A,H,-,D,D,0,,,,,Y,,D,22,1,0,0,0,0,0,0,0,0,"- ","- ",35.079048156738281,-120.54489898681641,"SAN LUIS OBISPO",UNINCORPORATED,-120.54500579833984,35.079055786132812
91363819,2020,2020-12-10,9740,2020-12-05,2315,020302,,6,3,9,4000,0,3,5,,2,017,"TEMPLETON RD","EUREKA LN",750.00,W,N,A,-,N,,,,,,,,,,Y,4,0,1,1,A,-,01,23152,A,N,F,A,A,A,H,-,D,D,0,,,,,Y,Y,D,22,0,0,1,0,0,0,0,0,0,"- ","- ",35.527759552001953,-120.68093872070312,"SAN LUIS OBISPO",UNINCORPORATED,-120.68098449707031,35.527687072753906
91364500,2020,2020-12-11,9745,2020-11-30,1824,020689,,1,2,9,4000,0,2,4,,1,051,"LOS BERROS RD.","PHELAN RANCH WAY",321.00,S,N,A,-,N,,,,,,,,,,Y,1,1,0,1,A,-,08,22107,,N,E,I,A,A,H,-,D,D,0,,,,,Y,,E,22,0,0,0,0,0,0,0,0,0,"- ","- ",35.085800170898438,-120.55599975585938,"SAN LUIS OBISPO",UNINCORPORATED,-120.55599975585938,35.08575439453125
91367949,2020,2020-12-15,9740,2020-12-11,0740,017498,,5,1,9,4000,0,2,4,,2,012,"G-14 (NACIMIENTO LAKE DRIVE)","CHIMNEY ROCK RD",340.00,E,N,B,-,N,,,,,,,,,,N,4,0,1,1,A,-,08,22107,,N,E,I,A,B,H,-,A,D,0,,,,,Y,,D,22,0,0,1,0,0,0,0,0,0,"- ","- ",35.690181732177734,-120.79660797119141,"SAN LUIS OBISPO",UNINCORPORATED,-120.79652404785156,35.690330505371094
91367957,2020,2020-12-15,9740,2020-12-08,1405,019648,,2,2,9,4000,0,1,2,,2,002,"US-101 NORTHBOUND","LAS TABLAS ROAD",1056.00,S,N,A,-,Y,,,101,,,,,,N,Y,4,0,1,1,A,-,01,23152,A,N,E,I,A,A,H,-,A,D,0,,,,,Y,Y,A,01,0,0,1,0,0,0,0,0,0,"- ","- ",35.548549652099609,-120.71578216552734,"SAN LUIS OBISPO",UNINCORPORATED,-120.71585083007812,35.548557281494141
91368688,2020,2020-12-16,9745,2020-12-14,2145,017968,,1,2,9,4000,0,3,5,,2,002,"HENRIETTA AVE","SUNNYHILL AVENUE",10.00,W,N,A,-,N,,,,,,,,,,Y,4,0,1,2,A,-,08,22107,,N,A,E,A,A,H,-,D,D,0,,,,,Y,Y,A,01,0,0,1,0,0,0,0,0,0,"- ","- ",35.317378997802734,-120.84886932373047,"SAN LUIS OBISPO",UNINCORPORATED,-120.84888458251953,35.317417144775391
91369303,2020,2020-12-17,9745,2020-12-10,1630,020689,,4,2,9,4000,0,3,5,,2,004,"14TH STREET","RICE ST.",150.00,N,N,A,-,N,,,,,,,,,,N,3,0,1,2,C,-,18,,,N,G,B,D,A,H,-,A,D,0,Y,,,,Y,,-,"- ",0,1,0,0,1,0,0,0,0,"- ","- ",35.103401184082031,-120.61499786376953,"SAN LUIS OBISPO",UNINCORPORATED,-120.61501312255859,35.103420257568359
91375527,2020,2020-12-28,9745,2020-12-16,2230,020029,,3,3,9,4000,0,3,5,,2,004,"VALLEY RD","SUNRISE TER",2000.00,N,N,A,-,N,,,,,,,,,,Y,4,0,1,2,A,-,01,23152,A,N,C,C,A,A,H,-,D,D,0,,,,,Y,Y,D,22,0,0,1,0,0,0,0,0,0,"- ","- ",35.10919189453125,-120.58103942871094,"SAN LUIS OBISPO",UNINCORPORATED,-120.58076477050781,35.111988067626953
91376926,2020,2020-12-29,9740,2020-12-25,0123,020302,,5,3,4,4008,0,1,2,,2,001,"US-101 SOUTHBOUND","SANTA BARBARA RD",211.00,N,N,A,-,Y,,,101,,,,,,S,Y,4,0,1,1,A,-,01,23152,A,N,F,A,A,A,H,-,D,D,0,,,,,Y,Y,A,01,0,0,1,0,0,0,0,0,0,"- ","- ",35.448951721191406,-120.63935852050781,"SAN LUIS OBISPO",ATASCADERO,-120.6392822265625,35.448966979980469