CASE_ID,ACCIDENT_YEAR,PROC_DATE,JURIS,COLLISION_DATE,COLLISION_TIME,OFFICER_ID,REPORTING_DISTRICT,DAY_OF_WEEK,CHP_SHIFT,POPULATION,CNTY_CITY_LOC,SPECIAL_COND,BEAT_TYPE,CHP_BEAT_TYPE,CITY_DIVISION_LAPD,CHP_BEAT_CLASS,BEAT_NUMBER,PRIMARY_RD,SECONDARY_RD,DISTANCE,DIRECTION,INTERSECTION,WEATHER_1,WEATHER_2,STATE_HWY_IND,CALTRANS_COUNTY,CALTRANS_DISTRICT,STATE_ROUTE,ROUTE_SUFFIX,POSTMILE_PREFIX,POSTMILE,LOCATION_TYPE,RAMP_INTERSECTION,SIDE_OF_HWY,TOW_AWAY,COLLISION_SEVERITY,NUMBER_KILLED,NUMBER_INJURED,PARTY_COUNT,PRIMARY_COLL_FACTOR,PCF_CODE_OF_VIOL,PCF_VIOL_CATEGORY,PCF_VIOLATION,PCF_VIOL_SUBSECTION,HIT_AND_RUN,TYPE_OF_COLLISION,MVIW,PED_ACTION,ROAD_SURFACE,ROAD_COND_1,ROAD_COND_2,LIGHTING,CONTROL_DEVICE,CHP_ROAD_TYPE,PEDESTRIAN_ACCIDENT,BICYCLE_ACCIDENT,MOTORCYCLE_ACCIDENT,TRUCK_ACCIDENT,NOT_PRIVATE_PROPERTY,ALCOHOL_INVOLVED,STWD_VEHTYPE_AT_FAULT,CHP_VEHTYPE_AT_FAULT,COUNT_SEVERE_INJ,COUNT_VISIBLE_INJ,COUNT_COMPLAINT_PAIN,COUNT_PED_KILLED,COUNT_PED_INJURED,COUNT_BICYCLIST_KILLED,COUNT_BICYCLIST_INJURED,COUNT_MC_KILLED,COUNT_MC_INJURED,PRIMARY_RAMP,SECONDARY_RAMP,LATITUDE,LONGITUDE,COUNTY,CITY,POINT_X,POINT_Y
91378001,2020,2020-12-30,9740,2020-12-27,1005,017952,,7,1,9,4000,0,1,3,,2,005,SR-58,"PARKHILL RD",3168.00,E,N,A,-,Y,,,58,,,,,,,Y,3,0,1,1,A,-,08,22107,,N,F,A,A,A,H,-,A,D,0,,,Y,,Y,,C,02,0,1,0,0,0,0,0,0,1,"- ","- ",35.419269561767578,-120.55471038818359,"SAN LUIS OBISPO",UNINCORPORATED,-120.55472564697266,35.419219970703125
91378273,2020,2020-12-30,9745,2020-12-27,1309,015144,,7,1,9,4000,0,1,3,,1,045,SR-1,"OSO FLACO LAKE ROAD",0.00,,Y,A,-,Y,,,1,,,,,,,Y,2,0,4,2,A,-,09,21802,A,N,D,C,A,A,H,-,A,A,0,,,,,Y,,A,01,1,0,3,0,0,0,0,0,0,"- ","- ",35.010711669921875,-120.56771087646484,"SAN LUIS OBISPO",UNINCORPORATED,-120.56763458251953,35.010677337646484
91378672,2020,2020-12-31,9740,2020-12-20,0940,019259,,7,1,9,4000,0,3,5,,2,019,"RIVER RD","WELLSONA RD",2640.00,N,N,A,-,N,,,,,,,,,,Y,2,0,1,1,A,-,08,22107,,N,E,I,A,A,H,-,A,A,0,,,,,Y,,A,01,1,0,0,0,0,0,0,0,0,"- ","- ",35.704349517822266,-120.68153381347656,"SAN LUIS OBISPO",UNINCORPORATED,-120.68340301513672,35.690105438232422
91380160,2020,2021-01-04,9745,2020-12-26,1430,020417,,6,2,9,4000,0,1,2,,2,303,"US-101 S/B","AVILA BEACH DR.",2640.00,N,N,A,-,Y,,,101,,,,,,S,Y,3,0,1,1,A,-,01,23152,F,N,E,I,A,A,H,-,A,D,0,,,,,Y,,A,01,0,1,0,0,0,0,0,0,0,"- ","- ",35.186481475830078,-120.70147705078125,"SAN LUIS OBISPO",UNINCORPORATED,-120.70139312744141,35.186473846435547
91381050,2020,2021-01-05,9740,2020-12-30,1640,019700,,3,2,9,4000,0,3,5,,2,024,"MAIN STREET","BRIDGE STREET",6.00,S,N,A,-,N,,,,,,,,,,N,4,0,2,3,A,-,10,21950,A,N,G,B,B,A,H,-,A,D,0,Y,,,,Y,,D,22,0,0,2,0,2,0,0,0,0,"- ","- ",35.564411163330078,-121.08148956298828,"SAN LUIS OBISPO",UNINCORPORATED,-121.08158111572266,35.564323425292969
9141622,2020,2020-10-13,4008,2020-08-07,2151,2032,,5,5,4,4008,0,0,0,,0,,"HIDALGO AV","ESCALON PL",300.00,S,N,A,-,N,,,,,,,,,,Y,3,0,1,3,A,-,01,23153,A,N,A,E,A,A,H,-,B,D,0,,,,,Y,Y,A,01,0,1,0,0,0,0,0,0,0,"- ","- ",35.507038116455078,-120.66515350341797,"SAN LUIS OBISPO",ATASCADERO,-120.66468811035156,35.506320953369141
9141899,2020,2020-08-26,4008,2020-07-11,0626,2114,,6,5,4,4008,0,0,0,,0,,"PORTOLA RD","MORRO RD",487.00,N,N,A,-,N,,,,,,,,,,Y,3,0,1,1,A,-,03,22350,,N,E,I,A,A,H,-,A,D,0,,,,,Y,,A,01,0,1,0,0,0,0,0,0,0,"- ","- ",,,"SAN LUIS OBISPO",ATASCADERO,-120.67131042480469,35.469566345214844
9142315,2020,2020-09-29,4006,2020-07-20,1126,16380,,1,5,4,4006,0,0,0,,0,,"LOS OSOS VALLEY","FROOM RANCH",120.00,W,N,A,-,N,,,,,,,,,,N,4,0,1,3,A,-,03,22350,,N,C,C,A,A,H,-,A,A,0,,,,,Y,,A,07,0,0,1,0,0,0,0,0,0,"- ","- ",35.252899169921875,-120.68797302246094,"SAN LUIS OBISPO","SAN LUIS OBISPO",-120.6878662109375,35.252803802490234
9142317,2020,2020-09-29,4006,2020-07-19,1357,98137,,7,5,4,4006,0,0,0,,0,,FOOTHILL,CASA,50.00,W,N,A,-,N,,,,,,,,,,Y,4,0,1,1,C,-,18,,,N,E,I,A,A,H,-,A,D,0,,,,,Y,,-,"- ",0,0,1,0,0,0,0,0,0,"- ","- ",35.294090270996094,-120.66607666015625,"SAN LUIS OBISPO","SAN LUIS OBISPO",-120.66598510742188,35.294261932373047
9144843,2020,2020-10-22,4006,2020-08-17,1343,62657,,1,5,4,4006,0,0,0,,0,,"SANTA ROSA",OAK,0.00,,Y,A,-,N,,,,,,,,,,Y,2,0,1,2,A,-,09,21802,A,N,D,C,A,A,H,-,A,A,0,,,,,Y,,A,01,1,0,0,0,0,0,0,0,0,"- ","- ",35.289169311523438,-120.6656494140625,"SAN LUIS OBISPO","SAN LUIS OBISPO",,
9147721,2020,2020-10-22,4005,2020-08-16,2500,P109,6,7,5,2,4005,0,0,0,,0,,"PRICE ST","STIMSON AV",0.00,,Y,A,-,N,,,,,,,,,,Y,3,0,1,2,A,-,07,21658,A,N,D,C,A,A,H,-,A,D,0,,,,,Y,,A,01,0,1,0,0,0,0,0,0,0,"- ","- ",,,"SAN LUIS OBISPO","PISMO BEACH",-120.63848876953125,35.140361785888672
9147722,2020,2020-10-22,4005,2020-08-21,1145,P090,3,5,5,2,4005,0,0,0,,0,,CUYAMA,OCEAN,474.00,E,N,A,-,N,,,,,,,,,,N,3,0,1,2,A,-,05,21650,1,N,D,G,A,A,H,-,A,D,0,,Y,,,Y,,L,04,0,1,0,0,0,0,1,0,0,"- ","- ",,,"SAN LUIS OBISPO","PISMO BEACH",-120.67672729492188,35.15716552734375
9148556,2020,2020-10-26,4002,2020-08-31,1852,464,,1,5,3,4002,0,0,0,,0,,"N 16TH ST","RAMONA AV",0.00,,Y,B,-,N,,,,,,,,,,N,3,0,1,2,A,-,09,21802,A,N,D,C,A,A,H,-,A,A,0,,,,,Y,,A,01,0,1,0,0,0,0,0,0,0,"- ","- ",,,"SAN LUIS OBISPO","GROVER BEACH",-120.61152648925781,35.122138977050781
9149885,2020,2020-11-25,4003,2020-07-08,0923,T4434,OUT,3,5,2,4003,0,0,0,,0,,"RT 1","TORO CRK",0.00,,Y,A,-,Y,SLO,5,1,-,-,32.780,H,-,N,N,4,0,2,2,A,-,03,22350,,N,C,C,A,A,H,-,A,D,0,,,,,Y,Y,A,01,0,0,2,0,0,0,0,0,0,"- ","- ",,,"SAN LUIS OBISPO","MORRO BAY",-120.8739013671875,35.414730072021484
9154297,2020,2021-01-19,4001,2020-08-17,1450,P0139,463,1,5,3,4001,0,0,0,,0,,"EAST GRAND AV","S COURTLAND ST",0.00,,Y,A,-,N,,,,,,,,,,N,4,0,1,3,A,-,08,22107,,N,C,E,-,A,H,-,A,D,0,Y,,,,Y,,D,22,0,0,1,0,0,0,0,0,0,"- ","- ",,,"SAN LUIS OBISPO","ARROYO GRANDE",-120.60665893554688,35.120838165283203
9155128,2020,2020-12-02,4001,2020-08-03,0940,P0114,"46 3",1,5,3,4001,0,0,0,,0,OPERAT,"GRAND AV","RT 101",35.00,E,N,A,-,Y,SLO,5,101,-,-,13.314,R,4,N,N,4,0,1,2,A,-,03,22350,,N,C,C,A,A,H,-,A,A,0,,,,,Y,,A,01,0,0,1,0,0,0,0,0,0,"- ",NO,,,"SAN LUIS OBISPO","ARROYO GRANDE",-120.58594512939453,35.122161865234375
9155545,2020,2020-11-06,4006,2020-09-02,1537,16380,,3,5,4,4006,0,0,0,,0,,HIGUERA,OSOS,11.00,W,N,A,-,N,,,,,,,,,,N,4,0,1,4,C,-,18,,,N,G,B,B,A,G,-,A,A,0,Y,,Y,,Y,,-,"- ",0,0,1,0,1,0,0,0,0,"- ","- ",35.281078338623047,-120.55087280273438,"SAN LUIS OBISPO","SAN LUIS OBISPO",-120.66081237792969,35.281143188476562
9161146,2020,2020-11-25,4004,2020-09-14,1355,1448,,1,5,3,4004,0,0,0,,0,,"RT 46 E","BUENA VISTA DR",83.00,E,N,A,-,Y,SLO,5,46,-,-,30.530,H,-,E,Y,4,0,2,2,A,-,09,21801,A,N,C,C,A,A,H,-,A,A,0,,,,,Y,,A,01,0,0,2,0,0,0,0,0,0,"- ","- ",35.64447021484375,-120.67240905761719,"SAN LUIS OBISPO","PASO ROBLES",-120.67146301269531,35.644405364990234
9161420,2020,2021-01-21,4002,2020-09-02,1735,721,,3,5,3,4002,0,0,0,,0,,"N OAK PARK BL","SIERRA DR",42.00,S,N,A,-,N,,,,,,,,,,Y,2,0,2,3,A,-,00,23103,A,N,A,C,A,A,H,-,A,D,0,,,Y,,Y,,A,01,1,1,0,0,0,0,0,0,0,"- ","- ",,,"SAN LUIS OBISPO","GROVER BEACH",-120.60757446289062,35.128501892089844
9167312,2020,2021-01-13,4008,2020-10-03,1632,3125,,6,5,4,4008,0,0,0,,0,,"VIEJO CAMINO","SANTA BARBARA RD",0.00,,Y,A,-,N,,,,,,,,,,Y,4,0,1,2,A,-,12,22450,A,N,D,C,A,A,H,-,A,A,0,,,,,Y,,A,01,0,0,1,0,0,0,0,0,0,"- ","- ",35.448818206787109,-120.63224792480469,"SAN LUIS OBISPO",ATASCADERO,-120.63210296630859,35.448799133300781
9169540,2020,2021-01-19,4008,2020-09-29,2027,5151,,2,5,4,4008,0,0,0,,0,,"MORRO RD",MORRO,292.00,W,N,A,-,N,,,41,,,,,,,N,3,0,1,2,A,-,10,21954,B,N,G,B,D,A,H,-,C,D,0,Y,,,,Y,Y,A,01,0,1,0,0,1,0,0,0,0,"- ",SO,35.484859466552734,-120.66522216796875,"SAN LUIS OBISPO",ATASCADERO,-120.66522979736328,35.48486328125
9174936,2020,2020-12-04,4008,2020-10-02,0816,2133,,5,5,4,4008,0,0,0,,0,,"EL CAMINO REAL","SAN JACINTO AV",139.00,S,N,A,-,N,,,,,,,,,,Y,4,0,1,3,A,-,09,21801,A,N,D,C,A,A,H,-,A,D,0,,,,,Y,,A,01,0,0,1,0,0,0,0,0,0,"- ","- ",35.495361328125,-120.67964935302734,"SAN LUIS OBISPO",ATASCADERO,-120.67938995361328,35.495105743408203
9182376,2020,2020-12-22,4008,2020-10-21,1435,2112,,3,5,4,4008,0,0,0,,0,,"SOLANO RD","EL CAMINO REAL",0.00,,Y,A,-,N,,,,,,,,,,N,4,0,1,2,A,-,12,22450,A,N,H,G,A,A,H,-,A,D,0,,Y,,,Y,,A,01,0,0,1,0,0,0,1,0,0,"- ","- ",35.471599578857422,-120.65322875976562,"SAN LUIS OBISPO",ATASCADERO,-120.65329742431641,35.471611022949219
9182586,2020,2020-11-24,4006,2020-09-27,0052,98539,,7,5,4,4006,0,0,0,,0,,"CALLE JOAQUIN","LOS OSOS VALLEY",395.00,S,N,A,-,N,,,,,,,,,,Y,3,0,1,1,A,-,01,23152,,N,E,I,A,A,H,-,C,D,0,,,,,Y,Y,A,01,0,1,0,0,0,0,0,0,0,"- ","- ",35.245800018310547,-120.68405914306641,"SAN LUIS OBISPO","SAN LUIS OBISPO",-120.68386840820312,35.245944976806641
9184767,2020,2021-02-04,4004,2020-11-05,1422,1349,,4,5,3,4004,0,0,0,,0,,"SPRING ST","5TH ST",0.00,,Y,A,-,N,,,,,,,,,,N,4,0,1,2,A,-,03,22350,,N,C,C,A,A,H,-,A,D,0,,,,,Y,,A,01,0,0,1,0,0,0,0,0,0,"- ","- ",35.619400024414062,-120.69082641601562,"SAN LUIS OBISPO","PASO ROBLES",-120.69078826904297,35.619419097900391
9188632,2020,2020-12-08,4008,2020-10-13,1229,2154,,2,5,4,4008,0,0,0,,0,,"EL CAMINO REAL","WEST MALL",74.00,N,N,A,-,N,,,,,,,,,,N,4,0,3,2,A,-,08,22107,,N,D,-,A,A,H,-,A,D,0,,,,,Y,,A,07,0,0,3,0,0,0,0,0,0,"- ","- ",35.488460540771484,-120.66857147216797,"SAN LUIS OBISPO",ATASCADERO,-120.6688232421875,35.488582611083984
9189902,2020,2020-12-21,4001,2020-10-26,1147,P0144,463,1,5,3,4001,0,0,0,,0,OPERAT,"EAST GRAND AV","EL CAMINO REAL",88.00,E,N,A,-,N,,,,,,,,,,N,3,0,1,1,B,-,22,,,N,E,I,A,A,H,-,A,A,0,,Y,,,Y,,L,04,0,1,0,0,0,0,1,0,0,"- ","- ",,,"SAN LUIS OBISPO","ARROYO GRANDE",-120.58412933349609,35.121231079101562
9189904,2020,2020-12-21,4001,2020-10-13,1528,P0150,463,2,5,3,4001,0,0,0,,0,OPERAT,"FARROLL AV","SOUTH ELM ST",0.00,,N,A,-,N,,,,,,,,,,Y,3,0,1,3,A,-,01,23152,A,M,F,E,A,A,H,-,A,D,0,,,,,Y,Y,D,22,0,1,0,0,0,0,0,0,0,"- ","- ",,,"SAN LUIS OBISPO","ARROYO GRANDE",-120.60057830810547,35.110698699951172
9189906,2020,2020-12-21,4001,2020-10-06,1416,P0144,463,2,5,3,4001,0,0,0,,0,OPERAT,"S HALCYON RD","FAIR OAKS AV",4.00,E,N,A,-,N,,,,,,,,,,N,3,0,1,2,A,-,17,21451,A,N,D,G,A,A,H,-,A,A,0,,Y,,,Y,,A,01,0,1,0,0,0,0,1,0,0,"- ","- ",,,"SAN LUIS OBISPO","ARROYO GRANDE",-120.59161376953125,35.112728118896484
9190410,2020,2020-12-15,4003,2020-10-17,1518,G5947,6,6,5,2,4003,0,0,0,,0,001,"ON ATASCADERO RD",HILL,0.00,,Y,A,-,Y,SLO,5,41,-,-,0.260,H,-,N,Y,4,0,1,2,A,-,09,21801,A,N,D,C,A,A,H,-,A,A,0,,,,Y,Y,,F,26,0,0,1,0,0,0,0,0,0,"- ","- ",,,"SAN LUIS OBISPO","MORRO BAY",-120.85171508789062,35.38189697265625
9190411,2020,2020-12-15,4008,2020-10-31,2147,2113,,6,5,4,4008,0,0,0,,0,,"MORRO RD","SANTA ROSA RD",184.00,S,N,A,-,Y,SLO,5,41,-,-,14.490,H,-,S,N,2,0,1,1,C,-,18,,,N,H,H,A,A,H,-,D,D,0,,,Y,,Y,Y,-,"- ",1,0,0,0,0,0,0,0,1,"- ","- ",35.46588134765625,-120.67160797119141,"SAN LUIS OBISPO",ATASCADERO,-120.67189788818359,35.465629577636719
9190524,2020,2020-12-22,4006,2020-10-03,2002,10938,4006,6,5,4,4006,0,0,0,,0,,"LOS OSOS VALLEY RD","RT 101",0.00,,Y,A,-,Y,SLO,5,101,-,-,26.070,R,4,S,Y,4,0,3,2,D,-,00,,,N,D,C,A,A,H,-,C,A,0,,,,,Y,,-,"- ",0,0,3,0,0,0,0,0,0,"- ",SF,35.245899200439453,-120.68269348144531,"SAN LUIS OBISPO","SAN LUIS OBISPO",-120.68101501464844,35.246822357177734
9191951,2020,2021-01-06,4006,2020-10-29,1112,62657,,4,5,4,4006,0,0,0,,0,,"LOS OSOS VALLEY RD","RT 101",37.00,S,N,A,-,Y,SLO,5,101,-,-,26.070,R,4,S,Y,4,0,1,2,A,-,08,22107,,N,D,C,A,A,H,-,A,A,0,,,,Y,Y,,A,01,0,0,1,0,0,0,0,0,0,"- ",SF,35.245708465576172,-120.68276214599609,"SAN LUIS OBISPO","SAN LUIS OBISPO",-120.68101501464844,35.246822357177734
9192927,2020,2020-12-21,4008,2020-11-22,1538,3125,,7,5,4,4008,0,0,0,,0,,"MORRO RD","ATASCADERO AV",425.00,W,N,A,-,Y,SLO,5,41,-,-,15.490,H,-,N,N,4,0,1,2,A,-,03,22350,,N,C,C,A,A,H,-,A,A,0,,,,,Y,,A,07,0,0,1,0,0,0,0,0,0,"- ","- ",35.480758666992188,-120.66655731201172,"SAN LUIS OBISPO",ATASCADERO,-120.66677856445312,35.479522705078125
9192944,2020,2020-12-31,4008,2020-11-10,0857,2154,A,2,5,4,4008,0,0,0,,0,,"EL CAMINO REAL","RT 101",0.00,,Y,A,-,Y,SLO,5,101,-,-,45.430,R,4,N,Y,3,0,1,2,A,-,12,21453,A,N,D,C,A,A,H,-,A,A,0,,,,,Y,,A,01,0,1,0,0,0,0,0,0,0,"- ",NF,35.485118865966797,-120.66352844238281,"SAN LUIS OBISPO",ATASCADERO,-120.66317749023438,35.484218597412109
9193964,2020,2020-12-16,4004,2020-10-04,1925,890,,7,5,3,4004,0,0,0,,0,,"NIBLICK RD","RIVER RD",493.00,W,N,A,-,N,,,,,,,,,,,4,0,1,2,A,-,12,21453,A,F,D,C,A,A,H,-,C,A,0,,,,,Y,,A,08,0,0,1,0,0,0,0,0,0,"- ","- ",35.614509582519531,-120.68048095703125,"SAN LUIS OBISPO","PASO ROBLES",-120.68193054199219,35.615039825439453
9194087,2020,2021-02-08,4004,2020-12-01,1645,1373,,2,5,3,4004,0,0,0,,0,,"RIVER RD","13TH ST",0.00,,Y,A,-,N,,,,,,,,,,Y,4,0,1,2,A,-,03,22350,,N,C,C,A,A,H,-,B,A,0,,,,,Y,,A,07,0,0,1,0,0,0,0,0,0,"- ","- ",35.628658294677734,-120.68289184570312,"SAN LUIS OBISPO","PASO ROBLES",-120.68318176269531,35.629108428955078
9194088,2020,2021-02-08,4004,2020-12-09,1704,1208,,3,5,3,4004,0,0,0,,0,,"CRESTON RD","RIVER RD",0.00,,Y,A,-,N,,,,,,,,,,,4,0,1,2,A,-,03,22350,,N,C,C,A,A,H,-,A,D,0,,,,,Y,,A,07,0,0,1,0,0,0,0,0,0,"- ","- ",35.628658294677734,-120.68289184570312,"SAN LUIS OBISPO","PASO ROBLES",-120.68318176269531,35.629108428955078
9194845,2020,2021-01-21,4006,2020-11-29,1745,1632,554,7,5,4,4006,0,0,0,,0,446,"PISMO STATE BEACH","GRAND AV",1.00,S,N,A,-,N,,,,,,,,,,N,3,0,1,2,A,-,08,22107,,F,B,G,A,A,H,-,B,D,0,,Y,,,Y,Y,A,01,0,1,0,0,0,0,1,0,0,"- ","- ",,,"SAN LUIS OBISPO","SAN LUIS OBISPO",,
9197008,2020,2021-01-28,4004,2020-11-25,1408,1208,,3,5,3,4004,0,0,0,,0,,"NIBLICK RD","COUNTRY CLUB DR",42.00,W,N,A,-,N,,,,,,,,,,Y,3,0,1,2,A,-,03,22350,,N,C,C,A,A,H,-,A,D,0,,,,,Y,,A,01,0,1,0,0,0,0,0,0,0,"- ","- ",35.614910125732422,-120.66490173339844,"SAN LUIS OBISPO","PASO ROBLES",-120.66483306884766,35.615741729736328
9197997,2020,2021-02-05,4004,2020-12-26,0932,1351,,6,5,3,4004,0,0,0,,0,,"RIVER RD","CRESTON RD",937.00,S,N,B,-,N,,,,,,,,,,Y,3,0,1,1,A,-,03,22350,,N,F,A,A,B,H,-,A,D,0,,,,,Y,,A,01,0,1,0,0,0,0,0,0,0,"- ","- ",35.629081726074219,-120.68315887451172,"SAN LUIS OBISPO","PASO ROBLES",-120.68318176269531,35.629108428955078
9197998,2020,2021-02-05,4004,2020-12-29,1748,1373,,2,5,3,4004,0,0,0,,0,,"GOLDEN HILL RD","ROLLING HILLS RD",0.00,,Y,B,-,N,,,,,,,,,,Y,4,0,2,2,A,-,09,21801,A,N,D,C,A,B,H,-,C,A,0,,,,,Y,,A,01,0,0,2,0,0,0,0,0,0,"- ","- ",35.634140014648438,-120.65815734863281,"SAN LUIS OBISPO","PASO ROBLES",-120.65799713134766,35.634239196777344
9199735,2020,2021-01-22,4001,2020-11-11,1726,P0150,"46 3",3,5,3,4001,0,0,0,,0,OPERAT,"HALCYON RD","DODSON WY",144.00,N,N,A,-,N,,,,,,,,,,Y,4,0,3,2,C,-,18,,,N,C,C,A,A,H,-,D,D,0,,,,,Y,,-,"- ",0,0,3,0,0,0,0,0,0,"- ","- ",,,"SAN LUIS OBISPO","ARROYO GRANDE",-120.59159088134766,35.11590576171875
9202513,2020,2021-02-19,4004,2020-12-06,1149,1425,,7,5,3,4004,0,0,0,,0,,"SPRING ST","21ST ST",0.00,,Y,A,-,N,,,,,,,,,,,4,0,2,2,A,-,09,21800,A,N,D,C,A,A,H,-,A,A,0,,,,,Y,,A,01,0,0,2,0,0,0,0,0,0,"- ","- ",35.636028289794922,-120.69217681884766,"SAN LUIS OBISPO","PASO ROBLES",-120.69217681884766,35.636039733886719
9202556,2020,2021-02-11,4008,2020-12-07,1537,2154,A,1,5,4,4008,0,0,0,,0,,"DEL RIO RD","EL CAMINO REAL",0.00,,Y,A,-,N,,,,,,,,,,N,4,0,1,2,A,-,09,21801,A,N,A,C,A,A,H,-,A,A,0,,,,,Y,,A,07,0,0,1,0,0,0,0,0,0,"- ","- ",35.513591766357422,-120.69770050048828,"SAN LUIS OBISPO",ATASCADERO,-120.69779205322266,35.513740539550781
9205671,2020,2021-01-27,4006,2020-11-24,1049,62657,,2,5,4,4006,0,0,0,,0,,PRADO,"EMPRESA DR",0.00,,Y,A,-,N,,,,,,,,,,,4,0,1,2,A,-,09,21802,A,N,D,C,A,A,A,-,A,A,0,,,,,Y,,A,07,0,0,1,0,0,0,0,0,0,"- ","- ",35.253990173339844,-120.66700744628906,"SAN LUIS OBISPO","SAN LUIS OBISPO",-120.66708374023438,35.254039764404297
9212616,2020,2021-01-25,4006,2020-10-08,1749,48750,,4,5,4,4006,0,0,0,,0,,HIGUERA,BROAD,60.00,E,N,A,-,N,,,,,,,,,,N,4,0,1,1,A,-,17,21208,B,N,E,I,A,A,H,-,A,D,0,,Y,,,Y,,L,04,0,0,1,0,0,0,1,0,0,"- ","- ",35.164470672607422,-120.39515686035156,"SAN LUIS OBISPO","SAN LUIS OBISPO",-120.66433715820312,35.279006958007812
9212855,2020,2021-02-01,4004,2020-10-11,1133,1373,,7,5,3,4004,0,0,0,,0,,"RT 46 E","MILL RD",1584.00,E,N,A,-,Y,SLO,5,46,-,-,32.950,H,-,E,Y,2,0,3,2,C,-,18,,,N,A,C,A,A,H,-,A,D,0,,,,,Y,,-,"- ",2,1,0,0,0,0,0,0,0,"- ","- ",35.643730163574219,-120.63337707519531,"SAN LUIS OBISPO","PASO ROBLES",-120.63002777099609,35.647163391113281
9216746,2020,2021-02-04,4001,2020-12-22,1255,P0144,463,2,5,3,4001,0,0,0,,0,OPERAT,"FAIR OAKS AV","S HALCYON RD",0.00,,Y,A,-,N,,,,,,,,,,N,3,0,1,3,A,-,10,21950,A,N,G,B,B,A,H,-,A,A,0,Y,,,,Y,,A,01,0,1,0,0,1,0,0,0,0,"- ","- ",,,"SAN LUIS OBISPO","ARROYO GRANDE",-120.59160614013672,35.11273193359375
9216831,2020,2021-02-26,4001,2020-12-06,1429,P0143,462,7,5,3,4001,0,0,0,,0,OPERAT,"WEST BRANCH ST","CAMINO MERCADO",37.00,E,N,A,-,N,,,,,,,,,,N,3,0,1,1,A,-,08,22107,,N,E,I,A,A,H,-,A,D,0,,,Y,,Y,Y,C,02,0,1,0,0,0,0,0,0,1,"- ","- ",,,"SAN LUIS OBISPO","ARROYO GRANDE",-120.60086822509766,35.128902435302734
9218624,2020,2021-02-08,4006,2020-12-29,1916,68099,,2,5,4,4006,0,0,0,,0,,CALIFORNIA,"RT 101",0.00,,Y,A,-,N,,,,,,,,,,N,4,0,1,2,A,-,09,21802,,N,D,C,A,A,H,-,C,A,0,,,,,Y,Y,A,07,0,0,1,0,0,0,0,0,0,"- ","- ",35.289299011230469,-120.65811157226562,"SAN LUIS OBISPO","SAN LUIS OBISPO",-120.65944671630859,35.289958953857422
9218671,2020,2021-03-05,4001,2020-12-24,2012,P0148,463,4,5,3,4001,0,0,0,,0,OPERAT,"FAIR OAKS AV","ORCHARD ST",0.00,,Y,A,-,Y,SLO,5,101,-,-,12.930,R,4,S,Y,4,0,1,2,A,-,01,23152,A,N,C,C,A,A,H,-,C,A,0,,,,,Y,Y,A,01,0,0,1,0,0,0,0,0,0,"- ","- ",,,"SAN LUIS OBISPO","ARROYO GRANDE",-120.57987213134766,35.119915008544922
9220260,2020,2021-02-26,4004,2020-12-24,1056,1351,,4,5,3,4004,0,0,0,,0,,"RT 46 E","AIRPORT RD",150.00,W,N,A,-,Y,SLO,5,46,-,-,32.330,H,-,E,Y,2,0,6,3,A,-,01,23152,F,N,A,C,A,A,H,-,A,A,0,,,,Y,Y,,A,01,3,2,1,0,0,0,0,0,0,"- ","- ",35.643280029296875,-120.64872741699219,"SAN LUIS OBISPO","PASO ROBLES",-120.64015960693359,35.644546508789062
9236399,2020,2021-03-12,4006,2020-10-27,0627,65419,,2,5,4,4006,0,0,0,,0,,MADONNA,"RT 101",0.00,,Y,A,-,Y,SLO,5,101,-,-,27.400,R,4,N,N,4,0,1,2,A,-,11,21456,,N,G,B,B,A,H,-,C,A,0,Y,,,,Y,,N,60,0,0,1,0,1,0,0,0,0,"- ",NF,35.155868530273438,-120.40225982666016,"SAN LUIS OBISPO","SAN LUIS OBISPO",-120.67359161376953,35.264633178710938
9248118,2020,2021-04-10,4006,2020-12-28,1751,15913,,1,5,4,4006,0,0,0,,0,,ELKS,"S HIGUERA",1300.00,S,N,B,-,N,,,,,,,,,,N,2,0,1,2,A,-,05,21460,A,N,G,B,E,B,H,-,C,D,0,Y,,,Y,Y,,F,55,1,0,0,0,1,0,0,0,0,"- ","- ",35.260440826416016,-120.67256164550781,"SAN LUIS OBISPO","SAN LUIS OBISPO",-120.67250823974609,35.260604858398438
9258020,2020,2021-05-05,4005,2020-12-26,1827,P115,,6,5,2,4005,0,0,0,,0,,"SHELL BEACH RD","VISTA DEL MAR",27.00,N,N,A,-,N,,,,,,,,,,Y,4,0,1,1,A,-,01,23152,A,N,A,I,A,A,H,-,C,A,0,,,,,Y,Y,A,01,0,0,1,0,0,0,0,0,0,"- ","- ",,,"SAN LUIS OBISPO","PISMO BEACH",-120.67630767822266,35.159313201904297
9258050,2020,2022-03-16,4005,2020-12-30,1520,P090,5,3,5,2,4005,0,0,0,,0,,"MAIN ST","PRICE ST",105.00,W,N,A,-,N,,,,,,,,,,N,4,0,2,2,C,-,18,,,N,C,E,A,A,H,-,A,D,0,,Y,,Y,Y,,-,"- ",0,0,2,0,0,0,0,0,0,"- ","- ",,,"SAN LUIS OBISPO","PISMO BEACH",-120.64102172851562,35.142124176025391